2026-09-16 19:30:54,385 LT1-thread root DEBUG client.py                 1099  _run_test_case            : Starting TestCase _run_test_case GAP GAP/IDLE/BON/BV-04-C
2026-09-16 19:30:54,386 LT1-thread root DEBUG testcase.py               727   pre_run                   : pre_run GAP GAP/IDLE/BON/BV-04-C
2026-09-16 19:30:54,386 LT1-thread root DEBUG testcase.py               729   pre_run                   : About to run test case GAP GAP/IDLE/BON/BV-04-C with commands:
2026-09-16 19:30:54,386 LT1-thread root DEBUG testcase.py               731   pre_run                   : 0) class=<class 'autopts.ptsprojects.testcase.TestFunc'>, func=<bound method ZTestCase._test_case_start of <autopts.ptsprojects.zephyr.ztestcase.ZTestCase object at 0x000002A769E6A2D0>> start_wid=None stop_wid=None post_wid=None skip_call=None call_count=0 args=() kwds={}
2026-09-16 19:30:54,387 LT1-thread root DEBUG testcase.py               731   pre_run                   : 1) class=<class 'autopts.ptsprojects.testcase.TestFunc'>, func=<function core_reg_svc_gap at 0x000002A7673C8720> start_wid=None stop_wid=None post_wid=None skip_call=None call_count=19 args=() kwds={}
2026-09-16 19:30:54,387 LT1-thread root DEBUG testcase.py               731   pre_run                   : 2) class=<class 'autopts.ptsprojects.testcase.TestFunc'>, func=<bound method Stack.gap_init of <autopts.ptsprojects.stack.stack.Stack object at 0x000002A768AF7AD0>> start_wid=None stop_wid=None post_wid=None skip_call=None call_count=19 args=(b'Tester_08E44E', 'ABCD', '1111', '1111', '11', '1111', b'\x17github.com/auto-pts', (8, 'PADV_Tester'), 'FF') kwds={}
2026-09-16 19:30:54,387 LT1-thread root DEBUG testcase.py               731   pre_run                   : 3) class=<class 'autopts.ptsprojects.testcase.TestFunc'>, func=<function gap_read_controller_info at 0x000002A7673E7560> start_wid=None stop_wid=None post_wid=None skip_call=None call_count=19 args=() kwds={}
2026-09-16 19:30:54,387 LT1-thread root DEBUG testcase.py               731   pre_run                   : 4) class=<class 'autopts.ptsprojects.testcase.TestFunc'>, func=<function test_cases.<locals>.<lambda> at 0x000002A769E5D6C0> start_wid=None stop_wid=None post_wid=None skip_call=None call_count=19 args=() kwds={}
2026-09-16 19:30:54,387 LT1-thread root DEBUG testcase.py               731   pre_run                   : 5) class=<class 'autopts.ptsprojects.testcase.TestFunc'>, func=<function test_cases.<locals>.<lambda> at 0x000002A769E5D760> start_wid=None stop_wid=None post_wid=None skip_call=None call_count=19 args=() kwds={}
2026-09-16 19:30:54,387 LT1-thread root DEBUG testcase.py               731   pre_run                   : 6) class=<class 'autopts.ptsprojects.testcase.TestFunc'>, func=<function test_cases.<locals>.<lambda> at 0x000002A769E5D800> start_wid=None stop_wid=None post_wid=None skip_call=None call_count=19 args=() kwds={}
2026-09-16 19:30:54,387 LT1-thread root DEBUG testcase.py               731   pre_run                   : 7) class=<class 'autopts.ptsprojects.testcase.TestFunc'>, func=<function test_cases.<locals>.<lambda> at 0x000002A769E5D8A0> start_wid=None stop_wid=None post_wid=None skip_call=None call_count=19 args=() kwds={}
2026-09-16 19:30:54,388 LT1-thread root DEBUG testcase.py               731   pre_run                   : 8) class=<class 'autopts.ptsprojects.testcase.TestFunc'>, func=<function test_cases.<locals>.<lambda> at 0x000002A769E5D940> start_wid=None stop_wid=None post_wid=None skip_call=None call_count=19 args=() kwds={}
2026-09-16 19:30:54,388 LT1-thread root DEBUG testcase.py               731   pre_run                   : 9) class=<class 'autopts.ptsprojects.testcase.TestFunc'>, func=<function test_cases.<locals>.<lambda> at 0x000002A769E5D9E0> start_wid=None stop_wid=None post_wid=None skip_call=None call_count=19 args=() kwds={}
2026-09-16 19:30:54,388 LT1-thread root DEBUG testcase.py               731   pre_run                   : 10) class=<class 'autopts.ptsprojects.testcase.TestFunc'>, func=<function test_cases.<locals>.<lambda> at 0x000002A769E5DA80> start_wid=None stop_wid=None post_wid=None skip_call=None call_count=19 args=() kwds={}
2026-09-16 19:30:54,388 LT1-thread root DEBUG testcase.py               731   pre_run                   : 11) class=<class 'autopts.ptsprojects.testcase.TestFunc'>, func=<function test_cases.<locals>.<lambda> at 0x000002A769E5DB20> start_wid=None stop_wid=None post_wid=None skip_call=None call_count=19 args=() kwds={}
2026-09-16 19:30:54,388 LT1-thread root DEBUG testcase.py               731   pre_run                   : 12) class=<class 'autopts.ptsprojects.testcase.TestFunc'>, func=<function test_cases.<locals>.<lambda> at 0x000002A769E5DBC0> start_wid=None stop_wid=None post_wid=None skip_call=None call_count=19 args=() kwds={}
2026-09-16 19:30:54,388 LT1-thread root DEBUG testcase.py               731   pre_run                   : 13) class=<class 'autopts.ptsprojects.testcase.TestFunc'>, func=<function test_cases.<locals>.<lambda> at 0x000002A769E5DC60> start_wid=None stop_wid=None post_wid=None skip_call=None call_count=19 args=() kwds={}
2026-09-16 19:30:54,388 LT1-thread root DEBUG testcase.py               731   pre_run                   : 14) class=<class 'autopts.ptsprojects.testcase.TestFunc'>, func=<function core_reg_svc_gatt at 0x000002A7673C8860> start_wid=None stop_wid=None post_wid=None skip_call=None call_count=19 args=() kwds={}
2026-09-16 19:30:54,388 LT1-thread root DEBUG testcase.py               731   pre_run                   : 15) class=<class 'autopts.ptsprojects.testcase.TestFunc'>, func=<bound method Stack.gatt_init of <autopts.ptsprojects.stack.stack.Stack object at 0x000002A768AF7AD0>> start_wid=None stop_wid=None post_wid=None skip_call=None call_count=19 args=() kwds={}
2026-09-16 19:30:54,388 LT1-thread root DEBUG testcase.py               731   pre_run                   : 16) class=<class 'autopts.ptsprojects.testcase.TestFunc'>, func=<function gap_set_io_capability at 0x000002A7673E6A20> start_wid=None stop_wid=None post_wid=None skip_call=None call_count=19 args=(4,) kwds={}
2026-09-16 19:30:54,388 LT1-thread root DEBUG testcase.py               731   pre_run                   : 17) class=<class 'autopts.ptsprojects.testcase.TestFunc'>, func=<function gap_set_broadcast_code at 0x000002A767408C20> start_wid=None stop_wid=None post_wid=None skip_call=None call_count=19 args=('0102680553F1415AA265BBAFC6EA03B8',) kwds={}
2026-09-16 19:30:54,389 LT1-thread root DEBUG testcase.py               731   pre_run                   : 18) class=<class 'autopts.ptsprojects.testcase.TestFunc'>, func=<function set_pts_addr at 0x000002A7673C82C0> start_wid=None stop_wid=None post_wid=None skip_call=None call_count=19 args=('00:1B:DC:08:E4:4E', 0) kwds={}
2026-09-16 19:30:54,389 LT1-thread root DEBUG testcase.py               731   pre_run                   : 19) class=<class 'autopts.ptsprojects.testcase.TestFunc'>, func=<function test_cases.<locals>.<lambda> at 0x000002A769E5DD00> start_wid=None stop_wid=None post_wid=None skip_call=None call_count=1 args=() kwds={}
2026-09-16 19:30:54,389 LT1-thread root DEBUG testcase.py               731   pre_run                   : 20) class=<class 'autopts.ptsprojects.testcase.TestFunc'>, func=<function test_cases.<locals>.<lambda> at 0x000002A769E5DDA0> start_wid=None stop_wid=None post_wid=None skip_call=None call_count=1 args=() kwds={}
2026-09-16 19:30:54,389 LT1-thread root DEBUG testcase.py               731   pre_run                   : 21) class=<class 'autopts.ptsprojects.testcase.TestFunc'>, func=<function test_cases.<locals>.<lambda> at 0x000002A769E5DE40> start_wid=None stop_wid=None post_wid=None skip_call=None call_count=1 args=() kwds={}
2026-09-16 19:30:54,389 LT1-thread root DEBUG testcase.py               731   pre_run                   : 22) class=<class 'autopts.ptsprojects.testcase.TestFunc'>, func=<function test_cases.<locals>.<lambda> at 0x000002A769E5DEE0> start_wid=None stop_wid=None post_wid=None skip_call=None call_count=1 args=() kwds={}
2026-09-16 19:30:54,389 LT1-thread root DEBUG testcase.py               731   pre_run                   : 23) class=<class 'autopts.ptsprojects.testcase.TestFunc'>, func=<function test_cases.<locals>.<lambda> at 0x000002A769E5DF80> start_wid=None stop_wid=None post_wid=None skip_call=None call_count=1 args=() kwds={}
2026-09-16 19:30:54,389 LT1-thread root DEBUG testcase.py               731   pre_run                   : 24) class=<class 'autopts.ptsprojects.testcase.TestFunc'>, func=<function test_cases.<locals>.<lambda> at 0x000002A769E5E020> start_wid=None stop_wid=None post_wid=None skip_call=None call_count=1 args=() kwds={}
2026-09-16 19:30:54,389 LT1-thread root DEBUG testcase.py               731   pre_run                   : 25) class=<class 'autopts.ptsprojects.testcase.TestFunc'>, func=<function test_cases.<locals>.<lambda> at 0x000002A769E5E0C0> start_wid=None stop_wid=None post_wid=None skip_call=None call_count=1 args=() kwds={}
2026-09-16 19:30:54,389 LT1-thread root DEBUG testcase.py               731   pre_run                   : 26) class=<class 'autopts.ptsprojects.testcase.TestFunc'>, func=<function gap_set_io_capability at 0x000002A7673E6A20> start_wid=None stop_wid=None post_wid=None skip_call=None call_count=1 args=(3,) kwds={}
2026-09-16 19:30:54,389 LT1-thread root DEBUG testcase.py               731   pre_run                   : 27) class=<class 'autopts.ptsprojects.testcase.TestFunc'>, func=<function core_reg_svc_l2cap at 0x000002A7673C89A0> start_wid=None stop_wid=None post_wid=None skip_call=None call_count=1 args=() kwds={}
2026-09-16 19:30:54,390 LT1-thread root DEBUG testcase.py               731   pre_run                   : 28) class=<class 'autopts.ptsprojects.testcase.TestFunc'>, func=<bound method Stack.l2cap_init of <autopts.ptsprojects.stack.stack.Stack object at 0x000002A768AF7AD0>> start_wid=None stop_wid=None post_wid=None skip_call=None call_count=1 args=(4097, 120) kwds={}
2026-09-16 19:30:54,390 LT1-thread root DEBUG testcase.py               731   pre_run                   : 29) class=<class 'autopts.ptsprojects.testcase.TestFunc'>, func=<function gap_set_io_capability at 0x000002A7673E6A20> start_wid=None stop_wid=None post_wid=None skip_call=None call_count=0 args=(1,) kwds={}
2026-09-16 19:30:54,390 LT1-thread root DEBUG testcase.py               731   pre_run                   : 30) class=<class 'autopts.ptsprojects.testcase.TestFuncCleanUp'>, func=<bound method ZTestCase._test_case_cleanup of <autopts.ptsprojects.zephyr.ztestcase.ZTestCase object at 0x000002A769E6A2D0>> start_wid=None stop_wid=None post_wid=None skip_call=None call_count=0 args=() kwds={}
2026-09-16 19:30:54,390 LT1-thread root DEBUG testcase.py               738   pre_run                   : pre_run, run pre test case script
2026-09-16 19:30:54,400 LT1-thread root DEBUG testcase.py               254   start                     : Starting test function: class=<class 'autopts.ptsprojects.testcase.TestFunc'>, func=<bound method ZTestCase._test_case_start of <autopts.ptsprojects.zephyr.ztestcase.ZTestCase object at 0x000002A769E6A2D0>> start_wid=None stop_wid=None post_wid=None skip_call=None call_count=1 args=() kwds={}
2026-09-16 19:30:54,400 LT1-thread root DEBUG testcase.py               266   start                     : Test function parameters: args=(), kwds={}
2026-09-16 19:30:54,400 LT1-thread root DEBUG iutctl.py                 172   start                     : <class 'autopts.ptsprojects.zephyr.iutctl.create_zephyr_ctl_class.<locals>.ZephyrCtl'>.start
2026-09-16 19:30:54,401 LT1-thread root DEBUG iutctl.py                 325   flush_serial              : <class 'autopts.ptsprojects.zephyr.iutctl.create_zephyr_ctl_class.<locals>.ZephyrCtl'>.flush_serial
2026-09-16 19:30:55,575 LT1-thread root DEBUG iutctl.py                 249   _start_tty_mode           : Starting socat process: socat.exe -x -v tcp:10.17.12.9:63915,retry=100,interval=1 /dev/ttyS2,raw,b115200,
2026-09-16 19:30:55,582 LT1-thread root DEBUG iutctl_common.py          402   accept                    : 
2026-09-16 19:30:55,658 BTPWorkerThread-409 (_rx_task) root DEBUG iutctl_common.py          299   _rx_task                  : BTPWorkerThread-409 (_rx_task) started
2026-09-16 19:30:55,658 LT1-thread root DEBUG iutctl.py                 395   wait_iut_ready_event      : IUT ready event received OK
2026-09-16 19:30:55,658 LT1-thread root DEBUG btp.py                    51    read_supp_svcs            : 
2026-09-16 19:30:55,659 LT1-thread root DEBUG iutctl_common.py          161   send                      : 0 2 255 ''
2026-09-16 19:30:55,659 LT1-thread root DEBUG iutctl_common.py          166   send                      : sending frame '0002ff0000'
2026-09-16 19:30:55,659 LT1-thread root DEBUG iutctl_common.py          339   read                      : 
2026-09-16 19:30:55,675 BTPWorkerThread-409 (_rx_task) root DEBUG iutctl_common.py          123   read                      : Read 5 bytes
2026-09-16 19:30:55,686 BTPWorkerThread-409 (_rx_task) root DEBUG iutctl_common.py          131   read                      : Received: hdr: Header(svc_id=0x00, op=0x02, ctrl_index=0xff, data_len=0x05) bytearray(b'\x00\x02\xff\x05\x00')
2026-09-16 19:30:55,692 BTPWorkerThread-409 (_rx_task) root DEBUG iutctl_common.py          139   read                      : Read 5 bytes data
2026-09-16 19:30:55,697 BTPWorkerThread-409 (_rx_task) root DEBUG iutctl_common.py          154   read                      : Received data: {'0f 00 00 a0 01'}, bytearray(b'\x0f\x00\x00\xa0\x01')
2026-09-16 19:30:55,703 LT1-thread root DEBUG btp.py                    62    read_supp_svcs            : received Header(svc_id=0, op=2, ctrl_index=255, data_len=5) (b'\x0f\x00\x00\xa0\x01',)
2026-09-16 19:30:55,703 LT1-thread root DEBUG testcase.py               254   start                     : Starting test function: class=<class 'autopts.ptsprojects.testcase.TestFunc'>, func=<function core_reg_svc_gap at 0x000002A7673C8720> start_wid=None stop_wid=None post_wid=None skip_call=None call_count=20 args=() kwds={}
2026-09-16 19:30:55,703 LT1-thread root DEBUG testcase.py               266   start                     : Test function parameters: args=(), kwds={}
2026-09-16 19:30:55,703 LT1-thread root DEBUG btp.py                    117   core_reg_svc_univ         : core_reg_svc_univ: gap_reg (GAP)
2026-09-16 19:30:55,704 LT1-thread root DEBUG iutctl_common.py          161   send                      : 0 3 255 '1'
2026-09-16 19:30:55,704 LT1-thread root DEBUG iutctl_common.py          166   send                      : sending frame '0003ff010001'
2026-09-16 19:30:55,704 LT1-thread root DEBUG btp.py                    618   core_reg_svc_rsp_succ     : 
2026-09-16 19:30:55,704 LT1-thread root DEBUG iutctl_common.py          339   read                      : 
2026-09-16 19:30:59,840 BTPWorkerThread-409 (_rx_task) root DEBUG iutctl_common.py          123   read                      : Read 5 bytes
2026-09-16 19:30:59,850 BTPWorkerThread-409 (_rx_task) root DEBUG iutctl_common.py          131   read                      : Received: hdr: Header(svc_id=0x00, op=0x03, ctrl_index=0xff, data_len=0x00) bytearray(b'\x00\x03\xff\x00\x00')
2026-09-16 19:30:59,850 BTPWorkerThread-409 (_rx_task) root DEBUG iutctl_common.py          154   read                      : Received data: {''}, bytearray(b'')
2026-09-16 19:30:59,856 LT1-thread root DEBUG btp.py                    629   core_reg_svc_rsp_succ     : received Header(svc_id=0, op=3, ctrl_index=255, data_len=0) (b'',)
2026-09-16 19:30:59,856 LT1-thread root DEBUG btp.py                    630   core_reg_svc_rsp_succ     : expected ((0, 3, 255, 0), (b'',))
2026-09-16 19:30:59,856 LT1-thread root DEBUG btp.py                    635   core_reg_svc_rsp_succ     : response is valid
2026-09-16 19:30:59,856 LT1-thread root DEBUG btp.py                    638   core_reg_svc_rsp_succ     : Reading supported commands for service: GAP
2026-09-16 19:30:59,856 LT1-thread root DEBUG iutctl_common.py          161   send                      : 1 1 255 ''
2026-09-16 19:30:59,856 LT1-thread root DEBUG iutctl_common.py          166   send                      : sending frame '0101ff0000'
2026-09-16 19:30:59,857 LT1-thread root DEBUG iutctl_common.py          339   read                      : 
2026-09-16 19:30:59,894 BTPWorkerThread-409 (_rx_task) root DEBUG iutctl_common.py          123   read                      : Read 5 bytes
2026-09-16 19:30:59,906 BTPWorkerThread-409 (_rx_task) root DEBUG iutctl_common.py          131   read                      : Received: hdr: Header(svc_id=0x01, op=0x01, ctrl_index=0xff, data_len=0x07) bytearray(b'\x01\x01\xff\x07\x00')
2026-09-16 19:30:59,912 BTPWorkerThread-409 (_rx_task) root DEBUG iutctl_common.py          139   read                      : Read 7 bytes data
2026-09-16 19:30:59,912 BTPWorkerThread-409 (_rx_task) root DEBUG iutctl_common.py          154   read                      : Received data: {'6e ff 7f 1f fe ff 0e'}, bytearray(b'n\xff\x7f\x1f\xfe\xff\x0e')
2026-09-16 19:30:59,922 LT1-thread root DEBUG testcase.py               254   start                     : Starting test function: class=<class 'autopts.ptsprojects.testcase.TestFunc'>, func=<bound method Stack.gap_init of <autopts.ptsprojects.stack.stack.Stack object at 0x000002A768AF7AD0>> start_wid=None stop_wid=None post_wid=None skip_call=None call_count=20 args=(b'Tester_08E44E', 'ABCD', '1111', '1111', '11', '1111', b'\x17github.com/auto-pts', (8, 'PADV_Tester'), 'FF') kwds={}
2026-09-16 19:30:59,922 LT1-thread root DEBUG testcase.py               266   start                     : Test function parameters: args=(b'Tester_08E44E', 'ABCD', '1111', '1111', '11', '1111', b'\x17github.com/auto-pts', (8, 'PADV_Tester'), 'FF'), kwds={}
2026-09-16 19:30:59,922 LT1-thread root DEBUG testcase.py               254   start                     : Starting test function: class=<class 'autopts.ptsprojects.testcase.TestFunc'>, func=<function gap_read_controller_info at 0x000002A7673E7560> start_wid=None stop_wid=None post_wid=None skip_call=None call_count=20 args=() kwds={}
2026-09-16 19:30:59,922 LT1-thread root DEBUG testcase.py               266   start                     : Test function parameters: args=(), kwds={}
2026-09-16 19:30:59,922 LT1-thread root DEBUG gap.py                    1161  gap_read_controller_info  : 
2026-09-16 19:30:59,922 LT1-thread root DEBUG iutctl_common.py          161   send                      : 1 3 0 ''
2026-09-16 19:30:59,922 LT1-thread root DEBUG iutctl_common.py          166   send                      : sending frame '0103000000'
2026-09-16 19:30:59,924 LT1-thread root DEBUG iutctl_common.py          339   read                      : 
2026-09-16 19:30:59,956 BTPWorkerThread-409 (_rx_task) root DEBUG iutctl_common.py          123   read                      : Read 5 bytes
2026-09-16 19:30:59,961 BTPWorkerThread-409 (_rx_task) root DEBUG iutctl_common.py          131   read                      : Received: hdr: Header(svc_id=0x01, op=0x03, ctrl_index=0x00, data_len=0x115) bytearray(b'\x01\x03\x00\x15\x01')
2026-09-16 19:30:59,972 BTPWorkerThread-409 (_rx_task) root DEBUG iutctl_common.py          139   read                      : Read 277 bytes data
2026-09-16 19:30:59,972 BTPWorkerThread-409 (_rx_task) root DEBUG iutctl_common.py          154   read                      : Received data: {'19 78 ee 69 17 d0 d3 06 02 00 13 02 00 00 00 00 00 62 74 70 5f 74 65 73 74 65 72 00 00 00 00 00 00 00 00 00 00 00 00 00 00 00 00 00 00 00 00 00 00 00 00 00 00 00 00 00 00 00 00 00 00 00 00 00 00 00 00 00 00 00 00 00 00 00 00 00 00 00 00 00 00 00 00 00 00 00 00 00 00 00 00 00 00 00 00 00 00 00 00 00 00 00 00 00 00 00 00 00 00 00 00 00 00 00 00 00 00 00 00 00 00 00 00 00 00 00 00 00 00 00 00 00 00 00 00 00 00 00 00 00 00 00 00 00 00 00 00 00 00 00 00 00 00 00 00 00 00 00 00 00 00 00 00 00 00 00 00 00 00 00 00 00 00 00 00 00 00 00 00 00 00 00 00 00 00 00 00 00 00 00 00 00 00 00 00 00 00 00 00 00 00 00 00 00 00 00 00 00 00 00 00 00 00 00 00 00 00 00 00 00 00 00 00 00 00 00 00 00 00 00 00 00 00 00 00 00 00 00 00 00 00 00 00 00 00 00 00 00 00 00 00 00 00 00 00 00 00 00 00 00 00 00 00 00 00 00 00 00 00 00 00 00 00 00 00 00 00'}, bytearray(b'\x19x\xeei\x17\xd0\xd3\x06\x02\x00\x13\x02\x00\x00\x00\x00\x00btp_tester\x00\x00\x00\x00\x00\x00\x00\x00\x00\x00\x00\x00\x00\x00\x00\x00\x00\x00\x00\x00\x00\x00\x00\x00\x00\x00\x00\x00\x00\x00\x00\x00\x00\x00\x00\x00\x00\x00\x00\x00\x00\x00\x00\x00\x00\x00\x00\x00\x00\x00\x00\x00\x00\x00\x00\x00\x00\x00\x00\x00\x00\x00\x00\x00\x00\x00\x00\x00\x00\x00\x00\x00\x00\x00\x00\x00\x00\x00\x00\x00\x00\x00\x00\x00\x00\x00\x00\x00\x00\x00\x00\x00\x00\x00\x00\x00\x00\x00\x00\x00\x00\x00\x00\x00\x00\x00\x00\x00\x00\x00\x00\x00\x00\x00\x00\x00\x00\x00\x00\x00\x00\x00\x00\x00\x00\x00\x00\x00\x00\x00\x00\x00\x00\x00\x00\x00\x00\x00\x00\x00\x00\x00\x00\x00\x00\x00\x00\x00\x00\x00\x00\x00\x00\x00\x00\x00\x00\x00\x00\x00\x00\x00\x00\x00\x00\x00\x00\x00\x00\x00\x00\x00\x00\x00\x00\x00\x00\x00\x00\x00\x00\x00\x00\x00\x00\x00\x00\x00\x00\x00\x00\x00\x00\x00\x00\x00\x00\x00\x00\x00\x00\x00\x00\x00\x00\x00\x00\x00\x00\x00\x00\x00\x00\x00\x00\x00\x00\x00\x00\x00\x00\x00\x00\x00\x00\x00\x00\x00\x00\x00\x00\x00\x00\x00\x00\x00\x00\x00\x00\x00\x00\x00\x00\x00\x00\x00\x00\x00\x00\x00')
2026-09-16 19:30:59,972 LT1-thread root DEBUG gap.py                    1168  gap_read_controller_info  : received Header(svc_id=1, op=3, ctrl_index=0, data_len=277) (b'\x19x\xeei\x17\xd0\xd3\x06\x02\x00\x13\x02\x00\x00\x00\x00\x00btp_tester\x00\x00\x00\x00\x00\x00\x00\x00\x00\x00\x00\x00\x00\x00\x00\x00\x00\x00\x00\x00\x00\x00\x00\x00\x00\x00\x00\x00\x00\x00\x00\x00\x00\x00\x00\x00\x00\x00\x00\x00\x00\x00\x00\x00\x00\x00\x00\x00\x00\x00\x00\x00\x00\x00\x00\x00\x00\x00\x00\x00\x00\x00\x00\x00\x00\x00\x00\x00\x00\x00\x00\x00\x00\x00\x00\x00\x00\x00\x00\x00\x00\x00\x00\x00\x00\x00\x00\x00\x00\x00\x00\x00\x00\x00\x00\x00\x00\x00\x00\x00\x00\x00\x00\x00\x00\x00\x00\x00\x00\x00\x00\x00\x00\x00\x00\x00\x00\x00\x00\x00\x00\x00\x00\x00\x00\x00\x00\x00\x00\x00\x00\x00\x00\x00\x00\x00\x00\x00\x00\x00\x00\x00\x00\x00\x00\x00\x00\x00\x00\x00\x00\x00\x00\x00\x00\x00\x00\x00\x00\x00\x00\x00\x00\x00\x00\x00\x00\x00\x00\x00\x00\x00\x00\x00\x00\x00\x00\x00\x00\x00\x00\x00\x00\x00\x00\x00\x00\x00\x00\x00\x00\x00\x00\x00\x00\x00\x00\x00\x00\x00\x00\x00\x00\x00\x00\x00\x00\x00\x00\x00\x00\x00\x00\x00\x00\x00\x00\x00\x00\x00\x00\x00\x00\x00\x00\x00\x00\x00\x00\x00\x00\x00\x00\x00\x00\x00\x00\x00\x00\x00\x00\x00\x00\x00\x00\x00\x00\x00\x00\x00',)
2026-09-16 19:30:59,972 LT1-thread root DEBUG gap.py                    1189  gap_read_controller_info  : IUT address 'd01769ee7819' 'public'
2026-09-16 19:30:59,974 LT1-thread root DEBUG gap.py                    594   __gap_current_settings_update : 531
2026-09-16 19:30:59,974 LT1-thread root DEBUG testcase.py               254   start                     : Starting test function: class=<class 'autopts.ptsprojects.testcase.TestFunc'>, func=<function test_cases.<locals>.<lambda> at 0x000002A769E5D6C0> start_wid=None stop_wid=None post_wid=None skip_call=None call_count=20 args=() kwds={}
2026-09-16 19:30:59,974 LT1-thread root DEBUG testcase.py               266   start                     : Test function parameters: args=(), kwds={}
2026-09-16 19:30:59,977 LT1-thread root DEBUG testcase.py               254   start                     : Starting test function: class=<class 'autopts.ptsprojects.testcase.TestFunc'>, func=<function test_cases.<locals>.<lambda> at 0x000002A769E5D760> start_wid=None stop_wid=None post_wid=None skip_call=None call_count=20 args=() kwds={}
2026-09-16 19:30:59,977 LT1-thread root DEBUG testcase.py               266   start                     : Test function parameters: args=(), kwds={}
2026-09-16 19:30:59,980 LT1-thread root DEBUG testcase.py               254   start                     : Starting test function: class=<class 'autopts.ptsprojects.testcase.TestFunc'>, func=<function test_cases.<locals>.<lambda> at 0x000002A769E5D800> start_wid=None stop_wid=None post_wid=None skip_call=None call_count=20 args=() kwds={}
2026-09-16 19:30:59,980 LT1-thread root DEBUG testcase.py               266   start                     : Test function parameters: args=(), kwds={}
2026-09-16 19:30:59,983 LT1-thread root DEBUG testcase.py               254   start                     : Starting test function: class=<class 'autopts.ptsprojects.testcase.TestFunc'>, func=<function test_cases.<locals>.<lambda> at 0x000002A769E5D8A0> start_wid=None stop_wid=None post_wid=None skip_call=None call_count=20 args=() kwds={}
2026-09-16 19:30:59,983 LT1-thread root DEBUG testcase.py               266   start                     : Test function parameters: args=(), kwds={}
2026-09-16 19:30:59,987 LT1-thread root DEBUG testcase.py               254   start                     : Starting test function: class=<class 'autopts.ptsprojects.testcase.TestFunc'>, func=<function test_cases.<locals>.<lambda> at 0x000002A769E5D940> start_wid=None stop_wid=None post_wid=None skip_call=None call_count=20 args=() kwds={}
2026-09-16 19:30:59,987 LT1-thread root DEBUG testcase.py               266   start                     : Test function parameters: args=(), kwds={}
2026-09-16 19:30:59,990 LT1-thread root DEBUG testcase.py               254   start                     : Starting test function: class=<class 'autopts.ptsprojects.testcase.TestFunc'>, func=<function test_cases.<locals>.<lambda> at 0x000002A769E5D9E0> start_wid=None stop_wid=None post_wid=None skip_call=None call_count=20 args=() kwds={}
2026-09-16 19:30:59,990 LT1-thread root DEBUG testcase.py               266   start                     : Test function parameters: args=(), kwds={}
2026-09-16 19:30:59,993 LT1-thread root DEBUG testcase.py               254   start                     : Starting test function: class=<class 'autopts.ptsprojects.testcase.TestFunc'>, func=<function test_cases.<locals>.<lambda> at 0x000002A769E5DA80> start_wid=None stop_wid=None post_wid=None skip_call=None call_count=20 args=() kwds={}
2026-09-16 19:30:59,993 LT1-thread root DEBUG testcase.py               266   start                     : Test function parameters: args=(), kwds={}
2026-09-16 19:30:59,996 LT1-thread root DEBUG testcase.py               254   start                     : Starting test function: class=<class 'autopts.ptsprojects.testcase.TestFunc'>, func=<function test_cases.<locals>.<lambda> at 0x000002A769E5DB20> start_wid=None stop_wid=None post_wid=None skip_call=None call_count=20 args=() kwds={}
2026-09-16 19:30:59,997 LT1-thread root DEBUG testcase.py               266   start                     : Test function parameters: args=(), kwds={}
2026-09-16 19:31:00,000 LT1-thread root DEBUG testcase.py               254   start                     : Starting test function: class=<class 'autopts.ptsprojects.testcase.TestFunc'>, func=<function test_cases.<locals>.<lambda> at 0x000002A769E5DBC0> start_wid=None stop_wid=None post_wid=None skip_call=None call_count=20 args=() kwds={}
2026-09-16 19:31:00,000 LT1-thread root DEBUG testcase.py               266   start                     : Test function parameters: args=(), kwds={}
2026-09-16 19:31:00,004 LT1-thread root DEBUG testcase.py               254   start                     : Starting test function: class=<class 'autopts.ptsprojects.testcase.TestFunc'>, func=<function test_cases.<locals>.<lambda> at 0x000002A769E5DC60> start_wid=None stop_wid=None post_wid=None skip_call=None call_count=20 args=() kwds={}
2026-09-16 19:31:00,005 LT1-thread root DEBUG testcase.py               266   start                     : Test function parameters: args=(), kwds={}
2026-09-16 19:31:00,009 LT1-thread root DEBUG testcase.py               254   start                     : Starting test function: class=<class 'autopts.ptsprojects.testcase.TestFunc'>, func=<function core_reg_svc_gatt at 0x000002A7673C8860> start_wid=None stop_wid=None post_wid=None skip_call=None call_count=20 args=() kwds={}
2026-09-16 19:31:00,009 LT1-thread root DEBUG testcase.py               266   start                     : Test function parameters: args=(), kwds={}
2026-09-16 19:31:00,009 LT1-thread root DEBUG btp.py                    117   core_reg_svc_univ         : core_reg_svc_univ: gatt_reg (GATT)
2026-09-16 19:31:00,009 LT1-thread root DEBUG iutctl_common.py          161   send                      : 0 3 255 '2'
2026-09-16 19:31:00,010 LT1-thread root DEBUG iutctl_common.py          166   send                      : sending frame '0003ff010002'
2026-09-16 19:31:00,010 LT1-thread root DEBUG btp.py                    618   core_reg_svc_rsp_succ     : 
2026-09-16 19:31:00,010 LT1-thread root DEBUG iutctl_common.py          339   read                      : 
2026-09-16 19:31:00,043 BTPWorkerThread-409 (_rx_task) root DEBUG iutctl_common.py          123   read                      : Read 5 bytes
2026-09-16 19:31:00,054 BTPWorkerThread-409 (_rx_task) root DEBUG iutctl_common.py          131   read                      : Received: hdr: Header(svc_id=0x00, op=0x03, ctrl_index=0xff, data_len=0x00) bytearray(b'\x00\x03\xff\x00\x00')
2026-09-16 19:31:00,054 BTPWorkerThread-409 (_rx_task) root DEBUG iutctl_common.py          154   read                      : Received data: {''}, bytearray(b'')
2026-09-16 19:31:00,059 LT1-thread root DEBUG btp.py                    629   core_reg_svc_rsp_succ     : received Header(svc_id=0, op=3, ctrl_index=255, data_len=0) (b'',)
2026-09-16 19:31:00,059 LT1-thread root DEBUG btp.py                    630   core_reg_svc_rsp_succ     : expected ((0, 3, 255, 0), (b'',))
2026-09-16 19:31:00,059 LT1-thread root DEBUG btp.py                    635   core_reg_svc_rsp_succ     : response is valid
2026-09-16 19:31:00,059 LT1-thread root DEBUG btp.py                    638   core_reg_svc_rsp_succ     : Reading supported commands for service: GATT
2026-09-16 19:31:00,059 LT1-thread root DEBUG iutctl_common.py          161   send                      : 2 1 255 ''
2026-09-16 19:31:00,059 LT1-thread root DEBUG iutctl_common.py          166   send                      : sending frame '0201ff0000'
2026-09-16 19:31:00,061 LT1-thread root DEBUG iutctl_common.py          339   read                      : 
2026-09-16 19:31:00,105 BTPWorkerThread-409 (_rx_task) root DEBUG iutctl_common.py          123   read                      : Read 5 bytes
2026-09-16 19:31:00,110 BTPWorkerThread-409 (_rx_task) root DEBUG iutctl_common.py          131   read                      : Received: hdr: Header(svc_id=0x02, op=0x01, ctrl_index=0xff, data_len=0x05) bytearray(b'\x02\x01\xff\x05\x00')
2026-09-16 19:31:00,127 BTPWorkerThread-409 (_rx_task) root DEBUG iutctl_common.py          139   read                      : Read 5 bytes data
2026-09-16 19:31:00,138 BTPWorkerThread-409 (_rx_task) root DEBUG iutctl_common.py          154   read                      : Received data: {'fe fe bf fd 0f'}, bytearray(b'\xfe\xfe\xbf\xfd\x0f')
2026-09-16 19:31:00,138 LT1-thread root DEBUG testcase.py               254   start                     : Starting test function: class=<class 'autopts.ptsprojects.testcase.TestFunc'>, func=<bound method Stack.gatt_init of <autopts.ptsprojects.stack.stack.Stack object at 0x000002A768AF7AD0>> start_wid=None stop_wid=None post_wid=None skip_call=None call_count=20 args=() kwds={}
2026-09-16 19:31:00,138 LT1-thread root DEBUG testcase.py               266   start                     : Test function parameters: args=(), kwds={}
2026-09-16 19:31:00,139 LT1-thread root DEBUG testcase.py               254   start                     : Starting test function: class=<class 'autopts.ptsprojects.testcase.TestFunc'>, func=<function gap_set_io_capability at 0x000002A7673E6A20> start_wid=None stop_wid=None post_wid=None skip_call=None call_count=20 args=(4,) kwds={}
2026-09-16 19:31:00,139 LT1-thread root DEBUG testcase.py               266   start                     : Test function parameters: args=(4,), kwds={}
2026-09-16 19:31:00,139 LT1-thread root DEBUG gap.py                    859   gap_set_io_capability     : 4
2026-09-16 19:31:00,139 LT1-thread root DEBUG iutctl_common.py          161   send                      : 1 16 0 '\x04'
2026-09-16 19:31:00,139 LT1-thread root DEBUG iutctl_common.py          166   send                      : sending frame '011000010004'
2026-09-16 19:31:00,139 LT1-thread root DEBUG gap.py                    1227  gap_command_rsp_succ      : 
2026-09-16 19:31:00,139 LT1-thread root DEBUG iutctl_common.py          339   read                      : 
2026-09-16 19:31:00,176 BTPWorkerThread-409 (_rx_task) root DEBUG iutctl_common.py          123   read                      : Read 5 bytes
2026-09-16 19:31:00,187 BTPWorkerThread-409 (_rx_task) root DEBUG iutctl_common.py          131   read                      : Received: hdr: Header(svc_id=0x01, op=0x10, ctrl_index=0x00, data_len=0x00) bytearray(b'\x01\x10\x00\x00\x00')
2026-09-16 19:31:00,198 BTPWorkerThread-409 (_rx_task) root DEBUG iutctl_common.py          154   read                      : Received data: {''}, bytearray(b'')
2026-09-16 19:31:00,203 LT1-thread root DEBUG gap.py                    1232  gap_command_rsp_succ      : received Header(svc_id=1, op=16, ctrl_index=0, data_len=0) (b'',)
2026-09-16 19:31:00,203 LT1-thread root DEBUG testcase.py               254   start                     : Starting test function: class=<class 'autopts.ptsprojects.testcase.TestFunc'>, func=<function gap_set_broadcast_code at 0x000002A767408C20> start_wid=None stop_wid=None post_wid=None skip_call=None call_count=20 args=('0102680553F1415AA265BBAFC6EA03B8',) kwds={}
2026-09-16 19:31:00,203 LT1-thread root DEBUG testcase.py               266   start                     : Test function parameters: args=('0102680553F1415AA265BBAFC6EA03B8',), kwds={}
2026-09-16 19:31:00,203 LT1-thread root DEBUG gap.py                    1889  gap_set_broadcast_code    : '0102680553F1415AA265BBAFC6EA03B8'
2026-09-16 19:31:00,203 LT1-thread root DEBUG testcase.py               254   start                     : Starting test function: class=<class 'autopts.ptsprojects.testcase.TestFunc'>, func=<function set_pts_addr at 0x000002A7673C82C0> start_wid=None stop_wid=None post_wid=None skip_call=None call_count=20 args=('00:1B:DC:08:E4:4E', 0) kwds={}
2026-09-16 19:31:00,203 LT1-thread root DEBUG testcase.py               266   start                     : Test function parameters: args=('00:1B:DC:08:E4:4E', 0), kwds={}
2026-09-16 19:31:00,203 LT1-thread root DEBUG testcase.py               254   start                     : Starting test function: class=<class 'autopts.ptsprojects.testcase.TestFunc'>, func=<function test_cases.<locals>.<lambda> at 0x000002A769E5DD00> start_wid=None stop_wid=None post_wid=None skip_call=None call_count=2 args=() kwds={}
2026-09-16 19:31:00,204 LT1-thread root DEBUG testcase.py               266   start                     : Test function parameters: args=(), kwds={}
2026-09-16 19:31:00,206 LT1-thread root DEBUG testcase.py               254   start                     : Starting test function: class=<class 'autopts.ptsprojects.testcase.TestFunc'>, func=<function test_cases.<locals>.<lambda> at 0x000002A769E5DDA0> start_wid=None stop_wid=None post_wid=None skip_call=None call_count=2 args=() kwds={}
2026-09-16 19:31:00,207 LT1-thread root DEBUG testcase.py               266   start                     : Test function parameters: args=(), kwds={}
2026-09-16 19:31:00,210 LT1-thread root DEBUG testcase.py               254   start                     : Starting test function: class=<class 'autopts.ptsprojects.testcase.TestFunc'>, func=<function test_cases.<locals>.<lambda> at 0x000002A769E5DE40> start_wid=None stop_wid=None post_wid=None skip_call=None call_count=2 args=() kwds={}
2026-09-16 19:31:00,210 LT1-thread root DEBUG testcase.py               266   start                     : Test function parameters: args=(), kwds={}
2026-09-16 19:31:00,213 LT1-thread root DEBUG testcase.py               254   start                     : Starting test function: class=<class 'autopts.ptsprojects.testcase.TestFunc'>, func=<function test_cases.<locals>.<lambda> at 0x000002A769E5DEE0> start_wid=None stop_wid=None post_wid=None skip_call=None call_count=2 args=() kwds={}
2026-09-16 19:31:00,213 LT1-thread root DEBUG testcase.py               266   start                     : Test function parameters: args=(), kwds={}
2026-09-16 19:31:00,216 LT1-thread root DEBUG testcase.py               254   start                     : Starting test function: class=<class 'autopts.ptsprojects.testcase.TestFunc'>, func=<function test_cases.<locals>.<lambda> at 0x000002A769E5DF80> start_wid=None stop_wid=None post_wid=None skip_call=None call_count=2 args=() kwds={}
2026-09-16 19:31:00,216 LT1-thread root DEBUG testcase.py               266   start                     : Test function parameters: args=(), kwds={}
2026-09-16 19:31:00,219 LT1-thread root DEBUG testcase.py               254   start                     : Starting test function: class=<class 'autopts.ptsprojects.testcase.TestFunc'>, func=<function test_cases.<locals>.<lambda> at 0x000002A769E5E020> start_wid=None stop_wid=None post_wid=None skip_call=None call_count=2 args=() kwds={}
2026-09-16 19:31:00,219 LT1-thread root DEBUG testcase.py               266   start                     : Test function parameters: args=(), kwds={}
2026-09-16 19:31:00,222 LT1-thread root DEBUG testcase.py               254   start                     : Starting test function: class=<class 'autopts.ptsprojects.testcase.TestFunc'>, func=<function test_cases.<locals>.<lambda> at 0x000002A769E5E0C0> start_wid=None stop_wid=None post_wid=None skip_call=None call_count=2 args=() kwds={}
2026-09-16 19:31:00,222 LT1-thread root DEBUG testcase.py               266   start                     : Test function parameters: args=(), kwds={}
2026-09-16 19:31:00,225 LT1-thread root DEBUG testcase.py               254   start                     : Starting test function: class=<class 'autopts.ptsprojects.testcase.TestFunc'>, func=<function gap_set_io_capability at 0x000002A7673E6A20> start_wid=None stop_wid=None post_wid=None skip_call=None call_count=2 args=(3,) kwds={}
2026-09-16 19:31:00,225 LT1-thread root DEBUG testcase.py               266   start                     : Test function parameters: args=(3,), kwds={}
2026-09-16 19:31:00,225 LT1-thread root DEBUG gap.py                    859   gap_set_io_capability     : 3
2026-09-16 19:31:00,225 LT1-thread root DEBUG iutctl_common.py          161   send                      : 1 16 0 '\x03'
2026-09-16 19:31:00,226 LT1-thread root DEBUG iutctl_common.py          166   send                      : sending frame '011000010003'
2026-09-16 19:31:00,226 LT1-thread root DEBUG gap.py                    1227  gap_command_rsp_succ      : 
2026-09-16 19:31:00,226 LT1-thread root DEBUG iutctl_common.py          339   read                      : 
2026-09-16 19:31:00,270 BTPWorkerThread-409 (_rx_task) root DEBUG iutctl_common.py          123   read                      : Read 5 bytes
2026-09-16 19:31:00,281 BTPWorkerThread-409 (_rx_task) root DEBUG iutctl_common.py          131   read                      : Received: hdr: Header(svc_id=0x01, op=0x10, ctrl_index=0x00, data_len=0x00) bytearray(b'\x01\x10\x00\x00\x00')
2026-09-16 19:31:00,291 BTPWorkerThread-409 (_rx_task) root DEBUG iutctl_common.py          154   read                      : Received data: {''}, bytearray(b'')
2026-09-16 19:31:00,302 LT1-thread root DEBUG gap.py                    1232  gap_command_rsp_succ      : received Header(svc_id=1, op=16, ctrl_index=0, data_len=0) (b'',)
2026-09-16 19:31:00,302 LT1-thread root DEBUG testcase.py               254   start                     : Starting test function: class=<class 'autopts.ptsprojects.testcase.TestFunc'>, func=<function core_reg_svc_l2cap at 0x000002A7673C89A0> start_wid=None stop_wid=None post_wid=None skip_call=None call_count=2 args=() kwds={}
2026-09-16 19:31:00,302 LT1-thread root DEBUG testcase.py               266   start                     : Test function parameters: args=(), kwds={}
2026-09-16 19:31:00,302 LT1-thread root DEBUG btp.py                    117   core_reg_svc_univ         : core_reg_svc_univ: l2cap_reg (L2CAP)
2026-09-16 19:31:00,302 LT1-thread root DEBUG iutctl_common.py          161   send                      : 0 3 255 '3'
2026-09-16 19:31:00,302 LT1-thread root DEBUG iutctl_common.py          166   send                      : sending frame '0003ff010003'
2026-09-16 19:31:00,302 LT1-thread root DEBUG btp.py                    618   core_reg_svc_rsp_succ     : 
2026-09-16 19:31:00,304 LT1-thread root DEBUG iutctl_common.py          339   read                      : 
2026-09-16 19:31:00,347 BTPWorkerThread-409 (_rx_task) root DEBUG iutctl_common.py          123   read                      : Read 5 bytes
2026-09-16 19:31:00,353 BTPWorkerThread-409 (_rx_task) root DEBUG iutctl_common.py          131   read                      : Received: hdr: Header(svc_id=0x00, op=0x03, ctrl_index=0xff, data_len=0x00) bytearray(b'\x00\x03\xff\x00\x00')
2026-09-16 19:31:00,353 BTPWorkerThread-409 (_rx_task) root DEBUG iutctl_common.py          154   read                      : Received data: {''}, bytearray(b'')
2026-09-16 19:31:00,358 LT1-thread root DEBUG btp.py                    629   core_reg_svc_rsp_succ     : received Header(svc_id=0, op=3, ctrl_index=255, data_len=0) (b'',)
2026-09-16 19:31:00,358 LT1-thread root DEBUG btp.py                    630   core_reg_svc_rsp_succ     : expected ((0, 3, 255, 0), (b'',))
2026-09-16 19:31:00,358 LT1-thread root DEBUG btp.py                    635   core_reg_svc_rsp_succ     : response is valid
2026-09-16 19:31:00,358 LT1-thread root DEBUG btp.py                    638   core_reg_svc_rsp_succ     : Reading supported commands for service: L2CAP
2026-09-16 19:31:00,358 LT1-thread root DEBUG iutctl_common.py          161   send                      : 3 1 255 ''
2026-09-16 19:31:00,358 LT1-thread root DEBUG iutctl_common.py          166   send                      : sending frame '0301ff0000'
2026-09-16 19:31:00,359 LT1-thread root DEBUG iutctl_common.py          339   read                      : 
2026-09-16 19:31:00,401 BTPWorkerThread-409 (_rx_task) root DEBUG iutctl_common.py          123   read                      : Read 5 bytes
2026-09-16 19:31:00,406 BTPWorkerThread-409 (_rx_task) root DEBUG iutctl_common.py          131   read                      : Received: hdr: Header(svc_id=0x03, op=0x01, ctrl_index=0xff, data_len=0x02) bytearray(b'\x03\x01\xff\x02\x00')
2026-09-16 19:31:00,412 BTPWorkerThread-409 (_rx_task) root DEBUG iutctl_common.py          139   read                      : Read 2 bytes data
2026-09-16 19:31:00,417 BTPWorkerThread-409 (_rx_task) root DEBUG iutctl_common.py          154   read                      : Received data: {'be 1f'}, bytearray(b'\xbe\x1f')
2026-09-16 19:31:00,423 LT1-thread root DEBUG testcase.py               254   start                     : Starting test function: class=<class 'autopts.ptsprojects.testcase.TestFunc'>, func=<bound method Stack.l2cap_init of <autopts.ptsprojects.stack.stack.Stack object at 0x000002A768AF7AD0>> start_wid=None stop_wid=None post_wid=None skip_call=None call_count=2 args=(4097, 120) kwds={}
2026-09-16 19:31:00,423 LT1-thread root DEBUG testcase.py               266   start                     : Test function parameters: args=(4097, 120), kwds={}
2026-09-16 19:31:00,423 LT1-thread root DEBUG testcase.py               254   start                     : Starting test function: class=<class 'autopts.ptsprojects.testcase.TestFunc'>, func=<function gap_set_io_capability at 0x000002A7673E6A20> start_wid=None stop_wid=None post_wid=None skip_call=None call_count=1 args=(1,) kwds={}
2026-09-16 19:31:00,423 LT1-thread root DEBUG testcase.py               266   start                     : Test function parameters: args=(1,), kwds={}
2026-09-16 19:31:00,423 LT1-thread root DEBUG gap.py                    859   gap_set_io_capability     : 1
2026-09-16 19:31:00,424 LT1-thread root DEBUG iutctl_common.py          161   send                      : 1 16 0 '\x01'
2026-09-16 19:31:00,424 LT1-thread root DEBUG iutctl_common.py          166   send                      : sending frame '011000010001'
2026-09-16 19:31:00,424 LT1-thread root DEBUG gap.py                    1227  gap_command_rsp_succ      : 
2026-09-16 19:31:00,424 LT1-thread root DEBUG iutctl_common.py          339   read                      : 
2026-09-16 19:31:00,461 BTPWorkerThread-409 (_rx_task) root DEBUG iutctl_common.py          123   read                      : Read 5 bytes
2026-09-16 19:31:00,467 BTPWorkerThread-409 (_rx_task) root DEBUG iutctl_common.py          131   read                      : Received: hdr: Header(svc_id=0x01, op=0x10, ctrl_index=0x00, data_len=0x00) bytearray(b'\x01\x10\x00\x00\x00')
2026-09-16 19:31:00,473 BTPWorkerThread-409 (_rx_task) root DEBUG iutctl_common.py          154   read                      : Received data: {''}, bytearray(b'')
2026-09-16 19:31:00,478 LT1-thread root DEBUG gap.py                    1232  gap_command_rsp_succ      : received Header(svc_id=1, op=16, ctrl_index=0, data_len=0) (b'',)
2026-09-16 19:31:00,481 LT1-thread root DEBUG client.py                 276   get_result                : ClientCallback.get_result run_test_case
2026-09-16 19:31:07,429 LT1-callback ClientCallback.on_implicit_send INFO client.py                 223   on_implicit_send          : 
    ********************
    BEGIN OnImplicitSend:
    project_name: GAP
    wid: 102
    test_case_name: GAP/IDLE/BON/BV-04-C
    description: Please send an HCI connect request to establish a basic rate connection after the IUT discovers the Lower Tester over BR and LE.
    style: MMI_Style_Ok_Cancel2 0x11141
2026-09-16 19:31:07,429 LT1-callback ClientCallback.on_implicit_send INFO client.py                 236   on_implicit_send          : Calling test cases on_implicit_send
2026-09-16 19:31:07,429 LT1-callback ClientCallback.on_implicit_send INFO client.py                 249   on_implicit_send          : 
    on_implicit_send returned response: WAIT
    END OnImplicitSend
    ********************
2026-09-16 19:31:07,483 LT1-thread root DEBUG testcase.py               679   run_wid                   : GAP GAP/IDLE/BON/BV-04-C on_implicit_send
2026-09-16 19:31:07,483 LT1-thread root DEBUG gap_wid.py                26    gap_wid_hdl               : gap_wid_hdl, 102, Please send an HCI connect request to establish a basic rate connection after the IUT discovers the Lower Tester over BR and LE., GAP/IDLE/BON/BV-04-C
2026-09-16 19:31:07,483 LT1-thread root DEBUG gap.py                    1120  gap_start_discovery       : 
2026-09-16 19:31:07,483 LT1-thread root DEBUG iutctl_common.py          161   send                      : 1 12 0 '\x02'
2026-09-16 19:31:07,483 LT1-thread root DEBUG iutctl_common.py          166   send                      : sending frame '010c00010002'
2026-09-16 19:31:07,483 LT1-thread root DEBUG gap.py                    1227  gap_command_rsp_succ      : 
2026-09-16 19:31:07,483 LT1-thread root DEBUG iutctl_common.py          339   read                      : 
2026-09-16 19:31:07,517 BTPWorkerThread-409 (_rx_task) root DEBUG iutctl_common.py          123   read                      : Read 5 bytes
2026-09-16 19:31:07,523 BTPWorkerThread-409 (_rx_task) root DEBUG iutctl_common.py          131   read                      : Received: hdr: Header(svc_id=0x01, op=0x0c, ctrl_index=0x00, data_len=0x00) bytearray(b'\x01\x0c\x00\x00\x00')
2026-09-16 19:31:07,523 BTPWorkerThread-409 (_rx_task) root DEBUG iutctl_common.py          154   read                      : Received data: {''}, bytearray(b'')
2026-09-16 19:31:07,528 LT1-thread root DEBUG gap.py                    1232  gap_command_rsp_succ      : received Header(svc_id=1, op=12, ctrl_index=0, data_len=0) (b'',)
2026-09-16 19:31:07,716 BTPWorkerThread-409 (_rx_task) root DEBUG iutctl_common.py          123   read                      : Read 5 bytes
2026-09-16 19:31:07,716 BTPWorkerThread-409 (_rx_task) root DEBUG iutctl_common.py          131   read                      : Received: hdr: Header(svc_id=0x01, op=0x81, ctrl_index=0x00, data_len=0x26) bytearray(b'\x01\x81\x00&\x00')
2026-09-16 19:31:07,716 BTPWorkerThread-409 (_rx_task) root DEBUG iutctl_common.py          139   read                      : Read 38 bytes data
2026-09-16 19:31:07,717 BTPWorkerThread-409 (_rx_task) root DEBUG iutctl_common.py          154   read                      : Received data: {'e0 53 00 4c 17 e5 44 af 03 1b 00 09 09 4e 58 4c 36 36 35 32 38 02 0a 0c 0d 03 0c 11 0a 11 0b 11 0e 11 1f 11 1e 11'}, bytearray(b'\xe0S\x00L\x17\xe5D\xaf\x03\x1b\x00\t\tNXL66528\x02\n\x0c\r\x03\x0c\x11\n\x11\x0b\x11\x0e\x11\x1f\x11\x1e\x11')
2026-09-16 19:31:07,717 BTPWorkerThread-409 (_rx_task) root DEBUG btp.py                    700   event_handler             : Header(svc_id=1, op=129, ctrl_index=0, data_len=38) (b'\xe0S\x00L\x17\xe5D\xaf\x03\x1b\x00\t\tNXL66528\x02\n\x0c\r\x03\x0c\x11\n\x11\x0b\x11\x0e\x11\x1f\x11\x1e\x11',)
2026-09-16 19:31:07,717 BTPWorkerThread-409 (_rx_task) root DEBUG gap.py                    191   gap_device_found_ev_      : b'\xe0S\x00L\x17\xe5D\xaf\x03\x1b\x00\t\tNXL66528\x02\n\x0c\r\x03\x0c\x11\n\x11\x0b\x11\x0e\x11\x1f\x11\x1e\x11'
2026-09-16 19:31:07,717 BTPWorkerThread-409 (_rx_task) root DEBUG gap.py                    205   gap_device_found_ev_      : found '44e5174c0053' type 224 eir b'\t\tNXL66528\x02\n\x0c\r\x03\x0c\x11\n\x11\x0b\x11\x0e\x11\x1f\x11\x1e\x11'
2026-09-16 19:31:07,749 BTPWorkerThread-409 (_rx_task) root DEBUG iutctl_common.py          123   read                      : Read 5 bytes
2026-09-16 19:31:07,749 BTPWorkerThread-409 (_rx_task) root DEBUG iutctl_common.py          131   read                      : Received: hdr: Header(svc_id=0x01, op=0x81, ctrl_index=0x00, data_len=0x2a) bytearray(b'\x01\x81\x00*\x00')
2026-09-16 19:31:07,750 BTPWorkerThread-409 (_rx_task) root DEBUG iutctl_common.py          139   read                      : Read 42 bytes data
2026-09-16 19:31:07,750 BTPWorkerThread-409 (_rx_task) root DEBUG iutctl_common.py          154   read                      : Received data: {'e0 eb b2 06 dc 1b 00 a6 03 1f 00 1e 09 41 32 44 50 20 53 6f 75 72 63 65 20 30 30 3a 31 42 3a 44 43 3a 30 36 3a 42 32 3a 45 42'}, bytearray(b'\xe0\xeb\xb2\x06\xdc\x1b\x00\xa6\x03\x1f\x00\x1e\tA2DP Source 00:1B:DC:06:B2:EB')
2026-09-16 19:31:07,750 BTPWorkerThread-409 (_rx_task) root DEBUG btp.py                    700   event_handler             : Header(svc_id=1, op=129, ctrl_index=0, data_len=42) (b'\xe0\xeb\xb2\x06\xdc\x1b\x00\xa6\x03\x1f\x00\x1e\tA2DP Source 00:1B:DC:06:B2:EB',)
2026-09-16 19:31:07,750 BTPWorkerThread-409 (_rx_task) root DEBUG gap.py                    191   gap_device_found_ev_      : b'\xe0\xeb\xb2\x06\xdc\x1b\x00\xa6\x03\x1f\x00\x1e\tA2DP Source 00:1B:DC:06:B2:EB'
2026-09-16 19:31:07,750 BTPWorkerThread-409 (_rx_task) root DEBUG gap.py                    205   gap_device_found_ev_      : found '001bdc06b2eb' type 224 eir b'\x1e\tA2DP Source 00:1B:DC:06:B2:EB'
2026-09-16 19:31:07,976 BTPWorkerThread-409 (_rx_task) root DEBUG iutctl_common.py          123   read                      : Read 5 bytes
2026-09-16 19:31:07,977 BTPWorkerThread-409 (_rx_task) root DEBUG iutctl_common.py          131   read                      : Received: hdr: Header(svc_id=0x01, op=0x81, ctrl_index=0x00, data_len=0x26) bytearray(b'\x01\x81\x00&\x00')
2026-09-16 19:31:07,977 BTPWorkerThread-409 (_rx_task) root DEBUG iutctl_common.py          139   read                      : Read 38 bytes data
2026-09-16 19:31:07,977 BTPWorkerThread-409 (_rx_task) root DEBUG iutctl_common.py          154   read                      : Received data: {'e0 53 00 4c 17 e5 44 b2 03 1b 00 09 09 4e 58 4c 36 36 35 32 38 02 0a 0c 0d 03 0c 11 0a 11 0b 11 0e 11 1f 11 1e 11'}, bytearray(b'\xe0S\x00L\x17\xe5D\xb2\x03\x1b\x00\t\tNXL66528\x02\n\x0c\r\x03\x0c\x11\n\x11\x0b\x11\x0e\x11\x1f\x11\x1e\x11')
2026-09-16 19:31:07,977 BTPWorkerThread-409 (_rx_task) root DEBUG btp.py                    700   event_handler             : Header(svc_id=1, op=129, ctrl_index=0, data_len=38) (b'\xe0S\x00L\x17\xe5D\xb2\x03\x1b\x00\t\tNXL66528\x02\n\x0c\r\x03\x0c\x11\n\x11\x0b\x11\x0e\x11\x1f\x11\x1e\x11',)
2026-09-16 19:31:07,977 BTPWorkerThread-409 (_rx_task) root DEBUG gap.py                    191   gap_device_found_ev_      : b'\xe0S\x00L\x17\xe5D\xb2\x03\x1b\x00\t\tNXL66528\x02\n\x0c\r\x03\x0c\x11\n\x11\x0b\x11\x0e\x11\x1f\x11\x1e\x11'
2026-09-16 19:31:07,977 BTPWorkerThread-409 (_rx_task) root DEBUG gap.py                    205   gap_device_found_ev_      : found '44e5174c0053' type 224 eir b'\t\tNXL66528\x02\n\x0c\r\x03\x0c\x11\n\x11\x0b\x11\x0e\x11\x1f\x11\x1e\x11'
2026-09-16 19:31:08,256 BTPWorkerThread-409 (_rx_task) root DEBUG iutctl_common.py          123   read                      : Read 5 bytes
2026-09-16 19:31:08,256 BTPWorkerThread-409 (_rx_task) root DEBUG iutctl_common.py          131   read                      : Received: hdr: Header(svc_id=0x01, op=0x81, ctrl_index=0x00, data_len=0x26) bytearray(b'\x01\x81\x00&\x00')
2026-09-16 19:31:08,256 BTPWorkerThread-409 (_rx_task) root DEBUG iutctl_common.py          139   read                      : Read 38 bytes data
2026-09-16 19:31:08,257 BTPWorkerThread-409 (_rx_task) root DEBUG iutctl_common.py          154   read                      : Received data: {'e0 53 00 4c 17 e5 44 b4 03 1b 00 09 09 4e 58 4c 36 36 35 32 38 02 0a 0c 0d 03 0c 11 0a 11 0b 11 0e 11 1f 11 1e 11'}, bytearray(b'\xe0S\x00L\x17\xe5D\xb4\x03\x1b\x00\t\tNXL66528\x02\n\x0c\r\x03\x0c\x11\n\x11\x0b\x11\x0e\x11\x1f\x11\x1e\x11')
2026-09-16 19:31:08,257 BTPWorkerThread-409 (_rx_task) root DEBUG btp.py                    700   event_handler             : Header(svc_id=1, op=129, ctrl_index=0, data_len=38) (b'\xe0S\x00L\x17\xe5D\xb4\x03\x1b\x00\t\tNXL66528\x02\n\x0c\r\x03\x0c\x11\n\x11\x0b\x11\x0e\x11\x1f\x11\x1e\x11',)
2026-09-16 19:31:08,257 BTPWorkerThread-409 (_rx_task) root DEBUG gap.py                    191   gap_device_found_ev_      : b'\xe0S\x00L\x17\xe5D\xb4\x03\x1b\x00\t\tNXL66528\x02\n\x0c\r\x03\x0c\x11\n\x11\x0b\x11\x0e\x11\x1f\x11\x1e\x11'
2026-09-16 19:31:08,257 BTPWorkerThread-409 (_rx_task) root DEBUG gap.py                    205   gap_device_found_ev_      : found '44e5174c0053' type 224 eir b'\t\tNXL66528\x02\n\x0c\r\x03\x0c\x11\n\x11\x0b\x11\x0e\x11\x1f\x11\x1e\x11'
2026-09-16 19:31:09,715 BTPWorkerThread-409 (_rx_task) root DEBUG iutctl_common.py          123   read                      : Read 5 bytes
2026-09-16 19:31:09,715 BTPWorkerThread-409 (_rx_task) root DEBUG iutctl_common.py          131   read                      : Received: hdr: Header(svc_id=0x01, op=0x81, ctrl_index=0x00, data_len=0x2a) bytearray(b'\x01\x81\x00*\x00')
2026-09-16 19:31:09,715 BTPWorkerThread-409 (_rx_task) root DEBUG iutctl_common.py          139   read                      : Read 13 bytes data
2026-09-16 19:31:09,726 BTPWorkerThread-409 (_rx_task) root DEBUG iutctl_common.py          139   read                      : Read 29 bytes data
2026-09-16 19:31:09,726 BTPWorkerThread-409 (_rx_task) root DEBUG iutctl_common.py          154   read                      : Received data: {'e0 95 83 06 dc 1b 00 ad 03 1f 00 1e 09 48 46 50 20 41 47 20 44 65 6d 6f 20 30 30 3a 31 42 3a 44 43 3a 30 36 3a 38 33 3a 39 35'}, bytearray(b'\xe0\x95\x83\x06\xdc\x1b\x00\xad\x03\x1f\x00\x1e\tHFP AG Demo 00:1B:DC:06:83:95')
2026-09-16 19:31:09,726 BTPWorkerThread-409 (_rx_task) root DEBUG btp.py                    700   event_handler             : Header(svc_id=1, op=129, ctrl_index=0, data_len=42) (b'\xe0\x95\x83\x06\xdc\x1b\x00\xad\x03\x1f\x00\x1e\tHFP AG Demo 00:1B:DC:06:83:95',)
2026-09-16 19:31:09,727 BTPWorkerThread-409 (_rx_task) root DEBUG gap.py                    191   gap_device_found_ev_      : b'\xe0\x95\x83\x06\xdc\x1b\x00\xad\x03\x1f\x00\x1e\tHFP AG Demo 00:1B:DC:06:83:95'
2026-09-16 19:31:09,727 BTPWorkerThread-409 (_rx_task) root DEBUG gap.py                    205   gap_device_found_ev_      : found '001bdc068395' type 224 eir b'\x1e\tHFP AG Demo 00:1B:DC:06:83:95'
2026-09-16 19:31:10,063 BTPWorkerThread-409 (_rx_task) root DEBUG iutctl_common.py          123   read                      : Read 5 bytes
2026-09-16 19:31:10,064 BTPWorkerThread-409 (_rx_task) root DEBUG iutctl_common.py          131   read                      : Received: hdr: Header(svc_id=0x01, op=0x81, ctrl_index=0x00, data_len=0x2a) bytearray(b'\x01\x81\x00*\x00')
2026-09-16 19:31:10,064 BTPWorkerThread-409 (_rx_task) root DEBUG iutctl_common.py          139   read                      : Read 42 bytes data
2026-09-16 19:31:10,064 BTPWorkerThread-409 (_rx_task) root DEBUG iutctl_common.py          154   read                      : Received data: {'e0 95 83 06 dc 1b 00 a8 03 1f 00 1e 09 48 46 50 20 41 47 20 44 65 6d 6f 20 30 30 3a 31 42 3a 44 43 3a 30 36 3a 38 33 3a 39 35'}, bytearray(b'\xe0\x95\x83\x06\xdc\x1b\x00\xa8\x03\x1f\x00\x1e\tHFP AG Demo 00:1B:DC:06:83:95')
2026-09-16 19:31:10,064 BTPWorkerThread-409 (_rx_task) root DEBUG btp.py                    700   event_handler             : Header(svc_id=1, op=129, ctrl_index=0, data_len=42) (b'\xe0\x95\x83\x06\xdc\x1b\x00\xa8\x03\x1f\x00\x1e\tHFP AG Demo 00:1B:DC:06:83:95',)
2026-09-16 19:31:10,064 BTPWorkerThread-409 (_rx_task) root DEBUG gap.py                    191   gap_device_found_ev_      : b'\xe0\x95\x83\x06\xdc\x1b\x00\xa8\x03\x1f\x00\x1e\tHFP AG Demo 00:1B:DC:06:83:95'
2026-09-16 19:31:10,064 BTPWorkerThread-409 (_rx_task) root DEBUG gap.py                    205   gap_device_found_ev_      : found '001bdc068395' type 224 eir b'\x1e\tHFP AG Demo 00:1B:DC:06:83:95'
2026-09-16 19:31:10,513 BTPWorkerThread-409 (_rx_task) root DEBUG iutctl_common.py          123   read                      : Read 5 bytes
2026-09-16 19:31:10,513 BTPWorkerThread-409 (_rx_task) root DEBUG iutctl_common.py          131   read                      : Received: hdr: Header(svc_id=0x01, op=0x81, ctrl_index=0x00, data_len=0x26) bytearray(b'\x01\x81\x00&\x00')
2026-09-16 19:31:10,513 BTPWorkerThread-409 (_rx_task) root DEBUG iutctl_common.py          139   read                      : Read 38 bytes data
2026-09-16 19:31:10,514 BTPWorkerThread-409 (_rx_task) root DEBUG iutctl_common.py          154   read                      : Received data: {'e0 53 00 4c 17 e5 44 b0 03 1b 00 09 09 4e 58 4c 36 36 35 32 38 02 0a 0c 0d 03 0c 11 0a 11 0b 11 0e 11 1f 11 1e 11'}, bytearray(b'\xe0S\x00L\x17\xe5D\xb0\x03\x1b\x00\t\tNXL66528\x02\n\x0c\r\x03\x0c\x11\n\x11\x0b\x11\x0e\x11\x1f\x11\x1e\x11')
2026-09-16 19:31:10,514 BTPWorkerThread-409 (_rx_task) root DEBUG btp.py                    700   event_handler             : Header(svc_id=1, op=129, ctrl_index=0, data_len=38) (b'\xe0S\x00L\x17\xe5D\xb0\x03\x1b\x00\t\tNXL66528\x02\n\x0c\r\x03\x0c\x11\n\x11\x0b\x11\x0e\x11\x1f\x11\x1e\x11',)
2026-09-16 19:31:10,514 BTPWorkerThread-409 (_rx_task) root DEBUG gap.py                    191   gap_device_found_ev_      : b'\xe0S\x00L\x17\xe5D\xb0\x03\x1b\x00\t\tNXL66528\x02\n\x0c\r\x03\x0c\x11\n\x11\x0b\x11\x0e\x11\x1f\x11\x1e\x11'
2026-09-16 19:31:10,514 BTPWorkerThread-409 (_rx_task) root DEBUG gap.py                    205   gap_device_found_ev_      : found '44e5174c0053' type 224 eir b'\t\tNXL66528\x02\n\x0c\r\x03\x0c\x11\n\x11\x0b\x11\x0e\x11\x1f\x11\x1e\x11'
2026-09-16 19:31:10,655 BTPWorkerThread-409 (_rx_task) root DEBUG iutctl_common.py          123   read                      : Read 5 bytes
2026-09-16 19:31:10,656 BTPWorkerThread-409 (_rx_task) root DEBUG iutctl_common.py          131   read                      : Received: hdr: Header(svc_id=0x01, op=0x81, ctrl_index=0x00, data_len=0x0b) bytearray(b'\x01\x81\x00\x0b\x00')
2026-09-16 19:31:10,656 BTPWorkerThread-409 (_rx_task) root DEBUG iutctl_common.py          139   read                      : Read 11 bytes data
2026-09-16 19:31:10,656 BTPWorkerThread-409 (_rx_task) root DEBUG iutctl_common.py          154   read                      : Received data: {'e0 53 00 4c 17 e5 44 a7 03 00 00'}, bytearray(b'\xe0S\x00L\x17\xe5D\xa7\x03\x00\x00')
2026-09-16 19:31:10,656 BTPWorkerThread-409 (_rx_task) root DEBUG btp.py                    700   event_handler             : Header(svc_id=1, op=129, ctrl_index=0, data_len=11) (b'\xe0S\x00L\x17\xe5D\xa7\x03\x00\x00',)
2026-09-16 19:31:10,656 BTPWorkerThread-409 (_rx_task) root DEBUG gap.py                    191   gap_device_found_ev_      : b'\xe0S\x00L\x17\xe5D\xa7\x03\x00\x00'
2026-09-16 19:31:10,656 BTPWorkerThread-409 (_rx_task) root DEBUG gap.py                    205   gap_device_found_ev_      : found '44e5174c0053' type 224 eir b''
2026-09-16 19:31:10,895 BTPWorkerThread-409 (_rx_task) root DEBUG iutctl_common.py          123   read                      : Read 5 bytes
2026-09-16 19:31:10,895 BTPWorkerThread-409 (_rx_task) root DEBUG iutctl_common.py          131   read                      : Received: hdr: Header(svc_id=0x01, op=0x81, ctrl_index=0x00, data_len=0x26) bytearray(b'\x01\x81\x00&\x00')
2026-09-16 19:31:10,895 BTPWorkerThread-409 (_rx_task) root DEBUG iutctl_common.py          139   read                      : Read 38 bytes data
2026-09-16 19:31:10,896 BTPWorkerThread-409 (_rx_task) root DEBUG iutctl_common.py          154   read                      : Received data: {'e0 53 00 4c 17 e5 44 b1 03 1b 00 09 09 4e 58 4c 36 36 35 32 38 02 0a 0c 0d 03 0c 11 0a 11 0b 11 0e 11 1f 11 1e 11'}, bytearray(b'\xe0S\x00L\x17\xe5D\xb1\x03\x1b\x00\t\tNXL66528\x02\n\x0c\r\x03\x0c\x11\n\x11\x0b\x11\x0e\x11\x1f\x11\x1e\x11')
2026-09-16 19:31:10,896 BTPWorkerThread-409 (_rx_task) root DEBUG btp.py                    700   event_handler             : Header(svc_id=1, op=129, ctrl_index=0, data_len=38) (b'\xe0S\x00L\x17\xe5D\xb1\x03\x1b\x00\t\tNXL66528\x02\n\x0c\r\x03\x0c\x11\n\x11\x0b\x11\x0e\x11\x1f\x11\x1e\x11',)
2026-09-16 19:31:10,896 BTPWorkerThread-409 (_rx_task) root DEBUG gap.py                    191   gap_device_found_ev_      : b'\xe0S\x00L\x17\xe5D\xb1\x03\x1b\x00\t\tNXL66528\x02\n\x0c\r\x03\x0c\x11\n\x11\x0b\x11\x0e\x11\x1f\x11\x1e\x11'
2026-09-16 19:31:10,896 BTPWorkerThread-409 (_rx_task) root DEBUG gap.py                    205   gap_device_found_ev_      : found '44e5174c0053' type 224 eir b'\t\tNXL66528\x02\n\x0c\r\x03\x0c\x11\n\x11\x0b\x11\x0e\x11\x1f\x11\x1e\x11'
2026-09-16 19:31:11,148 BTPWorkerThread-409 (_rx_task) root DEBUG iutctl_common.py          123   read                      : Read 5 bytes
2026-09-16 19:31:11,149 BTPWorkerThread-409 (_rx_task) root DEBUG iutctl_common.py          131   read                      : Received: hdr: Header(svc_id=0x01, op=0x81, ctrl_index=0x00, data_len=0x27) bytearray(b"\x01\x81\x00\'\x00")
2026-09-16 19:31:11,149 BTPWorkerThread-409 (_rx_task) root DEBUG iutctl_common.py          139   read                      : Read 17 bytes data
2026-09-16 19:31:11,159 BTPWorkerThread-409 (_rx_task) root DEBUG iutctl_common.py          139   read                      : Read 22 bytes data
2026-09-16 19:31:11,160 BTPWorkerThread-409 (_rx_task) root DEBUG iutctl_common.py          154   read                      : Received data: {'e0 5f ae 7d 39 b3 a0 a8 03 1c 00 0a 09 53 4d 57 30 31 31 37 31 34 02 0a 0c 0d 03 0a 11 0c 11 0e 11 0b 11 1f 11 1e 11'}, bytearray(b'\xe0_\xae}9\xb3\xa0\xa8\x03\x1c\x00\n\tSMW011714\x02\n\x0c\r\x03\n\x11\x0c\x11\x0e\x11\x0b\x11\x1f\x11\x1e\x11')
2026-09-16 19:31:11,160 BTPWorkerThread-409 (_rx_task) root DEBUG btp.py                    700   event_handler             : Header(svc_id=1, op=129, ctrl_index=0, data_len=39) (b'\xe0_\xae}9\xb3\xa0\xa8\x03\x1c\x00\n\tSMW011714\x02\n\x0c\r\x03\n\x11\x0c\x11\x0e\x11\x0b\x11\x1f\x11\x1e\x11',)
2026-09-16 19:31:11,160 BTPWorkerThread-409 (_rx_task) root DEBUG gap.py                    191   gap_device_found_ev_      : b'\xe0_\xae}9\xb3\xa0\xa8\x03\x1c\x00\n\tSMW011714\x02\n\x0c\r\x03\n\x11\x0c\x11\x0e\x11\x0b\x11\x1f\x11\x1e\x11'
2026-09-16 19:31:11,160 BTPWorkerThread-409 (_rx_task) root DEBUG gap.py                    205   gap_device_found_ev_      : found 'a0b3397dae5f' type 224 eir b'\n\tSMW011714\x02\n\x0c\r\x03\n\x11\x0c\x11\x0e\x11\x0b\x11\x1f\x11\x1e\x11'
2026-09-16 19:31:11,192 BTPWorkerThread-409 (_rx_task) root DEBUG iutctl_common.py          123   read                      : Read 5 bytes
2026-09-16 19:31:11,192 BTPWorkerThread-409 (_rx_task) root DEBUG iutctl_common.py          131   read                      : Received: hdr: Header(svc_id=0x01, op=0x81, ctrl_index=0x00, data_len=0x26) bytearray(b'\x01\x81\x00&\x00')
2026-09-16 19:31:11,192 BTPWorkerThread-409 (_rx_task) root DEBUG iutctl_common.py          139   read                      : Read 38 bytes data
2026-09-16 19:31:11,193 BTPWorkerThread-409 (_rx_task) root DEBUG iutctl_common.py          154   read                      : Received data: {'e0 53 00 4c 17 e5 44 ac 03 1b 00 09 09 4e 58 4c 36 36 35 32 38 02 0a 0c 0d 03 0c 11 0a 11 0b 11 0e 11 1f 11 1e 11'}, bytearray(b'\xe0S\x00L\x17\xe5D\xac\x03\x1b\x00\t\tNXL66528\x02\n\x0c\r\x03\x0c\x11\n\x11\x0b\x11\x0e\x11\x1f\x11\x1e\x11')
2026-09-16 19:31:11,193 BTPWorkerThread-409 (_rx_task) root DEBUG btp.py                    700   event_handler             : Header(svc_id=1, op=129, ctrl_index=0, data_len=38) (b'\xe0S\x00L\x17\xe5D\xac\x03\x1b\x00\t\tNXL66528\x02\n\x0c\r\x03\x0c\x11\n\x11\x0b\x11\x0e\x11\x1f\x11\x1e\x11',)
2026-09-16 19:31:11,193 BTPWorkerThread-409 (_rx_task) root DEBUG gap.py                    191   gap_device_found_ev_      : b'\xe0S\x00L\x17\xe5D\xac\x03\x1b\x00\t\tNXL66528\x02\n\x0c\r\x03\x0c\x11\n\x11\x0b\x11\x0e\x11\x1f\x11\x1e\x11'
2026-09-16 19:31:11,193 BTPWorkerThread-409 (_rx_task) root DEBUG gap.py                    205   gap_device_found_ev_      : found '44e5174c0053' type 224 eir b'\t\tNXL66528\x02\n\x0c\r\x03\x0c\x11\n\x11\x0b\x11\x0e\x11\x1f\x11\x1e\x11'
2026-09-16 19:31:11,214 BTPWorkerThread-409 (_rx_task) root DEBUG iutctl_common.py          123   read                      : Read 5 bytes
2026-09-16 19:31:11,214 BTPWorkerThread-409 (_rx_task) root DEBUG iutctl_common.py          131   read                      : Received: hdr: Header(svc_id=0x01, op=0x81, ctrl_index=0x00, data_len=0x2a) bytearray(b'\x01\x81\x00*\x00')
2026-09-16 19:31:11,215 BTPWorkerThread-409 (_rx_task) root DEBUG iutctl_common.py          139   read                      : Read 3 bytes data
2026-09-16 19:31:11,225 BTPWorkerThread-409 (_rx_task) root DEBUG iutctl_common.py          139   read                      : Read 39 bytes data
2026-09-16 19:31:11,225 BTPWorkerThread-409 (_rx_task) root DEBUG iutctl_common.py          154   read                      : Received data: {'e0 cd 83 06 dc 1b 00 ab 03 1f 00 1e 09 41 32 44 50 20 53 6f 75 72 63 65 20 30 30 3a 31 42 3a 44 43 3a 30 36 3a 38 33 3a 43 44'}, bytearray(b'\xe0\xcd\x83\x06\xdc\x1b\x00\xab\x03\x1f\x00\x1e\tA2DP Source 00:1B:DC:06:83:CD')
2026-09-16 19:31:11,226 BTPWorkerThread-409 (_rx_task) root DEBUG btp.py                    700   event_handler             : Header(svc_id=1, op=129, ctrl_index=0, data_len=42) (b'\xe0\xcd\x83\x06\xdc\x1b\x00\xab\x03\x1f\x00\x1e\tA2DP Source 00:1B:DC:06:83:CD',)
2026-09-16 19:31:11,226 BTPWorkerThread-409 (_rx_task) root DEBUG gap.py                    191   gap_device_found_ev_      : b'\xe0\xcd\x83\x06\xdc\x1b\x00\xab\x03\x1f\x00\x1e\tA2DP Source 00:1B:DC:06:83:CD'
2026-09-16 19:31:11,226 BTPWorkerThread-409 (_rx_task) root DEBUG gap.py                    205   gap_device_found_ev_      : found '001bdc0683cd' type 224 eir b'\x1e\tA2DP Source 00:1B:DC:06:83:CD'
2026-09-16 19:31:11,586 BTPWorkerThread-409 (_rx_task) root DEBUG iutctl_common.py          123   read                      : Read 5 bytes
2026-09-16 19:31:11,587 BTPWorkerThread-409 (_rx_task) root DEBUG iutctl_common.py          131   read                      : Received: hdr: Header(svc_id=0x01, op=0x81, ctrl_index=0x00, data_len=0x2a) bytearray(b'\x01\x81\x00*\x00')
2026-09-16 19:31:11,587 BTPWorkerThread-409 (_rx_task) root DEBUG iutctl_common.py          139   read                      : Read 13 bytes data
2026-09-16 19:31:11,597 BTPWorkerThread-409 (_rx_task) root DEBUG iutctl_common.py          139   read                      : Read 29 bytes data
2026-09-16 19:31:11,598 BTPWorkerThread-409 (_rx_task) root DEBUG iutctl_common.py          154   read                      : Received data: {'e0 cd 83 06 dc 1b 00 ae 03 1f 00 1e 09 41 32 44 50 20 53 6f 75 72 63 65 20 30 30 3a 31 42 3a 44 43 3a 30 36 3a 38 33 3a 43 44'}, bytearray(b'\xe0\xcd\x83\x06\xdc\x1b\x00\xae\x03\x1f\x00\x1e\tA2DP Source 00:1B:DC:06:83:CD')
2026-09-16 19:31:11,598 BTPWorkerThread-409 (_rx_task) root DEBUG btp.py                    700   event_handler             : Header(svc_id=1, op=129, ctrl_index=0, data_len=42) (b'\xe0\xcd\x83\x06\xdc\x1b\x00\xae\x03\x1f\x00\x1e\tA2DP Source 00:1B:DC:06:83:CD',)
2026-09-16 19:31:11,598 BTPWorkerThread-409 (_rx_task) root DEBUG gap.py                    191   gap_device_found_ev_      : b'\xe0\xcd\x83\x06\xdc\x1b\x00\xae\x03\x1f\x00\x1e\tA2DP Source 00:1B:DC:06:83:CD'
2026-09-16 19:31:11,598 BTPWorkerThread-409 (_rx_task) root DEBUG gap.py                    205   gap_device_found_ev_      : found '001bdc0683cd' type 224 eir b'\x1e\tA2DP Source 00:1B:DC:06:83:CD'
2026-09-16 19:31:11,827 BTPWorkerThread-409 (_rx_task) root DEBUG iutctl_common.py          123   read                      : Read 5 bytes
2026-09-16 19:31:11,828 BTPWorkerThread-409 (_rx_task) root DEBUG iutctl_common.py          131   read                      : Received: hdr: Header(svc_id=0x01, op=0x81, ctrl_index=0x00, data_len=0x2a) bytearray(b'\x01\x81\x00*\x00')
2026-09-16 19:31:11,828 BTPWorkerThread-409 (_rx_task) root DEBUG iutctl_common.py          139   read                      : Read 10 bytes data
2026-09-16 19:31:11,838 BTPWorkerThread-409 (_rx_task) root DEBUG iutctl_common.py          139   read                      : Read 32 bytes data
2026-09-16 19:31:11,839 BTPWorkerThread-409 (_rx_task) root DEBUG iutctl_common.py          154   read                      : Received data: {'e0 cd 83 06 dc 1b 00 b0 03 1f 00 1e 09 41 32 44 50 20 53 6f 75 72 63 65 20 30 30 3a 31 42 3a 44 43 3a 30 36 3a 38 33 3a 43 44'}, bytearray(b'\xe0\xcd\x83\x06\xdc\x1b\x00\xb0\x03\x1f\x00\x1e\tA2DP Source 00:1B:DC:06:83:CD')
2026-09-16 19:31:11,839 BTPWorkerThread-409 (_rx_task) root DEBUG btp.py                    700   event_handler             : Header(svc_id=1, op=129, ctrl_index=0, data_len=42) (b'\xe0\xcd\x83\x06\xdc\x1b\x00\xb0\x03\x1f\x00\x1e\tA2DP Source 00:1B:DC:06:83:CD',)
2026-09-16 19:31:11,839 BTPWorkerThread-409 (_rx_task) root DEBUG gap.py                    191   gap_device_found_ev_      : b'\xe0\xcd\x83\x06\xdc\x1b\x00\xb0\x03\x1f\x00\x1e\tA2DP Source 00:1B:DC:06:83:CD'
2026-09-16 19:31:11,839 BTPWorkerThread-409 (_rx_task) root DEBUG gap.py                    205   gap_device_found_ev_      : found '001bdc0683cd' type 224 eir b'\x1e\tA2DP Source 00:1B:DC:06:83:CD'
2026-09-16 19:31:11,948 BTPWorkerThread-409 (_rx_task) root DEBUG iutctl_common.py          123   read                      : Read 5 bytes
2026-09-16 19:31:11,949 BTPWorkerThread-409 (_rx_task) root DEBUG iutctl_common.py          131   read                      : Received: hdr: Header(svc_id=0x01, op=0x81, ctrl_index=0x00, data_len=0x0b) bytearray(b'\x01\x81\x00\x0b\x00')
2026-09-16 19:31:11,949 BTPWorkerThread-409 (_rx_task) root DEBUG iutctl_common.py          139   read                      : Read 11 bytes data
2026-09-16 19:31:11,949 BTPWorkerThread-409 (_rx_task) root DEBUG iutctl_common.py          154   read                      : Received data: {'e0 53 00 4c 17 e5 44 b1 03 00 00'}, bytearray(b'\xe0S\x00L\x17\xe5D\xb1\x03\x00\x00')
2026-09-16 19:31:11,949 BTPWorkerThread-409 (_rx_task) root DEBUG btp.py                    700   event_handler             : Header(svc_id=1, op=129, ctrl_index=0, data_len=11) (b'\xe0S\x00L\x17\xe5D\xb1\x03\x00\x00',)
2026-09-16 19:31:11,949 BTPWorkerThread-409 (_rx_task) root DEBUG gap.py                    191   gap_device_found_ev_      : b'\xe0S\x00L\x17\xe5D\xb1\x03\x00\x00'
2026-09-16 19:31:11,949 BTPWorkerThread-409 (_rx_task) root DEBUG gap.py                    205   gap_device_found_ev_      : found '44e5174c0053' type 224 eir b''
2026-09-16 19:31:11,992 BTPWorkerThread-409 (_rx_task) root DEBUG iutctl_common.py          123   read                      : Read 5 bytes
2026-09-16 19:31:11,993 BTPWorkerThread-409 (_rx_task) root DEBUG iutctl_common.py          131   read                      : Received: hdr: Header(svc_id=0x01, op=0x81, ctrl_index=0x00, data_len=0x2a) bytearray(b'\x01\x81\x00*\x00')
2026-09-16 19:31:11,993 BTPWorkerThread-409 (_rx_task) root DEBUG iutctl_common.py          139   read                      : Read 42 bytes data
2026-09-16 19:31:11,993 BTPWorkerThread-409 (_rx_task) root DEBUG iutctl_common.py          154   read                      : Received data: {'e0 cd 83 06 dc 1b 00 a7 03 1f 00 1e 09 41 32 44 50 20 53 6f 75 72 63 65 20 30 30 3a 31 42 3a 44 43 3a 30 36 3a 38 33 3a 43 44'}, bytearray(b'\xe0\xcd\x83\x06\xdc\x1b\x00\xa7\x03\x1f\x00\x1e\tA2DP Source 00:1B:DC:06:83:CD')
2026-09-16 19:31:11,993 BTPWorkerThread-409 (_rx_task) root DEBUG btp.py                    700   event_handler             : Header(svc_id=1, op=129, ctrl_index=0, data_len=42) (b'\xe0\xcd\x83\x06\xdc\x1b\x00\xa7\x03\x1f\x00\x1e\tA2DP Source 00:1B:DC:06:83:CD',)
2026-09-16 19:31:11,993 BTPWorkerThread-409 (_rx_task) root DEBUG gap.py                    191   gap_device_found_ev_      : b'\xe0\xcd\x83\x06\xdc\x1b\x00\xa7\x03\x1f\x00\x1e\tA2DP Source 00:1B:DC:06:83:CD'
2026-09-16 19:31:11,993 BTPWorkerThread-409 (_rx_task) root DEBUG gap.py                    205   gap_device_found_ev_      : found '001bdc0683cd' type 224 eir b'\x1e\tA2DP Source 00:1B:DC:06:83:CD'
2026-09-16 19:31:12,014 BTPWorkerThread-409 (_rx_task) root DEBUG iutctl_common.py          123   read                      : Read 5 bytes
2026-09-16 19:31:12,014 BTPWorkerThread-409 (_rx_task) root DEBUG iutctl_common.py          131   read                      : Received: hdr: Header(svc_id=0x01, op=0x81, ctrl_index=0x00, data_len=0x26) bytearray(b'\x01\x81\x00&\x00')
2026-09-16 19:31:12,015 BTPWorkerThread-409 (_rx_task) root DEBUG iutctl_common.py          139   read                      : Read 38 bytes data
2026-09-16 19:31:12,015 BTPWorkerThread-409 (_rx_task) root DEBUG iutctl_common.py          154   read                      : Received data: {'e0 53 00 4c 17 e5 44 a6 03 1b 00 09 09 4e 58 4c 36 36 35 32 38 02 0a 0c 0d 03 0c 11 0a 11 0b 11 0e 11 1f 11 1e 11'}, bytearray(b'\xe0S\x00L\x17\xe5D\xa6\x03\x1b\x00\t\tNXL66528\x02\n\x0c\r\x03\x0c\x11\n\x11\x0b\x11\x0e\x11\x1f\x11\x1e\x11')
2026-09-16 19:31:12,015 BTPWorkerThread-409 (_rx_task) root DEBUG btp.py                    700   event_handler             : Header(svc_id=1, op=129, ctrl_index=0, data_len=38) (b'\xe0S\x00L\x17\xe5D\xa6\x03\x1b\x00\t\tNXL66528\x02\n\x0c\r\x03\x0c\x11\n\x11\x0b\x11\x0e\x11\x1f\x11\x1e\x11',)
2026-09-16 19:31:12,015 BTPWorkerThread-409 (_rx_task) root DEBUG gap.py                    191   gap_device_found_ev_      : b'\xe0S\x00L\x17\xe5D\xa6\x03\x1b\x00\t\tNXL66528\x02\n\x0c\r\x03\x0c\x11\n\x11\x0b\x11\x0e\x11\x1f\x11\x1e\x11'
2026-09-16 19:31:12,015 BTPWorkerThread-409 (_rx_task) root DEBUG gap.py                    205   gap_device_found_ev_      : found '44e5174c0053' type 224 eir b'\t\tNXL66528\x02\n\x0c\r\x03\x0c\x11\n\x11\x0b\x11\x0e\x11\x1f\x11\x1e\x11'
2026-09-16 19:31:12,025 BTPWorkerThread-409 (_rx_task) root DEBUG iutctl_common.py          123   read                      : Read 5 bytes
2026-09-16 19:31:12,026 BTPWorkerThread-409 (_rx_task) root DEBUG iutctl_common.py          131   read                      : Received: hdr: Header(svc_id=0x01, op=0x81, ctrl_index=0x00, data_len=0x26) bytearray(b'\x01\x81\x00&\x00')
2026-09-16 19:31:12,026 BTPWorkerThread-409 (_rx_task) root DEBUG iutctl_common.py          139   read                      : Read 38 bytes data
2026-09-16 19:31:12,026 BTPWorkerThread-409 (_rx_task) root DEBUG iutctl_common.py          154   read                      : Received data: {'e0 53 00 4c 17 e5 44 ae 03 1b 00 09 09 4e 58 4c 36 36 35 32 38 02 0a 0c 0d 03 0c 11 0a 11 0b 11 0e 11 1f 11 1e 11'}, bytearray(b'\xe0S\x00L\x17\xe5D\xae\x03\x1b\x00\t\tNXL66528\x02\n\x0c\r\x03\x0c\x11\n\x11\x0b\x11\x0e\x11\x1f\x11\x1e\x11')
2026-09-16 19:31:12,026 BTPWorkerThread-409 (_rx_task) root DEBUG btp.py                    700   event_handler             : Header(svc_id=1, op=129, ctrl_index=0, data_len=38) (b'\xe0S\x00L\x17\xe5D\xae\x03\x1b\x00\t\tNXL66528\x02\n\x0c\r\x03\x0c\x11\n\x11\x0b\x11\x0e\x11\x1f\x11\x1e\x11',)
2026-09-16 19:31:12,026 BTPWorkerThread-409 (_rx_task) root DEBUG gap.py                    191   gap_device_found_ev_      : b'\xe0S\x00L\x17\xe5D\xae\x03\x1b\x00\t\tNXL66528\x02\n\x0c\r\x03\x0c\x11\n\x11\x0b\x11\x0e\x11\x1f\x11\x1e\x11'
2026-09-16 19:31:12,026 BTPWorkerThread-409 (_rx_task) root DEBUG gap.py                    205   gap_device_found_ev_      : found '44e5174c0053' type 224 eir b'\t\tNXL66528\x02\n\x0c\r\x03\x0c\x11\n\x11\x0b\x11\x0e\x11\x1f\x11\x1e\x11'
2026-09-16 19:31:12,123 BTPWorkerThread-409 (_rx_task) root DEBUG iutctl_common.py          123   read                      : Read 5 bytes
2026-09-16 19:31:12,124 BTPWorkerThread-409 (_rx_task) root DEBUG iutctl_common.py          131   read                      : Received: hdr: Header(svc_id=0x01, op=0x81, ctrl_index=0x00, data_len=0x2a) bytearray(b'\x01\x81\x00*\x00')
2026-09-16 19:31:12,124 BTPWorkerThread-409 (_rx_task) root DEBUG iutctl_common.py          139   read                      : Read 42 bytes data
2026-09-16 19:31:12,124 BTPWorkerThread-409 (_rx_task) root DEBUG iutctl_common.py          154   read                      : Received data: {'e0 cd 83 06 dc 1b 00 ae 03 1f 00 1e 09 41 32 44 50 20 53 6f 75 72 63 65 20 30 30 3a 31 42 3a 44 43 3a 30 36 3a 38 33 3a 43 44'}, bytearray(b'\xe0\xcd\x83\x06\xdc\x1b\x00\xae\x03\x1f\x00\x1e\tA2DP Source 00:1B:DC:06:83:CD')
2026-09-16 19:31:12,124 BTPWorkerThread-409 (_rx_task) root DEBUG btp.py                    700   event_handler             : Header(svc_id=1, op=129, ctrl_index=0, data_len=42) (b'\xe0\xcd\x83\x06\xdc\x1b\x00\xae\x03\x1f\x00\x1e\tA2DP Source 00:1B:DC:06:83:CD',)
2026-09-16 19:31:12,124 BTPWorkerThread-409 (_rx_task) root DEBUG gap.py                    191   gap_device_found_ev_      : b'\xe0\xcd\x83\x06\xdc\x1b\x00\xae\x03\x1f\x00\x1e\tA2DP Source 00:1B:DC:06:83:CD'
2026-09-16 19:31:12,124 BTPWorkerThread-409 (_rx_task) root DEBUG gap.py                    205   gap_device_found_ev_      : found '001bdc0683cd' type 224 eir b'\x1e\tA2DP Source 00:1B:DC:06:83:CD'
2026-09-16 19:31:12,155 BTPWorkerThread-409 (_rx_task) root DEBUG iutctl_common.py          123   read                      : Read 5 bytes
2026-09-16 19:31:12,155 BTPWorkerThread-409 (_rx_task) root DEBUG iutctl_common.py          131   read                      : Received: hdr: Header(svc_id=0x01, op=0x81, ctrl_index=0x00, data_len=0x26) bytearray(b'\x01\x81\x00&\x00')
2026-09-16 19:31:12,156 BTPWorkerThread-409 (_rx_task) root DEBUG iutctl_common.py          139   read                      : Read 38 bytes data
2026-09-16 19:31:12,156 BTPWorkerThread-409 (_rx_task) root DEBUG iutctl_common.py          154   read                      : Received data: {'e0 53 00 4c 17 e5 44 a6 03 1b 00 09 09 4e 58 4c 36 36 35 32 38 02 0a 0c 0d 03 0c 11 0a 11 0b 11 0e 11 1f 11 1e 11'}, bytearray(b'\xe0S\x00L\x17\xe5D\xa6\x03\x1b\x00\t\tNXL66528\x02\n\x0c\r\x03\x0c\x11\n\x11\x0b\x11\x0e\x11\x1f\x11\x1e\x11')
2026-09-16 19:31:12,156 BTPWorkerThread-409 (_rx_task) root DEBUG btp.py                    700   event_handler             : Header(svc_id=1, op=129, ctrl_index=0, data_len=38) (b'\xe0S\x00L\x17\xe5D\xa6\x03\x1b\x00\t\tNXL66528\x02\n\x0c\r\x03\x0c\x11\n\x11\x0b\x11\x0e\x11\x1f\x11\x1e\x11',)
2026-09-16 19:31:12,156 BTPWorkerThread-409 (_rx_task) root DEBUG gap.py                    191   gap_device_found_ev_      : b'\xe0S\x00L\x17\xe5D\xa6\x03\x1b\x00\t\tNXL66528\x02\n\x0c\r\x03\x0c\x11\n\x11\x0b\x11\x0e\x11\x1f\x11\x1e\x11'
2026-09-16 19:31:12,156 BTPWorkerThread-409 (_rx_task) root DEBUG gap.py                    205   gap_device_found_ev_      : found '44e5174c0053' type 224 eir b'\t\tNXL66528\x02\n\x0c\r\x03\x0c\x11\n\x11\x0b\x11\x0e\x11\x1f\x11\x1e\x11'
2026-09-16 19:31:12,254 BTPWorkerThread-409 (_rx_task) root DEBUG iutctl_common.py          123   read                      : Read 5 bytes
2026-09-16 19:31:12,255 BTPWorkerThread-409 (_rx_task) root DEBUG iutctl_common.py          131   read                      : Received: hdr: Header(svc_id=0x01, op=0x81, ctrl_index=0x00, data_len=0x26) bytearray(b'\x01\x81\x00&\x00')
2026-09-16 19:31:12,255 BTPWorkerThread-409 (_rx_task) root DEBUG iutctl_common.py          139   read                      : Read 38 bytes data
2026-09-16 19:31:12,255 BTPWorkerThread-409 (_rx_task) root DEBUG iutctl_common.py          154   read                      : Received data: {'e0 53 00 4c 17 e5 44 b1 03 1b 00 09 09 4e 58 4c 36 36 35 32 38 02 0a 0c 0d 03 0c 11 0a 11 0b 11 0e 11 1f 11 1e 11'}, bytearray(b'\xe0S\x00L\x17\xe5D\xb1\x03\x1b\x00\t\tNXL66528\x02\n\x0c\r\x03\x0c\x11\n\x11\x0b\x11\x0e\x11\x1f\x11\x1e\x11')
2026-09-16 19:31:12,255 BTPWorkerThread-409 (_rx_task) root DEBUG btp.py                    700   event_handler             : Header(svc_id=1, op=129, ctrl_index=0, data_len=38) (b'\xe0S\x00L\x17\xe5D\xb1\x03\x1b\x00\t\tNXL66528\x02\n\x0c\r\x03\x0c\x11\n\x11\x0b\x11\x0e\x11\x1f\x11\x1e\x11',)
2026-09-16 19:31:12,255 BTPWorkerThread-409 (_rx_task) root DEBUG gap.py                    191   gap_device_found_ev_      : b'\xe0S\x00L\x17\xe5D\xb1\x03\x1b\x00\t\tNXL66528\x02\n\x0c\r\x03\x0c\x11\n\x11\x0b\x11\x0e\x11\x1f\x11\x1e\x11'
2026-09-16 19:31:12,255 BTPWorkerThread-409 (_rx_task) root DEBUG gap.py                    205   gap_device_found_ev_      : found '44e5174c0053' type 224 eir b'\t\tNXL66528\x02\n\x0c\r\x03\x0c\x11\n\x11\x0b\x11\x0e\x11\x1f\x11\x1e\x11'
2026-09-16 19:31:12,396 BTPWorkerThread-409 (_rx_task) root DEBUG iutctl_common.py          123   read                      : Read 5 bytes
2026-09-16 19:31:12,397 BTPWorkerThread-409 (_rx_task) root DEBUG iutctl_common.py          131   read                      : Received: hdr: Header(svc_id=0x01, op=0x81, ctrl_index=0x00, data_len=0x26) bytearray(b'\x01\x81\x00&\x00')
2026-09-16 19:31:12,397 BTPWorkerThread-409 (_rx_task) root DEBUG iutctl_common.py          139   read                      : Read 38 bytes data
2026-09-16 19:31:12,397 BTPWorkerThread-409 (_rx_task) root DEBUG iutctl_common.py          154   read                      : Received data: {'e0 53 00 4c 17 e5 44 aa 03 1b 00 09 09 4e 58 4c 36 36 35 32 38 02 0a 0c 0d 03 0c 11 0a 11 0b 11 0e 11 1f 11 1e 11'}, bytearray(b'\xe0S\x00L\x17\xe5D\xaa\x03\x1b\x00\t\tNXL66528\x02\n\x0c\r\x03\x0c\x11\n\x11\x0b\x11\x0e\x11\x1f\x11\x1e\x11')
2026-09-16 19:31:12,397 BTPWorkerThread-409 (_rx_task) root DEBUG btp.py                    700   event_handler             : Header(svc_id=1, op=129, ctrl_index=0, data_len=38) (b'\xe0S\x00L\x17\xe5D\xaa\x03\x1b\x00\t\tNXL66528\x02\n\x0c\r\x03\x0c\x11\n\x11\x0b\x11\x0e\x11\x1f\x11\x1e\x11',)
2026-09-16 19:31:12,397 BTPWorkerThread-409 (_rx_task) root DEBUG gap.py                    191   gap_device_found_ev_      : b'\xe0S\x00L\x17\xe5D\xaa\x03\x1b\x00\t\tNXL66528\x02\n\x0c\r\x03\x0c\x11\n\x11\x0b\x11\x0e\x11\x1f\x11\x1e\x11'
2026-09-16 19:31:12,397 BTPWorkerThread-409 (_rx_task) root DEBUG gap.py                    205   gap_device_found_ev_      : found '44e5174c0053' type 224 eir b'\t\tNXL66528\x02\n\x0c\r\x03\x0c\x11\n\x11\x0b\x11\x0e\x11\x1f\x11\x1e\x11'
2026-09-16 19:31:12,418 BTPWorkerThread-409 (_rx_task) root DEBUG iutctl_common.py          123   read                      : Read 5 bytes
2026-09-16 19:31:12,418 BTPWorkerThread-409 (_rx_task) root DEBUG iutctl_common.py          131   read                      : Received: hdr: Header(svc_id=0x01, op=0x81, ctrl_index=0x00, data_len=0x0b) bytearray(b'\x01\x81\x00\x0b\x00')
2026-09-16 19:31:12,419 BTPWorkerThread-409 (_rx_task) root DEBUG iutctl_common.py          139   read                      : Read 9 bytes data
2026-09-16 19:31:12,429 BTPWorkerThread-409 (_rx_task) root DEBUG iutctl_common.py          139   read                      : Read 2 bytes data
2026-09-16 19:31:12,430 BTPWorkerThread-409 (_rx_task) root DEBUG iutctl_common.py          154   read                      : Received data: {'e0 cd 83 06 dc 1b 00 a3 03 00 00'}, bytearray(b'\xe0\xcd\x83\x06\xdc\x1b\x00\xa3\x03\x00\x00')
2026-09-16 19:31:12,430 BTPWorkerThread-409 (_rx_task) root DEBUG btp.py                    700   event_handler             : Header(svc_id=1, op=129, ctrl_index=0, data_len=11) (b'\xe0\xcd\x83\x06\xdc\x1b\x00\xa3\x03\x00\x00',)
2026-09-16 19:31:12,430 BTPWorkerThread-409 (_rx_task) root DEBUG gap.py                    191   gap_device_found_ev_      : b'\xe0\xcd\x83\x06\xdc\x1b\x00\xa3\x03\x00\x00'
2026-09-16 19:31:12,430 BTPWorkerThread-409 (_rx_task) root DEBUG gap.py                    205   gap_device_found_ev_      : found '001bdc0683cd' type 224 eir b''
2026-09-16 19:31:12,430 BTPWorkerThread-409 (_rx_task) root DEBUG iutctl_common.py          123   read                      : Read 5 bytes
2026-09-16 19:31:12,430 BTPWorkerThread-409 (_rx_task) root DEBUG iutctl_common.py          131   read                      : Received: hdr: Header(svc_id=0x01, op=0x81, ctrl_index=0x00, data_len=0x27) bytearray(b"\x01\x81\x00\'\x00")
2026-09-16 19:31:12,430 BTPWorkerThread-409 (_rx_task) root DEBUG iutctl_common.py          139   read                      : Read 17 bytes data
2026-09-16 19:31:12,440 BTPWorkerThread-409 (_rx_task) root DEBUG iutctl_common.py          139   read                      : Read 22 bytes data
2026-09-16 19:31:12,441 BTPWorkerThread-409 (_rx_task) root DEBUG iutctl_common.py          154   read                      : Received data: {'e0 5f ae 7d 39 b3 a0 a8 03 1c 00 0a 09 53 4d 57 30 31 31 37 31 34 02 0a 0c 0d 03 0a 11 0c 11 0e 11 0b 11 1f 11 1e 11'}, bytearray(b'\xe0_\xae}9\xb3\xa0\xa8\x03\x1c\x00\n\tSMW011714\x02\n\x0c\r\x03\n\x11\x0c\x11\x0e\x11\x0b\x11\x1f\x11\x1e\x11')
2026-09-16 19:31:12,441 BTPWorkerThread-409 (_rx_task) root DEBUG btp.py                    700   event_handler             : Header(svc_id=1, op=129, ctrl_index=0, data_len=39) (b'\xe0_\xae}9\xb3\xa0\xa8\x03\x1c\x00\n\tSMW011714\x02\n\x0c\r\x03\n\x11\x0c\x11\x0e\x11\x0b\x11\x1f\x11\x1e\x11',)
2026-09-16 19:31:12,441 BTPWorkerThread-409 (_rx_task) root DEBUG gap.py                    191   gap_device_found_ev_      : b'\xe0_\xae}9\xb3\xa0\xa8\x03\x1c\x00\n\tSMW011714\x02\n\x0c\r\x03\n\x11\x0c\x11\x0e\x11\x0b\x11\x1f\x11\x1e\x11'
2026-09-16 19:31:12,441 BTPWorkerThread-409 (_rx_task) root DEBUG gap.py                    205   gap_device_found_ev_      : found 'a0b3397dae5f' type 224 eir b'\n\tSMW011714\x02\n\x0c\r\x03\n\x11\x0c\x11\x0e\x11\x0b\x11\x1f\x11\x1e\x11'
2026-09-16 19:31:12,527 BTPWorkerThread-409 (_rx_task) root DEBUG iutctl_common.py          123   read                      : Read 5 bytes
2026-09-16 19:31:12,527 BTPWorkerThread-409 (_rx_task) root DEBUG iutctl_common.py          131   read                      : Received: hdr: Header(svc_id=0x01, op=0x81, ctrl_index=0x00, data_len=0x1a) bytearray(b'\x01\x81\x00\x1a\x00')
2026-09-16 19:31:12,527 BTPWorkerThread-409 (_rx_task) root DEBUG iutctl_common.py          139   read                      : Read 16 bytes data
2026-09-16 19:31:12,538 BTPWorkerThread-409 (_rx_task) root DEBUG iutctl_common.py          139   read                      : Read 10 bytes data
2026-09-16 19:31:12,539 BTPWorkerThread-409 (_rx_task) root DEBUG iutctl_common.py          154   read                      : Received data: {'e0 4e e4 08 dc 1b 00 d5 03 0f 00 0e 09 50 54 53 2d 47 41 50 2d 45 34 34 45 00'}, bytearray(b'\xe0N\xe4\x08\xdc\x1b\x00\xd5\x03\x0f\x00\x0e\tPTS-GAP-E44E\x00')
2026-09-16 19:31:12,539 BTPWorkerThread-409 (_rx_task) root DEBUG btp.py                    700   event_handler             : Header(svc_id=1, op=129, ctrl_index=0, data_len=26) (b'\xe0N\xe4\x08\xdc\x1b\x00\xd5\x03\x0f\x00\x0e\tPTS-GAP-E44E\x00',)
2026-09-16 19:31:12,539 BTPWorkerThread-409 (_rx_task) root DEBUG gap.py                    191   gap_device_found_ev_      : b'\xe0N\xe4\x08\xdc\x1b\x00\xd5\x03\x0f\x00\x0e\tPTS-GAP-E44E\x00'
2026-09-16 19:31:12,539 BTPWorkerThread-409 (_rx_task) root DEBUG gap.py                    205   gap_device_found_ev_      : found '001bdc08e44e' type 224 eir b'\x0e\tPTS-GAP-E44E\x00'
2026-09-16 19:31:12,549 BTPWorkerThread-409 (_rx_task) root DEBUG iutctl_common.py          123   read                      : Read 5 bytes
2026-09-16 19:31:12,550 BTPWorkerThread-409 (_rx_task) root DEBUG iutctl_common.py          131   read                      : Received: hdr: Header(svc_id=0x01, op=0x81, ctrl_index=0x00, data_len=0x2a) bytearray(b'\x01\x81\x00*\x00')
2026-09-16 19:31:12,550 BTPWorkerThread-409 (_rx_task) root DEBUG iutctl_common.py          139   read                      : Read 42 bytes data
2026-09-16 19:31:12,550 BTPWorkerThread-409 (_rx_task) root DEBUG iutctl_common.py          154   read                      : Received data: {'e0 cd 83 06 dc 1b 00 b1 03 1f 00 1e 09 41 32 44 50 20 53 6f 75 72 63 65 20 30 30 3a 31 42 3a 44 43 3a 30 36 3a 38 33 3a 43 44'}, bytearray(b'\xe0\xcd\x83\x06\xdc\x1b\x00\xb1\x03\x1f\x00\x1e\tA2DP Source 00:1B:DC:06:83:CD')
2026-09-16 19:31:12,550 BTPWorkerThread-409 (_rx_task) root DEBUG btp.py                    700   event_handler             : Header(svc_id=1, op=129, ctrl_index=0, data_len=42) (b'\xe0\xcd\x83\x06\xdc\x1b\x00\xb1\x03\x1f\x00\x1e\tA2DP Source 00:1B:DC:06:83:CD',)
2026-09-16 19:31:12,550 BTPWorkerThread-409 (_rx_task) root DEBUG gap.py                    191   gap_device_found_ev_      : b'\xe0\xcd\x83\x06\xdc\x1b\x00\xb1\x03\x1f\x00\x1e\tA2DP Source 00:1B:DC:06:83:CD'
2026-09-16 19:31:12,550 BTPWorkerThread-409 (_rx_task) root DEBUG gap.py                    205   gap_device_found_ev_      : found '001bdc0683cd' type 224 eir b'\x1e\tA2DP Source 00:1B:DC:06:83:CD'
2026-09-16 19:31:14,357 BTPWorkerThread-409 (_rx_task) root DEBUG iutctl_common.py          123   read                      : Read 5 bytes
2026-09-16 19:31:14,358 BTPWorkerThread-409 (_rx_task) root DEBUG iutctl_common.py          131   read                      : Received: hdr: Header(svc_id=0x01, op=0x81, ctrl_index=0x00, data_len=0x0b) bytearray(b'\x01\x81\x00\x0b\x00')
2026-09-16 19:31:14,358 BTPWorkerThread-409 (_rx_task) root DEBUG iutctl_common.py          139   read                      : Read 11 bytes data
2026-09-16 19:31:14,358 BTPWorkerThread-409 (_rx_task) root DEBUG iutctl_common.py          154   read                      : Received data: {'e0 4d 65 9b 70 f3 5c a7 03 00 00'}, bytearray(b'\xe0Me\x9bp\xf3\\\xa7\x03\x00\x00')
2026-09-16 19:31:14,358 BTPWorkerThread-409 (_rx_task) root DEBUG btp.py                    700   event_handler             : Header(svc_id=1, op=129, ctrl_index=0, data_len=11) (b'\xe0Me\x9bp\xf3\\\xa7\x03\x00\x00',)
2026-09-16 19:31:14,358 BTPWorkerThread-409 (_rx_task) root DEBUG gap.py                    191   gap_device_found_ev_      : b'\xe0Me\x9bp\xf3\\\xa7\x03\x00\x00'
2026-09-16 19:31:14,358 BTPWorkerThread-409 (_rx_task) root DEBUG gap.py                    205   gap_device_found_ev_      : found '5cf3709b654d' type 224 eir b''
2026-09-16 19:31:14,400 BTPWorkerThread-409 (_rx_task) root DEBUG iutctl_common.py          123   read                      : Read 5 bytes
2026-09-16 19:31:14,400 BTPWorkerThread-409 (_rx_task) root DEBUG iutctl_common.py          131   read                      : Received: hdr: Header(svc_id=0x01, op=0x81, ctrl_index=0x00, data_len=0x26) bytearray(b'\x01\x81\x00&\x00')
2026-09-16 19:31:14,401 BTPWorkerThread-409 (_rx_task) root DEBUG iutctl_common.py          139   read                      : Read 38 bytes data
2026-09-16 19:31:14,401 BTPWorkerThread-409 (_rx_task) root DEBUG iutctl_common.py          154   read                      : Received data: {'e0 53 00 4c 17 e5 44 ad 03 1b 00 09 09 4e 58 4c 36 36 35 32 38 02 0a 0c 0d 03 0c 11 0a 11 0b 11 0e 11 1f 11 1e 11'}, bytearray(b'\xe0S\x00L\x17\xe5D\xad\x03\x1b\x00\t\tNXL66528\x02\n\x0c\r\x03\x0c\x11\n\x11\x0b\x11\x0e\x11\x1f\x11\x1e\x11')
2026-09-16 19:31:14,401 BTPWorkerThread-409 (_rx_task) root DEBUG btp.py                    700   event_handler             : Header(svc_id=1, op=129, ctrl_index=0, data_len=38) (b'\xe0S\x00L\x17\xe5D\xad\x03\x1b\x00\t\tNXL66528\x02\n\x0c\r\x03\x0c\x11\n\x11\x0b\x11\x0e\x11\x1f\x11\x1e\x11',)
2026-09-16 19:31:14,401 BTPWorkerThread-409 (_rx_task) root DEBUG gap.py                    191   gap_device_found_ev_      : b'\xe0S\x00L\x17\xe5D\xad\x03\x1b\x00\t\tNXL66528\x02\n\x0c\r\x03\x0c\x11\n\x11\x0b\x11\x0e\x11\x1f\x11\x1e\x11'
2026-09-16 19:31:14,401 BTPWorkerThread-409 (_rx_task) root DEBUG gap.py                    205   gap_device_found_ev_      : found '44e5174c0053' type 224 eir b'\t\tNXL66528\x02\n\x0c\r\x03\x0c\x11\n\x11\x0b\x11\x0e\x11\x1f\x11\x1e\x11'
2026-09-16 19:31:14,796 BTPWorkerThread-409 (_rx_task) root DEBUG iutctl_common.py          123   read                      : Read 5 bytes
2026-09-16 19:31:14,797 BTPWorkerThread-409 (_rx_task) root DEBUG iutctl_common.py          131   read                      : Received: hdr: Header(svc_id=0x01, op=0x81, ctrl_index=0x00, data_len=0x26) bytearray(b'\x01\x81\x00&\x00')
2026-09-16 19:31:14,797 BTPWorkerThread-409 (_rx_task) root DEBUG iutctl_common.py          139   read                      : Read 38 bytes data
2026-09-16 19:31:14,797 BTPWorkerThread-409 (_rx_task) root DEBUG iutctl_common.py          154   read                      : Received data: {'e0 53 00 4c 17 e5 44 b1 03 1b 00 09 09 4e 58 4c 36 36 35 32 38 02 0a 0c 0d 03 0c 11 0a 11 0b 11 0e 11 1f 11 1e 11'}, bytearray(b'\xe0S\x00L\x17\xe5D\xb1\x03\x1b\x00\t\tNXL66528\x02\n\x0c\r\x03\x0c\x11\n\x11\x0b\x11\x0e\x11\x1f\x11\x1e\x11')
2026-09-16 19:31:14,797 BTPWorkerThread-409 (_rx_task) root DEBUG btp.py                    700   event_handler             : Header(svc_id=1, op=129, ctrl_index=0, data_len=38) (b'\xe0S\x00L\x17\xe5D\xb1\x03\x1b\x00\t\tNXL66528\x02\n\x0c\r\x03\x0c\x11\n\x11\x0b\x11\x0e\x11\x1f\x11\x1e\x11',)
2026-09-16 19:31:14,797 BTPWorkerThread-409 (_rx_task) root DEBUG gap.py                    191   gap_device_found_ev_      : b'\xe0S\x00L\x17\xe5D\xb1\x03\x1b\x00\t\tNXL66528\x02\n\x0c\r\x03\x0c\x11\n\x11\x0b\x11\x0e\x11\x1f\x11\x1e\x11'
2026-09-16 19:31:14,797 BTPWorkerThread-409 (_rx_task) root DEBUG gap.py                    205   gap_device_found_ev_      : found '44e5174c0053' type 224 eir b'\t\tNXL66528\x02\n\x0c\r\x03\x0c\x11\n\x11\x0b\x11\x0e\x11\x1f\x11\x1e\x11'
2026-09-16 19:31:15,014 BTPWorkerThread-409 (_rx_task) root DEBUG iutctl_common.py          123   read                      : Read 5 bytes
2026-09-16 19:31:15,014 BTPWorkerThread-409 (_rx_task) root DEBUG iutctl_common.py          131   read                      : Received: hdr: Header(svc_id=0x01, op=0x81, ctrl_index=0x00, data_len=0x26) bytearray(b'\x01\x81\x00&\x00')
2026-09-16 19:31:15,015 BTPWorkerThread-409 (_rx_task) root DEBUG iutctl_common.py          139   read                      : Read 38 bytes data
2026-09-16 19:31:15,015 BTPWorkerThread-409 (_rx_task) root DEBUG iutctl_common.py          154   read                      : Received data: {'e0 53 00 4c 17 e5 44 b3 03 1b 00 09 09 4e 58 4c 36 36 35 32 38 02 0a 0c 0d 03 0c 11 0a 11 0b 11 0e 11 1f 11 1e 11'}, bytearray(b'\xe0S\x00L\x17\xe5D\xb3\x03\x1b\x00\t\tNXL66528\x02\n\x0c\r\x03\x0c\x11\n\x11\x0b\x11\x0e\x11\x1f\x11\x1e\x11')
2026-09-16 19:31:15,015 BTPWorkerThread-409 (_rx_task) root DEBUG btp.py                    700   event_handler             : Header(svc_id=1, op=129, ctrl_index=0, data_len=38) (b'\xe0S\x00L\x17\xe5D\xb3\x03\x1b\x00\t\tNXL66528\x02\n\x0c\r\x03\x0c\x11\n\x11\x0b\x11\x0e\x11\x1f\x11\x1e\x11',)
2026-09-16 19:31:15,015 BTPWorkerThread-409 (_rx_task) root DEBUG gap.py                    191   gap_device_found_ev_      : b'\xe0S\x00L\x17\xe5D\xb3\x03\x1b\x00\t\tNXL66528\x02\n\x0c\r\x03\x0c\x11\n\x11\x0b\x11\x0e\x11\x1f\x11\x1e\x11'
2026-09-16 19:31:15,015 BTPWorkerThread-409 (_rx_task) root DEBUG gap.py                    205   gap_device_found_ev_      : found '44e5174c0053' type 224 eir b'\t\tNXL66528\x02\n\x0c\r\x03\x0c\x11\n\x11\x0b\x11\x0e\x11\x1f\x11\x1e\x11'
2026-09-16 19:31:15,212 BTPWorkerThread-409 (_rx_task) root DEBUG iutctl_common.py          123   read                      : Read 5 bytes
2026-09-16 19:31:15,213 BTPWorkerThread-409 (_rx_task) root DEBUG iutctl_common.py          131   read                      : Received: hdr: Header(svc_id=0x01, op=0x81, ctrl_index=0x00, data_len=0x1a) bytearray(b'\x01\x81\x00\x1a\x00')
2026-09-16 19:31:15,213 BTPWorkerThread-409 (_rx_task) root DEBUG iutctl_common.py          139   read                      : Read 26 bytes data
2026-09-16 19:31:15,213 BTPWorkerThread-409 (_rx_task) root DEBUG iutctl_common.py          154   read                      : Received data: {'e0 4e e4 08 dc 1b 00 d2 03 0f 00 0e 09 50 54 53 2d 47 41 50 2d 45 34 34 45 00'}, bytearray(b'\xe0N\xe4\x08\xdc\x1b\x00\xd2\x03\x0f\x00\x0e\tPTS-GAP-E44E\x00')
2026-09-16 19:31:15,213 BTPWorkerThread-409 (_rx_task) root DEBUG btp.py                    700   event_handler             : Header(svc_id=1, op=129, ctrl_index=0, data_len=26) (b'\xe0N\xe4\x08\xdc\x1b\x00\xd2\x03\x0f\x00\x0e\tPTS-GAP-E44E\x00',)
2026-09-16 19:31:15,213 BTPWorkerThread-409 (_rx_task) root DEBUG gap.py                    191   gap_device_found_ev_      : b'\xe0N\xe4\x08\xdc\x1b\x00\xd2\x03\x0f\x00\x0e\tPTS-GAP-E44E\x00'
2026-09-16 19:31:15,213 BTPWorkerThread-409 (_rx_task) root DEBUG gap.py                    205   gap_device_found_ev_      : found '001bdc08e44e' type 224 eir b'\x0e\tPTS-GAP-E44E\x00'
2026-09-16 19:31:15,509 BTPWorkerThread-409 (_rx_task) root DEBUG iutctl_common.py          123   read                      : Read 5 bytes
2026-09-16 19:31:15,510 BTPWorkerThread-409 (_rx_task) root DEBUG iutctl_common.py          131   read                      : Received: hdr: Header(svc_id=0x01, op=0x81, ctrl_index=0x00, data_len=0x1a) bytearray(b'\x01\x81\x00\x1a\x00')
2026-09-16 19:31:15,510 BTPWorkerThread-409 (_rx_task) root DEBUG iutctl_common.py          139   read                      : Read 26 bytes data
2026-09-16 19:31:15,510 BTPWorkerThread-409 (_rx_task) root DEBUG iutctl_common.py          154   read                      : Received data: {'e0 4e e4 08 dc 1b 00 d5 03 0f 00 0e 09 50 54 53 2d 47 41 50 2d 45 34 34 45 00'}, bytearray(b'\xe0N\xe4\x08\xdc\x1b\x00\xd5\x03\x0f\x00\x0e\tPTS-GAP-E44E\x00')
2026-09-16 19:31:15,510 BTPWorkerThread-409 (_rx_task) root DEBUG btp.py                    700   event_handler             : Header(svc_id=1, op=129, ctrl_index=0, data_len=26) (b'\xe0N\xe4\x08\xdc\x1b\x00\xd5\x03\x0f\x00\x0e\tPTS-GAP-E44E\x00',)
2026-09-16 19:31:15,510 BTPWorkerThread-409 (_rx_task) root DEBUG gap.py                    191   gap_device_found_ev_      : b'\xe0N\xe4\x08\xdc\x1b\x00\xd5\x03\x0f\x00\x0e\tPTS-GAP-E44E\x00'
2026-09-16 19:31:15,510 BTPWorkerThread-409 (_rx_task) root DEBUG gap.py                    205   gap_device_found_ev_      : found '001bdc08e44e' type 224 eir b'\x0e\tPTS-GAP-E44E\x00'
2026-09-16 19:31:15,649 BTPWorkerThread-409 (_rx_task) root DEBUG iutctl_common.py          123   read                      : Read 5 bytes
2026-09-16 19:31:15,650 BTPWorkerThread-409 (_rx_task) root DEBUG iutctl_common.py          131   read                      : Received: hdr: Header(svc_id=0x01, op=0x81, ctrl_index=0x00, data_len=0x2a) bytearray(b'\x01\x81\x00*\x00')
2026-09-16 19:31:15,650 BTPWorkerThread-409 (_rx_task) root DEBUG iutctl_common.py          139   read                      : Read 42 bytes data
2026-09-16 19:31:15,650 BTPWorkerThread-409 (_rx_task) root DEBUG iutctl_common.py          154   read                      : Received data: {'e0 cd 83 06 dc 1b 00 af 03 1f 00 1e 09 41 32 44 50 20 53 6f 75 72 63 65 20 30 30 3a 31 42 3a 44 43 3a 30 36 3a 38 33 3a 43 44'}, bytearray(b'\xe0\xcd\x83\x06\xdc\x1b\x00\xaf\x03\x1f\x00\x1e\tA2DP Source 00:1B:DC:06:83:CD')
2026-09-16 19:31:15,650 BTPWorkerThread-409 (_rx_task) root DEBUG btp.py                    700   event_handler             : Header(svc_id=1, op=129, ctrl_index=0, data_len=42) (b'\xe0\xcd\x83\x06\xdc\x1b\x00\xaf\x03\x1f\x00\x1e\tA2DP Source 00:1B:DC:06:83:CD',)
2026-09-16 19:31:15,650 BTPWorkerThread-409 (_rx_task) root DEBUG gap.py                    191   gap_device_found_ev_      : b'\xe0\xcd\x83\x06\xdc\x1b\x00\xaf\x03\x1f\x00\x1e\tA2DP Source 00:1B:DC:06:83:CD'
2026-09-16 19:31:15,650 BTPWorkerThread-409 (_rx_task) root DEBUG gap.py                    205   gap_device_found_ev_      : found '001bdc0683cd' type 224 eir b'\x1e\tA2DP Source 00:1B:DC:06:83:CD'
2026-09-16 19:31:16,143 BTPWorkerThread-409 (_rx_task) root DEBUG iutctl_common.py          123   read                      : Read 5 bytes
2026-09-16 19:31:16,144 BTPWorkerThread-409 (_rx_task) root DEBUG iutctl_common.py          131   read                      : Received: hdr: Header(svc_id=0x01, op=0x81, ctrl_index=0x00, data_len=0x1a) bytearray(b'\x01\x81\x00\x1a\x00')
2026-09-16 19:31:16,144 BTPWorkerThread-409 (_rx_task) root DEBUG iutctl_common.py          139   read                      : Read 26 bytes data
2026-09-16 19:31:16,144 BTPWorkerThread-409 (_rx_task) root DEBUG iutctl_common.py          154   read                      : Received data: {'e0 4e e4 08 dc 1b 00 d5 03 0f 00 0e 09 50 54 53 2d 47 41 50 2d 45 34 34 45 00'}, bytearray(b'\xe0N\xe4\x08\xdc\x1b\x00\xd5\x03\x0f\x00\x0e\tPTS-GAP-E44E\x00')
2026-09-16 19:31:16,144 BTPWorkerThread-409 (_rx_task) root DEBUG btp.py                    700   event_handler             : Header(svc_id=1, op=129, ctrl_index=0, data_len=26) (b'\xe0N\xe4\x08\xdc\x1b\x00\xd5\x03\x0f\x00\x0e\tPTS-GAP-E44E\x00',)
2026-09-16 19:31:16,144 BTPWorkerThread-409 (_rx_task) root DEBUG gap.py                    191   gap_device_found_ev_      : b'\xe0N\xe4\x08\xdc\x1b\x00\xd5\x03\x0f\x00\x0e\tPTS-GAP-E44E\x00'
2026-09-16 19:31:16,144 BTPWorkerThread-409 (_rx_task) root DEBUG gap.py                    205   gap_device_found_ev_      : found '001bdc08e44e' type 224 eir b'\x0e\tPTS-GAP-E44E\x00'
2026-09-16 19:31:16,253 BTPWorkerThread-409 (_rx_task) root DEBUG iutctl_common.py          123   read                      : Read 5 bytes
2026-09-16 19:31:16,254 BTPWorkerThread-409 (_rx_task) root DEBUG iutctl_common.py          131   read                      : Received: hdr: Header(svc_id=0x01, op=0x81, ctrl_index=0x00, data_len=0x2a) bytearray(b'\x01\x81\x00*\x00')
2026-09-16 19:31:16,254 BTPWorkerThread-409 (_rx_task) root DEBUG iutctl_common.py          139   read                      : Read 42 bytes data
2026-09-16 19:31:16,254 BTPWorkerThread-409 (_rx_task) root DEBUG iutctl_common.py          154   read                      : Received data: {'e0 cd 83 06 dc 1b 00 ad 03 1f 00 1e 09 41 32 44 50 20 53 6f 75 72 63 65 20 30 30 3a 31 42 3a 44 43 3a 30 36 3a 38 33 3a 43 44'}, bytearray(b'\xe0\xcd\x83\x06\xdc\x1b\x00\xad\x03\x1f\x00\x1e\tA2DP Source 00:1B:DC:06:83:CD')
2026-09-16 19:31:16,254 BTPWorkerThread-409 (_rx_task) root DEBUG btp.py                    700   event_handler             : Header(svc_id=1, op=129, ctrl_index=0, data_len=42) (b'\xe0\xcd\x83\x06\xdc\x1b\x00\xad\x03\x1f\x00\x1e\tA2DP Source 00:1B:DC:06:83:CD',)
2026-09-16 19:31:16,254 BTPWorkerThread-409 (_rx_task) root DEBUG gap.py                    191   gap_device_found_ev_      : b'\xe0\xcd\x83\x06\xdc\x1b\x00\xad\x03\x1f\x00\x1e\tA2DP Source 00:1B:DC:06:83:CD'
2026-09-16 19:31:16,254 BTPWorkerThread-409 (_rx_task) root DEBUG gap.py                    205   gap_device_found_ev_      : found '001bdc0683cd' type 224 eir b'\x1e\tA2DP Source 00:1B:DC:06:83:CD'
2026-09-16 19:31:16,680 BTPWorkerThread-409 (_rx_task) root DEBUG iutctl_common.py          123   read                      : Read 5 bytes
2026-09-16 19:31:16,681 BTPWorkerThread-409 (_rx_task) root DEBUG iutctl_common.py          131   read                      : Received: hdr: Header(svc_id=0x01, op=0x81, ctrl_index=0x00, data_len=0x1a) bytearray(b'\x01\x81\x00\x1a\x00')
2026-09-16 19:31:16,681 BTPWorkerThread-409 (_rx_task) root DEBUG iutctl_common.py          139   read                      : Read 14 bytes data
2026-09-16 19:31:16,691 BTPWorkerThread-409 (_rx_task) root DEBUG iutctl_common.py          139   read                      : Read 12 bytes data
2026-09-16 19:31:16,692 BTPWorkerThread-409 (_rx_task) root DEBUG iutctl_common.py          154   read                      : Received data: {'e0 4e e4 08 dc 1b 00 d3 03 0f 00 0e 09 50 54 53 2d 47 41 50 2d 45 34 34 45 00'}, bytearray(b'\xe0N\xe4\x08\xdc\x1b\x00\xd3\x03\x0f\x00\x0e\tPTS-GAP-E44E\x00')
2026-09-16 19:31:16,692 BTPWorkerThread-409 (_rx_task) root DEBUG btp.py                    700   event_handler             : Header(svc_id=1, op=129, ctrl_index=0, data_len=26) (b'\xe0N\xe4\x08\xdc\x1b\x00\xd3\x03\x0f\x00\x0e\tPTS-GAP-E44E\x00',)
2026-09-16 19:31:16,692 BTPWorkerThread-409 (_rx_task) root DEBUG gap.py                    191   gap_device_found_ev_      : b'\xe0N\xe4\x08\xdc\x1b\x00\xd3\x03\x0f\x00\x0e\tPTS-GAP-E44E\x00'
2026-09-16 19:31:16,692 BTPWorkerThread-409 (_rx_task) root DEBUG gap.py                    205   gap_device_found_ev_      : found '001bdc08e44e' type 224 eir b'\x0e\tPTS-GAP-E44E\x00'
2026-09-16 19:31:16,899 BTPWorkerThread-409 (_rx_task) root DEBUG iutctl_common.py          123   read                      : Read 5 bytes
2026-09-16 19:31:16,900 BTPWorkerThread-409 (_rx_task) root DEBUG iutctl_common.py          131   read                      : Received: hdr: Header(svc_id=0x01, op=0x81, ctrl_index=0x00, data_len=0x0b) bytearray(b'\x01\x81\x00\x0b\x00')
2026-09-16 19:31:16,900 BTPWorkerThread-409 (_rx_task) root DEBUG iutctl_common.py          139   read                      : Read 11 bytes data
2026-09-16 19:31:16,900 BTPWorkerThread-409 (_rx_task) root DEBUG iutctl_common.py          154   read                      : Received data: {'e0 cd 83 06 dc 1b 00 aa 03 00 00'}, bytearray(b'\xe0\xcd\x83\x06\xdc\x1b\x00\xaa\x03\x00\x00')
2026-09-16 19:31:16,900 BTPWorkerThread-409 (_rx_task) root DEBUG btp.py                    700   event_handler             : Header(svc_id=1, op=129, ctrl_index=0, data_len=11) (b'\xe0\xcd\x83\x06\xdc\x1b\x00\xaa\x03\x00\x00',)
2026-09-16 19:31:16,900 BTPWorkerThread-409 (_rx_task) root DEBUG gap.py                    191   gap_device_found_ev_      : b'\xe0\xcd\x83\x06\xdc\x1b\x00\xaa\x03\x00\x00'
2026-09-16 19:31:16,900 BTPWorkerThread-409 (_rx_task) root DEBUG gap.py                    205   gap_device_found_ev_      : found '001bdc0683cd' type 224 eir b''
2026-09-16 19:31:16,921 BTPWorkerThread-409 (_rx_task) root DEBUG iutctl_common.py          123   read                      : Read 5 bytes
2026-09-16 19:31:16,922 BTPWorkerThread-409 (_rx_task) root DEBUG iutctl_common.py          131   read                      : Received: hdr: Header(svc_id=0x01, op=0x81, ctrl_index=0x00, data_len=0x0b) bytearray(b'\x01\x81\x00\x0b\x00')
2026-09-16 19:31:16,922 BTPWorkerThread-409 (_rx_task) root DEBUG iutctl_common.py          139   read                      : Read 11 bytes data
2026-09-16 19:31:16,922 BTPWorkerThread-409 (_rx_task) root DEBUG iutctl_common.py          154   read                      : Received data: {'e0 cd 83 06 dc 1b 00 a5 03 00 00'}, bytearray(b'\xe0\xcd\x83\x06\xdc\x1b\x00\xa5\x03\x00\x00')
2026-09-16 19:31:16,922 BTPWorkerThread-409 (_rx_task) root DEBUG btp.py                    700   event_handler             : Header(svc_id=1, op=129, ctrl_index=0, data_len=11) (b'\xe0\xcd\x83\x06\xdc\x1b\x00\xa5\x03\x00\x00',)
2026-09-16 19:31:16,922 BTPWorkerThread-409 (_rx_task) root DEBUG gap.py                    191   gap_device_found_ev_      : b'\xe0\xcd\x83\x06\xdc\x1b\x00\xa5\x03\x00\x00'
2026-09-16 19:31:16,922 BTPWorkerThread-409 (_rx_task) root DEBUG gap.py                    205   gap_device_found_ev_      : found '001bdc0683cd' type 224 eir b''
2026-09-16 19:31:16,965 BTPWorkerThread-409 (_rx_task) root DEBUG iutctl_common.py          123   read                      : Read 5 bytes
2026-09-16 19:31:16,966 BTPWorkerThread-409 (_rx_task) root DEBUG iutctl_common.py          131   read                      : Received: hdr: Header(svc_id=0x01, op=0x81, ctrl_index=0x00, data_len=0x26) bytearray(b'\x01\x81\x00&\x00')
2026-09-16 19:31:16,966 BTPWorkerThread-409 (_rx_task) root DEBUG iutctl_common.py          139   read                      : Read 38 bytes data
2026-09-16 19:31:16,966 BTPWorkerThread-409 (_rx_task) root DEBUG iutctl_common.py          154   read                      : Received data: {'e0 53 00 4c 17 e5 44 aa 03 1b 00 09 09 4e 58 4c 36 36 35 32 38 02 0a 0c 0d 03 0c 11 0a 11 0b 11 0e 11 1f 11 1e 11'}, bytearray(b'\xe0S\x00L\x17\xe5D\xaa\x03\x1b\x00\t\tNXL66528\x02\n\x0c\r\x03\x0c\x11\n\x11\x0b\x11\x0e\x11\x1f\x11\x1e\x11')
2026-09-16 19:31:16,966 BTPWorkerThread-409 (_rx_task) root DEBUG btp.py                    700   event_handler             : Header(svc_id=1, op=129, ctrl_index=0, data_len=38) (b'\xe0S\x00L\x17\xe5D\xaa\x03\x1b\x00\t\tNXL66528\x02\n\x0c\r\x03\x0c\x11\n\x11\x0b\x11\x0e\x11\x1f\x11\x1e\x11',)
2026-09-16 19:31:16,966 BTPWorkerThread-409 (_rx_task) root DEBUG gap.py                    191   gap_device_found_ev_      : b'\xe0S\x00L\x17\xe5D\xaa\x03\x1b\x00\t\tNXL66528\x02\n\x0c\r\x03\x0c\x11\n\x11\x0b\x11\x0e\x11\x1f\x11\x1e\x11'
2026-09-16 19:31:16,966 BTPWorkerThread-409 (_rx_task) root DEBUG gap.py                    205   gap_device_found_ev_      : found '44e5174c0053' type 224 eir b'\t\tNXL66528\x02\n\x0c\r\x03\x0c\x11\n\x11\x0b\x11\x0e\x11\x1f\x11\x1e\x11'
2026-09-16 19:31:16,998 BTPWorkerThread-409 (_rx_task) root DEBUG iutctl_common.py          123   read                      : Read 5 bytes
2026-09-16 19:31:16,999 BTPWorkerThread-409 (_rx_task) root DEBUG iutctl_common.py          131   read                      : Received: hdr: Header(svc_id=0x01, op=0x81, ctrl_index=0x00, data_len=0x1a) bytearray(b'\x01\x81\x00\x1a\x00')
2026-09-16 19:31:16,999 BTPWorkerThread-409 (_rx_task) root DEBUG iutctl_common.py          139   read                      : Read 26 bytes data
2026-09-16 19:31:16,999 BTPWorkerThread-409 (_rx_task) root DEBUG iutctl_common.py          154   read                      : Received data: {'e0 4e e4 08 dc 1b 00 d5 03 0f 00 0e 09 50 54 53 2d 47 41 50 2d 45 34 34 45 00'}, bytearray(b'\xe0N\xe4\x08\xdc\x1b\x00\xd5\x03\x0f\x00\x0e\tPTS-GAP-E44E\x00')
2026-09-16 19:31:16,999 BTPWorkerThread-409 (_rx_task) root DEBUG btp.py                    700   event_handler             : Header(svc_id=1, op=129, ctrl_index=0, data_len=26) (b'\xe0N\xe4\x08\xdc\x1b\x00\xd5\x03\x0f\x00\x0e\tPTS-GAP-E44E\x00',)
2026-09-16 19:31:16,999 BTPWorkerThread-409 (_rx_task) root DEBUG gap.py                    191   gap_device_found_ev_      : b'\xe0N\xe4\x08\xdc\x1b\x00\xd5\x03\x0f\x00\x0e\tPTS-GAP-E44E\x00'
2026-09-16 19:31:16,999 BTPWorkerThread-409 (_rx_task) root DEBUG gap.py                    205   gap_device_found_ev_      : found '001bdc08e44e' type 224 eir b'\x0e\tPTS-GAP-E44E\x00'
2026-09-16 19:31:17,150 BTPWorkerThread-409 (_rx_task) root DEBUG iutctl_common.py          123   read                      : Read 5 bytes
2026-09-16 19:31:17,151 BTPWorkerThread-409 (_rx_task) root DEBUG iutctl_common.py          131   read                      : Received: hdr: Header(svc_id=0x01, op=0x81, ctrl_index=0x00, data_len=0x1a) bytearray(b'\x01\x81\x00\x1a\x00')
2026-09-16 19:31:17,151 BTPWorkerThread-409 (_rx_task) root DEBUG iutctl_common.py          139   read                      : Read 26 bytes data
2026-09-16 19:31:17,151 BTPWorkerThread-409 (_rx_task) root DEBUG iutctl_common.py          154   read                      : Received data: {'e0 4e e4 08 dc 1b 00 d1 03 0f 00 0e 09 50 54 53 2d 47 41 50 2d 45 34 34 45 00'}, bytearray(b'\xe0N\xe4\x08\xdc\x1b\x00\xd1\x03\x0f\x00\x0e\tPTS-GAP-E44E\x00')
2026-09-16 19:31:17,151 BTPWorkerThread-409 (_rx_task) root DEBUG btp.py                    700   event_handler             : Header(svc_id=1, op=129, ctrl_index=0, data_len=26) (b'\xe0N\xe4\x08\xdc\x1b\x00\xd1\x03\x0f\x00\x0e\tPTS-GAP-E44E\x00',)
2026-09-16 19:31:17,151 BTPWorkerThread-409 (_rx_task) root DEBUG gap.py                    191   gap_device_found_ev_      : b'\xe0N\xe4\x08\xdc\x1b\x00\xd1\x03\x0f\x00\x0e\tPTS-GAP-E44E\x00'
2026-09-16 19:31:17,151 BTPWorkerThread-409 (_rx_task) root DEBUG gap.py                    205   gap_device_found_ev_      : found '001bdc08e44e' type 224 eir b'\x0e\tPTS-GAP-E44E\x00'
2026-09-16 19:31:17,183 BTPWorkerThread-409 (_rx_task) root DEBUG iutctl_common.py          123   read                      : Read 5 bytes
2026-09-16 19:31:17,184 BTPWorkerThread-409 (_rx_task) root DEBUG iutctl_common.py          131   read                      : Received: hdr: Header(svc_id=0x01, op=0x81, ctrl_index=0x00, data_len=0x1a) bytearray(b'\x01\x81\x00\x1a\x00')
2026-09-16 19:31:17,184 BTPWorkerThread-409 (_rx_task) root DEBUG iutctl_common.py          139   read                      : Read 26 bytes data
2026-09-16 19:31:17,184 BTPWorkerThread-409 (_rx_task) root DEBUG iutctl_common.py          154   read                      : Received data: {'e0 4e e4 08 dc 1b 00 cf 03 0f 00 0e 09 50 54 53 2d 47 41 50 2d 45 34 34 45 00'}, bytearray(b'\xe0N\xe4\x08\xdc\x1b\x00\xcf\x03\x0f\x00\x0e\tPTS-GAP-E44E\x00')
2026-09-16 19:31:17,184 BTPWorkerThread-409 (_rx_task) root DEBUG btp.py                    700   event_handler             : Header(svc_id=1, op=129, ctrl_index=0, data_len=26) (b'\xe0N\xe4\x08\xdc\x1b\x00\xcf\x03\x0f\x00\x0e\tPTS-GAP-E44E\x00',)
2026-09-16 19:31:17,184 BTPWorkerThread-409 (_rx_task) root DEBUG gap.py                    191   gap_device_found_ev_      : b'\xe0N\xe4\x08\xdc\x1b\x00\xcf\x03\x0f\x00\x0e\tPTS-GAP-E44E\x00'
2026-09-16 19:31:17,184 BTPWorkerThread-409 (_rx_task) root DEBUG gap.py                    205   gap_device_found_ev_      : found '001bdc08e44e' type 224 eir b'\x0e\tPTS-GAP-E44E\x00'
2026-09-16 19:31:17,237 BTPWorkerThread-409 (_rx_task) root DEBUG iutctl_common.py          123   read                      : Read 5 bytes
2026-09-16 19:31:17,238 BTPWorkerThread-409 (_rx_task) root DEBUG iutctl_common.py          131   read                      : Received: hdr: Header(svc_id=0x01, op=0x81, ctrl_index=0x00, data_len=0x1a) bytearray(b'\x01\x81\x00\x1a\x00')
2026-09-16 19:31:17,238 BTPWorkerThread-409 (_rx_task) root DEBUG iutctl_common.py          139   read                      : Read 26 bytes data
2026-09-16 19:31:17,238 BTPWorkerThread-409 (_rx_task) root DEBUG iutctl_common.py          154   read                      : Received data: {'e0 4e e4 08 dc 1b 00 cf 03 0f 00 0e 09 50 54 53 2d 47 41 50 2d 45 34 34 45 00'}, bytearray(b'\xe0N\xe4\x08\xdc\x1b\x00\xcf\x03\x0f\x00\x0e\tPTS-GAP-E44E\x00')
2026-09-16 19:31:17,238 BTPWorkerThread-409 (_rx_task) root DEBUG btp.py                    700   event_handler             : Header(svc_id=1, op=129, ctrl_index=0, data_len=26) (b'\xe0N\xe4\x08\xdc\x1b\x00\xcf\x03\x0f\x00\x0e\tPTS-GAP-E44E\x00',)
2026-09-16 19:31:17,238 BTPWorkerThread-409 (_rx_task) root DEBUG gap.py                    191   gap_device_found_ev_      : b'\xe0N\xe4\x08\xdc\x1b\x00\xcf\x03\x0f\x00\x0e\tPTS-GAP-E44E\x00'
2026-09-16 19:31:17,238 BTPWorkerThread-409 (_rx_task) root DEBUG gap.py                    205   gap_device_found_ev_      : found '001bdc08e44e' type 224 eir b'\x0e\tPTS-GAP-E44E\x00'
2026-09-16 19:31:17,422 BTPWorkerThread-409 (_rx_task) root DEBUG iutctl_common.py          123   read                      : Read 5 bytes
2026-09-16 19:31:17,422 BTPWorkerThread-409 (_rx_task) root DEBUG iutctl_common.py          131   read                      : Received: hdr: Header(svc_id=0x01, op=0x81, ctrl_index=0x00, data_len=0x26) bytearray(b'\x01\x81\x00&\x00')
2026-09-16 19:31:17,423 BTPWorkerThread-409 (_rx_task) root DEBUG iutctl_common.py          139   read                      : Read 38 bytes data
2026-09-16 19:31:17,423 BTPWorkerThread-409 (_rx_task) root DEBUG iutctl_common.py          154   read                      : Received data: {'e0 53 00 4c 17 e5 44 b0 03 1b 00 09 09 4e 58 4c 36 36 35 32 38 02 0a 0c 0d 03 0c 11 0a 11 0b 11 0e 11 1f 11 1e 11'}, bytearray(b'\xe0S\x00L\x17\xe5D\xb0\x03\x1b\x00\t\tNXL66528\x02\n\x0c\r\x03\x0c\x11\n\x11\x0b\x11\x0e\x11\x1f\x11\x1e\x11')
2026-09-16 19:31:17,423 BTPWorkerThread-409 (_rx_task) root DEBUG btp.py                    700   event_handler             : Header(svc_id=1, op=129, ctrl_index=0, data_len=38) (b'\xe0S\x00L\x17\xe5D\xb0\x03\x1b\x00\t\tNXL66528\x02\n\x0c\r\x03\x0c\x11\n\x11\x0b\x11\x0e\x11\x1f\x11\x1e\x11',)
2026-09-16 19:31:17,423 BTPWorkerThread-409 (_rx_task) root DEBUG gap.py                    191   gap_device_found_ev_      : b'\xe0S\x00L\x17\xe5D\xb0\x03\x1b\x00\t\tNXL66528\x02\n\x0c\r\x03\x0c\x11\n\x11\x0b\x11\x0e\x11\x1f\x11\x1e\x11'
2026-09-16 19:31:17,423 BTPWorkerThread-409 (_rx_task) root DEBUG gap.py                    205   gap_device_found_ev_      : found '44e5174c0053' type 224 eir b'\t\tNXL66528\x02\n\x0c\r\x03\x0c\x11\n\x11\x0b\x11\x0e\x11\x1f\x11\x1e\x11'
2026-09-16 19:31:17,499 BTPWorkerThread-409 (_rx_task) root DEBUG iutctl_common.py          123   read                      : Read 5 bytes
2026-09-16 19:31:17,500 BTPWorkerThread-409 (_rx_task) root DEBUG iutctl_common.py          131   read                      : Received: hdr: Header(svc_id=0x01, op=0x81, ctrl_index=0x00, data_len=0x26) bytearray(b'\x01\x81\x00&\x00')
2026-09-16 19:31:17,500 BTPWorkerThread-409 (_rx_task) root DEBUG iutctl_common.py          139   read                      : Read 22 bytes data
2026-09-16 19:31:17,510 BTPWorkerThread-409 (_rx_task) root DEBUG iutctl_common.py          139   read                      : Read 16 bytes data
2026-09-16 19:31:17,511 BTPWorkerThread-409 (_rx_task) root DEBUG iutctl_common.py          154   read                      : Received data: {'e0 53 00 4c 17 e5 44 a7 03 1b 00 09 09 4e 58 4c 36 36 35 32 38 02 0a 0c 0d 03 0c 11 0a 11 0b 11 0e 11 1f 11 1e 11'}, bytearray(b'\xe0S\x00L\x17\xe5D\xa7\x03\x1b\x00\t\tNXL66528\x02\n\x0c\r\x03\x0c\x11\n\x11\x0b\x11\x0e\x11\x1f\x11\x1e\x11')
2026-09-16 19:31:17,511 BTPWorkerThread-409 (_rx_task) root DEBUG btp.py                    700   event_handler             : Header(svc_id=1, op=129, ctrl_index=0, data_len=38) (b'\xe0S\x00L\x17\xe5D\xa7\x03\x1b\x00\t\tNXL66528\x02\n\x0c\r\x03\x0c\x11\n\x11\x0b\x11\x0e\x11\x1f\x11\x1e\x11',)
2026-09-16 19:31:17,511 BTPWorkerThread-409 (_rx_task) root DEBUG gap.py                    191   gap_device_found_ev_      : b'\xe0S\x00L\x17\xe5D\xa7\x03\x1b\x00\t\tNXL66528\x02\n\x0c\r\x03\x0c\x11\n\x11\x0b\x11\x0e\x11\x1f\x11\x1e\x11'
2026-09-16 19:31:17,511 BTPWorkerThread-409 (_rx_task) root DEBUG gap.py                    205   gap_device_found_ev_      : found '44e5174c0053' type 224 eir b'\t\tNXL66528\x02\n\x0c\r\x03\x0c\x11\n\x11\x0b\x11\x0e\x11\x1f\x11\x1e\x11'
2026-09-16 19:31:17,522 BTPWorkerThread-409 (_rx_task) root DEBUG iutctl_common.py          123   read                      : Read 5 bytes
2026-09-16 19:31:17,523 BTPWorkerThread-409 (_rx_task) root DEBUG iutctl_common.py          131   read                      : Received: hdr: Header(svc_id=0x01, op=0x81, ctrl_index=0x00, data_len=0x1a) bytearray(b'\x01\x81\x00\x1a\x00')
2026-09-16 19:31:17,523 BTPWorkerThread-409 (_rx_task) root DEBUG iutctl_common.py          139   read                      : Read 26 bytes data
2026-09-16 19:31:17,523 BTPWorkerThread-409 (_rx_task) root DEBUG iutctl_common.py          154   read                      : Received data: {'e0 4e e4 08 dc 1b 00 d2 03 0f 00 0e 09 50 54 53 2d 47 41 50 2d 45 34 34 45 00'}, bytearray(b'\xe0N\xe4\x08\xdc\x1b\x00\xd2\x03\x0f\x00\x0e\tPTS-GAP-E44E\x00')
2026-09-16 19:31:17,523 BTPWorkerThread-409 (_rx_task) root DEBUG btp.py                    700   event_handler             : Header(svc_id=1, op=129, ctrl_index=0, data_len=26) (b'\xe0N\xe4\x08\xdc\x1b\x00\xd2\x03\x0f\x00\x0e\tPTS-GAP-E44E\x00',)
2026-09-16 19:31:17,523 BTPWorkerThread-409 (_rx_task) root DEBUG gap.py                    191   gap_device_found_ev_      : b'\xe0N\xe4\x08\xdc\x1b\x00\xd2\x03\x0f\x00\x0e\tPTS-GAP-E44E\x00'
2026-09-16 19:31:17,523 BTPWorkerThread-409 (_rx_task) root DEBUG gap.py                    205   gap_device_found_ev_      : found '001bdc08e44e' type 224 eir b'\x0e\tPTS-GAP-E44E\x00'
2026-09-16 19:31:17,529 LT1-thread root DEBUG gap.py                    1148  gap_stop_discovery        : 
2026-09-16 19:31:17,529 LT1-thread root DEBUG iutctl_common.py          161   send                      : 1 13 0 ''
2026-09-16 19:31:17,529 LT1-thread root DEBUG iutctl_common.py          166   send                      : sending frame '010d000000'
2026-09-16 19:31:17,529 LT1-thread root DEBUG gap.py                    1227  gap_command_rsp_succ      : 
2026-09-16 19:31:17,529 LT1-thread root DEBUG iutctl_common.py          339   read                      : 
2026-09-16 19:31:17,560 BTPWorkerThread-409 (_rx_task) root DEBUG iutctl_common.py          123   read                      : Read 5 bytes
2026-09-16 19:31:17,577 BTPWorkerThread-409 (_rx_task) root DEBUG iutctl_common.py          131   read                      : Received: hdr: Header(svc_id=0x01, op=0x0d, ctrl_index=0x00, data_len=0x00) bytearray(b'\x01\r\x00\x00\x00')
2026-09-16 19:31:17,582 BTPWorkerThread-409 (_rx_task) root DEBUG iutctl_common.py          154   read                      : Received data: {''}, bytearray(b'')
2026-09-16 19:31:17,582 LT1-thread root DEBUG gap.py                    1232  gap_command_rsp_succ      : received Header(svc_id=1, op=13, ctrl_index=0, data_len=0) (b'',)
2026-09-16 19:31:17,582 LT1-thread root DEBUG gap.py                    1508  check_discovery_results   : 224 '001bdc08e44e' True None
2026-09-16 19:31:17,582 LT1-thread root DEBUG gap.py                    1517  check_discovery_results   : matching LeAdv(addr_type=224, addr='44e5174c0053', rssi=175, flags=3, eir=b'\t\tNXL66528\x02\n\x0c\r\x03\x0c\x11\n\x11\x0b\x11\x0e\x11\x1f\x11\x1e\x11')
2026-09-16 19:31:17,583 LT1-thread root DEBUG gap.py                    1517  check_discovery_results   : matching LeAdv(addr_type=224, addr='001bdc06b2eb', rssi=166, flags=3, eir=b'\x1e\tA2DP Source 00:1B:DC:06:B2:EB')
2026-09-16 19:31:17,583 LT1-thread root DEBUG gap.py                    1517  check_discovery_results   : matching LeAdv(addr_type=224, addr='44e5174c0053', rssi=178, flags=3, eir=b'\t\tNXL66528\x02\n\x0c\r\x03\x0c\x11\n\x11\x0b\x11\x0e\x11\x1f\x11\x1e\x11')
2026-09-16 19:31:17,583 LT1-thread root DEBUG gap.py                    1517  check_discovery_results   : matching LeAdv(addr_type=224, addr='44e5174c0053', rssi=180, flags=3, eir=b'\t\tNXL66528\x02\n\x0c\r\x03\x0c\x11\n\x11\x0b\x11\x0e\x11\x1f\x11\x1e\x11')
2026-09-16 19:31:17,583 LT1-thread root DEBUG gap.py                    1517  check_discovery_results   : matching LeAdv(addr_type=224, addr='001bdc068395', rssi=173, flags=3, eir=b'\x1e\tHFP AG Demo 00:1B:DC:06:83:95')
2026-09-16 19:31:17,583 LT1-thread root DEBUG gap.py                    1517  check_discovery_results   : matching LeAdv(addr_type=224, addr='001bdc068395', rssi=168, flags=3, eir=b'\x1e\tHFP AG Demo 00:1B:DC:06:83:95')
2026-09-16 19:31:17,583 LT1-thread root DEBUG gap.py                    1517  check_discovery_results   : matching LeAdv(addr_type=224, addr='44e5174c0053', rssi=176, flags=3, eir=b'\t\tNXL66528\x02\n\x0c\r\x03\x0c\x11\n\x11\x0b\x11\x0e\x11\x1f\x11\x1e\x11')
2026-09-16 19:31:17,583 LT1-thread root DEBUG gap.py                    1517  check_discovery_results   : matching LeAdv(addr_type=224, addr='44e5174c0053', rssi=167, flags=3, eir=b'')
2026-09-16 19:31:17,583 LT1-thread root DEBUG gap.py                    1517  check_discovery_results   : matching LeAdv(addr_type=224, addr='44e5174c0053', rssi=177, flags=3, eir=b'\t\tNXL66528\x02\n\x0c\r\x03\x0c\x11\n\x11\x0b\x11\x0e\x11\x1f\x11\x1e\x11')
2026-09-16 19:31:17,583 LT1-thread root DEBUG gap.py                    1517  check_discovery_results   : matching LeAdv(addr_type=224, addr='a0b3397dae5f', rssi=168, flags=3, eir=b'\n\tSMW011714\x02\n\x0c\r\x03\n\x11\x0c\x11\x0e\x11\x0b\x11\x1f\x11\x1e\x11')
2026-09-16 19:31:17,583 LT1-thread root DEBUG gap.py                    1517  check_discovery_results   : matching LeAdv(addr_type=224, addr='44e5174c0053', rssi=172, flags=3, eir=b'\t\tNXL66528\x02\n\x0c\r\x03\x0c\x11\n\x11\x0b\x11\x0e\x11\x1f\x11\x1e\x11')
2026-09-16 19:31:17,583 LT1-thread root DEBUG gap.py                    1517  check_discovery_results   : matching LeAdv(addr_type=224, addr='001bdc0683cd', rssi=171, flags=3, eir=b'\x1e\tA2DP Source 00:1B:DC:06:83:CD')
2026-09-16 19:31:17,583 LT1-thread root DEBUG gap.py                    1517  check_discovery_results   : matching LeAdv(addr_type=224, addr='001bdc0683cd', rssi=174, flags=3, eir=b'\x1e\tA2DP Source 00:1B:DC:06:83:CD')
2026-09-16 19:31:17,583 LT1-thread root DEBUG gap.py                    1517  check_discovery_results   : matching LeAdv(addr_type=224, addr='001bdc0683cd', rssi=176, flags=3, eir=b'\x1e\tA2DP Source 00:1B:DC:06:83:CD')
2026-09-16 19:31:17,583 LT1-thread root DEBUG gap.py                    1517  check_discovery_results   : matching LeAdv(addr_type=224, addr='44e5174c0053', rssi=177, flags=3, eir=b'')
2026-09-16 19:31:17,583 LT1-thread root DEBUG gap.py                    1517  check_discovery_results   : matching LeAdv(addr_type=224, addr='001bdc0683cd', rssi=167, flags=3, eir=b'\x1e\tA2DP Source 00:1B:DC:06:83:CD')
2026-09-16 19:31:17,583 LT1-thread root DEBUG gap.py                    1517  check_discovery_results   : matching LeAdv(addr_type=224, addr='44e5174c0053', rssi=166, flags=3, eir=b'\t\tNXL66528\x02\n\x0c\r\x03\x0c\x11\n\x11\x0b\x11\x0e\x11\x1f\x11\x1e\x11')
2026-09-16 19:31:17,583 LT1-thread root DEBUG gap.py                    1517  check_discovery_results   : matching LeAdv(addr_type=224, addr='44e5174c0053', rssi=174, flags=3, eir=b'\t\tNXL66528\x02\n\x0c\r\x03\x0c\x11\n\x11\x0b\x11\x0e\x11\x1f\x11\x1e\x11')
2026-09-16 19:31:17,583 LT1-thread root DEBUG gap.py                    1517  check_discovery_results   : matching LeAdv(addr_type=224, addr='001bdc0683cd', rssi=174, flags=3, eir=b'\x1e\tA2DP Source 00:1B:DC:06:83:CD')
2026-09-16 19:31:17,584 LT1-thread root DEBUG gap.py                    1517  check_discovery_results   : matching LeAdv(addr_type=224, addr='44e5174c0053', rssi=166, flags=3, eir=b'\t\tNXL66528\x02\n\x0c\r\x03\x0c\x11\n\x11\x0b\x11\x0e\x11\x1f\x11\x1e\x11')
2026-09-16 19:31:17,584 LT1-thread root DEBUG gap.py                    1517  check_discovery_results   : matching LeAdv(addr_type=224, addr='44e5174c0053', rssi=177, flags=3, eir=b'\t\tNXL66528\x02\n\x0c\r\x03\x0c\x11\n\x11\x0b\x11\x0e\x11\x1f\x11\x1e\x11')
2026-09-16 19:31:17,584 LT1-thread root DEBUG gap.py                    1517  check_discovery_results   : matching LeAdv(addr_type=224, addr='44e5174c0053', rssi=170, flags=3, eir=b'\t\tNXL66528\x02\n\x0c\r\x03\x0c\x11\n\x11\x0b\x11\x0e\x11\x1f\x11\x1e\x11')
2026-09-16 19:31:17,584 LT1-thread root DEBUG gap.py                    1517  check_discovery_results   : matching LeAdv(addr_type=224, addr='001bdc0683cd', rssi=163, flags=3, eir=b'')
2026-09-16 19:31:17,584 LT1-thread root DEBUG gap.py                    1517  check_discovery_results   : matching LeAdv(addr_type=224, addr='a0b3397dae5f', rssi=168, flags=3, eir=b'\n\tSMW011714\x02\n\x0c\r\x03\n\x11\x0c\x11\x0e\x11\x0b\x11\x1f\x11\x1e\x11')
2026-09-16 19:31:17,584 LT1-thread root DEBUG gap.py                    1517  check_discovery_results   : matching LeAdv(addr_type=224, addr='001bdc08e44e', rssi=213, flags=3, eir=b'\x0e\tPTS-GAP-E44E\x00')
2026-09-16 19:31:17,584 LT1-thread root DEBUG gap.py                    760   gap_connect               : None 224
2026-09-16 19:31:17,584 LT1-thread root DEBUG iutctl_common.py          161   send                      : 1 14 0 "bytearray(b'\\xe0N\\xe4\\x08\\xdc\\x1b\\x00\\x00')"
2026-09-16 19:31:17,584 LT1-thread root DEBUG iutctl_common.py          166   send                      : sending frame '010e000800e04ee408dc1b0000'
2026-09-16 19:31:17,584 LT1-thread root DEBUG iutctl_common.py          339   read                      : 
2026-09-16 19:31:17,620 BTPWorkerThread-409 (_rx_task) root DEBUG iutctl_common.py          123   read                      : Read 5 bytes
2026-09-16 19:31:17,632 BTPWorkerThread-409 (_rx_task) root DEBUG iutctl_common.py          131   read                      : Received: hdr: Header(svc_id=0x01, op=0x0e, ctrl_index=0x00, data_len=0x00) bytearray(b'\x01\x0e\x00\x00\x00')
2026-09-16 19:31:17,632 BTPWorkerThread-409 (_rx_task) root DEBUG iutctl_common.py          154   read                      : Received data: {''}, bytearray(b'')
2026-09-16 19:31:20,418 BTPWorkerThread-409 (_rx_task) root DEBUG iutctl_common.py          123   read                      : Read 5 bytes
2026-09-16 19:31:20,418 BTPWorkerThread-409 (_rx_task) root DEBUG iutctl_common.py          131   read                      : Received: hdr: Header(svc_id=0x01, op=0x82, ctrl_index=0x00, data_len=0x0d) bytearray(b'\x01\x82\x00\r\x00')
2026-09-16 19:31:20,418 BTPWorkerThread-409 (_rx_task) root DEBUG iutctl_common.py          139   read                      : Read 13 bytes data
2026-09-16 19:31:20,419 BTPWorkerThread-409 (_rx_task) root DEBUG iutctl_common.py          154   read                      : Received data: {'e0 4e e4 08 dc 1b 00 00 00 00 00 00 00'}, bytearray(b'\xe0N\xe4\x08\xdc\x1b\x00\x00\x00\x00\x00\x00\x00')
2026-09-16 19:31:20,419 BTPWorkerThread-409 (_rx_task) root DEBUG btp.py                    700   event_handler             : Header(svc_id=1, op=130, ctrl_index=0, data_len=13) (b'\xe0N\xe4\x08\xdc\x1b\x00\x00\x00\x00\x00\x00\x00',)
2026-09-16 19:31:20,419 BTPWorkerThread-409 (_rx_task) root DEBUG gap.py                    213   gap_connected_ev_         : b'\xe0N\xe4\x08\xdc\x1b\x00\x00\x00\x00\x00\x00\x00'
2026-09-16 19:31:20,450 LT1-thread root DEBUG gap.py                    871   gap_pair                  : None 224
2026-09-16 19:31:20,450 LT1-thread root DEBUG iutctl_common.py          161   send                      : 1 17 0 "bytearray(b'\\xe0N\\xe4\\x08\\xdc\\x1b\\x00')"
2026-09-16 19:31:20,450 LT1-thread root DEBUG iutctl_common.py          166   send                      : sending frame '0111000700e04ee408dc1b00'
2026-09-16 19:31:20,450 LT1-thread root DEBUG gap.py                    1227  gap_command_rsp_succ      : 
2026-09-16 19:31:20,450 LT1-thread root DEBUG iutctl_common.py          339   read                      : 
2026-09-16 19:31:20,496 BTPWorkerThread-409 (_rx_task) root DEBUG iutctl_common.py          123   read                      : Read 5 bytes
2026-09-16 19:31:20,507 BTPWorkerThread-409 (_rx_task) root DEBUG iutctl_common.py          131   read                      : Received: hdr: Header(svc_id=0x01, op=0x11, ctrl_index=0x00, data_len=0x00) bytearray(b'\x01\x11\x00\x00\x00')
2026-09-16 19:31:20,507 BTPWorkerThread-409 (_rx_task) root DEBUG iutctl_common.py          154   read                      : Received data: {''}, bytearray(b'')
2026-09-16 19:31:20,513 LT1-thread root DEBUG gap.py                    1232  gap_command_rsp_succ      : received Header(svc_id=1, op=17, ctrl_index=0, data_len=0) (b'',)
2026-09-16 19:31:20,513 LT1-thread root DEBUG testcase.py               722   run_wid                   : Sending response 'OK' to wid 102 test case GAP/IDLE/BON/BV-04-C
2026-09-16 19:31:20,515 LT1-thread root DEBUG client.py                 276   get_result                : ClientCallback.get_result run_test_case
2026-09-16 19:31:20,517 LT1-callback ClientCallback.on_implicit_send INFO client.py                 223   on_implicit_send          : 
    ********************
    BEGIN OnImplicitSend:
    project_name: GAP
    wid: 249
    test_case_name: GAP/IDLE/BON/BV-04-C
    description: Please initiate the bonding procedure in bondable mode with Dedicated Bonding specified in the Authentication_Requirements.
    style: MMI_Style_Ok_Cancel2 0x11141
2026-09-16 19:31:20,518 LT1-callback ClientCallback.on_implicit_send INFO client.py                 236   on_implicit_send          : Calling test cases on_implicit_send
2026-09-16 19:31:20,518 LT1-callback ClientCallback.on_implicit_send INFO client.py                 249   on_implicit_send          : 
    on_implicit_send returned response: WAIT
    END OnImplicitSend
    ********************
2026-09-16 19:31:21,420 BTPWorkerThread-409 (_rx_task) root DEBUG iutctl_common.py          123   read                      : Read 5 bytes
2026-09-16 19:31:21,420 BTPWorkerThread-409 (_rx_task) root DEBUG iutctl_common.py          131   read                      : Received: hdr: Header(svc_id=0x01, op=0x86, ctrl_index=0x00, data_len=0x0b) bytearray(b'\x01\x86\x00\x0b\x00')
2026-09-16 19:31:21,421 BTPWorkerThread-409 (_rx_task) root DEBUG iutctl_common.py          139   read                      : Read 11 bytes data
2026-09-16 19:31:21,421 BTPWorkerThread-409 (_rx_task) root DEBUG iutctl_common.py          154   read                      : Received data: {'e0 4e e4 08 dc 1b 00 56 f6 06 00'}, bytearray(b'\xe0N\xe4\x08\xdc\x1b\x00V\xf6\x06\x00')
2026-09-16 19:31:21,421 BTPWorkerThread-409 (_rx_task) root DEBUG btp.py                    700   event_handler             : Header(svc_id=1, op=134, ctrl_index=0, data_len=11) (b'\xe0N\xe4\x08\xdc\x1b\x00V\xf6\x06\x00',)
2026-09-16 19:31:21,421 BTPWorkerThread-409 (_rx_task) root DEBUG gap.py                    460   gap_passkey_confirm_req_ev_ : 
2026-09-16 19:31:21,421 BTPWorkerThread-409 (_rx_task) root DEBUG gap.py                    472   gap_passkey_confirm_req_ev_ : passkey = '456278'
2026-09-16 19:31:21,515 LT1-thread root DEBUG testcase.py               679   run_wid                   : GAP GAP/IDLE/BON/BV-04-C on_implicit_send
2026-09-16 19:31:21,515 LT1-thread root DEBUG gap_wid.py                26    gap_wid_hdl               : gap_wid_hdl, 249, Please initiate the bonding procedure in bondable mode with Dedicated Bonding specified in the Authentication_Requirements., GAP/IDLE/BON/BV-04-C
2026-09-16 19:31:21,515 LT1-thread root ERROR client.py                 1171  _run_test_case            : No hdl_wid_249 found!
Traceback (most recent call last):
  File "C:\Dpc\auto-pts\autopts\client.py", line 1153, in _run_test_case
    response = test_case.run_next_step()
               ^^^^^^^^^^^^^^^^^^^^^^^^^
  File "C:\Dpc\auto-pts\autopts\ptsprojects\testcase.py", line 672, in run_next_step
    response = step(*args)
               ^^^^^^^^^^^
  File "C:\Dpc\auto-pts\autopts\ptsprojects\testcase.py", line 695, in run_wid
    my_response = self.handle_mmi_generic(wid, description, style,
                  ^^^^^^^^^^^^^^^^^^^^^^^^^^^^^^^^^^^^^^^^^^^^^^^^
  File "C:\Dpc\auto-pts\autopts\ptsprojects\testcase.py", line 613, in handle_mmi_generic
    response = self.generic_wid_hdl(wid, description, test_case_name)
               ^^^^^^^^^^^^^^^^^^^^^^^^^^^^^^^^^^^^^^^^^^^^^^^^^^^^^^
  File "C:\Dpc\auto-pts\autopts\ptsprojects\zephyr\gap_wid.py", line 27, in gap_wid_hdl
    return generic_wid_hdl(wid, description, test_case_name, [__name__, 'autopts.wid.gap'])
           ^^^^^^^^^^^^^^^^^^^^^^^^^^^^^^^^^^^^^^^^^^^^^^^^^^^^^^^^^^^^^^^^^^^^^^^^^^^^^^^^
  File "C:\Dpc\auto-pts\autopts\wid\wid.py", line 26, in generic_wid_hdl
    response = _generic_wid_hdl(wid, description, test_case_name, module_names)
               ^^^^^^^^^^^^^^^^^^^^^^^^^^^^^^^^^^^^^^^^^^^^^^^^^^^^^^^^^^^^^^^^
  File "C:\Dpc\auto-pts\autopts\wid\wid.py", line 20, in _generic_wid_hdl
    raise MissingWIDError(f'No {wid_str} found!')
autopts.pybtp.types.MissingWIDError: No hdl_wid_249 found!
2026-09-16 19:31:21,516 LT1-thread root DEBUG client.py                 1003  get_error_code            : get_error_code returning error code 'MISSING WID ERROR' for exception MissingWIDError('No hdl_wid_249 found!')
2026-09-16 19:31:21,520 LT1-thread root DEBUG client.py                 1186  _run_test_case            : After run_test_case error_code='MISSING WID ERROR' status='RUNNING'
2026-09-16 19:31:21,521 LT1-thread root DEBUG testcase.py               766   post_run                  : post_run GAP GAP/IDLE/BON/BV-04-C MISSING WID ERROR
2026-09-16 19:31:21,521 MainThread root DEBUG client.py                 1313  run_test_case             : Interrupting GAP GAP/IDLE/BON/BV-04-C test case of thread LT1-thread
2026-09-16 19:31:21,521 LT1-thread root DEBUG testcase.py               254   start                     : Starting test function: class=<class 'autopts.ptsprojects.testcase.TestFuncCleanUp'>, func=<bound method ZTestCase._test_case_cleanup of <autopts.ptsprojects.zephyr.ztestcase.ZTestCase object at 0x000002A769E6A2D0>> start_wid=None stop_wid=None post_wid=None skip_call=None call_count=1 args=() kwds={}
2026-09-16 19:31:21,521 LT1-thread root DEBUG testcase.py               266   start                     : Test function parameters: args=(), kwds={}
2026-09-16 19:31:21,522 LT1-thread root DEBUG iutctl.py                 415   stop                      : <class 'autopts.ptsprojects.zephyr.iutctl.create_zephyr_ctl_class.<locals>.ZephyrCtl'>.stop
2026-09-16 19:31:21,522 LT1-thread root DEBUG __init__.py               51    reset                     : About to reset DUT: JLink -CommandFile reset.jlink -usb 1063214216 -device MIMXRT1176XXXA_M7
2026-09-16 19:31:21,838 BTPWorkerThread-409 (_rx_task) root DEBUG iutctl_common.py          123   read                      : Read 5 bytes
2026-09-16 19:31:21,838 BTPWorkerThread-409 (_rx_task) root DEBUG iutctl_common.py          131   read                      : Received: hdr: Header(svc_id=0x00, op=0x80, ctrl_index=0xff, data_len=0x00) bytearray(b'\x00\x80\xff\x00\x00')
2026-09-16 19:31:21,839 BTPWorkerThread-409 (_rx_task) root DEBUG iutctl_common.py          154   read                      : Received data: {''}, bytearray(b'')
2026-09-16 19:31:21,839 BTPWorkerThread-409 (_rx_task) root DEBUG btp.py                    700   event_handler             : Header(svc_id=0, op=128, ctrl_index=255, data_len=0) (b'',)
2026-09-16 19:31:21,839 BTPWorkerThread-409 (_rx_task) root DEBUG core.py                   23    core_iut_ready_ev         : 
2026-09-16 19:31:21,903 LT1-thread root DEBUG iutctl.py                 436   _stop_tty_mode            : IUT ready event received OK
2026-09-16 19:31:21,903 LT1-thread root DEBUG iutctl_common.py          416   close                     : Waiting for _rx_worker to finish ...
2026-09-16 19:31:22,840 BTPWorkerThread-409 (_rx_task) root DEBUG iutctl_common.py          332   _rx_task                  : BTPWorkerThread-409 (_rx_task) finishing...
2026-09-16 19:31:25,846 LT1-thread root DEBUG testcase.py               794   post_run                  : post_run, cleanup running post test case script
2026-09-16 19:31:25,846 LT1-thread root DEBUG testcase.py               802   post_run                  : post_run, run post test case script
2026-09-16 19:31:25,925 LT1-thread root DEBUG client.py                 1220  _run_test_case            : Done TestCase _run_test_case GAP GAP/IDLE/BON/BV-04-C
