2026-09-21 16:34:37,491 LT1-thread root DEBUG client.py                 1099  _run_test_case            : Starting TestCase _run_test_case FTP FTP/SR/GOEP/SRM/BV-04-C
2026-09-21 16:34:37,491 LT1-thread root DEBUG testcase.py               727   pre_run                   : pre_run FTP FTP/SR/GOEP/SRM/BV-04-C
2026-09-21 16:34:37,491 LT1-thread root DEBUG testcase.py               729   pre_run                   : About to run test case FTP FTP/SR/GOEP/SRM/BV-04-C with commands:
2026-09-21 16:34:37,491 LT1-thread root DEBUG testcase.py               731   pre_run                   : 0) class=<class 'autopts.ptsprojects.testcase.TestFunc'>, func=<bound method ZTestCase._test_case_start of <autopts.ptsprojects.zephyr.ztestcase.ZTestCase object at 0x000001D20B9D6FF0>> start_wid=None stop_wid=None post_wid=None skip_call=None call_count=0 args=() kwds={}
2026-09-21 16:34:37,492 LT1-thread root DEBUG testcase.py               731   pre_run                   : 1) class=<class 'autopts.ptsprojects.testcase.TestFunc'>, func=<function core_reg_svc_gap at 0x000001D2091834C0> start_wid=None stop_wid=None post_wid=None skip_call=None call_count=65 args=() kwds={}
2026-09-21 16:34:37,492 LT1-thread root DEBUG testcase.py               731   pre_run                   : 2) class=<class 'autopts.ptsprojects.testcase.TestFunc'>, func=<bound method Stack.gap_init of <autopts.ptsprojects.stack.stack.Stack object at 0x000001D20B64E300>> start_wid=None stop_wid=None post_wid=None skip_call=None call_count=65 args=(b'Tester_08E44E',) kwds={}
2026-09-21 16:34:37,492 LT1-thread root DEBUG testcase.py               731   pre_run                   : 3) class=<class 'autopts.ptsprojects.testcase.TestFunc'>, func=<function gap_read_controller_info at 0x000001D2091B63E0> start_wid=None stop_wid=None post_wid=None skip_call=None call_count=65 args=() kwds={}
2026-09-21 16:34:37,492 LT1-thread root DEBUG testcase.py               731   pre_run                   : 4) class=<class 'autopts.ptsprojects.testcase.TestFunc'>, func=<function test_cases.<locals>.<lambda> at 0x000001D20B949C60> start_wid=None stop_wid=None post_wid=None skip_call=None call_count=65 args=() kwds={}
2026-09-21 16:34:37,492 LT1-thread root DEBUG testcase.py               731   pre_run                   : 5) class=<class 'autopts.ptsprojects.testcase.TestFunc'>, func=<function set_pts_addr at 0x000001D209183060> start_wid=None stop_wid=None post_wid=None skip_call=None call_count=65 args=('00:1B:DC:08:E4:4E', 0) kwds={}
2026-09-21 16:34:37,492 LT1-thread root DEBUG testcase.py               731   pre_run                   : 6) class=<class 'autopts.ptsprojects.testcase.TestFunc'>, func=<function core_reg_svc_gatt at 0x000001D209183600> start_wid=None stop_wid=None post_wid=None skip_call=None call_count=65 args=() kwds={}
2026-09-21 16:34:37,492 LT1-thread root DEBUG testcase.py               731   pre_run                   : 7) class=<class 'autopts.ptsprojects.testcase.TestFunc'>, func=<bound method Stack.gatt_init of <autopts.ptsprojects.stack.stack.Stack object at 0x000001D20B64E300>> start_wid=None stop_wid=None post_wid=None skip_call=None call_count=65 args=() kwds={}
2026-09-21 16:34:37,492 LT1-thread root DEBUG testcase.py               731   pre_run                   : 8) class=<class 'autopts.ptsprojects.testcase.TestFunc'>, func=<function core_reg_svc_ftp at 0x000001D20915CC20> start_wid=None stop_wid=None post_wid=None skip_call=None call_count=65 args=() kwds={}
2026-09-21 16:34:37,492 LT1-thread root DEBUG testcase.py               731   pre_run                   : 9) class=<class 'autopts.ptsprojects.testcase.TestFunc'>, func=<bound method Stack.ftp_init of <autopts.ptsprojects.stack.stack.Stack object at 0x000001D20B64E300>> start_wid=None stop_wid=None post_wid=None skip_call=None call_count=65 args=() kwds={}
2026-09-21 16:34:37,492 LT1-thread root DEBUG testcase.py               731   pre_run                   : 10) class=<class 'autopts.ptsprojects.testcase.TestFunc'>, func=<function gap_set_connectable at 0x000001D2091B5D00> start_wid=None stop_wid=None post_wid=None skip_call=None call_count=65 args=() kwds={}
2026-09-21 16:34:37,492 LT1-thread root DEBUG testcase.py               731   pre_run                   : 11) class=<class 'autopts.ptsprojects.testcase.TestFunc'>, func=<function gap_set_general_discoverable at 0x000001D2091B5EE0> start_wid=None stop_wid=None post_wid=None skip_call=None call_count=65 args=() kwds={}
2026-09-21 16:34:37,493 LT1-thread root DEBUG testcase.py               731   pre_run                   : 12) class=<class 'autopts.ptsprojects.testcase.TestFuncCleanUp'>, func=<bound method ZTestCase._test_case_cleanup of <autopts.ptsprojects.zephyr.ztestcase.ZTestCase object at 0x000001D20B9D6FF0>> start_wid=None stop_wid=None post_wid=None skip_call=None call_count=0 args=() kwds={}
2026-09-21 16:34:37,493 LT1-thread root DEBUG testcase.py               738   pre_run                   : pre_run, run pre test case script
2026-09-21 16:34:37,500 LT1-thread root DEBUG testcase.py               254   start                     : Starting test function: class=<class 'autopts.ptsprojects.testcase.TestFunc'>, func=<bound method ZTestCase._test_case_start of <autopts.ptsprojects.zephyr.ztestcase.ZTestCase object at 0x000001D20B9D6FF0>> start_wid=None stop_wid=None post_wid=None skip_call=None call_count=1 args=() kwds={}
2026-09-21 16:34:37,500 LT1-thread root DEBUG testcase.py               266   start                     : Test function parameters: args=(), kwds={}
2026-09-21 16:34:37,500 LT1-thread root DEBUG iutctl.py                 172   start                     : <class 'autopts.ptsprojects.zephyr.iutctl.create_zephyr_ctl_class.<locals>.ZephyrCtl'>.start
2026-09-21 16:34:37,500 LT1-thread root DEBUG iutctl.py                 325   flush_serial              : <class 'autopts.ptsprojects.zephyr.iutctl.create_zephyr_ctl_class.<locals>.ZephyrCtl'>.flush_serial
2026-09-21 16:34:38,680 LT1-thread root DEBUG iutctl.py                 249   _start_tty_mode           : Starting socat process: socat.exe -x -v tcp:10.17.12.9:60351,retry=100,interval=1 /dev/ttyS2,raw,b115200,
2026-09-21 16:34:38,687 LT1-thread root DEBUG iutctl_common.py          402   accept                    : 
2026-09-21 16:34:38,762 BTPWorkerThread-14311 (_rx_task) root DEBUG iutctl_common.py          299   _rx_task                  : BTPWorkerThread-14311 (_rx_task) started
2026-09-21 16:34:38,763 LT1-thread root DEBUG iutctl.py                 395   wait_iut_ready_event      : IUT ready event received OK
2026-09-21 16:34:38,763 LT1-thread root DEBUG btp.py                    51    read_supp_svcs            : 
2026-09-21 16:34:38,763 LT1-thread root DEBUG iutctl_common.py          161   send                      : 0 2 255 ''
2026-09-21 16:34:38,763 LT1-thread root DEBUG iutctl_common.py          166   send                      : sending frame '0002ff0000'
2026-09-21 16:34:38,763 LT1-thread root DEBUG iutctl_common.py          339   read                      : 
2026-09-21 16:34:38,776 BTPWorkerThread-14311 (_rx_task) root DEBUG iutctl_common.py          123   read                      : Read 5 bytes
2026-09-21 16:34:38,788 BTPWorkerThread-14311 (_rx_task) root DEBUG iutctl_common.py          131   read                      : Received: hdr: Header(svc_id=0x00, op=0x02, ctrl_index=0xff, data_len=0x06) bytearray(b'\x00\x02\xff\x06\x00')
2026-09-21 16:34:38,805 BTPWorkerThread-14311 (_rx_task) root DEBUG iutctl_common.py          139   read                      : Read 6 bytes data
2026-09-21 16:34:38,810 BTPWorkerThread-14311 (_rx_task) root DEBUG iutctl_common.py          154   read                      : Received data: {'0f 00 00 a0 01 04'}, bytearray(b'\x0f\x00\x00\xa0\x01\x04')
2026-09-21 16:34:38,816 LT1-thread root DEBUG btp.py                    62    read_supp_svcs            : received Header(svc_id=0, op=2, ctrl_index=255, data_len=6) (b'\x0f\x00\x00\xa0\x01\x04',)
2026-09-21 16:34:38,816 LT1-thread root DEBUG testcase.py               254   start                     : Starting test function: class=<class 'autopts.ptsprojects.testcase.TestFunc'>, func=<function core_reg_svc_gap at 0x000001D2091834C0> start_wid=None stop_wid=None post_wid=None skip_call=None call_count=66 args=() kwds={}
2026-09-21 16:34:38,817 LT1-thread root DEBUG testcase.py               266   start                     : Test function parameters: args=(), kwds={}
2026-09-21 16:34:38,817 LT1-thread root DEBUG btp.py                    117   core_reg_svc_univ         : core_reg_svc_univ: gap_reg (GAP)
2026-09-21 16:34:38,817 LT1-thread root DEBUG iutctl_common.py          161   send                      : 0 3 255 '1'
2026-09-21 16:34:38,817 LT1-thread root DEBUG iutctl_common.py          166   send                      : sending frame '0003ff010001'
2026-09-21 16:34:38,817 LT1-thread root DEBUG btp.py                    622   core_reg_svc_rsp_succ     : 
2026-09-21 16:34:38,817 LT1-thread root DEBUG iutctl_common.py          339   read                      : 
2026-09-21 16:34:42,920 BTPWorkerThread-14311 (_rx_task) root DEBUG iutctl_common.py          123   read                      : Read 5 bytes
2026-09-21 16:34:42,920 BTPWorkerThread-14311 (_rx_task) root DEBUG iutctl_common.py          131   read                      : Received: hdr: Header(svc_id=0x00, op=0x03, ctrl_index=0xff, data_len=0x00) bytearray(b'\x00\x03\xff\x00\x00')
2026-09-21 16:34:42,920 BTPWorkerThread-14311 (_rx_task) root DEBUG iutctl_common.py          154   read                      : Received data: {''}, bytearray(b'')
2026-09-21 16:34:42,925 LT1-thread root DEBUG btp.py                    633   core_reg_svc_rsp_succ     : received Header(svc_id=0, op=3, ctrl_index=255, data_len=0) (b'',)
2026-09-21 16:34:42,925 LT1-thread root DEBUG btp.py                    634   core_reg_svc_rsp_succ     : expected ((0, 3, 255, 0), (b'',))
2026-09-21 16:34:42,925 LT1-thread root DEBUG btp.py                    639   core_reg_svc_rsp_succ     : response is valid
2026-09-21 16:34:42,925 LT1-thread root DEBUG btp.py                    642   core_reg_svc_rsp_succ     : Reading supported commands for service: GAP
2026-09-21 16:34:42,925 LT1-thread root DEBUG iutctl_common.py          161   send                      : 1 1 255 ''
2026-09-21 16:34:42,925 LT1-thread root DEBUG iutctl_common.py          166   send                      : sending frame '0101ff0000'
2026-09-21 16:34:42,925 LT1-thread root DEBUG iutctl_common.py          339   read                      : 
2026-09-21 16:34:42,964 BTPWorkerThread-14311 (_rx_task) root DEBUG iutctl_common.py          123   read                      : Read 5 bytes
2026-09-21 16:34:42,975 BTPWorkerThread-14311 (_rx_task) root DEBUG iutctl_common.py          131   read                      : Received: hdr: Header(svc_id=0x01, op=0x01, ctrl_index=0xff, data_len=0x07) bytearray(b'\x01\x01\xff\x07\x00')
2026-09-21 16:34:42,991 BTPWorkerThread-14311 (_rx_task) root DEBUG iutctl_common.py          139   read                      : Read 7 bytes data
2026-09-21 16:34:42,991 BTPWorkerThread-14311 (_rx_task) root DEBUG iutctl_common.py          154   read                      : Received data: {'6e ff 7f 1f fe ff 0e'}, bytearray(b'n\xff\x7f\x1f\xfe\xff\x0e')
2026-09-21 16:34:42,991 LT1-thread root DEBUG testcase.py               254   start                     : Starting test function: class=<class 'autopts.ptsprojects.testcase.TestFunc'>, func=<bound method Stack.gap_init of <autopts.ptsprojects.stack.stack.Stack object at 0x000001D20B64E300>> start_wid=None stop_wid=None post_wid=None skip_call=None call_count=66 args=(b'Tester_08E44E',) kwds={}
2026-09-21 16:34:42,991 LT1-thread root DEBUG testcase.py               266   start                     : Test function parameters: args=(b'Tester_08E44E',), kwds={}
2026-09-21 16:34:42,991 LT1-thread root DEBUG testcase.py               254   start                     : Starting test function: class=<class 'autopts.ptsprojects.testcase.TestFunc'>, func=<function gap_read_controller_info at 0x000001D2091B63E0> start_wid=None stop_wid=None post_wid=None skip_call=None call_count=66 args=() kwds={}
2026-09-21 16:34:42,991 LT1-thread root DEBUG testcase.py               266   start                     : Test function parameters: args=(), kwds={}
2026-09-21 16:34:42,991 LT1-thread root DEBUG gap.py                    1161  gap_read_controller_info  : 
2026-09-21 16:34:42,991 LT1-thread root DEBUG iutctl_common.py          161   send                      : 1 3 0 ''
2026-09-21 16:34:42,991 LT1-thread root DEBUG iutctl_common.py          166   send                      : sending frame '0103000000'
2026-09-21 16:34:42,991 LT1-thread root DEBUG iutctl_common.py          339   read                      : 
2026-09-21 16:34:43,035 BTPWorkerThread-14311 (_rx_task) root DEBUG iutctl_common.py          123   read                      : Read 5 bytes
2026-09-21 16:34:43,047 BTPWorkerThread-14311 (_rx_task) root DEBUG iutctl_common.py          131   read                      : Received: hdr: Header(svc_id=0x01, op=0x03, ctrl_index=0x00, data_len=0x115) bytearray(b'\x01\x03\x00\x15\x01')
2026-09-21 16:34:43,075 BTPWorkerThread-14311 (_rx_task) root DEBUG iutctl_common.py          139   read                      : Read 277 bytes data
2026-09-21 16:34:43,075 BTPWorkerThread-14311 (_rx_task) root DEBUG iutctl_common.py          154   read                      : Received data: {'19 78 ee 69 17 d0 d3 06 02 00 13 02 00 00 00 00 00 62 74 70 5f 74 65 73 74 65 72 00 00 00 00 00 00 00 00 00 00 00 00 00 00 00 00 00 00 00 00 00 00 00 00 00 00 00 00 00 00 00 00 00 00 00 00 00 00 00 00 00 00 00 00 00 00 00 00 00 00 00 00 00 00 00 00 00 00 00 00 00 00 00 00 00 00 00 00 00 00 00 00 00 00 00 00 00 00 00 00 00 00 00 00 00 00 00 00 00 00 00 00 00 00 00 00 00 00 00 00 00 00 00 00 00 00 00 00 00 00 00 00 00 00 00 00 00 00 00 00 00 00 00 00 00 00 00 00 00 00 00 00 00 00 00 00 00 00 00 00 00 00 00 00 00 00 00 00 00 00 00 00 00 00 00 00 00 00 00 00 00 00 00 00 00 00 00 00 00 00 00 00 00 00 00 00 00 00 00 00 00 00 00 00 00 00 00 00 00 00 00 00 00 00 00 00 00 00 00 00 00 00 00 00 00 00 00 00 00 00 00 00 00 00 00 00 00 00 00 00 00 00 00 00 00 00 00 00 00 00 00 00 00 00 00 00 00 00 00 00 00 00 00 00 00 00 00 00 00 00'}, bytearray(b'\x19x\xeei\x17\xd0\xd3\x06\x02\x00\x13\x02\x00\x00\x00\x00\x00btp_tester\x00\x00\x00\x00\x00\x00\x00\x00\x00\x00\x00\x00\x00\x00\x00\x00\x00\x00\x00\x00\x00\x00\x00\x00\x00\x00\x00\x00\x00\x00\x00\x00\x00\x00\x00\x00\x00\x00\x00\x00\x00\x00\x00\x00\x00\x00\x00\x00\x00\x00\x00\x00\x00\x00\x00\x00\x00\x00\x00\x00\x00\x00\x00\x00\x00\x00\x00\x00\x00\x00\x00\x00\x00\x00\x00\x00\x00\x00\x00\x00\x00\x00\x00\x00\x00\x00\x00\x00\x00\x00\x00\x00\x00\x00\x00\x00\x00\x00\x00\x00\x00\x00\x00\x00\x00\x00\x00\x00\x00\x00\x00\x00\x00\x00\x00\x00\x00\x00\x00\x00\x00\x00\x00\x00\x00\x00\x00\x00\x00\x00\x00\x00\x00\x00\x00\x00\x00\x00\x00\x00\x00\x00\x00\x00\x00\x00\x00\x00\x00\x00\x00\x00\x00\x00\x00\x00\x00\x00\x00\x00\x00\x00\x00\x00\x00\x00\x00\x00\x00\x00\x00\x00\x00\x00\x00\x00\x00\x00\x00\x00\x00\x00\x00\x00\x00\x00\x00\x00\x00\x00\x00\x00\x00\x00\x00\x00\x00\x00\x00\x00\x00\x00\x00\x00\x00\x00\x00\x00\x00\x00\x00\x00\x00\x00\x00\x00\x00\x00\x00\x00\x00\x00\x00\x00\x00\x00\x00\x00\x00\x00\x00\x00\x00\x00\x00\x00\x00\x00\x00\x00\x00\x00\x00\x00\x00\x00\x00\x00\x00\x00')
2026-09-21 16:34:43,075 LT1-thread root DEBUG gap.py                    1168  gap_read_controller_info  : received Header(svc_id=1, op=3, ctrl_index=0, data_len=277) (b'\x19x\xeei\x17\xd0\xd3\x06\x02\x00\x13\x02\x00\x00\x00\x00\x00btp_tester\x00\x00\x00\x00\x00\x00\x00\x00\x00\x00\x00\x00\x00\x00\x00\x00\x00\x00\x00\x00\x00\x00\x00\x00\x00\x00\x00\x00\x00\x00\x00\x00\x00\x00\x00\x00\x00\x00\x00\x00\x00\x00\x00\x00\x00\x00\x00\x00\x00\x00\x00\x00\x00\x00\x00\x00\x00\x00\x00\x00\x00\x00\x00\x00\x00\x00\x00\x00\x00\x00\x00\x00\x00\x00\x00\x00\x00\x00\x00\x00\x00\x00\x00\x00\x00\x00\x00\x00\x00\x00\x00\x00\x00\x00\x00\x00\x00\x00\x00\x00\x00\x00\x00\x00\x00\x00\x00\x00\x00\x00\x00\x00\x00\x00\x00\x00\x00\x00\x00\x00\x00\x00\x00\x00\x00\x00\x00\x00\x00\x00\x00\x00\x00\x00\x00\x00\x00\x00\x00\x00\x00\x00\x00\x00\x00\x00\x00\x00\x00\x00\x00\x00\x00\x00\x00\x00\x00\x00\x00\x00\x00\x00\x00\x00\x00\x00\x00\x00\x00\x00\x00\x00\x00\x00\x00\x00\x00\x00\x00\x00\x00\x00\x00\x00\x00\x00\x00\x00\x00\x00\x00\x00\x00\x00\x00\x00\x00\x00\x00\x00\x00\x00\x00\x00\x00\x00\x00\x00\x00\x00\x00\x00\x00\x00\x00\x00\x00\x00\x00\x00\x00\x00\x00\x00\x00\x00\x00\x00\x00\x00\x00\x00\x00\x00\x00\x00\x00\x00\x00\x00\x00\x00\x00\x00\x00\x00\x00\x00\x00\x00',)
2026-09-21 16:34:43,075 LT1-thread root DEBUG gap.py                    1189  gap_read_controller_info  : IUT address 'd01769ee7819' 'public'
2026-09-21 16:34:43,075 LT1-thread root DEBUG gap.py                    594   __gap_current_settings_update : 531
2026-09-21 16:34:43,075 LT1-thread root DEBUG testcase.py               254   start                     : Starting test function: class=<class 'autopts.ptsprojects.testcase.TestFunc'>, func=<function test_cases.<locals>.<lambda> at 0x000001D20B949C60> start_wid=None stop_wid=None post_wid=None skip_call=None call_count=66 args=() kwds={}
2026-09-21 16:34:43,075 LT1-thread root DEBUG testcase.py               266   start                     : Test function parameters: args=(), kwds={}
2026-09-21 16:34:43,078 LT1-thread root DEBUG testcase.py               254   start                     : Starting test function: class=<class 'autopts.ptsprojects.testcase.TestFunc'>, func=<function set_pts_addr at 0x000001D209183060> start_wid=None stop_wid=None post_wid=None skip_call=None call_count=66 args=('00:1B:DC:08:E4:4E', 0) kwds={}
2026-09-21 16:34:43,078 LT1-thread root DEBUG testcase.py               266   start                     : Test function parameters: args=('00:1B:DC:08:E4:4E', 0), kwds={}
2026-09-21 16:34:43,078 LT1-thread root DEBUG testcase.py               254   start                     : Starting test function: class=<class 'autopts.ptsprojects.testcase.TestFunc'>, func=<function core_reg_svc_gatt at 0x000001D209183600> start_wid=None stop_wid=None post_wid=None skip_call=None call_count=66 args=() kwds={}
2026-09-21 16:34:43,078 LT1-thread root DEBUG testcase.py               266   start                     : Test function parameters: args=(), kwds={}
2026-09-21 16:34:43,078 LT1-thread root DEBUG btp.py                    117   core_reg_svc_univ         : core_reg_svc_univ: gatt_reg (GATT)
2026-09-21 16:34:43,078 LT1-thread root DEBUG iutctl_common.py          161   send                      : 0 3 255 '2'
2026-09-21 16:34:43,078 LT1-thread root DEBUG iutctl_common.py          166   send                      : sending frame '0003ff010002'
2026-09-21 16:34:43,080 LT1-thread root DEBUG btp.py                    622   core_reg_svc_rsp_succ     : 
2026-09-21 16:34:43,080 LT1-thread root DEBUG iutctl_common.py          339   read                      : 
2026-09-21 16:34:43,135 BTPWorkerThread-14311 (_rx_task) root DEBUG iutctl_common.py          123   read                      : Read 5 bytes
2026-09-21 16:34:43,140 BTPWorkerThread-14311 (_rx_task) root DEBUG iutctl_common.py          131   read                      : Received: hdr: Header(svc_id=0x00, op=0x03, ctrl_index=0xff, data_len=0x00) bytearray(b'\x00\x03\xff\x00\x00')
2026-09-21 16:34:43,146 BTPWorkerThread-14311 (_rx_task) root DEBUG iutctl_common.py          154   read                      : Received data: {''}, bytearray(b'')
2026-09-21 16:34:43,152 LT1-thread root DEBUG btp.py                    633   core_reg_svc_rsp_succ     : received Header(svc_id=0, op=3, ctrl_index=255, data_len=0) (b'',)
2026-09-21 16:34:43,152 LT1-thread root DEBUG btp.py                    634   core_reg_svc_rsp_succ     : expected ((0, 3, 255, 0), (b'',))
2026-09-21 16:34:43,152 LT1-thread root DEBUG btp.py                    639   core_reg_svc_rsp_succ     : response is valid
2026-09-21 16:34:43,152 LT1-thread root DEBUG btp.py                    642   core_reg_svc_rsp_succ     : Reading supported commands for service: GATT
2026-09-21 16:34:43,152 LT1-thread root DEBUG iutctl_common.py          161   send                      : 2 1 255 ''
2026-09-21 16:34:43,152 LT1-thread root DEBUG iutctl_common.py          166   send                      : sending frame '0201ff0000'
2026-09-21 16:34:43,152 LT1-thread root DEBUG iutctl_common.py          339   read                      : 
2026-09-21 16:34:43,190 BTPWorkerThread-14311 (_rx_task) root DEBUG iutctl_common.py          123   read                      : Read 5 bytes
2026-09-21 16:34:43,201 BTPWorkerThread-14311 (_rx_task) root DEBUG iutctl_common.py          131   read                      : Received: hdr: Header(svc_id=0x02, op=0x01, ctrl_index=0xff, data_len=0x05) bytearray(b'\x02\x01\xff\x05\x00')
2026-09-21 16:34:43,225 BTPWorkerThread-14311 (_rx_task) root DEBUG iutctl_common.py          139   read                      : Read 5 bytes data
2026-09-21 16:34:43,235 BTPWorkerThread-14311 (_rx_task) root DEBUG iutctl_common.py          154   read                      : Received data: {'fe fe bf fd 0f'}, bytearray(b'\xfe\xfe\xbf\xfd\x0f')
2026-09-21 16:34:43,257 LT1-thread root DEBUG testcase.py               254   start                     : Starting test function: class=<class 'autopts.ptsprojects.testcase.TestFunc'>, func=<bound method Stack.gatt_init of <autopts.ptsprojects.stack.stack.Stack object at 0x000001D20B64E300>> start_wid=None stop_wid=None post_wid=None skip_call=None call_count=66 args=() kwds={}
2026-09-21 16:34:43,257 LT1-thread root DEBUG testcase.py               266   start                     : Test function parameters: args=(), kwds={}
2026-09-21 16:34:43,257 LT1-thread root DEBUG testcase.py               254   start                     : Starting test function: class=<class 'autopts.ptsprojects.testcase.TestFunc'>, func=<function core_reg_svc_ftp at 0x000001D20915CC20> start_wid=None stop_wid=None post_wid=None skip_call=None call_count=66 args=() kwds={}
2026-09-21 16:34:43,257 LT1-thread root DEBUG testcase.py               266   start                     : Test function parameters: args=(), kwds={}
2026-09-21 16:34:43,257 LT1-thread root DEBUG btp.py                    117   core_reg_svc_univ         : core_reg_svc_univ: ftp_reg (FTP)
2026-09-21 16:34:43,257 LT1-thread root DEBUG iutctl_common.py          161   send                      : 0 3 255 '42'
2026-09-21 16:34:43,257 LT1-thread root DEBUG iutctl_common.py          166   send                      : sending frame '0003ff01002a'
2026-09-21 16:34:43,258 LT1-thread root DEBUG btp.py                    622   core_reg_svc_rsp_succ     : 
2026-09-21 16:34:43,258 LT1-thread root DEBUG iutctl_common.py          339   read                      : 
2026-09-21 16:34:43,297 BTPWorkerThread-14311 (_rx_task) root DEBUG iutctl_common.py          123   read                      : Read 5 bytes
2026-09-21 16:34:43,308 BTPWorkerThread-14311 (_rx_task) root DEBUG iutctl_common.py          131   read                      : Received: hdr: Header(svc_id=0x00, op=0x03, ctrl_index=0xff, data_len=0x00) bytearray(b'\x00\x03\xff\x00\x00')
2026-09-21 16:34:43,319 BTPWorkerThread-14311 (_rx_task) root DEBUG iutctl_common.py          154   read                      : Received data: {''}, bytearray(b'')
2026-09-21 16:34:43,336 LT1-thread root DEBUG btp.py                    633   core_reg_svc_rsp_succ     : received Header(svc_id=0, op=3, ctrl_index=255, data_len=0) (b'',)
2026-09-21 16:34:43,336 LT1-thread root DEBUG btp.py                    634   core_reg_svc_rsp_succ     : expected ((0, 3, 255, 0), (b'',))
2026-09-21 16:34:43,336 LT1-thread root DEBUG btp.py                    639   core_reg_svc_rsp_succ     : response is valid
2026-09-21 16:34:43,336 LT1-thread root DEBUG btp.py                    642   core_reg_svc_rsp_succ     : Reading supported commands for service: FTP
2026-09-21 16:34:43,336 LT1-thread root DEBUG iutctl_common.py          161   send                      : 42 1 255 ''
2026-09-21 16:34:43,336 LT1-thread root DEBUG iutctl_common.py          166   send                      : sending frame '2a01ff0000'
2026-09-21 16:34:43,336 LT1-thread root DEBUG iutctl_common.py          339   read                      : 
2026-09-21 16:34:43,376 BTPWorkerThread-14311 (_rx_task) root DEBUG iutctl_common.py          123   read                      : Read 5 bytes
2026-09-21 16:34:43,387 BTPWorkerThread-14311 (_rx_task) root DEBUG iutctl_common.py          131   read                      : Received: hdr: Header(svc_id=0x2a, op=0x01, ctrl_index=0xff, data_len=0x04) bytearray(b'*\x01\xff\x04\x00')
2026-09-21 16:34:43,409 BTPWorkerThread-14311 (_rx_task) root DEBUG iutctl_common.py          139   read                      : Read 4 bytes data
2026-09-21 16:34:43,420 BTPWorkerThread-14311 (_rx_task) root DEBUG iutctl_common.py          154   read                      : Received data: {'fe ff ff 3f'}, bytearray(b'\xfe\xff\xff?')
2026-09-21 16:34:43,438 LT1-thread root DEBUG testcase.py               254   start                     : Starting test function: class=<class 'autopts.ptsprojects.testcase.TestFunc'>, func=<bound method Stack.ftp_init of <autopts.ptsprojects.stack.stack.Stack object at 0x000001D20B64E300>> start_wid=None stop_wid=None post_wid=None skip_call=None call_count=66 args=() kwds={}
2026-09-21 16:34:43,438 LT1-thread root DEBUG testcase.py               266   start                     : Test function parameters: args=(), kwds={}
2026-09-21 16:34:43,438 LT1-thread root DEBUG ftp.py                    668   __init__                  : FTP: storage initialized
2026-09-21 16:34:43,439 LT1-thread root DEBUG ftp.py                    1861  start                     : FTP event handler started
2026-09-21 16:34:43,439 LT1-thread root DEBUG testcase.py               254   start                     : Starting test function: class=<class 'autopts.ptsprojects.testcase.TestFunc'>, func=<function gap_set_connectable at 0x000001D2091B5D00> start_wid=None stop_wid=None post_wid=None skip_call=None call_count=66 args=() kwds={}
2026-09-21 16:34:43,439 LT1-thread root DEBUG testcase.py               266   start                     : Test function parameters: args=(), kwds={}
2026-09-21 16:34:43,439 LT1-thread root DEBUG gap.py                    982   gap_set_connectable       : 
2026-09-21 16:34:43,439 LT1-thread root DEBUG testcase.py               254   start                     : Starting test function: class=<class 'autopts.ptsprojects.testcase.TestFunc'>, func=<function gap_set_general_discoverable at 0x000001D2091B5EE0> start_wid=None stop_wid=None post_wid=None skip_call=None call_count=66 args=() kwds={}
2026-09-21 16:34:43,439 LT1-thread root DEBUG testcase.py               266   start                     : Test function parameters: args=(), kwds={}
2026-09-21 16:34:43,439 LT1-thread root DEBUG gap.py                    1033  gap_set_general_discoverable : 
2026-09-21 16:34:43,440 LT1-thread root DEBUG iutctl_common.py          161   send                      : 1 8 0 '1'
2026-09-21 16:34:43,440 LT1-thread root DEBUG iutctl_common.py          166   send                      : sending frame '010800010001'
2026-09-21 16:34:43,440 LT1-thread root DEBUG gap.py                    1227  gap_command_rsp_succ      : 
2026-09-21 16:34:43,440 LT1-thread root DEBUG iutctl_common.py          339   read                      : 
2026-09-21 16:34:43,499 BTPWorkerThread-14311 (_rx_task) root DEBUG iutctl_common.py          123   read                      : Read 5 bytes
2026-09-21 16:34:43,511 BTPWorkerThread-14311 (_rx_task) root DEBUG iutctl_common.py          131   read                      : Received: hdr: Header(svc_id=0x01, op=0x08, ctrl_index=0x00, data_len=0x04) bytearray(b'\x01\x08\x00\x04\x00')
2026-09-21 16:34:43,561 BTPWorkerThread-14311 (_rx_task) root DEBUG iutctl_common.py          139   read                      : Read 4 bytes data
2026-09-21 16:34:43,571 BTPWorkerThread-14311 (_rx_task) root DEBUG iutctl_common.py          154   read                      : Received data: {'1b 02 00 00'}, bytearray(b'\x1b\x02\x00\x00')
2026-09-21 16:34:43,588 LT1-thread root DEBUG gap.py                    1232  gap_command_rsp_succ      : received Header(svc_id=1, op=8, ctrl_index=0, data_len=4) (b'\x1b\x02\x00\x00',)
2026-09-21 16:34:43,588 LT1-thread root DEBUG gap.py                    594   __gap_current_settings_update : (b'\x1b\x02\x00\x00',)
2026-09-21 16:34:43,590 LT1-thread root DEBUG client.py                 276   get_result                : ClientCallback.get_result run_test_case
2026-09-21 16:34:51,364 BTPWorkerThread-14311 (_rx_task) root DEBUG iutctl_common.py          123   read                      : Read 5 bytes
2026-09-21 16:34:51,365 BTPWorkerThread-14311 (_rx_task) root DEBUG iutctl_common.py          131   read                      : Received: hdr: Header(svc_id=0x01, op=0x82, ctrl_index=0x00, data_len=0x0d) bytearray(b'\x01\x82\x00\r\x00')
2026-09-21 16:34:51,365 BTPWorkerThread-14311 (_rx_task) root DEBUG iutctl_common.py          139   read                      : Read 13 bytes data
2026-09-21 16:34:51,365 BTPWorkerThread-14311 (_rx_task) root DEBUG iutctl_common.py          154   read                      : Received data: {'e0 4e e4 08 dc 1b 00 00 00 00 00 00 00'}, bytearray(b'\xe0N\xe4\x08\xdc\x1b\x00\x00\x00\x00\x00\x00\x00')
2026-09-21 16:34:51,365 BTPWorkerThread-14311 (_rx_task) root DEBUG btp.py                    704   event_handler             : Header(svc_id=1, op=130, ctrl_index=0, data_len=13) (b'\xe0N\xe4\x08\xdc\x1b\x00\x00\x00\x00\x00\x00\x00',)
2026-09-21 16:34:51,365 BTPWorkerThread-14311 (_rx_task) root DEBUG gap.py                    213   gap_connected_ev_         : b'\xe0N\xe4\x08\xdc\x1b\x00\x00\x00\x00\x00\x00\x00'
2026-09-21 16:34:51,365 BTPWorkerThread-14311 (_rx_task) root DEBUG iutctl_common.py          123   read                      : Read 5 bytes
2026-09-21 16:34:51,366 BTPWorkerThread-14311 (_rx_task) root DEBUG iutctl_common.py          131   read                      : Received: hdr: Header(svc_id=0x01, op=0x80, ctrl_index=0x00, data_len=0x04) bytearray(b'\x01\x80\x00\x04\x00')
2026-09-21 16:34:51,366 BTPWorkerThread-14311 (_rx_task) root DEBUG iutctl_common.py          139   read                      : Read 4 bytes data
2026-09-21 16:34:51,366 BTPWorkerThread-14311 (_rx_task) root DEBUG iutctl_common.py          154   read                      : Received data: {'1b 02 00 00'}, bytearray(b'\x1b\x02\x00\x00')
2026-09-21 16:34:51,366 BTPWorkerThread-14311 (_rx_task) root DEBUG btp.py                    704   event_handler             : Header(svc_id=1, op=128, ctrl_index=0, data_len=4) (b'\x1b\x02\x00\x00',)
2026-09-21 16:34:51,366 BTPWorkerThread-14311 (_rx_task) root DEBUG gap.py                    181   gap_new_settings_ev_      : b'\x1b\x02\x00\x00'
2026-09-21 16:34:51,366 BTPWorkerThread-14311 (_rx_task) root DEBUG gap.py                    594   __gap_current_settings_update : 539
2026-09-21 16:34:51,461 LT1-callback ClientCallback.on_implicit_send INFO client.py                 223   on_implicit_send          : 
    ********************
    BEGIN OnImplicitSend:
    project_name: FTP
    wid: 4017
    test_case_name: FTP/SR/GOEP/SRM/BV-04-C
    description:  Please accept the l2cap channel connection for an OBEX connection.
    style: MMI_Style_Ok_Cancel1 0x11041
2026-09-21 16:34:51,461 LT1-callback ClientCallback.on_implicit_send INFO client.py                 236   on_implicit_send          : Calling test cases on_implicit_send
2026-09-21 16:34:51,461 LT1-callback ClientCallback.on_implicit_send INFO client.py                 249   on_implicit_send          : 
    on_implicit_send returned response: WAIT
    END OnImplicitSend
    ********************
2026-09-21 16:34:51,592 LT1-thread root DEBUG testcase.py               679   run_wid                   : FTP FTP/SR/GOEP/SRM/BV-04-C on_implicit_send
2026-09-21 16:34:51,592 LT1-thread root DEBUG ftp_wid.py                25    ftp_wid_hdl               : ftp_wid_hdl, 4017,  Please accept the l2cap channel connection for an OBEX connection., FTP/SR/GOEP/SRM/BV-04-C
2026-09-21 16:34:51,592 LT1-thread root DEBUG testcase.py               722   run_wid                   : Sending response 'OK' to wid 4017 test case FTP/SR/GOEP/SRM/BV-04-C
2026-09-21 16:34:51,594 LT1-thread root DEBUG client.py                 276   get_result                : ClientCallback.get_result run_test_case
2026-09-21 16:34:53,020 BTPWorkerThread-14311 (_rx_task) root DEBUG iutctl_common.py          123   read                      : Read 5 bytes
2026-09-21 16:34:53,021 BTPWorkerThread-14311 (_rx_task) root DEBUG iutctl_common.py          131   read                      : Received: hdr: Header(svc_id=0x01, op=0x91, ctrl_index=0x00, data_len=0x09) bytearray(b'\x01\x91\x00\t\x00')
2026-09-21 16:34:53,021 BTPWorkerThread-14311 (_rx_task) root DEBUG iutctl_common.py          139   read                      : Read 9 bytes data
2026-09-21 16:34:53,021 BTPWorkerThread-14311 (_rx_task) root DEBUG iutctl_common.py          154   read                      : Received data: {'e0 4e e4 08 dc 1b 00 01 10'}, bytearray(b'\xe0N\xe4\x08\xdc\x1b\x00\x01\x10')
2026-09-21 16:34:53,021 BTPWorkerThread-14311 (_rx_task) root DEBUG btp.py                    704   event_handler             : Header(svc_id=1, op=145, ctrl_index=0, data_len=9) (b'\xe0N\xe4\x08\xdc\x1b\x00\x01\x10',)
2026-09-21 16:34:53,021 BTPWorkerThread-14311 (_rx_task) root DEBUG gap.py                    492   gap_encryption_change_ev_ : 
2026-09-21 16:34:53,022 BTPWorkerThread-14311 (_rx_task) root DEBUG gap.py                    494   gap_encryption_change_ev_ : enc change received b'\xe0N\xe4\x08\xdc\x1b\x00\x01\x10'
2026-09-21 16:34:53,022 BTPWorkerThread-14311 (_rx_task) root DEBUG gap.py                    503   gap_encryption_change_ev_ : received (224, '001bdc08e44e', 1, 16)
2026-09-21 16:34:53,022 BTPWorkerThread-14311 (_rx_task) root DEBUG iutctl_common.py          123   read                      : Read 5 bytes
2026-09-21 16:34:53,022 BTPWorkerThread-14311 (_rx_task) root DEBUG iutctl_common.py          131   read                      : Received: hdr: Header(svc_id=0x01, op=0x89, ctrl_index=0x00, data_len=0x08) bytearray(b'\x01\x89\x00\x08\x00')
2026-09-21 16:34:53,022 BTPWorkerThread-14311 (_rx_task) root DEBUG iutctl_common.py          139   read                      : Read 1 bytes data
2026-09-21 16:34:53,031 BTPWorkerThread-14311 (_rx_task) root DEBUG iutctl_common.py          139   read                      : Read 7 bytes data
2026-09-21 16:34:53,031 BTPWorkerThread-14311 (_rx_task) root DEBUG iutctl_common.py          154   read                      : Received data: {'e0 4e e4 08 dc 1b 00 02'}, bytearray(b'\xe0N\xe4\x08\xdc\x1b\x00\x02')
2026-09-21 16:34:53,031 BTPWorkerThread-14311 (_rx_task) root DEBUG btp.py                    704   event_handler             : Header(svc_id=1, op=137, ctrl_index=0, data_len=8) (b'\xe0N\xe4\x08\xdc\x1b\x00\x02',)
2026-09-21 16:34:53,032 BTPWorkerThread-14311 (_rx_task) root DEBUG gap.py                    298   gap_sec_level_changed_ev_ : 
2026-09-21 16:34:53,032 BTPWorkerThread-14311 (_rx_task) root DEBUG gap.py                    300   gap_sec_level_changed_ev_ : received b'\xe0N\xe4\x08\xdc\x1b\x00\x02'
2026-09-21 16:34:53,032 BTPWorkerThread-14311 (_rx_task) root DEBUG gap.py                    311   gap_sec_level_changed_ev_ : received (224, '001bdc08e44e', 2)
2026-09-21 16:34:53,042 BTPWorkerThread-14311 (_rx_task) root DEBUG iutctl_common.py          123   read                      : Read 5 bytes
2026-09-21 16:34:53,043 BTPWorkerThread-14311 (_rx_task) root DEBUG iutctl_common.py          131   read                      : Received: hdr: Header(svc_id=0x2a, op=0x91, ctrl_index=0x00, data_len=0x07) bytearray(b'*\x91\x00\x07\x00')
2026-09-21 16:34:53,043 BTPWorkerThread-14311 (_rx_task) root DEBUG iutctl_common.py          139   read                      : Read 7 bytes data
2026-09-21 16:34:53,043 BTPWorkerThread-14311 (_rx_task) root DEBUG iutctl_common.py          154   read                      : Received data: {'e0 4e e4 08 dc 1b 00'}, bytearray(b'\xe0N\xe4\x08\xdc\x1b\x00')
2026-09-21 16:34:53,043 BTPWorkerThread-14311 (_rx_task) root DEBUG btp.py                    704   event_handler             : Header(svc_id=42, op=145, ctrl_index=0, data_len=7) (b'\xe0N\xe4\x08\xdc\x1b\x00',)
2026-09-21 16:34:53,043 Thread-14321 (_process_events) root DEBUG ftp.py                    1380  _ftp_server_l2cap_connected_ev : _ftp_server_l2cap_connected_ev b'\xe0N\xe4\x08\xdc\x1b\x00'
2026-09-21 16:34:53,043 Thread-14321 (_process_events) root DEBUG ftp.py                    713   add_connection            : FTP: created new connection addr=001bdc08e44e
2026-09-21 16:34:53,044 Thread-14321 (_process_events) root DEBUG ftp.py                    724   add_connection            : FTP: add_connection addr=001bdc08e44e type=0x91
2026-09-21 16:34:53,142 LT1-callback ClientCallback.on_implicit_send INFO client.py                 223   on_implicit_send          : 
    ********************
    BEGIN OnImplicitSend:
    project_name: FTP
    wid: 4004
    test_case_name: FTP/SR/GOEP/SRM/BV-04-C
    description:  Please accept the OBEX CONNECT REQ.
    style: MMI_Style_Ok_Cancel1 0x11041
2026-09-21 16:34:53,142 LT1-callback ClientCallback.on_implicit_send INFO client.py                 236   on_implicit_send          : Calling test cases on_implicit_send
2026-09-21 16:34:53,142 LT1-callback ClientCallback.on_implicit_send INFO client.py                 249   on_implicit_send          : 
    on_implicit_send returned response: WAIT
    END OnImplicitSend
    ********************
2026-09-21 16:34:53,151 BTPWorkerThread-14311 (_rx_task) root DEBUG iutctl_common.py          123   read                      : Read 5 bytes
2026-09-21 16:34:53,151 BTPWorkerThread-14311 (_rx_task) root DEBUG iutctl_common.py          131   read                      : Received: hdr: Header(svc_id=0x2a, op=0x93, ctrl_index=0x00, data_len=0x1f) bytearray(b'*\x93\x00\x1f\x00')
2026-09-21 16:34:53,152 BTPWorkerThread-14311 (_rx_task) root DEBUG iutctl_common.py          139   read                      : Read 31 bytes data
2026-09-21 16:34:53,152 BTPWorkerThread-14311 (_rx_task) root DEBUG iutctl_common.py          154   read                      : Received data: {'e0 4e e4 08 dc 1b 00 10 0a 01 13 00 46 00 13 f9 ec 7b c4 95 3c 11 d2 98 4e 52 54 00 dc 9e 09'}, bytearray(b'\xe0N\xe4\x08\xdc\x1b\x00\x10\n\x01\x13\x00F\x00\x13\xf9\xec{\xc4\x95<\x11\xd2\x98NRT\x00\xdc\x9e\t')
2026-09-21 16:34:53,152 BTPWorkerThread-14311 (_rx_task) root DEBUG btp.py                    704   event_handler             : Header(svc_id=42, op=147, ctrl_index=0, data_len=31) (b'\xe0N\xe4\x08\xdc\x1b\x00\x10\n\x01\x13\x00F\x00\x13\xf9\xec{\xc4\x95<\x11\xd2\x98NRT\x00\xdc\x9e\t',)
2026-09-21 16:34:53,153 Thread-14321 (_process_events) root DEBUG ftp.py                    1423  _ftp_server_connect_ev    : _ftp_server_connect_ev b'\xe0N\xe4\x08\xdc\x1b\x00\x10\n\x01\x13\x00F\x00\x13\xf9\xec{\xc4\x95<\x11\xd2\x98NRT\x00\xdc\x9e\t'
2026-09-21 16:34:53,153 Thread-14321 (_process_events) root DEBUG ftp.py                    633   ftp_server_connect        : ftp_server_connect rsp=0xc1 '001bdc08e44e'
2026-09-21 16:34:53,153 Thread-14321 (_process_events) root DEBUG iutctl_common.py          161   send                      : 42 19 0 "bytearray(b'\\xe0N\\xe4\\x08\\xdc\\x1b\\x00\\xc1\\x15\\x00M\\x00\\x15\\x00\\x10\\xb1\\xc0\\xc5\\xdf\\xdbSX\\x15E\\x88\\xab\\x8eko\\xbcH')"
2026-09-21 16:34:53,153 Thread-14321 (_process_events) root DEBUG iutctl_common.py          166   send                      : sending frame '2a13001f00e04ee408dc1b00c115004d00150010b1c0c5dfdb5358154588ab8e6b6fbc48'
2026-09-21 16:34:53,153 Thread-14321 (_process_events) root DEBUG ftp.py                    284   ftp_command_rsp_succ      : ftp_command_rsp_succ
2026-09-21 16:34:53,153 Thread-14321 (_process_events) root DEBUG iutctl_common.py          339   read                      : 
2026-09-21 16:34:53,189 BTPWorkerThread-14311 (_rx_task) root DEBUG iutctl_common.py          123   read                      : Read 5 bytes
2026-09-21 16:34:53,200 BTPWorkerThread-14311 (_rx_task) root DEBUG iutctl_common.py          131   read                      : Received: hdr: Header(svc_id=0x2a, op=0x13, ctrl_index=0x00, data_len=0x00) bytearray(b'*\x13\x00\x00\x00')
2026-09-21 16:34:53,200 BTPWorkerThread-14311 (_rx_task) root DEBUG iutctl_common.py          154   read                      : Received data: {''}, bytearray(b'')
2026-09-21 16:34:53,200 BTPWorkerThread-14311 (_rx_task) root DEBUG iutctl_common.py          123   read                      : Read 5 bytes
2026-09-21 16:34:53,201 BTPWorkerThread-14311 (_rx_task) root DEBUG iutctl_common.py          131   read                      : Received: hdr: Header(svc_id=0x2a, op=0x93, ctrl_index=0x00, data_len=0x66) bytearray(b'*\x93\x00f\x00')
2026-09-21 16:34:53,201 BTPWorkerThread-14311 (_rx_task) root DEBUG iutctl_common.py          139   read                      : Read 91 bytes data
2026-09-21 16:34:53,201 Thread-14321 (_process_events) root DEBUG ftp.py                    287   ftp_command_rsp_succ      : received Header(svc_id=42, op=19, ctrl_index=0, data_len=0) (b'',)
2026-09-21 16:34:53,206 BTPWorkerThread-14311 (_rx_task) root DEBUG iutctl_common.py          139   read                      : Read 11 bytes data
2026-09-21 16:34:53,207 BTPWorkerThread-14311 (_rx_task) root DEBUG iutctl_common.py          154   read                      : Received data: {'e0 4e e4 08 dc 1b 00 10 0a 01 5a 00 46 00 13 f9 ec 7b c4 95 3c 11 d2 98 4e 52 54 00 dc 9e 09 4d 00 1b 00 10 41 27 3b 94 d5 eb 73 37 6c 6a 7f a6 8f 31 3c 42 01 01 00 02 01 00 4e 00 2c 00 10 3b 83 a9 ac b2 2f e9 78 ba bf 0e 90 e7 3b e6 37 01 03 70 74 73 02 10 b1 c0 c5 df db 53 58 15 45 88 ab 8e 6b 6f bc 48'}, bytearray(b"\xe0N\xe4\x08\xdc\x1b\x00\x10\n\x01Z\x00F\x00\x13\xf9\xec{\xc4\x95<\x11\xd2\x98NRT\x00\xdc\x9e\tM\x00\x1b\x00\x10A\';\x94\xd5\xebs7lj\x7f\xa6\x8f1<B\x01\x01\x00\x02\x01\x00N\x00,\x00\x10;\x83\xa9\xac\xb2/\xe9x\xba\xbf\x0e\x90\xe7;\xe67\x01\x03pts\x02\x10\xb1\xc0\xc5\xdf\xdbSX\x15E\x88\xab\x8eko\xbcH")
2026-09-21 16:34:53,207 BTPWorkerThread-14311 (_rx_task) root DEBUG btp.py                    704   event_handler             : Header(svc_id=42, op=147, ctrl_index=0, data_len=102) (b"\xe0N\xe4\x08\xdc\x1b\x00\x10\n\x01Z\x00F\x00\x13\xf9\xec{\xc4\x95<\x11\xd2\x98NRT\x00\xdc\x9e\tM\x00\x1b\x00\x10A';\x94\xd5\xebs7lj\x7f\xa6\x8f1<B\x01\x01\x00\x02\x01\x00N\x00,\x00\x10;\x83\xa9\xac\xb2/\xe9x\xba\xbf\x0e\x90\xe7;\xe67\x01\x03pts\x02\x10\xb1\xc0\xc5\xdf\xdbSX\x15E\x88\xab\x8eko\xbcH",)
2026-09-21 16:34:53,207 Thread-14321 (_process_events) root DEBUG ftp.py                    1423  _ftp_server_connect_ev    : _ftp_server_connect_ev b"\xe0N\xe4\x08\xdc\x1b\x00\x10\n\x01Z\x00F\x00\x13\xf9\xec{\xc4\x95<\x11\xd2\x98NRT\x00\xdc\x9e\tM\x00\x1b\x00\x10A';\x94\xd5\xebs7lj\x7f\xa6\x8f1<B\x01\x01\x00\x02\x01\x00N\x00,\x00\x10;\x83\xa9\xac\xb2/\xe9x\xba\xbf\x0e\x90\xe7;\xe67\x01\x03pts\x02\x10\xb1\xc0\xc5\xdf\xdbSX\x15E\x88\xab\x8eko\xbcH"
2026-09-21 16:34:53,207 Thread-14321 (_process_events) root DEBUG ftp.py                    1450  _ftp_server_connect_ev    : _ftp_server_connect_ev: client authentication succeeded
2026-09-21 16:34:53,207 Thread-14321 (_process_events) root DEBUG ftp.py                    1456  _ftp_server_connect_ev    : _ftp_server_connect_ev: client also requires authentication
2026-09-21 16:34:53,207 Thread-14321 (_process_events) root DEBUG ftp.py                    633   ftp_server_connect        : ftp_server_connect rsp=0xa0 '001bdc08e44e'
2026-09-21 16:34:53,207 Thread-14321 (_process_events) root DEBUG iutctl_common.py          161   send                      : 42 19 0 'bytearray(b"\\xe0N\\xe4\\x08\\xdc\\x1b\\x00\\xa0\\x15\\x00N\\x00\\x15\\x00\\x10S1\\xe3\\x9dm\\x99>U\\x00\\\'\\xd9\\xbb\\x11\\x86\\x17\\xc6")'
2026-09-21 16:34:53,208 Thread-14321 (_process_events) root DEBUG iutctl_common.py          166   send                      : sending frame '2a13001f00e04ee408dc1b00a015004e001500105331e39d6d993e550027d9bb118617c6'
2026-09-21 16:34:53,208 Thread-14321 (_process_events) root DEBUG ftp.py                    284   ftp_command_rsp_succ      : ftp_command_rsp_succ
2026-09-21 16:34:53,208 Thread-14321 (_process_events) root DEBUG iutctl_common.py          339   read                      : 
2026-09-21 16:34:53,244 BTPWorkerThread-14311 (_rx_task) root DEBUG iutctl_common.py          123   read                      : Read 5 bytes
2026-09-21 16:34:53,254 BTPWorkerThread-14311 (_rx_task) root DEBUG iutctl_common.py          131   read                      : Received: hdr: Header(svc_id=0x2a, op=0x13, ctrl_index=0x00, data_len=0x00) bytearray(b'*\x13\x00\x00\x00')
2026-09-21 16:34:53,260 BTPWorkerThread-14311 (_rx_task) root DEBUG iutctl_common.py          154   read                      : Received data: {''}, bytearray(b'')
2026-09-21 16:34:53,261 BTPWorkerThread-14311 (_rx_task) root DEBUG iutctl_common.py          123   read                      : Read 5 bytes
2026-09-21 16:34:53,261 Thread-14321 (_process_events) root DEBUG ftp.py                    287   ftp_command_rsp_succ      : received Header(svc_id=42, op=19, ctrl_index=0, data_len=0) (b'',)
2026-09-21 16:34:53,261 BTPWorkerThread-14311 (_rx_task) root DEBUG iutctl_common.py          131   read                      : Received: hdr: Header(svc_id=0x2a, op=0x96, ctrl_index=0x00, data_len=0x12) bytearray(b'*\x96\x00\x12\x00')
2026-09-21 16:34:53,262 BTPWorkerThread-14311 (_rx_task) root DEBUG iutctl_common.py          139   read                      : Read 18 bytes data
2026-09-21 16:34:53,262 Thread-14321 (_process_events) root DEBUG ftp.py                    724   add_connection            : FTP: add_connection addr=001bdc08e44e type=0x93
2026-09-21 16:34:53,262 BTPWorkerThread-14311 (_rx_task) root DEBUG iutctl_common.py          154   read                      : Received data: {'e0 4e e4 08 dc 1b 00 02 08 00 01 00 03 cb 00 00 00 01'}, bytearray(b'\xe0N\xe4\x08\xdc\x1b\x00\x02\x08\x00\x01\x00\x03\xcb\x00\x00\x00\x01')
2026-09-21 16:34:53,262 BTPWorkerThread-14311 (_rx_task) root DEBUG btp.py                    704   event_handler             : Header(svc_id=42, op=150, ctrl_index=0, data_len=18) (b'\xe0N\xe4\x08\xdc\x1b\x00\x02\x08\x00\x01\x00\x03\xcb\x00\x00\x00\x01',)
2026-09-21 16:34:53,263 Thread-14321 (_process_events) root DEBUG ftp.py                    1502  _ftp_server_set_folder_ev : _ftp_server_set_folder_ev b'\xe0N\xe4\x08\xdc\x1b\x00\x02\x08\x00\x01\x00\x03\xcb\x00\x00\x00\x01'
2026-09-21 16:34:53,263 Thread-14321 (_process_events) root DEBUG ftp.py                    214   set_folder                : FtpStorage: cwd -> / (root)
2026-09-21 16:34:53,263 Thread-14321 (_process_events) root DEBUG ftp.py                    683   ftp_server_set_folder     : ftp_server_set_folder rsp=0xa0 '001bdc08e44e'
2026-09-21 16:34:53,263 Thread-14321 (_process_events) root DEBUG iutctl_common.py          161   send                      : 42 22 0 "bytearray(b'\\xe0N\\xe4\\x08\\xdc\\x1b\\x00\\xa0')"
2026-09-21 16:34:53,263 Thread-14321 (_process_events) root DEBUG iutctl_common.py          166   send                      : sending frame '2a16000800e04ee408dc1b00a0'
2026-09-21 16:34:53,263 Thread-14321 (_process_events) root DEBUG ftp.py                    284   ftp_command_rsp_succ      : ftp_command_rsp_succ
2026-09-21 16:34:53,263 Thread-14321 (_process_events) root DEBUG iutctl_common.py          339   read                      : 
2026-09-21 16:34:53,309 BTPWorkerThread-14311 (_rx_task) root DEBUG iutctl_common.py          123   read                      : Read 5 bytes
2026-09-21 16:34:53,319 BTPWorkerThread-14311 (_rx_task) root DEBUG iutctl_common.py          131   read                      : Received: hdr: Header(svc_id=0x2a, op=0x16, ctrl_index=0x00, data_len=0x00) bytearray(b'*\x16\x00\x00\x00')
2026-09-21 16:34:53,330 BTPWorkerThread-14311 (_rx_task) root DEBUG iutctl_common.py          154   read                      : Received data: {''}, bytearray(b'')
2026-09-21 16:34:53,341 BTPWorkerThread-14311 (_rx_task) root DEBUG iutctl_common.py          123   read                      : Read 5 bytes
2026-09-21 16:34:53,341 Thread-14321 (_process_events) root DEBUG ftp.py                    287   ftp_command_rsp_succ      : received Header(svc_id=42, op=22, ctrl_index=0, data_len=0) (b'',)
2026-09-21 16:34:53,342 BTPWorkerThread-14311 (_rx_task) root DEBUG iutctl_common.py          131   read                      : Received: hdr: Header(svc_id=0x2a, op=0x96, ctrl_index=0x00, data_len=0x1a) bytearray(b'*\x96\x00\x1a\x00')
2026-09-21 16:34:53,342 BTPWorkerThread-14311 (_rx_task) root DEBUG iutctl_common.py          139   read                      : Read 26 bytes data
2026-09-21 16:34:53,342 BTPWorkerThread-14311 (_rx_task) root DEBUG iutctl_common.py          154   read                      : Received data: {'e0 4e e4 08 dc 1b 00 02 10 00 01 00 0b 00 70 00 74 00 73 00 00 cb 00 00 00 01'}, bytearray(b'\xe0N\xe4\x08\xdc\x1b\x00\x02\x10\x00\x01\x00\x0b\x00p\x00t\x00s\x00\x00\xcb\x00\x00\x00\x01')
2026-09-21 16:34:53,342 BTPWorkerThread-14311 (_rx_task) root DEBUG btp.py                    704   event_handler             : Header(svc_id=42, op=150, ctrl_index=0, data_len=26) (b'\xe0N\xe4\x08\xdc\x1b\x00\x02\x10\x00\x01\x00\x0b\x00p\x00t\x00s\x00\x00\xcb\x00\x00\x00\x01',)
2026-09-21 16:34:53,343 Thread-14321 (_process_events) root DEBUG ftp.py                    1502  _ftp_server_set_folder_ev : _ftp_server_set_folder_ev b'\xe0N\xe4\x08\xdc\x1b\x00\x02\x10\x00\x01\x00\x0b\x00p\x00t\x00s\x00\x00\xcb\x00\x00\x00\x01'
2026-09-21 16:34:53,343 Thread-14321 (_process_events) root DEBUG ftp.py                    228   set_folder                : FtpStorage: cwd -> /pts
2026-09-21 16:34:53,343 Thread-14321 (_process_events) root DEBUG ftp.py                    683   ftp_server_set_folder     : ftp_server_set_folder rsp=0xa0 '001bdc08e44e'
2026-09-21 16:34:53,343 Thread-14321 (_process_events) root DEBUG iutctl_common.py          161   send                      : 42 22 0 "bytearray(b'\\xe0N\\xe4\\x08\\xdc\\x1b\\x00\\xa0')"
2026-09-21 16:34:53,343 Thread-14321 (_process_events) root DEBUG iutctl_common.py          166   send                      : sending frame '2a16000800e04ee408dc1b00a0'
2026-09-21 16:34:53,343 Thread-14321 (_process_events) root DEBUG ftp.py                    284   ftp_command_rsp_succ      : ftp_command_rsp_succ
2026-09-21 16:34:53,343 Thread-14321 (_process_events) root DEBUG iutctl_common.py          339   read                      : 
2026-09-21 16:34:53,366 BTPWorkerThread-14311 (_rx_task) root DEBUG iutctl_common.py          123   read                      : Read 5 bytes
2026-09-21 16:34:53,377 BTPWorkerThread-14311 (_rx_task) root DEBUG iutctl_common.py          131   read                      : Received: hdr: Header(svc_id=0x2a, op=0x16, ctrl_index=0x00, data_len=0x00) bytearray(b'*\x16\x00\x00\x00')
2026-09-21 16:34:53,377 BTPWorkerThread-14311 (_rx_task) root DEBUG iutctl_common.py          154   read                      : Received data: {''}, bytearray(b'')
2026-09-21 16:34:53,378 Thread-14321 (_process_events) root DEBUG ftp.py                    287   ftp_command_rsp_succ      : received Header(svc_id=42, op=22, ctrl_index=0, data_len=0) (b'',)
2026-09-21 16:34:53,595 LT1-thread root DEBUG testcase.py               679   run_wid                   : FTP FTP/SR/GOEP/SRM/BV-04-C on_implicit_send
2026-09-21 16:34:53,595 LT1-thread root DEBUG ftp_wid.py                25    ftp_wid_hdl               : ftp_wid_hdl, 4004,  Please accept the OBEX CONNECT REQ., FTP/SR/GOEP/SRM/BV-04-C
2026-09-21 16:34:53,595 LT1-thread root DEBUG testcase.py               722   run_wid                   : Sending response 'OK' to wid 4004 test case FTP/SR/GOEP/SRM/BV-04-C
2026-09-21 16:34:53,597 LT1-thread root DEBUG client.py                 276   get_result                : ClientCallback.get_result run_test_case
2026-09-21 16:34:53,600 LT1-callback ClientCallback.on_implicit_send INFO client.py                 223   on_implicit_send          : 
    ********************
    BEGIN OnImplicitSend:
    project_name: FTP
    wid: 4004
    test_case_name: FTP/SR/GOEP/SRM/BV-04-C
    description:  Please accept the OBEX CONNECT REQ.
    style: MMI_Style_Ok_Cancel1 0x11041
2026-09-21 16:34:53,600 LT1-callback ClientCallback.on_implicit_send INFO client.py                 236   on_implicit_send          : Calling test cases on_implicit_send
2026-09-21 16:34:53,600 LT1-callback ClientCallback.on_implicit_send INFO client.py                 249   on_implicit_send          : 
    on_implicit_send returned response: WAIT
    END OnImplicitSend
    ********************
2026-09-21 16:34:54,599 LT1-thread root DEBUG testcase.py               679   run_wid                   : FTP FTP/SR/GOEP/SRM/BV-04-C on_implicit_send
2026-09-21 16:34:54,599 LT1-thread root DEBUG ftp_wid.py                25    ftp_wid_hdl               : ftp_wid_hdl, 4004,  Please accept the OBEX CONNECT REQ., FTP/SR/GOEP/SRM/BV-04-C
2026-09-21 16:34:54,599 LT1-thread root DEBUG testcase.py               722   run_wid                   : Sending response 'OK' to wid 4004 test case FTP/SR/GOEP/SRM/BV-04-C
2026-09-21 16:34:54,601 LT1-thread root DEBUG client.py                 276   get_result                : ClientCallback.get_result run_test_case
2026-09-21 16:34:54,603 LT1-callback ClientCallback.on_implicit_send INFO client.py                 223   on_implicit_send          : 
    ********************
    BEGIN OnImplicitSend:
    project_name: FTP
    wid: 4016
    test_case_name: FTP/SR/GOEP/SRM/BV-04-C
    description: Please accept the SET_PATH command.
    style: MMI_Style_Ok_Cancel1 0x11041
2026-09-21 16:34:54,603 LT1-callback ClientCallback.on_implicit_send INFO client.py                 236   on_implicit_send          : Calling test cases on_implicit_send
2026-09-21 16:34:54,603 LT1-callback ClientCallback.on_implicit_send INFO client.py                 249   on_implicit_send          : 
    on_implicit_send returned response: WAIT
    END OnImplicitSend
    ********************
2026-09-21 16:34:55,603 LT1-thread root DEBUG testcase.py               679   run_wid                   : FTP FTP/SR/GOEP/SRM/BV-04-C on_implicit_send
2026-09-21 16:34:55,603 LT1-thread root DEBUG ftp_wid.py                25    ftp_wid_hdl               : ftp_wid_hdl, 4016, Please accept the SET_PATH command., FTP/SR/GOEP/SRM/BV-04-C
2026-09-21 16:34:55,603 LT1-thread root DEBUG testcase.py               722   run_wid                   : Sending response 'OK' to wid 4016 test case FTP/SR/GOEP/SRM/BV-04-C
2026-09-21 16:34:55,605 LT1-thread root DEBUG client.py                 276   get_result                : ClientCallback.get_result run_test_case
2026-09-21 16:34:55,607 LT1-callback ClientCallback.on_implicit_send INFO client.py                 223   on_implicit_send          : 
    ********************
    BEGIN OnImplicitSend:
    project_name: FTP
    wid: 4016
    test_case_name: FTP/SR/GOEP/SRM/BV-04-C
    description: Please accept the SET_PATH command.
    style: MMI_Style_Ok_Cancel1 0x11041
2026-09-21 16:34:55,607 LT1-callback ClientCallback.on_implicit_send INFO client.py                 236   on_implicit_send          : Calling test cases on_implicit_send
2026-09-21 16:34:55,607 LT1-callback ClientCallback.on_implicit_send INFO client.py                 249   on_implicit_send          : 
    on_implicit_send returned response: WAIT
    END OnImplicitSend
    ********************
2026-09-21 16:34:56,605 LT1-thread root DEBUG testcase.py               679   run_wid                   : FTP FTP/SR/GOEP/SRM/BV-04-C on_implicit_send
2026-09-21 16:34:56,606 LT1-thread root DEBUG ftp_wid.py                25    ftp_wid_hdl               : ftp_wid_hdl, 4016, Please accept the SET_PATH command., FTP/SR/GOEP/SRM/BV-04-C
2026-09-21 16:34:56,606 LT1-thread root DEBUG testcase.py               722   run_wid                   : Sending response 'OK' to wid 4016 test case FTP/SR/GOEP/SRM/BV-04-C
2026-09-21 16:34:56,608 LT1-thread root DEBUG client.py                 276   get_result                : ClientCallback.get_result run_test_case
2026-09-21 16:34:56,610 LT1-callback ClientCallback.on_implicit_send INFO client.py                 223   on_implicit_send          : 
    ********************
    BEGIN OnImplicitSend:
    project_name: FTP
    wid: 30
    test_case_name: FTP/SR/GOEP/SRM/BV-04-C
    description: If necessary take action to remove the file named 'pts\SRM_BV_04_C.txt' on the IUT now.  Once the file is gone press 'OK' to continue.
    style: MMI_Style_Ok 0x11040
2026-09-21 16:34:56,610 LT1-callback ClientCallback.on_implicit_send INFO client.py                 236   on_implicit_send          : Calling test cases on_implicit_send
2026-09-21 16:34:56,610 LT1-callback ClientCallback.on_implicit_send INFO client.py                 249   on_implicit_send          : 
    on_implicit_send returned response: WAIT
    END OnImplicitSend
    ********************
2026-09-21 16:34:57,608 LT1-thread root DEBUG testcase.py               679   run_wid                   : FTP FTP/SR/GOEP/SRM/BV-04-C on_implicit_send
2026-09-21 16:34:57,608 LT1-thread root DEBUG ftp_wid.py                25    ftp_wid_hdl               : ftp_wid_hdl, 30, If necessary take action to remove the file named 'pts\SRM_BV_04_C.txt' on the IUT now.  Once the file is gone press 'OK' to continue., FTP/SR/GOEP/SRM/BV-04-C
2026-09-21 16:34:57,608 LT1-thread root DEBUG testcase.py               722   run_wid                   : Sending response 'Ok' to wid 30 test case FTP/SR/GOEP/SRM/BV-04-C
2026-09-21 16:34:57,610 LT1-thread root DEBUG client.py                 276   get_result                : ClientCallback.get_result run_test_case
2026-09-21 16:34:57,621 BTPWorkerThread-14311 (_rx_task) root DEBUG iutctl_common.py          123   read                      : Read 5 bytes
2026-09-21 16:34:57,622 BTPWorkerThread-14311 (_rx_task) root DEBUG iutctl_common.py          131   read                      : Received: hdr: Header(svc_id=0x2a, op=0x98, ctrl_index=0x00, data_len=0x101) bytearray(b'*\x98\x00\x01\x01')
2026-09-21 16:34:57,622 BTPWorkerThread-14311 (_rx_task) root DEBUG iutctl_common.py          139   read                      : Read 28 bytes data
2026-09-21 16:34:57,632 BTPWorkerThread-14311 (_rx_task) root DEBUG iutctl_common.py          139   read                      : Read 124 bytes data
2026-09-21 16:34:57,643 BTPWorkerThread-14311 (_rx_task) root DEBUG iutctl_common.py          139   read                      : Read 105 bytes data
2026-09-21 16:34:57,644 BTPWorkerThread-14311 (_rx_task) root DEBUG iutctl_common.py          154   read                      : Received data: {'e0 4e e4 08 dc 1b 00 00 f7 00 01 00 23 00 53 00 52 00 4d 00 5f 00 42 00 56 00 5f 00 30 00 34 00 5f 00 43 00 2e 00 74 00 78 00 74 00 00 97 01 c3 00 00 2a c4 cb 00 00 00 01 48 00 c8 46 69 6c 6c 65 72 20 54 65 78 74 20 46 69 6c 6c 65 72 20 54 65 78 74 20 46 69 6c 6c 65 72 20 54 65 78 74 20 46 69 6c 6c 65 72 20 54 65 78 74 20 46 69 6c 6c 65 72 20 54 65 78 74 20 46 69 6c 6c 65 72 20 54 65 78 74 20 46 69 6c 6c 65 72 20 54 65 78 74 20 46 69 6c 6c 65 72 20 54 65 78 74 20 46 69 6c 6c 65 72 20 54 65 78 74 20 46 69 6c 6c 65 72 20 54 65 78 74 20 46 69 6c 6c 65 72 20 54 65 78 74 20 46 69 6c 6c 65 72 20 54 65 78 74 20 0d 0a 46 69 6c 6c 65 72 20 54 65 78 74 20 46 69 6c 6c 65 72 20 54 65 78 74 20 46 69 6c 6c 65 72 20 54 65 78 74 20 46 69 6c 6c 65 72 20 54 65 78 74 20 46 69 6c'}, bytearray(b'\xe0N\xe4\x08\xdc\x1b\x00\x00\xf7\x00\x01\x00#\x00S\x00R\x00M\x00_\x00B\x00V\x00_\x000\x004\x00_\x00C\x00.\x00t\x00x\x00t\x00\x00\x97\x01\xc3\x00\x00*\xc4\xcb\x00\x00\x00\x01H\x00\xc8Filler Text Filler Text Filler Text Filler Text Filler Text Filler Text Filler Text Filler Text Filler Text Filler Text Filler Text Filler Text \r\nFiller Text Filler Text Filler Text Filler Text Fil')
2026-09-21 16:34:57,644 BTPWorkerThread-14311 (_rx_task) root DEBUG btp.py                    704   event_handler             : Header(svc_id=42, op=152, ctrl_index=0, data_len=257) (b'\xe0N\xe4\x08\xdc\x1b\x00\x00\xf7\x00\x01\x00#\x00S\x00R\x00M\x00_\x00B\x00V\x00_\x000\x004\x00_\x00C\x00.\x00t\x00x\x00t\x00\x00\x97\x01\xc3\x00\x00*\xc4\xcb\x00\x00\x00\x01H\x00\xc8Filler Text Filler Text Filler Text Filler Text Filler Text Filler Text Filler Text Filler Text Filler Text Filler Text Filler Text Filler Text \r\nFiller Text Filler Text Filler Text Filler Text Fil',)
2026-09-21 16:34:57,644 Thread-14321 (_process_events) root DEBUG ftp.py                    1589  _ftp_server_push_file_ev  : _ftp_server_push_file_ev b'\xe0N\xe4\x08\xdc\x1b\x00\x00\xf7\x00\x01\x00#\x00S\x00R\x00M\x00_\x00B\x00V\x00_\x000\x004\x00_\x00C\x00.\x00t\x00x\x00t\x00\x00\x97\x01\xc3\x00\x00*\xc4\xcb\x00\x00\x00\x01H\x00\xc8Filler Text Filler Text Filler Text Filler Text Filler Text Filler Text Filler Text Filler Text Filler Text Filler Text Filler Text Filler Text \r\nFiller Text Filler Text Filler Text Filler Text Fil'
2026-09-21 16:34:57,644 Thread-14321 (_process_events) root DEBUG ftp.py                    717   ftp_server_push_file      : ftp_server_push_file rsp=0x90 None
2026-09-21 16:34:57,644 Thread-14321 (_process_events) root DEBUG iutctl_common.py          161   send                      : 42 24 0 "bytearray(b'\\xe0N\\xe4\\x08\\xdc\\x1b\\x00\\x90\\x02\\x00\\x97\\x01')"
2026-09-21 16:34:57,644 Thread-14321 (_process_events) root DEBUG iutctl_common.py          166   send                      : sending frame '2a18000c00e04ee408dc1b009002009701'
2026-09-21 16:34:57,645 Thread-14321 (_process_events) root DEBUG ftp.py                    284   ftp_command_rsp_succ      : ftp_command_rsp_succ
2026-09-21 16:34:57,645 Thread-14321 (_process_events) root DEBUG iutctl_common.py          339   read                      : 
2026-09-21 16:34:57,671 BTPWorkerThread-14311 (_rx_task) root DEBUG iutctl_common.py          123   read                      : Read 5 bytes
2026-09-21 16:34:57,682 BTPWorkerThread-14311 (_rx_task) root DEBUG iutctl_common.py          131   read                      : Received: hdr: Header(svc_id=0x2a, op=0x18, ctrl_index=0x00, data_len=0x00) bytearray(b'*\x18\x00\x00\x00')
2026-09-21 16:34:57,693 BTPWorkerThread-14311 (_rx_task) root DEBUG iutctl_common.py          154   read                      : Received data: {''}, bytearray(b'')
2026-09-21 16:34:57,711 Thread-14321 (_process_events) root DEBUG ftp.py                    287   ftp_command_rsp_succ      : received Header(svc_id=42, op=24, ctrl_index=0, data_len=0) (b'',)
2026-09-21 16:34:57,711 BTPWorkerThread-14311 (_rx_task) root DEBUG iutctl_common.py          123   read                      : Read 5 bytes
2026-09-21 16:34:57,712 BTPWorkerThread-14311 (_rx_task) root DEBUG iutctl_common.py          131   read                      : Received: hdr: Header(svc_id=0x2a, op=0x98, ctrl_index=0x00, data_len=0x104) bytearray(b'*\x98\x00\x04\x01')
2026-09-21 16:34:57,712 BTPWorkerThread-14311 (_rx_task) root DEBUG iutctl_common.py          139   read                      : Read 260 bytes data
2026-09-21 16:34:57,712 BTPWorkerThread-14311 (_rx_task) root DEBUG iutctl_common.py          154   read                      : Received data: {'e0 4e e4 08 dc 1b 00 00 fa 00 48 00 fa 6c 65 72 20 54 65 78 74 20 46 69 6c 6c 65 72 20 54 65 78 74 20 46 69 6c 6c 65 72 20 54 65 78 74 20 46 69 6c 6c 65 72 20 54 65 78 74 20 46 69 6c 6c 65 72 20 54 65 78 74 20 46 69 6c 6c 65 72 20 54 65 78 74 20 46 69 6c 6c 65 72 20 54 65 78 74 20 46 69 6c 6c 65 72 20 54 65 78 74 20 0d 0a 46 69 6c 6c 65 72 20 54 65 78 74 20 46 69 6c 6c 65 72 20 54 65 78 74 20 46 69 6c 6c 65 72 20 54 65 78 74 20 46 69 6c 6c 65 72 20 54 65 78 74 20 46 69 6c 6c 65 72 20 54 65 78 74 20 46 69 6c 6c 65 72 20 54 65 78 74 20 46 69 6c 6c 65 72 20 54 65 78 74 20 46 69 6c 6c 65 72 20 54 65 78 74 20 46 69 6c 6c 65 72 20 54 65 78 74 20 46 69 6c 6c 65 72 20 54 65 78 74 20 46 69 6c 6c 65 72 20 54 65 78 74 20 46 69 6c 6c 65 72 20 54 65 78 74 20 0d 0a 46 69 6c 6c 65 72'}, bytearray(b'\xe0N\xe4\x08\xdc\x1b\x00\x00\xfa\x00H\x00\xfaler Text Filler Text Filler Text Filler Text Filler Text Filler Text Filler Text Filler Text \r\nFiller Text Filler Text Filler Text Filler Text Filler Text Filler Text Filler Text Filler Text Filler Text Filler Text Filler Text Filler Text \r\nFiller')
2026-09-21 16:34:57,712 BTPWorkerThread-14311 (_rx_task) root DEBUG btp.py                    704   event_handler             : Header(svc_id=42, op=152, ctrl_index=0, data_len=260) (b'\xe0N\xe4\x08\xdc\x1b\x00\x00\xfa\x00H\x00\xfaler Text Filler Text Filler Text Filler Text Filler Text Filler Text Filler Text Filler Text \r\nFiller Text Filler Text Filler Text Filler Text Filler Text Filler Text Filler Text Filler Text Filler Text Filler Text Filler Text Filler Text \r\nFiller',)
2026-09-21 16:34:57,713 BTPWorkerThread-14311 (_rx_task) root DEBUG iutctl_common.py          123   read                      : Read 5 bytes
2026-09-21 16:34:57,713 Thread-14321 (_process_events) root DEBUG ftp.py                    1589  _ftp_server_push_file_ev  : _ftp_server_push_file_ev b'\xe0N\xe4\x08\xdc\x1b\x00\x00\xfa\x00H\x00\xfaler Text Filler Text Filler Text Filler Text Filler Text Filler Text Filler Text Filler Text \r\nFiller Text Filler Text Filler Text Filler Text Filler Text Filler Text Filler Text Filler Text Filler Text Filler Text Filler Text Filler Text \r\nFiller'
2026-09-21 16:34:57,713 BTPWorkerThread-14311 (_rx_task) root DEBUG iutctl_common.py          131   read                      : Received: hdr: Header(svc_id=0x2a, op=0x98, ctrl_index=0x00, data_len=0x104) bytearray(b'*\x98\x00\x04\x01')
2026-09-21 16:34:57,713 BTPWorkerThread-14311 (_rx_task) root DEBUG iutctl_common.py          139   read                      : Read 52 bytes data
2026-09-21 16:34:57,721 BTPWorkerThread-14311 (_rx_task) root DEBUG iutctl_common.py          139   read                      : Read 127 bytes data
2026-09-21 16:34:57,721 BTPWorkerThread-14311 (_rx_task) root DEBUG iutctl_common.py          139   read                      : Read 3 bytes data
2026-09-21 16:34:57,732 BTPWorkerThread-14311 (_rx_task) root DEBUG iutctl_common.py          139   read                      : Read 78 bytes data
2026-09-21 16:34:57,733 BTPWorkerThread-14311 (_rx_task) root DEBUG iutctl_common.py          154   read                      : Received data: {'e0 4e e4 08 dc 1b 00 00 fa 00 48 00 fa 20 54 65 78 74 20 46 69 6c 6c 65 72 20 54 65 78 74 20 46 69 6c 6c 65 72 20 54 65 78 74 20 46 69 6c 6c 65 72 20 54 65 78 74 20 46 69 6c 6c 65 72 20 54 65 78 74 20 46 69 6c 6c 65 72 20 54 65 78 74 20 46 69 6c 6c 65 72 20 54 65 78 74 20 46 69 6c 6c 65 72 20 54 65 78 74 20 46 69 6c 6c 65 72 20 54 65 78 74 20 46 69 6c 6c 65 72 20 54 65 78 74 20 46 69 6c 6c 65 72 20 54 65 78 74 20 46 69 6c 6c 65 72 20 54 65 78 74 20 0d 0a 46 69 6c 6c 65 72 20 54 65 78 74 20 46 69 6c 6c 65 72 20 54 65 78 74 20 46 69 6c 6c 65 72 20 54 65 78 74 20 46 69 6c 6c 65 72 20 54 65 78 74 20 46 69 6c 6c 65 72 20 54 65 78 74 20 46 69 6c 6c 65 72 20 54 65 78 74 20 46 69 6c 6c 65 72 20 54 65 78 74 20 46 69 6c 6c 65 72 20 54 65 78 74 20 46 69 6c 6c 65 72 20 54 65 78 74'}, bytearray(b'\xe0N\xe4\x08\xdc\x1b\x00\x00\xfa\x00H\x00\xfa Text Filler Text Filler Text Filler Text Filler Text Filler Text Filler Text Filler Text Filler Text Filler Text Filler Text Filler Text \r\nFiller Text Filler Text Filler Text Filler Text Filler Text Filler Text Filler Text Filler Text Filler Text')
2026-09-21 16:34:57,733 BTPWorkerThread-14311 (_rx_task) root DEBUG btp.py                    704   event_handler             : Header(svc_id=42, op=152, ctrl_index=0, data_len=260) (b'\xe0N\xe4\x08\xdc\x1b\x00\x00\xfa\x00H\x00\xfa Text Filler Text Filler Text Filler Text Filler Text Filler Text Filler Text Filler Text Filler Text Filler Text Filler Text Filler Text \r\nFiller Text Filler Text Filler Text Filler Text Filler Text Filler Text Filler Text Filler Text Filler Text',)
2026-09-21 16:34:57,733 Thread-14321 (_process_events) root DEBUG ftp.py                    1589  _ftp_server_push_file_ev  : _ftp_server_push_file_ev b'\xe0N\xe4\x08\xdc\x1b\x00\x00\xfa\x00H\x00\xfa Text Filler Text Filler Text Filler Text Filler Text Filler Text Filler Text Filler Text Filler Text Filler Text Filler Text Filler Text \r\nFiller Text Filler Text Filler Text Filler Text Filler Text Filler Text Filler Text Filler Text Filler Text'
2026-09-21 16:34:57,743 BTPWorkerThread-14311 (_rx_task) root DEBUG iutctl_common.py          123   read                      : Read 5 bytes
2026-09-21 16:34:57,743 BTPWorkerThread-14311 (_rx_task) root DEBUG iutctl_common.py          131   read                      : Received: hdr: Header(svc_id=0x2a, op=0x98, ctrl_index=0x00, data_len=0x104) bytearray(b'*\x98\x00\x04\x01')
2026-09-21 16:34:57,744 BTPWorkerThread-14311 (_rx_task) root DEBUG iutctl_common.py          139   read                      : Read 76 bytes data
2026-09-21 16:34:57,744 BTPWorkerThread-14311 (_rx_task) root DEBUG iutctl_common.py          139   read                      : Read 11 bytes data
2026-09-21 16:34:57,755 BTPWorkerThread-14311 (_rx_task) root DEBUG iutctl_common.py          139   read                      : Read 129 bytes data
2026-09-21 16:34:57,766 BTPWorkerThread-14311 (_rx_task) root DEBUG iutctl_common.py          139   read                      : Read 44 bytes data
2026-09-21 16:34:57,767 BTPWorkerThread-14311 (_rx_task) root DEBUG iutctl_common.py          154   read                      : Received data: {'e0 4e e4 08 dc 1b 00 00 fa 00 48 00 fa 20 46 69 6c 6c 65 72 20 54 65 78 74 20 46 69 6c 6c 65 72 20 54 65 78 74 20 46 69 6c 6c 65 72 20 54 65 78 74 20 0d 0a 46 69 6c 6c 65 72 20 54 65 78 74 20 46 69 6c 6c 65 72 20 54 65 78 74 20 46 69 6c 6c 65 72 20 54 65 78 74 20 46 69 6c 6c 65 72 20 54 65 78 74 20 46 69 6c 6c 65 72 20 54 65 78 74 20 46 69 6c 6c 65 72 20 54 65 78 74 20 46 69 6c 6c 65 72 20 54 65 78 74 20 46 69 6c 6c 65 72 20 54 65 78 74 20 46 69 6c 6c 65 72 20 54 65 78 74 20 46 69 6c 6c 65 72 20 54 65 78 74 20 46 69 6c 6c 65 72 20 54 65 78 74 20 46 69 6c 6c 65 72 20 54 65 78 74 20 0d 0a 46 69 6c 6c 65 72 20 54 65 78 74 20 46 69 6c 6c 65 72 20 54 65 78 74 20 46 69 6c 6c 65 72 20 54 65 78 74 20 46 69 6c 6c 65 72 20 54 65 78 74 20 46 69 6c 6c 65 72 20 54 65 78 74 20 46 69'}, bytearray(b'\xe0N\xe4\x08\xdc\x1b\x00\x00\xfa\x00H\x00\xfa Filler Text Filler Text Filler Text \r\nFiller Text Filler Text Filler Text Filler Text Filler Text Filler Text Filler Text Filler Text Filler Text Filler Text Filler Text Filler Text \r\nFiller Text Filler Text Filler Text Filler Text Filler Text Fi')
2026-09-21 16:34:57,767 BTPWorkerThread-14311 (_rx_task) root DEBUG btp.py                    704   event_handler             : Header(svc_id=42, op=152, ctrl_index=0, data_len=260) (b'\xe0N\xe4\x08\xdc\x1b\x00\x00\xfa\x00H\x00\xfa Filler Text Filler Text Filler Text \r\nFiller Text Filler Text Filler Text Filler Text Filler Text Filler Text Filler Text Filler Text Filler Text Filler Text Filler Text Filler Text \r\nFiller Text Filler Text Filler Text Filler Text Filler Text Fi',)
2026-09-21 16:34:57,767 Thread-14321 (_process_events) root DEBUG ftp.py                    1589  _ftp_server_push_file_ev  : _ftp_server_push_file_ev b'\xe0N\xe4\x08\xdc\x1b\x00\x00\xfa\x00H\x00\xfa Filler Text Filler Text Filler Text \r\nFiller Text Filler Text Filler Text Filler Text Filler Text Filler Text Filler Text Filler Text Filler Text Filler Text Filler Text Filler Text \r\nFiller Text Filler Text Filler Text Filler Text Filler Text Fi'
2026-09-21 16:34:57,777 BTPWorkerThread-14311 (_rx_task) root DEBUG iutctl_common.py          123   read                      : Read 5 bytes
2026-09-21 16:34:57,778 BTPWorkerThread-14311 (_rx_task) root DEBUG iutctl_common.py          131   read                      : Received: hdr: Header(svc_id=0x2a, op=0x98, ctrl_index=0x00, data_len=0x104) bytearray(b'*\x98\x00\x04\x01')
2026-09-21 16:34:57,778 BTPWorkerThread-14311 (_rx_task) root DEBUG iutctl_common.py          139   read                      : Read 105 bytes data
2026-09-21 16:34:57,788 BTPWorkerThread-14311 (_rx_task) root DEBUG iutctl_common.py          139   read                      : Read 122 bytes data
2026-09-21 16:34:57,799 BTPWorkerThread-14311 (_rx_task) root DEBUG iutctl_common.py          139   read                      : Read 33 bytes data
2026-09-21 16:34:57,800 BTPWorkerThread-14311 (_rx_task) root DEBUG iutctl_common.py          154   read                      : Received data: {'e0 4e e4 08 dc 1b 00 00 fa 00 48 00 fa 6c 6c 65 72 20 54 65 78 74 20 46 69 6c 6c 65 72 20 54 65 78 74 20 46 69 6c 6c 65 72 20 54 65 78 74 20 46 69 6c 6c 65 72 20 54 65 78 74 20 46 69 6c 6c 65 72 20 54 65 78 74 20 46 69 6c 6c 65 72 20 54 65 78 74 20 46 69 6c 6c 65 72 20 54 65 78 74 20 0d 0a 46 69 6c 6c 65 72 20 54 65 78 74 20 46 69 6c 6c 65 72 20 54 65 78 74 20 46 69 6c 6c 65 72 20 54 65 78 74 20 46 69 6c 6c 65 72 20 54 65 78 74 20 46 69 6c 6c 65 72 20 54 65 78 74 20 46 69 6c 6c 65 72 20 54 65 78 74 20 46 69 6c 6c 65 72 20 54 65 78 74 20 46 69 6c 6c 65 72 20 54 65 78 74 20 46 69 6c 6c 65 72 20 54 65 78 74 20 46 69 6c 6c 65 72 20 54 65 78 74 20 46 69 6c 6c 65 72 20 54 65 78 74 20 46 69 6c 6c 65 72 20 54 65 78 74 20 0d 0a 46 69 6c 6c 65 72 20 54 65 78 74 20 46 69 6c 6c 65'}, bytearray(b'\xe0N\xe4\x08\xdc\x1b\x00\x00\xfa\x00H\x00\xfaller Text Filler Text Filler Text Filler Text Filler Text Filler Text Filler Text \r\nFiller Text Filler Text Filler Text Filler Text Filler Text Filler Text Filler Text Filler Text Filler Text Filler Text Filler Text Filler Text \r\nFiller Text Fille')
2026-09-21 16:34:57,800 BTPWorkerThread-14311 (_rx_task) root DEBUG btp.py                    704   event_handler             : Header(svc_id=42, op=152, ctrl_index=0, data_len=260) (b'\xe0N\xe4\x08\xdc\x1b\x00\x00\xfa\x00H\x00\xfaller Text Filler Text Filler Text Filler Text Filler Text Filler Text Filler Text \r\nFiller Text Filler Text Filler Text Filler Text Filler Text Filler Text Filler Text Filler Text Filler Text Filler Text Filler Text Filler Text \r\nFiller Text Fille',)
2026-09-21 16:34:57,800 Thread-14321 (_process_events) root DEBUG ftp.py                    1589  _ftp_server_push_file_ev  : _ftp_server_push_file_ev b'\xe0N\xe4\x08\xdc\x1b\x00\x00\xfa\x00H\x00\xfaller Text Filler Text Filler Text Filler Text Filler Text Filler Text Filler Text \r\nFiller Text Filler Text Filler Text Filler Text Filler Text Filler Text Filler Text Filler Text Filler Text Filler Text Filler Text Filler Text \r\nFiller Text Fille'
2026-09-21 16:34:57,810 BTPWorkerThread-14311 (_rx_task) root DEBUG iutctl_common.py          123   read                      : Read 5 bytes
2026-09-21 16:34:57,810 BTPWorkerThread-14311 (_rx_task) root DEBUG iutctl_common.py          131   read                      : Received: hdr: Header(svc_id=0x2a, op=0x98, ctrl_index=0x00, data_len=0x104) bytearray(b'*\x98\x00\x04\x01')
2026-09-21 16:34:57,811 BTPWorkerThread-14311 (_rx_task) root DEBUG iutctl_common.py          139   read                      : Read 82 bytes data
2026-09-21 16:34:57,821 BTPWorkerThread-14311 (_rx_task) root DEBUG iutctl_common.py          139   read                      : Read 127 bytes data
2026-09-21 16:34:57,832 BTPWorkerThread-14311 (_rx_task) root DEBUG iutctl_common.py          139   read                      : Read 51 bytes data
2026-09-21 16:34:57,833 BTPWorkerThread-14311 (_rx_task) root DEBUG iutctl_common.py          154   read                      : Received data: {'e0 4e e4 08 dc 1b 00 00 fa 00 48 00 fa 72 20 54 65 78 74 20 46 69 6c 6c 65 72 20 54 65 78 74 20 46 69 6c 6c 65 72 20 54 65 78 74 20 46 69 6c 6c 65 72 20 54 65 78 74 20 46 69 6c 6c 65 72 20 54 65 78 74 20 46 69 6c 6c 65 72 20 54 65 78 74 20 46 69 6c 6c 65 72 20 54 65 78 74 20 46 69 6c 6c 65 72 20 54 65 78 74 20 46 69 6c 6c 65 72 20 54 65 78 74 20 46 69 6c 6c 65 72 20 54 65 78 74 20 46 69 6c 6c 65 72 20 54 65 78 74 20 0d 0a 46 69 6c 6c 65 72 20 54 65 78 74 20 46 69 6c 6c 65 72 20 54 65 78 74 20 46 69 6c 6c 65 72 20 54 65 78 74 20 46 69 6c 6c 65 72 20 54 65 78 74 20 46 69 6c 6c 65 72 20 54 65 78 74 20 46 69 6c 6c 65 72 20 54 65 78 74 20 46 69 6c 6c 65 72 20 54 65 78 74 20 46 69 6c 6c 65 72 20 54 65 78 74 20 46 69 6c 6c 65 72 20 54 65 78 74 20 46 69 6c 6c 65 72 20 54 65 78'}, bytearray(b'\xe0N\xe4\x08\xdc\x1b\x00\x00\xfa\x00H\x00\xfar Text Filler Text Filler Text Filler Text Filler Text Filler Text Filler Text Filler Text Filler Text Filler Text Filler Text \r\nFiller Text Filler Text Filler Text Filler Text Filler Text Filler Text Filler Text Filler Text Filler Text Filler Tex')
2026-09-21 16:34:57,833 BTPWorkerThread-14311 (_rx_task) root DEBUG btp.py                    704   event_handler             : Header(svc_id=42, op=152, ctrl_index=0, data_len=260) (b'\xe0N\xe4\x08\xdc\x1b\x00\x00\xfa\x00H\x00\xfar Text Filler Text Filler Text Filler Text Filler Text Filler Text Filler Text Filler Text Filler Text Filler Text Filler Text \r\nFiller Text Filler Text Filler Text Filler Text Filler Text Filler Text Filler Text Filler Text Filler Text Filler Tex',)
2026-09-21 16:34:57,833 BTPWorkerThread-14311 (_rx_task) root DEBUG iutctl_common.py          123   read                      : Read 5 bytes
2026-09-21 16:34:57,833 Thread-14321 (_process_events) root DEBUG ftp.py                    1589  _ftp_server_push_file_ev  : _ftp_server_push_file_ev b'\xe0N\xe4\x08\xdc\x1b\x00\x00\xfa\x00H\x00\xfar Text Filler Text Filler Text Filler Text Filler Text Filler Text Filler Text Filler Text Filler Text Filler Text Filler Text \r\nFiller Text Filler Text Filler Text Filler Text Filler Text Filler Text Filler Text Filler Text Filler Text Filler Tex'
2026-09-21 16:34:57,833 BTPWorkerThread-14311 (_rx_task) root DEBUG iutctl_common.py          131   read                      : Received: hdr: Header(svc_id=0x2a, op=0x98, ctrl_index=0x00, data_len=0x104) bytearray(b'*\x98\x00\x04\x01')
2026-09-21 16:34:57,834 BTPWorkerThread-14311 (_rx_task) root DEBUG iutctl_common.py          139   read                      : Read 35 bytes data
2026-09-21 16:34:57,844 BTPWorkerThread-14311 (_rx_task) root DEBUG iutctl_common.py          139   read                      : Read 140 bytes data
2026-09-21 16:34:57,855 BTPWorkerThread-14311 (_rx_task) root DEBUG iutctl_common.py          139   read                      : Read 85 bytes data
2026-09-21 16:34:57,856 BTPWorkerThread-14311 (_rx_task) root DEBUG iutctl_common.py          154   read                      : Received data: {'e0 4e e4 08 dc 1b 00 00 fa 00 48 00 fa 74 20 46 69 6c 6c 65 72 20 54 65 78 74 20 46 69 6c 6c 65 72 20 54 65 78 74 20 0d 0a 46 69 6c 6c 65 72 20 54 65 78 74 20 46 69 6c 6c 65 72 20 54 65 78 74 20 46 69 6c 6c 65 72 20 54 65 78 74 20 46 69 6c 6c 65 72 20 54 65 78 74 20 46 69 6c 6c 65 72 20 54 65 78 74 20 46 69 6c 6c 65 72 20 54 65 78 74 20 46 69 6c 6c 65 72 20 54 65 78 74 20 46 69 6c 6c 65 72 20 54 65 78 74 20 46 69 6c 6c 65 72 20 54 65 78 74 20 46 69 6c 6c 65 72 20 54 65 78 74 20 46 69 6c 6c 65 72 20 54 65 78 74 20 46 69 6c 6c 65 72 20 54 65 78 74 20 0d 0a 46 69 6c 6c 65 72 20 54 65 78 74 20 46 69 6c 6c 65 72 20 54 65 78 74 20 46 69 6c 6c 65 72 20 54 65 78 74 20 46 69 6c 6c 65 72 20 54 65 78 74 20 46 69 6c 6c 65 72 20 54 65 78 74 20 46 69 6c 6c 65 72 20 54 65 78 74 20 46'}, bytearray(b'\xe0N\xe4\x08\xdc\x1b\x00\x00\xfa\x00H\x00\xfat Filler Text Filler Text \r\nFiller Text Filler Text Filler Text Filler Text Filler Text Filler Text Filler Text Filler Text Filler Text Filler Text Filler Text Filler Text \r\nFiller Text Filler Text Filler Text Filler Text Filler Text Filler Text F')
2026-09-21 16:34:57,856 BTPWorkerThread-14311 (_rx_task) root DEBUG btp.py                    704   event_handler             : Header(svc_id=42, op=152, ctrl_index=0, data_len=260) (b'\xe0N\xe4\x08\xdc\x1b\x00\x00\xfa\x00H\x00\xfat Filler Text Filler Text \r\nFiller Text Filler Text Filler Text Filler Text Filler Text Filler Text Filler Text Filler Text Filler Text Filler Text Filler Text Filler Text \r\nFiller Text Filler Text Filler Text Filler Text Filler Text Filler Text F',)
2026-09-21 16:34:57,856 Thread-14321 (_process_events) root DEBUG ftp.py                    1589  _ftp_server_push_file_ev  : _ftp_server_push_file_ev b'\xe0N\xe4\x08\xdc\x1b\x00\x00\xfa\x00H\x00\xfat Filler Text Filler Text \r\nFiller Text Filler Text Filler Text Filler Text Filler Text Filler Text Filler Text Filler Text Filler Text Filler Text Filler Text Filler Text \r\nFiller Text Filler Text Filler Text Filler Text Filler Text Filler Text F'
2026-09-21 16:34:57,867 BTPWorkerThread-14311 (_rx_task) root DEBUG iutctl_common.py          123   read                      : Read 5 bytes
2026-09-21 16:34:57,868 BTPWorkerThread-14311 (_rx_task) root DEBUG iutctl_common.py          131   read                      : Received: hdr: Header(svc_id=0x2a, op=0x98, ctrl_index=0x00, data_len=0x104) bytearray(b'*\x98\x00\x04\x01')
2026-09-21 16:34:57,868 BTPWorkerThread-14311 (_rx_task) root DEBUG iutctl_common.py          139   read                      : Read 70 bytes data
2026-09-21 16:34:57,878 BTPWorkerThread-14311 (_rx_task) root DEBUG iutctl_common.py          139   read                      : Read 125 bytes data
2026-09-21 16:34:57,879 BTPWorkerThread-14311 (_rx_task) root DEBUG iutctl_common.py          139   read                      : Read 7 bytes data
2026-09-21 16:34:57,890 BTPWorkerThread-14311 (_rx_task) root DEBUG iutctl_common.py          139   read                      : Read 58 bytes data
2026-09-21 16:34:57,891 BTPWorkerThread-14311 (_rx_task) root DEBUG iutctl_common.py          154   read                      : Received data: {'e0 4e e4 08 dc 1b 00 00 fa 00 48 00 fa 69 6c 6c 65 72 20 54 65 78 74 20 46 69 6c 6c 65 72 20 54 65 78 74 20 46 69 6c 6c 65 72 20 54 65 78 74 20 46 69 6c 6c 65 72 20 54 65 78 74 20 46 69 6c 6c 65 72 20 54 65 78 74 20 46 69 6c 6c 65 72 20 54 65 78 74 20 0d 0a 46 69 6c 6c 65 72 20 54 65 78 74 20 46 69 6c 6c 65 72 20 54 65 78 74 20 46 69 6c 6c 65 72 20 54 65 78 74 20 46 69 6c 6c 65 72 20 54 65 78 74 20 46 69 6c 6c 65 72 20 54 65 78 74 20 46 69 6c 6c 65 72 20 54 65 78 74 20 46 69 6c 6c 65 72 20 54 65 78 74 20 46 69 6c 6c 65 72 20 54 65 78 74 20 46 69 6c 6c 65 72 20 54 65 78 74 20 46 69 6c 6c 65 72 20 54 65 78 74 20 46 69 6c 6c 65 72 20 54 65 78 74 20 46 69 6c 6c 65 72 20 54 65 78 74 20 0d 0a 46 69 6c 6c 65 72 20 54 65 78 74 20 46 69 6c 6c 65 72 20 54 65 78 74 20 46 69 6c 6c'}, bytearray(b'\xe0N\xe4\x08\xdc\x1b\x00\x00\xfa\x00H\x00\xfailler Text Filler Text Filler Text Filler Text Filler Text Filler Text \r\nFiller Text Filler Text Filler Text Filler Text Filler Text Filler Text Filler Text Filler Text Filler Text Filler Text Filler Text Filler Text \r\nFiller Text Filler Text Fill')
2026-09-21 16:34:57,891 BTPWorkerThread-14311 (_rx_task) root DEBUG btp.py                    704   event_handler             : Header(svc_id=42, op=152, ctrl_index=0, data_len=260) (b'\xe0N\xe4\x08\xdc\x1b\x00\x00\xfa\x00H\x00\xfailler Text Filler Text Filler Text Filler Text Filler Text Filler Text \r\nFiller Text Filler Text Filler Text Filler Text Filler Text Filler Text Filler Text Filler Text Filler Text Filler Text Filler Text Filler Text \r\nFiller Text Filler Text Fill',)
2026-09-21 16:34:57,891 Thread-14321 (_process_events) root DEBUG ftp.py                    1589  _ftp_server_push_file_ev  : _ftp_server_push_file_ev b'\xe0N\xe4\x08\xdc\x1b\x00\x00\xfa\x00H\x00\xfailler Text Filler Text Filler Text Filler Text Filler Text Filler Text \r\nFiller Text Filler Text Filler Text Filler Text Filler Text Filler Text Filler Text Filler Text Filler Text Filler Text Filler Text Filler Text \r\nFiller Text Filler Text Fill'
2026-09-21 16:34:57,901 BTPWorkerThread-14311 (_rx_task) root DEBUG iutctl_common.py          123   read                      : Read 5 bytes
2026-09-21 16:34:57,901 BTPWorkerThread-14311 (_rx_task) root DEBUG iutctl_common.py          131   read                      : Received: hdr: Header(svc_id=0x2a, op=0x98, ctrl_index=0x00, data_len=0x104) bytearray(b'*\x98\x00\x04\x01')
2026-09-21 16:34:57,901 BTPWorkerThread-14311 (_rx_task) root DEBUG iutctl_common.py          139   read                      : Read 109 bytes data
2026-09-21 16:34:57,912 BTPWorkerThread-14311 (_rx_task) root DEBUG iutctl_common.py          139   read                      : Read 130 bytes data
2026-09-21 16:34:57,923 BTPWorkerThread-14311 (_rx_task) root DEBUG iutctl_common.py          139   read                      : Read 21 bytes data
2026-09-21 16:34:57,924 BTPWorkerThread-14311 (_rx_task) root DEBUG iutctl_common.py          154   read                      : Received data: {'e0 4e e4 08 dc 1b 00 00 fa 00 48 00 fa 65 72 20 54 65 78 74 20 46 69 6c 6c 65 72 20 54 65 78 74 20 46 69 6c 6c 65 72 20 54 65 78 74 20 46 69 6c 6c 65 72 20 54 65 78 74 20 46 69 6c 6c 65 72 20 54 65 78 74 20 46 69 6c 6c 65 72 20 54 65 78 74 20 46 69 6c 6c 65 72 20 54 65 78 74 20 46 69 6c 6c 65 72 20 54 65 78 74 20 46 69 6c 6c 65 72 20 54 65 78 74 20 46 69 6c 6c 65 72 20 54 65 78 74 20 0d 0a 46 69 6c 6c 65 72 20 54 65 78 74 20 46 69 6c 6c 65 72 20 54 65 78 74 20 46 69 6c 6c 65 72 20 54 65 78 74 20 46 69 6c 6c 65 72 20 54 65 78 74 20 46 69 6c 6c 65 72 20 54 65 78 74 20 46 69 6c 6c 65 72 20 54 65 78 74 20 46 69 6c 6c 65 72 20 54 65 78 74 20 46 69 6c 6c 65 72 20 54 65 78 74 20 46 69 6c 6c 65 72 20 54 65 78 74 20 46 69 6c 6c 65 72 20 54 65 78 74 20 46 69 6c 6c 65 72 20 54 65'}, bytearray(b'\xe0N\xe4\x08\xdc\x1b\x00\x00\xfa\x00H\x00\xfaer Text Filler Text Filler Text Filler Text Filler Text Filler Text Filler Text Filler Text Filler Text Filler Text \r\nFiller Text Filler Text Filler Text Filler Text Filler Text Filler Text Filler Text Filler Text Filler Text Filler Text Filler Te')
2026-09-21 16:34:57,924 BTPWorkerThread-14311 (_rx_task) root DEBUG btp.py                    704   event_handler             : Header(svc_id=42, op=152, ctrl_index=0, data_len=260) (b'\xe0N\xe4\x08\xdc\x1b\x00\x00\xfa\x00H\x00\xfaer Text Filler Text Filler Text Filler Text Filler Text Filler Text Filler Text Filler Text Filler Text Filler Text \r\nFiller Text Filler Text Filler Text Filler Text Filler Text Filler Text Filler Text Filler Text Filler Text Filler Text Filler Te',)
2026-09-21 16:34:57,924 Thread-14321 (_process_events) root DEBUG ftp.py                    1589  _ftp_server_push_file_ev  : _ftp_server_push_file_ev b'\xe0N\xe4\x08\xdc\x1b\x00\x00\xfa\x00H\x00\xfaer Text Filler Text Filler Text Filler Text Filler Text Filler Text Filler Text Filler Text Filler Text Filler Text \r\nFiller Text Filler Text Filler Text Filler Text Filler Text Filler Text Filler Text Filler Text Filler Text Filler Text Filler Te'
2026-09-21 16:34:57,956 BTPWorkerThread-14311 (_rx_task) root DEBUG iutctl_common.py          123   read                      : Read 5 bytes
2026-09-21 16:34:57,957 BTPWorkerThread-14311 (_rx_task) root DEBUG iutctl_common.py          131   read                      : Received: hdr: Header(svc_id=0x2a, op=0x98, ctrl_index=0x00, data_len=0x104) bytearray(b'*\x98\x00\x04\x01')
2026-09-21 16:34:57,957 BTPWorkerThread-14311 (_rx_task) root DEBUG iutctl_common.py          139   read                      : Read 64 bytes data
2026-09-21 16:34:57,967 BTPWorkerThread-14311 (_rx_task) root DEBUG iutctl_common.py          139   read                      : Read 125 bytes data
2026-09-21 16:34:57,978 BTPWorkerThread-14311 (_rx_task) root DEBUG iutctl_common.py          139   read                      : Read 71 bytes data
2026-09-21 16:34:57,979 BTPWorkerThread-14311 (_rx_task) root DEBUG iutctl_common.py          154   read                      : Received data: {'e0 4e e4 08 dc 1b 00 00 fa 00 48 00 fa 78 74 20 46 69 6c 6c 65 72 20 54 65 78 74 20 0d 0a 46 69 6c 6c 65 72 20 54 65 78 74 20 46 69 6c 6c 65 72 20 54 65 78 74 20 46 69 6c 6c 65 72 20 54 65 78 74 20 46 69 6c 6c 65 72 20 54 65 78 74 20 46 69 6c 6c 65 72 20 54 65 78 74 20 46 69 6c 6c 65 72 20 54 65 78 74 20 46 69 6c 6c 65 72 20 54 65 78 74 20 46 69 6c 6c 65 72 20 54 65 78 74 20 46 69 6c 6c 65 72 20 54 65 78 74 20 46 69 6c 6c 65 72 20 54 65 78 74 20 46 69 6c 6c 65 72 20 54 65 78 74 20 46 69 6c 6c 65 72 20 54 65 78 74 20 0d 0a 46 69 6c 6c 65 72 20 54 65 78 74 20 46 69 6c 6c 65 72 20 54 65 78 74 20 46 69 6c 6c 65 72 20 54 65 78 74 20 46 69 6c 6c 65 72 20 54 65 78 74 20 46 69 6c 6c 65 72 20 54 65 78 74 20 46 69 6c 6c 65 72 20 54 65 78 74 20 46 69 6c 6c 65 72 20 54 65 78 74 20'}, bytearray(b'\xe0N\xe4\x08\xdc\x1b\x00\x00\xfa\x00H\x00\xfaxt Filler Text \r\nFiller Text Filler Text Filler Text Filler Text Filler Text Filler Text Filler Text Filler Text Filler Text Filler Text Filler Text Filler Text \r\nFiller Text Filler Text Filler Text Filler Text Filler Text Filler Text Filler Text ')
2026-09-21 16:34:57,979 BTPWorkerThread-14311 (_rx_task) root DEBUG btp.py                    704   event_handler             : Header(svc_id=42, op=152, ctrl_index=0, data_len=260) (b'\xe0N\xe4\x08\xdc\x1b\x00\x00\xfa\x00H\x00\xfaxt Filler Text \r\nFiller Text Filler Text Filler Text Filler Text Filler Text Filler Text Filler Text Filler Text Filler Text Filler Text Filler Text Filler Text \r\nFiller Text Filler Text Filler Text Filler Text Filler Text Filler Text Filler Text ',)
2026-09-21 16:34:57,979 Thread-14321 (_process_events) root DEBUG ftp.py                    1589  _ftp_server_push_file_ev  : _ftp_server_push_file_ev b'\xe0N\xe4\x08\xdc\x1b\x00\x00\xfa\x00H\x00\xfaxt Filler Text \r\nFiller Text Filler Text Filler Text Filler Text Filler Text Filler Text Filler Text Filler Text Filler Text Filler Text Filler Text Filler Text \r\nFiller Text Filler Text Filler Text Filler Text Filler Text Filler Text Filler Text '
2026-09-21 16:34:57,979 BTPWorkerThread-14311 (_rx_task) root DEBUG iutctl_common.py          123   read                      : Read 5 bytes
2026-09-21 16:34:57,980 BTPWorkerThread-14311 (_rx_task) root DEBUG iutctl_common.py          131   read                      : Received: hdr: Header(svc_id=0x2a, op=0x98, ctrl_index=0x00, data_len=0x104) bytearray(b'*\x98\x00\x04\x01')
2026-09-21 16:34:57,980 BTPWorkerThread-14311 (_rx_task) root DEBUG iutctl_common.py          139   read                      : Read 39 bytes data
2026-09-21 16:34:57,989 BTPWorkerThread-14311 (_rx_task) root DEBUG iutctl_common.py          139   read                      : Read 123 bytes data
2026-09-21 16:34:58,000 BTPWorkerThread-14311 (_rx_task) root DEBUG iutctl_common.py          139   read                      : Read 98 bytes data
2026-09-21 16:34:58,001 BTPWorkerThread-14311 (_rx_task) root DEBUG iutctl_common.py          154   read                      : Received data: {'e0 4e e4 08 dc 1b 00 00 fa 00 48 00 fa 46 69 6c 6c 65 72 20 54 65 78 74 20 46 69 6c 6c 65 72 20 54 65 78 74 20 46 69 6c 6c 65 72 20 54 65 78 74 20 46 69 6c 6c 65 72 20 54 65 78 74 20 46 69 6c 6c 65 72 20 54 65 78 74 20 0d 0a 46 69 6c 6c 65 72 20 54 65 78 74 20 46 69 6c 6c 65 72 20 54 65 78 74 20 46 69 6c 6c 65 72 20 54 65 78 74 20 46 69 6c 6c 65 72 20 54 65 78 74 20 46 69 6c 6c 65 72 20 54 65 78 74 20 46 69 6c 6c 65 72 20 54 65 78 74 20 46 69 6c 6c 65 72 20 54 65 78 74 20 46 69 6c 6c 65 72 20 54 65 78 74 20 46 69 6c 6c 65 72 20 54 65 78 74 20 46 69 6c 6c 65 72 20 54 65 78 74 20 46 69 6c 6c 65 72 20 54 65 78 74 20 46 69 6c 6c 65 72 20 54 65 78 74 20 0d 0a 46 69 6c 6c 65 72 20 54 65 78 74 20 46 69 6c 6c 65 72 20 54 65 78 74 20 46 69 6c 6c 65 72 20 54 65 78 74 20 46 69 6c'}, bytearray(b'\xe0N\xe4\x08\xdc\x1b\x00\x00\xfa\x00H\x00\xfaFiller Text Filler Text Filler Text Filler Text Filler Text \r\nFiller Text Filler Text Filler Text Filler Text Filler Text Filler Text Filler Text Filler Text Filler Text Filler Text Filler Text Filler Text \r\nFiller Text Filler Text Filler Text Fil')
2026-09-21 16:34:58,001 BTPWorkerThread-14311 (_rx_task) root DEBUG btp.py                    704   event_handler             : Header(svc_id=42, op=152, ctrl_index=0, data_len=260) (b'\xe0N\xe4\x08\xdc\x1b\x00\x00\xfa\x00H\x00\xfaFiller Text Filler Text Filler Text Filler Text Filler Text \r\nFiller Text Filler Text Filler Text Filler Text Filler Text Filler Text Filler Text Filler Text Filler Text Filler Text Filler Text Filler Text \r\nFiller Text Filler Text Filler Text Fil',)
2026-09-21 16:34:58,001 BTPWorkerThread-14311 (_rx_task) root DEBUG iutctl_common.py          123   read                      : Read 5 bytes
2026-09-21 16:34:58,001 Thread-14321 (_process_events) root DEBUG ftp.py                    1589  _ftp_server_push_file_ev  : _ftp_server_push_file_ev b'\xe0N\xe4\x08\xdc\x1b\x00\x00\xfa\x00H\x00\xfaFiller Text Filler Text Filler Text Filler Text Filler Text \r\nFiller Text Filler Text Filler Text Filler Text Filler Text Filler Text Filler Text Filler Text Filler Text Filler Text Filler Text Filler Text \r\nFiller Text Filler Text Filler Text Fil'
2026-09-21 16:34:58,001 BTPWorkerThread-14311 (_rx_task) root DEBUG iutctl_common.py          131   read                      : Received: hdr: Header(svc_id=0x2a, op=0x98, ctrl_index=0x00, data_len=0x104) bytearray(b'*\x98\x00\x04\x01')
2026-09-21 16:34:58,002 BTPWorkerThread-14311 (_rx_task) root DEBUG iutctl_common.py          139   read                      : Read 9 bytes data
2026-09-21 16:34:58,011 BTPWorkerThread-14311 (_rx_task) root DEBUG iutctl_common.py          139   read                      : Read 123 bytes data
2026-09-21 16:34:58,022 BTPWorkerThread-14311 (_rx_task) root DEBUG iutctl_common.py          139   read                      : Read 117 bytes data
2026-09-21 16:34:58,033 BTPWorkerThread-14311 (_rx_task) root DEBUG iutctl_common.py          139   read                      : Read 11 bytes data
2026-09-21 16:34:58,033 BTPWorkerThread-14311 (_rx_task) root DEBUG iutctl_common.py          154   read                      : Received data: {'e0 4e e4 08 dc 1b 00 00 fa 00 48 00 fa 6c 65 72 20 54 65 78 74 20 46 69 6c 6c 65 72 20 54 65 78 74 20 46 69 6c 6c 65 72 20 54 65 78 74 20 46 69 6c 6c 65 72 20 54 65 78 74 20 46 69 6c 6c 65 72 20 54 65 78 74 20 46 69 6c 6c 65 72 20 54 65 78 74 20 46 69 6c 6c 65 72 20 54 65 78 74 20 46 69 6c 6c 65 72 20 54 65 78 74 20 46 69 6c 6c 65 72 20 54 65 78 74 20 0d 0a 46 69 6c 6c 65 72 20 54 65 78 74 20 46 69 6c 6c 65 72 20 54 65 78 74 20 46 69 6c 6c 65 72 20 54 65 78 74 20 46 69 6c 6c 65 72 20 54 65 78 74 20 46 69 6c 6c 65 72 20 54 65 78 74 20 46 69 6c 6c 65 72 20 54 65 78 74 20 46 69 6c 6c 65 72 20 54 65 78 74 20 46 69 6c 6c 65 72 20 54 65 78 74 20 46 69 6c 6c 65 72 20 54 65 78 74 20 46 69 6c 6c 65 72 20 54 65 78 74 20 46 69 6c 6c 65 72 20 54 65 78 74 20 46 69 6c 6c 65 72 20 54'}, bytearray(b'\xe0N\xe4\x08\xdc\x1b\x00\x00\xfa\x00H\x00\xfaler Text Filler Text Filler Text Filler Text Filler Text Filler Text Filler Text Filler Text Filler Text \r\nFiller Text Filler Text Filler Text Filler Text Filler Text Filler Text Filler Text Filler Text Filler Text Filler Text Filler Text Filler T')
2026-09-21 16:34:58,034 BTPWorkerThread-14311 (_rx_task) root DEBUG btp.py                    704   event_handler             : Header(svc_id=42, op=152, ctrl_index=0, data_len=260) (b'\xe0N\xe4\x08\xdc\x1b\x00\x00\xfa\x00H\x00\xfaler Text Filler Text Filler Text Filler Text Filler Text Filler Text Filler Text Filler Text Filler Text \r\nFiller Text Filler Text Filler Text Filler Text Filler Text Filler Text Filler Text Filler Text Filler Text Filler Text Filler Text Filler T',)
2026-09-21 16:34:58,034 Thread-14321 (_process_events) root DEBUG ftp.py                    1589  _ftp_server_push_file_ev  : _ftp_server_push_file_ev b'\xe0N\xe4\x08\xdc\x1b\x00\x00\xfa\x00H\x00\xfaler Text Filler Text Filler Text Filler Text Filler Text Filler Text Filler Text Filler Text Filler Text \r\nFiller Text Filler Text Filler Text Filler Text Filler Text Filler Text Filler Text Filler Text Filler Text Filler Text Filler Text Filler T'
2026-09-21 16:34:58,034 BTPWorkerThread-14311 (_rx_task) root DEBUG iutctl_common.py          123   read                      : Read 5 bytes
2026-09-21 16:34:58,034 BTPWorkerThread-14311 (_rx_task) root DEBUG iutctl_common.py          131   read                      : Received: hdr: Header(svc_id=0x2a, op=0x98, ctrl_index=0x00, data_len=0x104) bytearray(b'*\x98\x00\x04\x01')
2026-09-21 16:34:58,034 BTPWorkerThread-14311 (_rx_task) root DEBUG iutctl_common.py          139   read                      : Read 92 bytes data
2026-09-21 16:34:58,044 BTPWorkerThread-14311 (_rx_task) root DEBUG iutctl_common.py          139   read                      : Read 128 bytes data
2026-09-21 16:34:58,055 BTPWorkerThread-14311 (_rx_task) root DEBUG iutctl_common.py          139   read                      : Read 40 bytes data
2026-09-21 16:34:58,056 BTPWorkerThread-14311 (_rx_task) root DEBUG iutctl_common.py          154   read                      : Received data: {'e0 4e e4 08 dc 1b 00 00 fa 00 48 00 fa 65 78 74 20 0d 0a 46 69 6c 6c 65 72 20 54 65 78 74 20 46 69 6c 6c 65 72 20 54 65 78 74 20 46 69 6c 6c 65 72 20 54 65 78 74 20 46 69 6c 6c 65 72 20 54 65 78 74 20 46 69 6c 6c 65 72 20 54 65 78 74 20 46 69 6c 6c 65 72 20 54 65 78 74 20 46 69 6c 6c 65 72 20 54 65 78 74 20 46 69 6c 6c 65 72 20 54 65 78 74 20 46 69 6c 6c 65 72 20 54 65 78 74 20 46 69 6c 6c 65 72 20 54 65 78 74 20 46 69 6c 6c 65 72 20 54 65 78 74 20 46 69 6c 6c 65 72 20 54 65 78 74 20 0d 0a 46 69 6c 6c 65 72 20 54 65 78 74 20 46 69 6c 6c 65 72 20 54 65 78 74 20 46 69 6c 6c 65 72 20 54 65 78 74 20 46 69 6c 6c 65 72 20 54 65 78 74 20 46 69 6c 6c 65 72 20 54 65 78 74 20 46 69 6c 6c 65 72 20 54 65 78 74 20 46 69 6c 6c 65 72 20 54 65 78 74 20 46 69 6c 6c 65 72 20 54 65 78 74'}, bytearray(b'\xe0N\xe4\x08\xdc\x1b\x00\x00\xfa\x00H\x00\xfaext \r\nFiller Text Filler Text Filler Text Filler Text Filler Text Filler Text Filler Text Filler Text Filler Text Filler Text Filler Text Filler Text \r\nFiller Text Filler Text Filler Text Filler Text Filler Text Filler Text Filler Text Filler Text')
2026-09-21 16:34:58,056 BTPWorkerThread-14311 (_rx_task) root DEBUG btp.py                    704   event_handler             : Header(svc_id=42, op=152, ctrl_index=0, data_len=260) (b'\xe0N\xe4\x08\xdc\x1b\x00\x00\xfa\x00H\x00\xfaext \r\nFiller Text Filler Text Filler Text Filler Text Filler Text Filler Text Filler Text Filler Text Filler Text Filler Text Filler Text Filler Text \r\nFiller Text Filler Text Filler Text Filler Text Filler Text Filler Text Filler Text Filler Text',)
2026-09-21 16:34:58,056 BTPWorkerThread-14311 (_rx_task) root DEBUG iutctl_common.py          123   read                      : Read 5 bytes
2026-09-21 16:34:58,056 Thread-14321 (_process_events) root DEBUG ftp.py                    1589  _ftp_server_push_file_ev  : _ftp_server_push_file_ev b'\xe0N\xe4\x08\xdc\x1b\x00\x00\xfa\x00H\x00\xfaext \r\nFiller Text Filler Text Filler Text Filler Text Filler Text Filler Text Filler Text Filler Text Filler Text Filler Text Filler Text Filler Text \r\nFiller Text Filler Text Filler Text Filler Text Filler Text Filler Text Filler Text Filler Text'
2026-09-21 16:34:58,057 BTPWorkerThread-14311 (_rx_task) root DEBUG iutctl_common.py          131   read                      : Received: hdr: Header(svc_id=0x2a, op=0x98, ctrl_index=0x00, data_len=0x104) bytearray(b'*\x98\x00\x04\x01')
2026-09-21 16:34:58,057 BTPWorkerThread-14311 (_rx_task) root DEBUG iutctl_common.py          139   read                      : Read 69 bytes data
2026-09-21 16:34:58,067 BTPWorkerThread-14311 (_rx_task) root DEBUG iutctl_common.py          139   read                      : Read 124 bytes data
2026-09-21 16:34:58,078 BTPWorkerThread-14311 (_rx_task) root DEBUG iutctl_common.py          139   read                      : Read 67 bytes data
2026-09-21 16:34:58,079 BTPWorkerThread-14311 (_rx_task) root DEBUG iutctl_common.py          154   read                      : Received data: {'e0 4e e4 08 dc 1b 00 00 fa 00 48 00 fa 20 46 69 6c 6c 65 72 20 54 65 78 74 20 46 69 6c 6c 65 72 20 54 65 78 74 20 46 69 6c 6c 65 72 20 54 65 78 74 20 46 69 6c 6c 65 72 20 54 65 78 74 20 0d 0a 46 69 6c 6c 65 72 20 54 65 78 74 20 46 69 6c 6c 65 72 20 54 65 78 74 20 46 69 6c 6c 65 72 20 54 65 78 74 20 46 69 6c 6c 65 72 20 54 65 78 74 20 46 69 6c 6c 65 72 20 54 65 78 74 20 46 69 6c 6c 65 72 20 54 65 78 74 20 46 69 6c 6c 65 72 20 54 65 78 74 20 46 69 6c 6c 65 72 20 54 65 78 74 20 46 69 6c 6c 65 72 20 54 65 78 74 20 46 69 6c 6c 65 72 20 54 65 78 74 20 46 69 6c 6c 65 72 20 54 65 78 74 20 46 69 6c 6c 65 72 20 54 65 78 74 20 0d 0a 46 69 6c 6c 65 72 20 54 65 78 74 20 46 69 6c 6c 65 72 20 54 65 78 74 20 46 69 6c 6c 65 72 20 54 65 78 74 20 46 69 6c 6c 65 72 20 54 65 78 74 20 46 69'}, bytearray(b'\xe0N\xe4\x08\xdc\x1b\x00\x00\xfa\x00H\x00\xfa Filler Text Filler Text Filler Text Filler Text \r\nFiller Text Filler Text Filler Text Filler Text Filler Text Filler Text Filler Text Filler Text Filler Text Filler Text Filler Text Filler Text \r\nFiller Text Filler Text Filler Text Filler Text Fi')
2026-09-21 16:34:58,079 BTPWorkerThread-14311 (_rx_task) root DEBUG btp.py                    704   event_handler             : Header(svc_id=42, op=152, ctrl_index=0, data_len=260) (b'\xe0N\xe4\x08\xdc\x1b\x00\x00\xfa\x00H\x00\xfa Filler Text Filler Text Filler Text Filler Text \r\nFiller Text Filler Text Filler Text Filler Text Filler Text Filler Text Filler Text Filler Text Filler Text Filler Text Filler Text Filler Text \r\nFiller Text Filler Text Filler Text Filler Text Fi',)
2026-09-21 16:34:58,079 Thread-14321 (_process_events) root DEBUG ftp.py                    1589  _ftp_server_push_file_ev  : _ftp_server_push_file_ev b'\xe0N\xe4\x08\xdc\x1b\x00\x00\xfa\x00H\x00\xfa Filler Text Filler Text Filler Text Filler Text \r\nFiller Text Filler Text Filler Text Filler Text Filler Text Filler Text Filler Text Filler Text Filler Text Filler Text Filler Text Filler Text \r\nFiller Text Filler Text Filler Text Filler Text Fi'
2026-09-21 16:34:58,080 BTPWorkerThread-14311 (_rx_task) root DEBUG iutctl_common.py          123   read                      : Read 5 bytes
2026-09-21 16:34:58,080 BTPWorkerThread-14311 (_rx_task) root DEBUG iutctl_common.py          131   read                      : Received: hdr: Header(svc_id=0x2a, op=0x98, ctrl_index=0x00, data_len=0x104) bytearray(b'*\x98\x00\x04\x01')
2026-09-21 16:34:58,080 BTPWorkerThread-14311 (_rx_task) root DEBUG iutctl_common.py          139   read                      : Read 4 bytes data
2026-09-21 16:34:58,090 BTPWorkerThread-14311 (_rx_task) root DEBUG iutctl_common.py          139   read                      : Read 123 bytes data
2026-09-21 16:34:58,090 BTPWorkerThread-14311 (_rx_task) root DEBUG iutctl_common.py          139   read                      : Read 9 bytes data
2026-09-21 16:34:58,101 BTPWorkerThread-14311 (_rx_task) root DEBUG iutctl_common.py          139   read                      : Read 119 bytes data
2026-09-21 16:34:58,101 BTPWorkerThread-14311 (_rx_task) root DEBUG iutctl_common.py          139   read                      : Read 5 bytes data
2026-09-21 16:34:58,102 BTPWorkerThread-14311 (_rx_task) root DEBUG iutctl_common.py          154   read                      : Received data: {'e0 4e e4 08 dc 1b 00 00 fa 00 48 00 fa 6c 6c 65 72 20 54 65 78 74 20 46 69 6c 6c 65 72 20 54 65 78 74 20 46 69 6c 6c 65 72 20 54 65 78 74 20 46 69 6c 6c 65 72 20 54 65 78 74 20 46 69 6c 6c 65 72 20 54 65 78 74 20 46 69 6c 6c 65 72 20 54 65 78 74 20 46 69 6c 6c 65 72 20 54 65 78 74 20 46 69 6c 6c 65 72 20 54 65 78 74 20 0d 0a 46 69 6c 6c 65 72 20 54 65 78 74 20 46 69 6c 6c 65 72 20 54 65 78 74 20 46 69 6c 6c 65 72 20 54 65 78 74 20 46 69 6c 6c 65 72 20 54 65 78 74 20 46 69 6c 6c 65 72 20 54 65 78 74 20 46 69 6c 6c 65 72 20 54 65 78 74 20 46 69 6c 6c 65 72 20 54 65 78 74 20 46 69 6c 6c 65 72 20 54 65 78 74 20 46 69 6c 6c 65 72 20 54 65 78 74 20 46 69 6c 6c 65 72 20 54 65 78 74 20 46 69 6c 6c 65 72 20 54 65 78 74 20 46 69 6c 6c 65 72 20 54 65 78 74 20 0d 0a 46 69 6c 6c 65'}, bytearray(b'\xe0N\xe4\x08\xdc\x1b\x00\x00\xfa\x00H\x00\xfaller Text Filler Text Filler Text Filler Text Filler Text Filler Text Filler Text Filler Text \r\nFiller Text Filler Text Filler Text Filler Text Filler Text Filler Text Filler Text Filler Text Filler Text Filler Text Filler Text Filler Text \r\nFille')
2026-09-21 16:34:58,102 BTPWorkerThread-14311 (_rx_task) root DEBUG btp.py                    704   event_handler             : Header(svc_id=42, op=152, ctrl_index=0, data_len=260) (b'\xe0N\xe4\x08\xdc\x1b\x00\x00\xfa\x00H\x00\xfaller Text Filler Text Filler Text Filler Text Filler Text Filler Text Filler Text Filler Text \r\nFiller Text Filler Text Filler Text Filler Text Filler Text Filler Text Filler Text Filler Text Filler Text Filler Text Filler Text Filler Text \r\nFille',)
2026-09-21 16:34:58,102 Thread-14321 (_process_events) root DEBUG ftp.py                    1589  _ftp_server_push_file_ev  : _ftp_server_push_file_ev b'\xe0N\xe4\x08\xdc\x1b\x00\x00\xfa\x00H\x00\xfaller Text Filler Text Filler Text Filler Text Filler Text Filler Text Filler Text Filler Text \r\nFiller Text Filler Text Filler Text Filler Text Filler Text Filler Text Filler Text Filler Text Filler Text Filler Text Filler Text Filler Text \r\nFille'
2026-09-21 16:34:58,113 BTPWorkerThread-14311 (_rx_task) root DEBUG iutctl_common.py          123   read                      : Read 5 bytes
2026-09-21 16:34:58,114 BTPWorkerThread-14311 (_rx_task) root DEBUG iutctl_common.py          131   read                      : Received: hdr: Header(svc_id=0x2a, op=0x98, ctrl_index=0x00, data_len=0x104) bytearray(b'*\x98\x00\x04\x01')
2026-09-21 16:34:58,114 BTPWorkerThread-14311 (_rx_task) root DEBUG iutctl_common.py          139   read                      : Read 12 bytes data
2026-09-21 16:34:58,124 BTPWorkerThread-14311 (_rx_task) root DEBUG iutctl_common.py          139   read                      : Read 134 bytes data
2026-09-21 16:34:58,124 BTPWorkerThread-14311 (_rx_task) root DEBUG iutctl_common.py          139   read                      : Read 6 bytes data
2026-09-21 16:34:58,124 BTPWorkerThread-14311 (_rx_task) root DEBUG iutctl_common.py          139   read                      : Read 1 bytes data
2026-09-21 16:34:58,136 BTPWorkerThread-14311 (_rx_task) root DEBUG iutctl_common.py          139   read                      : Read 107 bytes data
2026-09-21 16:34:58,137 BTPWorkerThread-14311 (_rx_task) root DEBUG iutctl_common.py          154   read                      : Received data: {'e0 4e e4 08 dc 1b 00 00 fa 00 48 00 fa 72 20 54 65 78 74 20 46 69 6c 6c 65 72 20 54 65 78 74 20 46 69 6c 6c 65 72 20 54 65 78 74 20 46 69 6c 6c 65 72 20 54 65 78 74 20 46 69 6c 6c 65 72 20 54 65 78 74 20 46 69 6c 6c 65 72 20 54 65 78 74 20 46 69 6c 6c 65 72 20 54 65 78 74 20 46 69 6c 6c 65 72 20 54 65 78 74 20 46 69 6c 6c 65 72 20 54 65 78 74 20 46 69 6c 6c 65 72 20 54 65 78 74 20 46 69 6c 6c 65 72 20 54 65 78 74 20 46 69 6c 6c 65 72 20 54 65 78 74 20 0d 0a 46 69 6c 6c 65 72 20 54 65 78 74 20 46 69 6c 6c 65 72 20 54 65 78 74 20 46 69 6c 6c 65 72 20 54 65 78 74 20 46 69 6c 6c 65 72 20 54 65 78 74 20 46 69 6c 6c 65 72 20 54 65 78 74 20 46 69 6c 6c 65 72 20 54 65 78 74 20 46 69 6c 6c 65 72 20 54 65 78 74 20 46 69 6c 6c 65 72 20 54 65 78 74 20 46 69 6c 6c 65 72 20 54 65 78'}, bytearray(b'\xe0N\xe4\x08\xdc\x1b\x00\x00\xfa\x00H\x00\xfar Text Filler Text Filler Text Filler Text Filler Text Filler Text Filler Text Filler Text Filler Text Filler Text Filler Text Filler Text \r\nFiller Text Filler Text Filler Text Filler Text Filler Text Filler Text Filler Text Filler Text Filler Tex')
2026-09-21 16:34:58,137 BTPWorkerThread-14311 (_rx_task) root DEBUG btp.py                    704   event_handler             : Header(svc_id=42, op=152, ctrl_index=0, data_len=260) (b'\xe0N\xe4\x08\xdc\x1b\x00\x00\xfa\x00H\x00\xfar Text Filler Text Filler Text Filler Text Filler Text Filler Text Filler Text Filler Text Filler Text Filler Text Filler Text Filler Text \r\nFiller Text Filler Text Filler Text Filler Text Filler Text Filler Text Filler Text Filler Text Filler Tex',)
2026-09-21 16:34:58,137 Thread-14321 (_process_events) root DEBUG ftp.py                    1589  _ftp_server_push_file_ev  : _ftp_server_push_file_ev b'\xe0N\xe4\x08\xdc\x1b\x00\x00\xfa\x00H\x00\xfar Text Filler Text Filler Text Filler Text Filler Text Filler Text Filler Text Filler Text Filler Text Filler Text Filler Text Filler Text \r\nFiller Text Filler Text Filler Text Filler Text Filler Text Filler Text Filler Text Filler Text Filler Tex'
2026-09-21 16:34:58,147 BTPWorkerThread-14311 (_rx_task) root DEBUG iutctl_common.py          123   read                      : Read 5 bytes
2026-09-21 16:34:58,147 BTPWorkerThread-14311 (_rx_task) root DEBUG iutctl_common.py          131   read                      : Received: hdr: Header(svc_id=0x2a, op=0x98, ctrl_index=0x00, data_len=0x104) bytearray(b'*\x98\x00\x04\x01')
2026-09-21 16:34:58,147 BTPWorkerThread-14311 (_rx_task) root DEBUG iutctl_common.py          139   read                      : Read 63 bytes data
2026-09-21 16:34:58,158 BTPWorkerThread-14311 (_rx_task) root DEBUG iutctl_common.py          139   read                      : Read 127 bytes data
2026-09-21 16:34:58,169 BTPWorkerThread-14311 (_rx_task) root DEBUG iutctl_common.py          139   read                      : Read 70 bytes data
2026-09-21 16:34:58,170 BTPWorkerThread-14311 (_rx_task) root DEBUG iutctl_common.py          154   read                      : Received data: {'e0 4e e4 08 dc 1b 00 00 fa 00 48 00 fa 74 20 46 69 6c 6c 65 72 20 54 65 78 74 20 46 69 6c 6c 65 72 20 54 65 78 74 20 46 69 6c 6c 65 72 20 54 65 78 74 20 0d 0a 46 69 6c 6c 65 72 20 54 65 78 74 20 46 69 6c 6c 65 72 20 54 65 78 74 20 46 69 6c 6c 65 72 20 54 65 78 74 20 46 69 6c 6c 65 72 20 54 65 78 74 20 46 69 6c 6c 65 72 20 54 65 78 74 20 46 69 6c 6c 65 72 20 54 65 78 74 20 46 69 6c 6c 65 72 20 54 65 78 74 20 46 69 6c 6c 65 72 20 54 65 78 74 20 46 69 6c 6c 65 72 20 54 65 78 74 20 46 69 6c 6c 65 72 20 54 65 78 74 20 46 69 6c 6c 65 72 20 54 65 78 74 20 46 69 6c 6c 65 72 20 54 65 78 74 20 0d 0a 46 69 6c 6c 65 72 20 54 65 78 74 20 46 69 6c 6c 65 72 20 54 65 78 74 20 46 69 6c 6c 65 72 20 54 65 78 74 20 46 69 6c 6c 65 72 20 54 65 78 74 20 46 69 6c 6c 65 72 20 54 65 78 74 20 46'}, bytearray(b'\xe0N\xe4\x08\xdc\x1b\x00\x00\xfa\x00H\x00\xfat Filler Text Filler Text Filler Text \r\nFiller Text Filler Text Filler Text Filler Text Filler Text Filler Text Filler Text Filler Text Filler Text Filler Text Filler Text Filler Text \r\nFiller Text Filler Text Filler Text Filler Text Filler Text F')
2026-09-21 16:34:58,170 BTPWorkerThread-14311 (_rx_task) root DEBUG btp.py                    704   event_handler             : Header(svc_id=42, op=152, ctrl_index=0, data_len=260) (b'\xe0N\xe4\x08\xdc\x1b\x00\x00\xfa\x00H\x00\xfat Filler Text Filler Text Filler Text \r\nFiller Text Filler Text Filler Text Filler Text Filler Text Filler Text Filler Text Filler Text Filler Text Filler Text Filler Text Filler Text \r\nFiller Text Filler Text Filler Text Filler Text Filler Text F',)
2026-09-21 16:34:58,170 Thread-14321 (_process_events) root DEBUG ftp.py                    1589  _ftp_server_push_file_ev  : _ftp_server_push_file_ev b'\xe0N\xe4\x08\xdc\x1b\x00\x00\xfa\x00H\x00\xfat Filler Text Filler Text Filler Text \r\nFiller Text Filler Text Filler Text Filler Text Filler Text Filler Text Filler Text Filler Text Filler Text Filler Text Filler Text Filler Text \r\nFiller Text Filler Text Filler Text Filler Text Filler Text F'
2026-09-21 16:34:58,180 BTPWorkerThread-14311 (_rx_task) root DEBUG iutctl_common.py          123   read                      : Read 5 bytes
2026-09-21 16:34:58,180 BTPWorkerThread-14311 (_rx_task) root DEBUG iutctl_common.py          131   read                      : Received: hdr: Header(svc_id=0x2a, op=0x98, ctrl_index=0x00, data_len=0x104) bytearray(b'*\x98\x00\x04\x01')
2026-09-21 16:34:58,180 BTPWorkerThread-14311 (_rx_task) root DEBUG iutctl_common.py          139   read                      : Read 73 bytes data
2026-09-21 16:34:58,191 BTPWorkerThread-14311 (_rx_task) root DEBUG iutctl_common.py          139   read                      : Read 125 bytes data
2026-09-21 16:34:58,191 BTPWorkerThread-14311 (_rx_task) root DEBUG iutctl_common.py          139   read                      : Read 1 bytes data
2026-09-21 16:34:58,202 BTPWorkerThread-14311 (_rx_task) root DEBUG iutctl_common.py          139   read                      : Read 61 bytes data
2026-09-21 16:34:58,203 BTPWorkerThread-14311 (_rx_task) root DEBUG iutctl_common.py          154   read                      : Received data: {'e0 4e e4 08 dc 1b 00 00 fa 00 48 00 fa 69 6c 6c 65 72 20 54 65 78 74 20 46 69 6c 6c 65 72 20 54 65 78 74 20 46 69 6c 6c 65 72 20 54 65 78 74 20 46 69 6c 6c 65 72 20 54 65 78 74 20 46 69 6c 6c 65 72 20 54 65 78 74 20 46 69 6c 6c 65 72 20 54 65 78 74 20 46 69 6c 6c 65 72 20 54 65 78 74 20 0d 0a 46 69 6c 6c 65 72 20 54 65 78 74 20 46 69 6c 6c 65 72 20 54 65 78 74 20 46 69 6c 6c 65 72 20 54 65 78 74 20 46 69 6c 6c 65 72 20 54 65 78 74 20 46 69 6c 6c 65 72 20 54 65 78 74 20 46 69 6c 6c 65 72 20 54 65 78 74 20 46 69 6c 6c 65 72 20 54 65 78 74 20 46 69 6c 6c 65 72 20 54 65 78 74 20 46 69 6c 6c 65 72 20 54 65 78 74 20 46 69 6c 6c 65 72 20 54 65 78 74 20 46 69 6c 6c 65 72 20 54 65 78 74 20 46 69 6c 6c 65 72 20 54 65 78 74 20 0d 0a 46 69 6c 6c 65 72 20 54 65 78 74 20 46 69 6c 6c'}, bytearray(b'\xe0N\xe4\x08\xdc\x1b\x00\x00\xfa\x00H\x00\xfailler Text Filler Text Filler Text Filler Text Filler Text Filler Text Filler Text \r\nFiller Text Filler Text Filler Text Filler Text Filler Text Filler Text Filler Text Filler Text Filler Text Filler Text Filler Text Filler Text \r\nFiller Text Fill')
2026-09-21 16:34:58,203 BTPWorkerThread-14311 (_rx_task) root DEBUG btp.py                    704   event_handler             : Header(svc_id=42, op=152, ctrl_index=0, data_len=260) (b'\xe0N\xe4\x08\xdc\x1b\x00\x00\xfa\x00H\x00\xfailler Text Filler Text Filler Text Filler Text Filler Text Filler Text Filler Text \r\nFiller Text Filler Text Filler Text Filler Text Filler Text Filler Text Filler Text Filler Text Filler Text Filler Text Filler Text Filler Text \r\nFiller Text Fill',)
2026-09-21 16:34:58,203 Thread-14321 (_process_events) root DEBUG ftp.py                    1589  _ftp_server_push_file_ev  : _ftp_server_push_file_ev b'\xe0N\xe4\x08\xdc\x1b\x00\x00\xfa\x00H\x00\xfailler Text Filler Text Filler Text Filler Text Filler Text Filler Text Filler Text \r\nFiller Text Filler Text Filler Text Filler Text Filler Text Filler Text Filler Text Filler Text Filler Text Filler Text Filler Text Filler Text \r\nFiller Text Fill'
2026-09-21 16:34:58,213 BTPWorkerThread-14311 (_rx_task) root DEBUG iutctl_common.py          123   read                      : Read 5 bytes
2026-09-21 16:34:58,213 BTPWorkerThread-14311 (_rx_task) root DEBUG iutctl_common.py          131   read                      : Received: hdr: Header(svc_id=0x2a, op=0x98, ctrl_index=0x00, data_len=0x104) bytearray(b'*\x98\x00\x04\x01')
2026-09-21 16:34:58,213 BTPWorkerThread-14311 (_rx_task) root DEBUG iutctl_common.py          139   read                      : Read 114 bytes data
2026-09-21 16:34:58,224 BTPWorkerThread-14311 (_rx_task) root DEBUG iutctl_common.py          139   read                      : Read 126 bytes data
2026-09-21 16:34:58,235 BTPWorkerThread-14311 (_rx_task) root DEBUG iutctl_common.py          139   read                      : Read 20 bytes data
2026-09-21 16:34:58,236 BTPWorkerThread-14311 (_rx_task) root DEBUG iutctl_common.py          154   read                      : Received data: {'e0 4e e4 08 dc 1b 00 00 fa 00 48 00 fa 65 72 20 54 65 78 74 20 46 69 6c 6c 65 72 20 54 65 78 74 20 46 69 6c 6c 65 72 20 54 65 78 74 20 46 69 6c 6c 65 72 20 54 65 78 74 20 46 69 6c 6c 65 72 20 54 65 78 74 20 46 69 6c 6c 65 72 20 54 65 78 74 20 46 69 6c 6c 65 72 20 54 65 78 74 20 46 69 6c 6c 65 72 20 54 65 78 74 20 46 69 6c 6c 65 72 20 54 65 78 74 20 46 69 6c 6c 65 72 20 54 65 78 74 20 46 69 6c 6c 65 72 20 54 65 78 74 20 0d 0a 46 69 6c 6c 65 72 20 54 65 78 74 20 46 69 6c 6c 65 72 20 54 65 78 74 20 46 69 6c 6c 65 72 20 54 65 78 74 20 46 69 6c 6c 65 72 20 54 65 78 74 20 46 69 6c 6c 65 72 20 54 65 78 74 20 46 69 6c 6c 65 72 20 54 65 78 74 20 46 69 6c 6c 65 72 20 54 65 78 74 20 46 69 6c 6c 65 72 20 54 65 78 74 20 46 69 6c 6c 65 72 20 54 65 78 74 20 46 69 6c 6c 65 72 20 54 65'}, bytearray(b'\xe0N\xe4\x08\xdc\x1b\x00\x00\xfa\x00H\x00\xfaer Text Filler Text Filler Text Filler Text Filler Text Filler Text Filler Text Filler Text Filler Text Filler Text Filler Text \r\nFiller Text Filler Text Filler Text Filler Text Filler Text Filler Text Filler Text Filler Text Filler Text Filler Te')
2026-09-21 16:34:58,236 BTPWorkerThread-14311 (_rx_task) root DEBUG btp.py                    704   event_handler             : Header(svc_id=42, op=152, ctrl_index=0, data_len=260) (b'\xe0N\xe4\x08\xdc\x1b\x00\x00\xfa\x00H\x00\xfaer Text Filler Text Filler Text Filler Text Filler Text Filler Text Filler Text Filler Text Filler Text Filler Text Filler Text \r\nFiller Text Filler Text Filler Text Filler Text Filler Text Filler Text Filler Text Filler Text Filler Text Filler Te',)
2026-09-21 16:34:58,236 Thread-14321 (_process_events) root DEBUG ftp.py                    1589  _ftp_server_push_file_ev  : _ftp_server_push_file_ev b'\xe0N\xe4\x08\xdc\x1b\x00\x00\xfa\x00H\x00\xfaer Text Filler Text Filler Text Filler Text Filler Text Filler Text Filler Text Filler Text Filler Text Filler Text Filler Text \r\nFiller Text Filler Text Filler Text Filler Text Filler Text Filler Text Filler Text Filler Text Filler Text Filler Te'
2026-09-21 16:34:58,236 BTPWorkerThread-14311 (_rx_task) root DEBUG iutctl_common.py          123   read                      : Read 5 bytes
2026-09-21 16:34:58,236 BTPWorkerThread-14311 (_rx_task) root DEBUG iutctl_common.py          131   read                      : Received: hdr: Header(svc_id=0x2a, op=0x98, ctrl_index=0x00, data_len=0x104) bytearray(b'*\x98\x00\x04\x01')
2026-09-21 16:34:58,236 BTPWorkerThread-14311 (_rx_task) root DEBUG iutctl_common.py          139   read                      : Read 10 bytes data
2026-09-21 16:34:58,246 BTPWorkerThread-14311 (_rx_task) root DEBUG iutctl_common.py          139   read                      : Read 129 bytes data
2026-09-21 16:34:58,257 BTPWorkerThread-14311 (_rx_task) root DEBUG iutctl_common.py          139   read                      : Read 121 bytes data
2026-09-21 16:34:58,258 BTPWorkerThread-14311 (_rx_task) root DEBUG iutctl_common.py          154   read                      : Received data: {'e0 4e e4 08 dc 1b 00 00 fa 00 48 00 fa 78 74 20 46 69 6c 6c 65 72 20 54 65 78 74 20 46 69 6c 6c 65 72 20 54 65 78 74 20 0d 0a 46 69 6c 6c 65 72 20 54 65 78 74 20 46 69 6c 6c 65 72 20 54 65 78 74 20 46 69 6c 6c 65 72 20 54 65 78 74 20 46 69 6c 6c 65 72 20 54 65 78 74 20 46 69 6c 6c 65 72 20 54 65 78 74 20 46 69 6c 6c 65 72 20 54 65 78 74 20 46 69 6c 6c 65 72 20 54 65 78 74 20 46 69 6c 6c 65 72 20 54 65 78 74 20 46 69 6c 6c 65 72 20 54 65 78 74 20 46 69 6c 6c 65 72 20 54 65 78 74 20 46 69 6c 6c 65 72 20 54 65 78 74 20 46 69 6c 6c 65 72 20 54 65 78 74 20 0d 0a 46 69 6c 6c 65 72 20 54 65 78 74 20 46 69 6c 6c 65 72 20 54 65 78 74 20 46 69 6c 6c 65 72 20 54 65 78 74 20 46 69 6c 6c 65 72 20 54 65 78 74 20 46 69 6c 6c 65 72 20 54 65 78 74 20 46 69 6c 6c 65 72 20 54 65 78 74 20'}, bytearray(b'\xe0N\xe4\x08\xdc\x1b\x00\x00\xfa\x00H\x00\xfaxt Filler Text Filler Text \r\nFiller Text Filler Text Filler Text Filler Text Filler Text Filler Text Filler Text Filler Text Filler Text Filler Text Filler Text Filler Text \r\nFiller Text Filler Text Filler Text Filler Text Filler Text Filler Text ')
2026-09-21 16:34:58,258 BTPWorkerThread-14311 (_rx_task) root DEBUG btp.py                    704   event_handler             : Header(svc_id=42, op=152, ctrl_index=0, data_len=260) (b'\xe0N\xe4\x08\xdc\x1b\x00\x00\xfa\x00H\x00\xfaxt Filler Text Filler Text \r\nFiller Text Filler Text Filler Text Filler Text Filler Text Filler Text Filler Text Filler Text Filler Text Filler Text Filler Text Filler Text \r\nFiller Text Filler Text Filler Text Filler Text Filler Text Filler Text ',)
2026-09-21 16:34:58,258 Thread-14321 (_process_events) root DEBUG ftp.py                    1589  _ftp_server_push_file_ev  : _ftp_server_push_file_ev b'\xe0N\xe4\x08\xdc\x1b\x00\x00\xfa\x00H\x00\xfaxt Filler Text Filler Text \r\nFiller Text Filler Text Filler Text Filler Text Filler Text Filler Text Filler Text Filler Text Filler Text Filler Text Filler Text Filler Text \r\nFiller Text Filler Text Filler Text Filler Text Filler Text Filler Text '
2026-09-21 16:34:58,268 BTPWorkerThread-14311 (_rx_task) root DEBUG iutctl_common.py          123   read                      : Read 5 bytes
2026-09-21 16:34:58,268 BTPWorkerThread-14311 (_rx_task) root DEBUG iutctl_common.py          131   read                      : Received: hdr: Header(svc_id=0x2a, op=0x98, ctrl_index=0x00, data_len=0x104) bytearray(b'*\x98\x00\x04\x01')
2026-09-21 16:34:58,268 BTPWorkerThread-14311 (_rx_task) root DEBUG iutctl_common.py          139   read                      : Read 18 bytes data
2026-09-21 16:34:58,279 BTPWorkerThread-14311 (_rx_task) root DEBUG iutctl_common.py          139   read                      : Read 130 bytes data
2026-09-21 16:34:58,291 BTPWorkerThread-14311 (_rx_task) root DEBUG iutctl_common.py          139   read                      : Read 112 bytes data
2026-09-21 16:34:58,292 BTPWorkerThread-14311 (_rx_task) root DEBUG iutctl_common.py          154   read                      : Received data: {'e0 4e e4 08 dc 1b 00 00 fa 00 48 00 fa 46 69 6c 6c 65 72 20 54 65 78 74 20 46 69 6c 6c 65 72 20 54 65 78 74 20 46 69 6c 6c 65 72 20 54 65 78 74 20 46 69 6c 6c 65 72 20 54 65 78 74 20 46 69 6c 6c 65 72 20 54 65 78 74 20 46 69 6c 6c 65 72 20 54 65 78 74 20 0d 0a 46 69 6c 6c 65 72 20 54 65 78 74 20 46 69 6c 6c 65 72 20 54 65 78 74 20 46 69 6c 6c 65 72 20 54 65 78 74 20 46 69 6c 6c 65 72 20 54 65 78 74 20 46 69 6c 6c 65 72 20 54 65 78 74 20 46 69 6c 6c 65 72 20 54 65 78 74 20 46 69 6c 6c 65 72 20 54 65 78 74 20 46 69 6c 6c 65 72 20 54 65 78 74 20 46 69 6c 6c 65 72 20 54 65 78 74 20 46 69 6c 6c 65 72 20 54 65 78 74 20 46 69 6c 6c 65 72 20 54 65 78 74 20 46 69 6c 6c 65 72 20 54 65 78 74 20 0d 0a 46 69 6c 6c 65 72 20 54 65 78 74 20 46 69 6c 6c 65 72 20 54 65 78 74 20 46 69 6c'}, bytearray(b'\xe0N\xe4\x08\xdc\x1b\x00\x00\xfa\x00H\x00\xfaFiller Text Filler Text Filler Text Filler Text Filler Text Filler Text \r\nFiller Text Filler Text Filler Text Filler Text Filler Text Filler Text Filler Text Filler Text Filler Text Filler Text Filler Text Filler Text \r\nFiller Text Filler Text Fil')
2026-09-21 16:34:58,292 BTPWorkerThread-14311 (_rx_task) root DEBUG btp.py                    704   event_handler             : Header(svc_id=42, op=152, ctrl_index=0, data_len=260) (b'\xe0N\xe4\x08\xdc\x1b\x00\x00\xfa\x00H\x00\xfaFiller Text Filler Text Filler Text Filler Text Filler Text Filler Text \r\nFiller Text Filler Text Filler Text Filler Text Filler Text Filler Text Filler Text Filler Text Filler Text Filler Text Filler Text Filler Text \r\nFiller Text Filler Text Fil',)
2026-09-21 16:34:58,292 Thread-14321 (_process_events) root DEBUG ftp.py                    1589  _ftp_server_push_file_ev  : _ftp_server_push_file_ev b'\xe0N\xe4\x08\xdc\x1b\x00\x00\xfa\x00H\x00\xfaFiller Text Filler Text Filler Text Filler Text Filler Text Filler Text \r\nFiller Text Filler Text Filler Text Filler Text Filler Text Filler Text Filler Text Filler Text Filler Text Filler Text Filler Text Filler Text \r\nFiller Text Filler Text Fil'
2026-09-21 16:34:58,302 BTPWorkerThread-14311 (_rx_task) root DEBUG iutctl_common.py          123   read                      : Read 5 bytes
2026-09-21 16:34:58,302 BTPWorkerThread-14311 (_rx_task) root DEBUG iutctl_common.py          131   read                      : Received: hdr: Header(svc_id=0x2a, op=0x98, ctrl_index=0x00, data_len=0x104) bytearray(b'*\x98\x00\x04\x01')
2026-09-21 16:34:58,303 BTPWorkerThread-14311 (_rx_task) root DEBUG iutctl_common.py          139   read                      : Read 60 bytes data
2026-09-21 16:34:58,313 BTPWorkerThread-14311 (_rx_task) root DEBUG iutctl_common.py          139   read                      : Read 126 bytes data
2026-09-21 16:34:58,313 BTPWorkerThread-14311 (_rx_task) root DEBUG iutctl_common.py          139   read                      : Read 3 bytes data
2026-09-21 16:34:58,324 BTPWorkerThread-14311 (_rx_task) root DEBUG iutctl_common.py          139   read                      : Read 71 bytes data
2026-09-21 16:34:58,325 BTPWorkerThread-14311 (_rx_task) root DEBUG iutctl_common.py          154   read                      : Received data: {'e0 4e e4 08 dc 1b 00 00 fa 00 48 00 fa 6c 65 72 20 54 65 78 74 20 46 69 6c 6c 65 72 20 54 65 78 74 20 46 69 6c 6c 65 72 20 54 65 78 74 20 46 69 6c 6c 65 72 20 54 65 78 74 20 46 69 6c 6c 65 72 20 54 65 78 74 20 46 69 6c 6c 65 72 20 54 65 78 74 20 46 69 6c 6c 65 72 20 54 65 78 74 20 46 69 6c 6c 65 72 20 54 65 78 74 20 46 69 6c 6c 65 72 20 54 65 78 74 20 46 69 6c 6c 65 72 20 54 65 78 74 20 0d 0a 46 69 6c 6c 65 72 20 54 65 78 74 20 46 69 6c 6c 65 72 20 54 65 78 74 20 46 69 6c 6c 65 72 20 54 65 78 74 20 46 69 6c 6c 65 72 20 54 65 78 74 20 46 69 6c 6c 65 72 20 54 65 78 74 20 46 69 6c 6c 65 72 20 54 65 78 74 20 46 69 6c 6c 65 72 20 54 65 78 74 20 46 69 6c 6c 65 72 20 54 65 78 74 20 46 69 6c 6c 65 72 20 54 65 78 74 20 46 69 6c 6c 65 72 20 54 65 78 74 20 46 69 6c 6c 65 72 20 54'}, bytearray(b'\xe0N\xe4\x08\xdc\x1b\x00\x00\xfa\x00H\x00\xfaler Text Filler Text Filler Text Filler Text Filler Text Filler Text Filler Text Filler Text Filler Text Filler Text \r\nFiller Text Filler Text Filler Text Filler Text Filler Text Filler Text Filler Text Filler Text Filler Text Filler Text Filler T')
2026-09-21 16:34:58,325 BTPWorkerThread-14311 (_rx_task) root DEBUG btp.py                    704   event_handler             : Header(svc_id=42, op=152, ctrl_index=0, data_len=260) (b'\xe0N\xe4\x08\xdc\x1b\x00\x00\xfa\x00H\x00\xfaler Text Filler Text Filler Text Filler Text Filler Text Filler Text Filler Text Filler Text Filler Text Filler Text \r\nFiller Text Filler Text Filler Text Filler Text Filler Text Filler Text Filler Text Filler Text Filler Text Filler Text Filler T',)
2026-09-21 16:34:58,325 Thread-14321 (_process_events) root DEBUG ftp.py                    1589  _ftp_server_push_file_ev  : _ftp_server_push_file_ev b'\xe0N\xe4\x08\xdc\x1b\x00\x00\xfa\x00H\x00\xfaler Text Filler Text Filler Text Filler Text Filler Text Filler Text Filler Text Filler Text Filler Text Filler Text \r\nFiller Text Filler Text Filler Text Filler Text Filler Text Filler Text Filler Text Filler Text Filler Text Filler Text Filler T'
2026-09-21 16:34:58,335 BTPWorkerThread-14311 (_rx_task) root DEBUG iutctl_common.py          123   read                      : Read 5 bytes
2026-09-21 16:34:58,335 BTPWorkerThread-14311 (_rx_task) root DEBUG iutctl_common.py          131   read                      : Received: hdr: Header(svc_id=0x2a, op=0x98, ctrl_index=0x00, data_len=0x104) bytearray(b'*\x98\x00\x04\x01')
2026-09-21 16:34:58,335 BTPWorkerThread-14311 (_rx_task) root DEBUG iutctl_common.py          139   read                      : Read 55 bytes data
2026-09-21 16:34:58,346 BTPWorkerThread-14311 (_rx_task) root DEBUG iutctl_common.py          139   read                      : Read 127 bytes data
2026-09-21 16:34:58,346 BTPWorkerThread-14311 (_rx_task) root DEBUG iutctl_common.py          139   read                      : Read 3 bytes data
2026-09-21 16:34:58,346 BTPWorkerThread-14311 (_rx_task) root DEBUG iutctl_common.py          139   read                      : Read 2 bytes data
2026-09-21 16:34:58,346 BTPWorkerThread-14311 (_rx_task) root DEBUG iutctl_common.py          139   read                      : Read 1 bytes data
2026-09-21 16:34:58,346 BTPWorkerThread-14311 (_rx_task) root DEBUG iutctl_common.py          139   read                      : Read 1 bytes data
2026-09-21 16:34:58,358 BTPWorkerThread-14311 (_rx_task) root DEBUG iutctl_common.py          139   read                      : Read 71 bytes data
2026-09-21 16:34:58,358 BTPWorkerThread-14311 (_rx_task) root DEBUG iutctl_common.py          154   read                      : Received data: {'e0 4e e4 08 dc 1b 00 00 fa 00 48 00 fa 65 78 74 20 46 69 6c 6c 65 72 20 54 65 78 74 20 0d 0a 46 69 6c 6c 65 72 20 54 65 78 74 20 46 69 6c 6c 65 72 20 54 65 78 74 20 46 69 6c 6c 65 72 20 54 65 78 74 20 46 69 6c 6c 65 72 20 54 65 78 74 20 46 69 6c 6c 65 72 20 54 65 78 74 20 46 69 6c 6c 65 72 20 54 65 78 74 20 46 69 6c 6c 65 72 20 54 65 78 74 20 46 69 6c 6c 65 72 20 54 65 78 74 20 46 69 6c 6c 65 72 20 54 65 78 74 20 46 69 6c 6c 65 72 20 54 65 78 74 20 46 69 6c 6c 65 72 20 54 65 78 74 20 46 69 6c 6c 65 72 20 54 65 78 74 20 0d 0a 46 69 6c 6c 65 72 20 54 65 78 74 20 46 69 6c 6c 65 72 20 54 65 78 74 20 46 69 6c 6c 65 72 20 54 65 78 74 20 46 69 6c 6c 65 72 20 54 65 78 74 20 46 69 6c 6c 65 72 20 54 65 78 74 20 46 69 6c 6c 65 72 20 54 65 78 74 20 46 69 6c 6c 65 72 20 54 65 78 74'}, bytearray(b'\xe0N\xe4\x08\xdc\x1b\x00\x00\xfa\x00H\x00\xfaext Filler Text \r\nFiller Text Filler Text Filler Text Filler Text Filler Text Filler Text Filler Text Filler Text Filler Text Filler Text Filler Text Filler Text \r\nFiller Text Filler Text Filler Text Filler Text Filler Text Filler Text Filler Text')
2026-09-21 16:34:58,359 BTPWorkerThread-14311 (_rx_task) root DEBUG btp.py                    704   event_handler             : Header(svc_id=42, op=152, ctrl_index=0, data_len=260) (b'\xe0N\xe4\x08\xdc\x1b\x00\x00\xfa\x00H\x00\xfaext Filler Text \r\nFiller Text Filler Text Filler Text Filler Text Filler Text Filler Text Filler Text Filler Text Filler Text Filler Text Filler Text Filler Text \r\nFiller Text Filler Text Filler Text Filler Text Filler Text Filler Text Filler Text',)
2026-09-21 16:34:58,359 Thread-14321 (_process_events) root DEBUG ftp.py                    1589  _ftp_server_push_file_ev  : _ftp_server_push_file_ev b'\xe0N\xe4\x08\xdc\x1b\x00\x00\xfa\x00H\x00\xfaext Filler Text \r\nFiller Text Filler Text Filler Text Filler Text Filler Text Filler Text Filler Text Filler Text Filler Text Filler Text Filler Text Filler Text \r\nFiller Text Filler Text Filler Text Filler Text Filler Text Filler Text Filler Text'
2026-09-21 16:34:58,369 BTPWorkerThread-14311 (_rx_task) root DEBUG iutctl_common.py          123   read                      : Read 5 bytes
2026-09-21 16:34:58,369 BTPWorkerThread-14311 (_rx_task) root DEBUG iutctl_common.py          131   read                      : Received: hdr: Header(svc_id=0x2a, op=0x98, ctrl_index=0x00, data_len=0x104) bytearray(b'*\x98\x00\x04\x01')
2026-09-21 16:34:58,369 BTPWorkerThread-14311 (_rx_task) root DEBUG iutctl_common.py          139   read                      : Read 116 bytes data
2026-09-21 16:34:58,380 BTPWorkerThread-14311 (_rx_task) root DEBUG iutctl_common.py          139   read                      : Read 126 bytes data
2026-09-21 16:34:58,380 BTPWorkerThread-14311 (_rx_task) root DEBUG iutctl_common.py          139   read                      : Read 4 bytes data
2026-09-21 16:34:58,380 BTPWorkerThread-14311 (_rx_task) root DEBUG iutctl_common.py          139   read                      : Read 1 bytes data
2026-09-21 16:34:58,391 BTPWorkerThread-14311 (_rx_task) root DEBUG iutctl_common.py          139   read                      : Read 13 bytes data
2026-09-21 16:34:58,392 BTPWorkerThread-14311 (_rx_task) root DEBUG iutctl_common.py          154   read                      : Received data: {'e0 4e e4 08 dc 1b 00 00 fa 00 48 00 fa 20 46 69 6c 6c 65 72 20 54 65 78 74 20 46 69 6c 6c 65 72 20 54 65 78 74 20 46 69 6c 6c 65 72 20 54 65 78 74 20 46 69 6c 6c 65 72 20 54 65 78 74 20 46 69 6c 6c 65 72 20 54 65 78 74 20 0d 0a 46 69 6c 6c 65 72 20 54 65 78 74 20 46 69 6c 6c 65 72 20 54 65 78 74 20 46 69 6c 6c 65 72 20 54 65 78 74 20 46 69 6c 6c 65 72 20 54 65 78 74 20 46 69 6c 6c 65 72 20 54 65 78 74 20 46 69 6c 6c 65 72 20 54 65 78 74 20 46 69 6c 6c 65 72 20 54 65 78 74 20 46 69 6c 6c 65 72 20 54 65 78 74 20 46 69 6c 6c 65 72 20 54 65 78 74 20 46 69 6c 6c 65 72 20 54 65 78 74 20 46 69 6c 6c 65 72 20 54 65 78 74 20 46 69 6c 6c 65 72 20 54 65 78 74 20 0d 0a 46 69 6c 6c 65 72 20 54 65 78 74 20 46 69 6c 6c 65 72 20 54 65 78 74 20 46 69 6c 6c 65 72 20 54 65 78 74 20 46 69'}, bytearray(b'\xe0N\xe4\x08\xdc\x1b\x00\x00\xfa\x00H\x00\xfa Filler Text Filler Text Filler Text Filler Text Filler Text \r\nFiller Text Filler Text Filler Text Filler Text Filler Text Filler Text Filler Text Filler Text Filler Text Filler Text Filler Text Filler Text \r\nFiller Text Filler Text Filler Text Fi')
2026-09-21 16:34:58,392 BTPWorkerThread-14311 (_rx_task) root DEBUG btp.py                    704   event_handler             : Header(svc_id=42, op=152, ctrl_index=0, data_len=260) (b'\xe0N\xe4\x08\xdc\x1b\x00\x00\xfa\x00H\x00\xfa Filler Text Filler Text Filler Text Filler Text Filler Text \r\nFiller Text Filler Text Filler Text Filler Text Filler Text Filler Text Filler Text Filler Text Filler Text Filler Text Filler Text Filler Text \r\nFiller Text Filler Text Filler Text Fi',)
2026-09-21 16:34:58,392 Thread-14321 (_process_events) root DEBUG ftp.py                    1589  _ftp_server_push_file_ev  : _ftp_server_push_file_ev b'\xe0N\xe4\x08\xdc\x1b\x00\x00\xfa\x00H\x00\xfa Filler Text Filler Text Filler Text Filler Text Filler Text \r\nFiller Text Filler Text Filler Text Filler Text Filler Text Filler Text Filler Text Filler Text Filler Text Filler Text Filler Text Filler Text \r\nFiller Text Filler Text Filler Text Fi'
2026-09-21 16:34:58,392 BTPWorkerThread-14311 (_rx_task) root DEBUG iutctl_common.py          123   read                      : Read 5 bytes
2026-09-21 16:34:58,392 BTPWorkerThread-14311 (_rx_task) root DEBUG iutctl_common.py          131   read                      : Received: hdr: Header(svc_id=0x2a, op=0x98, ctrl_index=0x00, data_len=0x104) bytearray(b'*\x98\x00\x04\x01')
2026-09-21 16:34:58,392 BTPWorkerThread-14311 (_rx_task) root DEBUG iutctl_common.py          139   read                      : Read 8 bytes data
2026-09-21 16:34:58,402 BTPWorkerThread-14311 (_rx_task) root DEBUG iutctl_common.py          139   read                      : Read 129 bytes data
2026-09-21 16:34:58,413 BTPWorkerThread-14311 (_rx_task) root DEBUG iutctl_common.py          139   read                      : Read 123 bytes data
2026-09-21 16:34:58,414 BTPWorkerThread-14311 (_rx_task) root DEBUG iutctl_common.py          154   read                      : Received data: {'e0 4e e4 08 dc 1b 00 00 fa 00 48 00 fa 6c 6c 65 72 20 54 65 78 74 20 46 69 6c 6c 65 72 20 54 65 78 74 20 46 69 6c 6c 65 72 20 54 65 78 74 20 46 69 6c 6c 65 72 20 54 65 78 74 20 46 69 6c 6c 65 72 20 54 65 78 74 20 46 69 6c 6c 65 72 20 54 65 78 74 20 46 69 6c 6c 65 72 20 54 65 78 74 20 46 69 6c 6c 65 72 20 54 65 78 74 20 46 69 6c 6c 65 72 20 54 65 78 74 20 0d 0a 46 69 6c 6c 65 72 20 54 65 78 74 20 46 69 6c 6c 65 72 20 54 65 78 74 20 46 69 6c 6c 65 72 20 54 65 78 74 20 46 69 6c 6c 65 72 20 54 65 78 74 20 46 69 6c 6c 65 72 20 54 65 78 74 20 46 69 6c 6c 65 72 20 54 65 78 74 20 46 69 6c 6c 65 72 20 54 65 78 74 20 46 69 6c 6c 65 72 20 54 65 78 74 20 46 69 6c 6c 65 72 20 54 65 78 74 20 46 69 6c 6c 65 72 20 54 65 78 74 20 46 69 6c 6c 65 72 20 54 65 78 74 20 46 69 6c 6c 65 72 20'}, bytearray(b'\xe0N\xe4\x08\xdc\x1b\x00\x00\xfa\x00H\x00\xfaller Text Filler Text Filler Text Filler Text Filler Text Filler Text Filler Text Filler Text Filler Text \r\nFiller Text Filler Text Filler Text Filler Text Filler Text Filler Text Filler Text Filler Text Filler Text Filler Text Filler Text Filler ')
2026-09-21 16:34:58,414 BTPWorkerThread-14311 (_rx_task) root DEBUG btp.py                    704   event_handler             : Header(svc_id=42, op=152, ctrl_index=0, data_len=260) (b'\xe0N\xe4\x08\xdc\x1b\x00\x00\xfa\x00H\x00\xfaller Text Filler Text Filler Text Filler Text Filler Text Filler Text Filler Text Filler Text Filler Text \r\nFiller Text Filler Text Filler Text Filler Text Filler Text Filler Text Filler Text Filler Text Filler Text Filler Text Filler Text Filler ',)
2026-09-21 16:34:58,414 Thread-14321 (_process_events) root DEBUG ftp.py                    1589  _ftp_server_push_file_ev  : _ftp_server_push_file_ev b'\xe0N\xe4\x08\xdc\x1b\x00\x00\xfa\x00H\x00\xfaller Text Filler Text Filler Text Filler Text Filler Text Filler Text Filler Text Filler Text Filler Text \r\nFiller Text Filler Text Filler Text Filler Text Filler Text Filler Text Filler Text Filler Text Filler Text Filler Text Filler Text Filler '
2026-09-21 16:34:58,424 BTPWorkerThread-14311 (_rx_task) root DEBUG iutctl_common.py          123   read                      : Read 5 bytes
2026-09-21 16:34:58,424 BTPWorkerThread-14311 (_rx_task) root DEBUG iutctl_common.py          131   read                      : Received: hdr: Header(svc_id=0x2a, op=0x98, ctrl_index=0x00, data_len=0x104) bytearray(b'*\x98\x00\x04\x01')
2026-09-21 16:34:58,425 BTPWorkerThread-14311 (_rx_task) root DEBUG iutctl_common.py          139   read                      : Read 13 bytes data
2026-09-21 16:34:58,435 BTPWorkerThread-14311 (_rx_task) root DEBUG iutctl_common.py          139   read                      : Read 125 bytes data
2026-09-21 16:34:58,446 BTPWorkerThread-14311 (_rx_task) root DEBUG iutctl_common.py          139   read                      : Read 122 bytes data
2026-09-21 16:34:58,447 BTPWorkerThread-14311 (_rx_task) root DEBUG iutctl_common.py          154   read                      : Received data: {'e0 4e e4 08 dc 1b 00 00 fa 00 48 00 fa 54 65 78 74 20 0d 0a 46 69 6c 6c 65 72 20 54 65 78 74 20 46 69 6c 6c 65 72 20 54 65 78 74 20 46 69 6c 6c 65 72 20 54 65 78 74 20 46 69 6c 6c 65 72 20 54 65 78 74 20 46 69 6c 6c 65 72 20 54 65 78 74 20 46 69 6c 6c 65 72 20 54 65 78 74 20 46 69 6c 6c 65 72 20 54 65 78 74 20 46 69 6c 6c 65 72 20 54 65 78 74 20 46 69 6c 6c 65 72 20 54 65 78 74 20 46 69 6c 6c 65 72 20 54 65 78 74 20 46 69 6c 6c 65 72 20 54 65 78 74 20 46 69 6c 6c 65 72 20 54 65 78 74 20 0d 0a 46 69 6c 6c 65 72 20 54 65 78 74 20 46 69 6c 6c 65 72 20 54 65 78 74 20 46 69 6c 6c 65 72 20 54 65 78 74 20 46 69 6c 6c 65 72 20 54 65 78 74 20 46 69 6c 6c 65 72 20 54 65 78 74 20 46 69 6c 6c 65 72 20 54 65 78 74 20 46 69 6c 6c 65 72 20 54 65 78 74 20 46 69 6c 6c 65 72 20 54 65 78'}, bytearray(b'\xe0N\xe4\x08\xdc\x1b\x00\x00\xfa\x00H\x00\xfaText \r\nFiller Text Filler Text Filler Text Filler Text Filler Text Filler Text Filler Text Filler Text Filler Text Filler Text Filler Text Filler Text \r\nFiller Text Filler Text Filler Text Filler Text Filler Text Filler Text Filler Text Filler Tex')
2026-09-21 16:34:58,447 BTPWorkerThread-14311 (_rx_task) root DEBUG btp.py                    704   event_handler             : Header(svc_id=42, op=152, ctrl_index=0, data_len=260) (b'\xe0N\xe4\x08\xdc\x1b\x00\x00\xfa\x00H\x00\xfaText \r\nFiller Text Filler Text Filler Text Filler Text Filler Text Filler Text Filler Text Filler Text Filler Text Filler Text Filler Text Filler Text \r\nFiller Text Filler Text Filler Text Filler Text Filler Text Filler Text Filler Text Filler Tex',)
2026-09-21 16:34:58,447 Thread-14321 (_process_events) root DEBUG ftp.py                    1589  _ftp_server_push_file_ev  : _ftp_server_push_file_ev b'\xe0N\xe4\x08\xdc\x1b\x00\x00\xfa\x00H\x00\xfaText \r\nFiller Text Filler Text Filler Text Filler Text Filler Text Filler Text Filler Text Filler Text Filler Text Filler Text Filler Text Filler Text \r\nFiller Text Filler Text Filler Text Filler Text Filler Text Filler Text Filler Text Filler Tex'
2026-09-21 16:34:58,457 BTPWorkerThread-14311 (_rx_task) root DEBUG iutctl_common.py          123   read                      : Read 5 bytes
2026-09-21 16:34:58,457 BTPWorkerThread-14311 (_rx_task) root DEBUG iutctl_common.py          131   read                      : Received: hdr: Header(svc_id=0x2a, op=0x98, ctrl_index=0x00, data_len=0x104) bytearray(b'*\x98\x00\x04\x01')
2026-09-21 16:34:58,457 BTPWorkerThread-14311 (_rx_task) root DEBUG iutctl_common.py          139   read                      : Read 47 bytes data
2026-09-21 16:34:58,468 BTPWorkerThread-14311 (_rx_task) root DEBUG iutctl_common.py          139   read                      : Read 130 bytes data
2026-09-21 16:34:58,479 BTPWorkerThread-14311 (_rx_task) root DEBUG iutctl_common.py          139   read                      : Read 83 bytes data
2026-09-21 16:34:58,480 BTPWorkerThread-14311 (_rx_task) root DEBUG iutctl_common.py          154   read                      : Received data: {'e0 4e e4 08 dc 1b 00 00 fa 00 48 00 fa 74 20 46 69 6c 6c 65 72 20 54 65 78 74 20 46 69 6c 6c 65 72 20 54 65 78 74 20 46 69 6c 6c 65 72 20 54 65 78 74 20 46 69 6c 6c 65 72 20 54 65 78 74 20 0d 0a 46 69 6c 6c 65 72 20 54 65 78 74 20 46 69 6c 6c 65 72 20 54 65 78 74 20 46 69 6c 6c 65 72 20 54 65 78 74 20 46 69 6c 6c 65 72 20 54 65 78 74 20 46 69 6c 6c 65 72 20 54 65 78 74 20 46 69 6c 6c 65 72 20 54 65 78 74 20 46 69 6c 6c 65 72 20 54 65 78 74 20 46 69 6c 6c 65 72 20 54 65 78 74 20 46 69 6c 6c 65 72 20 54 65 78 74 20 46 69 6c 6c 65 72 20 54 65 78 74 20 46 69 6c 6c 65 72 20 54 65 78 74 20 46 69 6c 6c 65 72 20 54 65 78 74 20 0d 0a 46 69 6c 6c 65 72 20 54 65 78 74 20 46 69 6c 6c 65 72 20 54 65 78 74 20 46 69 6c 6c 65 72 20 54 65 78 74 20 46 69 6c 6c 65 72 20 54 65 78 74 20 46'}, bytearray(b'\xe0N\xe4\x08\xdc\x1b\x00\x00\xfa\x00H\x00\xfat Filler Text Filler Text Filler Text Filler Text \r\nFiller Text Filler Text Filler Text Filler Text Filler Text Filler Text Filler Text Filler Text Filler Text Filler Text Filler Text Filler Text \r\nFiller Text Filler Text Filler Text Filler Text F')
2026-09-21 16:34:58,480 BTPWorkerThread-14311 (_rx_task) root DEBUG btp.py                    704   event_handler             : Header(svc_id=42, op=152, ctrl_index=0, data_len=260) (b'\xe0N\xe4\x08\xdc\x1b\x00\x00\xfa\x00H\x00\xfat Filler Text Filler Text Filler Text Filler Text \r\nFiller Text Filler Text Filler Text Filler Text Filler Text Filler Text Filler Text Filler Text Filler Text Filler Text Filler Text Filler Text \r\nFiller Text Filler Text Filler Text Filler Text F',)
2026-09-21 16:34:58,480 Thread-14321 (_process_events) root DEBUG ftp.py                    1589  _ftp_server_push_file_ev  : _ftp_server_push_file_ev b'\xe0N\xe4\x08\xdc\x1b\x00\x00\xfa\x00H\x00\xfat Filler Text Filler Text Filler Text Filler Text \r\nFiller Text Filler Text Filler Text Filler Text Filler Text Filler Text Filler Text Filler Text Filler Text Filler Text Filler Text Filler Text \r\nFiller Text Filler Text Filler Text Filler Text F'
2026-09-21 16:34:58,490 BTPWorkerThread-14311 (_rx_task) root DEBUG iutctl_common.py          123   read                      : Read 5 bytes
2026-09-21 16:34:58,490 BTPWorkerThread-14311 (_rx_task) root DEBUG iutctl_common.py          131   read                      : Received: hdr: Header(svc_id=0x2a, op=0x98, ctrl_index=0x00, data_len=0x104) bytearray(b'*\x98\x00\x04\x01')
2026-09-21 16:34:58,491 BTPWorkerThread-14311 (_rx_task) root DEBUG iutctl_common.py          139   read                      : Read 69 bytes data
2026-09-21 16:34:58,501 BTPWorkerThread-14311 (_rx_task) root DEBUG iutctl_common.py          139   read                      : Read 126 bytes data
2026-09-21 16:34:58,512 BTPWorkerThread-14311 (_rx_task) root DEBUG iutctl_common.py          139   read                      : Read 65 bytes data
2026-09-21 16:34:58,512 BTPWorkerThread-14311 (_rx_task) root DEBUG iutctl_common.py          154   read                      : Received data: {'e0 4e e4 08 dc 1b 00 00 fa 00 48 00 fa 69 6c 6c 65 72 20 54 65 78 74 20 46 69 6c 6c 65 72 20 54 65 78 74 20 46 69 6c 6c 65 72 20 54 65 78 74 20 46 69 6c 6c 65 72 20 54 65 78 74 20 46 69 6c 6c 65 72 20 54 65 78 74 20 46 69 6c 6c 65 72 20 54 65 78 74 20 46 69 6c 6c 65 72 20 54 65 78 74 20 46 69 6c 6c 65 72 20 54 65 78 74 20 0d 0a 46 69 6c 6c 65 72 20 54 65 78 74 20 46 69 6c 6c 65 72 20 54 65 78 74 20 46 69 6c 6c 65 72 20 54 65 78 74 20 46 69 6c 6c 65 72 20 54 65 78 74 20 46 69 6c 6c 65 72 20 54 65 78 74 20 46 69 6c 6c 65 72 20 54 65 78 74 20 46 69 6c 6c 65 72 20 54 65 78 74 20 46 69 6c 6c 65 72 20 54 65 78 74 20 46 69 6c 6c 65 72 20 54 65 78 74 20 46 69 6c 6c 65 72 20 54 65 78 74 20 46 69 6c 6c 65 72 20 54 65 78 74 20 46 69 6c 6c 65 72 20 54 65 78 74 20 0d 0a 46 69 6c 6c'}, bytearray(b'\xe0N\xe4\x08\xdc\x1b\x00\x00\xfa\x00H\x00\xfailler Text Filler Text Filler Text Filler Text Filler Text Filler Text Filler Text Filler Text \r\nFiller Text Filler Text Filler Text Filler Text Filler Text Filler Text Filler Text Filler Text Filler Text Filler Text Filler Text Filler Text \r\nFill')
2026-09-21 16:34:58,513 BTPWorkerThread-14311 (_rx_task) root DEBUG btp.py                    704   event_handler             : Header(svc_id=42, op=152, ctrl_index=0, data_len=260) (b'\xe0N\xe4\x08\xdc\x1b\x00\x00\xfa\x00H\x00\xfailler Text Filler Text Filler Text Filler Text Filler Text Filler Text Filler Text Filler Text \r\nFiller Text Filler Text Filler Text Filler Text Filler Text Filler Text Filler Text Filler Text Filler Text Filler Text Filler Text Filler Text \r\nFill',)
2026-09-21 16:34:58,513 Thread-14321 (_process_events) root DEBUG ftp.py                    1589  _ftp_server_push_file_ev  : _ftp_server_push_file_ev b'\xe0N\xe4\x08\xdc\x1b\x00\x00\xfa\x00H\x00\xfailler Text Filler Text Filler Text Filler Text Filler Text Filler Text Filler Text Filler Text \r\nFiller Text Filler Text Filler Text Filler Text Filler Text Filler Text Filler Text Filler Text Filler Text Filler Text Filler Text Filler Text \r\nFill'
2026-09-21 16:34:58,523 BTPWorkerThread-14311 (_rx_task) root DEBUG iutctl_common.py          123   read                      : Read 5 bytes
2026-09-21 16:34:58,523 BTPWorkerThread-14311 (_rx_task) root DEBUG iutctl_common.py          131   read                      : Received: hdr: Header(svc_id=0x2a, op=0x98, ctrl_index=0x00, data_len=0x104) bytearray(b'*\x98\x00\x04\x01')
2026-09-21 16:34:58,524 BTPWorkerThread-14311 (_rx_task) root DEBUG iutctl_common.py          139   read                      : Read 81 bytes data
2026-09-21 16:34:58,534 BTPWorkerThread-14311 (_rx_task) root DEBUG iutctl_common.py          139   read                      : Read 123 bytes data
2026-09-21 16:34:58,545 BTPWorkerThread-14311 (_rx_task) root DEBUG iutctl_common.py          139   read                      : Read 56 bytes data
2026-09-21 16:34:58,546 BTPWorkerThread-14311 (_rx_task) root DEBUG iutctl_common.py          154   read                      : Received data: {'e0 4e e4 08 dc 1b 00 00 fa 00 48 00 fa 65 72 20 54 65 78 74 20 46 69 6c 6c 65 72 20 54 65 78 74 20 46 69 6c 6c 65 72 20 54 65 78 74 20 46 69 6c 6c 65 72 20 54 65 78 74 20 46 69 6c 6c 65 72 20 54 65 78 74 20 46 69 6c 6c 65 72 20 54 65 78 74 20 46 69 6c 6c 65 72 20 54 65 78 74 20 46 69 6c 6c 65 72 20 54 65 78 74 20 46 69 6c 6c 65 72 20 54 65 78 74 20 46 69 6c 6c 65 72 20 54 65 78 74 20 46 69 6c 6c 65 72 20 54 65 78 74 20 46 69 6c 6c 65 72 20 54 65 78 74 20 0d 0a 46 69 6c 6c 65 72 20 54 65 78 74 20 46 69 6c 6c 65 72 20 54 65 78 74 20 46 69 6c 6c 65 72 20 54 65 78 74 20 46 69 6c 6c 65 72 20 54 65 78 74 20 46 69 6c 6c 65 72 20 54 65 78 74 20 46 69 6c 6c 65 72 20 54 65 78 74 20 46 69 6c 6c 65 72 20 54 65 78 74 20 46 69 6c 6c 65 72 20 54 65 78 74 20 46 69 6c 6c 65 72 20 54 65'}, bytearray(b'\xe0N\xe4\x08\xdc\x1b\x00\x00\xfa\x00H\x00\xfaer Text Filler Text Filler Text Filler Text Filler Text Filler Text Filler Text Filler Text Filler Text Filler Text Filler Text Filler Text \r\nFiller Text Filler Text Filler Text Filler Text Filler Text Filler Text Filler Text Filler Text Filler Te')
2026-09-21 16:34:58,546 BTPWorkerThread-14311 (_rx_task) root DEBUG btp.py                    704   event_handler             : Header(svc_id=42, op=152, ctrl_index=0, data_len=260) (b'\xe0N\xe4\x08\xdc\x1b\x00\x00\xfa\x00H\x00\xfaer Text Filler Text Filler Text Filler Text Filler Text Filler Text Filler Text Filler Text Filler Text Filler Text Filler Text Filler Text \r\nFiller Text Filler Text Filler Text Filler Text Filler Text Filler Text Filler Text Filler Text Filler Te',)
2026-09-21 16:34:58,546 Thread-14321 (_process_events) root DEBUG ftp.py                    1589  _ftp_server_push_file_ev  : _ftp_server_push_file_ev b'\xe0N\xe4\x08\xdc\x1b\x00\x00\xfa\x00H\x00\xfaer Text Filler Text Filler Text Filler Text Filler Text Filler Text Filler Text Filler Text Filler Text Filler Text Filler Text Filler Text \r\nFiller Text Filler Text Filler Text Filler Text Filler Text Filler Text Filler Text Filler Text Filler Te'
2026-09-21 16:34:58,556 BTPWorkerThread-14311 (_rx_task) root DEBUG iutctl_common.py          123   read                      : Read 5 bytes
2026-09-21 16:34:58,556 BTPWorkerThread-14311 (_rx_task) root DEBUG iutctl_common.py          131   read                      : Received: hdr: Header(svc_id=0x2a, op=0x98, ctrl_index=0x00, data_len=0x104) bytearray(b'*\x98\x00\x04\x01')
2026-09-21 16:34:58,557 BTPWorkerThread-14311 (_rx_task) root DEBUG iutctl_common.py          139   read                      : Read 119 bytes data
2026-09-21 16:34:58,567 BTPWorkerThread-14311 (_rx_task) root DEBUG iutctl_common.py          139   read                      : Read 127 bytes data
2026-09-21 16:34:58,578 BTPWorkerThread-14311 (_rx_task) root DEBUG iutctl_common.py          139   read                      : Read 14 bytes data
2026-09-21 16:34:58,579 BTPWorkerThread-14311 (_rx_task) root DEBUG iutctl_common.py          154   read                      : Received data: {'e0 4e e4 08 dc 1b 00 00 fa 00 48 00 fa 78 74 20 46 69 6c 6c 65 72 20 54 65 78 74 20 46 69 6c 6c 65 72 20 54 65 78 74 20 46 69 6c 6c 65 72 20 54 65 78 74 20 0d 0a 46 69 6c 6c 65 72 20 54 65 78 74 20 46 69 6c 6c 65 72 20 54 65 78 74 20 46 69 6c 6c 65 72 20 54 65 78 74 20 46 69 6c 6c 65 72 20 54 65 78 74 20 46 69 6c 6c 65 72 20 54 65 78 74 20 46 69 6c 6c 65 72 20 54 65 78 74 20 46 69 6c 6c 65 72 20 54 65 78 74 20 46 69 6c 6c 65 72 20 54 65 78 74 20 46 69 6c 6c 65 72 20 54 65 78 74 20 46 69 6c 6c 65 72 20 54 65 78 74 20 46 69 6c 6c 65 72 20 54 65 78 74 20 46 69 6c 6c 65 72 20 54 65 78 74 20 0d 0a 46 69 6c 6c 65 72 20 54 65 78 74 20 46 69 6c 6c 65 72 20 54 65 78 74 20 46 69 6c 6c 65 72 20 54 65 78 74 20 46 69 6c 6c 65 72 20 54 65 78 74 20 46 69 6c 6c 65 72 20 54 65 78 74 20'}, bytearray(b'\xe0N\xe4\x08\xdc\x1b\x00\x00\xfa\x00H\x00\xfaxt Filler Text Filler Text Filler Text \r\nFiller Text Filler Text Filler Text Filler Text Filler Text Filler Text Filler Text Filler Text Filler Text Filler Text Filler Text Filler Text \r\nFiller Text Filler Text Filler Text Filler Text Filler Text ')
2026-09-21 16:34:58,579 BTPWorkerThread-14311 (_rx_task) root DEBUG btp.py                    704   event_handler             : Header(svc_id=42, op=152, ctrl_index=0, data_len=260) (b'\xe0N\xe4\x08\xdc\x1b\x00\x00\xfa\x00H\x00\xfaxt Filler Text Filler Text Filler Text \r\nFiller Text Filler Text Filler Text Filler Text Filler Text Filler Text Filler Text Filler Text Filler Text Filler Text Filler Text Filler Text \r\nFiller Text Filler Text Filler Text Filler Text Filler Text ',)
2026-09-21 16:34:58,579 Thread-14321 (_process_events) root DEBUG ftp.py                    1589  _ftp_server_push_file_ev  : _ftp_server_push_file_ev b'\xe0N\xe4\x08\xdc\x1b\x00\x00\xfa\x00H\x00\xfaxt Filler Text Filler Text Filler Text \r\nFiller Text Filler Text Filler Text Filler Text Filler Text Filler Text Filler Text Filler Text Filler Text Filler Text Filler Text Filler Text \r\nFiller Text Filler Text Filler Text Filler Text Filler Text '
2026-09-21 16:34:58,579 BTPWorkerThread-14311 (_rx_task) root DEBUG iutctl_common.py          123   read                      : Read 5 bytes
2026-09-21 16:34:58,580 BTPWorkerThread-14311 (_rx_task) root DEBUG iutctl_common.py          131   read                      : Received: hdr: Header(svc_id=0x2a, op=0x98, ctrl_index=0x00, data_len=0x104) bytearray(b'*\x98\x00\x04\x01')
2026-09-21 16:34:58,580 BTPWorkerThread-14311 (_rx_task) root DEBUG iutctl_common.py          139   read                      : Read 33 bytes data
2026-09-21 16:34:58,590 BTPWorkerThread-14311 (_rx_task) root DEBUG iutctl_common.py          139   read                      : Read 122 bytes data
2026-09-21 16:34:58,601 BTPWorkerThread-14311 (_rx_task) root DEBUG iutctl_common.py          139   read                      : Read 105 bytes data
2026-09-21 16:34:58,601 BTPWorkerThread-14311 (_rx_task) root DEBUG iutctl_common.py          154   read                      : Received data: {'e0 4e e4 08 dc 1b 00 00 fa 00 48 00 fa 46 69 6c 6c 65 72 20 54 65 78 74 20 46 69 6c 6c 65 72 20 54 65 78 74 20 46 69 6c 6c 65 72 20 54 65 78 74 20 46 69 6c 6c 65 72 20 54 65 78 74 20 46 69 6c 6c 65 72 20 54 65 78 74 20 46 69 6c 6c 65 72 20 54 65 78 74 20 46 69 6c 6c 65 72 20 54 65 78 74 20 0d 0a 46 69 6c 6c 65 72 20 54 65 78 74 20 46 69 6c 6c 65 72 20 54 65 78 74 20 46 69 6c 6c 65 72 20 54 65 78 74 20 46 69 6c 6c 65 72 20 54 65 78 74 20 46 69 6c 6c 65 72 20 54 65 78 74 20 46 69 6c 6c 65 72 20 54 65 78 74 20 46 69 6c 6c 65 72 20 54 65 78 74 20 46 69 6c 6c 65 72 20 54 65 78 74 20 46 69 6c 6c 65 72 20 54 65 78 74 20 46 69 6c 6c 65 72 20 54 65 78 74 20 46 69 6c 6c 65 72 20 54 65 78 74 20 46 69 6c 6c 65 72 20 54 65 78 74 20 0d 0a 46 69 6c 6c 65 72 20 54 65 78 74 20 46 69 6c'}, bytearray(b'\xe0N\xe4\x08\xdc\x1b\x00\x00\xfa\x00H\x00\xfaFiller Text Filler Text Filler Text Filler Text Filler Text Filler Text Filler Text \r\nFiller Text Filler Text Filler Text Filler Text Filler Text Filler Text Filler Text Filler Text Filler Text Filler Text Filler Text Filler Text \r\nFiller Text Fil')
2026-09-21 16:34:58,602 BTPWorkerThread-14311 (_rx_task) root DEBUG btp.py                    704   event_handler             : Header(svc_id=42, op=152, ctrl_index=0, data_len=260) (b'\xe0N\xe4\x08\xdc\x1b\x00\x00\xfa\x00H\x00\xfaFiller Text Filler Text Filler Text Filler Text Filler Text Filler Text Filler Text \r\nFiller Text Filler Text Filler Text Filler Text Filler Text Filler Text Filler Text Filler Text Filler Text Filler Text Filler Text Filler Text \r\nFiller Text Fil',)
2026-09-21 16:34:58,602 Thread-14321 (_process_events) root DEBUG ftp.py                    1589  _ftp_server_push_file_ev  : _ftp_server_push_file_ev b'\xe0N\xe4\x08\xdc\x1b\x00\x00\xfa\x00H\x00\xfaFiller Text Filler Text Filler Text Filler Text Filler Text Filler Text Filler Text \r\nFiller Text Filler Text Filler Text Filler Text Filler Text Filler Text Filler Text Filler Text Filler Text Filler Text Filler Text Filler Text \r\nFiller Text Fil'
2026-09-21 16:34:58,623 BTPWorkerThread-14311 (_rx_task) root DEBUG iutctl_common.py          123   read                      : Read 5 bytes
2026-09-21 16:34:58,624 BTPWorkerThread-14311 (_rx_task) root DEBUG iutctl_common.py          131   read                      : Received: hdr: Header(svc_id=0x2a, op=0x98, ctrl_index=0x00, data_len=0x104) bytearray(b'*\x98\x00\x04\x01')
2026-09-21 16:34:58,624 BTPWorkerThread-14311 (_rx_task) root DEBUG iutctl_common.py          139   read                      : Read 72 bytes data
2026-09-21 16:34:58,634 BTPWorkerThread-14311 (_rx_task) root DEBUG iutctl_common.py          139   read                      : Read 125 bytes data
2026-09-21 16:34:58,645 BTPWorkerThread-14311 (_rx_task) root DEBUG iutctl_common.py          139   read                      : Read 63 bytes data
2026-09-21 16:34:58,646 BTPWorkerThread-14311 (_rx_task) root DEBUG iutctl_common.py          154   read                      : Received data: {'e0 4e e4 08 dc 1b 00 00 fa 00 48 00 fa 6c 65 72 20 54 65 78 74 20 46 69 6c 6c 65 72 20 54 65 78 74 20 46 69 6c 6c 65 72 20 54 65 78 74 20 46 69 6c 6c 65 72 20 54 65 78 74 20 46 69 6c 6c 65 72 20 54 65 78 74 20 46 69 6c 6c 65 72 20 54 65 78 74 20 46 69 6c 6c 65 72 20 54 65 78 74 20 46 69 6c 6c 65 72 20 54 65 78 74 20 46 69 6c 6c 65 72 20 54 65 78 74 20 46 69 6c 6c 65 72 20 54 65 78 74 20 46 69 6c 6c 65 72 20 54 65 78 74 20 0d 0a 46 69 6c 6c 65 72 20 54 65 78 74 20 46 69 6c 6c 65 72 20 54 65 78 74 20 46 69 6c 6c 65 72 20 54 65 78 74 20 46 69 6c 6c 65 72 20 54 65 78 74 20 46 69 6c 6c 65 72 20 54 65 78 74 20 46 69 6c 6c 65 72 20 54 65 78 74 20 46 69 6c 6c 65 72 20 54 65 78 74 20 46 69 6c 6c 65 72 20 54 65 78 74 20 46 69 6c 6c 65 72 20 54 65 78 74 20 46 69 6c 6c 65 72 20 54'}, bytearray(b'\xe0N\xe4\x08\xdc\x1b\x00\x00\xfa\x00H\x00\xfaler Text Filler Text Filler Text Filler Text Filler Text Filler Text Filler Text Filler Text Filler Text Filler Text Filler Text \r\nFiller Text Filler Text Filler Text Filler Text Filler Text Filler Text Filler Text Filler Text Filler Text Filler T')
2026-09-21 16:34:58,646 BTPWorkerThread-14311 (_rx_task) root DEBUG btp.py                    704   event_handler             : Header(svc_id=42, op=152, ctrl_index=0, data_len=260) (b'\xe0N\xe4\x08\xdc\x1b\x00\x00\xfa\x00H\x00\xfaler Text Filler Text Filler Text Filler Text Filler Text Filler Text Filler Text Filler Text Filler Text Filler Text Filler Text \r\nFiller Text Filler Text Filler Text Filler Text Filler Text Filler Text Filler Text Filler Text Filler Text Filler T',)
2026-09-21 16:34:58,646 Thread-14321 (_process_events) root DEBUG ftp.py                    1589  _ftp_server_push_file_ev  : _ftp_server_push_file_ev b'\xe0N\xe4\x08\xdc\x1b\x00\x00\xfa\x00H\x00\xfaler Text Filler Text Filler Text Filler Text Filler Text Filler Text Filler Text Filler Text Filler Text Filler Text Filler Text \r\nFiller Text Filler Text Filler Text Filler Text Filler Text Filler Text Filler Text Filler Text Filler Text Filler T'
2026-09-21 16:34:58,656 BTPWorkerThread-14311 (_rx_task) root DEBUG iutctl_common.py          123   read                      : Read 5 bytes
2026-09-21 16:34:58,657 BTPWorkerThread-14311 (_rx_task) root DEBUG iutctl_common.py          131   read                      : Received: hdr: Header(svc_id=0x2a, op=0x98, ctrl_index=0x00, data_len=0x104) bytearray(b'*\x98\x00\x04\x01')
2026-09-21 16:34:58,657 BTPWorkerThread-14311 (_rx_task) root DEBUG iutctl_common.py          139   read                      : Read 107 bytes data
2026-09-21 16:34:58,667 BTPWorkerThread-14311 (_rx_task) root DEBUG iutctl_common.py          139   read                      : Read 123 bytes data
2026-09-21 16:34:58,678 BTPWorkerThread-14311 (_rx_task) root DEBUG iutctl_common.py          139   read                      : Read 30 bytes data
2026-09-21 16:34:58,679 BTPWorkerThread-14311 (_rx_task) root DEBUG iutctl_common.py          154   read                      : Received data: {'e0 4e e4 08 dc 1b 00 00 fa 00 48 00 fa 65 78 74 20 46 69 6c 6c 65 72 20 54 65 78 74 20 46 69 6c 6c 65 72 20 54 65 78 74 20 0d 0a 46 69 6c 6c 65 72 20 54 65 78 74 20 46 69 6c 6c 65 72 20 54 65 78 74 20 46 69 6c 6c 65 72 20 54 65 78 74 20 46 69 6c 6c 65 72 20 54 65 78 74 20 46 69 6c 6c 65 72 20 54 65 78 74 20 46 69 6c 6c 65 72 20 54 65 78 74 20 46 69 6c 6c 65 72 20 54 65 78 74 20 46 69 6c 6c 65 72 20 54 65 78 74 20 46 69 6c 6c 65 72 20 54 65 78 74 20 46 69 6c 6c 65 72 20 54 65 78 74 20 46 69 6c 6c 65 72 20 54 65 78 74 20 46 69 6c 6c 65 72 20 54 65 78 74 20 0d 0a 46 69 6c 6c 65 72 20 54 65 78 74 20 46 69 6c 6c 65 72 20 54 65 78 74 20 46 69 6c 6c 65 72 20 54 65 78 74 20 46 69 6c 6c 65 72 20 54 65 78 74 20 46 69 6c 6c 65 72 20 54 65 78 74 20 46 69 6c 6c 65 72 20 54 65 78 74'}, bytearray(b'\xe0N\xe4\x08\xdc\x1b\x00\x00\xfa\x00H\x00\xfaext Filler Text Filler Text \r\nFiller Text Filler Text Filler Text Filler Text Filler Text Filler Text Filler Text Filler Text Filler Text Filler Text Filler Text Filler Text \r\nFiller Text Filler Text Filler Text Filler Text Filler Text Filler Text')
2026-09-21 16:34:58,679 BTPWorkerThread-14311 (_rx_task) root DEBUG btp.py                    704   event_handler             : Header(svc_id=42, op=152, ctrl_index=0, data_len=260) (b'\xe0N\xe4\x08\xdc\x1b\x00\x00\xfa\x00H\x00\xfaext Filler Text Filler Text \r\nFiller Text Filler Text Filler Text Filler Text Filler Text Filler Text Filler Text Filler Text Filler Text Filler Text Filler Text Filler Text \r\nFiller Text Filler Text Filler Text Filler Text Filler Text Filler Text',)
2026-09-21 16:34:58,679 BTPWorkerThread-14311 (_rx_task) root DEBUG iutctl_common.py          123   read                      : Read 5 bytes
2026-09-21 16:34:58,679 Thread-14321 (_process_events) root DEBUG ftp.py                    1589  _ftp_server_push_file_ev  : _ftp_server_push_file_ev b'\xe0N\xe4\x08\xdc\x1b\x00\x00\xfa\x00H\x00\xfaext Filler Text Filler Text \r\nFiller Text Filler Text Filler Text Filler Text Filler Text Filler Text Filler Text Filler Text Filler Text Filler Text Filler Text Filler Text \r\nFiller Text Filler Text Filler Text Filler Text Filler Text Filler Text'
2026-09-21 16:34:58,679 BTPWorkerThread-14311 (_rx_task) root DEBUG iutctl_common.py          131   read                      : Received: hdr: Header(svc_id=0x2a, op=0x98, ctrl_index=0x00, data_len=0x104) bytearray(b'*\x98\x00\x04\x01')
2026-09-21 16:34:58,680 BTPWorkerThread-14311 (_rx_task) root DEBUG iutctl_common.py          139   read                      : Read 66 bytes data
2026-09-21 16:34:58,689 BTPWorkerThread-14311 (_rx_task) root DEBUG iutctl_common.py          139   read                      : Read 128 bytes data
2026-09-21 16:34:58,700 BTPWorkerThread-14311 (_rx_task) root DEBUG iutctl_common.py          139   read                      : Read 66 bytes data
2026-09-21 16:34:58,700 BTPWorkerThread-14311 (_rx_task) root DEBUG iutctl_common.py          154   read                      : Received data: {'e0 4e e4 08 dc 1b 00 00 fa 00 48 00 fa 20 46 69 6c 6c 65 72 20 54 65 78 74 20 46 69 6c 6c 65 72 20 54 65 78 74 20 46 69 6c 6c 65 72 20 54 65 78 74 20 46 69 6c 6c 65 72 20 54 65 78 74 20 46 69 6c 6c 65 72 20 54 65 78 74 20 46 69 6c 6c 65 72 20 54 65 78 74 20 0d 0a 46 69 6c 6c 65 72 20 54 65 78 74 20 46 69 6c 6c 65 72 20 54 65 78 74 20 46 69 6c 6c 65 72 20 54 65 78 74 20 46 69 6c 6c 65 72 20 54 65 78 74 20 46 69 6c 6c 65 72 20 54 65 78 74 20 46 69 6c 6c 65 72 20 54 65 78 74 20 46 69 6c 6c 65 72 20 54 65 78 74 20 46 69 6c 6c 65 72 20 54 65 78 74 20 46 69 6c 6c 65 72 20 54 65 78 74 20 46 69 6c 6c 65 72 20 54 65 78 74 20 46 69 6c 6c 65 72 20 54 65 78 74 20 46 69 6c 6c 65 72 20 54 65 78 74 20 0d 0a 46 69 6c 6c 65 72 20 54 65 78 74 20 46 69 6c 6c 65 72 20 54 65 78 74 20 46 69'}, bytearray(b'\xe0N\xe4\x08\xdc\x1b\x00\x00\xfa\x00H\x00\xfa Filler Text Filler Text Filler Text Filler Text Filler Text Filler Text \r\nFiller Text Filler Text Filler Text Filler Text Filler Text Filler Text Filler Text Filler Text Filler Text Filler Text Filler Text Filler Text \r\nFiller Text Filler Text Fi')
2026-09-21 16:34:58,701 BTPWorkerThread-14311 (_rx_task) root DEBUG btp.py                    704   event_handler             : Header(svc_id=42, op=152, ctrl_index=0, data_len=260) (b'\xe0N\xe4\x08\xdc\x1b\x00\x00\xfa\x00H\x00\xfa Filler Text Filler Text Filler Text Filler Text Filler Text Filler Text \r\nFiller Text Filler Text Filler Text Filler Text Filler Text Filler Text Filler Text Filler Text Filler Text Filler Text Filler Text Filler Text \r\nFiller Text Filler Text Fi',)
2026-09-21 16:34:58,701 Thread-14321 (_process_events) root DEBUG ftp.py                    1589  _ftp_server_push_file_ev  : _ftp_server_push_file_ev b'\xe0N\xe4\x08\xdc\x1b\x00\x00\xfa\x00H\x00\xfa Filler Text Filler Text Filler Text Filler Text Filler Text Filler Text \r\nFiller Text Filler Text Filler Text Filler Text Filler Text Filler Text Filler Text Filler Text Filler Text Filler Text Filler Text Filler Text \r\nFiller Text Filler Text Fi'
2026-09-21 16:34:58,711 BTPWorkerThread-14311 (_rx_task) root DEBUG iutctl_common.py          123   read                      : Read 5 bytes
2026-09-21 16:34:58,711 BTPWorkerThread-14311 (_rx_task) root DEBUG iutctl_common.py          131   read                      : Received: hdr: Header(svc_id=0x2a, op=0x98, ctrl_index=0x00, data_len=0x104) bytearray(b'*\x98\x00\x04\x01')
2026-09-21 16:34:58,711 BTPWorkerThread-14311 (_rx_task) root DEBUG iutctl_common.py          139   read                      : Read 115 bytes data
2026-09-21 16:34:58,722 BTPWorkerThread-14311 (_rx_task) root DEBUG iutctl_common.py          139   read                      : Read 123 bytes data
2026-09-21 16:34:58,722 BTPWorkerThread-14311 (_rx_task) root DEBUG iutctl_common.py          139   read                      : Read 10 bytes data
2026-09-21 16:34:58,733 BTPWorkerThread-14311 (_rx_task) root DEBUG iutctl_common.py          139   read                      : Read 12 bytes data
2026-09-21 16:34:58,734 BTPWorkerThread-14311 (_rx_task) root DEBUG iutctl_common.py          154   read                      : Received data: {'e0 4e e4 08 dc 1b 00 00 fa 00 48 00 fa 6c 6c 65 72 20 54 65 78 74 20 46 69 6c 6c 65 72 20 54 65 78 74 20 46 69 6c 6c 65 72 20 54 65 78 74 20 46 69 6c 6c 65 72 20 54 65 78 74 20 46 69 6c 6c 65 72 20 54 65 78 74 20 46 69 6c 6c 65 72 20 54 65 78 74 20 46 69 6c 6c 65 72 20 54 65 78 74 20 46 69 6c 6c 65 72 20 54 65 78 74 20 46 69 6c 6c 65 72 20 54 65 78 74 20 46 69 6c 6c 65 72 20 54 65 78 74 20 0d 0a 46 69 6c 6c 65 72 20 54 65 78 74 20 46 69 6c 6c 65 72 20 54 65 78 74 20 46 69 6c 6c 65 72 20 54 65 78 74 20 46 69 6c 6c 65 72 20 54 65 78 74 20 46 69 6c 6c 65 72 20 54 65 78 74 20 46 69 6c 6c 65 72 20 54 65 78 74 20 46 69 6c 6c 65 72 20 54 65 78 74 20 46 69 6c 6c 65 72 20 54 65 78 74 20 46 69 6c 6c 65 72 20 54 65 78 74 20 46 69 6c 6c 65 72 20 54 65 78 74 20 46 69 6c 6c 65 72 20'}, bytearray(b'\xe0N\xe4\x08\xdc\x1b\x00\x00\xfa\x00H\x00\xfaller Text Filler Text Filler Text Filler Text Filler Text Filler Text Filler Text Filler Text Filler Text Filler Text \r\nFiller Text Filler Text Filler Text Filler Text Filler Text Filler Text Filler Text Filler Text Filler Text Filler Text Filler ')
2026-09-21 16:34:58,734 BTPWorkerThread-14311 (_rx_task) root DEBUG btp.py                    704   event_handler             : Header(svc_id=42, op=152, ctrl_index=0, data_len=260) (b'\xe0N\xe4\x08\xdc\x1b\x00\x00\xfa\x00H\x00\xfaller Text Filler Text Filler Text Filler Text Filler Text Filler Text Filler Text Filler Text Filler Text Filler Text \r\nFiller Text Filler Text Filler Text Filler Text Filler Text Filler Text Filler Text Filler Text Filler Text Filler Text Filler ',)
2026-09-21 16:34:58,734 Thread-14321 (_process_events) root DEBUG ftp.py                    1589  _ftp_server_push_file_ev  : _ftp_server_push_file_ev b'\xe0N\xe4\x08\xdc\x1b\x00\x00\xfa\x00H\x00\xfaller Text Filler Text Filler Text Filler Text Filler Text Filler Text Filler Text Filler Text Filler Text Filler Text \r\nFiller Text Filler Text Filler Text Filler Text Filler Text Filler Text Filler Text Filler Text Filler Text Filler Text Filler '
2026-09-21 16:34:58,745 BTPWorkerThread-14311 (_rx_task) root DEBUG iutctl_common.py          123   read                      : Read 5 bytes
2026-09-21 16:34:58,745 BTPWorkerThread-14311 (_rx_task) root DEBUG iutctl_common.py          131   read                      : Received: hdr: Header(svc_id=0x2a, op=0x98, ctrl_index=0x00, data_len=0x104) bytearray(b'*\x98\x00\x04\x01')
2026-09-21 16:34:58,746 BTPWorkerThread-14311 (_rx_task) root DEBUG iutctl_common.py          139   read                      : Read 75 bytes data
2026-09-21 16:34:58,756 BTPWorkerThread-14311 (_rx_task) root DEBUG iutctl_common.py          139   read                      : Read 129 bytes data
2026-09-21 16:34:58,756 BTPWorkerThread-14311 (_rx_task) root DEBUG iutctl_common.py          139   read                      : Read 3 bytes data
2026-09-21 16:34:58,767 BTPWorkerThread-14311 (_rx_task) root DEBUG iutctl_common.py          139   read                      : Read 53 bytes data
2026-09-21 16:34:58,768 BTPWorkerThread-14311 (_rx_task) root DEBUG iutctl_common.py          154   read                      : Received data: {'e0 4e e4 08 dc 1b 00 00 fa 00 48 00 fa 54 65 78 74 20 46 69 6c 6c 65 72 20 54 65 78 74 20 0d 0a 46 69 6c 6c 65 72 20 54 65 78 74 20 46 69 6c 6c 65 72 20 54 65 78 74 20 46 69 6c 6c 65 72 20 54 65 78 74 20 46 69 6c 6c 65 72 20 54 65 78 74 20 46 69 6c 6c 65 72 20 54 65 78 74 20 46 69 6c 6c 65 72 20 54 65 78 74 20 46 69 6c 6c 65 72 20 54 65 78 74 20 46 69 6c 6c 65 72 20 54 65 78 74 20 46 69 6c 6c 65 72 20 54 65 78 74 20 46 69 6c 6c 65 72 20 54 65 78 74 20 46 69 6c 6c 65 72 20 54 65 78 74 20 46 69 6c 6c 65 72 20 54 65 78 74 20 0d 0a 46 69 6c 6c 65 72 20 54 65 78 74 20 46 69 6c 6c 65 72 20 54 65 78 74 20 46 69 6c 6c 65 72 20 54 65 78 74 20 46 69 6c 6c 65 72 20 54 65 78 74 20 46 69 6c 6c 65 72 20 54 65 78 74 20 46 69 6c 6c 65 72 20 54 65 78 74 20 46 69 6c 6c 65 72 20 54 65 78'}, bytearray(b'\xe0N\xe4\x08\xdc\x1b\x00\x00\xfa\x00H\x00\xfaText Filler Text \r\nFiller Text Filler Text Filler Text Filler Text Filler Text Filler Text Filler Text Filler Text Filler Text Filler Text Filler Text Filler Text \r\nFiller Text Filler Text Filler Text Filler Text Filler Text Filler Text Filler Tex')
2026-09-21 16:34:58,768 BTPWorkerThread-14311 (_rx_task) root DEBUG btp.py                    704   event_handler             : Header(svc_id=42, op=152, ctrl_index=0, data_len=260) (b'\xe0N\xe4\x08\xdc\x1b\x00\x00\xfa\x00H\x00\xfaText Filler Text \r\nFiller Text Filler Text Filler Text Filler Text Filler Text Filler Text Filler Text Filler Text Filler Text Filler Text Filler Text Filler Text \r\nFiller Text Filler Text Filler Text Filler Text Filler Text Filler Text Filler Tex',)
2026-09-21 16:34:58,768 BTPWorkerThread-14311 (_rx_task) root DEBUG iutctl_common.py          123   read                      : Read 5 bytes
2026-09-21 16:34:58,768 BTPWorkerThread-14311 (_rx_task) root DEBUG iutctl_common.py          131   read                      : Received: hdr: Header(svc_id=0x2a, op=0x98, ctrl_index=0x00, data_len=0x104) bytearray(b'*\x98\x00\x04\x01')
2026-09-21 16:34:58,768 Thread-14321 (_process_events) root DEBUG ftp.py                    1589  _ftp_server_push_file_ev  : _ftp_server_push_file_ev b'\xe0N\xe4\x08\xdc\x1b\x00\x00\xfa\x00H\x00\xfaText Filler Text \r\nFiller Text Filler Text Filler Text Filler Text Filler Text Filler Text Filler Text Filler Text Filler Text Filler Text Filler Text Filler Text \r\nFiller Text Filler Text Filler Text Filler Text Filler Text Filler Text Filler Tex'
2026-09-21 16:34:58,769 BTPWorkerThread-14311 (_rx_task) root DEBUG iutctl_common.py          139   read                      : Read 41 bytes data
2026-09-21 16:34:58,778 BTPWorkerThread-14311 (_rx_task) root DEBUG iutctl_common.py          139   read                      : Read 127 bytes data
2026-09-21 16:34:58,778 BTPWorkerThread-14311 (_rx_task) root DEBUG iutctl_common.py          139   read                      : Read 3 bytes data
2026-09-21 16:34:58,790 BTPWorkerThread-14311 (_rx_task) root DEBUG iutctl_common.py          139   read                      : Read 89 bytes data
2026-09-21 16:34:58,790 BTPWorkerThread-14311 (_rx_task) root DEBUG iutctl_common.py          154   read                      : Received data: {'e0 4e e4 08 dc 1b 00 00 fa 00 48 00 fa 74 20 46 69 6c 6c 65 72 20 54 65 78 74 20 46 69 6c 6c 65 72 20 54 65 78 74 20 46 69 6c 6c 65 72 20 54 65 78 74 20 46 69 6c 6c 65 72 20 54 65 78 74 20 46 69 6c 6c 65 72 20 54 65 78 74 20 0d 0a 46 69 6c 6c 65 72 20 54 65 78 74 20 46 69 6c 6c 65 72 20 54 65 78 74 20 46 69 6c 6c 65 72 20 54 65 78 74 20 46 69 6c 6c 65 72 20 54 65 78 74 20 46 69 6c 6c 65 72 20 54 65 78 74 20 46 69 6c 6c 65 72 20 54 65 78 74 20 46 69 6c 6c 65 72 20 54 65 78 74 20 46 69 6c 6c 65 72 20 54 65 78 74 20 46 69 6c 6c 65 72 20 54 65 78 74 20 46 69 6c 6c 65 72 20 54 65 78 74 20 46 69 6c 6c 65 72 20 54 65 78 74 20 46 69 6c 6c 65 72 20 54 65 78 74 20 0d 0a 46 69 6c 6c 65 72 20 54 65 78 74 20 46 69 6c 6c 65 72 20 54 65 78 74 20 46 69 6c 6c 65 72 20 54 65 78 74 20 46'}, bytearray(b'\xe0N\xe4\x08\xdc\x1b\x00\x00\xfa\x00H\x00\xfat Filler Text Filler Text Filler Text Filler Text Filler Text \r\nFiller Text Filler Text Filler Text Filler Text Filler Text Filler Text Filler Text Filler Text Filler Text Filler Text Filler Text Filler Text \r\nFiller Text Filler Text Filler Text F')
2026-09-21 16:34:58,791 BTPWorkerThread-14311 (_rx_task) root DEBUG btp.py                    704   event_handler             : Header(svc_id=42, op=152, ctrl_index=0, data_len=260) (b'\xe0N\xe4\x08\xdc\x1b\x00\x00\xfa\x00H\x00\xfat Filler Text Filler Text Filler Text Filler Text Filler Text \r\nFiller Text Filler Text Filler Text Filler Text Filler Text Filler Text Filler Text Filler Text Filler Text Filler Text Filler Text Filler Text \r\nFiller Text Filler Text Filler Text F',)
2026-09-21 16:34:58,791 Thread-14321 (_process_events) root DEBUG ftp.py                    1589  _ftp_server_push_file_ev  : _ftp_server_push_file_ev b'\xe0N\xe4\x08\xdc\x1b\x00\x00\xfa\x00H\x00\xfat Filler Text Filler Text Filler Text Filler Text Filler Text \r\nFiller Text Filler Text Filler Text Filler Text Filler Text Filler Text Filler Text Filler Text Filler Text Filler Text Filler Text Filler Text \r\nFiller Text Filler Text Filler Text F'
2026-09-21 16:34:58,801 BTPWorkerThread-14311 (_rx_task) root DEBUG iutctl_common.py          123   read                      : Read 5 bytes
2026-09-21 16:34:58,802 BTPWorkerThread-14311 (_rx_task) root DEBUG iutctl_common.py          131   read                      : Received: hdr: Header(svc_id=0x2a, op=0x98, ctrl_index=0x00, data_len=0x104) bytearray(b'*\x98\x00\x04\x01')
2026-09-21 16:34:58,802 BTPWorkerThread-14311 (_rx_task) root DEBUG iutctl_common.py          139   read                      : Read 66 bytes data
2026-09-21 16:34:58,813 BTPWorkerThread-14311 (_rx_task) root DEBUG iutctl_common.py          139   read                      : Read 128 bytes data
2026-09-21 16:34:58,824 BTPWorkerThread-14311 (_rx_task) root DEBUG iutctl_common.py          139   read                      : Read 66 bytes data
2026-09-21 16:34:58,825 BTPWorkerThread-14311 (_rx_task) root DEBUG iutctl_common.py          154   read                      : Received data: {'e0 4e e4 08 dc 1b 00 00 fa 00 48 00 fa 69 6c 6c 65 72 20 54 65 78 74 20 46 69 6c 6c 65 72 20 54 65 78 74 20 46 69 6c 6c 65 72 20 54 65 78 74 20 46 69 6c 6c 65 72 20 54 65 78 74 20 46 69 6c 6c 65 72 20 54 65 78 74 20 46 69 6c 6c 65 72 20 54 65 78 74 20 46 69 6c 6c 65 72 20 54 65 78 74 20 46 69 6c 6c 65 72 20 54 65 78 74 20 46 69 6c 6c 65 72 20 54 65 78 74 20 0d 0a 46 69 6c 6c 65 72 20 54 65 78 74 20 46 69 6c 6c 65 72 20 54 65 78 74 20 46 69 6c 6c 65 72 20 54 65 78 74 20 46 69 6c 6c 65 72 20 54 65 78 74 20 46 69 6c 6c 65 72 20 54 65 78 74 20 46 69 6c 6c 65 72 20 54 65 78 74 20 46 69 6c 6c 65 72 20 54 65 78 74 20 46 69 6c 6c 65 72 20 54 65 78 74 20 46 69 6c 6c 65 72 20 54 65 78 74 20 46 69 6c 6c 65 72 20 54 65 78 74 20 46 69 6c 6c 65 72 20 54 65 78 74 20 46 69 6c 6c 65 72'}, bytearray(b'\xe0N\xe4\x08\xdc\x1b\x00\x00\xfa\x00H\x00\xfailler Text Filler Text Filler Text Filler Text Filler Text Filler Text Filler Text Filler Text Filler Text \r\nFiller Text Filler Text Filler Text Filler Text Filler Text Filler Text Filler Text Filler Text Filler Text Filler Text Filler Text Filler')
2026-09-21 16:34:58,825 BTPWorkerThread-14311 (_rx_task) root DEBUG btp.py                    704   event_handler             : Header(svc_id=42, op=152, ctrl_index=0, data_len=260) (b'\xe0N\xe4\x08\xdc\x1b\x00\x00\xfa\x00H\x00\xfailler Text Filler Text Filler Text Filler Text Filler Text Filler Text Filler Text Filler Text Filler Text \r\nFiller Text Filler Text Filler Text Filler Text Filler Text Filler Text Filler Text Filler Text Filler Text Filler Text Filler Text Filler',)
2026-09-21 16:34:58,825 Thread-14321 (_process_events) root DEBUG ftp.py                    1589  _ftp_server_push_file_ev  : _ftp_server_push_file_ev b'\xe0N\xe4\x08\xdc\x1b\x00\x00\xfa\x00H\x00\xfailler Text Filler Text Filler Text Filler Text Filler Text Filler Text Filler Text Filler Text Filler Text \r\nFiller Text Filler Text Filler Text Filler Text Filler Text Filler Text Filler Text Filler Text Filler Text Filler Text Filler Text Filler'
2026-09-21 16:34:58,835 BTPWorkerThread-14311 (_rx_task) root DEBUG iutctl_common.py          123   read                      : Read 5 bytes
2026-09-21 16:34:58,835 BTPWorkerThread-14311 (_rx_task) root DEBUG iutctl_common.py          131   read                      : Received: hdr: Header(svc_id=0x2a, op=0x98, ctrl_index=0x00, data_len=0x104) bytearray(b'*\x98\x00\x04\x01')
2026-09-21 16:34:58,835 BTPWorkerThread-14311 (_rx_task) root DEBUG iutctl_common.py          139   read                      : Read 109 bytes data
2026-09-21 16:34:58,846 BTPWorkerThread-14311 (_rx_task) root DEBUG iutctl_common.py          139   read                      : Read 128 bytes data
2026-09-21 16:34:58,857 BTPWorkerThread-14311 (_rx_task) root DEBUG iutctl_common.py          139   read                      : Read 23 bytes data
2026-09-21 16:34:58,858 BTPWorkerThread-14311 (_rx_task) root DEBUG iutctl_common.py          154   read                      : Received data: {'e0 4e e4 08 dc 1b 00 00 fa 00 48 00 fa 20 54 65 78 74 20 0d 0a 46 69 6c 6c 65 72 20 54 65 78 74 20 46 69 6c 6c 65 72 20 54 65 78 74 20 46 69 6c 6c 65 72 20 54 65 78 74 20 46 69 6c 6c 65 72 20 54 65 78 74 20 46 69 6c 6c 65 72 20 54 65 78 74 20 46 69 6c 6c 65 72 20 54 65 78 74 20 46 69 6c 6c 65 72 20 54 65 78 74 20 46 69 6c 6c 65 72 20 54 65 78 74 20 46 69 6c 6c 65 72 20 54 65 78 74 20 46 69 6c 6c 65 72 20 54 65 78 74 20 46 69 6c 6c 65 72 20 54 65 78 74 20 46 69 6c 6c 65 72 20 54 65 78 74 20 0d 0a 46 69 6c 6c 65 72 20 54 65 78 74 20 46 69 6c 6c 65 72 20 54 65 78 74 20 46 69 6c 6c 65 72 20 54 65 78 74 20 46 69 6c 6c 65 72 20 54 65 78 74 20 46 69 6c 6c 65 72 20 54 65 78 74 20 46 69 6c 6c 65 72 20 54 65 78 74 20 46 69 6c 6c 65 72 20 54 65 78 74 20 46 69 6c 6c 65 72 20 54 65'}, bytearray(b'\xe0N\xe4\x08\xdc\x1b\x00\x00\xfa\x00H\x00\xfa Text \r\nFiller Text Filler Text Filler Text Filler Text Filler Text Filler Text Filler Text Filler Text Filler Text Filler Text Filler Text Filler Text \r\nFiller Text Filler Text Filler Text Filler Text Filler Text Filler Text Filler Text Filler Te')
2026-09-21 16:34:58,858 BTPWorkerThread-14311 (_rx_task) root DEBUG btp.py                    704   event_handler             : Header(svc_id=42, op=152, ctrl_index=0, data_len=260) (b'\xe0N\xe4\x08\xdc\x1b\x00\x00\xfa\x00H\x00\xfa Text \r\nFiller Text Filler Text Filler Text Filler Text Filler Text Filler Text Filler Text Filler Text Filler Text Filler Text Filler Text Filler Text \r\nFiller Text Filler Text Filler Text Filler Text Filler Text Filler Text Filler Text Filler Te',)
2026-09-21 16:34:58,858 Thread-14321 (_process_events) root DEBUG ftp.py                    1589  _ftp_server_push_file_ev  : _ftp_server_push_file_ev b'\xe0N\xe4\x08\xdc\x1b\x00\x00\xfa\x00H\x00\xfa Text \r\nFiller Text Filler Text Filler Text Filler Text Filler Text Filler Text Filler Text Filler Text Filler Text Filler Text Filler Text Filler Text \r\nFiller Text Filler Text Filler Text Filler Text Filler Text Filler Text Filler Text Filler Te'
2026-09-21 16:34:58,858 BTPWorkerThread-14311 (_rx_task) root DEBUG iutctl_common.py          123   read                      : Read 5 bytes
2026-09-21 16:34:58,858 BTPWorkerThread-14311 (_rx_task) root DEBUG iutctl_common.py          131   read                      : Received: hdr: Header(svc_id=0x2a, op=0x98, ctrl_index=0x00, data_len=0x104) bytearray(b'*\x98\x00\x04\x01')
2026-09-21 16:34:58,858 BTPWorkerThread-14311 (_rx_task) root DEBUG iutctl_common.py          139   read                      : Read 5 bytes data
2026-09-21 16:34:58,868 BTPWorkerThread-14311 (_rx_task) root DEBUG iutctl_common.py          139   read                      : Read 128 bytes data
2026-09-21 16:34:58,868 BTPWorkerThread-14311 (_rx_task) root DEBUG iutctl_common.py          139   read                      : Read 12 bytes data
2026-09-21 16:34:58,869 BTPWorkerThread-14311 (_rx_task) root DEBUG iutctl_common.py          139   read                      : Read 11 bytes data
2026-09-21 16:34:58,880 BTPWorkerThread-14311 (_rx_task) root DEBUG iutctl_common.py          139   read                      : Read 104 bytes data
2026-09-21 16:34:58,881 BTPWorkerThread-14311 (_rx_task) root DEBUG iutctl_common.py          154   read                      : Received data: {'e0 4e e4 08 dc 1b 00 00 fa 00 48 00 fa 78 74 20 46 69 6c 6c 65 72 20 54 65 78 74 20 46 69 6c 6c 65 72 20 54 65 78 74 20 46 69 6c 6c 65 72 20 54 65 78 74 20 46 69 6c 6c 65 72 20 54 65 78 74 20 0d 0a 46 69 6c 6c 65 72 20 54 65 78 74 20 46 69 6c 6c 65 72 20 54 65 78 74 20 46 69 6c 6c 65 72 20 54 65 78 74 20 46 69 6c 6c 65 72 20 54 65 78 74 20 46 69 6c 6c 65 72 20 54 65 78 74 20 46 69 6c 6c 65 72 20 54 65 78 74 20 46 69 6c 6c 65 72 20 54 65 78 74 20 46 69 6c 6c 65 72 20 54 65 78 74 20 46 69 6c 6c 65 72 20 54 65 78 74 20 46 69 6c 6c 65 72 20 54 65 78 74 20 46 69 6c 6c 65 72 20 54 65 78 74 20 46 69 6c 6c 65 72 20 54 65 78 74 20 0d 0a 46 69 6c 6c 65 72 20 54 65 78 74 20 46 69 6c 6c 65 72 20 54 65 78 74 20 46 69 6c 6c 65 72 20 54 65 78 74 20 46 69 6c 6c 65 72 20 54 65 78 74 20'}, bytearray(b'\xe0N\xe4\x08\xdc\x1b\x00\x00\xfa\x00H\x00\xfaxt Filler Text Filler Text Filler Text Filler Text \r\nFiller Text Filler Text Filler Text Filler Text Filler Text Filler Text Filler Text Filler Text Filler Text Filler Text Filler Text Filler Text \r\nFiller Text Filler Text Filler Text Filler Text ')
2026-09-21 16:34:58,881 BTPWorkerThread-14311 (_rx_task) root DEBUG btp.py                    704   event_handler             : Header(svc_id=42, op=152, ctrl_index=0, data_len=260) (b'\xe0N\xe4\x08\xdc\x1b\x00\x00\xfa\x00H\x00\xfaxt Filler Text Filler Text Filler Text Filler Text \r\nFiller Text Filler Text Filler Text Filler Text Filler Text Filler Text Filler Text Filler Text Filler Text Filler Text Filler Text Filler Text \r\nFiller Text Filler Text Filler Text Filler Text ',)
2026-09-21 16:34:58,881 Thread-14321 (_process_events) root DEBUG ftp.py                    1589  _ftp_server_push_file_ev  : _ftp_server_push_file_ev b'\xe0N\xe4\x08\xdc\x1b\x00\x00\xfa\x00H\x00\xfaxt Filler Text Filler Text Filler Text Filler Text \r\nFiller Text Filler Text Filler Text Filler Text Filler Text Filler Text Filler Text Filler Text Filler Text Filler Text Filler Text Filler Text \r\nFiller Text Filler Text Filler Text Filler Text '
2026-09-21 16:34:58,891 BTPWorkerThread-14311 (_rx_task) root DEBUG iutctl_common.py          123   read                      : Read 5 bytes
2026-09-21 16:34:58,891 BTPWorkerThread-14311 (_rx_task) root DEBUG iutctl_common.py          131   read                      : Received: hdr: Header(svc_id=0x2a, op=0x98, ctrl_index=0x00, data_len=0x104) bytearray(b'*\x98\x00\x04\x01')
2026-09-21 16:34:58,891 BTPWorkerThread-14311 (_rx_task) root DEBUG iutctl_common.py          139   read                      : Read 27 bytes data
2026-09-21 16:34:58,903 BTPWorkerThread-14311 (_rx_task) root DEBUG iutctl_common.py          139   read                      : Read 128 bytes data
2026-09-21 16:34:58,903 BTPWorkerThread-14311 (_rx_task) root DEBUG iutctl_common.py          139   read                      : Read 10 bytes data
2026-09-21 16:34:58,914 BTPWorkerThread-14311 (_rx_task) root DEBUG iutctl_common.py          139   read                      : Read 95 bytes data
2026-09-21 16:34:58,915 BTPWorkerThread-14311 (_rx_task) root DEBUG iutctl_common.py          154   read                      : Received data: {'e0 4e e4 08 dc 1b 00 00 fa 00 48 00 fa 46 69 6c 6c 65 72 20 54 65 78 74 20 46 69 6c 6c 65 72 20 54 65 78 74 20 46 69 6c 6c 65 72 20 54 65 78 74 20 46 69 6c 6c 65 72 20 54 65 78 74 20 46 69 6c 6c 65 72 20 54 65 78 74 20 46 69 6c 6c 65 72 20 54 65 78 74 20 46 69 6c 6c 65 72 20 54 65 78 74 20 46 69 6c 6c 65 72 20 54 65 78 74 20 0d 0a 46 69 6c 6c 65 72 20 54 65 78 74 20 46 69 6c 6c 65 72 20 54 65 78 74 20 46 69 6c 6c 65 72 20 54 65 78 74 20 46 69 6c 6c 65 72 20 54 65 78 74 20 46 69 6c 6c 65 72 20 54 65 78 74 20 46 69 6c 6c 65 72 20 54 65 78 74 20 46 69 6c 6c 65 72 20 54 65 78 74 20 46 69 6c 6c 65 72 20 54 65 78 74 20 46 69 6c 6c 65 72 20 54 65 78 74 20 46 69 6c 6c 65 72 20 54 65 78 74 20 46 69 6c 6c 65 72 20 54 65 78 74 20 46 69 6c 6c 65 72 20 54 65 78 74 20 0d 0a 46 69 6c'}, bytearray(b'\xe0N\xe4\x08\xdc\x1b\x00\x00\xfa\x00H\x00\xfaFiller Text Filler Text Filler Text Filler Text Filler Text Filler Text Filler Text Filler Text \r\nFiller Text Filler Text Filler Text Filler Text Filler Text Filler Text Filler Text Filler Text Filler Text Filler Text Filler Text Filler Text \r\nFil')
2026-09-21 16:34:58,915 BTPWorkerThread-14311 (_rx_task) root DEBUG btp.py                    704   event_handler             : Header(svc_id=42, op=152, ctrl_index=0, data_len=260) (b'\xe0N\xe4\x08\xdc\x1b\x00\x00\xfa\x00H\x00\xfaFiller Text Filler Text Filler Text Filler Text Filler Text Filler Text Filler Text Filler Text \r\nFiller Text Filler Text Filler Text Filler Text Filler Text Filler Text Filler Text Filler Text Filler Text Filler Text Filler Text Filler Text \r\nFil',)
2026-09-21 16:34:58,915 Thread-14321 (_process_events) root DEBUG ftp.py                    1589  _ftp_server_push_file_ev  : _ftp_server_push_file_ev b'\xe0N\xe4\x08\xdc\x1b\x00\x00\xfa\x00H\x00\xfaFiller Text Filler Text Filler Text Filler Text Filler Text Filler Text Filler Text Filler Text \r\nFiller Text Filler Text Filler Text Filler Text Filler Text Filler Text Filler Text Filler Text Filler Text Filler Text Filler Text Filler Text \r\nFil'
2026-09-21 16:34:58,925 BTPWorkerThread-14311 (_rx_task) root DEBUG iutctl_common.py          123   read                      : Read 5 bytes
2026-09-21 16:34:58,926 BTPWorkerThread-14311 (_rx_task) root DEBUG iutctl_common.py          131   read                      : Received: hdr: Header(svc_id=0x2a, op=0x98, ctrl_index=0x00, data_len=0x104) bytearray(b'*\x98\x00\x04\x01')
2026-09-21 16:34:58,926 BTPWorkerThread-14311 (_rx_task) root DEBUG iutctl_common.py          139   read                      : Read 74 bytes data
2026-09-21 16:34:58,937 BTPWorkerThread-14311 (_rx_task) root DEBUG iutctl_common.py          139   read                      : Read 123 bytes data
2026-09-21 16:34:58,948 BTPWorkerThread-14311 (_rx_task) root DEBUG iutctl_common.py          139   read                      : Read 63 bytes data
2026-09-21 16:34:58,948 BTPWorkerThread-14311 (_rx_task) root DEBUG iutctl_common.py          154   read                      : Received data: {'e0 4e e4 08 dc 1b 00 00 fa 00 48 00 fa 6c 65 72 20 54 65 78 74 20 46 69 6c 6c 65 72 20 54 65 78 74 20 46 69 6c 6c 65 72 20 54 65 78 74 20 46 69 6c 6c 65 72 20 54 65 78 74 20 46 69 6c 6c 65 72 20 54 65 78 74 20 46 69 6c 6c 65 72 20 54 65 78 74 20 46 69 6c 6c 65 72 20 54 65 78 74 20 46 69 6c 6c 65 72 20 54 65 78 74 20 46 69 6c 6c 65 72 20 54 65 78 74 20 46 69 6c 6c 65 72 20 54 65 78 74 20 46 69 6c 6c 65 72 20 54 65 78 74 20 46 69 6c 6c 65 72 20 54 65 78 74 20 0d 0a 46 69 6c 6c 65 72 20 54 65 78 74 20 46 69 6c 6c 65 72 20 54 65 78 74 20 46 69 6c 6c 65 72 20 54 65 78 74 20 46 69 6c 6c 65 72 20 54 65 78 74 20 46 69 6c 6c 65 72 20 54 65 78 74 20 46 69 6c 6c 65 72 20 54 65 78 74 20 46 69 6c 6c 65 72 20 54 65 78 74 20 46 69 6c 6c 65 72 20 54 65 78 74 20 46 69 6c 6c 65 72 20 54'}, bytearray(b'\xe0N\xe4\x08\xdc\x1b\x00\x00\xfa\x00H\x00\xfaler Text Filler Text Filler Text Filler Text Filler Text Filler Text Filler Text Filler Text Filler Text Filler Text Filler Text Filler Text \r\nFiller Text Filler Text Filler Text Filler Text Filler Text Filler Text Filler Text Filler Text Filler T')
2026-09-21 16:34:58,948 BTPWorkerThread-14311 (_rx_task) root DEBUG btp.py                    704   event_handler             : Header(svc_id=42, op=152, ctrl_index=0, data_len=260) (b'\xe0N\xe4\x08\xdc\x1b\x00\x00\xfa\x00H\x00\xfaler Text Filler Text Filler Text Filler Text Filler Text Filler Text Filler Text Filler Text Filler Text Filler Text Filler Text Filler Text \r\nFiller Text Filler Text Filler Text Filler Text Filler Text Filler Text Filler Text Filler Text Filler T',)
2026-09-21 16:34:58,949 Thread-14321 (_process_events) root DEBUG ftp.py                    1589  _ftp_server_push_file_ev  : _ftp_server_push_file_ev b'\xe0N\xe4\x08\xdc\x1b\x00\x00\xfa\x00H\x00\xfaler Text Filler Text Filler Text Filler Text Filler Text Filler Text Filler Text Filler Text Filler Text Filler Text Filler Text Filler Text \r\nFiller Text Filler Text Filler Text Filler Text Filler Text Filler Text Filler Text Filler Text Filler T'
2026-09-21 16:34:58,959 BTPWorkerThread-14311 (_rx_task) root DEBUG iutctl_common.py          123   read                      : Read 5 bytes
2026-09-21 16:34:58,959 BTPWorkerThread-14311 (_rx_task) root DEBUG iutctl_common.py          131   read                      : Received: hdr: Header(svc_id=0x2a, op=0x98, ctrl_index=0x00, data_len=0x104) bytearray(b'*\x98\x00\x04\x01')
2026-09-21 16:34:58,959 BTPWorkerThread-14311 (_rx_task) root DEBUG iutctl_common.py          139   read                      : Read 79 bytes data
2026-09-21 16:34:58,970 BTPWorkerThread-14311 (_rx_task) root DEBUG iutctl_common.py          139   read                      : Read 127 bytes data
2026-09-21 16:34:58,970 BTPWorkerThread-14311 (_rx_task) root DEBUG iutctl_common.py          139   read                      : Read 12 bytes data
2026-09-21 16:34:58,981 BTPWorkerThread-14311 (_rx_task) root DEBUG iutctl_common.py          139   read                      : Read 42 bytes data
2026-09-21 16:34:58,981 BTPWorkerThread-14311 (_rx_task) root DEBUG iutctl_common.py          154   read                      : Received data: {'e0 4e e4 08 dc 1b 00 00 fa 00 48 00 fa 65 78 74 20 46 69 6c 6c 65 72 20 54 65 78 74 20 46 69 6c 6c 65 72 20 54 65 78 74 20 46 69 6c 6c 65 72 20 54 65 78 74 20 0d 0a 46 69 6c 6c 65 72 20 54 65 78 74 20 46 69 6c 6c 65 72 20 54 65 78 74 20 46 69 6c 6c 65 72 20 54 65 78 74 20 46 69 6c 6c 65 72 20 54 65 78 74 20 46 69 6c 6c 65 72 20 54 65 78 74 20 46 69 6c 6c 65 72 20 54 65 78 74 20 46 69 6c 6c 65 72 20 54 65 78 74 20 46 69 6c 6c 65 72 20 54 65 78 74 20 46 69 6c 6c 65 72 20 54 65 78 74 20 46 69 6c 6c 65 72 20 54 65 78 74 20 46 69 6c 6c 65 72 20 54 65 78 74 20 46 69 6c 6c 65 72 20 54 65 78 74 20 0d 0a 46 69 6c 6c 65 72 20 54 65 78 74 20 46 69 6c 6c 65 72 20 54 65 78 74 20 46 69 6c 6c 65 72 20 54 65 78 74 20 46 69 6c 6c 65 72 20 54 65 78 74 20 46 69 6c 6c 65 72 20 54 65 78 74'}, bytearray(b'\xe0N\xe4\x08\xdc\x1b\x00\x00\xfa\x00H\x00\xfaext Filler Text Filler Text Filler Text \r\nFiller Text Filler Text Filler Text Filler Text Filler Text Filler Text Filler Text Filler Text Filler Text Filler Text Filler Text Filler Text \r\nFiller Text Filler Text Filler Text Filler Text Filler Text')
2026-09-21 16:34:58,981 BTPWorkerThread-14311 (_rx_task) root DEBUG btp.py                    704   event_handler             : Header(svc_id=42, op=152, ctrl_index=0, data_len=260) (b'\xe0N\xe4\x08\xdc\x1b\x00\x00\xfa\x00H\x00\xfaext Filler Text Filler Text Filler Text \r\nFiller Text Filler Text Filler Text Filler Text Filler Text Filler Text Filler Text Filler Text Filler Text Filler Text Filler Text Filler Text \r\nFiller Text Filler Text Filler Text Filler Text Filler Text',)
2026-09-21 16:34:58,982 Thread-14321 (_process_events) root DEBUG ftp.py                    1589  _ftp_server_push_file_ev  : _ftp_server_push_file_ev b'\xe0N\xe4\x08\xdc\x1b\x00\x00\xfa\x00H\x00\xfaext Filler Text Filler Text Filler Text \r\nFiller Text Filler Text Filler Text Filler Text Filler Text Filler Text Filler Text Filler Text Filler Text Filler Text Filler Text Filler Text \r\nFiller Text Filler Text Filler Text Filler Text Filler Text'
2026-09-21 16:34:58,992 BTPWorkerThread-14311 (_rx_task) root DEBUG iutctl_common.py          123   read                      : Read 5 bytes
2026-09-21 16:34:58,992 BTPWorkerThread-14311 (_rx_task) root DEBUG iutctl_common.py          131   read                      : Received: hdr: Header(svc_id=0x2a, op=0x98, ctrl_index=0x00, data_len=0x104) bytearray(b'*\x98\x00\x04\x01')
2026-09-21 16:34:58,992 BTPWorkerThread-14311 (_rx_task) root DEBUG iutctl_common.py          139   read                      : Read 131 bytes data
2026-09-21 16:34:59,003 BTPWorkerThread-14311 (_rx_task) root DEBUG iutctl_common.py          139   read                      : Read 124 bytes data
2026-09-21 16:34:59,003 BTPWorkerThread-14311 (_rx_task) root DEBUG iutctl_common.py          139   read                      : Read 3 bytes data
2026-09-21 16:34:59,014 BTPWorkerThread-14311 (_rx_task) root DEBUG iutctl_common.py          139   read                      : Read 2 bytes data
2026-09-21 16:34:59,015 BTPWorkerThread-14311 (_rx_task) root DEBUG iutctl_common.py          154   read                      : Received data: {'e0 4e e4 08 dc 1b 00 00 fa 00 48 00 fa 20 46 69 6c 6c 65 72 20 54 65 78 74 20 46 69 6c 6c 65 72 20 54 65 78 74 20 46 69 6c 6c 65 72 20 54 65 78 74 20 46 69 6c 6c 65 72 20 54 65 78 74 20 46 69 6c 6c 65 72 20 54 65 78 74 20 46 69 6c 6c 65 72 20 54 65 78 74 20 46 69 6c 6c 65 72 20 54 65 78 74 20 0d 0a 46 69 6c 6c 65 72 20 54 65 78 74 20 46 69 6c 6c 65 72 20 54 65 78 74 20 46 69 6c 6c 65 72 20 54 65 78 74 20 46 69 6c 6c 65 72 20 54 65 78 74 20 46 69 6c 6c 65 72 20 54 65 78 74 20 46 69 6c 6c 65 72 20 54 65 78 74 20 46 69 6c 6c 65 72 20 54 65 78 74 20 46 69 6c 6c 65 72 20 54 65 78 74 20 46 69 6c 6c 65 72 20 54 65 78 74 20 46 69 6c 6c 65 72 20 54 65 78 74 20 46 69 6c 6c 65 72 20 54 65 78 74 20 46 69 6c 6c 65 72 20 54 65 78 74 20 0d 0a 46 69 6c 6c 65 72 20 54 65 78 74 20 46 69'}, bytearray(b'\xe0N\xe4\x08\xdc\x1b\x00\x00\xfa\x00H\x00\xfa Filler Text Filler Text Filler Text Filler Text Filler Text Filler Text Filler Text \r\nFiller Text Filler Text Filler Text Filler Text Filler Text Filler Text Filler Text Filler Text Filler Text Filler Text Filler Text Filler Text \r\nFiller Text Fi')
2026-09-21 16:34:59,015 BTPWorkerThread-14311 (_rx_task) root DEBUG btp.py                    704   event_handler             : Header(svc_id=42, op=152, ctrl_index=0, data_len=260) (b'\xe0N\xe4\x08\xdc\x1b\x00\x00\xfa\x00H\x00\xfa Filler Text Filler Text Filler Text Filler Text Filler Text Filler Text Filler Text \r\nFiller Text Filler Text Filler Text Filler Text Filler Text Filler Text Filler Text Filler Text Filler Text Filler Text Filler Text Filler Text \r\nFiller Text Fi',)
2026-09-21 16:34:59,015 Thread-14321 (_process_events) root DEBUG ftp.py                    1589  _ftp_server_push_file_ev  : _ftp_server_push_file_ev b'\xe0N\xe4\x08\xdc\x1b\x00\x00\xfa\x00H\x00\xfa Filler Text Filler Text Filler Text Filler Text Filler Text Filler Text Filler Text \r\nFiller Text Filler Text Filler Text Filler Text Filler Text Filler Text Filler Text Filler Text Filler Text Filler Text Filler Text Filler Text \r\nFiller Text Fi'
2026-09-21 16:34:59,025 BTPWorkerThread-14311 (_rx_task) root DEBUG iutctl_common.py          123   read                      : Read 5 bytes
2026-09-21 16:34:59,025 BTPWorkerThread-14311 (_rx_task) root DEBUG iutctl_common.py          131   read                      : Received: hdr: Header(svc_id=0x2a, op=0x98, ctrl_index=0x00, data_len=0x8f) bytearray(b'*\x98\x00\x8f\x00')
2026-09-21 16:34:59,026 BTPWorkerThread-14311 (_rx_task) root DEBUG iutctl_common.py          139   read                      : Read 84 bytes data
2026-09-21 16:34:59,036 BTPWorkerThread-14311 (_rx_task) root DEBUG iutctl_common.py          139   read                      : Read 59 bytes data
2026-09-21 16:34:59,037 BTPWorkerThread-14311 (_rx_task) root DEBUG iutctl_common.py          154   read                      : Received data: {'e0 4e e4 08 dc 1b 00 01 85 00 49 00 85 6c 6c 65 72 20 54 65 78 74 20 46 69 6c 6c 65 72 20 54 65 78 74 20 46 69 6c 6c 65 72 20 54 65 78 74 20 46 69 6c 6c 65 72 20 54 65 78 74 20 46 69 6c 6c 65 72 20 54 65 78 74 20 46 69 6c 6c 65 72 20 54 65 78 74 20 46 69 6c 6c 65 72 20 54 65 78 74 20 46 69 6c 6c 65 72 20 54 65 78 74 20 46 69 6c 6c 65 72 20 54 65 78 74 20 46 69 6c 6c 65 72 20 54 65 78 74 20 46 69 6c 6c 65 72 20 54 65 78 74 20'}, bytearray(b'\xe0N\xe4\x08\xdc\x1b\x00\x01\x85\x00I\x00\x85ller Text Filler Text Filler Text Filler Text Filler Text Filler Text Filler Text Filler Text Filler Text Filler Text Filler Text ')
2026-09-21 16:34:59,037 BTPWorkerThread-14311 (_rx_task) root DEBUG btp.py                    704   event_handler             : Header(svc_id=42, op=152, ctrl_index=0, data_len=143) (b'\xe0N\xe4\x08\xdc\x1b\x00\x01\x85\x00I\x00\x85ller Text Filler Text Filler Text Filler Text Filler Text Filler Text Filler Text Filler Text Filler Text Filler Text Filler Text ',)
2026-09-21 16:34:59,037 Thread-14321 (_process_events) root DEBUG ftp.py                    1589  _ftp_server_push_file_ev  : _ftp_server_push_file_ev b'\xe0N\xe4\x08\xdc\x1b\x00\x01\x85\x00I\x00\x85ller Text Filler Text Filler Text Filler Text Filler Text Filler Text Filler Text Filler Text Filler Text Filler Text Filler Text '
2026-09-21 16:34:59,038 Thread-14321 (_process_events) root DEBUG ftp.py                    351   push_file                 : FtpStorage: pushed file 'SRM_BV_04_C.txt' (10948 bytes) into /pts
2026-09-21 16:34:59,038 Thread-14321 (_process_events) root DEBUG ftp.py                    717   ftp_server_push_file      : ftp_server_push_file rsp=0xa0 '001bdc08e44e'
2026-09-21 16:34:59,038 Thread-14321 (_process_events) root DEBUG iutctl_common.py          161   send                      : 42 24 0 "bytearray(b'\\xe0N\\xe4\\x08\\xdc\\x1b\\x00\\xa0\\x00\\x00')"
2026-09-21 16:34:59,038 Thread-14321 (_process_events) root DEBUG iutctl_common.py          166   send                      : sending frame '2a18000a00e04ee408dc1b00a00000'
2026-09-21 16:34:59,038 Thread-14321 (_process_events) root DEBUG ftp.py                    284   ftp_command_rsp_succ      : ftp_command_rsp_succ
2026-09-21 16:34:59,038 Thread-14321 (_process_events) root DEBUG iutctl_common.py          339   read                      : 
2026-09-21 16:34:59,071 BTPWorkerThread-14311 (_rx_task) root DEBUG iutctl_common.py          123   read                      : Read 5 bytes
2026-09-21 16:34:59,082 BTPWorkerThread-14311 (_rx_task) root DEBUG iutctl_common.py          131   read                      : Received: hdr: Header(svc_id=0x2a, op=0x18, ctrl_index=0x00, data_len=0x00) bytearray(b'*\x18\x00\x00\x00')
2026-09-21 16:34:59,082 BTPWorkerThread-14311 (_rx_task) root DEBUG iutctl_common.py          154   read                      : Received data: {''}, bytearray(b'')
2026-09-21 16:34:59,083 Thread-14321 (_process_events) root DEBUG ftp.py                    287   ftp_command_rsp_succ      : received Header(svc_id=42, op=24, ctrl_index=0, data_len=0) (b'',)
2026-09-21 16:34:59,097 LT1-callback ClientCallback.on_implicit_send INFO client.py                 223   on_implicit_send          : 
    ********************
    BEGIN OnImplicitSend:
    project_name: FTP
    wid: 40
    test_case_name: FTP/SR/GOEP/SRM/BV-04-C
    description: Did the IUT receive a well formatted file named 'pts\SRM_BV_04_C.txt'?
    style: MMI_Style_Yes_No1 0x11044
2026-09-21 16:34:59,097 LT1-callback ClientCallback.on_implicit_send INFO client.py                 236   on_implicit_send          : Calling test cases on_implicit_send
2026-09-21 16:34:59,097 LT1-callback ClientCallback.on_implicit_send INFO client.py                 249   on_implicit_send          : 
    on_implicit_send returned response: WAIT
    END OnImplicitSend
    ********************
2026-09-21 16:34:59,612 LT1-thread root DEBUG testcase.py               679   run_wid                   : FTP FTP/SR/GOEP/SRM/BV-04-C on_implicit_send
2026-09-21 16:34:59,612 LT1-thread root DEBUG ftp_wid.py                25    ftp_wid_hdl               : ftp_wid_hdl, 40, Did the IUT receive a well formatted file named 'pts\SRM_BV_04_C.txt'?, FTP/SR/GOEP/SRM/BV-04-C
2026-09-21 16:34:59,612 LT1-thread root DEBUG testcase.py               722   run_wid                   : Sending response 'Yes' to wid 40 test case FTP/SR/GOEP/SRM/BV-04-C
2026-09-21 16:34:59,613 LT1-thread root DEBUG client.py                 276   get_result                : ClientCallback.get_result run_test_case
2026-09-21 16:34:59,628 BTPWorkerThread-14311 (_rx_task) root DEBUG iutctl_common.py          123   read                      : Read 5 bytes
2026-09-21 16:34:59,628 BTPWorkerThread-14311 (_rx_task) root DEBUG iutctl_common.py          131   read                      : Received: hdr: Header(svc_id=0x2a, op=0x94, ctrl_index=0x00, data_len=0x0e) bytearray(b'*\x94\x00\x0e\x00')
2026-09-21 16:34:59,628 BTPWorkerThread-14311 (_rx_task) root DEBUG iutctl_common.py          139   read                      : Read 14 bytes data
2026-09-21 16:34:59,628 BTPWorkerThread-14311 (_rx_task) root DEBUG iutctl_common.py          154   read                      : Received data: {'e0 4e e4 08 dc 1b 00 05 00 cb 00 00 00 01'}, bytearray(b'\xe0N\xe4\x08\xdc\x1b\x00\x05\x00\xcb\x00\x00\x00\x01')
2026-09-21 16:34:59,628 BTPWorkerThread-14311 (_rx_task) root DEBUG btp.py                    704   event_handler             : Header(svc_id=42, op=148, ctrl_index=0, data_len=14) (b'\xe0N\xe4\x08\xdc\x1b\x00\x05\x00\xcb\x00\x00\x00\x01',)
2026-09-21 16:34:59,628 Thread-14321 (_process_events) root DEBUG ftp.py                    1488  _ftp_server_disconnect_ev : _ftp_server_disconnect_ev b'\xe0N\xe4\x08\xdc\x1b\x00\x05\x00\xcb\x00\x00\x00\x01'
2026-09-21 16:34:59,628 Thread-14321 (_process_events) root DEBUG ftp.py                    651   ftp_server_disconnect     : ftp_server_disconnect rsp=0xa0 '001bdc08e44e'
2026-09-21 16:34:59,628 Thread-14321 (_process_events) root DEBUG iutctl_common.py          161   send                      : 42 20 0 "bytearray(b'\\xe0N\\xe4\\x08\\xdc\\x1b\\x00\\xa0')"
2026-09-21 16:34:59,629 Thread-14321 (_process_events) root DEBUG iutctl_common.py          166   send                      : sending frame '2a14000800e04ee408dc1b00a0'
2026-09-21 16:34:59,629 Thread-14321 (_process_events) root DEBUG ftp.py                    284   ftp_command_rsp_succ      : ftp_command_rsp_succ
2026-09-21 16:34:59,629 Thread-14321 (_process_events) root DEBUG iutctl_common.py          339   read                      : 
2026-09-21 16:34:59,672 BTPWorkerThread-14311 (_rx_task) root DEBUG iutctl_common.py          123   read                      : Read 5 bytes
2026-09-21 16:34:59,672 BTPWorkerThread-14311 (_rx_task) root DEBUG iutctl_common.py          131   read                      : Received: hdr: Header(svc_id=0x2a, op=0x14, ctrl_index=0x00, data_len=0x00) bytearray(b'*\x14\x00\x00\x00')
2026-09-21 16:34:59,673 BTPWorkerThread-14311 (_rx_task) root DEBUG iutctl_common.py          154   read                      : Received data: {''}, bytearray(b'')
2026-09-21 16:34:59,684 Thread-14321 (_process_events) root DEBUG ftp.py                    287   ftp_command_rsp_succ      : received Header(svc_id=42, op=20, ctrl_index=0, data_len=0) (b'',)
2026-09-21 16:34:59,684 BTPWorkerThread-14311 (_rx_task) root DEBUG iutctl_common.py          123   read                      : Read 5 bytes
2026-09-21 16:34:59,684 BTPWorkerThread-14311 (_rx_task) root DEBUG iutctl_common.py          131   read                      : Received: hdr: Header(svc_id=0x2a, op=0x92, ctrl_index=0x00, data_len=0x07) bytearray(b'*\x92\x00\x07\x00')
2026-09-21 16:34:59,685 BTPWorkerThread-14311 (_rx_task) root DEBUG iutctl_common.py          139   read                      : Read 7 bytes data
2026-09-21 16:34:59,685 BTPWorkerThread-14311 (_rx_task) root DEBUG iutctl_common.py          154   read                      : Received data: {'e0 4e e4 08 dc 1b 00'}, bytearray(b'\xe0N\xe4\x08\xdc\x1b\x00')
2026-09-21 16:34:59,685 BTPWorkerThread-14311 (_rx_task) root DEBUG btp.py                    704   event_handler             : Header(svc_id=42, op=146, ctrl_index=0, data_len=7) (b'\xe0N\xe4\x08\xdc\x1b\x00',)
2026-09-21 16:34:59,685 BTPWorkerThread-14311 (_rx_task) root DEBUG iutctl_common.py          123   read                      : Read 5 bytes
2026-09-21 16:34:59,685 Thread-14321 (_process_events) root DEBUG ftp.py                    1386  _ftp_server_l2cap_disconnected_ev : _ftp_server_l2cap_disconnected_ev b'\xe0N\xe4\x08\xdc\x1b\x00'
2026-09-21 16:34:59,686 BTPWorkerThread-14311 (_rx_task) root DEBUG iutctl_common.py          131   read                      : Received: hdr: Header(svc_id=0x01, op=0x83, ctrl_index=0x00, data_len=0x07) bytearray(b'\x01\x83\x00\x07\x00')
2026-09-21 16:34:59,686 BTPWorkerThread-14311 (_rx_task) root DEBUG iutctl_common.py          139   read                      : Read 7 bytes data
2026-09-21 16:34:59,686 Thread-14321 (_process_events) root DEBUG ftp.py                    739   remove_connection         : FTP: removed connection addr=001bdc08e44e
2026-09-21 16:34:59,686 BTPWorkerThread-14311 (_rx_task) root DEBUG iutctl_common.py          154   read                      : Received data: {'e0 4e e4 08 dc 1b 00'}, bytearray(b'\xe0N\xe4\x08\xdc\x1b\x00')
2026-09-21 16:34:59,686 BTPWorkerThread-14311 (_rx_task) root DEBUG btp.py                    704   event_handler             : Header(svc_id=1, op=131, ctrl_index=0, data_len=7) (b'\xe0N\xe4\x08\xdc\x1b\x00',)
2026-09-21 16:34:59,686 BTPWorkerThread-14311 (_rx_task) root DEBUG gap.py                    226   gap_disconnected_ev_      : b'\xe0N\xe4\x08\xdc\x1b\x00'
2026-09-21 16:35:02,362 LT1-callback ClientCallback.log INFO client.py                 200   log                       : PTS_LOGTYPE_START_TEST Start Test Case 

+140 ms
 FTP/SR/GOEP/SRM/BV-04-C FTP/SR/GOEP/SRM/BV-04-C

2026-09-21 16:35:03,169 LT1-callback ClientCallback.log INFO client.py                 200   log                       : PTS_LOGTYPE_FINAL_VERDICT Final Verdict 

+17125 ms
 FTP/SR/GOEP/SRM/BV-04-C PASS

2026-09-21 16:35:03,173 LT1-callback ClientCallback.log INFO client.py                 200   log                       : PTS_LOGTYPE_FINAL_VERDICT Encrypted Verdict 

+17125 ms
 FTP/SR/GOEP/SRM/BV-04-C A1#ZWY4MzQ5MDg3MmQwNTIxOGQzMzQ5YjY2ODA5M2MzNjQ5ZDY4NmY0Yjc2MzIzM2VkNTUyNTFhNGU4Mjg1MjI0NA==#syE3gqkjOG/oAXPzqvzaL/FpjLcxI/jajB4iDUIsUesNL97m4kq9i11M8l2OpmQs

2026-09-21 16:35:03,177 LT1-callback ClientCallback.log INFO client.py                 200   log                       : PTS_LOGTYPE_END_TEST Test Case Ended 

+17125 ms
 FTP/SR/GOEP/SRM/BV-04-C FTP/SR/GOEP/SRM/BV-04-C

2026-09-21 16:35:03,289 LT1-callback root DEBUG client.py                 261   set_result                : ClientCallback, set_result, run_test_case, PASS
2026-09-21 16:35:03,290 LT1-thread root DEBUG client.py                 1186  _run_test_case            : After run_test_case error_code=0 status='PASS'
2026-09-21 16:35:03,290 LT1-thread root DEBUG testcase.py               766   post_run                  : post_run FTP FTP/SR/GOEP/SRM/BV-04-C 0
2026-09-21 16:35:03,290 LT1-thread root DEBUG testcase.py               254   start                     : Starting test function: class=<class 'autopts.ptsprojects.testcase.TestFuncCleanUp'>, func=<bound method ZTestCase._test_case_cleanup of <autopts.ptsprojects.zephyr.ztestcase.ZTestCase object at 0x000001D20B9D6FF0>> start_wid=None stop_wid=None post_wid=None skip_call=None call_count=1 args=() kwds={}
2026-09-21 16:35:03,290 LT1-thread root DEBUG testcase.py               266   start                     : Test function parameters: args=(), kwds={}
2026-09-21 16:35:03,290 LT1-thread root DEBUG ftp.py                    668   __init__                  : FTP: storage initialized
2026-09-21 16:35:03,291 LT1-thread root DEBUG ftp.py                    1861  start                     : FTP event handler started
2026-09-21 16:35:03,291 LT1-thread root DEBUG iutctl.py                 415   stop                      : <class 'autopts.ptsprojects.zephyr.iutctl.create_zephyr_ctl_class.<locals>.ZephyrCtl'>.stop
2026-09-21 16:35:03,291 LT1-thread root DEBUG __init__.py               51    reset                     : About to reset DUT: JLink -CommandFile reset.jlink -usb 1063214216 -device MIMXRT1176XXXA_M7
2026-09-21 16:35:03,603 BTPWorkerThread-14311 (_rx_task) root DEBUG iutctl_common.py          123   read                      : Read 5 bytes
2026-09-21 16:35:03,604 BTPWorkerThread-14311 (_rx_task) root DEBUG iutctl_common.py          131   read                      : Received: hdr: Header(svc_id=0x00, op=0x80, ctrl_index=0xff, data_len=0x00) bytearray(b'\x00\x80\xff\x00\x00')
2026-09-21 16:35:03,604 BTPWorkerThread-14311 (_rx_task) root DEBUG iutctl_common.py          154   read                      : Received data: {''}, bytearray(b'')
2026-09-21 16:35:03,604 BTPWorkerThread-14311 (_rx_task) root DEBUG btp.py                    704   event_handler             : Header(svc_id=0, op=128, ctrl_index=255, data_len=0) (b'',)
2026-09-21 16:35:03,604 BTPWorkerThread-14311 (_rx_task) root DEBUG core.py                   23    core_iut_ready_ev         : 
2026-09-21 16:35:03,670 LT1-thread root DEBUG iutctl.py                 436   _stop_tty_mode            : IUT ready event received OK
2026-09-21 16:35:03,671 LT1-thread root DEBUG iutctl_common.py          416   close                     : Waiting for _rx_worker to finish ...
2026-09-21 16:35:04,605 BTPWorkerThread-14311 (_rx_task) root DEBUG iutctl_common.py          332   _rx_task                  : BTPWorkerThread-14311 (_rx_task) finishing...
2026-09-21 16:35:07,611 LT1-thread root DEBUG testcase.py               794   post_run                  : post_run, cleanup running post test case script
2026-09-21 16:35:07,611 LT1-thread root DEBUG testcase.py               802   post_run                  : post_run, run post test case script
2026-09-21 16:35:07,687 LT1-thread root DEBUG client.py                 1220  _run_test_case            : Done TestCase _run_test_case FTP FTP/SR/GOEP/SRM/BV-04-C
