2026-09-16 20:45:43,006 LT1-thread root DEBUG client.py                 1099  _run_test_case            : Starting TestCase _run_test_case GAP GAP/SEC/SEM/BI-06-C
2026-09-16 20:45:43,007 LT1-thread root DEBUG testcase.py               727   pre_run                   : pre_run GAP GAP/SEC/SEM/BI-06-C
2026-09-16 20:45:43,007 LT1-thread root DEBUG testcase.py               729   pre_run                   : About to run test case GAP GAP/SEC/SEM/BI-06-C with commands:
2026-09-16 20:45:43,008 LT1-thread root DEBUG testcase.py               731   pre_run                   : 0) class=<class 'autopts.ptsprojects.testcase.TestFunc'>, func=<bound method ZTestCase._test_case_start of <autopts.ptsprojects.zephyr.ztestcase.ZTestCase object at 0x000002A769E80290>> start_wid=None stop_wid=None post_wid=None skip_call=None call_count=1 args=() kwds={}
2026-09-16 20:45:43,008 LT1-thread root DEBUG testcase.py               731   pre_run                   : 1) class=<class 'autopts.ptsprojects.testcase.TestFunc'>, func=<function core_reg_svc_gap at 0x000002A7673C8720> start_wid=None stop_wid=None post_wid=None skip_call=None call_count=101 args=() kwds={}
2026-09-16 20:45:43,008 LT1-thread root DEBUG testcase.py               731   pre_run                   : 2) class=<class 'autopts.ptsprojects.testcase.TestFunc'>, func=<bound method Stack.gap_init of <autopts.ptsprojects.stack.stack.Stack object at 0x000002A768AF7AD0>> start_wid=None stop_wid=None post_wid=None skip_call=None call_count=101 args=(b'Tester_08E44E', 'ABCD', '1111', '1111', '11', '1111', b'\x17github.com/auto-pts', (8, 'PADV_Tester'), 'FF') kwds={}
2026-09-16 20:45:43,008 LT1-thread root DEBUG testcase.py               731   pre_run                   : 3) class=<class 'autopts.ptsprojects.testcase.TestFunc'>, func=<function gap_read_controller_info at 0x000002A7673E7560> start_wid=None stop_wid=None post_wid=None skip_call=None call_count=101 args=() kwds={}
2026-09-16 20:45:43,008 LT1-thread root DEBUG testcase.py               731   pre_run                   : 4) class=<class 'autopts.ptsprojects.testcase.TestFunc'>, func=<function test_cases.<locals>.<lambda> at 0x000002A769E5D6C0> start_wid=None stop_wid=None post_wid=None skip_call=None call_count=101 args=() kwds={}
2026-09-16 20:45:43,008 LT1-thread root DEBUG testcase.py               731   pre_run                   : 5) class=<class 'autopts.ptsprojects.testcase.TestFunc'>, func=<function test_cases.<locals>.<lambda> at 0x000002A769E5D760> start_wid=None stop_wid=None post_wid=None skip_call=None call_count=101 args=() kwds={}
2026-09-16 20:45:43,009 LT1-thread root DEBUG testcase.py               731   pre_run                   : 6) class=<class 'autopts.ptsprojects.testcase.TestFunc'>, func=<function test_cases.<locals>.<lambda> at 0x000002A769E5D800> start_wid=None stop_wid=None post_wid=None skip_call=None call_count=101 args=() kwds={}
2026-09-16 20:45:43,009 LT1-thread root DEBUG testcase.py               731   pre_run                   : 7) class=<class 'autopts.ptsprojects.testcase.TestFunc'>, func=<function test_cases.<locals>.<lambda> at 0x000002A769E5D8A0> start_wid=None stop_wid=None post_wid=None skip_call=None call_count=101 args=() kwds={}
2026-09-16 20:45:43,009 LT1-thread root DEBUG testcase.py               731   pre_run                   : 8) class=<class 'autopts.ptsprojects.testcase.TestFunc'>, func=<function test_cases.<locals>.<lambda> at 0x000002A769E5D940> start_wid=None stop_wid=None post_wid=None skip_call=None call_count=101 args=() kwds={}
2026-09-16 20:45:43,009 LT1-thread root DEBUG testcase.py               731   pre_run                   : 9) class=<class 'autopts.ptsprojects.testcase.TestFunc'>, func=<function test_cases.<locals>.<lambda> at 0x000002A769E5D9E0> start_wid=None stop_wid=None post_wid=None skip_call=None call_count=101 args=() kwds={}
2026-09-16 20:45:43,009 LT1-thread root DEBUG testcase.py               731   pre_run                   : 10) class=<class 'autopts.ptsprojects.testcase.TestFunc'>, func=<function test_cases.<locals>.<lambda> at 0x000002A769E5DA80> start_wid=None stop_wid=None post_wid=None skip_call=None call_count=101 args=() kwds={}
2026-09-16 20:45:43,009 LT1-thread root DEBUG testcase.py               731   pre_run                   : 11) class=<class 'autopts.ptsprojects.testcase.TestFunc'>, func=<function test_cases.<locals>.<lambda> at 0x000002A769E5DB20> start_wid=None stop_wid=None post_wid=None skip_call=None call_count=101 args=() kwds={}
2026-09-16 20:45:43,009 LT1-thread root DEBUG testcase.py               731   pre_run                   : 12) class=<class 'autopts.ptsprojects.testcase.TestFunc'>, func=<function test_cases.<locals>.<lambda> at 0x000002A769E5DBC0> start_wid=None stop_wid=None post_wid=None skip_call=None call_count=101 args=() kwds={}
2026-09-16 20:45:43,009 LT1-thread root DEBUG testcase.py               731   pre_run                   : 13) class=<class 'autopts.ptsprojects.testcase.TestFunc'>, func=<function test_cases.<locals>.<lambda> at 0x000002A769E5DC60> start_wid=None stop_wid=None post_wid=None skip_call=None call_count=101 args=() kwds={}
2026-09-16 20:45:43,009 LT1-thread root DEBUG testcase.py               731   pre_run                   : 14) class=<class 'autopts.ptsprojects.testcase.TestFunc'>, func=<function core_reg_svc_gatt at 0x000002A7673C8860> start_wid=None stop_wid=None post_wid=None skip_call=None call_count=101 args=() kwds={}
2026-09-16 20:45:43,009 LT1-thread root DEBUG testcase.py               731   pre_run                   : 15) class=<class 'autopts.ptsprojects.testcase.TestFunc'>, func=<bound method Stack.gatt_init of <autopts.ptsprojects.stack.stack.Stack object at 0x000002A768AF7AD0>> start_wid=None stop_wid=None post_wid=None skip_call=None call_count=101 args=() kwds={}
2026-09-16 20:45:43,010 LT1-thread root DEBUG testcase.py               731   pre_run                   : 16) class=<class 'autopts.ptsprojects.testcase.TestFunc'>, func=<function gap_set_io_capability at 0x000002A7673E6A20> start_wid=None stop_wid=None post_wid=None skip_call=None call_count=101 args=(4,) kwds={}
2026-09-16 20:45:43,010 LT1-thread root DEBUG testcase.py               731   pre_run                   : 17) class=<class 'autopts.ptsprojects.testcase.TestFunc'>, func=<function gap_set_broadcast_code at 0x000002A767408C20> start_wid=None stop_wid=None post_wid=None skip_call=None call_count=101 args=('0102680553F1415AA265BBAFC6EA03B8',) kwds={}
2026-09-16 20:45:43,010 LT1-thread root DEBUG testcase.py               731   pre_run                   : 18) class=<class 'autopts.ptsprojects.testcase.TestFunc'>, func=<function set_pts_addr at 0x000002A7673C82C0> start_wid=None stop_wid=None post_wid=None skip_call=None call_count=101 args=('00:1B:DC:08:E4:4E', 0) kwds={}
2026-09-16 20:45:43,010 LT1-thread root DEBUG testcase.py               731   pre_run                   : 19) class=<class 'autopts.ptsprojects.testcase.TestFunc'>, func=<function test_cases.<locals>.<lambda> at 0x000002A769E5DD00> start_wid=None stop_wid=None post_wid=None skip_call=None call_count=28 args=() kwds={}
2026-09-16 20:45:43,010 LT1-thread root DEBUG testcase.py               731   pre_run                   : 20) class=<class 'autopts.ptsprojects.testcase.TestFunc'>, func=<function test_cases.<locals>.<lambda> at 0x000002A769E5DDA0> start_wid=None stop_wid=None post_wid=None skip_call=None call_count=28 args=() kwds={}
2026-09-16 20:45:43,010 LT1-thread root DEBUG testcase.py               731   pre_run                   : 21) class=<class 'autopts.ptsprojects.testcase.TestFunc'>, func=<function test_cases.<locals>.<lambda> at 0x000002A769E5DE40> start_wid=None stop_wid=None post_wid=None skip_call=None call_count=28 args=() kwds={}
2026-09-16 20:45:43,010 LT1-thread root DEBUG testcase.py               731   pre_run                   : 22) class=<class 'autopts.ptsprojects.testcase.TestFunc'>, func=<function test_cases.<locals>.<lambda> at 0x000002A769E5DEE0> start_wid=None stop_wid=None post_wid=None skip_call=None call_count=28 args=() kwds={}
2026-09-16 20:45:43,010 LT1-thread root DEBUG testcase.py               731   pre_run                   : 23) class=<class 'autopts.ptsprojects.testcase.TestFunc'>, func=<function test_cases.<locals>.<lambda> at 0x000002A769E5DF80> start_wid=None stop_wid=None post_wid=None skip_call=None call_count=28 args=() kwds={}
2026-09-16 20:45:43,010 LT1-thread root DEBUG testcase.py               731   pre_run                   : 24) class=<class 'autopts.ptsprojects.testcase.TestFunc'>, func=<function test_cases.<locals>.<lambda> at 0x000002A769E5E020> start_wid=None stop_wid=None post_wid=None skip_call=None call_count=28 args=() kwds={}
2026-09-16 20:45:43,011 LT1-thread root DEBUG testcase.py               731   pre_run                   : 25) class=<class 'autopts.ptsprojects.testcase.TestFunc'>, func=<function test_cases.<locals>.<lambda> at 0x000002A769E5E0C0> start_wid=None stop_wid=None post_wid=None skip_call=None call_count=28 args=() kwds={}
2026-09-16 20:45:43,011 LT1-thread root DEBUG testcase.py               731   pre_run                   : 26) class=<class 'autopts.ptsprojects.testcase.TestFunc'>, func=<function gap_set_io_capability at 0x000002A7673E6A20> start_wid=None stop_wid=None post_wid=None skip_call=None call_count=28 args=(3,) kwds={}
2026-09-16 20:45:43,011 LT1-thread root DEBUG testcase.py               731   pre_run                   : 27) class=<class 'autopts.ptsprojects.testcase.TestFunc'>, func=<function core_reg_svc_l2cap at 0x000002A7673C89A0> start_wid=None stop_wid=None post_wid=None skip_call=None call_count=27 args=() kwds={}
2026-09-16 20:45:43,011 LT1-thread root DEBUG testcase.py               731   pre_run                   : 28) class=<class 'autopts.ptsprojects.testcase.TestFunc'>, func=<bound method Stack.l2cap_init of <autopts.ptsprojects.stack.stack.Stack object at 0x000002A768AF7AD0>> start_wid=None stop_wid=None post_wid=None skip_call=None call_count=27 args=(4097, 120) kwds={}
2026-09-16 20:45:43,011 LT1-thread root DEBUG testcase.py               731   pre_run                   : 29) class=<class 'autopts.ptsprojects.testcase.TestFuncCleanUp'>, func=<bound method ZTestCase._test_case_cleanup of <autopts.ptsprojects.zephyr.ztestcase.ZTestCase object at 0x000002A769E80290>> start_wid=None stop_wid=None post_wid=None skip_call=None call_count=1 args=() kwds={}
2026-09-16 20:45:43,011 LT1-thread root DEBUG testcase.py               738   pre_run                   : pre_run, run pre test case script
2026-09-16 20:45:43,022 LT1-thread root DEBUG testcase.py               254   start                     : Starting test function: class=<class 'autopts.ptsprojects.testcase.TestFunc'>, func=<bound method ZTestCase._test_case_start of <autopts.ptsprojects.zephyr.ztestcase.ZTestCase object at 0x000002A769E80290>> start_wid=None stop_wid=None post_wid=None skip_call=None call_count=2 args=() kwds={}
2026-09-16 20:45:43,022 LT1-thread root DEBUG testcase.py               266   start                     : Test function parameters: args=(), kwds={}
2026-09-16 20:45:43,023 LT1-thread root DEBUG iutctl.py                 172   start                     : <class 'autopts.ptsprojects.zephyr.iutctl.create_zephyr_ctl_class.<locals>.ZephyrCtl'>.start
2026-09-16 20:45:43,023 LT1-thread root DEBUG iutctl.py                 325   flush_serial              : <class 'autopts.ptsprojects.zephyr.iutctl.create_zephyr_ctl_class.<locals>.ZephyrCtl'>.flush_serial
2026-09-16 20:45:44,241 LT1-thread root DEBUG iutctl.py                 249   _start_tty_mode           : Starting socat process: socat.exe -x -v tcp:10.17.12.9:53424,retry=100,interval=1 /dev/ttyS2,raw,b115200,
2026-09-16 20:45:44,250 LT1-thread root DEBUG iutctl_common.py          402   accept                    : 
2026-09-16 20:45:44,801 BTPWorkerThread-2293 (_rx_task) root DEBUG iutctl_common.py          299   _rx_task                  : BTPWorkerThread-2293 (_rx_task) started
2026-09-16 20:45:44,802 LT1-thread root DEBUG iutctl.py                 395   wait_iut_ready_event      : IUT ready event received OK
2026-09-16 20:45:44,802 LT1-thread root DEBUG btp.py                    51    read_supp_svcs            : 
2026-09-16 20:45:44,802 LT1-thread root DEBUG iutctl_common.py          161   send                      : 0 2 255 ''
2026-09-16 20:45:44,802 LT1-thread root DEBUG iutctl_common.py          166   send                      : sending frame '0002ff0000'
2026-09-16 20:45:44,802 LT1-thread root DEBUG iutctl_common.py          339   read                      : 
2026-09-16 20:45:44,818 BTPWorkerThread-2293 (_rx_task) root DEBUG iutctl_common.py          123   read                      : Read 5 bytes
2026-09-16 20:45:44,829 BTPWorkerThread-2293 (_rx_task) root DEBUG iutctl_common.py          131   read                      : Received: hdr: Header(svc_id=0x00, op=0x02, ctrl_index=0xff, data_len=0x05) bytearray(b'\x00\x02\xff\x05\x00')
2026-09-16 20:45:44,840 BTPWorkerThread-2293 (_rx_task) root DEBUG iutctl_common.py          139   read                      : Read 5 bytes data
2026-09-16 20:45:44,846 BTPWorkerThread-2293 (_rx_task) root DEBUG iutctl_common.py          154   read                      : Received data: {'0f 00 00 a0 01'}, bytearray(b'\x0f\x00\x00\xa0\x01')
2026-09-16 20:45:44,857 LT1-thread root DEBUG btp.py                    62    read_supp_svcs            : received Header(svc_id=0, op=2, ctrl_index=255, data_len=5) (b'\x0f\x00\x00\xa0\x01',)
2026-09-16 20:45:44,857 LT1-thread root DEBUG testcase.py               254   start                     : Starting test function: class=<class 'autopts.ptsprojects.testcase.TestFunc'>, func=<function core_reg_svc_gap at 0x000002A7673C8720> start_wid=None stop_wid=None post_wid=None skip_call=None call_count=102 args=() kwds={}
2026-09-16 20:45:44,857 LT1-thread root DEBUG testcase.py               266   start                     : Test function parameters: args=(), kwds={}
2026-09-16 20:45:44,857 LT1-thread root DEBUG btp.py                    117   core_reg_svc_univ         : core_reg_svc_univ: gap_reg (GAP)
2026-09-16 20:45:44,857 LT1-thread root DEBUG iutctl_common.py          161   send                      : 0 3 255 '1'
2026-09-16 20:45:44,857 LT1-thread root DEBUG iutctl_common.py          166   send                      : sending frame '0003ff010001'
2026-09-16 20:45:44,858 LT1-thread root DEBUG btp.py                    618   core_reg_svc_rsp_succ     : 
2026-09-16 20:45:44,858 LT1-thread root DEBUG iutctl_common.py          339   read                      : 
2026-09-16 20:45:49,003 BTPWorkerThread-2293 (_rx_task) root DEBUG iutctl_common.py          123   read                      : Read 5 bytes
2026-09-16 20:45:49,014 BTPWorkerThread-2293 (_rx_task) root DEBUG iutctl_common.py          131   read                      : Received: hdr: Header(svc_id=0x00, op=0x03, ctrl_index=0xff, data_len=0x00) bytearray(b'\x00\x03\xff\x00\x00')
2026-09-16 20:45:49,014 BTPWorkerThread-2293 (_rx_task) root DEBUG iutctl_common.py          154   read                      : Received data: {''}, bytearray(b'')
2026-09-16 20:45:49,019 LT1-thread root DEBUG btp.py                    629   core_reg_svc_rsp_succ     : received Header(svc_id=0, op=3, ctrl_index=255, data_len=0) (b'',)
2026-09-16 20:45:49,019 LT1-thread root DEBUG btp.py                    630   core_reg_svc_rsp_succ     : expected ((0, 3, 255, 0), (b'',))
2026-09-16 20:45:49,019 LT1-thread root DEBUG btp.py                    635   core_reg_svc_rsp_succ     : response is valid
2026-09-16 20:45:49,019 LT1-thread root DEBUG btp.py                    638   core_reg_svc_rsp_succ     : Reading supported commands for service: GAP
2026-09-16 20:45:49,019 LT1-thread root DEBUG iutctl_common.py          161   send                      : 1 1 255 ''
2026-09-16 20:45:49,020 LT1-thread root DEBUG iutctl_common.py          166   send                      : sending frame '0101ff0000'
2026-09-16 20:45:49,020 LT1-thread root DEBUG iutctl_common.py          339   read                      : 
2026-09-16 20:45:49,052 BTPWorkerThread-2293 (_rx_task) root DEBUG iutctl_common.py          123   read                      : Read 5 bytes
2026-09-16 20:45:49,063 BTPWorkerThread-2293 (_rx_task) root DEBUG iutctl_common.py          131   read                      : Received: hdr: Header(svc_id=0x01, op=0x01, ctrl_index=0xff, data_len=0x07) bytearray(b'\x01\x01\xff\x07\x00')
2026-09-16 20:45:49,074 BTPWorkerThread-2293 (_rx_task) root DEBUG iutctl_common.py          139   read                      : Read 7 bytes data
2026-09-16 20:45:49,086 BTPWorkerThread-2293 (_rx_task) root DEBUG iutctl_common.py          154   read                      : Received data: {'6e ff 7f 1f fe ff 0e'}, bytearray(b'n\xff\x7f\x1f\xfe\xff\x0e')
2026-09-16 20:45:49,097 LT1-thread root DEBUG testcase.py               254   start                     : Starting test function: class=<class 'autopts.ptsprojects.testcase.TestFunc'>, func=<bound method Stack.gap_init of <autopts.ptsprojects.stack.stack.Stack object at 0x000002A768AF7AD0>> start_wid=None stop_wid=None post_wid=None skip_call=None call_count=102 args=(b'Tester_08E44E', 'ABCD', '1111', '1111', '11', '1111', b'\x17github.com/auto-pts', (8, 'PADV_Tester'), 'FF') kwds={}
2026-09-16 20:45:49,097 LT1-thread root DEBUG testcase.py               266   start                     : Test function parameters: args=(b'Tester_08E44E', 'ABCD', '1111', '1111', '11', '1111', b'\x17github.com/auto-pts', (8, 'PADV_Tester'), 'FF'), kwds={}
2026-09-16 20:45:49,097 LT1-thread root DEBUG testcase.py               254   start                     : Starting test function: class=<class 'autopts.ptsprojects.testcase.TestFunc'>, func=<function gap_read_controller_info at 0x000002A7673E7560> start_wid=None stop_wid=None post_wid=None skip_call=None call_count=102 args=() kwds={}
2026-09-16 20:45:49,097 LT1-thread root DEBUG testcase.py               266   start                     : Test function parameters: args=(), kwds={}
2026-09-16 20:45:49,097 LT1-thread root DEBUG gap.py                    1161  gap_read_controller_info  : 
2026-09-16 20:45:49,097 LT1-thread root DEBUG iutctl_common.py          161   send                      : 1 3 0 ''
2026-09-16 20:45:49,098 LT1-thread root DEBUG iutctl_common.py          166   send                      : sending frame '0103000000'
2026-09-16 20:45:49,098 LT1-thread root DEBUG iutctl_common.py          339   read                      : 
2026-09-16 20:45:49,135 BTPWorkerThread-2293 (_rx_task) root DEBUG iutctl_common.py          123   read                      : Read 5 bytes
2026-09-16 20:45:49,146 BTPWorkerThread-2293 (_rx_task) root DEBUG iutctl_common.py          131   read                      : Received: hdr: Header(svc_id=0x01, op=0x03, ctrl_index=0x00, data_len=0x115) bytearray(b'\x01\x03\x00\x15\x01')
2026-09-16 20:45:49,168 BTPWorkerThread-2293 (_rx_task) root DEBUG iutctl_common.py          139   read                      : Read 277 bytes data
2026-09-16 20:45:49,179 BTPWorkerThread-2293 (_rx_task) root DEBUG iutctl_common.py          154   read                      : Received data: {'19 78 ee 69 17 d0 d3 06 02 00 13 02 00 00 00 00 00 62 74 70 5f 74 65 73 74 65 72 00 00 00 00 00 00 00 00 00 00 00 00 00 00 00 00 00 00 00 00 00 00 00 00 00 00 00 00 00 00 00 00 00 00 00 00 00 00 00 00 00 00 00 00 00 00 00 00 00 00 00 00 00 00 00 00 00 00 00 00 00 00 00 00 00 00 00 00 00 00 00 00 00 00 00 00 00 00 00 00 00 00 00 00 00 00 00 00 00 00 00 00 00 00 00 00 00 00 00 00 00 00 00 00 00 00 00 00 00 00 00 00 00 00 00 00 00 00 00 00 00 00 00 00 00 00 00 00 00 00 00 00 00 00 00 00 00 00 00 00 00 00 00 00 00 00 00 00 00 00 00 00 00 00 00 00 00 00 00 00 00 00 00 00 00 00 00 00 00 00 00 00 00 00 00 00 00 00 00 00 00 00 00 00 00 00 00 00 00 00 00 00 00 00 00 00 00 00 00 00 00 00 00 00 00 00 00 00 00 00 00 00 00 00 00 00 00 00 00 00 00 00 00 00 00 00 00 00 00 00 00 00 00 00 00 00 00 00 00 00 00 00 00 00 00 00 00 00 00 00'}, bytearray(b'\x19x\xeei\x17\xd0\xd3\x06\x02\x00\x13\x02\x00\x00\x00\x00\x00btp_tester\x00\x00\x00\x00\x00\x00\x00\x00\x00\x00\x00\x00\x00\x00\x00\x00\x00\x00\x00\x00\x00\x00\x00\x00\x00\x00\x00\x00\x00\x00\x00\x00\x00\x00\x00\x00\x00\x00\x00\x00\x00\x00\x00\x00\x00\x00\x00\x00\x00\x00\x00\x00\x00\x00\x00\x00\x00\x00\x00\x00\x00\x00\x00\x00\x00\x00\x00\x00\x00\x00\x00\x00\x00\x00\x00\x00\x00\x00\x00\x00\x00\x00\x00\x00\x00\x00\x00\x00\x00\x00\x00\x00\x00\x00\x00\x00\x00\x00\x00\x00\x00\x00\x00\x00\x00\x00\x00\x00\x00\x00\x00\x00\x00\x00\x00\x00\x00\x00\x00\x00\x00\x00\x00\x00\x00\x00\x00\x00\x00\x00\x00\x00\x00\x00\x00\x00\x00\x00\x00\x00\x00\x00\x00\x00\x00\x00\x00\x00\x00\x00\x00\x00\x00\x00\x00\x00\x00\x00\x00\x00\x00\x00\x00\x00\x00\x00\x00\x00\x00\x00\x00\x00\x00\x00\x00\x00\x00\x00\x00\x00\x00\x00\x00\x00\x00\x00\x00\x00\x00\x00\x00\x00\x00\x00\x00\x00\x00\x00\x00\x00\x00\x00\x00\x00\x00\x00\x00\x00\x00\x00\x00\x00\x00\x00\x00\x00\x00\x00\x00\x00\x00\x00\x00\x00\x00\x00\x00\x00\x00\x00\x00\x00\x00\x00\x00\x00\x00\x00\x00\x00\x00\x00\x00\x00\x00\x00\x00\x00\x00\x00')
2026-09-16 20:45:49,197 LT1-thread root DEBUG gap.py                    1168  gap_read_controller_info  : received Header(svc_id=1, op=3, ctrl_index=0, data_len=277) (b'\x19x\xeei\x17\xd0\xd3\x06\x02\x00\x13\x02\x00\x00\x00\x00\x00btp_tester\x00\x00\x00\x00\x00\x00\x00\x00\x00\x00\x00\x00\x00\x00\x00\x00\x00\x00\x00\x00\x00\x00\x00\x00\x00\x00\x00\x00\x00\x00\x00\x00\x00\x00\x00\x00\x00\x00\x00\x00\x00\x00\x00\x00\x00\x00\x00\x00\x00\x00\x00\x00\x00\x00\x00\x00\x00\x00\x00\x00\x00\x00\x00\x00\x00\x00\x00\x00\x00\x00\x00\x00\x00\x00\x00\x00\x00\x00\x00\x00\x00\x00\x00\x00\x00\x00\x00\x00\x00\x00\x00\x00\x00\x00\x00\x00\x00\x00\x00\x00\x00\x00\x00\x00\x00\x00\x00\x00\x00\x00\x00\x00\x00\x00\x00\x00\x00\x00\x00\x00\x00\x00\x00\x00\x00\x00\x00\x00\x00\x00\x00\x00\x00\x00\x00\x00\x00\x00\x00\x00\x00\x00\x00\x00\x00\x00\x00\x00\x00\x00\x00\x00\x00\x00\x00\x00\x00\x00\x00\x00\x00\x00\x00\x00\x00\x00\x00\x00\x00\x00\x00\x00\x00\x00\x00\x00\x00\x00\x00\x00\x00\x00\x00\x00\x00\x00\x00\x00\x00\x00\x00\x00\x00\x00\x00\x00\x00\x00\x00\x00\x00\x00\x00\x00\x00\x00\x00\x00\x00\x00\x00\x00\x00\x00\x00\x00\x00\x00\x00\x00\x00\x00\x00\x00\x00\x00\x00\x00\x00\x00\x00\x00\x00\x00\x00\x00\x00\x00\x00\x00\x00\x00\x00\x00\x00\x00\x00\x00\x00\x00',)
2026-09-16 20:45:49,197 LT1-thread root DEBUG gap.py                    1189  gap_read_controller_info  : IUT address 'd01769ee7819' 'public'
2026-09-16 20:45:49,197 LT1-thread root DEBUG gap.py                    594   __gap_current_settings_update : 531
2026-09-16 20:45:49,197 LT1-thread root DEBUG testcase.py               254   start                     : Starting test function: class=<class 'autopts.ptsprojects.testcase.TestFunc'>, func=<function test_cases.<locals>.<lambda> at 0x000002A769E5D6C0> start_wid=None stop_wid=None post_wid=None skip_call=None call_count=102 args=() kwds={}
2026-09-16 20:45:49,197 LT1-thread root DEBUG testcase.py               266   start                     : Test function parameters: args=(), kwds={}
2026-09-16 20:45:49,200 LT1-thread root DEBUG testcase.py               254   start                     : Starting test function: class=<class 'autopts.ptsprojects.testcase.TestFunc'>, func=<function test_cases.<locals>.<lambda> at 0x000002A769E5D760> start_wid=None stop_wid=None post_wid=None skip_call=None call_count=102 args=() kwds={}
2026-09-16 20:45:49,201 LT1-thread root DEBUG testcase.py               266   start                     : Test function parameters: args=(), kwds={}
2026-09-16 20:45:49,204 LT1-thread root DEBUG testcase.py               254   start                     : Starting test function: class=<class 'autopts.ptsprojects.testcase.TestFunc'>, func=<function test_cases.<locals>.<lambda> at 0x000002A769E5D800> start_wid=None stop_wid=None post_wid=None skip_call=None call_count=102 args=() kwds={}
2026-09-16 20:45:49,204 LT1-thread root DEBUG testcase.py               266   start                     : Test function parameters: args=(), kwds={}
2026-09-16 20:45:49,207 LT1-thread root DEBUG testcase.py               254   start                     : Starting test function: class=<class 'autopts.ptsprojects.testcase.TestFunc'>, func=<function test_cases.<locals>.<lambda> at 0x000002A769E5D8A0> start_wid=None stop_wid=None post_wid=None skip_call=None call_count=102 args=() kwds={}
2026-09-16 20:45:49,207 LT1-thread root DEBUG testcase.py               266   start                     : Test function parameters: args=(), kwds={}
2026-09-16 20:45:49,210 LT1-thread root DEBUG testcase.py               254   start                     : Starting test function: class=<class 'autopts.ptsprojects.testcase.TestFunc'>, func=<function test_cases.<locals>.<lambda> at 0x000002A769E5D940> start_wid=None stop_wid=None post_wid=None skip_call=None call_count=102 args=() kwds={}
2026-09-16 20:45:49,210 LT1-thread root DEBUG testcase.py               266   start                     : Test function parameters: args=(), kwds={}
2026-09-16 20:45:49,213 LT1-thread root DEBUG testcase.py               254   start                     : Starting test function: class=<class 'autopts.ptsprojects.testcase.TestFunc'>, func=<function test_cases.<locals>.<lambda> at 0x000002A769E5D9E0> start_wid=None stop_wid=None post_wid=None skip_call=None call_count=102 args=() kwds={}
2026-09-16 20:45:49,213 LT1-thread root DEBUG testcase.py               266   start                     : Test function parameters: args=(), kwds={}
2026-09-16 20:45:49,217 LT1-thread root DEBUG testcase.py               254   start                     : Starting test function: class=<class 'autopts.ptsprojects.testcase.TestFunc'>, func=<function test_cases.<locals>.<lambda> at 0x000002A769E5DA80> start_wid=None stop_wid=None post_wid=None skip_call=None call_count=102 args=() kwds={}
2026-09-16 20:45:49,217 LT1-thread root DEBUG testcase.py               266   start                     : Test function parameters: args=(), kwds={}
2026-09-16 20:45:49,220 LT1-thread root DEBUG testcase.py               254   start                     : Starting test function: class=<class 'autopts.ptsprojects.testcase.TestFunc'>, func=<function test_cases.<locals>.<lambda> at 0x000002A769E5DB20> start_wid=None stop_wid=None post_wid=None skip_call=None call_count=102 args=() kwds={}
2026-09-16 20:45:49,220 LT1-thread root DEBUG testcase.py               266   start                     : Test function parameters: args=(), kwds={}
2026-09-16 20:45:49,223 LT1-thread root DEBUG testcase.py               254   start                     : Starting test function: class=<class 'autopts.ptsprojects.testcase.TestFunc'>, func=<function test_cases.<locals>.<lambda> at 0x000002A769E5DBC0> start_wid=None stop_wid=None post_wid=None skip_call=None call_count=102 args=() kwds={}
2026-09-16 20:45:49,223 LT1-thread root DEBUG testcase.py               266   start                     : Test function parameters: args=(), kwds={}
2026-09-16 20:45:49,226 LT1-thread root DEBUG testcase.py               254   start                     : Starting test function: class=<class 'autopts.ptsprojects.testcase.TestFunc'>, func=<function test_cases.<locals>.<lambda> at 0x000002A769E5DC60> start_wid=None stop_wid=None post_wid=None skip_call=None call_count=102 args=() kwds={}
2026-09-16 20:45:49,226 LT1-thread root DEBUG testcase.py               266   start                     : Test function parameters: args=(), kwds={}
2026-09-16 20:45:49,229 LT1-thread root DEBUG testcase.py               254   start                     : Starting test function: class=<class 'autopts.ptsprojects.testcase.TestFunc'>, func=<function core_reg_svc_gatt at 0x000002A7673C8860> start_wid=None stop_wid=None post_wid=None skip_call=None call_count=102 args=() kwds={}
2026-09-16 20:45:49,229 LT1-thread root DEBUG testcase.py               266   start                     : Test function parameters: args=(), kwds={}
2026-09-16 20:45:49,229 LT1-thread root DEBUG btp.py                    117   core_reg_svc_univ         : core_reg_svc_univ: gatt_reg (GATT)
2026-09-16 20:45:49,230 LT1-thread root DEBUG iutctl_common.py          161   send                      : 0 3 255 '2'
2026-09-16 20:45:49,230 LT1-thread root DEBUG iutctl_common.py          166   send                      : sending frame '0003ff010002'
2026-09-16 20:45:49,230 LT1-thread root DEBUG btp.py                    618   core_reg_svc_rsp_succ     : 
2026-09-16 20:45:49,230 LT1-thread root DEBUG iutctl_common.py          339   read                      : 
2026-09-16 20:45:49,260 BTPWorkerThread-2293 (_rx_task) root DEBUG iutctl_common.py          123   read                      : Read 5 bytes
2026-09-16 20:45:49,271 BTPWorkerThread-2293 (_rx_task) root DEBUG iutctl_common.py          131   read                      : Received: hdr: Header(svc_id=0x00, op=0x03, ctrl_index=0xff, data_len=0x00) bytearray(b'\x00\x03\xff\x00\x00')
2026-09-16 20:45:49,282 BTPWorkerThread-2293 (_rx_task) root DEBUG iutctl_common.py          154   read                      : Received data: {''}, bytearray(b'')
2026-09-16 20:45:49,293 LT1-thread root DEBUG btp.py                    629   core_reg_svc_rsp_succ     : received Header(svc_id=0, op=3, ctrl_index=255, data_len=0) (b'',)
2026-09-16 20:45:49,293 LT1-thread root DEBUG btp.py                    630   core_reg_svc_rsp_succ     : expected ((0, 3, 255, 0), (b'',))
2026-09-16 20:45:49,293 LT1-thread root DEBUG btp.py                    635   core_reg_svc_rsp_succ     : response is valid
2026-09-16 20:45:49,293 LT1-thread root DEBUG btp.py                    638   core_reg_svc_rsp_succ     : Reading supported commands for service: GATT
2026-09-16 20:45:49,293 LT1-thread root DEBUG iutctl_common.py          161   send                      : 2 1 255 ''
2026-09-16 20:45:49,293 LT1-thread root DEBUG iutctl_common.py          166   send                      : sending frame '0201ff0000'
2026-09-16 20:45:49,294 LT1-thread root DEBUG iutctl_common.py          339   read                      : 
2026-09-16 20:45:49,330 BTPWorkerThread-2293 (_rx_task) root DEBUG iutctl_common.py          123   read                      : Read 5 bytes
2026-09-16 20:45:49,335 BTPWorkerThread-2293 (_rx_task) root DEBUG iutctl_common.py          131   read                      : Received: hdr: Header(svc_id=0x02, op=0x01, ctrl_index=0xff, data_len=0x05) bytearray(b'\x02\x01\xff\x05\x00')
2026-09-16 20:45:49,341 BTPWorkerThread-2293 (_rx_task) root DEBUG iutctl_common.py          139   read                      : Read 5 bytes data
2026-09-16 20:45:49,347 BTPWorkerThread-2293 (_rx_task) root DEBUG iutctl_common.py          154   read                      : Received data: {'fe fe bf fd 0f'}, bytearray(b'\xfe\xfe\xbf\xfd\x0f')
2026-09-16 20:45:49,358 LT1-thread root DEBUG testcase.py               254   start                     : Starting test function: class=<class 'autopts.ptsprojects.testcase.TestFunc'>, func=<bound method Stack.gatt_init of <autopts.ptsprojects.stack.stack.Stack object at 0x000002A768AF7AD0>> start_wid=None stop_wid=None post_wid=None skip_call=None call_count=102 args=() kwds={}
2026-09-16 20:45:49,358 LT1-thread root DEBUG testcase.py               266   start                     : Test function parameters: args=(), kwds={}
2026-09-16 20:45:49,358 LT1-thread root DEBUG testcase.py               254   start                     : Starting test function: class=<class 'autopts.ptsprojects.testcase.TestFunc'>, func=<function gap_set_io_capability at 0x000002A7673E6A20> start_wid=None stop_wid=None post_wid=None skip_call=None call_count=102 args=(4,) kwds={}
2026-09-16 20:45:49,358 LT1-thread root DEBUG testcase.py               266   start                     : Test function parameters: args=(4,), kwds={}
2026-09-16 20:45:49,358 LT1-thread root DEBUG gap.py                    859   gap_set_io_capability     : 4
2026-09-16 20:45:49,359 LT1-thread root DEBUG iutctl_common.py          161   send                      : 1 16 0 '\x04'
2026-09-16 20:45:49,359 LT1-thread root DEBUG iutctl_common.py          166   send                      : sending frame '011000010004'
2026-09-16 20:45:49,359 LT1-thread root DEBUG gap.py                    1227  gap_command_rsp_succ      : 
2026-09-16 20:45:49,359 LT1-thread root DEBUG iutctl_common.py          339   read                      : 
2026-09-16 20:45:49,398 BTPWorkerThread-2293 (_rx_task) root DEBUG iutctl_common.py          123   read                      : Read 5 bytes
2026-09-16 20:45:49,404 BTPWorkerThread-2293 (_rx_task) root DEBUG iutctl_common.py          131   read                      : Received: hdr: Header(svc_id=0x01, op=0x10, ctrl_index=0x00, data_len=0x00) bytearray(b'\x01\x10\x00\x00\x00')
2026-09-16 20:45:49,409 BTPWorkerThread-2293 (_rx_task) root DEBUG iutctl_common.py          154   read                      : Received data: {''}, bytearray(b'')
2026-09-16 20:45:49,415 LT1-thread root DEBUG gap.py                    1232  gap_command_rsp_succ      : received Header(svc_id=1, op=16, ctrl_index=0, data_len=0) (b'',)
2026-09-16 20:45:49,415 LT1-thread root DEBUG testcase.py               254   start                     : Starting test function: class=<class 'autopts.ptsprojects.testcase.TestFunc'>, func=<function gap_set_broadcast_code at 0x000002A767408C20> start_wid=None stop_wid=None post_wid=None skip_call=None call_count=102 args=('0102680553F1415AA265BBAFC6EA03B8',) kwds={}
2026-09-16 20:45:49,415 LT1-thread root DEBUG testcase.py               266   start                     : Test function parameters: args=('0102680553F1415AA265BBAFC6EA03B8',), kwds={}
2026-09-16 20:45:49,415 LT1-thread root DEBUG gap.py                    1889  gap_set_broadcast_code    : '0102680553F1415AA265BBAFC6EA03B8'
2026-09-16 20:45:49,415 LT1-thread root DEBUG testcase.py               254   start                     : Starting test function: class=<class 'autopts.ptsprojects.testcase.TestFunc'>, func=<function set_pts_addr at 0x000002A7673C82C0> start_wid=None stop_wid=None post_wid=None skip_call=None call_count=102 args=('00:1B:DC:08:E4:4E', 0) kwds={}
2026-09-16 20:45:49,415 LT1-thread root DEBUG testcase.py               266   start                     : Test function parameters: args=('00:1B:DC:08:E4:4E', 0), kwds={}
2026-09-16 20:45:49,415 LT1-thread root DEBUG testcase.py               254   start                     : Starting test function: class=<class 'autopts.ptsprojects.testcase.TestFunc'>, func=<function test_cases.<locals>.<lambda> at 0x000002A769E5DD00> start_wid=None stop_wid=None post_wid=None skip_call=None call_count=29 args=() kwds={}
2026-09-16 20:45:49,416 LT1-thread root DEBUG testcase.py               266   start                     : Test function parameters: args=(), kwds={}
2026-09-16 20:45:49,419 LT1-thread root DEBUG testcase.py               254   start                     : Starting test function: class=<class 'autopts.ptsprojects.testcase.TestFunc'>, func=<function test_cases.<locals>.<lambda> at 0x000002A769E5DDA0> start_wid=None stop_wid=None post_wid=None skip_call=None call_count=29 args=() kwds={}
2026-09-16 20:45:49,419 LT1-thread root DEBUG testcase.py               266   start                     : Test function parameters: args=(), kwds={}
2026-09-16 20:45:49,422 LT1-thread root DEBUG testcase.py               254   start                     : Starting test function: class=<class 'autopts.ptsprojects.testcase.TestFunc'>, func=<function test_cases.<locals>.<lambda> at 0x000002A769E5DE40> start_wid=None stop_wid=None post_wid=None skip_call=None call_count=29 args=() kwds={}
2026-09-16 20:45:49,422 LT1-thread root DEBUG testcase.py               266   start                     : Test function parameters: args=(), kwds={}
2026-09-16 20:45:49,425 LT1-thread root DEBUG testcase.py               254   start                     : Starting test function: class=<class 'autopts.ptsprojects.testcase.TestFunc'>, func=<function test_cases.<locals>.<lambda> at 0x000002A769E5DEE0> start_wid=None stop_wid=None post_wid=None skip_call=None call_count=29 args=() kwds={}
2026-09-16 20:45:49,426 LT1-thread root DEBUG testcase.py               266   start                     : Test function parameters: args=(), kwds={}
2026-09-16 20:45:49,429 LT1-thread root DEBUG testcase.py               254   start                     : Starting test function: class=<class 'autopts.ptsprojects.testcase.TestFunc'>, func=<function test_cases.<locals>.<lambda> at 0x000002A769E5DF80> start_wid=None stop_wid=None post_wid=None skip_call=None call_count=29 args=() kwds={}
2026-09-16 20:45:49,429 LT1-thread root DEBUG testcase.py               266   start                     : Test function parameters: args=(), kwds={}
2026-09-16 20:45:49,432 LT1-thread root DEBUG testcase.py               254   start                     : Starting test function: class=<class 'autopts.ptsprojects.testcase.TestFunc'>, func=<function test_cases.<locals>.<lambda> at 0x000002A769E5E020> start_wid=None stop_wid=None post_wid=None skip_call=None call_count=29 args=() kwds={}
2026-09-16 20:45:49,432 LT1-thread root DEBUG testcase.py               266   start                     : Test function parameters: args=(), kwds={}
2026-09-16 20:45:49,435 LT1-thread root DEBUG testcase.py               254   start                     : Starting test function: class=<class 'autopts.ptsprojects.testcase.TestFunc'>, func=<function test_cases.<locals>.<lambda> at 0x000002A769E5E0C0> start_wid=None stop_wid=None post_wid=None skip_call=None call_count=29 args=() kwds={}
2026-09-16 20:45:49,436 LT1-thread root DEBUG testcase.py               266   start                     : Test function parameters: args=(), kwds={}
2026-09-16 20:45:49,438 LT1-thread root DEBUG testcase.py               254   start                     : Starting test function: class=<class 'autopts.ptsprojects.testcase.TestFunc'>, func=<function gap_set_io_capability at 0x000002A7673E6A20> start_wid=None stop_wid=None post_wid=None skip_call=None call_count=29 args=(3,) kwds={}
2026-09-16 20:45:49,439 LT1-thread root DEBUG testcase.py               266   start                     : Test function parameters: args=(3,), kwds={}
2026-09-16 20:45:49,439 LT1-thread root DEBUG gap.py                    859   gap_set_io_capability     : 3
2026-09-16 20:45:49,439 LT1-thread root DEBUG iutctl_common.py          161   send                      : 1 16 0 '\x03'
2026-09-16 20:45:49,439 LT1-thread root DEBUG iutctl_common.py          166   send                      : sending frame '011000010003'
2026-09-16 20:45:49,439 LT1-thread root DEBUG gap.py                    1227  gap_command_rsp_succ      : 
2026-09-16 20:45:49,439 LT1-thread root DEBUG iutctl_common.py          339   read                      : 
2026-09-16 20:45:49,466 BTPWorkerThread-2293 (_rx_task) root DEBUG iutctl_common.py          123   read                      : Read 5 bytes
2026-09-16 20:45:49,472 BTPWorkerThread-2293 (_rx_task) root DEBUG iutctl_common.py          131   read                      : Received: hdr: Header(svc_id=0x01, op=0x10, ctrl_index=0x00, data_len=0x00) bytearray(b'\x01\x10\x00\x00\x00')
2026-09-16 20:45:49,472 BTPWorkerThread-2293 (_rx_task) root DEBUG iutctl_common.py          154   read                      : Received data: {''}, bytearray(b'')
2026-09-16 20:45:49,478 LT1-thread root DEBUG gap.py                    1232  gap_command_rsp_succ      : received Header(svc_id=1, op=16, ctrl_index=0, data_len=0) (b'',)
2026-09-16 20:45:49,478 LT1-thread root DEBUG testcase.py               254   start                     : Starting test function: class=<class 'autopts.ptsprojects.testcase.TestFunc'>, func=<function core_reg_svc_l2cap at 0x000002A7673C89A0> start_wid=None stop_wid=None post_wid=None skip_call=None call_count=28 args=() kwds={}
2026-09-16 20:45:49,478 LT1-thread root DEBUG testcase.py               266   start                     : Test function parameters: args=(), kwds={}
2026-09-16 20:45:49,478 LT1-thread root DEBUG btp.py                    117   core_reg_svc_univ         : core_reg_svc_univ: l2cap_reg (L2CAP)
2026-09-16 20:45:49,478 LT1-thread root DEBUG iutctl_common.py          161   send                      : 0 3 255 '3'
2026-09-16 20:45:49,478 LT1-thread root DEBUG iutctl_common.py          166   send                      : sending frame '0003ff010003'
2026-09-16 20:45:49,478 LT1-thread root DEBUG btp.py                    618   core_reg_svc_rsp_succ     : 
2026-09-16 20:45:49,479 LT1-thread root DEBUG iutctl_common.py          339   read                      : 
2026-09-16 20:45:49,512 BTPWorkerThread-2293 (_rx_task) root DEBUG iutctl_common.py          123   read                      : Read 5 bytes
2026-09-16 20:45:49,518 BTPWorkerThread-2293 (_rx_task) root DEBUG iutctl_common.py          131   read                      : Received: hdr: Header(svc_id=0x00, op=0x03, ctrl_index=0xff, data_len=0x00) bytearray(b'\x00\x03\xff\x00\x00')
2026-09-16 20:45:49,518 BTPWorkerThread-2293 (_rx_task) root DEBUG iutctl_common.py          154   read                      : Received data: {''}, bytearray(b'')
2026-09-16 20:45:49,529 LT1-thread root DEBUG btp.py                    629   core_reg_svc_rsp_succ     : received Header(svc_id=0, op=3, ctrl_index=255, data_len=0) (b'',)
2026-09-16 20:45:49,529 LT1-thread root DEBUG btp.py                    630   core_reg_svc_rsp_succ     : expected ((0, 3, 255, 0), (b'',))
2026-09-16 20:45:49,529 LT1-thread root DEBUG btp.py                    635   core_reg_svc_rsp_succ     : response is valid
2026-09-16 20:45:49,529 LT1-thread root DEBUG btp.py                    638   core_reg_svc_rsp_succ     : Reading supported commands for service: L2CAP
2026-09-16 20:45:49,529 LT1-thread root DEBUG iutctl_common.py          161   send                      : 3 1 255 ''
2026-09-16 20:45:49,530 LT1-thread root DEBUG iutctl_common.py          166   send                      : sending frame '0301ff0000'
2026-09-16 20:45:49,530 LT1-thread root DEBUG iutctl_common.py          339   read                      : 
2026-09-16 20:45:49,566 BTPWorkerThread-2293 (_rx_task) root DEBUG iutctl_common.py          123   read                      : Read 5 bytes
2026-09-16 20:45:49,572 BTPWorkerThread-2293 (_rx_task) root DEBUG iutctl_common.py          131   read                      : Received: hdr: Header(svc_id=0x03, op=0x01, ctrl_index=0xff, data_len=0x02) bytearray(b'\x03\x01\xff\x02\x00')
2026-09-16 20:45:49,578 BTPWorkerThread-2293 (_rx_task) root DEBUG iutctl_common.py          139   read                      : Read 2 bytes data
2026-09-16 20:45:49,578 BTPWorkerThread-2293 (_rx_task) root DEBUG iutctl_common.py          154   read                      : Received data: {'be 1f'}, bytearray(b'\xbe\x1f')
2026-09-16 20:45:49,584 LT1-thread root DEBUG testcase.py               254   start                     : Starting test function: class=<class 'autopts.ptsprojects.testcase.TestFunc'>, func=<bound method Stack.l2cap_init of <autopts.ptsprojects.stack.stack.Stack object at 0x000002A768AF7AD0>> start_wid=None stop_wid=None post_wid=None skip_call=None call_count=28 args=(4097, 120) kwds={}
2026-09-16 20:45:49,584 LT1-thread root DEBUG testcase.py               266   start                     : Test function parameters: args=(4097, 120), kwds={}
2026-09-16 20:45:49,586 LT1-thread root DEBUG client.py                 276   get_result                : ClientCallback.get_result run_test_case
2026-09-16 20:45:52,346 LT1-callback ClientCallback.on_implicit_send INFO client.py                 223   on_implicit_send          : 
    ********************
    BEGIN OnImplicitSend:
    project_name: GAP
    wid: 261
    test_case_name: GAP/SEC/SEM/BI-06-C
    description: Please bring IUT to Security Mode 4 level 2. Press OK to continue.
    style: MMI_Style_Ok_Cancel1 0x11041
2026-09-16 20:45:52,346 LT1-callback ClientCallback.on_implicit_send INFO client.py                 236   on_implicit_send          : Calling test cases on_implicit_send
2026-09-16 20:45:52,346 LT1-callback ClientCallback.on_implicit_send INFO client.py                 249   on_implicit_send          : 
    on_implicit_send returned response: WAIT
    END OnImplicitSend
    ********************
2026-09-16 20:45:52,587 LT1-thread root DEBUG testcase.py               679   run_wid                   : GAP GAP/SEC/SEM/BI-06-C on_implicit_send
2026-09-16 20:45:52,587 LT1-thread root DEBUG gap_wid.py                26    gap_wid_hdl               : gap_wid_hdl, 261, Please bring IUT to Security Mode 4 level 2. Press OK to continue., GAP/SEC/SEM/BI-06-C
2026-09-16 20:45:52,587 LT1-thread root DEBUG testcase.py               722   run_wid                   : Sending response 'OK' to wid 261 test case GAP/SEC/SEM/BI-06-C
2026-09-16 20:45:52,589 LT1-thread root DEBUG client.py                 276   get_result                : ClientCallback.get_result run_test_case
2026-09-16 20:45:56,975 LT1-callback ClientCallback.on_implicit_send INFO client.py                 223   on_implicit_send          : 
    ********************
    BEGIN OnImplicitSend:
    project_name: GAP
    wid: 102
    test_case_name: GAP/SEC/SEM/BI-06-C
    description: Please send an HCI connect request to establish a basic rate connection after the IUT discovers the Lower Tester over BR and LE.
    style: MMI_Style_Ok_Cancel2 0x11141
2026-09-16 20:45:56,975 LT1-callback ClientCallback.on_implicit_send INFO client.py                 236   on_implicit_send          : Calling test cases on_implicit_send
2026-09-16 20:45:56,975 LT1-callback ClientCallback.on_implicit_send INFO client.py                 249   on_implicit_send          : 
    on_implicit_send returned response: WAIT
    END OnImplicitSend
    ********************
2026-09-16 20:45:57,592 LT1-thread root DEBUG testcase.py               679   run_wid                   : GAP GAP/SEC/SEM/BI-06-C on_implicit_send
2026-09-16 20:45:57,592 LT1-thread root DEBUG gap_wid.py                26    gap_wid_hdl               : gap_wid_hdl, 102, Please send an HCI connect request to establish a basic rate connection after the IUT discovers the Lower Tester over BR and LE., GAP/SEC/SEM/BI-06-C
2026-09-16 20:45:57,592 LT1-thread root DEBUG gap.py                    1120  gap_start_discovery       : 
2026-09-16 20:45:57,592 LT1-thread root DEBUG iutctl_common.py          161   send                      : 1 12 0 '\x02'
2026-09-16 20:45:57,592 LT1-thread root DEBUG iutctl_common.py          166   send                      : sending frame '010c00010002'
2026-09-16 20:45:57,592 LT1-thread root DEBUG gap.py                    1227  gap_command_rsp_succ      : 
2026-09-16 20:45:57,592 LT1-thread root DEBUG iutctl_common.py          339   read                      : 
2026-09-16 20:45:57,633 BTPWorkerThread-2293 (_rx_task) root DEBUG iutctl_common.py          123   read                      : Read 5 bytes
2026-09-16 20:45:57,645 BTPWorkerThread-2293 (_rx_task) root DEBUG iutctl_common.py          131   read                      : Received: hdr: Header(svc_id=0x01, op=0x0c, ctrl_index=0x00, data_len=0x00) bytearray(b'\x01\x0c\x00\x00\x00')
2026-09-16 20:45:57,656 BTPWorkerThread-2293 (_rx_task) root DEBUG iutctl_common.py          154   read                      : Received data: {''}, bytearray(b'')
2026-09-16 20:45:57,666 LT1-thread root DEBUG gap.py                    1232  gap_command_rsp_succ      : received Header(svc_id=1, op=12, ctrl_index=0, data_len=0) (b'',)
2026-09-16 20:45:59,529 BTPWorkerThread-2293 (_rx_task) root DEBUG iutctl_common.py          123   read                      : Read 5 bytes
2026-09-16 20:45:59,529 BTPWorkerThread-2293 (_rx_task) root DEBUG iutctl_common.py          131   read                      : Received: hdr: Header(svc_id=0x01, op=0x81, ctrl_index=0x00, data_len=0x26) bytearray(b'\x01\x81\x00&\x00')
2026-09-16 20:45:59,529 BTPWorkerThread-2293 (_rx_task) root DEBUG iutctl_common.py          139   read                      : Read 38 bytes data
2026-09-16 20:45:59,530 BTPWorkerThread-2293 (_rx_task) root DEBUG iutctl_common.py          154   read                      : Received data: {'e0 53 00 4c 17 e5 44 b2 03 1b 00 09 09 4e 58 4c 36 36 35 32 38 02 0a 0c 0d 03 0c 11 0a 11 0b 11 0e 11 1f 11 1e 11'}, bytearray(b'\xe0S\x00L\x17\xe5D\xb2\x03\x1b\x00\t\tNXL66528\x02\n\x0c\r\x03\x0c\x11\n\x11\x0b\x11\x0e\x11\x1f\x11\x1e\x11')
2026-09-16 20:45:59,530 BTPWorkerThread-2293 (_rx_task) root DEBUG btp.py                    700   event_handler             : Header(svc_id=1, op=129, ctrl_index=0, data_len=38) (b'\xe0S\x00L\x17\xe5D\xb2\x03\x1b\x00\t\tNXL66528\x02\n\x0c\r\x03\x0c\x11\n\x11\x0b\x11\x0e\x11\x1f\x11\x1e\x11',)
2026-09-16 20:45:59,530 BTPWorkerThread-2293 (_rx_task) root DEBUG gap.py                    191   gap_device_found_ev_      : b'\xe0S\x00L\x17\xe5D\xb2\x03\x1b\x00\t\tNXL66528\x02\n\x0c\r\x03\x0c\x11\n\x11\x0b\x11\x0e\x11\x1f\x11\x1e\x11'
2026-09-16 20:45:59,530 BTPWorkerThread-2293 (_rx_task) root DEBUG gap.py                    205   gap_device_found_ev_      : found '44e5174c0053' type 224 eir b'\t\tNXL66528\x02\n\x0c\r\x03\x0c\x11\n\x11\x0b\x11\x0e\x11\x1f\x11\x1e\x11'
2026-09-16 20:46:00,038 BTPWorkerThread-2293 (_rx_task) root DEBUG iutctl_common.py          123   read                      : Read 5 bytes
2026-09-16 20:46:00,039 BTPWorkerThread-2293 (_rx_task) root DEBUG iutctl_common.py          131   read                      : Received: hdr: Header(svc_id=0x01, op=0x81, ctrl_index=0x00, data_len=0x26) bytearray(b'\x01\x81\x00&\x00')
2026-09-16 20:46:00,039 BTPWorkerThread-2293 (_rx_task) root DEBUG iutctl_common.py          139   read                      : Read 38 bytes data
2026-09-16 20:46:00,039 BTPWorkerThread-2293 (_rx_task) root DEBUG iutctl_common.py          154   read                      : Received data: {'e0 53 00 4c 17 e5 44 b3 03 1b 00 09 09 4e 58 4c 36 36 35 32 38 02 0a 0c 0d 03 0c 11 0a 11 0b 11 0e 11 1f 11 1e 11'}, bytearray(b'\xe0S\x00L\x17\xe5D\xb3\x03\x1b\x00\t\tNXL66528\x02\n\x0c\r\x03\x0c\x11\n\x11\x0b\x11\x0e\x11\x1f\x11\x1e\x11')
2026-09-16 20:46:00,039 BTPWorkerThread-2293 (_rx_task) root DEBUG btp.py                    700   event_handler             : Header(svc_id=1, op=129, ctrl_index=0, data_len=38) (b'\xe0S\x00L\x17\xe5D\xb3\x03\x1b\x00\t\tNXL66528\x02\n\x0c\r\x03\x0c\x11\n\x11\x0b\x11\x0e\x11\x1f\x11\x1e\x11',)
2026-09-16 20:46:00,039 BTPWorkerThread-2293 (_rx_task) root DEBUG gap.py                    191   gap_device_found_ev_      : b'\xe0S\x00L\x17\xe5D\xb3\x03\x1b\x00\t\tNXL66528\x02\n\x0c\r\x03\x0c\x11\n\x11\x0b\x11\x0e\x11\x1f\x11\x1e\x11'
2026-09-16 20:46:00,039 BTPWorkerThread-2293 (_rx_task) root DEBUG gap.py                    205   gap_device_found_ev_      : found '44e5174c0053' type 224 eir b'\t\tNXL66528\x02\n\x0c\r\x03\x0c\x11\n\x11\x0b\x11\x0e\x11\x1f\x11\x1e\x11'
2026-09-16 20:46:00,105 BTPWorkerThread-2293 (_rx_task) root DEBUG iutctl_common.py          123   read                      : Read 5 bytes
2026-09-16 20:46:00,105 BTPWorkerThread-2293 (_rx_task) root DEBUG iutctl_common.py          131   read                      : Received: hdr: Header(svc_id=0x01, op=0x81, ctrl_index=0x00, data_len=0x2a) bytearray(b'\x01\x81\x00*\x00')
2026-09-16 20:46:00,106 BTPWorkerThread-2293 (_rx_task) root DEBUG iutctl_common.py          139   read                      : Read 42 bytes data
2026-09-16 20:46:00,106 BTPWorkerThread-2293 (_rx_task) root DEBUG iutctl_common.py          154   read                      : Received data: {'e0 cd 83 06 dc 1b 00 b1 03 1f 00 1e 09 41 32 44 50 20 53 6f 75 72 63 65 20 30 30 3a 31 42 3a 44 43 3a 30 36 3a 38 33 3a 43 44'}, bytearray(b'\xe0\xcd\x83\x06\xdc\x1b\x00\xb1\x03\x1f\x00\x1e\tA2DP Source 00:1B:DC:06:83:CD')
2026-09-16 20:46:00,106 BTPWorkerThread-2293 (_rx_task) root DEBUG btp.py                    700   event_handler             : Header(svc_id=1, op=129, ctrl_index=0, data_len=42) (b'\xe0\xcd\x83\x06\xdc\x1b\x00\xb1\x03\x1f\x00\x1e\tA2DP Source 00:1B:DC:06:83:CD',)
2026-09-16 20:46:00,106 BTPWorkerThread-2293 (_rx_task) root DEBUG gap.py                    191   gap_device_found_ev_      : b'\xe0\xcd\x83\x06\xdc\x1b\x00\xb1\x03\x1f\x00\x1e\tA2DP Source 00:1B:DC:06:83:CD'
2026-09-16 20:46:00,106 BTPWorkerThread-2293 (_rx_task) root DEBUG gap.py                    205   gap_device_found_ev_      : found '001bdc0683cd' type 224 eir b'\x1e\tA2DP Source 00:1B:DC:06:83:CD'
2026-09-16 20:46:00,518 BTPWorkerThread-2293 (_rx_task) root DEBUG iutctl_common.py          123   read                      : Read 5 bytes
2026-09-16 20:46:00,518 BTPWorkerThread-2293 (_rx_task) root DEBUG iutctl_common.py          131   read                      : Received: hdr: Header(svc_id=0x01, op=0x81, ctrl_index=0x00, data_len=0x26) bytearray(b'\x01\x81\x00&\x00')
2026-09-16 20:46:00,518 BTPWorkerThread-2293 (_rx_task) root DEBUG iutctl_common.py          139   read                      : Read 7 bytes data
2026-09-16 20:46:00,529 BTPWorkerThread-2293 (_rx_task) root DEBUG iutctl_common.py          139   read                      : Read 31 bytes data
2026-09-16 20:46:00,530 BTPWorkerThread-2293 (_rx_task) root DEBUG iutctl_common.py          154   read                      : Received data: {'e0 53 00 4c 17 e5 44 af 03 1b 00 09 09 4e 58 4c 36 36 35 32 38 02 0a 0c 0d 03 0c 11 0a 11 0b 11 0e 11 1f 11 1e 11'}, bytearray(b'\xe0S\x00L\x17\xe5D\xaf\x03\x1b\x00\t\tNXL66528\x02\n\x0c\r\x03\x0c\x11\n\x11\x0b\x11\x0e\x11\x1f\x11\x1e\x11')
2026-09-16 20:46:00,530 BTPWorkerThread-2293 (_rx_task) root DEBUG btp.py                    700   event_handler             : Header(svc_id=1, op=129, ctrl_index=0, data_len=38) (b'\xe0S\x00L\x17\xe5D\xaf\x03\x1b\x00\t\tNXL66528\x02\n\x0c\r\x03\x0c\x11\n\x11\x0b\x11\x0e\x11\x1f\x11\x1e\x11',)
2026-09-16 20:46:00,530 BTPWorkerThread-2293 (_rx_task) root DEBUG gap.py                    191   gap_device_found_ev_      : b'\xe0S\x00L\x17\xe5D\xaf\x03\x1b\x00\t\tNXL66528\x02\n\x0c\r\x03\x0c\x11\n\x11\x0b\x11\x0e\x11\x1f\x11\x1e\x11'
2026-09-16 20:46:00,530 BTPWorkerThread-2293 (_rx_task) root DEBUG gap.py                    205   gap_device_found_ev_      : found '44e5174c0053' type 224 eir b'\t\tNXL66528\x02\n\x0c\r\x03\x0c\x11\n\x11\x0b\x11\x0e\x11\x1f\x11\x1e\x11'
2026-09-16 20:46:01,050 BTPWorkerThread-2293 (_rx_task) root DEBUG iutctl_common.py          123   read                      : Read 5 bytes
2026-09-16 20:46:01,051 BTPWorkerThread-2293 (_rx_task) root DEBUG iutctl_common.py          131   read                      : Received: hdr: Header(svc_id=0x01, op=0x81, ctrl_index=0x00, data_len=0x2a) bytearray(b'\x01\x81\x00*\x00')
2026-09-16 20:46:01,051 BTPWorkerThread-2293 (_rx_task) root DEBUG iutctl_common.py          139   read                      : Read 37 bytes data
2026-09-16 20:46:01,061 BTPWorkerThread-2293 (_rx_task) root DEBUG iutctl_common.py          139   read                      : Read 5 bytes data
2026-09-16 20:46:01,062 BTPWorkerThread-2293 (_rx_task) root DEBUG iutctl_common.py          154   read                      : Received data: {'e0 eb b2 06 dc 1b 00 af 03 1f 00 1e 09 41 32 44 50 20 53 6f 75 72 63 65 20 30 30 3a 31 42 3a 44 43 3a 30 36 3a 42 32 3a 45 42'}, bytearray(b'\xe0\xeb\xb2\x06\xdc\x1b\x00\xaf\x03\x1f\x00\x1e\tA2DP Source 00:1B:DC:06:B2:EB')
2026-09-16 20:46:01,062 BTPWorkerThread-2293 (_rx_task) root DEBUG btp.py                    700   event_handler             : Header(svc_id=1, op=129, ctrl_index=0, data_len=42) (b'\xe0\xeb\xb2\x06\xdc\x1b\x00\xaf\x03\x1f\x00\x1e\tA2DP Source 00:1B:DC:06:B2:EB',)
2026-09-16 20:46:01,062 BTPWorkerThread-2293 (_rx_task) root DEBUG gap.py                    191   gap_device_found_ev_      : b'\xe0\xeb\xb2\x06\xdc\x1b\x00\xaf\x03\x1f\x00\x1e\tA2DP Source 00:1B:DC:06:B2:EB'
2026-09-16 20:46:01,062 BTPWorkerThread-2293 (_rx_task) root DEBUG gap.py                    205   gap_device_found_ev_      : found '001bdc06b2eb' type 224 eir b'\x1e\tA2DP Source 00:1B:DC:06:B2:EB'
2026-09-16 20:46:01,072 BTPWorkerThread-2293 (_rx_task) root DEBUG iutctl_common.py          123   read                      : Read 5 bytes
2026-09-16 20:46:01,073 BTPWorkerThread-2293 (_rx_task) root DEBUG iutctl_common.py          131   read                      : Received: hdr: Header(svc_id=0x01, op=0x81, ctrl_index=0x00, data_len=0x26) bytearray(b'\x01\x81\x00&\x00')
2026-09-16 20:46:01,073 BTPWorkerThread-2293 (_rx_task) root DEBUG iutctl_common.py          139   read                      : Read 38 bytes data
2026-09-16 20:46:01,073 BTPWorkerThread-2293 (_rx_task) root DEBUG iutctl_common.py          154   read                      : Received data: {'e0 53 00 4c 17 e5 44 b1 03 1b 00 09 09 4e 58 4c 36 36 35 32 38 02 0a 0c 0d 03 0c 11 0a 11 0b 11 0e 11 1f 11 1e 11'}, bytearray(b'\xe0S\x00L\x17\xe5D\xb1\x03\x1b\x00\t\tNXL66528\x02\n\x0c\r\x03\x0c\x11\n\x11\x0b\x11\x0e\x11\x1f\x11\x1e\x11')
2026-09-16 20:46:01,073 BTPWorkerThread-2293 (_rx_task) root DEBUG btp.py                    700   event_handler             : Header(svc_id=1, op=129, ctrl_index=0, data_len=38) (b'\xe0S\x00L\x17\xe5D\xb1\x03\x1b\x00\t\tNXL66528\x02\n\x0c\r\x03\x0c\x11\n\x11\x0b\x11\x0e\x11\x1f\x11\x1e\x11',)
2026-09-16 20:46:01,073 BTPWorkerThread-2293 (_rx_task) root DEBUG gap.py                    191   gap_device_found_ev_      : b'\xe0S\x00L\x17\xe5D\xb1\x03\x1b\x00\t\tNXL66528\x02\n\x0c\r\x03\x0c\x11\n\x11\x0b\x11\x0e\x11\x1f\x11\x1e\x11'
2026-09-16 20:46:01,073 BTPWorkerThread-2293 (_rx_task) root DEBUG gap.py                    205   gap_device_found_ev_      : found '44e5174c0053' type 224 eir b'\t\tNXL66528\x02\n\x0c\r\x03\x0c\x11\n\x11\x0b\x11\x0e\x11\x1f\x11\x1e\x11'
2026-09-16 20:46:01,353 BTPWorkerThread-2293 (_rx_task) root DEBUG iutctl_common.py          123   read                      : Read 5 bytes
2026-09-16 20:46:01,353 BTPWorkerThread-2293 (_rx_task) root DEBUG iutctl_common.py          131   read                      : Received: hdr: Header(svc_id=0x01, op=0x81, ctrl_index=0x00, data_len=0x2a) bytearray(b'\x01\x81\x00*\x00')
2026-09-16 20:46:01,353 BTPWorkerThread-2293 (_rx_task) root DEBUG iutctl_common.py          139   read                      : Read 42 bytes data
2026-09-16 20:46:01,354 BTPWorkerThread-2293 (_rx_task) root DEBUG iutctl_common.py          154   read                      : Received data: {'e0 eb b2 06 dc 1b 00 b3 03 1f 00 1e 09 41 32 44 50 20 53 6f 75 72 63 65 20 30 30 3a 31 42 3a 44 43 3a 30 36 3a 42 32 3a 45 42'}, bytearray(b'\xe0\xeb\xb2\x06\xdc\x1b\x00\xb3\x03\x1f\x00\x1e\tA2DP Source 00:1B:DC:06:B2:EB')
2026-09-16 20:46:01,354 BTPWorkerThread-2293 (_rx_task) root DEBUG btp.py                    700   event_handler             : Header(svc_id=1, op=129, ctrl_index=0, data_len=42) (b'\xe0\xeb\xb2\x06\xdc\x1b\x00\xb3\x03\x1f\x00\x1e\tA2DP Source 00:1B:DC:06:B2:EB',)
2026-09-16 20:46:01,354 BTPWorkerThread-2293 (_rx_task) root DEBUG gap.py                    191   gap_device_found_ev_      : b'\xe0\xeb\xb2\x06\xdc\x1b\x00\xb3\x03\x1f\x00\x1e\tA2DP Source 00:1B:DC:06:B2:EB'
2026-09-16 20:46:01,354 BTPWorkerThread-2293 (_rx_task) root DEBUG gap.py                    205   gap_device_found_ev_      : found '001bdc06b2eb' type 224 eir b'\x1e\tA2DP Source 00:1B:DC:06:B2:EB'
2026-09-16 20:46:01,439 BTPWorkerThread-2293 (_rx_task) root DEBUG iutctl_common.py          123   read                      : Read 5 bytes
2026-09-16 20:46:01,440 BTPWorkerThread-2293 (_rx_task) root DEBUG iutctl_common.py          131   read                      : Received: hdr: Header(svc_id=0x01, op=0x81, ctrl_index=0x00, data_len=0x26) bytearray(b'\x01\x81\x00&\x00')
2026-09-16 20:46:01,440 BTPWorkerThread-2293 (_rx_task) root DEBUG iutctl_common.py          139   read                      : Read 21 bytes data
2026-09-16 20:46:01,451 BTPWorkerThread-2293 (_rx_task) root DEBUG iutctl_common.py          139   read                      : Read 17 bytes data
2026-09-16 20:46:01,452 BTPWorkerThread-2293 (_rx_task) root DEBUG iutctl_common.py          154   read                      : Received data: {'e0 53 00 4c 17 e5 44 a9 03 1b 00 09 09 4e 58 4c 36 36 35 32 38 02 0a 0c 0d 03 0c 11 0a 11 0b 11 0e 11 1f 11 1e 11'}, bytearray(b'\xe0S\x00L\x17\xe5D\xa9\x03\x1b\x00\t\tNXL66528\x02\n\x0c\r\x03\x0c\x11\n\x11\x0b\x11\x0e\x11\x1f\x11\x1e\x11')
2026-09-16 20:46:01,452 BTPWorkerThread-2293 (_rx_task) root DEBUG btp.py                    700   event_handler             : Header(svc_id=1, op=129, ctrl_index=0, data_len=38) (b'\xe0S\x00L\x17\xe5D\xa9\x03\x1b\x00\t\tNXL66528\x02\n\x0c\r\x03\x0c\x11\n\x11\x0b\x11\x0e\x11\x1f\x11\x1e\x11',)
2026-09-16 20:46:01,452 BTPWorkerThread-2293 (_rx_task) root DEBUG gap.py                    191   gap_device_found_ev_      : b'\xe0S\x00L\x17\xe5D\xa9\x03\x1b\x00\t\tNXL66528\x02\n\x0c\r\x03\x0c\x11\n\x11\x0b\x11\x0e\x11\x1f\x11\x1e\x11'
2026-09-16 20:46:01,452 BTPWorkerThread-2293 (_rx_task) root DEBUG gap.py                    205   gap_device_found_ev_      : found '44e5174c0053' type 224 eir b'\t\tNXL66528\x02\n\x0c\r\x03\x0c\x11\n\x11\x0b\x11\x0e\x11\x1f\x11\x1e\x11'
2026-09-16 20:46:02,038 BTPWorkerThread-2293 (_rx_task) root DEBUG iutctl_common.py          123   read                      : Read 5 bytes
2026-09-16 20:46:02,038 BTPWorkerThread-2293 (_rx_task) root DEBUG iutctl_common.py          131   read                      : Received: hdr: Header(svc_id=0x01, op=0x81, ctrl_index=0x00, data_len=0x26) bytearray(b'\x01\x81\x00&\x00')
2026-09-16 20:46:02,039 BTPWorkerThread-2293 (_rx_task) root DEBUG iutctl_common.py          139   read                      : Read 38 bytes data
2026-09-16 20:46:02,039 BTPWorkerThread-2293 (_rx_task) root DEBUG iutctl_common.py          154   read                      : Received data: {'e0 53 00 4c 17 e5 44 b3 03 1b 00 09 09 4e 58 4c 36 36 35 32 38 02 0a 0c 0d 03 0c 11 0a 11 0b 11 0e 11 1f 11 1e 11'}, bytearray(b'\xe0S\x00L\x17\xe5D\xb3\x03\x1b\x00\t\tNXL66528\x02\n\x0c\r\x03\x0c\x11\n\x11\x0b\x11\x0e\x11\x1f\x11\x1e\x11')
2026-09-16 20:46:02,039 BTPWorkerThread-2293 (_rx_task) root DEBUG btp.py                    700   event_handler             : Header(svc_id=1, op=129, ctrl_index=0, data_len=38) (b'\xe0S\x00L\x17\xe5D\xb3\x03\x1b\x00\t\tNXL66528\x02\n\x0c\r\x03\x0c\x11\n\x11\x0b\x11\x0e\x11\x1f\x11\x1e\x11',)
2026-09-16 20:46:02,039 BTPWorkerThread-2293 (_rx_task) root DEBUG gap.py                    191   gap_device_found_ev_      : b'\xe0S\x00L\x17\xe5D\xb3\x03\x1b\x00\t\tNXL66528\x02\n\x0c\r\x03\x0c\x11\n\x11\x0b\x11\x0e\x11\x1f\x11\x1e\x11'
2026-09-16 20:46:02,039 BTPWorkerThread-2293 (_rx_task) root DEBUG gap.py                    205   gap_device_found_ev_      : found '44e5174c0053' type 224 eir b'\t\tNXL66528\x02\n\x0c\r\x03\x0c\x11\n\x11\x0b\x11\x0e\x11\x1f\x11\x1e\x11'
2026-09-16 20:46:02,278 BTPWorkerThread-2293 (_rx_task) root DEBUG iutctl_common.py          123   read                      : Read 5 bytes
2026-09-16 20:46:02,279 BTPWorkerThread-2293 (_rx_task) root DEBUG iutctl_common.py          131   read                      : Received: hdr: Header(svc_id=0x01, op=0x81, ctrl_index=0x00, data_len=0x26) bytearray(b'\x01\x81\x00&\x00')
2026-09-16 20:46:02,279 BTPWorkerThread-2293 (_rx_task) root DEBUG iutctl_common.py          139   read                      : Read 38 bytes data
2026-09-16 20:46:02,279 BTPWorkerThread-2293 (_rx_task) root DEBUG iutctl_common.py          154   read                      : Received data: {'e0 53 00 4c 17 e5 44 b1 03 1b 00 09 09 4e 58 4c 36 36 35 32 38 02 0a 0c 0d 03 0c 11 0a 11 0b 11 0e 11 1f 11 1e 11'}, bytearray(b'\xe0S\x00L\x17\xe5D\xb1\x03\x1b\x00\t\tNXL66528\x02\n\x0c\r\x03\x0c\x11\n\x11\x0b\x11\x0e\x11\x1f\x11\x1e\x11')
2026-09-16 20:46:02,279 BTPWorkerThread-2293 (_rx_task) root DEBUG btp.py                    700   event_handler             : Header(svc_id=1, op=129, ctrl_index=0, data_len=38) (b'\xe0S\x00L\x17\xe5D\xb1\x03\x1b\x00\t\tNXL66528\x02\n\x0c\r\x03\x0c\x11\n\x11\x0b\x11\x0e\x11\x1f\x11\x1e\x11',)
2026-09-16 20:46:02,279 BTPWorkerThread-2293 (_rx_task) root DEBUG gap.py                    191   gap_device_found_ev_      : b'\xe0S\x00L\x17\xe5D\xb1\x03\x1b\x00\t\tNXL66528\x02\n\x0c\r\x03\x0c\x11\n\x11\x0b\x11\x0e\x11\x1f\x11\x1e\x11'
2026-09-16 20:46:02,279 BTPWorkerThread-2293 (_rx_task) root DEBUG gap.py                    205   gap_device_found_ev_      : found '44e5174c0053' type 224 eir b'\t\tNXL66528\x02\n\x0c\r\x03\x0c\x11\n\x11\x0b\x11\x0e\x11\x1f\x11\x1e\x11'
2026-09-16 20:46:02,497 BTPWorkerThread-2293 (_rx_task) root DEBUG iutctl_common.py          123   read                      : Read 5 bytes
2026-09-16 20:46:02,497 BTPWorkerThread-2293 (_rx_task) root DEBUG iutctl_common.py          131   read                      : Received: hdr: Header(svc_id=0x01, op=0x81, ctrl_index=0x00, data_len=0x1a) bytearray(b'\x01\x81\x00\x1a\x00')
2026-09-16 20:46:02,497 BTPWorkerThread-2293 (_rx_task) root DEBUG iutctl_common.py          139   read                      : Read 26 bytes data
2026-09-16 20:46:02,499 BTPWorkerThread-2293 (_rx_task) root DEBUG iutctl_common.py          154   read                      : Received data: {'e0 4e e4 08 dc 1b 00 d3 03 0f 00 0e 09 50 54 53 2d 47 41 50 2d 45 34 34 45 00'}, bytearray(b'\xe0N\xe4\x08\xdc\x1b\x00\xd3\x03\x0f\x00\x0e\tPTS-GAP-E44E\x00')
2026-09-16 20:46:02,499 BTPWorkerThread-2293 (_rx_task) root DEBUG btp.py                    700   event_handler             : Header(svc_id=1, op=129, ctrl_index=0, data_len=26) (b'\xe0N\xe4\x08\xdc\x1b\x00\xd3\x03\x0f\x00\x0e\tPTS-GAP-E44E\x00',)
2026-09-16 20:46:02,499 BTPWorkerThread-2293 (_rx_task) root DEBUG gap.py                    191   gap_device_found_ev_      : b'\xe0N\xe4\x08\xdc\x1b\x00\xd3\x03\x0f\x00\x0e\tPTS-GAP-E44E\x00'
2026-09-16 20:46:02,499 BTPWorkerThread-2293 (_rx_task) root DEBUG gap.py                    205   gap_device_found_ev_      : found '001bdc08e44e' type 224 eir b'\x0e\tPTS-GAP-E44E\x00'
2026-09-16 20:46:04,034 BTPWorkerThread-2293 (_rx_task) root DEBUG iutctl_common.py          123   read                      : Read 5 bytes
2026-09-16 20:46:04,034 BTPWorkerThread-2293 (_rx_task) root DEBUG iutctl_common.py          131   read                      : Received: hdr: Header(svc_id=0x01, op=0x81, ctrl_index=0x00, data_len=0x26) bytearray(b'\x01\x81\x00&\x00')
2026-09-16 20:46:04,034 BTPWorkerThread-2293 (_rx_task) root DEBUG iutctl_common.py          139   read                      : Read 20 bytes data
2026-09-16 20:46:04,045 BTPWorkerThread-2293 (_rx_task) root DEBUG iutctl_common.py          139   read                      : Read 18 bytes data
2026-09-16 20:46:04,046 BTPWorkerThread-2293 (_rx_task) root DEBUG iutctl_common.py          154   read                      : Received data: {'e0 53 00 4c 17 e5 44 b1 03 1b 00 09 09 4e 58 4c 36 36 35 32 38 02 0a 0c 0d 03 0c 11 0a 11 0b 11 0e 11 1f 11 1e 11'}, bytearray(b'\xe0S\x00L\x17\xe5D\xb1\x03\x1b\x00\t\tNXL66528\x02\n\x0c\r\x03\x0c\x11\n\x11\x0b\x11\x0e\x11\x1f\x11\x1e\x11')
2026-09-16 20:46:04,046 BTPWorkerThread-2293 (_rx_task) root DEBUG btp.py                    700   event_handler             : Header(svc_id=1, op=129, ctrl_index=0, data_len=38) (b'\xe0S\x00L\x17\xe5D\xb1\x03\x1b\x00\t\tNXL66528\x02\n\x0c\r\x03\x0c\x11\n\x11\x0b\x11\x0e\x11\x1f\x11\x1e\x11',)
2026-09-16 20:46:04,046 BTPWorkerThread-2293 (_rx_task) root DEBUG gap.py                    191   gap_device_found_ev_      : b'\xe0S\x00L\x17\xe5D\xb1\x03\x1b\x00\t\tNXL66528\x02\n\x0c\r\x03\x0c\x11\n\x11\x0b\x11\x0e\x11\x1f\x11\x1e\x11'
2026-09-16 20:46:04,046 BTPWorkerThread-2293 (_rx_task) root DEBUG gap.py                    205   gap_device_found_ev_      : found '44e5174c0053' type 224 eir b'\t\tNXL66528\x02\n\x0c\r\x03\x0c\x11\n\x11\x0b\x11\x0e\x11\x1f\x11\x1e\x11'
2026-09-16 20:46:04,217 BTPWorkerThread-2293 (_rx_task) root DEBUG iutctl_common.py          123   read                      : Read 5 bytes
2026-09-16 20:46:04,218 BTPWorkerThread-2293 (_rx_task) root DEBUG iutctl_common.py          131   read                      : Received: hdr: Header(svc_id=0x01, op=0x81, ctrl_index=0x00, data_len=0x26) bytearray(b'\x01\x81\x00&\x00')
2026-09-16 20:46:04,218 BTPWorkerThread-2293 (_rx_task) root DEBUG iutctl_common.py          139   read                      : Read 38 bytes data
2026-09-16 20:46:04,218 BTPWorkerThread-2293 (_rx_task) root DEBUG iutctl_common.py          154   read                      : Received data: {'e0 53 00 4c 17 e5 44 b3 03 1b 00 09 09 4e 58 4c 36 36 35 32 38 02 0a 0c 0d 03 0c 11 0a 11 0b 11 0e 11 1f 11 1e 11'}, bytearray(b'\xe0S\x00L\x17\xe5D\xb3\x03\x1b\x00\t\tNXL66528\x02\n\x0c\r\x03\x0c\x11\n\x11\x0b\x11\x0e\x11\x1f\x11\x1e\x11')
2026-09-16 20:46:04,218 BTPWorkerThread-2293 (_rx_task) root DEBUG btp.py                    700   event_handler             : Header(svc_id=1, op=129, ctrl_index=0, data_len=38) (b'\xe0S\x00L\x17\xe5D\xb3\x03\x1b\x00\t\tNXL66528\x02\n\x0c\r\x03\x0c\x11\n\x11\x0b\x11\x0e\x11\x1f\x11\x1e\x11',)
2026-09-16 20:46:04,218 BTPWorkerThread-2293 (_rx_task) root DEBUG gap.py                    191   gap_device_found_ev_      : b'\xe0S\x00L\x17\xe5D\xb3\x03\x1b\x00\t\tNXL66528\x02\n\x0c\r\x03\x0c\x11\n\x11\x0b\x11\x0e\x11\x1f\x11\x1e\x11'
2026-09-16 20:46:04,218 BTPWorkerThread-2293 (_rx_task) root DEBUG gap.py                    205   gap_device_found_ev_      : found '44e5174c0053' type 224 eir b'\t\tNXL66528\x02\n\x0c\r\x03\x0c\x11\n\x11\x0b\x11\x0e\x11\x1f\x11\x1e\x11'
2026-09-16 20:46:04,501 BTPWorkerThread-2293 (_rx_task) root DEBUG iutctl_common.py          123   read                      : Read 5 bytes
2026-09-16 20:46:04,502 BTPWorkerThread-2293 (_rx_task) root DEBUG iutctl_common.py          131   read                      : Received: hdr: Header(svc_id=0x01, op=0x81, ctrl_index=0x00, data_len=0x26) bytearray(b'\x01\x81\x00&\x00')
2026-09-16 20:46:04,502 BTPWorkerThread-2293 (_rx_task) root DEBUG iutctl_common.py          139   read                      : Read 38 bytes data
2026-09-16 20:46:04,502 BTPWorkerThread-2293 (_rx_task) root DEBUG iutctl_common.py          154   read                      : Received data: {'e0 53 00 4c 17 e5 44 b3 03 1b 00 09 09 4e 58 4c 36 36 35 32 38 02 0a 0c 0d 03 0c 11 0a 11 0b 11 0e 11 1f 11 1e 11'}, bytearray(b'\xe0S\x00L\x17\xe5D\xb3\x03\x1b\x00\t\tNXL66528\x02\n\x0c\r\x03\x0c\x11\n\x11\x0b\x11\x0e\x11\x1f\x11\x1e\x11')
2026-09-16 20:46:04,502 BTPWorkerThread-2293 (_rx_task) root DEBUG btp.py                    700   event_handler             : Header(svc_id=1, op=129, ctrl_index=0, data_len=38) (b'\xe0S\x00L\x17\xe5D\xb3\x03\x1b\x00\t\tNXL66528\x02\n\x0c\r\x03\x0c\x11\n\x11\x0b\x11\x0e\x11\x1f\x11\x1e\x11',)
2026-09-16 20:46:04,502 BTPWorkerThread-2293 (_rx_task) root DEBUG gap.py                    191   gap_device_found_ev_      : b'\xe0S\x00L\x17\xe5D\xb3\x03\x1b\x00\t\tNXL66528\x02\n\x0c\r\x03\x0c\x11\n\x11\x0b\x11\x0e\x11\x1f\x11\x1e\x11'
2026-09-16 20:46:04,502 BTPWorkerThread-2293 (_rx_task) root DEBUG gap.py                    205   gap_device_found_ev_      : found '44e5174c0053' type 224 eir b'\t\tNXL66528\x02\n\x0c\r\x03\x0c\x11\n\x11\x0b\x11\x0e\x11\x1f\x11\x1e\x11'
2026-09-16 20:46:04,696 BTPWorkerThread-2293 (_rx_task) root DEBUG iutctl_common.py          123   read                      : Read 5 bytes
2026-09-16 20:46:04,696 BTPWorkerThread-2293 (_rx_task) root DEBUG iutctl_common.py          131   read                      : Received: hdr: Header(svc_id=0x01, op=0x81, ctrl_index=0x00, data_len=0x26) bytearray(b'\x01\x81\x00&\x00')
2026-09-16 20:46:04,696 BTPWorkerThread-2293 (_rx_task) root DEBUG iutctl_common.py          139   read                      : Read 23 bytes data
2026-09-16 20:46:04,707 BTPWorkerThread-2293 (_rx_task) root DEBUG iutctl_common.py          139   read                      : Read 15 bytes data
2026-09-16 20:46:04,707 BTPWorkerThread-2293 (_rx_task) root DEBUG iutctl_common.py          154   read                      : Received data: {'e0 53 00 4c 17 e5 44 b3 03 1b 00 09 09 4e 58 4c 36 36 35 32 38 02 0a 0c 0d 03 0c 11 0a 11 0b 11 0e 11 1f 11 1e 11'}, bytearray(b'\xe0S\x00L\x17\xe5D\xb3\x03\x1b\x00\t\tNXL66528\x02\n\x0c\r\x03\x0c\x11\n\x11\x0b\x11\x0e\x11\x1f\x11\x1e\x11')
2026-09-16 20:46:04,707 BTPWorkerThread-2293 (_rx_task) root DEBUG btp.py                    700   event_handler             : Header(svc_id=1, op=129, ctrl_index=0, data_len=38) (b'\xe0S\x00L\x17\xe5D\xb3\x03\x1b\x00\t\tNXL66528\x02\n\x0c\r\x03\x0c\x11\n\x11\x0b\x11\x0e\x11\x1f\x11\x1e\x11',)
2026-09-16 20:46:04,708 BTPWorkerThread-2293 (_rx_task) root DEBUG gap.py                    191   gap_device_found_ev_      : b'\xe0S\x00L\x17\xe5D\xb3\x03\x1b\x00\t\tNXL66528\x02\n\x0c\r\x03\x0c\x11\n\x11\x0b\x11\x0e\x11\x1f\x11\x1e\x11'
2026-09-16 20:46:04,708 BTPWorkerThread-2293 (_rx_task) root DEBUG gap.py                    205   gap_device_found_ev_      : found '44e5174c0053' type 224 eir b'\t\tNXL66528\x02\n\x0c\r\x03\x0c\x11\n\x11\x0b\x11\x0e\x11\x1f\x11\x1e\x11'
2026-09-16 20:46:05,301 BTPWorkerThread-2293 (_rx_task) root DEBUG iutctl_common.py          123   read                      : Read 5 bytes
2026-09-16 20:46:05,301 BTPWorkerThread-2293 (_rx_task) root DEBUG iutctl_common.py          131   read                      : Received: hdr: Header(svc_id=0x01, op=0x81, ctrl_index=0x00, data_len=0x26) bytearray(b'\x01\x81\x00&\x00')
2026-09-16 20:46:05,301 BTPWorkerThread-2293 (_rx_task) root DEBUG iutctl_common.py          139   read                      : Read 38 bytes data
2026-09-16 20:46:05,302 BTPWorkerThread-2293 (_rx_task) root DEBUG iutctl_common.py          154   read                      : Received data: {'e0 53 00 4c 17 e5 44 b4 03 1b 00 09 09 4e 58 4c 36 36 35 32 38 02 0a 0c 0d 03 0c 11 0a 11 0b 11 0e 11 1f 11 1e 11'}, bytearray(b'\xe0S\x00L\x17\xe5D\xb4\x03\x1b\x00\t\tNXL66528\x02\n\x0c\r\x03\x0c\x11\n\x11\x0b\x11\x0e\x11\x1f\x11\x1e\x11')
2026-09-16 20:46:05,302 BTPWorkerThread-2293 (_rx_task) root DEBUG btp.py                    700   event_handler             : Header(svc_id=1, op=129, ctrl_index=0, data_len=38) (b'\xe0S\x00L\x17\xe5D\xb4\x03\x1b\x00\t\tNXL66528\x02\n\x0c\r\x03\x0c\x11\n\x11\x0b\x11\x0e\x11\x1f\x11\x1e\x11',)
2026-09-16 20:46:05,302 BTPWorkerThread-2293 (_rx_task) root DEBUG gap.py                    191   gap_device_found_ev_      : b'\xe0S\x00L\x17\xe5D\xb4\x03\x1b\x00\t\tNXL66528\x02\n\x0c\r\x03\x0c\x11\n\x11\x0b\x11\x0e\x11\x1f\x11\x1e\x11'
2026-09-16 20:46:05,302 BTPWorkerThread-2293 (_rx_task) root DEBUG gap.py                    205   gap_device_found_ev_      : found '44e5174c0053' type 224 eir b'\t\tNXL66528\x02\n\x0c\r\x03\x0c\x11\n\x11\x0b\x11\x0e\x11\x1f\x11\x1e\x11'
2026-09-16 20:46:05,786 BTPWorkerThread-2293 (_rx_task) root DEBUG iutctl_common.py          123   read                      : Read 5 bytes
2026-09-16 20:46:05,787 BTPWorkerThread-2293 (_rx_task) root DEBUG iutctl_common.py          131   read                      : Received: hdr: Header(svc_id=0x01, op=0x81, ctrl_index=0x00, data_len=0x2a) bytearray(b'\x01\x81\x00*\x00')
2026-09-16 20:46:05,787 BTPWorkerThread-2293 (_rx_task) root DEBUG iutctl_common.py          139   read                      : Read 31 bytes data
2026-09-16 20:46:05,797 BTPWorkerThread-2293 (_rx_task) root DEBUG iutctl_common.py          139   read                      : Read 11 bytes data
2026-09-16 20:46:05,797 BTPWorkerThread-2293 (_rx_task) root DEBUG iutctl_common.py          154   read                      : Received data: {'e0 cd 83 06 dc 1b 00 ae 03 1f 00 1e 09 41 32 44 50 20 53 6f 75 72 63 65 20 30 30 3a 31 42 3a 44 43 3a 30 36 3a 38 33 3a 43 44'}, bytearray(b'\xe0\xcd\x83\x06\xdc\x1b\x00\xae\x03\x1f\x00\x1e\tA2DP Source 00:1B:DC:06:83:CD')
2026-09-16 20:46:05,797 BTPWorkerThread-2293 (_rx_task) root DEBUG btp.py                    700   event_handler             : Header(svc_id=1, op=129, ctrl_index=0, data_len=42) (b'\xe0\xcd\x83\x06\xdc\x1b\x00\xae\x03\x1f\x00\x1e\tA2DP Source 00:1B:DC:06:83:CD',)
2026-09-16 20:46:05,797 BTPWorkerThread-2293 (_rx_task) root DEBUG gap.py                    191   gap_device_found_ev_      : b'\xe0\xcd\x83\x06\xdc\x1b\x00\xae\x03\x1f\x00\x1e\tA2DP Source 00:1B:DC:06:83:CD'
2026-09-16 20:46:05,798 BTPWorkerThread-2293 (_rx_task) root DEBUG gap.py                    205   gap_device_found_ev_      : found '001bdc0683cd' type 224 eir b'\x1e\tA2DP Source 00:1B:DC:06:83:CD'
2026-09-16 20:46:06,197 BTPWorkerThread-2293 (_rx_task) root DEBUG iutctl_common.py          123   read                      : Read 5 bytes
2026-09-16 20:46:06,198 BTPWorkerThread-2293 (_rx_task) root DEBUG iutctl_common.py          131   read                      : Received: hdr: Header(svc_id=0x01, op=0x81, ctrl_index=0x00, data_len=0x2a) bytearray(b'\x01\x81\x00*\x00')
2026-09-16 20:46:06,198 BTPWorkerThread-2293 (_rx_task) root DEBUG iutctl_common.py          139   read                      : Read 14 bytes data
2026-09-16 20:46:06,210 BTPWorkerThread-2293 (_rx_task) root DEBUG iutctl_common.py          139   read                      : Read 28 bytes data
2026-09-16 20:46:06,210 BTPWorkerThread-2293 (_rx_task) root DEBUG iutctl_common.py          154   read                      : Received data: {'e0 4d 65 9b 70 f3 5c a6 03 1f 00 1e 09 48 46 50 20 41 47 20 44 65 6d 6f 20 35 43 3a 46 33 3a 37 30 3a 39 42 3a 36 35 3a 34 44'}, bytearray(b'\xe0Me\x9bp\xf3\\\xa6\x03\x1f\x00\x1e\tHFP AG Demo 5C:F3:70:9B:65:4D')
2026-09-16 20:46:06,210 BTPWorkerThread-2293 (_rx_task) root DEBUG btp.py                    700   event_handler             : Header(svc_id=1, op=129, ctrl_index=0, data_len=42) (b'\xe0Me\x9bp\xf3\\\xa6\x03\x1f\x00\x1e\tHFP AG Demo 5C:F3:70:9B:65:4D',)
2026-09-16 20:46:06,210 BTPWorkerThread-2293 (_rx_task) root DEBUG gap.py                    191   gap_device_found_ev_      : b'\xe0Me\x9bp\xf3\\\xa6\x03\x1f\x00\x1e\tHFP AG Demo 5C:F3:70:9B:65:4D'
2026-09-16 20:46:06,210 BTPWorkerThread-2293 (_rx_task) root DEBUG gap.py                    205   gap_device_found_ev_      : found '5cf3709b654d' type 224 eir b'\x1e\tHFP AG Demo 5C:F3:70:9B:65:4D'
2026-09-16 20:46:06,232 BTPWorkerThread-2293 (_rx_task) root DEBUG iutctl_common.py          123   read                      : Read 5 bytes
2026-09-16 20:46:06,232 BTPWorkerThread-2293 (_rx_task) root DEBUG iutctl_common.py          131   read                      : Received: hdr: Header(svc_id=0x01, op=0x81, ctrl_index=0x00, data_len=0x1a) bytearray(b'\x01\x81\x00\x1a\x00')
2026-09-16 20:46:06,232 BTPWorkerThread-2293 (_rx_task) root DEBUG iutctl_common.py          139   read                      : Read 26 bytes data
2026-09-16 20:46:06,232 BTPWorkerThread-2293 (_rx_task) root DEBUG iutctl_common.py          154   read                      : Received data: {'e0 4e e4 08 dc 1b 00 cf 03 0f 00 0e 09 50 54 53 2d 47 41 50 2d 45 34 34 45 00'}, bytearray(b'\xe0N\xe4\x08\xdc\x1b\x00\xcf\x03\x0f\x00\x0e\tPTS-GAP-E44E\x00')
2026-09-16 20:46:06,232 BTPWorkerThread-2293 (_rx_task) root DEBUG btp.py                    700   event_handler             : Header(svc_id=1, op=129, ctrl_index=0, data_len=26) (b'\xe0N\xe4\x08\xdc\x1b\x00\xcf\x03\x0f\x00\x0e\tPTS-GAP-E44E\x00',)
2026-09-16 20:46:06,232 BTPWorkerThread-2293 (_rx_task) root DEBUG gap.py                    191   gap_device_found_ev_      : b'\xe0N\xe4\x08\xdc\x1b\x00\xcf\x03\x0f\x00\x0e\tPTS-GAP-E44E\x00'
2026-09-16 20:46:06,233 BTPWorkerThread-2293 (_rx_task) root DEBUG gap.py                    205   gap_device_found_ev_      : found '001bdc08e44e' type 224 eir b'\x0e\tPTS-GAP-E44E\x00'
2026-09-16 20:46:06,233 BTPWorkerThread-2293 (_rx_task) root DEBUG iutctl_common.py          123   read                      : Read 5 bytes
2026-09-16 20:46:06,233 BTPWorkerThread-2293 (_rx_task) root DEBUG iutctl_common.py          131   read                      : Received: hdr: Header(svc_id=0x01, op=0x81, ctrl_index=0x00, data_len=0x2a) bytearray(b'\x01\x81\x00*\x00')
2026-09-16 20:46:06,233 BTPWorkerThread-2293 (_rx_task) root DEBUG iutctl_common.py          139   read                      : Read 42 bytes data
2026-09-16 20:46:06,233 BTPWorkerThread-2293 (_rx_task) root DEBUG iutctl_common.py          154   read                      : Received data: {'e0 cd 83 06 dc 1b 00 b1 03 1f 00 1e 09 41 32 44 50 20 53 6f 75 72 63 65 20 30 30 3a 31 42 3a 44 43 3a 30 36 3a 38 33 3a 43 44'}, bytearray(b'\xe0\xcd\x83\x06\xdc\x1b\x00\xb1\x03\x1f\x00\x1e\tA2DP Source 00:1B:DC:06:83:CD')
2026-09-16 20:46:06,233 BTPWorkerThread-2293 (_rx_task) root DEBUG btp.py                    700   event_handler             : Header(svc_id=1, op=129, ctrl_index=0, data_len=42) (b'\xe0\xcd\x83\x06\xdc\x1b\x00\xb1\x03\x1f\x00\x1e\tA2DP Source 00:1B:DC:06:83:CD',)
2026-09-16 20:46:06,233 BTPWorkerThread-2293 (_rx_task) root DEBUG gap.py                    191   gap_device_found_ev_      : b'\xe0\xcd\x83\x06\xdc\x1b\x00\xb1\x03\x1f\x00\x1e\tA2DP Source 00:1B:DC:06:83:CD'
2026-09-16 20:46:06,233 BTPWorkerThread-2293 (_rx_task) root DEBUG gap.py                    205   gap_device_found_ev_      : found '001bdc0683cd' type 224 eir b'\x1e\tA2DP Source 00:1B:DC:06:83:CD'
2026-09-16 20:46:06,287 BTPWorkerThread-2293 (_rx_task) root DEBUG iutctl_common.py          123   read                      : Read 5 bytes
2026-09-16 20:46:06,288 BTPWorkerThread-2293 (_rx_task) root DEBUG iutctl_common.py          131   read                      : Received: hdr: Header(svc_id=0x01, op=0x81, ctrl_index=0x00, data_len=0x2a) bytearray(b'\x01\x81\x00*\x00')
2026-09-16 20:46:06,288 BTPWorkerThread-2293 (_rx_task) root DEBUG iutctl_common.py          139   read                      : Read 18 bytes data
2026-09-16 20:46:06,298 BTPWorkerThread-2293 (_rx_task) root DEBUG iutctl_common.py          139   read                      : Read 24 bytes data
2026-09-16 20:46:06,299 BTPWorkerThread-2293 (_rx_task) root DEBUG iutctl_common.py          154   read                      : Received data: {'e0 cd 83 06 dc 1b 00 aa 03 1f 00 1e 09 41 32 44 50 20 53 6f 75 72 63 65 20 30 30 3a 31 42 3a 44 43 3a 30 36 3a 38 33 3a 43 44'}, bytearray(b'\xe0\xcd\x83\x06\xdc\x1b\x00\xaa\x03\x1f\x00\x1e\tA2DP Source 00:1B:DC:06:83:CD')
2026-09-16 20:46:06,299 BTPWorkerThread-2293 (_rx_task) root DEBUG btp.py                    700   event_handler             : Header(svc_id=1, op=129, ctrl_index=0, data_len=42) (b'\xe0\xcd\x83\x06\xdc\x1b\x00\xaa\x03\x1f\x00\x1e\tA2DP Source 00:1B:DC:06:83:CD',)
2026-09-16 20:46:06,299 BTPWorkerThread-2293 (_rx_task) root DEBUG gap.py                    191   gap_device_found_ev_      : b'\xe0\xcd\x83\x06\xdc\x1b\x00\xaa\x03\x1f\x00\x1e\tA2DP Source 00:1B:DC:06:83:CD'
2026-09-16 20:46:06,299 BTPWorkerThread-2293 (_rx_task) root DEBUG gap.py                    205   gap_device_found_ev_      : found '001bdc0683cd' type 224 eir b'\x1e\tA2DP Source 00:1B:DC:06:83:CD'
2026-09-16 20:46:06,396 BTPWorkerThread-2293 (_rx_task) root DEBUG iutctl_common.py          123   read                      : Read 5 bytes
2026-09-16 20:46:06,396 BTPWorkerThread-2293 (_rx_task) root DEBUG iutctl_common.py          131   read                      : Received: hdr: Header(svc_id=0x01, op=0x81, ctrl_index=0x00, data_len=0x2a) bytearray(b'\x01\x81\x00*\x00')
2026-09-16 20:46:06,396 BTPWorkerThread-2293 (_rx_task) root DEBUG iutctl_common.py          139   read                      : Read 42 bytes data
2026-09-16 20:46:06,397 BTPWorkerThread-2293 (_rx_task) root DEBUG iutctl_common.py          154   read                      : Received data: {'e0 4d 65 9b 70 f3 5c a4 03 1f 00 1e 09 48 46 50 20 41 47 20 44 65 6d 6f 20 35 43 3a 46 33 3a 37 30 3a 39 42 3a 36 35 3a 34 44'}, bytearray(b'\xe0Me\x9bp\xf3\\\xa4\x03\x1f\x00\x1e\tHFP AG Demo 5C:F3:70:9B:65:4D')
2026-09-16 20:46:06,397 BTPWorkerThread-2293 (_rx_task) root DEBUG btp.py                    700   event_handler             : Header(svc_id=1, op=129, ctrl_index=0, data_len=42) (b'\xe0Me\x9bp\xf3\\\xa4\x03\x1f\x00\x1e\tHFP AG Demo 5C:F3:70:9B:65:4D',)
2026-09-16 20:46:06,397 BTPWorkerThread-2293 (_rx_task) root DEBUG gap.py                    191   gap_device_found_ev_      : b'\xe0Me\x9bp\xf3\\\xa4\x03\x1f\x00\x1e\tHFP AG Demo 5C:F3:70:9B:65:4D'
2026-09-16 20:46:06,397 BTPWorkerThread-2293 (_rx_task) root DEBUG gap.py                    205   gap_device_found_ev_      : found '5cf3709b654d' type 224 eir b'\x1e\tHFP AG Demo 5C:F3:70:9B:65:4D'
2026-09-16 20:46:06,537 BTPWorkerThread-2293 (_rx_task) root DEBUG iutctl_common.py          123   read                      : Read 5 bytes
2026-09-16 20:46:06,538 BTPWorkerThread-2293 (_rx_task) root DEBUG iutctl_common.py          131   read                      : Received: hdr: Header(svc_id=0x01, op=0x81, ctrl_index=0x00, data_len=0x2a) bytearray(b'\x01\x81\x00*\x00')
2026-09-16 20:46:06,538 BTPWorkerThread-2293 (_rx_task) root DEBUG iutctl_common.py          139   read                      : Read 42 bytes data
2026-09-16 20:46:06,538 BTPWorkerThread-2293 (_rx_task) root DEBUG iutctl_common.py          154   read                      : Received data: {'e0 eb b2 06 dc 1b 00 a6 03 1f 00 1e 09 41 32 44 50 20 53 6f 75 72 63 65 20 30 30 3a 31 42 3a 44 43 3a 30 36 3a 42 32 3a 45 42'}, bytearray(b'\xe0\xeb\xb2\x06\xdc\x1b\x00\xa6\x03\x1f\x00\x1e\tA2DP Source 00:1B:DC:06:B2:EB')
2026-09-16 20:46:06,538 BTPWorkerThread-2293 (_rx_task) root DEBUG btp.py                    700   event_handler             : Header(svc_id=1, op=129, ctrl_index=0, data_len=42) (b'\xe0\xeb\xb2\x06\xdc\x1b\x00\xa6\x03\x1f\x00\x1e\tA2DP Source 00:1B:DC:06:B2:EB',)
2026-09-16 20:46:06,538 BTPWorkerThread-2293 (_rx_task) root DEBUG gap.py                    191   gap_device_found_ev_      : b'\xe0\xeb\xb2\x06\xdc\x1b\x00\xa6\x03\x1f\x00\x1e\tA2DP Source 00:1B:DC:06:B2:EB'
2026-09-16 20:46:06,538 BTPWorkerThread-2293 (_rx_task) root DEBUG gap.py                    205   gap_device_found_ev_      : found '001bdc06b2eb' type 224 eir b'\x1e\tA2DP Source 00:1B:DC:06:B2:EB'
2026-09-16 20:46:06,775 BTPWorkerThread-2293 (_rx_task) root DEBUG iutctl_common.py          123   read                      : Read 5 bytes
2026-09-16 20:46:06,776 BTPWorkerThread-2293 (_rx_task) root DEBUG iutctl_common.py          131   read                      : Received: hdr: Header(svc_id=0x01, op=0x81, ctrl_index=0x00, data_len=0x2a) bytearray(b'\x01\x81\x00*\x00')
2026-09-16 20:46:06,776 BTPWorkerThread-2293 (_rx_task) root DEBUG iutctl_common.py          139   read                      : Read 42 bytes data
2026-09-16 20:46:06,776 BTPWorkerThread-2293 (_rx_task) root DEBUG iutctl_common.py          154   read                      : Received data: {'e0 95 83 06 dc 1b 00 ac 03 1f 00 1e 09 48 46 50 20 41 47 20 44 65 6d 6f 20 30 30 3a 31 42 3a 44 43 3a 30 36 3a 38 33 3a 39 35'}, bytearray(b'\xe0\x95\x83\x06\xdc\x1b\x00\xac\x03\x1f\x00\x1e\tHFP AG Demo 00:1B:DC:06:83:95')
2026-09-16 20:46:06,776 BTPWorkerThread-2293 (_rx_task) root DEBUG btp.py                    700   event_handler             : Header(svc_id=1, op=129, ctrl_index=0, data_len=42) (b'\xe0\x95\x83\x06\xdc\x1b\x00\xac\x03\x1f\x00\x1e\tHFP AG Demo 00:1B:DC:06:83:95',)
2026-09-16 20:46:06,776 BTPWorkerThread-2293 (_rx_task) root DEBUG gap.py                    191   gap_device_found_ev_      : b'\xe0\x95\x83\x06\xdc\x1b\x00\xac\x03\x1f\x00\x1e\tHFP AG Demo 00:1B:DC:06:83:95'
2026-09-16 20:46:06,776 BTPWorkerThread-2293 (_rx_task) root DEBUG gap.py                    205   gap_device_found_ev_      : found '001bdc068395' type 224 eir b'\x1e\tHFP AG Demo 00:1B:DC:06:83:95'
2026-09-16 20:46:06,841 BTPWorkerThread-2293 (_rx_task) root DEBUG iutctl_common.py          123   read                      : Read 5 bytes
2026-09-16 20:46:06,842 BTPWorkerThread-2293 (_rx_task) root DEBUG iutctl_common.py          131   read                      : Received: hdr: Header(svc_id=0x01, op=0x81, ctrl_index=0x00, data_len=0x2a) bytearray(b'\x01\x81\x00*\x00')
2026-09-16 20:46:06,842 BTPWorkerThread-2293 (_rx_task) root DEBUG iutctl_common.py          139   read                      : Read 42 bytes data
2026-09-16 20:46:06,842 BTPWorkerThread-2293 (_rx_task) root DEBUG iutctl_common.py          154   read                      : Received data: {'e0 eb b2 06 dc 1b 00 aa 03 1f 00 1e 09 41 32 44 50 20 53 6f 75 72 63 65 20 30 30 3a 31 42 3a 44 43 3a 30 36 3a 42 32 3a 45 42'}, bytearray(b'\xe0\xeb\xb2\x06\xdc\x1b\x00\xaa\x03\x1f\x00\x1e\tA2DP Source 00:1B:DC:06:B2:EB')
2026-09-16 20:46:06,842 BTPWorkerThread-2293 (_rx_task) root DEBUG btp.py                    700   event_handler             : Header(svc_id=1, op=129, ctrl_index=0, data_len=42) (b'\xe0\xeb\xb2\x06\xdc\x1b\x00\xaa\x03\x1f\x00\x1e\tA2DP Source 00:1B:DC:06:B2:EB',)
2026-09-16 20:46:06,842 BTPWorkerThread-2293 (_rx_task) root DEBUG gap.py                    191   gap_device_found_ev_      : b'\xe0\xeb\xb2\x06\xdc\x1b\x00\xaa\x03\x1f\x00\x1e\tA2DP Source 00:1B:DC:06:B2:EB'
2026-09-16 20:46:06,842 BTPWorkerThread-2293 (_rx_task) root DEBUG gap.py                    205   gap_device_found_ev_      : found '001bdc06b2eb' type 224 eir b'\x1e\tA2DP Source 00:1B:DC:06:B2:EB'
2026-09-16 20:46:07,168 BTPWorkerThread-2293 (_rx_task) root DEBUG iutctl_common.py          123   read                      : Read 5 bytes
2026-09-16 20:46:07,169 BTPWorkerThread-2293 (_rx_task) root DEBUG iutctl_common.py          131   read                      : Received: hdr: Header(svc_id=0x01, op=0x81, ctrl_index=0x00, data_len=0x2a) bytearray(b'\x01\x81\x00*\x00')
2026-09-16 20:46:07,169 BTPWorkerThread-2293 (_rx_task) root DEBUG iutctl_common.py          139   read                      : Read 42 bytes data
2026-09-16 20:46:07,169 BTPWorkerThread-2293 (_rx_task) root DEBUG iutctl_common.py          154   read                      : Received data: {'e0 eb b2 06 dc 1b 00 ad 03 1f 00 1e 09 41 32 44 50 20 53 6f 75 72 63 65 20 30 30 3a 31 42 3a 44 43 3a 30 36 3a 42 32 3a 45 42'}, bytearray(b'\xe0\xeb\xb2\x06\xdc\x1b\x00\xad\x03\x1f\x00\x1e\tA2DP Source 00:1B:DC:06:B2:EB')
2026-09-16 20:46:07,169 BTPWorkerThread-2293 (_rx_task) root DEBUG btp.py                    700   event_handler             : Header(svc_id=1, op=129, ctrl_index=0, data_len=42) (b'\xe0\xeb\xb2\x06\xdc\x1b\x00\xad\x03\x1f\x00\x1e\tA2DP Source 00:1B:DC:06:B2:EB',)
2026-09-16 20:46:07,169 BTPWorkerThread-2293 (_rx_task) root DEBUG gap.py                    191   gap_device_found_ev_      : b'\xe0\xeb\xb2\x06\xdc\x1b\x00\xad\x03\x1f\x00\x1e\tA2DP Source 00:1B:DC:06:B2:EB'
2026-09-16 20:46:07,169 BTPWorkerThread-2293 (_rx_task) root DEBUG gap.py                    205   gap_device_found_ev_      : found '001bdc06b2eb' type 224 eir b'\x1e\tA2DP Source 00:1B:DC:06:B2:EB'
2026-09-16 20:46:07,223 BTPWorkerThread-2293 (_rx_task) root DEBUG iutctl_common.py          123   read                      : Read 5 bytes
2026-09-16 20:46:07,224 BTPWorkerThread-2293 (_rx_task) root DEBUG iutctl_common.py          131   read                      : Received: hdr: Header(svc_id=0x01, op=0x81, ctrl_index=0x00, data_len=0x26) bytearray(b'\x01\x81\x00&\x00')
2026-09-16 20:46:07,224 BTPWorkerThread-2293 (_rx_task) root DEBUG iutctl_common.py          139   read                      : Read 38 bytes data
2026-09-16 20:46:07,224 BTPWorkerThread-2293 (_rx_task) root DEBUG iutctl_common.py          154   read                      : Received data: {'e0 53 00 4c 17 e5 44 a6 03 1b 00 09 09 4e 58 4c 36 36 35 32 38 02 0a 0c 0d 03 0c 11 0a 11 0b 11 0e 11 1f 11 1e 11'}, bytearray(b'\xe0S\x00L\x17\xe5D\xa6\x03\x1b\x00\t\tNXL66528\x02\n\x0c\r\x03\x0c\x11\n\x11\x0b\x11\x0e\x11\x1f\x11\x1e\x11')
2026-09-16 20:46:07,224 BTPWorkerThread-2293 (_rx_task) root DEBUG btp.py                    700   event_handler             : Header(svc_id=1, op=129, ctrl_index=0, data_len=38) (b'\xe0S\x00L\x17\xe5D\xa6\x03\x1b\x00\t\tNXL66528\x02\n\x0c\r\x03\x0c\x11\n\x11\x0b\x11\x0e\x11\x1f\x11\x1e\x11',)
2026-09-16 20:46:07,224 BTPWorkerThread-2293 (_rx_task) root DEBUG gap.py                    191   gap_device_found_ev_      : b'\xe0S\x00L\x17\xe5D\xa6\x03\x1b\x00\t\tNXL66528\x02\n\x0c\r\x03\x0c\x11\n\x11\x0b\x11\x0e\x11\x1f\x11\x1e\x11'
2026-09-16 20:46:07,224 BTPWorkerThread-2293 (_rx_task) root DEBUG gap.py                    205   gap_device_found_ev_      : found '44e5174c0053' type 224 eir b'\t\tNXL66528\x02\n\x0c\r\x03\x0c\x11\n\x11\x0b\x11\x0e\x11\x1f\x11\x1e\x11'
2026-09-16 20:46:07,320 BTPWorkerThread-2293 (_rx_task) root DEBUG iutctl_common.py          123   read                      : Read 5 bytes
2026-09-16 20:46:07,321 BTPWorkerThread-2293 (_rx_task) root DEBUG iutctl_common.py          131   read                      : Received: hdr: Header(svc_id=0x01, op=0x81, ctrl_index=0x00, data_len=0x26) bytearray(b'\x01\x81\x00&\x00')
2026-09-16 20:46:07,321 BTPWorkerThread-2293 (_rx_task) root DEBUG iutctl_common.py          139   read                      : Read 30 bytes data
2026-09-16 20:46:07,331 BTPWorkerThread-2293 (_rx_task) root DEBUG iutctl_common.py          139   read                      : Read 8 bytes data
2026-09-16 20:46:07,332 BTPWorkerThread-2293 (_rx_task) root DEBUG iutctl_common.py          154   read                      : Received data: {'e0 53 00 4c 17 e5 44 b1 03 1b 00 09 09 4e 58 4c 36 36 35 32 38 02 0a 0c 0d 03 0c 11 0a 11 0b 11 0e 11 1f 11 1e 11'}, bytearray(b'\xe0S\x00L\x17\xe5D\xb1\x03\x1b\x00\t\tNXL66528\x02\n\x0c\r\x03\x0c\x11\n\x11\x0b\x11\x0e\x11\x1f\x11\x1e\x11')
2026-09-16 20:46:07,332 BTPWorkerThread-2293 (_rx_task) root DEBUG btp.py                    700   event_handler             : Header(svc_id=1, op=129, ctrl_index=0, data_len=38) (b'\xe0S\x00L\x17\xe5D\xb1\x03\x1b\x00\t\tNXL66528\x02\n\x0c\r\x03\x0c\x11\n\x11\x0b\x11\x0e\x11\x1f\x11\x1e\x11',)
2026-09-16 20:46:07,332 BTPWorkerThread-2293 (_rx_task) root DEBUG gap.py                    191   gap_device_found_ev_      : b'\xe0S\x00L\x17\xe5D\xb1\x03\x1b\x00\t\tNXL66528\x02\n\x0c\r\x03\x0c\x11\n\x11\x0b\x11\x0e\x11\x1f\x11\x1e\x11'
2026-09-16 20:46:07,332 BTPWorkerThread-2293 (_rx_task) root DEBUG gap.py                    205   gap_device_found_ev_      : found '44e5174c0053' type 224 eir b'\t\tNXL66528\x02\n\x0c\r\x03\x0c\x11\n\x11\x0b\x11\x0e\x11\x1f\x11\x1e\x11'
2026-09-16 20:46:07,496 BTPWorkerThread-2293 (_rx_task) root DEBUG iutctl_common.py          123   read                      : Read 5 bytes
2026-09-16 20:46:07,497 BTPWorkerThread-2293 (_rx_task) root DEBUG iutctl_common.py          131   read                      : Received: hdr: Header(svc_id=0x01, op=0x81, ctrl_index=0x00, data_len=0x2a) bytearray(b'\x01\x81\x00*\x00')
2026-09-16 20:46:07,497 BTPWorkerThread-2293 (_rx_task) root DEBUG iutctl_common.py          139   read                      : Read 21 bytes data
2026-09-16 20:46:07,507 BTPWorkerThread-2293 (_rx_task) root DEBUG iutctl_common.py          139   read                      : Read 21 bytes data
2026-09-16 20:46:07,508 BTPWorkerThread-2293 (_rx_task) root DEBUG iutctl_common.py          154   read                      : Received data: {'e0 95 83 06 dc 1b 00 a6 03 1f 00 1e 09 48 46 50 20 41 47 20 44 65 6d 6f 20 30 30 3a 31 42 3a 44 43 3a 30 36 3a 38 33 3a 39 35'}, bytearray(b'\xe0\x95\x83\x06\xdc\x1b\x00\xa6\x03\x1f\x00\x1e\tHFP AG Demo 00:1B:DC:06:83:95')
2026-09-16 20:46:07,508 BTPWorkerThread-2293 (_rx_task) root DEBUG btp.py                    700   event_handler             : Header(svc_id=1, op=129, ctrl_index=0, data_len=42) (b'\xe0\x95\x83\x06\xdc\x1b\x00\xa6\x03\x1f\x00\x1e\tHFP AG Demo 00:1B:DC:06:83:95',)
2026-09-16 20:46:07,508 BTPWorkerThread-2293 (_rx_task) root DEBUG gap.py                    191   gap_device_found_ev_      : b'\xe0\x95\x83\x06\xdc\x1b\x00\xa6\x03\x1f\x00\x1e\tHFP AG Demo 00:1B:DC:06:83:95'
2026-09-16 20:46:07,508 BTPWorkerThread-2293 (_rx_task) root DEBUG gap.py                    205   gap_device_found_ev_      : found '001bdc068395' type 224 eir b'\x1e\tHFP AG Demo 00:1B:DC:06:83:95'
2026-09-16 20:46:07,667 LT1-thread root DEBUG gap.py                    1148  gap_stop_discovery        : 
2026-09-16 20:46:07,667 LT1-thread root DEBUG iutctl_common.py          161   send                      : 1 13 0 ''
2026-09-16 20:46:07,667 LT1-thread root DEBUG iutctl_common.py          166   send                      : sending frame '010d000000'
2026-09-16 20:46:07,667 LT1-thread root DEBUG gap.py                    1227  gap_command_rsp_succ      : 
2026-09-16 20:46:07,667 LT1-thread root DEBUG iutctl_common.py          339   read                      : 
2026-09-16 20:46:07,696 BTPWorkerThread-2293 (_rx_task) root DEBUG iutctl_common.py          123   read                      : Read 5 bytes
2026-09-16 20:46:07,702 BTPWorkerThread-2293 (_rx_task) root DEBUG iutctl_common.py          131   read                      : Received: hdr: Header(svc_id=0x01, op=0x0d, ctrl_index=0x00, data_len=0x00) bytearray(b'\x01\r\x00\x00\x00')
2026-09-16 20:46:07,708 BTPWorkerThread-2293 (_rx_task) root DEBUG iutctl_common.py          154   read                      : Received data: {''}, bytearray(b'')
2026-09-16 20:46:07,714 LT1-thread root DEBUG gap.py                    1232  gap_command_rsp_succ      : received Header(svc_id=1, op=13, ctrl_index=0, data_len=0) (b'',)
2026-09-16 20:46:07,714 LT1-thread root DEBUG gap.py                    1508  check_discovery_results   : 224 '001bdc08e44e' True None
2026-09-16 20:46:07,714 LT1-thread root DEBUG gap.py                    1517  check_discovery_results   : matching LeAdv(addr_type=224, addr='44e5174c0053', rssi=178, flags=3, eir=b'\t\tNXL66528\x02\n\x0c\r\x03\x0c\x11\n\x11\x0b\x11\x0e\x11\x1f\x11\x1e\x11')
2026-09-16 20:46:07,714 LT1-thread root DEBUG gap.py                    1517  check_discovery_results   : matching LeAdv(addr_type=224, addr='44e5174c0053', rssi=179, flags=3, eir=b'\t\tNXL66528\x02\n\x0c\r\x03\x0c\x11\n\x11\x0b\x11\x0e\x11\x1f\x11\x1e\x11')
2026-09-16 20:46:07,714 LT1-thread root DEBUG gap.py                    1517  check_discovery_results   : matching LeAdv(addr_type=224, addr='001bdc0683cd', rssi=177, flags=3, eir=b'\x1e\tA2DP Source 00:1B:DC:06:83:CD')
2026-09-16 20:46:07,714 LT1-thread root DEBUG gap.py                    1517  check_discovery_results   : matching LeAdv(addr_type=224, addr='44e5174c0053', rssi=175, flags=3, eir=b'\t\tNXL66528\x02\n\x0c\r\x03\x0c\x11\n\x11\x0b\x11\x0e\x11\x1f\x11\x1e\x11')
2026-09-16 20:46:07,715 LT1-thread root DEBUG gap.py                    1517  check_discovery_results   : matching LeAdv(addr_type=224, addr='001bdc06b2eb', rssi=175, flags=3, eir=b'\x1e\tA2DP Source 00:1B:DC:06:B2:EB')
2026-09-16 20:46:07,715 LT1-thread root DEBUG gap.py                    1517  check_discovery_results   : matching LeAdv(addr_type=224, addr='44e5174c0053', rssi=177, flags=3, eir=b'\t\tNXL66528\x02\n\x0c\r\x03\x0c\x11\n\x11\x0b\x11\x0e\x11\x1f\x11\x1e\x11')
2026-09-16 20:46:07,715 LT1-thread root DEBUG gap.py                    1517  check_discovery_results   : matching LeAdv(addr_type=224, addr='001bdc06b2eb', rssi=179, flags=3, eir=b'\x1e\tA2DP Source 00:1B:DC:06:B2:EB')
2026-09-16 20:46:07,715 LT1-thread root DEBUG gap.py                    1517  check_discovery_results   : matching LeAdv(addr_type=224, addr='44e5174c0053', rssi=169, flags=3, eir=b'\t\tNXL66528\x02\n\x0c\r\x03\x0c\x11\n\x11\x0b\x11\x0e\x11\x1f\x11\x1e\x11')
2026-09-16 20:46:07,715 LT1-thread root DEBUG gap.py                    1517  check_discovery_results   : matching LeAdv(addr_type=224, addr='44e5174c0053', rssi=179, flags=3, eir=b'\t\tNXL66528\x02\n\x0c\r\x03\x0c\x11\n\x11\x0b\x11\x0e\x11\x1f\x11\x1e\x11')
2026-09-16 20:46:07,715 LT1-thread root DEBUG gap.py                    1517  check_discovery_results   : matching LeAdv(addr_type=224, addr='44e5174c0053', rssi=177, flags=3, eir=b'\t\tNXL66528\x02\n\x0c\r\x03\x0c\x11\n\x11\x0b\x11\x0e\x11\x1f\x11\x1e\x11')
2026-09-16 20:46:07,715 LT1-thread root DEBUG gap.py                    1517  check_discovery_results   : matching LeAdv(addr_type=224, addr='001bdc08e44e', rssi=211, flags=3, eir=b'\x0e\tPTS-GAP-E44E\x00')
2026-09-16 20:46:07,715 LT1-thread root DEBUG gap.py                    760   gap_connect               : None 224
2026-09-16 20:46:07,715 LT1-thread root DEBUG iutctl_common.py          161   send                      : 1 14 0 "bytearray(b'\\xe0N\\xe4\\x08\\xdc\\x1b\\x00\\x00')"
2026-09-16 20:46:07,715 LT1-thread root DEBUG iutctl_common.py          166   send                      : sending frame '010e000800e04ee408dc1b0000'
2026-09-16 20:46:07,715 LT1-thread root DEBUG iutctl_common.py          339   read                      : 
2026-09-16 20:46:07,758 BTPWorkerThread-2293 (_rx_task) root DEBUG iutctl_common.py          123   read                      : Read 5 bytes
2026-09-16 20:46:07,768 BTPWorkerThread-2293 (_rx_task) root DEBUG iutctl_common.py          131   read                      : Received: hdr: Header(svc_id=0x01, op=0x0e, ctrl_index=0x00, data_len=0x00) bytearray(b'\x01\x0e\x00\x00\x00')
2026-09-16 20:46:07,780 BTPWorkerThread-2293 (_rx_task) root DEBUG iutctl_common.py          154   read                      : Received data: {''}, bytearray(b'')
2026-09-16 20:46:10,564 BTPWorkerThread-2293 (_rx_task) root DEBUG iutctl_common.py          123   read                      : Read 5 bytes
2026-09-16 20:46:10,565 BTPWorkerThread-2293 (_rx_task) root DEBUG iutctl_common.py          131   read                      : Received: hdr: Header(svc_id=0x01, op=0x82, ctrl_index=0x00, data_len=0x0d) bytearray(b'\x01\x82\x00\r\x00')
2026-09-16 20:46:10,565 BTPWorkerThread-2293 (_rx_task) root DEBUG iutctl_common.py          139   read                      : Read 13 bytes data
2026-09-16 20:46:10,565 BTPWorkerThread-2293 (_rx_task) root DEBUG iutctl_common.py          154   read                      : Received data: {'e0 4e e4 08 dc 1b 00 00 00 00 00 00 00'}, bytearray(b'\xe0N\xe4\x08\xdc\x1b\x00\x00\x00\x00\x00\x00\x00')
2026-09-16 20:46:10,565 BTPWorkerThread-2293 (_rx_task) root DEBUG btp.py                    700   event_handler             : Header(svc_id=1, op=130, ctrl_index=0, data_len=13) (b'\xe0N\xe4\x08\xdc\x1b\x00\x00\x00\x00\x00\x00\x00',)
2026-09-16 20:46:10,565 BTPWorkerThread-2293 (_rx_task) root DEBUG gap.py                    213   gap_connected_ev_         : b'\xe0N\xe4\x08\xdc\x1b\x00\x00\x00\x00\x00\x00\x00'
2026-09-16 20:46:10,611 LT1-thread root DEBUG testcase.py               722   run_wid                   : Sending response 'OK' to wid 102 test case GAP/SEC/SEM/BI-06-C
2026-09-16 20:46:10,613 LT1-thread root DEBUG client.py                 276   get_result                : ClientCallback.get_result run_test_case
2026-09-16 20:46:15,575 BTPWorkerThread-2293 (_rx_task) root DEBUG iutctl_common.py          123   read                      : Read 5 bytes
2026-09-16 20:46:15,575 BTPWorkerThread-2293 (_rx_task) root DEBUG iutctl_common.py          131   read                      : Received: hdr: Header(svc_id=0x01, op=0x83, ctrl_index=0x00, data_len=0x07) bytearray(b'\x01\x83\x00\x07\x00')
2026-09-16 20:46:15,576 BTPWorkerThread-2293 (_rx_task) root DEBUG iutctl_common.py          139   read                      : Read 7 bytes data
2026-09-16 20:46:15,576 BTPWorkerThread-2293 (_rx_task) root DEBUG iutctl_common.py          154   read                      : Received data: {'e0 4e e4 08 dc 1b 00'}, bytearray(b'\xe0N\xe4\x08\xdc\x1b\x00')
2026-09-16 20:46:15,576 BTPWorkerThread-2293 (_rx_task) root DEBUG btp.py                    700   event_handler             : Header(svc_id=1, op=131, ctrl_index=0, data_len=7) (b'\xe0N\xe4\x08\xdc\x1b\x00',)
2026-09-16 20:46:15,576 BTPWorkerThread-2293 (_rx_task) root DEBUG gap.py                    226   gap_disconnected_ev_      : b'\xe0N\xe4\x08\xdc\x1b\x00'
2026-09-16 20:46:16,021 LT1-callback ClientCallback.on_implicit_send INFO client.py                 223   on_implicit_send          : 
    ********************
    BEGIN OnImplicitSend:
    project_name: GAP
    wid: 102
    test_case_name: GAP/SEC/SEM/BI-06-C
    description: Please send an HCI connect request to establish a basic rate connection after the IUT discovers the Lower Tester over BR and LE.
    style: MMI_Style_Ok_Cancel2 0x11141
2026-09-16 20:46:16,021 LT1-callback ClientCallback.on_implicit_send INFO client.py                 236   on_implicit_send          : Calling test cases on_implicit_send
2026-09-16 20:46:16,021 LT1-callback ClientCallback.on_implicit_send INFO client.py                 249   on_implicit_send          : 
    on_implicit_send returned response: WAIT
    END OnImplicitSend
    ********************
2026-09-16 20:46:16,616 LT1-thread root DEBUG testcase.py               679   run_wid                   : GAP GAP/SEC/SEM/BI-06-C on_implicit_send
2026-09-16 20:46:16,616 LT1-thread root DEBUG gap_wid.py                26    gap_wid_hdl               : gap_wid_hdl, 102, Please send an HCI connect request to establish a basic rate connection after the IUT discovers the Lower Tester over BR and LE., GAP/SEC/SEM/BI-06-C
2026-09-16 20:46:16,616 LT1-thread root DEBUG gap.py                    1120  gap_start_discovery       : 
2026-09-16 20:46:16,616 LT1-thread root DEBUG iutctl_common.py          161   send                      : 1 12 0 '\x02'
2026-09-16 20:46:16,616 LT1-thread root DEBUG iutctl_common.py          166   send                      : sending frame '010c00010002'
2026-09-16 20:46:16,616 LT1-thread root DEBUG gap.py                    1227  gap_command_rsp_succ      : 
2026-09-16 20:46:16,616 LT1-thread root DEBUG iutctl_common.py          339   read                      : 
2026-09-16 20:46:16,650 BTPWorkerThread-2293 (_rx_task) root DEBUG iutctl_common.py          123   read                      : Read 5 bytes
2026-09-16 20:46:16,655 BTPWorkerThread-2293 (_rx_task) root DEBUG iutctl_common.py          131   read                      : Received: hdr: Header(svc_id=0x01, op=0x0c, ctrl_index=0x00, data_len=0x00) bytearray(b'\x01\x0c\x00\x00\x00')
2026-09-16 20:46:16,655 BTPWorkerThread-2293 (_rx_task) root DEBUG iutctl_common.py          154   read                      : Received data: {''}, bytearray(b'')
2026-09-16 20:46:16,661 LT1-thread root DEBUG gap.py                    1232  gap_command_rsp_succ      : received Header(svc_id=1, op=12, ctrl_index=0, data_len=0) (b'',)
2026-09-16 20:46:17,058 BTPWorkerThread-2293 (_rx_task) root DEBUG iutctl_common.py          123   read                      : Read 5 bytes
2026-09-16 20:46:17,058 BTPWorkerThread-2293 (_rx_task) root DEBUG iutctl_common.py          131   read                      : Received: hdr: Header(svc_id=0x01, op=0x81, ctrl_index=0x00, data_len=0x2a) bytearray(b'\x01\x81\x00*\x00')
2026-09-16 20:46:17,058 BTPWorkerThread-2293 (_rx_task) root DEBUG iutctl_common.py          139   read                      : Read 42 bytes data
2026-09-16 20:46:17,059 BTPWorkerThread-2293 (_rx_task) root DEBUG iutctl_common.py          154   read                      : Received data: {'e0 cd 83 06 dc 1b 00 ad 03 1f 00 1e 09 41 32 44 50 20 53 6f 75 72 63 65 20 30 30 3a 31 42 3a 44 43 3a 30 36 3a 38 33 3a 43 44'}, bytearray(b'\xe0\xcd\x83\x06\xdc\x1b\x00\xad\x03\x1f\x00\x1e\tA2DP Source 00:1B:DC:06:83:CD')
2026-09-16 20:46:17,059 BTPWorkerThread-2293 (_rx_task) root DEBUG btp.py                    700   event_handler             : Header(svc_id=1, op=129, ctrl_index=0, data_len=42) (b'\xe0\xcd\x83\x06\xdc\x1b\x00\xad\x03\x1f\x00\x1e\tA2DP Source 00:1B:DC:06:83:CD',)
2026-09-16 20:46:17,059 BTPWorkerThread-2293 (_rx_task) root DEBUG gap.py                    191   gap_device_found_ev_      : b'\xe0\xcd\x83\x06\xdc\x1b\x00\xad\x03\x1f\x00\x1e\tA2DP Source 00:1B:DC:06:83:CD'
2026-09-16 20:46:17,059 BTPWorkerThread-2293 (_rx_task) root DEBUG gap.py                    205   gap_device_found_ev_      : found '001bdc0683cd' type 224 eir b'\x1e\tA2DP Source 00:1B:DC:06:83:CD'
2026-09-16 20:46:17,179 BTPWorkerThread-2293 (_rx_task) root DEBUG iutctl_common.py          123   read                      : Read 5 bytes
2026-09-16 20:46:17,179 BTPWorkerThread-2293 (_rx_task) root DEBUG iutctl_common.py          131   read                      : Received: hdr: Header(svc_id=0x01, op=0x81, ctrl_index=0x00, data_len=0x26) bytearray(b'\x01\x81\x00&\x00')
2026-09-16 20:46:17,180 BTPWorkerThread-2293 (_rx_task) root DEBUG iutctl_common.py          139   read                      : Read 38 bytes data
2026-09-16 20:46:17,180 BTPWorkerThread-2293 (_rx_task) root DEBUG iutctl_common.py          154   read                      : Received data: {'e0 53 00 4c 17 e5 44 b3 03 1b 00 09 09 4e 58 4c 36 36 35 32 38 02 0a 0c 0d 03 0c 11 0a 11 0b 11 0e 11 1f 11 1e 11'}, bytearray(b'\xe0S\x00L\x17\xe5D\xb3\x03\x1b\x00\t\tNXL66528\x02\n\x0c\r\x03\x0c\x11\n\x11\x0b\x11\x0e\x11\x1f\x11\x1e\x11')
2026-09-16 20:46:17,180 BTPWorkerThread-2293 (_rx_task) root DEBUG btp.py                    700   event_handler             : Header(svc_id=1, op=129, ctrl_index=0, data_len=38) (b'\xe0S\x00L\x17\xe5D\xb3\x03\x1b\x00\t\tNXL66528\x02\n\x0c\r\x03\x0c\x11\n\x11\x0b\x11\x0e\x11\x1f\x11\x1e\x11',)
2026-09-16 20:46:17,180 BTPWorkerThread-2293 (_rx_task) root DEBUG gap.py                    191   gap_device_found_ev_      : b'\xe0S\x00L\x17\xe5D\xb3\x03\x1b\x00\t\tNXL66528\x02\n\x0c\r\x03\x0c\x11\n\x11\x0b\x11\x0e\x11\x1f\x11\x1e\x11'
2026-09-16 20:46:17,180 BTPWorkerThread-2293 (_rx_task) root DEBUG gap.py                    205   gap_device_found_ev_      : found '44e5174c0053' type 224 eir b'\t\tNXL66528\x02\n\x0c\r\x03\x0c\x11\n\x11\x0b\x11\x0e\x11\x1f\x11\x1e\x11'
2026-09-16 20:46:18,446 BTPWorkerThread-2293 (_rx_task) root DEBUG iutctl_common.py          123   read                      : Read 5 bytes
2026-09-16 20:46:18,447 BTPWorkerThread-2293 (_rx_task) root DEBUG iutctl_common.py          131   read                      : Received: hdr: Header(svc_id=0x01, op=0x81, ctrl_index=0x00, data_len=0x26) bytearray(b'\x01\x81\x00&\x00')
2026-09-16 20:46:18,447 BTPWorkerThread-2293 (_rx_task) root DEBUG iutctl_common.py          139   read                      : Read 16 bytes data
2026-09-16 20:46:18,457 BTPWorkerThread-2293 (_rx_task) root DEBUG iutctl_common.py          139   read                      : Read 22 bytes data
2026-09-16 20:46:18,458 BTPWorkerThread-2293 (_rx_task) root DEBUG iutctl_common.py          154   read                      : Received data: {'e0 53 00 4c 17 e5 44 b4 03 1b 00 09 09 4e 58 4c 36 36 35 32 38 02 0a 0c 0d 03 0c 11 0a 11 0b 11 0e 11 1f 11 1e 11'}, bytearray(b'\xe0S\x00L\x17\xe5D\xb4\x03\x1b\x00\t\tNXL66528\x02\n\x0c\r\x03\x0c\x11\n\x11\x0b\x11\x0e\x11\x1f\x11\x1e\x11')
2026-09-16 20:46:18,458 BTPWorkerThread-2293 (_rx_task) root DEBUG btp.py                    700   event_handler             : Header(svc_id=1, op=129, ctrl_index=0, data_len=38) (b'\xe0S\x00L\x17\xe5D\xb4\x03\x1b\x00\t\tNXL66528\x02\n\x0c\r\x03\x0c\x11\n\x11\x0b\x11\x0e\x11\x1f\x11\x1e\x11',)
2026-09-16 20:46:18,458 BTPWorkerThread-2293 (_rx_task) root DEBUG gap.py                    191   gap_device_found_ev_      : b'\xe0S\x00L\x17\xe5D\xb4\x03\x1b\x00\t\tNXL66528\x02\n\x0c\r\x03\x0c\x11\n\x11\x0b\x11\x0e\x11\x1f\x11\x1e\x11'
2026-09-16 20:46:18,458 BTPWorkerThread-2293 (_rx_task) root DEBUG gap.py                    205   gap_device_found_ev_      : found '44e5174c0053' type 224 eir b'\t\tNXL66528\x02\n\x0c\r\x03\x0c\x11\n\x11\x0b\x11\x0e\x11\x1f\x11\x1e\x11'
2026-09-16 20:46:18,685 BTPWorkerThread-2293 (_rx_task) root DEBUG iutctl_common.py          123   read                      : Read 5 bytes
2026-09-16 20:46:18,686 BTPWorkerThread-2293 (_rx_task) root DEBUG iutctl_common.py          131   read                      : Received: hdr: Header(svc_id=0x01, op=0x81, ctrl_index=0x00, data_len=0x26) bytearray(b'\x01\x81\x00&\x00')
2026-09-16 20:46:18,686 BTPWorkerThread-2293 (_rx_task) root DEBUG iutctl_common.py          139   read                      : Read 38 bytes data
2026-09-16 20:46:18,686 BTPWorkerThread-2293 (_rx_task) root DEBUG iutctl_common.py          154   read                      : Received data: {'e0 53 00 4c 17 e5 44 b4 03 1b 00 09 09 4e 58 4c 36 36 35 32 38 02 0a 0c 0d 03 0c 11 0a 11 0b 11 0e 11 1f 11 1e 11'}, bytearray(b'\xe0S\x00L\x17\xe5D\xb4\x03\x1b\x00\t\tNXL66528\x02\n\x0c\r\x03\x0c\x11\n\x11\x0b\x11\x0e\x11\x1f\x11\x1e\x11')
2026-09-16 20:46:18,686 BTPWorkerThread-2293 (_rx_task) root DEBUG btp.py                    700   event_handler             : Header(svc_id=1, op=129, ctrl_index=0, data_len=38) (b'\xe0S\x00L\x17\xe5D\xb4\x03\x1b\x00\t\tNXL66528\x02\n\x0c\r\x03\x0c\x11\n\x11\x0b\x11\x0e\x11\x1f\x11\x1e\x11',)
2026-09-16 20:46:18,686 BTPWorkerThread-2293 (_rx_task) root DEBUG gap.py                    191   gap_device_found_ev_      : b'\xe0S\x00L\x17\xe5D\xb4\x03\x1b\x00\t\tNXL66528\x02\n\x0c\r\x03\x0c\x11\n\x11\x0b\x11\x0e\x11\x1f\x11\x1e\x11'
2026-09-16 20:46:18,686 BTPWorkerThread-2293 (_rx_task) root DEBUG gap.py                    205   gap_device_found_ev_      : found '44e5174c0053' type 224 eir b'\t\tNXL66528\x02\n\x0c\r\x03\x0c\x11\n\x11\x0b\x11\x0e\x11\x1f\x11\x1e\x11'
2026-09-16 20:46:18,847 BTPWorkerThread-2293 (_rx_task) root DEBUG iutctl_common.py          123   read                      : Read 5 bytes
2026-09-16 20:46:18,847 BTPWorkerThread-2293 (_rx_task) root DEBUG iutctl_common.py          131   read                      : Received: hdr: Header(svc_id=0x01, op=0x81, ctrl_index=0x00, data_len=0x26) bytearray(b'\x01\x81\x00&\x00')
2026-09-16 20:46:18,847 BTPWorkerThread-2293 (_rx_task) root DEBUG iutctl_common.py          139   read                      : Read 38 bytes data
2026-09-16 20:46:18,847 BTPWorkerThread-2293 (_rx_task) root DEBUG iutctl_common.py          154   read                      : Received data: {'e0 53 00 4c 17 e5 44 b1 03 1b 00 09 09 4e 58 4c 36 36 35 32 38 02 0a 0c 0d 03 0c 11 0a 11 0b 11 0e 11 1f 11 1e 11'}, bytearray(b'\xe0S\x00L\x17\xe5D\xb1\x03\x1b\x00\t\tNXL66528\x02\n\x0c\r\x03\x0c\x11\n\x11\x0b\x11\x0e\x11\x1f\x11\x1e\x11')
2026-09-16 20:46:18,847 BTPWorkerThread-2293 (_rx_task) root DEBUG btp.py                    700   event_handler             : Header(svc_id=1, op=129, ctrl_index=0, data_len=38) (b'\xe0S\x00L\x17\xe5D\xb1\x03\x1b\x00\t\tNXL66528\x02\n\x0c\r\x03\x0c\x11\n\x11\x0b\x11\x0e\x11\x1f\x11\x1e\x11',)
2026-09-16 20:46:18,847 BTPWorkerThread-2293 (_rx_task) root DEBUG gap.py                    191   gap_device_found_ev_      : b'\xe0S\x00L\x17\xe5D\xb1\x03\x1b\x00\t\tNXL66528\x02\n\x0c\r\x03\x0c\x11\n\x11\x0b\x11\x0e\x11\x1f\x11\x1e\x11'
2026-09-16 20:46:18,847 BTPWorkerThread-2293 (_rx_task) root DEBUG gap.py                    205   gap_device_found_ev_      : found '44e5174c0053' type 224 eir b'\t\tNXL66528\x02\n\x0c\r\x03\x0c\x11\n\x11\x0b\x11\x0e\x11\x1f\x11\x1e\x11'
2026-09-16 20:46:19,490 BTPWorkerThread-2293 (_rx_task) root DEBUG iutctl_common.py          123   read                      : Read 5 bytes
2026-09-16 20:46:19,491 BTPWorkerThread-2293 (_rx_task) root DEBUG iutctl_common.py          131   read                      : Received: hdr: Header(svc_id=0x01, op=0x81, ctrl_index=0x00, data_len=0x1a) bytearray(b'\x01\x81\x00\x1a\x00')
2026-09-16 20:46:19,491 BTPWorkerThread-2293 (_rx_task) root DEBUG iutctl_common.py          139   read                      : Read 26 bytes data
2026-09-16 20:46:19,491 BTPWorkerThread-2293 (_rx_task) root DEBUG iutctl_common.py          154   read                      : Received data: {'e0 4e e4 08 dc 1b 00 d3 03 0f 00 0e 09 50 54 53 2d 47 41 50 2d 45 34 34 45 00'}, bytearray(b'\xe0N\xe4\x08\xdc\x1b\x00\xd3\x03\x0f\x00\x0e\tPTS-GAP-E44E\x00')
2026-09-16 20:46:19,491 BTPWorkerThread-2293 (_rx_task) root DEBUG btp.py                    700   event_handler             : Header(svc_id=1, op=129, ctrl_index=0, data_len=26) (b'\xe0N\xe4\x08\xdc\x1b\x00\xd3\x03\x0f\x00\x0e\tPTS-GAP-E44E\x00',)
2026-09-16 20:46:19,491 BTPWorkerThread-2293 (_rx_task) root DEBUG gap.py                    191   gap_device_found_ev_      : b'\xe0N\xe4\x08\xdc\x1b\x00\xd3\x03\x0f\x00\x0e\tPTS-GAP-E44E\x00'
2026-09-16 20:46:19,491 BTPWorkerThread-2293 (_rx_task) root DEBUG gap.py                    205   gap_device_found_ev_      : found '001bdc08e44e' type 224 eir b'\x0e\tPTS-GAP-E44E\x00'
2026-09-16 20:46:19,760 BTPWorkerThread-2293 (_rx_task) root DEBUG iutctl_common.py          123   read                      : Read 5 bytes
2026-09-16 20:46:19,760 BTPWorkerThread-2293 (_rx_task) root DEBUG iutctl_common.py          131   read                      : Received: hdr: Header(svc_id=0x01, op=0x81, ctrl_index=0x00, data_len=0x1a) bytearray(b'\x01\x81\x00\x1a\x00')
2026-09-16 20:46:19,761 BTPWorkerThread-2293 (_rx_task) root DEBUG iutctl_common.py          139   read                      : Read 26 bytes data
2026-09-16 20:46:19,761 BTPWorkerThread-2293 (_rx_task) root DEBUG iutctl_common.py          154   read                      : Received data: {'e0 4e e4 08 dc 1b 00 d4 03 0f 00 0e 09 50 54 53 2d 47 41 50 2d 45 34 34 45 00'}, bytearray(b'\xe0N\xe4\x08\xdc\x1b\x00\xd4\x03\x0f\x00\x0e\tPTS-GAP-E44E\x00')
2026-09-16 20:46:19,761 BTPWorkerThread-2293 (_rx_task) root DEBUG btp.py                    700   event_handler             : Header(svc_id=1, op=129, ctrl_index=0, data_len=26) (b'\xe0N\xe4\x08\xdc\x1b\x00\xd4\x03\x0f\x00\x0e\tPTS-GAP-E44E\x00',)
2026-09-16 20:46:19,761 BTPWorkerThread-2293 (_rx_task) root DEBUG gap.py                    191   gap_device_found_ev_      : b'\xe0N\xe4\x08\xdc\x1b\x00\xd4\x03\x0f\x00\x0e\tPTS-GAP-E44E\x00'
2026-09-16 20:46:19,761 BTPWorkerThread-2293 (_rx_task) root DEBUG gap.py                    205   gap_device_found_ev_      : found '001bdc08e44e' type 224 eir b'\x0e\tPTS-GAP-E44E\x00'
2026-09-16 20:46:19,903 BTPWorkerThread-2293 (_rx_task) root DEBUG iutctl_common.py          123   read                      : Read 5 bytes
2026-09-16 20:46:19,903 BTPWorkerThread-2293 (_rx_task) root DEBUG iutctl_common.py          131   read                      : Received: hdr: Header(svc_id=0x01, op=0x81, ctrl_index=0x00, data_len=0x26) bytearray(b'\x01\x81\x00&\x00')
2026-09-16 20:46:19,903 BTPWorkerThread-2293 (_rx_task) root DEBUG iutctl_common.py          139   read                      : Read 38 bytes data
2026-09-16 20:46:19,903 BTPWorkerThread-2293 (_rx_task) root DEBUG iutctl_common.py          154   read                      : Received data: {'e0 53 00 4c 17 e5 44 a9 03 1b 00 09 09 4e 58 4c 36 36 35 32 38 02 0a 0c 0d 03 0c 11 0a 11 0b 11 0e 11 1f 11 1e 11'}, bytearray(b'\xe0S\x00L\x17\xe5D\xa9\x03\x1b\x00\t\tNXL66528\x02\n\x0c\r\x03\x0c\x11\n\x11\x0b\x11\x0e\x11\x1f\x11\x1e\x11')
2026-09-16 20:46:19,903 BTPWorkerThread-2293 (_rx_task) root DEBUG btp.py                    700   event_handler             : Header(svc_id=1, op=129, ctrl_index=0, data_len=38) (b'\xe0S\x00L\x17\xe5D\xa9\x03\x1b\x00\t\tNXL66528\x02\n\x0c\r\x03\x0c\x11\n\x11\x0b\x11\x0e\x11\x1f\x11\x1e\x11',)
2026-09-16 20:46:19,903 BTPWorkerThread-2293 (_rx_task) root DEBUG gap.py                    191   gap_device_found_ev_      : b'\xe0S\x00L\x17\xe5D\xa9\x03\x1b\x00\t\tNXL66528\x02\n\x0c\r\x03\x0c\x11\n\x11\x0b\x11\x0e\x11\x1f\x11\x1e\x11'
2026-09-16 20:46:19,903 BTPWorkerThread-2293 (_rx_task) root DEBUG gap.py                    205   gap_device_found_ev_      : found '44e5174c0053' type 224 eir b'\t\tNXL66528\x02\n\x0c\r\x03\x0c\x11\n\x11\x0b\x11\x0e\x11\x1f\x11\x1e\x11'
2026-09-16 20:46:19,969 BTPWorkerThread-2293 (_rx_task) root DEBUG iutctl_common.py          123   read                      : Read 5 bytes
2026-09-16 20:46:19,969 BTPWorkerThread-2293 (_rx_task) root DEBUG iutctl_common.py          131   read                      : Received: hdr: Header(svc_id=0x01, op=0x81, ctrl_index=0x00, data_len=0x26) bytearray(b'\x01\x81\x00&\x00')
2026-09-16 20:46:19,970 BTPWorkerThread-2293 (_rx_task) root DEBUG iutctl_common.py          139   read                      : Read 38 bytes data
2026-09-16 20:46:19,970 BTPWorkerThread-2293 (_rx_task) root DEBUG iutctl_common.py          154   read                      : Received data: {'e0 53 00 4c 17 e5 44 b4 03 1b 00 09 09 4e 58 4c 36 36 35 32 38 02 0a 0c 0d 03 0c 11 0a 11 0b 11 0e 11 1f 11 1e 11'}, bytearray(b'\xe0S\x00L\x17\xe5D\xb4\x03\x1b\x00\t\tNXL66528\x02\n\x0c\r\x03\x0c\x11\n\x11\x0b\x11\x0e\x11\x1f\x11\x1e\x11')
2026-09-16 20:46:19,970 BTPWorkerThread-2293 (_rx_task) root DEBUG btp.py                    700   event_handler             : Header(svc_id=1, op=129, ctrl_index=0, data_len=38) (b'\xe0S\x00L\x17\xe5D\xb4\x03\x1b\x00\t\tNXL66528\x02\n\x0c\r\x03\x0c\x11\n\x11\x0b\x11\x0e\x11\x1f\x11\x1e\x11',)
2026-09-16 20:46:19,970 BTPWorkerThread-2293 (_rx_task) root DEBUG gap.py                    191   gap_device_found_ev_      : b'\xe0S\x00L\x17\xe5D\xb4\x03\x1b\x00\t\tNXL66528\x02\n\x0c\r\x03\x0c\x11\n\x11\x0b\x11\x0e\x11\x1f\x11\x1e\x11'
2026-09-16 20:46:19,970 BTPWorkerThread-2293 (_rx_task) root DEBUG gap.py                    205   gap_device_found_ev_      : found '44e5174c0053' type 224 eir b'\t\tNXL66528\x02\n\x0c\r\x03\x0c\x11\n\x11\x0b\x11\x0e\x11\x1f\x11\x1e\x11'
2026-09-16 20:46:20,002 BTPWorkerThread-2293 (_rx_task) root DEBUG iutctl_common.py          123   read                      : Read 5 bytes
2026-09-16 20:46:20,003 BTPWorkerThread-2293 (_rx_task) root DEBUG iutctl_common.py          131   read                      : Received: hdr: Header(svc_id=0x01, op=0x81, ctrl_index=0x00, data_len=0x2a) bytearray(b'\x01\x81\x00*\x00')
2026-09-16 20:46:20,003 BTPWorkerThread-2293 (_rx_task) root DEBUG iutctl_common.py          139   read                      : Read 13 bytes data
2026-09-16 20:46:20,014 BTPWorkerThread-2293 (_rx_task) root DEBUG iutctl_common.py          139   read                      : Read 29 bytes data
2026-09-16 20:46:20,014 BTPWorkerThread-2293 (_rx_task) root DEBUG iutctl_common.py          154   read                      : Received data: {'e0 eb b2 06 dc 1b 00 ad 03 1f 00 1e 09 41 32 44 50 20 53 6f 75 72 63 65 20 30 30 3a 31 42 3a 44 43 3a 30 36 3a 42 32 3a 45 42'}, bytearray(b'\xe0\xeb\xb2\x06\xdc\x1b\x00\xad\x03\x1f\x00\x1e\tA2DP Source 00:1B:DC:06:B2:EB')
2026-09-16 20:46:20,014 BTPWorkerThread-2293 (_rx_task) root DEBUG btp.py                    700   event_handler             : Header(svc_id=1, op=129, ctrl_index=0, data_len=42) (b'\xe0\xeb\xb2\x06\xdc\x1b\x00\xad\x03\x1f\x00\x1e\tA2DP Source 00:1B:DC:06:B2:EB',)
2026-09-16 20:46:20,014 BTPWorkerThread-2293 (_rx_task) root DEBUG gap.py                    191   gap_device_found_ev_      : b'\xe0\xeb\xb2\x06\xdc\x1b\x00\xad\x03\x1f\x00\x1e\tA2DP Source 00:1B:DC:06:B2:EB'
2026-09-16 20:46:20,014 BTPWorkerThread-2293 (_rx_task) root DEBUG gap.py                    205   gap_device_found_ev_      : found '001bdc06b2eb' type 224 eir b'\x1e\tA2DP Source 00:1B:DC:06:B2:EB'
2026-09-16 20:46:20,469 BTPWorkerThread-2293 (_rx_task) root DEBUG iutctl_common.py          123   read                      : Read 5 bytes
2026-09-16 20:46:20,470 BTPWorkerThread-2293 (_rx_task) root DEBUG iutctl_common.py          131   read                      : Received: hdr: Header(svc_id=0x01, op=0x81, ctrl_index=0x00, data_len=0x1a) bytearray(b'\x01\x81\x00\x1a\x00')
2026-09-16 20:46:20,470 BTPWorkerThread-2293 (_rx_task) root DEBUG iutctl_common.py          139   read                      : Read 26 bytes data
2026-09-16 20:46:20,470 BTPWorkerThread-2293 (_rx_task) root DEBUG iutctl_common.py          154   read                      : Received data: {'e0 4e e4 08 dc 1b 00 d4 03 0f 00 0e 09 50 54 53 2d 47 41 50 2d 45 34 34 45 00'}, bytearray(b'\xe0N\xe4\x08\xdc\x1b\x00\xd4\x03\x0f\x00\x0e\tPTS-GAP-E44E\x00')
2026-09-16 20:46:20,470 BTPWorkerThread-2293 (_rx_task) root DEBUG btp.py                    700   event_handler             : Header(svc_id=1, op=129, ctrl_index=0, data_len=26) (b'\xe0N\xe4\x08\xdc\x1b\x00\xd4\x03\x0f\x00\x0e\tPTS-GAP-E44E\x00',)
2026-09-16 20:46:20,470 BTPWorkerThread-2293 (_rx_task) root DEBUG gap.py                    191   gap_device_found_ev_      : b'\xe0N\xe4\x08\xdc\x1b\x00\xd4\x03\x0f\x00\x0e\tPTS-GAP-E44E\x00'
2026-09-16 20:46:20,470 BTPWorkerThread-2293 (_rx_task) root DEBUG gap.py                    205   gap_device_found_ev_      : found '001bdc08e44e' type 224 eir b'\x0e\tPTS-GAP-E44E\x00'
2026-09-16 20:46:20,556 BTPWorkerThread-2293 (_rx_task) root DEBUG iutctl_common.py          123   read                      : Read 5 bytes
2026-09-16 20:46:20,556 BTPWorkerThread-2293 (_rx_task) root DEBUG iutctl_common.py          131   read                      : Received: hdr: Header(svc_id=0x01, op=0x81, ctrl_index=0x00, data_len=0x2a) bytearray(b'\x01\x81\x00*\x00')
2026-09-16 20:46:20,556 BTPWorkerThread-2293 (_rx_task) root DEBUG iutctl_common.py          139   read                      : Read 42 bytes data
2026-09-16 20:46:20,557 BTPWorkerThread-2293 (_rx_task) root DEBUG iutctl_common.py          154   read                      : Received data: {'e0 eb b2 06 dc 1b 00 a6 03 1f 00 1e 09 41 32 44 50 20 53 6f 75 72 63 65 20 30 30 3a 31 42 3a 44 43 3a 30 36 3a 42 32 3a 45 42'}, bytearray(b'\xe0\xeb\xb2\x06\xdc\x1b\x00\xa6\x03\x1f\x00\x1e\tA2DP Source 00:1B:DC:06:B2:EB')
2026-09-16 20:46:20,557 BTPWorkerThread-2293 (_rx_task) root DEBUG btp.py                    700   event_handler             : Header(svc_id=1, op=129, ctrl_index=0, data_len=42) (b'\xe0\xeb\xb2\x06\xdc\x1b\x00\xa6\x03\x1f\x00\x1e\tA2DP Source 00:1B:DC:06:B2:EB',)
2026-09-16 20:46:20,557 BTPWorkerThread-2293 (_rx_task) root DEBUG gap.py                    191   gap_device_found_ev_      : b'\xe0\xeb\xb2\x06\xdc\x1b\x00\xa6\x03\x1f\x00\x1e\tA2DP Source 00:1B:DC:06:B2:EB'
2026-09-16 20:46:20,557 BTPWorkerThread-2293 (_rx_task) root DEBUG gap.py                    205   gap_device_found_ev_      : found '001bdc06b2eb' type 224 eir b'\x1e\tA2DP Source 00:1B:DC:06:B2:EB'
2026-09-16 20:46:20,892 BTPWorkerThread-2293 (_rx_task) root DEBUG iutctl_common.py          123   read                      : Read 5 bytes
2026-09-16 20:46:20,892 BTPWorkerThread-2293 (_rx_task) root DEBUG iutctl_common.py          131   read                      : Received: hdr: Header(svc_id=0x01, op=0x81, ctrl_index=0x00, data_len=0x1a) bytearray(b'\x01\x81\x00\x1a\x00')
2026-09-16 20:46:20,893 BTPWorkerThread-2293 (_rx_task) root DEBUG iutctl_common.py          139   read                      : Read 26 bytes data
2026-09-16 20:46:20,893 BTPWorkerThread-2293 (_rx_task) root DEBUG iutctl_common.py          154   read                      : Received data: {'e0 4e e4 08 dc 1b 00 d5 03 0f 00 0e 09 50 54 53 2d 47 41 50 2d 45 34 34 45 00'}, bytearray(b'\xe0N\xe4\x08\xdc\x1b\x00\xd5\x03\x0f\x00\x0e\tPTS-GAP-E44E\x00')
2026-09-16 20:46:20,893 BTPWorkerThread-2293 (_rx_task) root DEBUG btp.py                    700   event_handler             : Header(svc_id=1, op=129, ctrl_index=0, data_len=26) (b'\xe0N\xe4\x08\xdc\x1b\x00\xd5\x03\x0f\x00\x0e\tPTS-GAP-E44E\x00',)
2026-09-16 20:46:20,893 BTPWorkerThread-2293 (_rx_task) root DEBUG gap.py                    191   gap_device_found_ev_      : b'\xe0N\xe4\x08\xdc\x1b\x00\xd5\x03\x0f\x00\x0e\tPTS-GAP-E44E\x00'
2026-09-16 20:46:20,893 BTPWorkerThread-2293 (_rx_task) root DEBUG gap.py                    205   gap_device_found_ev_      : found '001bdc08e44e' type 224 eir b'\x0e\tPTS-GAP-E44E\x00'
2026-09-16 20:46:20,914 BTPWorkerThread-2293 (_rx_task) root DEBUG iutctl_common.py          123   read                      : Read 5 bytes
2026-09-16 20:46:20,915 BTPWorkerThread-2293 (_rx_task) root DEBUG iutctl_common.py          131   read                      : Received: hdr: Header(svc_id=0x01, op=0x81, ctrl_index=0x00, data_len=0x1a) bytearray(b'\x01\x81\x00\x1a\x00')
2026-09-16 20:46:20,915 BTPWorkerThread-2293 (_rx_task) root DEBUG iutctl_common.py          139   read                      : Read 19 bytes data
2026-09-16 20:46:20,926 BTPWorkerThread-2293 (_rx_task) root DEBUG iutctl_common.py          139   read                      : Read 7 bytes data
2026-09-16 20:46:20,926 BTPWorkerThread-2293 (_rx_task) root DEBUG iutctl_common.py          154   read                      : Received data: {'e0 4e e4 08 dc 1b 00 d2 03 0f 00 0e 09 50 54 53 2d 47 41 50 2d 45 34 34 45 00'}, bytearray(b'\xe0N\xe4\x08\xdc\x1b\x00\xd2\x03\x0f\x00\x0e\tPTS-GAP-E44E\x00')
2026-09-16 20:46:20,927 BTPWorkerThread-2293 (_rx_task) root DEBUG btp.py                    700   event_handler             : Header(svc_id=1, op=129, ctrl_index=0, data_len=26) (b'\xe0N\xe4\x08\xdc\x1b\x00\xd2\x03\x0f\x00\x0e\tPTS-GAP-E44E\x00',)
2026-09-16 20:46:20,927 BTPWorkerThread-2293 (_rx_task) root DEBUG gap.py                    191   gap_device_found_ev_      : b'\xe0N\xe4\x08\xdc\x1b\x00\xd2\x03\x0f\x00\x0e\tPTS-GAP-E44E\x00'
2026-09-16 20:46:20,927 BTPWorkerThread-2293 (_rx_task) root DEBUG gap.py                    205   gap_device_found_ev_      : found '001bdc08e44e' type 224 eir b'\x0e\tPTS-GAP-E44E\x00'
2026-09-16 20:46:21,165 BTPWorkerThread-2293 (_rx_task) root DEBUG iutctl_common.py          123   read                      : Read 5 bytes
2026-09-16 20:46:21,166 BTPWorkerThread-2293 (_rx_task) root DEBUG iutctl_common.py          131   read                      : Received: hdr: Header(svc_id=0x01, op=0x81, ctrl_index=0x00, data_len=0x1a) bytearray(b'\x01\x81\x00\x1a\x00')
2026-09-16 20:46:21,166 BTPWorkerThread-2293 (_rx_task) root DEBUG iutctl_common.py          139   read                      : Read 26 bytes data
2026-09-16 20:46:21,166 BTPWorkerThread-2293 (_rx_task) root DEBUG iutctl_common.py          154   read                      : Received data: {'e0 4e e4 08 dc 1b 00 d4 03 0f 00 0e 09 50 54 53 2d 47 41 50 2d 45 34 34 45 00'}, bytearray(b'\xe0N\xe4\x08\xdc\x1b\x00\xd4\x03\x0f\x00\x0e\tPTS-GAP-E44E\x00')
2026-09-16 20:46:21,166 BTPWorkerThread-2293 (_rx_task) root DEBUG btp.py                    700   event_handler             : Header(svc_id=1, op=129, ctrl_index=0, data_len=26) (b'\xe0N\xe4\x08\xdc\x1b\x00\xd4\x03\x0f\x00\x0e\tPTS-GAP-E44E\x00',)
2026-09-16 20:46:21,166 BTPWorkerThread-2293 (_rx_task) root DEBUG gap.py                    191   gap_device_found_ev_      : b'\xe0N\xe4\x08\xdc\x1b\x00\xd4\x03\x0f\x00\x0e\tPTS-GAP-E44E\x00'
2026-09-16 20:46:21,166 BTPWorkerThread-2293 (_rx_task) root DEBUG gap.py                    205   gap_device_found_ev_      : found '001bdc08e44e' type 224 eir b'\x0e\tPTS-GAP-E44E\x00'
2026-09-16 20:46:21,176 BTPWorkerThread-2293 (_rx_task) root DEBUG iutctl_common.py          123   read                      : Read 5 bytes
2026-09-16 20:46:21,176 BTPWorkerThread-2293 (_rx_task) root DEBUG iutctl_common.py          131   read                      : Received: hdr: Header(svc_id=0x01, op=0x81, ctrl_index=0x00, data_len=0x2a) bytearray(b'\x01\x81\x00*\x00')
2026-09-16 20:46:21,177 BTPWorkerThread-2293 (_rx_task) root DEBUG iutctl_common.py          139   read                      : Read 42 bytes data
2026-09-16 20:46:21,177 BTPWorkerThread-2293 (_rx_task) root DEBUG iutctl_common.py          154   read                      : Received data: {'e0 eb b2 06 dc 1b 00 b1 03 1f 00 1e 09 41 32 44 50 20 53 6f 75 72 63 65 20 30 30 3a 31 42 3a 44 43 3a 30 36 3a 42 32 3a 45 42'}, bytearray(b'\xe0\xeb\xb2\x06\xdc\x1b\x00\xb1\x03\x1f\x00\x1e\tA2DP Source 00:1B:DC:06:B2:EB')
2026-09-16 20:46:21,177 BTPWorkerThread-2293 (_rx_task) root DEBUG btp.py                    700   event_handler             : Header(svc_id=1, op=129, ctrl_index=0, data_len=42) (b'\xe0\xeb\xb2\x06\xdc\x1b\x00\xb1\x03\x1f\x00\x1e\tA2DP Source 00:1B:DC:06:B2:EB',)
2026-09-16 20:46:21,177 BTPWorkerThread-2293 (_rx_task) root DEBUG gap.py                    191   gap_device_found_ev_      : b'\xe0\xeb\xb2\x06\xdc\x1b\x00\xb1\x03\x1f\x00\x1e\tA2DP Source 00:1B:DC:06:B2:EB'
2026-09-16 20:46:21,177 BTPWorkerThread-2293 (_rx_task) root DEBUG gap.py                    205   gap_device_found_ev_      : found '001bdc06b2eb' type 224 eir b'\x1e\tA2DP Source 00:1B:DC:06:B2:EB'
2026-09-16 20:46:21,209 BTPWorkerThread-2293 (_rx_task) root DEBUG iutctl_common.py          123   read                      : Read 5 bytes
2026-09-16 20:46:21,210 BTPWorkerThread-2293 (_rx_task) root DEBUG iutctl_common.py          131   read                      : Received: hdr: Header(svc_id=0x01, op=0x81, ctrl_index=0x00, data_len=0x1a) bytearray(b'\x01\x81\x00\x1a\x00')
2026-09-16 20:46:21,210 BTPWorkerThread-2293 (_rx_task) root DEBUG iutctl_common.py          139   read                      : Read 26 bytes data
2026-09-16 20:46:21,210 BTPWorkerThread-2293 (_rx_task) root DEBUG iutctl_common.py          154   read                      : Received data: {'e0 4e e4 08 dc 1b 00 d3 03 0f 00 0e 09 50 54 53 2d 47 41 50 2d 45 34 34 45 00'}, bytearray(b'\xe0N\xe4\x08\xdc\x1b\x00\xd3\x03\x0f\x00\x0e\tPTS-GAP-E44E\x00')
2026-09-16 20:46:21,210 BTPWorkerThread-2293 (_rx_task) root DEBUG btp.py                    700   event_handler             : Header(svc_id=1, op=129, ctrl_index=0, data_len=26) (b'\xe0N\xe4\x08\xdc\x1b\x00\xd3\x03\x0f\x00\x0e\tPTS-GAP-E44E\x00',)
2026-09-16 20:46:21,210 BTPWorkerThread-2293 (_rx_task) root DEBUG gap.py                    191   gap_device_found_ev_      : b'\xe0N\xe4\x08\xdc\x1b\x00\xd3\x03\x0f\x00\x0e\tPTS-GAP-E44E\x00'
2026-09-16 20:46:21,210 BTPWorkerThread-2293 (_rx_task) root DEBUG gap.py                    205   gap_device_found_ev_      : found '001bdc08e44e' type 224 eir b'\x0e\tPTS-GAP-E44E\x00'
2026-09-16 20:46:21,352 BTPWorkerThread-2293 (_rx_task) root DEBUG iutctl_common.py          123   read                      : Read 5 bytes
2026-09-16 20:46:21,352 BTPWorkerThread-2293 (_rx_task) root DEBUG iutctl_common.py          131   read                      : Received: hdr: Header(svc_id=0x01, op=0x81, ctrl_index=0x00, data_len=0x1a) bytearray(b'\x01\x81\x00\x1a\x00')
2026-09-16 20:46:21,352 BTPWorkerThread-2293 (_rx_task) root DEBUG iutctl_common.py          139   read                      : Read 26 bytes data
2026-09-16 20:46:21,352 BTPWorkerThread-2293 (_rx_task) root DEBUG iutctl_common.py          154   read                      : Received data: {'e0 4e e4 08 dc 1b 00 d4 03 0f 00 0e 09 50 54 53 2d 47 41 50 2d 45 34 34 45 00'}, bytearray(b'\xe0N\xe4\x08\xdc\x1b\x00\xd4\x03\x0f\x00\x0e\tPTS-GAP-E44E\x00')
2026-09-16 20:46:21,352 BTPWorkerThread-2293 (_rx_task) root DEBUG btp.py                    700   event_handler             : Header(svc_id=1, op=129, ctrl_index=0, data_len=26) (b'\xe0N\xe4\x08\xdc\x1b\x00\xd4\x03\x0f\x00\x0e\tPTS-GAP-E44E\x00',)
2026-09-16 20:46:21,353 BTPWorkerThread-2293 (_rx_task) root DEBUG gap.py                    191   gap_device_found_ev_      : b'\xe0N\xe4\x08\xdc\x1b\x00\xd4\x03\x0f\x00\x0e\tPTS-GAP-E44E\x00'
2026-09-16 20:46:21,353 BTPWorkerThread-2293 (_rx_task) root DEBUG gap.py                    205   gap_device_found_ev_      : found '001bdc08e44e' type 224 eir b'\x0e\tPTS-GAP-E44E\x00'
2026-09-16 20:46:21,450 BTPWorkerThread-2293 (_rx_task) root DEBUG iutctl_common.py          123   read                      : Read 5 bytes
2026-09-16 20:46:21,451 BTPWorkerThread-2293 (_rx_task) root DEBUG iutctl_common.py          131   read                      : Received: hdr: Header(svc_id=0x01, op=0x81, ctrl_index=0x00, data_len=0x0b) bytearray(b'\x01\x81\x00\x0b\x00')
2026-09-16 20:46:21,451 BTPWorkerThread-2293 (_rx_task) root DEBUG iutctl_common.py          139   read                      : Read 3 bytes data
2026-09-16 20:46:21,461 BTPWorkerThread-2293 (_rx_task) root DEBUG iutctl_common.py          139   read                      : Read 8 bytes data
2026-09-16 20:46:21,462 BTPWorkerThread-2293 (_rx_task) root DEBUG iutctl_common.py          154   read                      : Received data: {'e0 53 00 4c 17 e5 44 ad 03 00 00'}, bytearray(b'\xe0S\x00L\x17\xe5D\xad\x03\x00\x00')
2026-09-16 20:46:21,462 BTPWorkerThread-2293 (_rx_task) root DEBUG btp.py                    700   event_handler             : Header(svc_id=1, op=129, ctrl_index=0, data_len=11) (b'\xe0S\x00L\x17\xe5D\xad\x03\x00\x00',)
2026-09-16 20:46:21,462 BTPWorkerThread-2293 (_rx_task) root DEBUG gap.py                    191   gap_device_found_ev_      : b'\xe0S\x00L\x17\xe5D\xad\x03\x00\x00'
2026-09-16 20:46:21,462 BTPWorkerThread-2293 (_rx_task) root DEBUG gap.py                    205   gap_device_found_ev_      : found '44e5174c0053' type 224 eir b''
2026-09-16 20:46:21,615 BTPWorkerThread-2293 (_rx_task) root DEBUG iutctl_common.py          123   read                      : Read 5 bytes
2026-09-16 20:46:21,615 BTPWorkerThread-2293 (_rx_task) root DEBUG iutctl_common.py          131   read                      : Received: hdr: Header(svc_id=0x01, op=0x81, ctrl_index=0x00, data_len=0x0b) bytearray(b'\x01\x81\x00\x0b\x00')
2026-09-16 20:46:21,615 BTPWorkerThread-2293 (_rx_task) root DEBUG iutctl_common.py          139   read                      : Read 11 bytes data
2026-09-16 20:46:21,615 BTPWorkerThread-2293 (_rx_task) root DEBUG iutctl_common.py          154   read                      : Received data: {'e0 eb b2 06 dc 1b 00 a8 03 00 00'}, bytearray(b'\xe0\xeb\xb2\x06\xdc\x1b\x00\xa8\x03\x00\x00')
2026-09-16 20:46:21,615 BTPWorkerThread-2293 (_rx_task) root DEBUG btp.py                    700   event_handler             : Header(svc_id=1, op=129, ctrl_index=0, data_len=11) (b'\xe0\xeb\xb2\x06\xdc\x1b\x00\xa8\x03\x00\x00',)
2026-09-16 20:46:21,615 BTPWorkerThread-2293 (_rx_task) root DEBUG gap.py                    191   gap_device_found_ev_      : b'\xe0\xeb\xb2\x06\xdc\x1b\x00\xa8\x03\x00\x00'
2026-09-16 20:46:21,615 BTPWorkerThread-2293 (_rx_task) root DEBUG gap.py                    205   gap_device_found_ev_      : found '001bdc06b2eb' type 224 eir b''
2026-09-16 20:46:21,701 BTPWorkerThread-2293 (_rx_task) root DEBUG iutctl_common.py          123   read                      : Read 5 bytes
2026-09-16 20:46:21,702 BTPWorkerThread-2293 (_rx_task) root DEBUG iutctl_common.py          131   read                      : Received: hdr: Header(svc_id=0x01, op=0x81, ctrl_index=0x00, data_len=0x1a) bytearray(b'\x01\x81\x00\x1a\x00')
2026-09-16 20:46:21,702 BTPWorkerThread-2293 (_rx_task) root DEBUG iutctl_common.py          139   read                      : Read 26 bytes data
2026-09-16 20:46:21,702 BTPWorkerThread-2293 (_rx_task) root DEBUG iutctl_common.py          154   read                      : Received data: {'e0 4e e4 08 dc 1b 00 d2 03 0f 00 0e 09 50 54 53 2d 47 41 50 2d 45 34 34 45 00'}, bytearray(b'\xe0N\xe4\x08\xdc\x1b\x00\xd2\x03\x0f\x00\x0e\tPTS-GAP-E44E\x00')
2026-09-16 20:46:21,702 BTPWorkerThread-2293 (_rx_task) root DEBUG btp.py                    700   event_handler             : Header(svc_id=1, op=129, ctrl_index=0, data_len=26) (b'\xe0N\xe4\x08\xdc\x1b\x00\xd2\x03\x0f\x00\x0e\tPTS-GAP-E44E\x00',)
2026-09-16 20:46:21,702 BTPWorkerThread-2293 (_rx_task) root DEBUG gap.py                    191   gap_device_found_ev_      : b'\xe0N\xe4\x08\xdc\x1b\x00\xd2\x03\x0f\x00\x0e\tPTS-GAP-E44E\x00'
2026-09-16 20:46:21,702 BTPWorkerThread-2293 (_rx_task) root DEBUG gap.py                    205   gap_device_found_ev_      : found '001bdc08e44e' type 224 eir b'\x0e\tPTS-GAP-E44E\x00'
2026-09-16 20:46:21,755 BTPWorkerThread-2293 (_rx_task) root DEBUG iutctl_common.py          123   read                      : Read 5 bytes
2026-09-16 20:46:21,755 BTPWorkerThread-2293 (_rx_task) root DEBUG iutctl_common.py          131   read                      : Received: hdr: Header(svc_id=0x01, op=0x81, ctrl_index=0x00, data_len=0x1a) bytearray(b'\x01\x81\x00\x1a\x00')
2026-09-16 20:46:21,755 BTPWorkerThread-2293 (_rx_task) root DEBUG iutctl_common.py          139   read                      : Read 26 bytes data
2026-09-16 20:46:21,756 BTPWorkerThread-2293 (_rx_task) root DEBUG iutctl_common.py          154   read                      : Received data: {'e0 4e e4 08 dc 1b 00 d4 03 0f 00 0e 09 50 54 53 2d 47 41 50 2d 45 34 34 45 00'}, bytearray(b'\xe0N\xe4\x08\xdc\x1b\x00\xd4\x03\x0f\x00\x0e\tPTS-GAP-E44E\x00')
2026-09-16 20:46:21,756 BTPWorkerThread-2293 (_rx_task) root DEBUG btp.py                    700   event_handler             : Header(svc_id=1, op=129, ctrl_index=0, data_len=26) (b'\xe0N\xe4\x08\xdc\x1b\x00\xd4\x03\x0f\x00\x0e\tPTS-GAP-E44E\x00',)
2026-09-16 20:46:21,756 BTPWorkerThread-2293 (_rx_task) root DEBUG gap.py                    191   gap_device_found_ev_      : b'\xe0N\xe4\x08\xdc\x1b\x00\xd4\x03\x0f\x00\x0e\tPTS-GAP-E44E\x00'
2026-09-16 20:46:21,756 BTPWorkerThread-2293 (_rx_task) root DEBUG gap.py                    205   gap_device_found_ev_      : found '001bdc08e44e' type 224 eir b'\x0e\tPTS-GAP-E44E\x00'
2026-09-16 20:46:21,930 BTPWorkerThread-2293 (_rx_task) root DEBUG iutctl_common.py          123   read                      : Read 5 bytes
2026-09-16 20:46:21,931 BTPWorkerThread-2293 (_rx_task) root DEBUG iutctl_common.py          131   read                      : Received: hdr: Header(svc_id=0x01, op=0x81, ctrl_index=0x00, data_len=0x26) bytearray(b'\x01\x81\x00&\x00')
2026-09-16 20:46:21,931 BTPWorkerThread-2293 (_rx_task) root DEBUG iutctl_common.py          139   read                      : Read 38 bytes data
2026-09-16 20:46:21,931 BTPWorkerThread-2293 (_rx_task) root DEBUG iutctl_common.py          154   read                      : Received data: {'e0 53 00 4c 17 e5 44 af 03 1b 00 09 09 4e 58 4c 36 36 35 32 38 02 0a 0c 0d 03 0c 11 0a 11 0b 11 0e 11 1f 11 1e 11'}, bytearray(b'\xe0S\x00L\x17\xe5D\xaf\x03\x1b\x00\t\tNXL66528\x02\n\x0c\r\x03\x0c\x11\n\x11\x0b\x11\x0e\x11\x1f\x11\x1e\x11')
2026-09-16 20:46:21,931 BTPWorkerThread-2293 (_rx_task) root DEBUG btp.py                    700   event_handler             : Header(svc_id=1, op=129, ctrl_index=0, data_len=38) (b'\xe0S\x00L\x17\xe5D\xaf\x03\x1b\x00\t\tNXL66528\x02\n\x0c\r\x03\x0c\x11\n\x11\x0b\x11\x0e\x11\x1f\x11\x1e\x11',)
2026-09-16 20:46:21,931 BTPWorkerThread-2293 (_rx_task) root DEBUG gap.py                    191   gap_device_found_ev_      : b'\xe0S\x00L\x17\xe5D\xaf\x03\x1b\x00\t\tNXL66528\x02\n\x0c\r\x03\x0c\x11\n\x11\x0b\x11\x0e\x11\x1f\x11\x1e\x11'
2026-09-16 20:46:21,931 BTPWorkerThread-2293 (_rx_task) root DEBUG gap.py                    205   gap_device_found_ev_      : found '44e5174c0053' type 224 eir b'\t\tNXL66528\x02\n\x0c\r\x03\x0c\x11\n\x11\x0b\x11\x0e\x11\x1f\x11\x1e\x11'
2026-09-16 20:46:22,401 BTPWorkerThread-2293 (_rx_task) root DEBUG iutctl_common.py          123   read                      : Read 5 bytes
2026-09-16 20:46:22,402 BTPWorkerThread-2293 (_rx_task) root DEBUG iutctl_common.py          131   read                      : Received: hdr: Header(svc_id=0x01, op=0x81, ctrl_index=0x00, data_len=0x0b) bytearray(b'\x01\x81\x00\x0b\x00')
2026-09-16 20:46:22,402 BTPWorkerThread-2293 (_rx_task) root DEBUG iutctl_common.py          139   read                      : Read 11 bytes data
2026-09-16 20:46:22,402 BTPWorkerThread-2293 (_rx_task) root DEBUG iutctl_common.py          154   read                      : Received data: {'e0 53 00 4c 17 e5 44 b3 03 00 00'}, bytearray(b'\xe0S\x00L\x17\xe5D\xb3\x03\x00\x00')
2026-09-16 20:46:22,402 BTPWorkerThread-2293 (_rx_task) root DEBUG btp.py                    700   event_handler             : Header(svc_id=1, op=129, ctrl_index=0, data_len=11) (b'\xe0S\x00L\x17\xe5D\xb3\x03\x00\x00',)
2026-09-16 20:46:22,402 BTPWorkerThread-2293 (_rx_task) root DEBUG gap.py                    191   gap_device_found_ev_      : b'\xe0S\x00L\x17\xe5D\xb3\x03\x00\x00'
2026-09-16 20:46:22,402 BTPWorkerThread-2293 (_rx_task) root DEBUG gap.py                    205   gap_device_found_ev_      : found '44e5174c0053' type 224 eir b''
2026-09-16 20:46:22,542 BTPWorkerThread-2293 (_rx_task) root DEBUG iutctl_common.py          123   read                      : Read 5 bytes
2026-09-16 20:46:22,543 BTPWorkerThread-2293 (_rx_task) root DEBUG iutctl_common.py          131   read                      : Received: hdr: Header(svc_id=0x01, op=0x81, ctrl_index=0x00, data_len=0x26) bytearray(b'\x01\x81\x00&\x00')
2026-09-16 20:46:22,543 BTPWorkerThread-2293 (_rx_task) root DEBUG iutctl_common.py          139   read                      : Read 38 bytes data
2026-09-16 20:46:22,543 BTPWorkerThread-2293 (_rx_task) root DEBUG iutctl_common.py          154   read                      : Received data: {'e0 53 00 4c 17 e5 44 b3 03 1b 00 09 09 4e 58 4c 36 36 35 32 38 02 0a 0c 0d 03 0c 11 0a 11 0b 11 0e 11 1f 11 1e 11'}, bytearray(b'\xe0S\x00L\x17\xe5D\xb3\x03\x1b\x00\t\tNXL66528\x02\n\x0c\r\x03\x0c\x11\n\x11\x0b\x11\x0e\x11\x1f\x11\x1e\x11')
2026-09-16 20:46:22,543 BTPWorkerThread-2293 (_rx_task) root DEBUG btp.py                    700   event_handler             : Header(svc_id=1, op=129, ctrl_index=0, data_len=38) (b'\xe0S\x00L\x17\xe5D\xb3\x03\x1b\x00\t\tNXL66528\x02\n\x0c\r\x03\x0c\x11\n\x11\x0b\x11\x0e\x11\x1f\x11\x1e\x11',)
2026-09-16 20:46:22,543 BTPWorkerThread-2293 (_rx_task) root DEBUG gap.py                    191   gap_device_found_ev_      : b'\xe0S\x00L\x17\xe5D\xb3\x03\x1b\x00\t\tNXL66528\x02\n\x0c\r\x03\x0c\x11\n\x11\x0b\x11\x0e\x11\x1f\x11\x1e\x11'
2026-09-16 20:46:22,543 BTPWorkerThread-2293 (_rx_task) root DEBUG gap.py                    205   gap_device_found_ev_      : found '44e5174c0053' type 224 eir b'\t\tNXL66528\x02\n\x0c\r\x03\x0c\x11\n\x11\x0b\x11\x0e\x11\x1f\x11\x1e\x11'
2026-09-16 20:46:22,662 BTPWorkerThread-2293 (_rx_task) root DEBUG iutctl_common.py          123   read                      : Read 5 bytes
2026-09-16 20:46:22,662 BTPWorkerThread-2293 (_rx_task) root DEBUG iutctl_common.py          131   read                      : Received: hdr: Header(svc_id=0x01, op=0x81, ctrl_index=0x00, data_len=0x2a) bytearray(b'\x01\x81\x00*\x00')
2026-09-16 20:46:22,662 BTPWorkerThread-2293 (_rx_task) root DEBUG iutctl_common.py          139   read                      : Read 42 bytes data
2026-09-16 20:46:22,663 BTPWorkerThread-2293 (_rx_task) root DEBUG iutctl_common.py          154   read                      : Received data: {'e0 cd 83 06 dc 1b 00 ae 03 1f 00 1e 09 41 32 44 50 20 53 6f 75 72 63 65 20 30 30 3a 31 42 3a 44 43 3a 30 36 3a 38 33 3a 43 44'}, bytearray(b'\xe0\xcd\x83\x06\xdc\x1b\x00\xae\x03\x1f\x00\x1e\tA2DP Source 00:1B:DC:06:83:CD')
2026-09-16 20:46:22,663 BTPWorkerThread-2293 (_rx_task) root DEBUG btp.py                    700   event_handler             : Header(svc_id=1, op=129, ctrl_index=0, data_len=42) (b'\xe0\xcd\x83\x06\xdc\x1b\x00\xae\x03\x1f\x00\x1e\tA2DP Source 00:1B:DC:06:83:CD',)
2026-09-16 20:46:22,663 BTPWorkerThread-2293 (_rx_task) root DEBUG gap.py                    191   gap_device_found_ev_      : b'\xe0\xcd\x83\x06\xdc\x1b\x00\xae\x03\x1f\x00\x1e\tA2DP Source 00:1B:DC:06:83:CD'
2026-09-16 20:46:22,663 BTPWorkerThread-2293 (_rx_task) root DEBUG gap.py                    205   gap_device_found_ev_      : found '001bdc0683cd' type 224 eir b'\x1e\tA2DP Source 00:1B:DC:06:83:CD'
2026-09-16 20:46:22,750 BTPWorkerThread-2293 (_rx_task) root DEBUG iutctl_common.py          123   read                      : Read 5 bytes
2026-09-16 20:46:22,750 BTPWorkerThread-2293 (_rx_task) root DEBUG iutctl_common.py          131   read                      : Received: hdr: Header(svc_id=0x01, op=0x81, ctrl_index=0x00, data_len=0x26) bytearray(b'\x01\x81\x00&\x00')
2026-09-16 20:46:22,750 BTPWorkerThread-2293 (_rx_task) root DEBUG iutctl_common.py          139   read                      : Read 38 bytes data
2026-09-16 20:46:22,751 BTPWorkerThread-2293 (_rx_task) root DEBUG iutctl_common.py          154   read                      : Received data: {'e0 53 00 4c 17 e5 44 b4 03 1b 00 09 09 4e 58 4c 36 36 35 32 38 02 0a 0c 0d 03 0c 11 0a 11 0b 11 0e 11 1f 11 1e 11'}, bytearray(b'\xe0S\x00L\x17\xe5D\xb4\x03\x1b\x00\t\tNXL66528\x02\n\x0c\r\x03\x0c\x11\n\x11\x0b\x11\x0e\x11\x1f\x11\x1e\x11')
2026-09-16 20:46:22,751 BTPWorkerThread-2293 (_rx_task) root DEBUG btp.py                    700   event_handler             : Header(svc_id=1, op=129, ctrl_index=0, data_len=38) (b'\xe0S\x00L\x17\xe5D\xb4\x03\x1b\x00\t\tNXL66528\x02\n\x0c\r\x03\x0c\x11\n\x11\x0b\x11\x0e\x11\x1f\x11\x1e\x11',)
2026-09-16 20:46:22,751 BTPWorkerThread-2293 (_rx_task) root DEBUG gap.py                    191   gap_device_found_ev_      : b'\xe0S\x00L\x17\xe5D\xb4\x03\x1b\x00\t\tNXL66528\x02\n\x0c\r\x03\x0c\x11\n\x11\x0b\x11\x0e\x11\x1f\x11\x1e\x11'
2026-09-16 20:46:22,751 BTPWorkerThread-2293 (_rx_task) root DEBUG gap.py                    205   gap_device_found_ev_      : found '44e5174c0053' type 224 eir b'\t\tNXL66528\x02\n\x0c\r\x03\x0c\x11\n\x11\x0b\x11\x0e\x11\x1f\x11\x1e\x11'
2026-09-16 20:46:23,801 BTPWorkerThread-2293 (_rx_task) root DEBUG iutctl_common.py          123   read                      : Read 5 bytes
2026-09-16 20:46:23,801 BTPWorkerThread-2293 (_rx_task) root DEBUG iutctl_common.py          131   read                      : Received: hdr: Header(svc_id=0x01, op=0x81, ctrl_index=0x00, data_len=0x26) bytearray(b'\x01\x81\x00&\x00')
2026-09-16 20:46:23,801 BTPWorkerThread-2293 (_rx_task) root DEBUG iutctl_common.py          139   read                      : Read 38 bytes data
2026-09-16 20:46:23,802 BTPWorkerThread-2293 (_rx_task) root DEBUG iutctl_common.py          154   read                      : Received data: {'e0 53 00 4c 17 e5 44 b0 03 1b 00 09 09 4e 58 4c 36 36 35 32 38 02 0a 0c 0d 03 0c 11 0a 11 0b 11 0e 11 1f 11 1e 11'}, bytearray(b'\xe0S\x00L\x17\xe5D\xb0\x03\x1b\x00\t\tNXL66528\x02\n\x0c\r\x03\x0c\x11\n\x11\x0b\x11\x0e\x11\x1f\x11\x1e\x11')
2026-09-16 20:46:23,802 BTPWorkerThread-2293 (_rx_task) root DEBUG btp.py                    700   event_handler             : Header(svc_id=1, op=129, ctrl_index=0, data_len=38) (b'\xe0S\x00L\x17\xe5D\xb0\x03\x1b\x00\t\tNXL66528\x02\n\x0c\r\x03\x0c\x11\n\x11\x0b\x11\x0e\x11\x1f\x11\x1e\x11',)
2026-09-16 20:46:23,802 BTPWorkerThread-2293 (_rx_task) root DEBUG gap.py                    191   gap_device_found_ev_      : b'\xe0S\x00L\x17\xe5D\xb0\x03\x1b\x00\t\tNXL66528\x02\n\x0c\r\x03\x0c\x11\n\x11\x0b\x11\x0e\x11\x1f\x11\x1e\x11'
2026-09-16 20:46:23,802 BTPWorkerThread-2293 (_rx_task) root DEBUG gap.py                    205   gap_device_found_ev_      : found '44e5174c0053' type 224 eir b'\t\tNXL66528\x02\n\x0c\r\x03\x0c\x11\n\x11\x0b\x11\x0e\x11\x1f\x11\x1e\x11'
2026-09-16 20:46:24,734 BTPWorkerThread-2293 (_rx_task) root DEBUG iutctl_common.py          123   read                      : Read 5 bytes
2026-09-16 20:46:24,734 BTPWorkerThread-2293 (_rx_task) root DEBUG iutctl_common.py          131   read                      : Received: hdr: Header(svc_id=0x01, op=0x81, ctrl_index=0x00, data_len=0x2a) bytearray(b'\x01\x81\x00*\x00')
2026-09-16 20:46:24,734 BTPWorkerThread-2293 (_rx_task) root DEBUG iutctl_common.py          139   read                      : Read 42 bytes data
2026-09-16 20:46:24,735 BTPWorkerThread-2293 (_rx_task) root DEBUG iutctl_common.py          154   read                      : Received data: {'e0 eb b2 06 dc 1b 00 ae 03 1f 00 1e 09 41 32 44 50 20 53 6f 75 72 63 65 20 30 30 3a 31 42 3a 44 43 3a 30 36 3a 42 32 3a 45 42'}, bytearray(b'\xe0\xeb\xb2\x06\xdc\x1b\x00\xae\x03\x1f\x00\x1e\tA2DP Source 00:1B:DC:06:B2:EB')
2026-09-16 20:46:24,735 BTPWorkerThread-2293 (_rx_task) root DEBUG btp.py                    700   event_handler             : Header(svc_id=1, op=129, ctrl_index=0, data_len=42) (b'\xe0\xeb\xb2\x06\xdc\x1b\x00\xae\x03\x1f\x00\x1e\tA2DP Source 00:1B:DC:06:B2:EB',)
2026-09-16 20:46:24,735 BTPWorkerThread-2293 (_rx_task) root DEBUG gap.py                    191   gap_device_found_ev_      : b'\xe0\xeb\xb2\x06\xdc\x1b\x00\xae\x03\x1f\x00\x1e\tA2DP Source 00:1B:DC:06:B2:EB'
2026-09-16 20:46:24,735 BTPWorkerThread-2293 (_rx_task) root DEBUG gap.py                    205   gap_device_found_ev_      : found '001bdc06b2eb' type 224 eir b'\x1e\tA2DP Source 00:1B:DC:06:B2:EB'
2026-09-16 20:46:25,267 BTPWorkerThread-2293 (_rx_task) root DEBUG iutctl_common.py          123   read                      : Read 5 bytes
2026-09-16 20:46:25,268 BTPWorkerThread-2293 (_rx_task) root DEBUG iutctl_common.py          131   read                      : Received: hdr: Header(svc_id=0x01, op=0x81, ctrl_index=0x00, data_len=0x2a) bytearray(b'\x01\x81\x00*\x00')
2026-09-16 20:46:25,268 BTPWorkerThread-2293 (_rx_task) root DEBUG iutctl_common.py          139   read                      : Read 42 bytes data
2026-09-16 20:46:25,268 BTPWorkerThread-2293 (_rx_task) root DEBUG iutctl_common.py          154   read                      : Received data: {'e0 eb b2 06 dc 1b 00 af 03 1f 00 1e 09 41 32 44 50 20 53 6f 75 72 63 65 20 30 30 3a 31 42 3a 44 43 3a 30 36 3a 42 32 3a 45 42'}, bytearray(b'\xe0\xeb\xb2\x06\xdc\x1b\x00\xaf\x03\x1f\x00\x1e\tA2DP Source 00:1B:DC:06:B2:EB')
2026-09-16 20:46:25,268 BTPWorkerThread-2293 (_rx_task) root DEBUG btp.py                    700   event_handler             : Header(svc_id=1, op=129, ctrl_index=0, data_len=42) (b'\xe0\xeb\xb2\x06\xdc\x1b\x00\xaf\x03\x1f\x00\x1e\tA2DP Source 00:1B:DC:06:B2:EB',)
2026-09-16 20:46:25,268 BTPWorkerThread-2293 (_rx_task) root DEBUG gap.py                    191   gap_device_found_ev_      : b'\xe0\xeb\xb2\x06\xdc\x1b\x00\xaf\x03\x1f\x00\x1e\tA2DP Source 00:1B:DC:06:B2:EB'
2026-09-16 20:46:25,268 BTPWorkerThread-2293 (_rx_task) root DEBUG gap.py                    205   gap_device_found_ev_      : found '001bdc06b2eb' type 224 eir b'\x1e\tA2DP Source 00:1B:DC:06:B2:EB'
2026-09-16 20:46:25,496 BTPWorkerThread-2293 (_rx_task) root DEBUG iutctl_common.py          123   read                      : Read 5 bytes
2026-09-16 20:46:25,496 BTPWorkerThread-2293 (_rx_task) root DEBUG iutctl_common.py          131   read                      : Received: hdr: Header(svc_id=0x01, op=0x81, ctrl_index=0x00, data_len=0x2a) bytearray(b'\x01\x81\x00*\x00')
2026-09-16 20:46:25,497 BTPWorkerThread-2293 (_rx_task) root DEBUG iutctl_common.py          139   read                      : Read 42 bytes data
2026-09-16 20:46:25,497 BTPWorkerThread-2293 (_rx_task) root DEBUG iutctl_common.py          154   read                      : Received data: {'e0 eb b2 06 dc 1b 00 a8 03 1f 00 1e 09 41 32 44 50 20 53 6f 75 72 63 65 20 30 30 3a 31 42 3a 44 43 3a 30 36 3a 42 32 3a 45 42'}, bytearray(b'\xe0\xeb\xb2\x06\xdc\x1b\x00\xa8\x03\x1f\x00\x1e\tA2DP Source 00:1B:DC:06:B2:EB')
2026-09-16 20:46:25,497 BTPWorkerThread-2293 (_rx_task) root DEBUG btp.py                    700   event_handler             : Header(svc_id=1, op=129, ctrl_index=0, data_len=42) (b'\xe0\xeb\xb2\x06\xdc\x1b\x00\xa8\x03\x1f\x00\x1e\tA2DP Source 00:1B:DC:06:B2:EB',)
2026-09-16 20:46:25,497 BTPWorkerThread-2293 (_rx_task) root DEBUG gap.py                    191   gap_device_found_ev_      : b'\xe0\xeb\xb2\x06\xdc\x1b\x00\xa8\x03\x1f\x00\x1e\tA2DP Source 00:1B:DC:06:B2:EB'
2026-09-16 20:46:25,497 BTPWorkerThread-2293 (_rx_task) root DEBUG gap.py                    205   gap_device_found_ev_      : found '001bdc06b2eb' type 224 eir b'\x1e\tA2DP Source 00:1B:DC:06:B2:EB'
2026-09-16 20:46:25,660 BTPWorkerThread-2293 (_rx_task) root DEBUG iutctl_common.py          123   read                      : Read 5 bytes
2026-09-16 20:46:25,660 BTPWorkerThread-2293 (_rx_task) root DEBUG iutctl_common.py          131   read                      : Received: hdr: Header(svc_id=0x01, op=0x81, ctrl_index=0x00, data_len=0x1a) bytearray(b'\x01\x81\x00\x1a\x00')
2026-09-16 20:46:25,660 BTPWorkerThread-2293 (_rx_task) root DEBUG iutctl_common.py          139   read                      : Read 26 bytes data
2026-09-16 20:46:25,660 BTPWorkerThread-2293 (_rx_task) root DEBUG iutctl_common.py          154   read                      : Received data: {'e0 4e e4 08 dc 1b 00 cf 03 0f 00 0e 09 50 54 53 2d 47 41 50 2d 45 34 34 45 00'}, bytearray(b'\xe0N\xe4\x08\xdc\x1b\x00\xcf\x03\x0f\x00\x0e\tPTS-GAP-E44E\x00')
2026-09-16 20:46:25,661 BTPWorkerThread-2293 (_rx_task) root DEBUG btp.py                    700   event_handler             : Header(svc_id=1, op=129, ctrl_index=0, data_len=26) (b'\xe0N\xe4\x08\xdc\x1b\x00\xcf\x03\x0f\x00\x0e\tPTS-GAP-E44E\x00',)
2026-09-16 20:46:25,661 BTPWorkerThread-2293 (_rx_task) root DEBUG gap.py                    191   gap_device_found_ev_      : b'\xe0N\xe4\x08\xdc\x1b\x00\xcf\x03\x0f\x00\x0e\tPTS-GAP-E44E\x00'
2026-09-16 20:46:25,661 BTPWorkerThread-2293 (_rx_task) root DEBUG gap.py                    205   gap_device_found_ev_      : found '001bdc08e44e' type 224 eir b'\x0e\tPTS-GAP-E44E\x00'
2026-09-16 20:46:25,726 BTPWorkerThread-2293 (_rx_task) root DEBUG iutctl_common.py          123   read                      : Read 5 bytes
2026-09-16 20:46:25,727 BTPWorkerThread-2293 (_rx_task) root DEBUG iutctl_common.py          131   read                      : Received: hdr: Header(svc_id=0x01, op=0x81, ctrl_index=0x00, data_len=0x26) bytearray(b'\x01\x81\x00&\x00')
2026-09-16 20:46:25,727 BTPWorkerThread-2293 (_rx_task) root DEBUG iutctl_common.py          139   read                      : Read 38 bytes data
2026-09-16 20:46:25,727 BTPWorkerThread-2293 (_rx_task) root DEBUG iutctl_common.py          154   read                      : Received data: {'e0 53 00 4c 17 e5 44 a9 03 1b 00 09 09 4e 58 4c 36 36 35 32 38 02 0a 0c 0d 03 0c 11 0a 11 0b 11 0e 11 1f 11 1e 11'}, bytearray(b'\xe0S\x00L\x17\xe5D\xa9\x03\x1b\x00\t\tNXL66528\x02\n\x0c\r\x03\x0c\x11\n\x11\x0b\x11\x0e\x11\x1f\x11\x1e\x11')
2026-09-16 20:46:25,727 BTPWorkerThread-2293 (_rx_task) root DEBUG btp.py                    700   event_handler             : Header(svc_id=1, op=129, ctrl_index=0, data_len=38) (b'\xe0S\x00L\x17\xe5D\xa9\x03\x1b\x00\t\tNXL66528\x02\n\x0c\r\x03\x0c\x11\n\x11\x0b\x11\x0e\x11\x1f\x11\x1e\x11',)
2026-09-16 20:46:25,727 BTPWorkerThread-2293 (_rx_task) root DEBUG gap.py                    191   gap_device_found_ev_      : b'\xe0S\x00L\x17\xe5D\xa9\x03\x1b\x00\t\tNXL66528\x02\n\x0c\r\x03\x0c\x11\n\x11\x0b\x11\x0e\x11\x1f\x11\x1e\x11'
2026-09-16 20:46:25,727 BTPWorkerThread-2293 (_rx_task) root DEBUG gap.py                    205   gap_device_found_ev_      : found '44e5174c0053' type 224 eir b'\t\tNXL66528\x02\n\x0c\r\x03\x0c\x11\n\x11\x0b\x11\x0e\x11\x1f\x11\x1e\x11'
2026-09-16 20:46:25,759 BTPWorkerThread-2293 (_rx_task) root DEBUG iutctl_common.py          123   read                      : Read 5 bytes
2026-09-16 20:46:25,760 BTPWorkerThread-2293 (_rx_task) root DEBUG iutctl_common.py          131   read                      : Received: hdr: Header(svc_id=0x01, op=0x81, ctrl_index=0x00, data_len=0x1a) bytearray(b'\x01\x81\x00\x1a\x00')
2026-09-16 20:46:25,760 BTPWorkerThread-2293 (_rx_task) root DEBUG iutctl_common.py          139   read                      : Read 26 bytes data
2026-09-16 20:46:25,760 BTPWorkerThread-2293 (_rx_task) root DEBUG iutctl_common.py          154   read                      : Received data: {'e0 4e e4 08 dc 1b 00 d2 03 0f 00 0e 09 50 54 53 2d 47 41 50 2d 45 34 34 45 00'}, bytearray(b'\xe0N\xe4\x08\xdc\x1b\x00\xd2\x03\x0f\x00\x0e\tPTS-GAP-E44E\x00')
2026-09-16 20:46:25,760 BTPWorkerThread-2293 (_rx_task) root DEBUG btp.py                    700   event_handler             : Header(svc_id=1, op=129, ctrl_index=0, data_len=26) (b'\xe0N\xe4\x08\xdc\x1b\x00\xd2\x03\x0f\x00\x0e\tPTS-GAP-E44E\x00',)
2026-09-16 20:46:25,760 BTPWorkerThread-2293 (_rx_task) root DEBUG gap.py                    191   gap_device_found_ev_      : b'\xe0N\xe4\x08\xdc\x1b\x00\xd2\x03\x0f\x00\x0e\tPTS-GAP-E44E\x00'
2026-09-16 20:46:25,760 BTPWorkerThread-2293 (_rx_task) root DEBUG gap.py                    205   gap_device_found_ev_      : found '001bdc08e44e' type 224 eir b'\x0e\tPTS-GAP-E44E\x00'
2026-09-16 20:46:26,273 BTPWorkerThread-2293 (_rx_task) root DEBUG iutctl_common.py          123   read                      : Read 5 bytes
2026-09-16 20:46:26,274 BTPWorkerThread-2293 (_rx_task) root DEBUG iutctl_common.py          131   read                      : Received: hdr: Header(svc_id=0x01, op=0x81, ctrl_index=0x00, data_len=0x1a) bytearray(b'\x01\x81\x00\x1a\x00')
2026-09-16 20:46:26,274 BTPWorkerThread-2293 (_rx_task) root DEBUG iutctl_common.py          139   read                      : Read 26 bytes data
2026-09-16 20:46:26,274 BTPWorkerThread-2293 (_rx_task) root DEBUG iutctl_common.py          154   read                      : Received data: {'e0 4e e4 08 dc 1b 00 d2 03 0f 00 0e 09 50 54 53 2d 47 41 50 2d 45 34 34 45 00'}, bytearray(b'\xe0N\xe4\x08\xdc\x1b\x00\xd2\x03\x0f\x00\x0e\tPTS-GAP-E44E\x00')
2026-09-16 20:46:26,274 BTPWorkerThread-2293 (_rx_task) root DEBUG btp.py                    700   event_handler             : Header(svc_id=1, op=129, ctrl_index=0, data_len=26) (b'\xe0N\xe4\x08\xdc\x1b\x00\xd2\x03\x0f\x00\x0e\tPTS-GAP-E44E\x00',)
2026-09-16 20:46:26,274 BTPWorkerThread-2293 (_rx_task) root DEBUG gap.py                    191   gap_device_found_ev_      : b'\xe0N\xe4\x08\xdc\x1b\x00\xd2\x03\x0f\x00\x0e\tPTS-GAP-E44E\x00'
2026-09-16 20:46:26,274 BTPWorkerThread-2293 (_rx_task) root DEBUG gap.py                    205   gap_device_found_ev_      : found '001bdc08e44e' type 224 eir b'\x0e\tPTS-GAP-E44E\x00'
2026-09-16 20:46:26,317 BTPWorkerThread-2293 (_rx_task) root DEBUG iutctl_common.py          123   read                      : Read 5 bytes
2026-09-16 20:46:26,318 BTPWorkerThread-2293 (_rx_task) root DEBUG iutctl_common.py          131   read                      : Received: hdr: Header(svc_id=0x01, op=0x81, ctrl_index=0x00, data_len=0x2a) bytearray(b'\x01\x81\x00*\x00')
2026-09-16 20:46:26,318 BTPWorkerThread-2293 (_rx_task) root DEBUG iutctl_common.py          139   read                      : Read 42 bytes data
2026-09-16 20:46:26,318 BTPWorkerThread-2293 (_rx_task) root DEBUG iutctl_common.py          154   read                      : Received data: {'e0 eb b2 06 dc 1b 00 b2 03 1f 00 1e 09 41 32 44 50 20 53 6f 75 72 63 65 20 30 30 3a 31 42 3a 44 43 3a 30 36 3a 42 32 3a 45 42'}, bytearray(b'\xe0\xeb\xb2\x06\xdc\x1b\x00\xb2\x03\x1f\x00\x1e\tA2DP Source 00:1B:DC:06:B2:EB')
2026-09-16 20:46:26,318 BTPWorkerThread-2293 (_rx_task) root DEBUG btp.py                    700   event_handler             : Header(svc_id=1, op=129, ctrl_index=0, data_len=42) (b'\xe0\xeb\xb2\x06\xdc\x1b\x00\xb2\x03\x1f\x00\x1e\tA2DP Source 00:1B:DC:06:B2:EB',)
2026-09-16 20:46:26,318 BTPWorkerThread-2293 (_rx_task) root DEBUG gap.py                    191   gap_device_found_ev_      : b'\xe0\xeb\xb2\x06\xdc\x1b\x00\xb2\x03\x1f\x00\x1e\tA2DP Source 00:1B:DC:06:B2:EB'
2026-09-16 20:46:26,318 BTPWorkerThread-2293 (_rx_task) root DEBUG gap.py                    205   gap_device_found_ev_      : found '001bdc06b2eb' type 224 eir b'\x1e\tA2DP Source 00:1B:DC:06:B2:EB'
2026-09-16 20:46:26,662 LT1-thread root DEBUG gap.py                    1148  gap_stop_discovery        : 
2026-09-16 20:46:26,662 LT1-thread root DEBUG iutctl_common.py          161   send                      : 1 13 0 ''
2026-09-16 20:46:26,662 LT1-thread root DEBUG iutctl_common.py          166   send                      : sending frame '010d000000'
2026-09-16 20:46:26,662 LT1-thread root DEBUG gap.py                    1227  gap_command_rsp_succ      : 
2026-09-16 20:46:26,662 LT1-thread root DEBUG iutctl_common.py          339   read                      : 
2026-09-16 20:46:26,694 BTPWorkerThread-2293 (_rx_task) root DEBUG iutctl_common.py          123   read                      : Read 5 bytes
2026-09-16 20:46:26,704 BTPWorkerThread-2293 (_rx_task) root DEBUG iutctl_common.py          131   read                      : Received: hdr: Header(svc_id=0x01, op=0x0d, ctrl_index=0x00, data_len=0x00) bytearray(b'\x01\r\x00\x00\x00')
2026-09-16 20:46:26,715 BTPWorkerThread-2293 (_rx_task) root DEBUG iutctl_common.py          154   read                      : Received data: {''}, bytearray(b'')
2026-09-16 20:46:26,721 LT1-thread root DEBUG gap.py                    1232  gap_command_rsp_succ      : received Header(svc_id=1, op=13, ctrl_index=0, data_len=0) (b'',)
2026-09-16 20:46:26,721 LT1-thread root DEBUG gap.py                    1508  check_discovery_results   : 224 '001bdc08e44e' True None
2026-09-16 20:46:26,721 LT1-thread root DEBUG gap.py                    1517  check_discovery_results   : matching LeAdv(addr_type=224, addr='001bdc0683cd', rssi=173, flags=3, eir=b'\x1e\tA2DP Source 00:1B:DC:06:83:CD')
2026-09-16 20:46:26,721 LT1-thread root DEBUG gap.py                    1517  check_discovery_results   : matching LeAdv(addr_type=224, addr='44e5174c0053', rssi=179, flags=3, eir=b'\t\tNXL66528\x02\n\x0c\r\x03\x0c\x11\n\x11\x0b\x11\x0e\x11\x1f\x11\x1e\x11')
2026-09-16 20:46:26,721 LT1-thread root DEBUG gap.py                    1517  check_discovery_results   : matching LeAdv(addr_type=224, addr='44e5174c0053', rssi=180, flags=3, eir=b'\t\tNXL66528\x02\n\x0c\r\x03\x0c\x11\n\x11\x0b\x11\x0e\x11\x1f\x11\x1e\x11')
2026-09-16 20:46:26,722 LT1-thread root DEBUG gap.py                    1517  check_discovery_results   : matching LeAdv(addr_type=224, addr='44e5174c0053', rssi=180, flags=3, eir=b'\t\tNXL66528\x02\n\x0c\r\x03\x0c\x11\n\x11\x0b\x11\x0e\x11\x1f\x11\x1e\x11')
2026-09-16 20:46:26,722 LT1-thread root DEBUG gap.py                    1517  check_discovery_results   : matching LeAdv(addr_type=224, addr='44e5174c0053', rssi=177, flags=3, eir=b'\t\tNXL66528\x02\n\x0c\r\x03\x0c\x11\n\x11\x0b\x11\x0e\x11\x1f\x11\x1e\x11')
2026-09-16 20:46:26,722 LT1-thread root DEBUG gap.py                    1517  check_discovery_results   : matching LeAdv(addr_type=224, addr='001bdc08e44e', rssi=211, flags=3, eir=b'\x0e\tPTS-GAP-E44E\x00')
2026-09-16 20:46:26,722 LT1-thread root DEBUG gap.py                    760   gap_connect               : None 224
2026-09-16 20:46:26,722 LT1-thread root DEBUG iutctl_common.py          161   send                      : 1 14 0 "bytearray(b'\\xe0N\\xe4\\x08\\xdc\\x1b\\x00\\x00')"
2026-09-16 20:46:26,722 LT1-thread root DEBUG iutctl_common.py          166   send                      : sending frame '010e000800e04ee408dc1b0000'
2026-09-16 20:46:26,722 LT1-thread root DEBUG iutctl_common.py          339   read                      : 
2026-09-16 20:46:26,765 BTPWorkerThread-2293 (_rx_task) root DEBUG iutctl_common.py          123   read                      : Read 5 bytes
2026-09-16 20:46:26,770 BTPWorkerThread-2293 (_rx_task) root DEBUG iutctl_common.py          131   read                      : Received: hdr: Header(svc_id=0x01, op=0x0e, ctrl_index=0x00, data_len=0x00) bytearray(b'\x01\x0e\x00\x00\x00')
2026-09-16 20:46:26,770 BTPWorkerThread-2293 (_rx_task) root DEBUG iutctl_common.py          154   read                      : Received data: {''}, bytearray(b'')
2026-09-16 20:46:30,215 BTPWorkerThread-2293 (_rx_task) root DEBUG iutctl_common.py          123   read                      : Read 5 bytes
2026-09-16 20:46:30,215 BTPWorkerThread-2293 (_rx_task) root DEBUG iutctl_common.py          131   read                      : Received: hdr: Header(svc_id=0x01, op=0x82, ctrl_index=0x00, data_len=0x0d) bytearray(b'\x01\x82\x00\r\x00')
2026-09-16 20:46:30,215 BTPWorkerThread-2293 (_rx_task) root DEBUG iutctl_common.py          139   read                      : Read 13 bytes data
2026-09-16 20:46:30,216 BTPWorkerThread-2293 (_rx_task) root DEBUG iutctl_common.py          154   read                      : Received data: {'e0 4e e4 08 dc 1b 00 00 00 00 00 00 00'}, bytearray(b'\xe0N\xe4\x08\xdc\x1b\x00\x00\x00\x00\x00\x00\x00')
2026-09-16 20:46:30,216 BTPWorkerThread-2293 (_rx_task) root DEBUG btp.py                    700   event_handler             : Header(svc_id=1, op=130, ctrl_index=0, data_len=13) (b'\xe0N\xe4\x08\xdc\x1b\x00\x00\x00\x00\x00\x00\x00',)
2026-09-16 20:46:30,216 BTPWorkerThread-2293 (_rx_task) root DEBUG gap.py                    213   gap_connected_ev_         : b'\xe0N\xe4\x08\xdc\x1b\x00\x00\x00\x00\x00\x00\x00'
2026-09-16 20:46:30,292 LT1-thread root DEBUG testcase.py               722   run_wid                   : Sending response 'OK' to wid 102 test case GAP/SEC/SEM/BI-06-C
2026-09-16 20:46:30,294 LT1-thread root DEBUG client.py                 276   get_result                : ClientCallback.get_result run_test_case
2026-09-16 20:46:30,297 LT1-callback ClientCallback.on_implicit_send INFO client.py                 223   on_implicit_send          : 
    ********************
    BEGIN OnImplicitSend:
    project_name: GAP
    wid: 265
    test_case_name: GAP/SEC/SEM/BI-06-C
    description: Please initiate a link encryption with the Lower Tester.
    style: MMI_Style_Ok_Cancel2 0x11141
2026-09-16 20:46:30,297 LT1-callback ClientCallback.on_implicit_send INFO client.py                 236   on_implicit_send          : Calling test cases on_implicit_send
2026-09-16 20:46:30,297 LT1-callback ClientCallback.on_implicit_send INFO client.py                 249   on_implicit_send          : 
    on_implicit_send returned response: WAIT
    END OnImplicitSend
    ********************
2026-09-16 20:46:31,296 LT1-thread root DEBUG testcase.py               679   run_wid                   : GAP GAP/SEC/SEM/BI-06-C on_implicit_send
2026-09-16 20:46:31,296 LT1-thread root DEBUG gap_wid.py                26    gap_wid_hdl               : gap_wid_hdl, 265, Please initiate a link encryption with the Lower Tester., GAP/SEC/SEM/BI-06-C
2026-09-16 20:46:31,296 LT1-thread root DEBUG gap.py                    871   gap_pair                  : None 224
2026-09-16 20:46:31,296 LT1-thread root DEBUG iutctl_common.py          161   send                      : 1 17 0 "bytearray(b'\\xe0N\\xe4\\x08\\xdc\\x1b\\x00')"
2026-09-16 20:46:31,296 LT1-thread root DEBUG iutctl_common.py          166   send                      : sending frame '0111000700e04ee408dc1b00'
2026-09-16 20:46:31,296 LT1-thread root DEBUG gap.py                    1227  gap_command_rsp_succ      : 
2026-09-16 20:46:31,296 LT1-thread root DEBUG iutctl_common.py          339   read                      : 
2026-09-16 20:46:31,326 BTPWorkerThread-2293 (_rx_task) root DEBUG iutctl_common.py          123   read                      : Read 5 bytes
2026-09-16 20:46:31,338 BTPWorkerThread-2293 (_rx_task) root DEBUG iutctl_common.py          131   read                      : Received: hdr: Header(svc_id=0x01, op=0x11, ctrl_index=0x00, data_len=0x00) bytearray(b'\x01\x11\x00\x00\x00')
2026-09-16 20:46:31,348 BTPWorkerThread-2293 (_rx_task) root DEBUG iutctl_common.py          154   read                      : Received data: {''}, bytearray(b'')
2026-09-16 20:46:31,354 LT1-thread root DEBUG gap.py                    1232  gap_command_rsp_succ      : received Header(svc_id=1, op=17, ctrl_index=0, data_len=0) (b'',)
2026-09-16 20:46:31,354 LT1-thread root DEBUG testcase.py               722   run_wid                   : Sending response 'OK' to wid 265 test case GAP/SEC/SEM/BI-06-C
2026-09-16 20:46:31,356 LT1-thread root DEBUG client.py                 276   get_result                : ClientCallback.get_result run_test_case
2026-09-16 20:46:33,060 BTPWorkerThread-2293 (_rx_task) root DEBUG iutctl_common.py          123   read                      : Read 5 bytes
2026-09-16 20:46:33,060 BTPWorkerThread-2293 (_rx_task) root DEBUG iutctl_common.py          131   read                      : Received: hdr: Header(svc_id=0x01, op=0x91, ctrl_index=0x00, data_len=0x09) bytearray(b'\x01\x91\x00\t\x00')
2026-09-16 20:46:33,060 BTPWorkerThread-2293 (_rx_task) root DEBUG iutctl_common.py          139   read                      : Read 9 bytes data
2026-09-16 20:46:33,060 BTPWorkerThread-2293 (_rx_task) root DEBUG iutctl_common.py          154   read                      : Received data: {'e0 4e e4 08 dc 1b 00 00 00'}, bytearray(b'\xe0N\xe4\x08\xdc\x1b\x00\x00\x00')
2026-09-16 20:46:33,060 BTPWorkerThread-2293 (_rx_task) root DEBUG btp.py                    700   event_handler             : Header(svc_id=1, op=145, ctrl_index=0, data_len=9) (b'\xe0N\xe4\x08\xdc\x1b\x00\x00\x00',)
2026-09-16 20:46:33,060 BTPWorkerThread-2293 (_rx_task) root DEBUG gap.py                    492   gap_encryption_change_ev_ : 
2026-09-16 20:46:33,060 BTPWorkerThread-2293 (_rx_task) root DEBUG gap.py                    494   gap_encryption_change_ev_ : enc change received b'\xe0N\xe4\x08\xdc\x1b\x00\x00\x00'
2026-09-16 20:46:33,060 BTPWorkerThread-2293 (_rx_task) root DEBUG gap.py                    503   gap_encryption_change_ev_ : received (224, '001bdc08e44e', 0, 0)
2026-09-16 20:46:51,237 LT1-callback ClientCallback.on_implicit_send INFO client.py                 223   on_implicit_send          : 
    ********************
    BEGIN OnImplicitSend:
    project_name: GAP
    wid: 266
    test_case_name: GAP/SEC/SEM/BI-06-C
    description: Please confirm that the IUT signals to the Upper Tester that the channel establishment failure after link encryption.

Click 'Yes' If there is channel establishment failure otherwise click 'No'.
    style: MMI_Style_Yes_No1 0x11044
2026-09-16 20:46:51,237 LT1-callback ClientCallback.on_implicit_send INFO client.py                 236   on_implicit_send          : Calling test cases on_implicit_send
2026-09-16 20:46:51,237 LT1-callback ClientCallback.on_implicit_send INFO client.py                 249   on_implicit_send          : 
    on_implicit_send returned response: WAIT
    END OnImplicitSend
    ********************
2026-09-16 20:46:51,366 LT1-thread root DEBUG testcase.py               679   run_wid                   : GAP GAP/SEC/SEM/BI-06-C on_implicit_send
2026-09-16 20:46:51,366 LT1-thread root DEBUG gap_wid.py                26    gap_wid_hdl               : gap_wid_hdl, 266, Please confirm that the IUT signals to the Upper Tester that the channel establishment failure after link encryption.

Click 'Yes' If there is channel establishment failure otherwise click 'No'., GAP/SEC/SEM/BI-06-C
2026-09-16 20:47:21,368 EventTimerThread-2314 root ERROR common.py                 44    timeout_cb                : Timeout after 30 seconds while waiting for event <threading.Event at 0x2a76a04af90: set> with condition         return wait_for_event(timeout, lambda: not self.is_connected(addr=addr))

2026-09-16 20:47:21,399 LT1-thread root DEBUG testcase.py               722   run_wid                   : Sending response 'Yes' to wid 266 test case GAP/SEC/SEM/BI-06-C
2026-09-16 20:47:21,401 LT1-thread root DEBUG client.py                 276   get_result                : ClientCallback.get_result run_test_case
2026-09-16 20:47:26,426 BTPWorkerThread-2293 (_rx_task) root DEBUG iutctl_common.py          123   read                      : Read 5 bytes
2026-09-16 20:47:26,426 BTPWorkerThread-2293 (_rx_task) root DEBUG iutctl_common.py          131   read                      : Received: hdr: Header(svc_id=0x01, op=0x83, ctrl_index=0x00, data_len=0x07) bytearray(b'\x01\x83\x00\x07\x00')
2026-09-16 20:47:26,427 BTPWorkerThread-2293 (_rx_task) root DEBUG iutctl_common.py          139   read                      : Read 7 bytes data
2026-09-16 20:47:26,427 BTPWorkerThread-2293 (_rx_task) root DEBUG iutctl_common.py          154   read                      : Received data: {'e0 4e e4 08 dc 1b 00'}, bytearray(b'\xe0N\xe4\x08\xdc\x1b\x00')
2026-09-16 20:47:26,427 BTPWorkerThread-2293 (_rx_task) root DEBUG btp.py                    700   event_handler             : Header(svc_id=1, op=131, ctrl_index=0, data_len=7) (b'\xe0N\xe4\x08\xdc\x1b\x00',)
2026-09-16 20:47:26,427 BTPWorkerThread-2293 (_rx_task) root DEBUG gap.py                    226   gap_disconnected_ev_      : b'\xe0N\xe4\x08\xdc\x1b\x00'
2026-09-16 20:47:26,863 LT1-callback ClientCallback.on_implicit_send INFO client.py                 223   on_implicit_send          : 
    ********************
    BEGIN OnImplicitSend:
    project_name: GAP
    wid: 102
    test_case_name: GAP/SEC/SEM/BI-06-C
    description: Please send an HCI connect request to establish a basic rate connection after the IUT discovers the Lower Tester over BR and LE.
    style: MMI_Style_Ok_Cancel2 0x11141
2026-09-16 20:47:26,863 LT1-callback ClientCallback.on_implicit_send INFO client.py                 236   on_implicit_send          : Calling test cases on_implicit_send
2026-09-16 20:47:26,863 LT1-callback ClientCallback.on_implicit_send INFO client.py                 249   on_implicit_send          : 
    on_implicit_send returned response: WAIT
    END OnImplicitSend
    ********************
2026-09-16 20:47:27,405 LT1-thread root DEBUG testcase.py               679   run_wid                   : GAP GAP/SEC/SEM/BI-06-C on_implicit_send
2026-09-16 20:47:27,405 LT1-thread root DEBUG gap_wid.py                26    gap_wid_hdl               : gap_wid_hdl, 102, Please send an HCI connect request to establish a basic rate connection after the IUT discovers the Lower Tester over BR and LE., GAP/SEC/SEM/BI-06-C
2026-09-16 20:47:27,405 LT1-thread root DEBUG gap.py                    1120  gap_start_discovery       : 
2026-09-16 20:47:27,405 LT1-thread root DEBUG iutctl_common.py          161   send                      : 1 12 0 '\x02'
2026-09-16 20:47:27,405 LT1-thread root DEBUG iutctl_common.py          166   send                      : sending frame '010c00010002'
2026-09-16 20:47:27,405 LT1-thread root DEBUG gap.py                    1227  gap_command_rsp_succ      : 
2026-09-16 20:47:27,406 LT1-thread root DEBUG iutctl_common.py          339   read                      : 
2026-09-16 20:47:27,433 BTPWorkerThread-2293 (_rx_task) root DEBUG iutctl_common.py          123   read                      : Read 5 bytes
2026-09-16 20:47:27,444 BTPWorkerThread-2293 (_rx_task) root DEBUG iutctl_common.py          131   read                      : Received: hdr: Header(svc_id=0x01, op=0x0c, ctrl_index=0x00, data_len=0x00) bytearray(b'\x01\x0c\x00\x00\x00')
2026-09-16 20:47:27,449 BTPWorkerThread-2293 (_rx_task) root DEBUG iutctl_common.py          154   read                      : Received data: {''}, bytearray(b'')
2026-09-16 20:47:27,455 LT1-thread root DEBUG gap.py                    1232  gap_command_rsp_succ      : received Header(svc_id=1, op=12, ctrl_index=0, data_len=0) (b'',)
2026-09-16 20:47:28,386 BTPWorkerThread-2293 (_rx_task) root DEBUG iutctl_common.py          123   read                      : Read 5 bytes
2026-09-16 20:47:28,386 BTPWorkerThread-2293 (_rx_task) root DEBUG iutctl_common.py          131   read                      : Received: hdr: Header(svc_id=0x01, op=0x81, ctrl_index=0x00, data_len=0x26) bytearray(b'\x01\x81\x00&\x00')
2026-09-16 20:47:28,386 BTPWorkerThread-2293 (_rx_task) root DEBUG iutctl_common.py          139   read                      : Read 38 bytes data
2026-09-16 20:47:28,387 BTPWorkerThread-2293 (_rx_task) root DEBUG iutctl_common.py          154   read                      : Received data: {'e0 53 00 4c 17 e5 44 a7 03 1b 00 09 09 4e 58 4c 36 36 35 32 38 02 0a 0c 0d 03 0c 11 0a 11 0b 11 0e 11 1f 11 1e 11'}, bytearray(b'\xe0S\x00L\x17\xe5D\xa7\x03\x1b\x00\t\tNXL66528\x02\n\x0c\r\x03\x0c\x11\n\x11\x0b\x11\x0e\x11\x1f\x11\x1e\x11')
2026-09-16 20:47:28,387 BTPWorkerThread-2293 (_rx_task) root DEBUG btp.py                    700   event_handler             : Header(svc_id=1, op=129, ctrl_index=0, data_len=38) (b'\xe0S\x00L\x17\xe5D\xa7\x03\x1b\x00\t\tNXL66528\x02\n\x0c\r\x03\x0c\x11\n\x11\x0b\x11\x0e\x11\x1f\x11\x1e\x11',)
2026-09-16 20:47:28,387 BTPWorkerThread-2293 (_rx_task) root DEBUG gap.py                    191   gap_device_found_ev_      : b'\xe0S\x00L\x17\xe5D\xa7\x03\x1b\x00\t\tNXL66528\x02\n\x0c\r\x03\x0c\x11\n\x11\x0b\x11\x0e\x11\x1f\x11\x1e\x11'
2026-09-16 20:47:28,387 BTPWorkerThread-2293 (_rx_task) root DEBUG gap.py                    205   gap_device_found_ev_      : found '44e5174c0053' type 224 eir b'\t\tNXL66528\x02\n\x0c\r\x03\x0c\x11\n\x11\x0b\x11\x0e\x11\x1f\x11\x1e\x11'
2026-09-16 20:47:28,691 BTPWorkerThread-2293 (_rx_task) root DEBUG iutctl_common.py          123   read                      : Read 5 bytes
2026-09-16 20:47:28,691 BTPWorkerThread-2293 (_rx_task) root DEBUG iutctl_common.py          131   read                      : Received: hdr: Header(svc_id=0x01, op=0x81, ctrl_index=0x00, data_len=0x26) bytearray(b'\x01\x81\x00&\x00')
2026-09-16 20:47:28,692 BTPWorkerThread-2293 (_rx_task) root DEBUG iutctl_common.py          139   read                      : Read 14 bytes data
2026-09-16 20:47:28,703 BTPWorkerThread-2293 (_rx_task) root DEBUG iutctl_common.py          139   read                      : Read 24 bytes data
2026-09-16 20:47:28,704 BTPWorkerThread-2293 (_rx_task) root DEBUG iutctl_common.py          154   read                      : Received data: {'e0 53 00 4c 17 e5 44 af 03 1b 00 09 09 4e 58 4c 36 36 35 32 38 02 0a 0c 0d 03 0c 11 0a 11 0b 11 0e 11 1f 11 1e 11'}, bytearray(b'\xe0S\x00L\x17\xe5D\xaf\x03\x1b\x00\t\tNXL66528\x02\n\x0c\r\x03\x0c\x11\n\x11\x0b\x11\x0e\x11\x1f\x11\x1e\x11')
2026-09-16 20:47:28,704 BTPWorkerThread-2293 (_rx_task) root DEBUG btp.py                    700   event_handler             : Header(svc_id=1, op=129, ctrl_index=0, data_len=38) (b'\xe0S\x00L\x17\xe5D\xaf\x03\x1b\x00\t\tNXL66528\x02\n\x0c\r\x03\x0c\x11\n\x11\x0b\x11\x0e\x11\x1f\x11\x1e\x11',)
2026-09-16 20:47:28,704 BTPWorkerThread-2293 (_rx_task) root DEBUG gap.py                    191   gap_device_found_ev_      : b'\xe0S\x00L\x17\xe5D\xaf\x03\x1b\x00\t\tNXL66528\x02\n\x0c\r\x03\x0c\x11\n\x11\x0b\x11\x0e\x11\x1f\x11\x1e\x11'
2026-09-16 20:47:28,704 BTPWorkerThread-2293 (_rx_task) root DEBUG gap.py                    205   gap_device_found_ev_      : found '44e5174c0053' type 224 eir b'\t\tNXL66528\x02\n\x0c\r\x03\x0c\x11\n\x11\x0b\x11\x0e\x11\x1f\x11\x1e\x11'
2026-09-16 20:47:28,725 BTPWorkerThread-2293 (_rx_task) root DEBUG iutctl_common.py          123   read                      : Read 5 bytes
2026-09-16 20:47:28,725 BTPWorkerThread-2293 (_rx_task) root DEBUG iutctl_common.py          131   read                      : Received: hdr: Header(svc_id=0x01, op=0x81, ctrl_index=0x00, data_len=0x0b) bytearray(b'\x01\x81\x00\x0b\x00')
2026-09-16 20:47:28,726 BTPWorkerThread-2293 (_rx_task) root DEBUG iutctl_common.py          139   read                      : Read 11 bytes data
2026-09-16 20:47:28,726 BTPWorkerThread-2293 (_rx_task) root DEBUG iutctl_common.py          154   read                      : Received data: {'e0 53 00 4c 17 e5 44 ae 03 00 00'}, bytearray(b'\xe0S\x00L\x17\xe5D\xae\x03\x00\x00')
2026-09-16 20:47:28,726 BTPWorkerThread-2293 (_rx_task) root DEBUG btp.py                    700   event_handler             : Header(svc_id=1, op=129, ctrl_index=0, data_len=11) (b'\xe0S\x00L\x17\xe5D\xae\x03\x00\x00',)
2026-09-16 20:47:28,726 BTPWorkerThread-2293 (_rx_task) root DEBUG gap.py                    191   gap_device_found_ev_      : b'\xe0S\x00L\x17\xe5D\xae\x03\x00\x00'
2026-09-16 20:47:28,726 BTPWorkerThread-2293 (_rx_task) root DEBUG gap.py                    205   gap_device_found_ev_      : found '44e5174c0053' type 224 eir b''
2026-09-16 20:47:28,835 BTPWorkerThread-2293 (_rx_task) root DEBUG iutctl_common.py          123   read                      : Read 5 bytes
2026-09-16 20:47:28,835 BTPWorkerThread-2293 (_rx_task) root DEBUG iutctl_common.py          131   read                      : Received: hdr: Header(svc_id=0x01, op=0x81, ctrl_index=0x00, data_len=0x26) bytearray(b'\x01\x81\x00&\x00')
2026-09-16 20:47:28,836 BTPWorkerThread-2293 (_rx_task) root DEBUG iutctl_common.py          139   read                      : Read 38 bytes data
2026-09-16 20:47:28,836 BTPWorkerThread-2293 (_rx_task) root DEBUG iutctl_common.py          154   read                      : Received data: {'e0 53 00 4c 17 e5 44 b1 03 1b 00 09 09 4e 58 4c 36 36 35 32 38 02 0a 0c 0d 03 0c 11 0a 11 0b 11 0e 11 1f 11 1e 11'}, bytearray(b'\xe0S\x00L\x17\xe5D\xb1\x03\x1b\x00\t\tNXL66528\x02\n\x0c\r\x03\x0c\x11\n\x11\x0b\x11\x0e\x11\x1f\x11\x1e\x11')
2026-09-16 20:47:28,836 BTPWorkerThread-2293 (_rx_task) root DEBUG btp.py                    700   event_handler             : Header(svc_id=1, op=129, ctrl_index=0, data_len=38) (b'\xe0S\x00L\x17\xe5D\xb1\x03\x1b\x00\t\tNXL66528\x02\n\x0c\r\x03\x0c\x11\n\x11\x0b\x11\x0e\x11\x1f\x11\x1e\x11',)
2026-09-16 20:47:28,836 BTPWorkerThread-2293 (_rx_task) root DEBUG gap.py                    191   gap_device_found_ev_      : b'\xe0S\x00L\x17\xe5D\xb1\x03\x1b\x00\t\tNXL66528\x02\n\x0c\r\x03\x0c\x11\n\x11\x0b\x11\x0e\x11\x1f\x11\x1e\x11'
2026-09-16 20:47:28,836 BTPWorkerThread-2293 (_rx_task) root DEBUG gap.py                    205   gap_device_found_ev_      : found '44e5174c0053' type 224 eir b'\t\tNXL66528\x02\n\x0c\r\x03\x0c\x11\n\x11\x0b\x11\x0e\x11\x1f\x11\x1e\x11'
2026-09-16 20:47:29,415 BTPWorkerThread-2293 (_rx_task) root DEBUG iutctl_common.py          123   read                      : Read 5 bytes
2026-09-16 20:47:29,416 BTPWorkerThread-2293 (_rx_task) root DEBUG iutctl_common.py          131   read                      : Received: hdr: Header(svc_id=0x01, op=0x81, ctrl_index=0x00, data_len=0x26) bytearray(b'\x01\x81\x00&\x00')
2026-09-16 20:47:29,416 BTPWorkerThread-2293 (_rx_task) root DEBUG iutctl_common.py          139   read                      : Read 29 bytes data
2026-09-16 20:47:29,426 BTPWorkerThread-2293 (_rx_task) root DEBUG iutctl_common.py          139   read                      : Read 9 bytes data
2026-09-16 20:47:29,427 BTPWorkerThread-2293 (_rx_task) root DEBUG iutctl_common.py          154   read                      : Received data: {'e0 53 00 4c 17 e5 44 af 03 1b 00 09 09 4e 58 4c 36 36 35 32 38 02 0a 0c 0d 03 0c 11 0a 11 0b 11 0e 11 1f 11 1e 11'}, bytearray(b'\xe0S\x00L\x17\xe5D\xaf\x03\x1b\x00\t\tNXL66528\x02\n\x0c\r\x03\x0c\x11\n\x11\x0b\x11\x0e\x11\x1f\x11\x1e\x11')
2026-09-16 20:47:29,427 BTPWorkerThread-2293 (_rx_task) root DEBUG btp.py                    700   event_handler             : Header(svc_id=1, op=129, ctrl_index=0, data_len=38) (b'\xe0S\x00L\x17\xe5D\xaf\x03\x1b\x00\t\tNXL66528\x02\n\x0c\r\x03\x0c\x11\n\x11\x0b\x11\x0e\x11\x1f\x11\x1e\x11',)
2026-09-16 20:47:29,427 BTPWorkerThread-2293 (_rx_task) root DEBUG gap.py                    191   gap_device_found_ev_      : b'\xe0S\x00L\x17\xe5D\xaf\x03\x1b\x00\t\tNXL66528\x02\n\x0c\r\x03\x0c\x11\n\x11\x0b\x11\x0e\x11\x1f\x11\x1e\x11'
2026-09-16 20:47:29,427 BTPWorkerThread-2293 (_rx_task) root DEBUG gap.py                    205   gap_device_found_ev_      : found '44e5174c0053' type 224 eir b'\t\tNXL66528\x02\n\x0c\r\x03\x0c\x11\n\x11\x0b\x11\x0e\x11\x1f\x11\x1e\x11'
2026-09-16 20:47:29,903 BTPWorkerThread-2293 (_rx_task) root DEBUG iutctl_common.py          123   read                      : Read 5 bytes
2026-09-16 20:47:29,904 BTPWorkerThread-2293 (_rx_task) root DEBUG iutctl_common.py          131   read                      : Received: hdr: Header(svc_id=0x01, op=0x81, ctrl_index=0x00, data_len=0x2a) bytearray(b'\x01\x81\x00*\x00')
2026-09-16 20:47:29,904 BTPWorkerThread-2293 (_rx_task) root DEBUG iutctl_common.py          139   read                      : Read 42 bytes data
2026-09-16 20:47:29,904 BTPWorkerThread-2293 (_rx_task) root DEBUG iutctl_common.py          154   read                      : Received data: {'e0 95 83 06 dc 1b 00 a6 03 1f 00 1e 09 48 46 50 20 41 47 20 44 65 6d 6f 20 30 30 3a 31 42 3a 44 43 3a 30 36 3a 38 33 3a 39 35'}, bytearray(b'\xe0\x95\x83\x06\xdc\x1b\x00\xa6\x03\x1f\x00\x1e\tHFP AG Demo 00:1B:DC:06:83:95')
2026-09-16 20:47:29,904 BTPWorkerThread-2293 (_rx_task) root DEBUG btp.py                    700   event_handler             : Header(svc_id=1, op=129, ctrl_index=0, data_len=42) (b'\xe0\x95\x83\x06\xdc\x1b\x00\xa6\x03\x1f\x00\x1e\tHFP AG Demo 00:1B:DC:06:83:95',)
2026-09-16 20:47:29,904 BTPWorkerThread-2293 (_rx_task) root DEBUG gap.py                    191   gap_device_found_ev_      : b'\xe0\x95\x83\x06\xdc\x1b\x00\xa6\x03\x1f\x00\x1e\tHFP AG Demo 00:1B:DC:06:83:95'
2026-09-16 20:47:29,904 BTPWorkerThread-2293 (_rx_task) root DEBUG gap.py                    205   gap_device_found_ev_      : found '001bdc068395' type 224 eir b'\x1e\tHFP AG Demo 00:1B:DC:06:83:95'
2026-09-16 20:47:30,067 BTPWorkerThread-2293 (_rx_task) root DEBUG iutctl_common.py          123   read                      : Read 5 bytes
2026-09-16 20:47:30,067 BTPWorkerThread-2293 (_rx_task) root DEBUG iutctl_common.py          131   read                      : Received: hdr: Header(svc_id=0x01, op=0x81, ctrl_index=0x00, data_len=0x26) bytearray(b'\x01\x81\x00&\x00')
2026-09-16 20:47:30,068 BTPWorkerThread-2293 (_rx_task) root DEBUG iutctl_common.py          139   read                      : Read 38 bytes data
2026-09-16 20:47:30,068 BTPWorkerThread-2293 (_rx_task) root DEBUG iutctl_common.py          154   read                      : Received data: {'e0 53 00 4c 17 e5 44 b4 03 1b 00 09 09 4e 58 4c 36 36 35 32 38 02 0a 0c 0d 03 0c 11 0a 11 0b 11 0e 11 1f 11 1e 11'}, bytearray(b'\xe0S\x00L\x17\xe5D\xb4\x03\x1b\x00\t\tNXL66528\x02\n\x0c\r\x03\x0c\x11\n\x11\x0b\x11\x0e\x11\x1f\x11\x1e\x11')
2026-09-16 20:47:30,068 BTPWorkerThread-2293 (_rx_task) root DEBUG btp.py                    700   event_handler             : Header(svc_id=1, op=129, ctrl_index=0, data_len=38) (b'\xe0S\x00L\x17\xe5D\xb4\x03\x1b\x00\t\tNXL66528\x02\n\x0c\r\x03\x0c\x11\n\x11\x0b\x11\x0e\x11\x1f\x11\x1e\x11',)
2026-09-16 20:47:30,068 BTPWorkerThread-2293 (_rx_task) root DEBUG gap.py                    191   gap_device_found_ev_      : b'\xe0S\x00L\x17\xe5D\xb4\x03\x1b\x00\t\tNXL66528\x02\n\x0c\r\x03\x0c\x11\n\x11\x0b\x11\x0e\x11\x1f\x11\x1e\x11'
2026-09-16 20:47:30,068 BTPWorkerThread-2293 (_rx_task) root DEBUG gap.py                    205   gap_device_found_ev_      : found '44e5174c0053' type 224 eir b'\t\tNXL66528\x02\n\x0c\r\x03\x0c\x11\n\x11\x0b\x11\x0e\x11\x1f\x11\x1e\x11'
2026-09-16 20:47:30,330 BTPWorkerThread-2293 (_rx_task) root DEBUG iutctl_common.py          123   read                      : Read 5 bytes
2026-09-16 20:47:30,331 BTPWorkerThread-2293 (_rx_task) root DEBUG iutctl_common.py          131   read                      : Received: hdr: Header(svc_id=0x01, op=0x81, ctrl_index=0x00, data_len=0x1a) bytearray(b'\x01\x81\x00\x1a\x00')
2026-09-16 20:47:30,331 BTPWorkerThread-2293 (_rx_task) root DEBUG iutctl_common.py          139   read                      : Read 26 bytes data
2026-09-16 20:47:30,331 BTPWorkerThread-2293 (_rx_task) root DEBUG iutctl_common.py          154   read                      : Received data: {'e0 4e e4 08 dc 1b 00 d3 03 0f 00 0e 09 50 54 53 2d 47 41 50 2d 45 34 34 45 00'}, bytearray(b'\xe0N\xe4\x08\xdc\x1b\x00\xd3\x03\x0f\x00\x0e\tPTS-GAP-E44E\x00')
2026-09-16 20:47:30,331 BTPWorkerThread-2293 (_rx_task) root DEBUG btp.py                    700   event_handler             : Header(svc_id=1, op=129, ctrl_index=0, data_len=26) (b'\xe0N\xe4\x08\xdc\x1b\x00\xd3\x03\x0f\x00\x0e\tPTS-GAP-E44E\x00',)
2026-09-16 20:47:30,331 BTPWorkerThread-2293 (_rx_task) root DEBUG gap.py                    191   gap_device_found_ev_      : b'\xe0N\xe4\x08\xdc\x1b\x00\xd3\x03\x0f\x00\x0e\tPTS-GAP-E44E\x00'
2026-09-16 20:47:30,331 BTPWorkerThread-2293 (_rx_task) root DEBUG gap.py                    205   gap_device_found_ev_      : found '001bdc08e44e' type 224 eir b'\x0e\tPTS-GAP-E44E\x00'
2026-09-16 20:47:31,531 BTPWorkerThread-2293 (_rx_task) root DEBUG iutctl_common.py          123   read                      : Read 5 bytes
2026-09-16 20:47:31,531 BTPWorkerThread-2293 (_rx_task) root DEBUG iutctl_common.py          131   read                      : Received: hdr: Header(svc_id=0x01, op=0x81, ctrl_index=0x00, data_len=0x1a) bytearray(b'\x01\x81\x00\x1a\x00')
2026-09-16 20:47:31,531 BTPWorkerThread-2293 (_rx_task) root DEBUG iutctl_common.py          139   read                      : Read 26 bytes data
2026-09-16 20:47:31,532 BTPWorkerThread-2293 (_rx_task) root DEBUG iutctl_common.py          154   read                      : Received data: {'e0 4e e4 08 dc 1b 00 d5 03 0f 00 0e 09 50 54 53 2d 47 41 50 2d 45 34 34 45 00'}, bytearray(b'\xe0N\xe4\x08\xdc\x1b\x00\xd5\x03\x0f\x00\x0e\tPTS-GAP-E44E\x00')
2026-09-16 20:47:31,532 BTPWorkerThread-2293 (_rx_task) root DEBUG btp.py                    700   event_handler             : Header(svc_id=1, op=129, ctrl_index=0, data_len=26) (b'\xe0N\xe4\x08\xdc\x1b\x00\xd5\x03\x0f\x00\x0e\tPTS-GAP-E44E\x00',)
2026-09-16 20:47:31,532 BTPWorkerThread-2293 (_rx_task) root DEBUG gap.py                    191   gap_device_found_ev_      : b'\xe0N\xe4\x08\xdc\x1b\x00\xd5\x03\x0f\x00\x0e\tPTS-GAP-E44E\x00'
2026-09-16 20:47:31,532 BTPWorkerThread-2293 (_rx_task) root DEBUG gap.py                    205   gap_device_found_ev_      : found '001bdc08e44e' type 224 eir b'\x0e\tPTS-GAP-E44E\x00'
2026-09-16 20:47:31,707 BTPWorkerThread-2293 (_rx_task) root DEBUG iutctl_common.py          123   read                      : Read 5 bytes
2026-09-16 20:47:31,707 BTPWorkerThread-2293 (_rx_task) root DEBUG iutctl_common.py          131   read                      : Received: hdr: Header(svc_id=0x01, op=0x81, ctrl_index=0x00, data_len=0x0b) bytearray(b'\x01\x81\x00\x0b\x00')
2026-09-16 20:47:31,707 BTPWorkerThread-2293 (_rx_task) root DEBUG iutctl_common.py          139   read                      : Read 11 bytes data
2026-09-16 20:47:31,708 BTPWorkerThread-2293 (_rx_task) root DEBUG iutctl_common.py          154   read                      : Received data: {'e0 53 00 4c 17 e5 44 b2 03 00 00'}, bytearray(b'\xe0S\x00L\x17\xe5D\xb2\x03\x00\x00')
2026-09-16 20:47:31,708 BTPWorkerThread-2293 (_rx_task) root DEBUG btp.py                    700   event_handler             : Header(svc_id=1, op=129, ctrl_index=0, data_len=11) (b'\xe0S\x00L\x17\xe5D\xb2\x03\x00\x00',)
2026-09-16 20:47:31,708 BTPWorkerThread-2293 (_rx_task) root DEBUG gap.py                    191   gap_device_found_ev_      : b'\xe0S\x00L\x17\xe5D\xb2\x03\x00\x00'
2026-09-16 20:47:31,708 BTPWorkerThread-2293 (_rx_task) root DEBUG gap.py                    205   gap_device_found_ev_      : found '44e5174c0053' type 224 eir b''
2026-09-16 20:47:32,055 BTPWorkerThread-2293 (_rx_task) root DEBUG iutctl_common.py          123   read                      : Read 5 bytes
2026-09-16 20:47:32,055 BTPWorkerThread-2293 (_rx_task) root DEBUG iutctl_common.py          131   read                      : Received: hdr: Header(svc_id=0x01, op=0x81, ctrl_index=0x00, data_len=0x1a) bytearray(b'\x01\x81\x00\x1a\x00')
2026-09-16 20:47:32,055 BTPWorkerThread-2293 (_rx_task) root DEBUG iutctl_common.py          139   read                      : Read 26 bytes data
2026-09-16 20:47:32,056 BTPWorkerThread-2293 (_rx_task) root DEBUG iutctl_common.py          154   read                      : Received data: {'e0 4e e4 08 dc 1b 00 d3 03 0f 00 0e 09 50 54 53 2d 47 41 50 2d 45 34 34 45 00'}, bytearray(b'\xe0N\xe4\x08\xdc\x1b\x00\xd3\x03\x0f\x00\x0e\tPTS-GAP-E44E\x00')
2026-09-16 20:47:32,056 BTPWorkerThread-2293 (_rx_task) root DEBUG btp.py                    700   event_handler             : Header(svc_id=1, op=129, ctrl_index=0, data_len=26) (b'\xe0N\xe4\x08\xdc\x1b\x00\xd3\x03\x0f\x00\x0e\tPTS-GAP-E44E\x00',)
2026-09-16 20:47:32,056 BTPWorkerThread-2293 (_rx_task) root DEBUG gap.py                    191   gap_device_found_ev_      : b'\xe0N\xe4\x08\xdc\x1b\x00\xd3\x03\x0f\x00\x0e\tPTS-GAP-E44E\x00'
2026-09-16 20:47:32,056 BTPWorkerThread-2293 (_rx_task) root DEBUG gap.py                    205   gap_device_found_ev_      : found '001bdc08e44e' type 224 eir b'\x0e\tPTS-GAP-E44E\x00'
2026-09-16 20:47:32,283 BTPWorkerThread-2293 (_rx_task) root DEBUG iutctl_common.py          123   read                      : Read 5 bytes
2026-09-16 20:47:32,284 BTPWorkerThread-2293 (_rx_task) root DEBUG iutctl_common.py          131   read                      : Received: hdr: Header(svc_id=0x01, op=0x81, ctrl_index=0x00, data_len=0x26) bytearray(b'\x01\x81\x00&\x00')
2026-09-16 20:47:32,284 BTPWorkerThread-2293 (_rx_task) root DEBUG iutctl_common.py          139   read                      : Read 38 bytes data
2026-09-16 20:47:32,284 BTPWorkerThread-2293 (_rx_task) root DEBUG iutctl_common.py          154   read                      : Received data: {'e0 53 00 4c 17 e5 44 a8 03 1b 00 09 09 4e 58 4c 36 36 35 32 38 02 0a 0c 0d 03 0c 11 0a 11 0b 11 0e 11 1f 11 1e 11'}, bytearray(b'\xe0S\x00L\x17\xe5D\xa8\x03\x1b\x00\t\tNXL66528\x02\n\x0c\r\x03\x0c\x11\n\x11\x0b\x11\x0e\x11\x1f\x11\x1e\x11')
2026-09-16 20:47:32,284 BTPWorkerThread-2293 (_rx_task) root DEBUG btp.py                    700   event_handler             : Header(svc_id=1, op=129, ctrl_index=0, data_len=38) (b'\xe0S\x00L\x17\xe5D\xa8\x03\x1b\x00\t\tNXL66528\x02\n\x0c\r\x03\x0c\x11\n\x11\x0b\x11\x0e\x11\x1f\x11\x1e\x11',)
2026-09-16 20:47:32,284 BTPWorkerThread-2293 (_rx_task) root DEBUG gap.py                    191   gap_device_found_ev_      : b'\xe0S\x00L\x17\xe5D\xa8\x03\x1b\x00\t\tNXL66528\x02\n\x0c\r\x03\x0c\x11\n\x11\x0b\x11\x0e\x11\x1f\x11\x1e\x11'
2026-09-16 20:47:32,284 BTPWorkerThread-2293 (_rx_task) root DEBUG gap.py                    205   gap_device_found_ev_      : found '44e5174c0053' type 224 eir b'\t\tNXL66528\x02\n\x0c\r\x03\x0c\x11\n\x11\x0b\x11\x0e\x11\x1f\x11\x1e\x11'
2026-09-16 20:47:32,371 BTPWorkerThread-2293 (_rx_task) root DEBUG iutctl_common.py          123   read                      : Read 5 bytes
2026-09-16 20:47:32,371 BTPWorkerThread-2293 (_rx_task) root DEBUG iutctl_common.py          131   read                      : Received: hdr: Header(svc_id=0x01, op=0x81, ctrl_index=0x00, data_len=0x2a) bytearray(b'\x01\x81\x00*\x00')
2026-09-16 20:47:32,371 BTPWorkerThread-2293 (_rx_task) root DEBUG iutctl_common.py          139   read                      : Read 11 bytes data
2026-09-16 20:47:32,382 BTPWorkerThread-2293 (_rx_task) root DEBUG iutctl_common.py          139   read                      : Read 31 bytes data
2026-09-16 20:47:32,382 BTPWorkerThread-2293 (_rx_task) root DEBUG iutctl_common.py          154   read                      : Received data: {'e0 cd 83 06 dc 1b 00 ae 03 1f 00 1e 09 41 32 44 50 20 53 6f 75 72 63 65 20 30 30 3a 31 42 3a 44 43 3a 30 36 3a 38 33 3a 43 44'}, bytearray(b'\xe0\xcd\x83\x06\xdc\x1b\x00\xae\x03\x1f\x00\x1e\tA2DP Source 00:1B:DC:06:83:CD')
2026-09-16 20:47:32,382 BTPWorkerThread-2293 (_rx_task) root DEBUG btp.py                    700   event_handler             : Header(svc_id=1, op=129, ctrl_index=0, data_len=42) (b'\xe0\xcd\x83\x06\xdc\x1b\x00\xae\x03\x1f\x00\x1e\tA2DP Source 00:1B:DC:06:83:CD',)
2026-09-16 20:47:32,382 BTPWorkerThread-2293 (_rx_task) root DEBUG gap.py                    191   gap_device_found_ev_      : b'\xe0\xcd\x83\x06\xdc\x1b\x00\xae\x03\x1f\x00\x1e\tA2DP Source 00:1B:DC:06:83:CD'
2026-09-16 20:47:32,382 BTPWorkerThread-2293 (_rx_task) root DEBUG gap.py                    205   gap_device_found_ev_      : found '001bdc0683cd' type 224 eir b'\x1e\tA2DP Source 00:1B:DC:06:83:CD'
2026-09-16 20:47:32,611 BTPWorkerThread-2293 (_rx_task) root DEBUG iutctl_common.py          123   read                      : Read 5 bytes
2026-09-16 20:47:32,612 BTPWorkerThread-2293 (_rx_task) root DEBUG iutctl_common.py          131   read                      : Received: hdr: Header(svc_id=0x01, op=0x81, ctrl_index=0x00, data_len=0x2a) bytearray(b'\x01\x81\x00*\x00')
2026-09-16 20:47:32,612 BTPWorkerThread-2293 (_rx_task) root DEBUG iutctl_common.py          139   read                      : Read 42 bytes data
2026-09-16 20:47:32,612 BTPWorkerThread-2293 (_rx_task) root DEBUG iutctl_common.py          154   read                      : Received data: {'e0 95 83 06 dc 1b 00 ab 03 1f 00 1e 09 48 46 50 20 41 47 20 44 65 6d 6f 20 30 30 3a 31 42 3a 44 43 3a 30 36 3a 38 33 3a 39 35'}, bytearray(b'\xe0\x95\x83\x06\xdc\x1b\x00\xab\x03\x1f\x00\x1e\tHFP AG Demo 00:1B:DC:06:83:95')
2026-09-16 20:47:32,612 BTPWorkerThread-2293 (_rx_task) root DEBUG btp.py                    700   event_handler             : Header(svc_id=1, op=129, ctrl_index=0, data_len=42) (b'\xe0\x95\x83\x06\xdc\x1b\x00\xab\x03\x1f\x00\x1e\tHFP AG Demo 00:1B:DC:06:83:95',)
2026-09-16 20:47:32,612 BTPWorkerThread-2293 (_rx_task) root DEBUG gap.py                    191   gap_device_found_ev_      : b'\xe0\x95\x83\x06\xdc\x1b\x00\xab\x03\x1f\x00\x1e\tHFP AG Demo 00:1B:DC:06:83:95'
2026-09-16 20:47:32,612 BTPWorkerThread-2293 (_rx_task) root DEBUG gap.py                    205   gap_device_found_ev_      : found '001bdc068395' type 224 eir b'\x1e\tHFP AG Demo 00:1B:DC:06:83:95'
2026-09-16 20:47:32,633 BTPWorkerThread-2293 (_rx_task) root DEBUG iutctl_common.py          123   read                      : Read 5 bytes
2026-09-16 20:47:32,634 BTPWorkerThread-2293 (_rx_task) root DEBUG iutctl_common.py          131   read                      : Received: hdr: Header(svc_id=0x01, op=0x81, ctrl_index=0x00, data_len=0x2a) bytearray(b'\x01\x81\x00*\x00')
2026-09-16 20:47:32,634 BTPWorkerThread-2293 (_rx_task) root DEBUG iutctl_common.py          139   read                      : Read 42 bytes data
2026-09-16 20:47:32,634 BTPWorkerThread-2293 (_rx_task) root DEBUG iutctl_common.py          154   read                      : Received data: {'e0 95 83 06 dc 1b 00 a7 03 1f 00 1e 09 48 46 50 20 41 47 20 44 65 6d 6f 20 30 30 3a 31 42 3a 44 43 3a 30 36 3a 38 33 3a 39 35'}, bytearray(b'\xe0\x95\x83\x06\xdc\x1b\x00\xa7\x03\x1f\x00\x1e\tHFP AG Demo 00:1B:DC:06:83:95')
2026-09-16 20:47:32,634 BTPWorkerThread-2293 (_rx_task) root DEBUG btp.py                    700   event_handler             : Header(svc_id=1, op=129, ctrl_index=0, data_len=42) (b'\xe0\x95\x83\x06\xdc\x1b\x00\xa7\x03\x1f\x00\x1e\tHFP AG Demo 00:1B:DC:06:83:95',)
2026-09-16 20:47:32,634 BTPWorkerThread-2293 (_rx_task) root DEBUG gap.py                    191   gap_device_found_ev_      : b'\xe0\x95\x83\x06\xdc\x1b\x00\xa7\x03\x1f\x00\x1e\tHFP AG Demo 00:1B:DC:06:83:95'
2026-09-16 20:47:32,634 BTPWorkerThread-2293 (_rx_task) root DEBUG gap.py                    205   gap_device_found_ev_      : found '001bdc068395' type 224 eir b'\x1e\tHFP AG Demo 00:1B:DC:06:83:95'
2026-09-16 20:47:32,961 BTPWorkerThread-2293 (_rx_task) root DEBUG iutctl_common.py          123   read                      : Read 5 bytes
2026-09-16 20:47:32,961 BTPWorkerThread-2293 (_rx_task) root DEBUG iutctl_common.py          131   read                      : Received: hdr: Header(svc_id=0x01, op=0x81, ctrl_index=0x00, data_len=0x26) bytearray(b'\x01\x81\x00&\x00')
2026-09-16 20:47:32,962 BTPWorkerThread-2293 (_rx_task) root DEBUG iutctl_common.py          139   read                      : Read 38 bytes data
2026-09-16 20:47:32,962 BTPWorkerThread-2293 (_rx_task) root DEBUG iutctl_common.py          154   read                      : Received data: {'e0 53 00 4c 17 e5 44 b2 03 1b 00 09 09 4e 58 4c 36 36 35 32 38 02 0a 0c 0d 03 0c 11 0a 11 0b 11 0e 11 1f 11 1e 11'}, bytearray(b'\xe0S\x00L\x17\xe5D\xb2\x03\x1b\x00\t\tNXL66528\x02\n\x0c\r\x03\x0c\x11\n\x11\x0b\x11\x0e\x11\x1f\x11\x1e\x11')
2026-09-16 20:47:32,962 BTPWorkerThread-2293 (_rx_task) root DEBUG btp.py                    700   event_handler             : Header(svc_id=1, op=129, ctrl_index=0, data_len=38) (b'\xe0S\x00L\x17\xe5D\xb2\x03\x1b\x00\t\tNXL66528\x02\n\x0c\r\x03\x0c\x11\n\x11\x0b\x11\x0e\x11\x1f\x11\x1e\x11',)
2026-09-16 20:47:32,962 BTPWorkerThread-2293 (_rx_task) root DEBUG gap.py                    191   gap_device_found_ev_      : b'\xe0S\x00L\x17\xe5D\xb2\x03\x1b\x00\t\tNXL66528\x02\n\x0c\r\x03\x0c\x11\n\x11\x0b\x11\x0e\x11\x1f\x11\x1e\x11'
2026-09-16 20:47:32,962 BTPWorkerThread-2293 (_rx_task) root DEBUG gap.py                    205   gap_device_found_ev_      : found '44e5174c0053' type 224 eir b'\t\tNXL66528\x02\n\x0c\r\x03\x0c\x11\n\x11\x0b\x11\x0e\x11\x1f\x11\x1e\x11'
2026-09-16 20:47:33,356 BTPWorkerThread-2293 (_rx_task) root DEBUG iutctl_common.py          123   read                      : Read 5 bytes
2026-09-16 20:47:33,357 BTPWorkerThread-2293 (_rx_task) root DEBUG iutctl_common.py          131   read                      : Received: hdr: Header(svc_id=0x01, op=0x81, ctrl_index=0x00, data_len=0x26) bytearray(b'\x01\x81\x00&\x00')
2026-09-16 20:47:33,357 BTPWorkerThread-2293 (_rx_task) root DEBUG iutctl_common.py          139   read                      : Read 38 bytes data
2026-09-16 20:47:33,357 BTPWorkerThread-2293 (_rx_task) root DEBUG iutctl_common.py          154   read                      : Received data: {'e0 53 00 4c 17 e5 44 b4 03 1b 00 09 09 4e 58 4c 36 36 35 32 38 02 0a 0c 0d 03 0c 11 0a 11 0b 11 0e 11 1f 11 1e 11'}, bytearray(b'\xe0S\x00L\x17\xe5D\xb4\x03\x1b\x00\t\tNXL66528\x02\n\x0c\r\x03\x0c\x11\n\x11\x0b\x11\x0e\x11\x1f\x11\x1e\x11')
2026-09-16 20:47:33,357 BTPWorkerThread-2293 (_rx_task) root DEBUG btp.py                    700   event_handler             : Header(svc_id=1, op=129, ctrl_index=0, data_len=38) (b'\xe0S\x00L\x17\xe5D\xb4\x03\x1b\x00\t\tNXL66528\x02\n\x0c\r\x03\x0c\x11\n\x11\x0b\x11\x0e\x11\x1f\x11\x1e\x11',)
2026-09-16 20:47:33,357 BTPWorkerThread-2293 (_rx_task) root DEBUG gap.py                    191   gap_device_found_ev_      : b'\xe0S\x00L\x17\xe5D\xb4\x03\x1b\x00\t\tNXL66528\x02\n\x0c\r\x03\x0c\x11\n\x11\x0b\x11\x0e\x11\x1f\x11\x1e\x11'
2026-09-16 20:47:33,357 BTPWorkerThread-2293 (_rx_task) root DEBUG gap.py                    205   gap_device_found_ev_      : found '44e5174c0053' type 224 eir b'\t\tNXL66528\x02\n\x0c\r\x03\x0c\x11\n\x11\x0b\x11\x0e\x11\x1f\x11\x1e\x11'
2026-09-16 20:47:33,400 BTPWorkerThread-2293 (_rx_task) root DEBUG iutctl_common.py          123   read                      : Read 5 bytes
2026-09-16 20:47:33,401 BTPWorkerThread-2293 (_rx_task) root DEBUG iutctl_common.py          131   read                      : Received: hdr: Header(svc_id=0x01, op=0x81, ctrl_index=0x00, data_len=0x26) bytearray(b'\x01\x81\x00&\x00')
2026-09-16 20:47:33,401 BTPWorkerThread-2293 (_rx_task) root DEBUG iutctl_common.py          139   read                      : Read 38 bytes data
2026-09-16 20:47:33,401 BTPWorkerThread-2293 (_rx_task) root DEBUG iutctl_common.py          154   read                      : Received data: {'e0 53 00 4c 17 e5 44 b3 03 1b 00 09 09 4e 58 4c 36 36 35 32 38 02 0a 0c 0d 03 0c 11 0a 11 0b 11 0e 11 1f 11 1e 11'}, bytearray(b'\xe0S\x00L\x17\xe5D\xb3\x03\x1b\x00\t\tNXL66528\x02\n\x0c\r\x03\x0c\x11\n\x11\x0b\x11\x0e\x11\x1f\x11\x1e\x11')
2026-09-16 20:47:33,401 BTPWorkerThread-2293 (_rx_task) root DEBUG btp.py                    700   event_handler             : Header(svc_id=1, op=129, ctrl_index=0, data_len=38) (b'\xe0S\x00L\x17\xe5D\xb3\x03\x1b\x00\t\tNXL66528\x02\n\x0c\r\x03\x0c\x11\n\x11\x0b\x11\x0e\x11\x1f\x11\x1e\x11',)
2026-09-16 20:47:33,401 BTPWorkerThread-2293 (_rx_task) root DEBUG gap.py                    191   gap_device_found_ev_      : b'\xe0S\x00L\x17\xe5D\xb3\x03\x1b\x00\t\tNXL66528\x02\n\x0c\r\x03\x0c\x11\n\x11\x0b\x11\x0e\x11\x1f\x11\x1e\x11'
2026-09-16 20:47:33,401 BTPWorkerThread-2293 (_rx_task) root DEBUG gap.py                    205   gap_device_found_ev_      : found '44e5174c0053' type 224 eir b'\t\tNXL66528\x02\n\x0c\r\x03\x0c\x11\n\x11\x0b\x11\x0e\x11\x1f\x11\x1e\x11'
2026-09-16 20:47:34,001 BTPWorkerThread-2293 (_rx_task) root DEBUG iutctl_common.py          123   read                      : Read 5 bytes
2026-09-16 20:47:34,001 BTPWorkerThread-2293 (_rx_task) root DEBUG iutctl_common.py          131   read                      : Received: hdr: Header(svc_id=0x01, op=0x81, ctrl_index=0x00, data_len=0x26) bytearray(b'\x01\x81\x00&\x00')
2026-09-16 20:47:34,002 BTPWorkerThread-2293 (_rx_task) root DEBUG iutctl_common.py          139   read                      : Read 38 bytes data
2026-09-16 20:47:34,002 BTPWorkerThread-2293 (_rx_task) root DEBUG iutctl_common.py          154   read                      : Received data: {'e0 53 00 4c 17 e5 44 af 03 1b 00 09 09 4e 58 4c 36 36 35 32 38 02 0a 0c 0d 03 0c 11 0a 11 0b 11 0e 11 1f 11 1e 11'}, bytearray(b'\xe0S\x00L\x17\xe5D\xaf\x03\x1b\x00\t\tNXL66528\x02\n\x0c\r\x03\x0c\x11\n\x11\x0b\x11\x0e\x11\x1f\x11\x1e\x11')
2026-09-16 20:47:34,002 BTPWorkerThread-2293 (_rx_task) root DEBUG btp.py                    700   event_handler             : Header(svc_id=1, op=129, ctrl_index=0, data_len=38) (b'\xe0S\x00L\x17\xe5D\xaf\x03\x1b\x00\t\tNXL66528\x02\n\x0c\r\x03\x0c\x11\n\x11\x0b\x11\x0e\x11\x1f\x11\x1e\x11',)
2026-09-16 20:47:34,002 BTPWorkerThread-2293 (_rx_task) root DEBUG gap.py                    191   gap_device_found_ev_      : b'\xe0S\x00L\x17\xe5D\xaf\x03\x1b\x00\t\tNXL66528\x02\n\x0c\r\x03\x0c\x11\n\x11\x0b\x11\x0e\x11\x1f\x11\x1e\x11'
2026-09-16 20:47:34,002 BTPWorkerThread-2293 (_rx_task) root DEBUG gap.py                    205   gap_device_found_ev_      : found '44e5174c0053' type 224 eir b'\t\tNXL66528\x02\n\x0c\r\x03\x0c\x11\n\x11\x0b\x11\x0e\x11\x1f\x11\x1e\x11'
2026-09-16 20:47:34,877 BTPWorkerThread-2293 (_rx_task) root DEBUG iutctl_common.py          123   read                      : Read 5 bytes
2026-09-16 20:47:34,877 BTPWorkerThread-2293 (_rx_task) root DEBUG iutctl_common.py          131   read                      : Received: hdr: Header(svc_id=0x01, op=0x81, ctrl_index=0x00, data_len=0x26) bytearray(b'\x01\x81\x00&\x00')
2026-09-16 20:47:34,878 BTPWorkerThread-2293 (_rx_task) root DEBUG iutctl_common.py          139   read                      : Read 38 bytes data
2026-09-16 20:47:34,878 BTPWorkerThread-2293 (_rx_task) root DEBUG iutctl_common.py          154   read                      : Received data: {'e0 53 00 4c 17 e5 44 a5 03 1b 00 09 09 4e 58 4c 36 36 35 32 38 02 0a 0c 0d 03 0c 11 0a 11 0b 11 0e 11 1f 11 1e 11'}, bytearray(b'\xe0S\x00L\x17\xe5D\xa5\x03\x1b\x00\t\tNXL66528\x02\n\x0c\r\x03\x0c\x11\n\x11\x0b\x11\x0e\x11\x1f\x11\x1e\x11')
2026-09-16 20:47:34,878 BTPWorkerThread-2293 (_rx_task) root DEBUG btp.py                    700   event_handler             : Header(svc_id=1, op=129, ctrl_index=0, data_len=38) (b'\xe0S\x00L\x17\xe5D\xa5\x03\x1b\x00\t\tNXL66528\x02\n\x0c\r\x03\x0c\x11\n\x11\x0b\x11\x0e\x11\x1f\x11\x1e\x11',)
2026-09-16 20:47:34,878 BTPWorkerThread-2293 (_rx_task) root DEBUG gap.py                    191   gap_device_found_ev_      : b'\xe0S\x00L\x17\xe5D\xa5\x03\x1b\x00\t\tNXL66528\x02\n\x0c\r\x03\x0c\x11\n\x11\x0b\x11\x0e\x11\x1f\x11\x1e\x11'
2026-09-16 20:47:34,878 BTPWorkerThread-2293 (_rx_task) root DEBUG gap.py                    205   gap_device_found_ev_      : found '44e5174c0053' type 224 eir b'\t\tNXL66528\x02\n\x0c\r\x03\x0c\x11\n\x11\x0b\x11\x0e\x11\x1f\x11\x1e\x11'
2026-09-16 20:47:34,976 BTPWorkerThread-2293 (_rx_task) root DEBUG iutctl_common.py          123   read                      : Read 5 bytes
2026-09-16 20:47:34,976 BTPWorkerThread-2293 (_rx_task) root DEBUG iutctl_common.py          131   read                      : Received: hdr: Header(svc_id=0x01, op=0x81, ctrl_index=0x00, data_len=0x26) bytearray(b'\x01\x81\x00&\x00')
2026-09-16 20:47:34,977 BTPWorkerThread-2293 (_rx_task) root DEBUG iutctl_common.py          139   read                      : Read 36 bytes data
2026-09-16 20:47:34,987 BTPWorkerThread-2293 (_rx_task) root DEBUG iutctl_common.py          139   read                      : Read 2 bytes data
2026-09-16 20:47:34,988 BTPWorkerThread-2293 (_rx_task) root DEBUG iutctl_common.py          154   read                      : Received data: {'e0 53 00 4c 17 e5 44 af 03 1b 00 09 09 4e 58 4c 36 36 35 32 38 02 0a 0c 0d 03 0c 11 0a 11 0b 11 0e 11 1f 11 1e 11'}, bytearray(b'\xe0S\x00L\x17\xe5D\xaf\x03\x1b\x00\t\tNXL66528\x02\n\x0c\r\x03\x0c\x11\n\x11\x0b\x11\x0e\x11\x1f\x11\x1e\x11')
2026-09-16 20:47:34,988 BTPWorkerThread-2293 (_rx_task) root DEBUG btp.py                    700   event_handler             : Header(svc_id=1, op=129, ctrl_index=0, data_len=38) (b'\xe0S\x00L\x17\xe5D\xaf\x03\x1b\x00\t\tNXL66528\x02\n\x0c\r\x03\x0c\x11\n\x11\x0b\x11\x0e\x11\x1f\x11\x1e\x11',)
2026-09-16 20:47:34,988 BTPWorkerThread-2293 (_rx_task) root DEBUG gap.py                    191   gap_device_found_ev_      : b'\xe0S\x00L\x17\xe5D\xaf\x03\x1b\x00\t\tNXL66528\x02\n\x0c\r\x03\x0c\x11\n\x11\x0b\x11\x0e\x11\x1f\x11\x1e\x11'
2026-09-16 20:47:34,988 BTPWorkerThread-2293 (_rx_task) root DEBUG gap.py                    205   gap_device_found_ev_      : found '44e5174c0053' type 224 eir b'\t\tNXL66528\x02\n\x0c\r\x03\x0c\x11\n\x11\x0b\x11\x0e\x11\x1f\x11\x1e\x11'
2026-09-16 20:47:35,162 BTPWorkerThread-2293 (_rx_task) root DEBUG iutctl_common.py          123   read                      : Read 5 bytes
2026-09-16 20:47:35,163 BTPWorkerThread-2293 (_rx_task) root DEBUG iutctl_common.py          131   read                      : Received: hdr: Header(svc_id=0x01, op=0x81, ctrl_index=0x00, data_len=0x1a) bytearray(b'\x01\x81\x00\x1a\x00')
2026-09-16 20:47:35,163 BTPWorkerThread-2293 (_rx_task) root DEBUG iutctl_common.py          139   read                      : Read 26 bytes data
2026-09-16 20:47:35,163 BTPWorkerThread-2293 (_rx_task) root DEBUG iutctl_common.py          154   read                      : Received data: {'e0 4e e4 08 dc 1b 00 d2 03 0f 00 0e 09 50 54 53 2d 47 41 50 2d 45 34 34 45 00'}, bytearray(b'\xe0N\xe4\x08\xdc\x1b\x00\xd2\x03\x0f\x00\x0e\tPTS-GAP-E44E\x00')
2026-09-16 20:47:35,163 BTPWorkerThread-2293 (_rx_task) root DEBUG btp.py                    700   event_handler             : Header(svc_id=1, op=129, ctrl_index=0, data_len=26) (b'\xe0N\xe4\x08\xdc\x1b\x00\xd2\x03\x0f\x00\x0e\tPTS-GAP-E44E\x00',)
2026-09-16 20:47:35,163 BTPWorkerThread-2293 (_rx_task) root DEBUG gap.py                    191   gap_device_found_ev_      : b'\xe0N\xe4\x08\xdc\x1b\x00\xd2\x03\x0f\x00\x0e\tPTS-GAP-E44E\x00'
2026-09-16 20:47:35,163 BTPWorkerThread-2293 (_rx_task) root DEBUG gap.py                    205   gap_device_found_ev_      : found '001bdc08e44e' type 224 eir b'\x0e\tPTS-GAP-E44E\x00'
2026-09-16 20:47:35,250 BTPWorkerThread-2293 (_rx_task) root DEBUG iutctl_common.py          123   read                      : Read 5 bytes
2026-09-16 20:47:35,251 BTPWorkerThread-2293 (_rx_task) root DEBUG iutctl_common.py          131   read                      : Received: hdr: Header(svc_id=0x01, op=0x81, ctrl_index=0x00, data_len=0x2a) bytearray(b'\x01\x81\x00*\x00')
2026-09-16 20:47:35,251 BTPWorkerThread-2293 (_rx_task) root DEBUG iutctl_common.py          139   read                      : Read 42 bytes data
2026-09-16 20:47:35,251 BTPWorkerThread-2293 (_rx_task) root DEBUG iutctl_common.py          154   read                      : Received data: {'e0 cd 83 06 dc 1b 00 ad 03 1f 00 1e 09 41 32 44 50 20 53 6f 75 72 63 65 20 30 30 3a 31 42 3a 44 43 3a 30 36 3a 38 33 3a 43 44'}, bytearray(b'\xe0\xcd\x83\x06\xdc\x1b\x00\xad\x03\x1f\x00\x1e\tA2DP Source 00:1B:DC:06:83:CD')
2026-09-16 20:47:35,251 BTPWorkerThread-2293 (_rx_task) root DEBUG btp.py                    700   event_handler             : Header(svc_id=1, op=129, ctrl_index=0, data_len=42) (b'\xe0\xcd\x83\x06\xdc\x1b\x00\xad\x03\x1f\x00\x1e\tA2DP Source 00:1B:DC:06:83:CD',)
2026-09-16 20:47:35,251 BTPWorkerThread-2293 (_rx_task) root DEBUG gap.py                    191   gap_device_found_ev_      : b'\xe0\xcd\x83\x06\xdc\x1b\x00\xad\x03\x1f\x00\x1e\tA2DP Source 00:1B:DC:06:83:CD'
2026-09-16 20:47:35,251 BTPWorkerThread-2293 (_rx_task) root DEBUG gap.py                    205   gap_device_found_ev_      : found '001bdc0683cd' type 224 eir b'\x1e\tA2DP Source 00:1B:DC:06:83:CD'
2026-09-16 20:47:35,403 BTPWorkerThread-2293 (_rx_task) root DEBUG iutctl_common.py          123   read                      : Read 5 bytes
2026-09-16 20:47:35,404 BTPWorkerThread-2293 (_rx_task) root DEBUG iutctl_common.py          131   read                      : Received: hdr: Header(svc_id=0x01, op=0x81, ctrl_index=0x00, data_len=0x1a) bytearray(b'\x01\x81\x00\x1a\x00')
2026-09-16 20:47:35,404 BTPWorkerThread-2293 (_rx_task) root DEBUG iutctl_common.py          139   read                      : Read 26 bytes data
2026-09-16 20:47:35,404 BTPWorkerThread-2293 (_rx_task) root DEBUG iutctl_common.py          154   read                      : Received data: {'e0 4e e4 08 dc 1b 00 cf 03 0f 00 0e 09 50 54 53 2d 47 41 50 2d 45 34 34 45 00'}, bytearray(b'\xe0N\xe4\x08\xdc\x1b\x00\xcf\x03\x0f\x00\x0e\tPTS-GAP-E44E\x00')
2026-09-16 20:47:35,404 BTPWorkerThread-2293 (_rx_task) root DEBUG btp.py                    700   event_handler             : Header(svc_id=1, op=129, ctrl_index=0, data_len=26) (b'\xe0N\xe4\x08\xdc\x1b\x00\xcf\x03\x0f\x00\x0e\tPTS-GAP-E44E\x00',)
2026-09-16 20:47:35,404 BTPWorkerThread-2293 (_rx_task) root DEBUG gap.py                    191   gap_device_found_ev_      : b'\xe0N\xe4\x08\xdc\x1b\x00\xcf\x03\x0f\x00\x0e\tPTS-GAP-E44E\x00'
2026-09-16 20:47:35,404 BTPWorkerThread-2293 (_rx_task) root DEBUG gap.py                    205   gap_device_found_ev_      : found '001bdc08e44e' type 224 eir b'\x0e\tPTS-GAP-E44E\x00'
2026-09-16 20:47:35,697 BTPWorkerThread-2293 (_rx_task) root DEBUG iutctl_common.py          123   read                      : Read 5 bytes
2026-09-16 20:47:35,698 BTPWorkerThread-2293 (_rx_task) root DEBUG iutctl_common.py          131   read                      : Received: hdr: Header(svc_id=0x01, op=0x81, ctrl_index=0x00, data_len=0x1a) bytearray(b'\x01\x81\x00\x1a\x00')
2026-09-16 20:47:35,698 BTPWorkerThread-2293 (_rx_task) root DEBUG iutctl_common.py          139   read                      : Read 26 bytes data
2026-09-16 20:47:35,698 BTPWorkerThread-2293 (_rx_task) root DEBUG iutctl_common.py          154   read                      : Received data: {'e0 4e e4 08 dc 1b 00 d4 03 0f 00 0e 09 50 54 53 2d 47 41 50 2d 45 34 34 45 00'}, bytearray(b'\xe0N\xe4\x08\xdc\x1b\x00\xd4\x03\x0f\x00\x0e\tPTS-GAP-E44E\x00')
2026-09-16 20:47:35,698 BTPWorkerThread-2293 (_rx_task) root DEBUG btp.py                    700   event_handler             : Header(svc_id=1, op=129, ctrl_index=0, data_len=26) (b'\xe0N\xe4\x08\xdc\x1b\x00\xd4\x03\x0f\x00\x0e\tPTS-GAP-E44E\x00',)
2026-09-16 20:47:35,698 BTPWorkerThread-2293 (_rx_task) root DEBUG gap.py                    191   gap_device_found_ev_      : b'\xe0N\xe4\x08\xdc\x1b\x00\xd4\x03\x0f\x00\x0e\tPTS-GAP-E44E\x00'
2026-09-16 20:47:35,698 BTPWorkerThread-2293 (_rx_task) root DEBUG gap.py                    205   gap_device_found_ev_      : found '001bdc08e44e' type 224 eir b'\x0e\tPTS-GAP-E44E\x00'
2026-09-16 20:47:35,740 BTPWorkerThread-2293 (_rx_task) root DEBUG iutctl_common.py          123   read                      : Read 5 bytes
2026-09-16 20:47:35,740 BTPWorkerThread-2293 (_rx_task) root DEBUG iutctl_common.py          131   read                      : Received: hdr: Header(svc_id=0x01, op=0x81, ctrl_index=0x00, data_len=0x2a) bytearray(b'\x01\x81\x00*\x00')
2026-09-16 20:47:35,741 BTPWorkerThread-2293 (_rx_task) root DEBUG iutctl_common.py          139   read                      : Read 42 bytes data
2026-09-16 20:47:35,741 BTPWorkerThread-2293 (_rx_task) root DEBUG iutctl_common.py          154   read                      : Received data: {'e0 cd 83 06 dc 1b 00 a9 03 1f 00 1e 09 41 32 44 50 20 53 6f 75 72 63 65 20 30 30 3a 31 42 3a 44 43 3a 30 36 3a 38 33 3a 43 44'}, bytearray(b'\xe0\xcd\x83\x06\xdc\x1b\x00\xa9\x03\x1f\x00\x1e\tA2DP Source 00:1B:DC:06:83:CD')
2026-09-16 20:47:35,741 BTPWorkerThread-2293 (_rx_task) root DEBUG btp.py                    700   event_handler             : Header(svc_id=1, op=129, ctrl_index=0, data_len=42) (b'\xe0\xcd\x83\x06\xdc\x1b\x00\xa9\x03\x1f\x00\x1e\tA2DP Source 00:1B:DC:06:83:CD',)
2026-09-16 20:47:35,741 BTPWorkerThread-2293 (_rx_task) root DEBUG gap.py                    191   gap_device_found_ev_      : b'\xe0\xcd\x83\x06\xdc\x1b\x00\xa9\x03\x1f\x00\x1e\tA2DP Source 00:1B:DC:06:83:CD'
2026-09-16 20:47:35,741 BTPWorkerThread-2293 (_rx_task) root DEBUG gap.py                    205   gap_device_found_ev_      : found '001bdc0683cd' type 224 eir b'\x1e\tA2DP Source 00:1B:DC:06:83:CD'
2026-09-16 20:47:35,925 BTPWorkerThread-2293 (_rx_task) root DEBUG iutctl_common.py          123   read                      : Read 5 bytes
2026-09-16 20:47:35,925 BTPWorkerThread-2293 (_rx_task) root DEBUG iutctl_common.py          131   read                      : Received: hdr: Header(svc_id=0x01, op=0x81, ctrl_index=0x00, data_len=0x1a) bytearray(b'\x01\x81\x00\x1a\x00')
2026-09-16 20:47:35,926 BTPWorkerThread-2293 (_rx_task) root DEBUG iutctl_common.py          139   read                      : Read 26 bytes data
2026-09-16 20:47:35,926 BTPWorkerThread-2293 (_rx_task) root DEBUG iutctl_common.py          154   read                      : Received data: {'e0 4e e4 08 dc 1b 00 cf 03 0f 00 0e 09 50 54 53 2d 47 41 50 2d 45 34 34 45 00'}, bytearray(b'\xe0N\xe4\x08\xdc\x1b\x00\xcf\x03\x0f\x00\x0e\tPTS-GAP-E44E\x00')
2026-09-16 20:47:35,926 BTPWorkerThread-2293 (_rx_task) root DEBUG btp.py                    700   event_handler             : Header(svc_id=1, op=129, ctrl_index=0, data_len=26) (b'\xe0N\xe4\x08\xdc\x1b\x00\xcf\x03\x0f\x00\x0e\tPTS-GAP-E44E\x00',)
2026-09-16 20:47:35,926 BTPWorkerThread-2293 (_rx_task) root DEBUG gap.py                    191   gap_device_found_ev_      : b'\xe0N\xe4\x08\xdc\x1b\x00\xcf\x03\x0f\x00\x0e\tPTS-GAP-E44E\x00'
2026-09-16 20:47:35,926 BTPWorkerThread-2293 (_rx_task) root DEBUG gap.py                    205   gap_device_found_ev_      : found '001bdc08e44e' type 224 eir b'\x0e\tPTS-GAP-E44E\x00'
2026-09-16 20:47:36,232 BTPWorkerThread-2293 (_rx_task) root DEBUG iutctl_common.py          123   read                      : Read 5 bytes
2026-09-16 20:47:36,233 BTPWorkerThread-2293 (_rx_task) root DEBUG iutctl_common.py          131   read                      : Received: hdr: Header(svc_id=0x01, op=0x81, ctrl_index=0x00, data_len=0x1a) bytearray(b'\x01\x81\x00\x1a\x00')
2026-09-16 20:47:36,233 BTPWorkerThread-2293 (_rx_task) root DEBUG iutctl_common.py          139   read                      : Read 26 bytes data
2026-09-16 20:47:36,233 BTPWorkerThread-2293 (_rx_task) root DEBUG iutctl_common.py          154   read                      : Received data: {'e0 4e e4 08 dc 1b 00 d2 03 0f 00 0e 09 50 54 53 2d 47 41 50 2d 45 34 34 45 00'}, bytearray(b'\xe0N\xe4\x08\xdc\x1b\x00\xd2\x03\x0f\x00\x0e\tPTS-GAP-E44E\x00')
2026-09-16 20:47:36,233 BTPWorkerThread-2293 (_rx_task) root DEBUG btp.py                    700   event_handler             : Header(svc_id=1, op=129, ctrl_index=0, data_len=26) (b'\xe0N\xe4\x08\xdc\x1b\x00\xd2\x03\x0f\x00\x0e\tPTS-GAP-E44E\x00',)
2026-09-16 20:47:36,233 BTPWorkerThread-2293 (_rx_task) root DEBUG gap.py                    191   gap_device_found_ev_      : b'\xe0N\xe4\x08\xdc\x1b\x00\xd2\x03\x0f\x00\x0e\tPTS-GAP-E44E\x00'
2026-09-16 20:47:36,233 BTPWorkerThread-2293 (_rx_task) root DEBUG gap.py                    205   gap_device_found_ev_      : found '001bdc08e44e' type 224 eir b'\x0e\tPTS-GAP-E44E\x00'
2026-09-16 20:47:36,309 BTPWorkerThread-2293 (_rx_task) root DEBUG iutctl_common.py          123   read                      : Read 5 bytes
2026-09-16 20:47:36,310 BTPWorkerThread-2293 (_rx_task) root DEBUG iutctl_common.py          131   read                      : Received: hdr: Header(svc_id=0x01, op=0x81, ctrl_index=0x00, data_len=0x2a) bytearray(b'\x01\x81\x00*\x00')
2026-09-16 20:47:36,310 BTPWorkerThread-2293 (_rx_task) root DEBUG iutctl_common.py          139   read                      : Read 42 bytes data
2026-09-16 20:47:36,310 BTPWorkerThread-2293 (_rx_task) root DEBUG iutctl_common.py          154   read                      : Received data: {'e0 cd 83 06 dc 1b 00 ae 03 1f 00 1e 09 41 32 44 50 20 53 6f 75 72 63 65 20 30 30 3a 31 42 3a 44 43 3a 30 36 3a 38 33 3a 43 44'}, bytearray(b'\xe0\xcd\x83\x06\xdc\x1b\x00\xae\x03\x1f\x00\x1e\tA2DP Source 00:1B:DC:06:83:CD')
2026-09-16 20:47:36,310 BTPWorkerThread-2293 (_rx_task) root DEBUG btp.py                    700   event_handler             : Header(svc_id=1, op=129, ctrl_index=0, data_len=42) (b'\xe0\xcd\x83\x06\xdc\x1b\x00\xae\x03\x1f\x00\x1e\tA2DP Source 00:1B:DC:06:83:CD',)
2026-09-16 20:47:36,310 BTPWorkerThread-2293 (_rx_task) root DEBUG gap.py                    191   gap_device_found_ev_      : b'\xe0\xcd\x83\x06\xdc\x1b\x00\xae\x03\x1f\x00\x1e\tA2DP Source 00:1B:DC:06:83:CD'
2026-09-16 20:47:36,310 BTPWorkerThread-2293 (_rx_task) root DEBUG gap.py                    205   gap_device_found_ev_      : found '001bdc0683cd' type 224 eir b'\x1e\tA2DP Source 00:1B:DC:06:83:CD'
2026-09-16 20:47:36,701 BTPWorkerThread-2293 (_rx_task) root DEBUG iutctl_common.py          123   read                      : Read 5 bytes
2026-09-16 20:47:36,702 BTPWorkerThread-2293 (_rx_task) root DEBUG iutctl_common.py          131   read                      : Received: hdr: Header(svc_id=0x01, op=0x81, ctrl_index=0x00, data_len=0x1a) bytearray(b'\x01\x81\x00\x1a\x00')
2026-09-16 20:47:36,702 BTPWorkerThread-2293 (_rx_task) root DEBUG iutctl_common.py          139   read                      : Read 26 bytes data
2026-09-16 20:47:36,702 BTPWorkerThread-2293 (_rx_task) root DEBUG iutctl_common.py          154   read                      : Received data: {'e0 4e e4 08 dc 1b 00 d2 03 0f 00 0e 09 50 54 53 2d 47 41 50 2d 45 34 34 45 00'}, bytearray(b'\xe0N\xe4\x08\xdc\x1b\x00\xd2\x03\x0f\x00\x0e\tPTS-GAP-E44E\x00')
2026-09-16 20:47:36,702 BTPWorkerThread-2293 (_rx_task) root DEBUG btp.py                    700   event_handler             : Header(svc_id=1, op=129, ctrl_index=0, data_len=26) (b'\xe0N\xe4\x08\xdc\x1b\x00\xd2\x03\x0f\x00\x0e\tPTS-GAP-E44E\x00',)
2026-09-16 20:47:36,702 BTPWorkerThread-2293 (_rx_task) root DEBUG gap.py                    191   gap_device_found_ev_      : b'\xe0N\xe4\x08\xdc\x1b\x00\xd2\x03\x0f\x00\x0e\tPTS-GAP-E44E\x00'
2026-09-16 20:47:36,702 BTPWorkerThread-2293 (_rx_task) root DEBUG gap.py                    205   gap_device_found_ev_      : found '001bdc08e44e' type 224 eir b'\x0e\tPTS-GAP-E44E\x00'
2026-09-16 20:47:36,898 BTPWorkerThread-2293 (_rx_task) root DEBUG iutctl_common.py          123   read                      : Read 5 bytes
2026-09-16 20:47:36,899 BTPWorkerThread-2293 (_rx_task) root DEBUG iutctl_common.py          131   read                      : Received: hdr: Header(svc_id=0x01, op=0x81, ctrl_index=0x00, data_len=0x26) bytearray(b'\x01\x81\x00&\x00')
2026-09-16 20:47:36,899 BTPWorkerThread-2293 (_rx_task) root DEBUG iutctl_common.py          139   read                      : Read 38 bytes data
2026-09-16 20:47:36,899 BTPWorkerThread-2293 (_rx_task) root DEBUG iutctl_common.py          154   read                      : Received data: {'e0 53 00 4c 17 e5 44 b4 03 1b 00 09 09 4e 58 4c 36 36 35 32 38 02 0a 0c 0d 03 0c 11 0a 11 0b 11 0e 11 1f 11 1e 11'}, bytearray(b'\xe0S\x00L\x17\xe5D\xb4\x03\x1b\x00\t\tNXL66528\x02\n\x0c\r\x03\x0c\x11\n\x11\x0b\x11\x0e\x11\x1f\x11\x1e\x11')
2026-09-16 20:47:36,899 BTPWorkerThread-2293 (_rx_task) root DEBUG btp.py                    700   event_handler             : Header(svc_id=1, op=129, ctrl_index=0, data_len=38) (b'\xe0S\x00L\x17\xe5D\xb4\x03\x1b\x00\t\tNXL66528\x02\n\x0c\r\x03\x0c\x11\n\x11\x0b\x11\x0e\x11\x1f\x11\x1e\x11',)
2026-09-16 20:47:36,899 BTPWorkerThread-2293 (_rx_task) root DEBUG gap.py                    191   gap_device_found_ev_      : b'\xe0S\x00L\x17\xe5D\xb4\x03\x1b\x00\t\tNXL66528\x02\n\x0c\r\x03\x0c\x11\n\x11\x0b\x11\x0e\x11\x1f\x11\x1e\x11'
2026-09-16 20:47:36,899 BTPWorkerThread-2293 (_rx_task) root DEBUG gap.py                    205   gap_device_found_ev_      : found '44e5174c0053' type 224 eir b'\t\tNXL66528\x02\n\x0c\r\x03\x0c\x11\n\x11\x0b\x11\x0e\x11\x1f\x11\x1e\x11'
2026-09-16 20:47:37,340 BTPWorkerThread-2293 (_rx_task) root DEBUG iutctl_common.py          123   read                      : Read 5 bytes
2026-09-16 20:47:37,340 BTPWorkerThread-2293 (_rx_task) root DEBUG iutctl_common.py          131   read                      : Received: hdr: Header(svc_id=0x01, op=0x81, ctrl_index=0x00, data_len=0x1a) bytearray(b'\x01\x81\x00\x1a\x00')
2026-09-16 20:47:37,340 BTPWorkerThread-2293 (_rx_task) root DEBUG iutctl_common.py          139   read                      : Read 26 bytes data
2026-09-16 20:47:37,341 BTPWorkerThread-2293 (_rx_task) root DEBUG iutctl_common.py          154   read                      : Received data: {'e0 4e e4 08 dc 1b 00 d2 03 0f 00 0e 09 50 54 53 2d 47 41 50 2d 45 34 34 45 00'}, bytearray(b'\xe0N\xe4\x08\xdc\x1b\x00\xd2\x03\x0f\x00\x0e\tPTS-GAP-E44E\x00')
2026-09-16 20:47:37,341 BTPWorkerThread-2293 (_rx_task) root DEBUG btp.py                    700   event_handler             : Header(svc_id=1, op=129, ctrl_index=0, data_len=26) (b'\xe0N\xe4\x08\xdc\x1b\x00\xd2\x03\x0f\x00\x0e\tPTS-GAP-E44E\x00',)
2026-09-16 20:47:37,341 BTPWorkerThread-2293 (_rx_task) root DEBUG gap.py                    191   gap_device_found_ev_      : b'\xe0N\xe4\x08\xdc\x1b\x00\xd2\x03\x0f\x00\x0e\tPTS-GAP-E44E\x00'
2026-09-16 20:47:37,341 BTPWorkerThread-2293 (_rx_task) root DEBUG gap.py                    205   gap_device_found_ev_      : found '001bdc08e44e' type 224 eir b'\x0e\tPTS-GAP-E44E\x00'
2026-09-16 20:47:37,456 LT1-thread root DEBUG gap.py                    1148  gap_stop_discovery        : 
2026-09-16 20:47:37,456 LT1-thread root DEBUG iutctl_common.py          161   send                      : 1 13 0 ''
2026-09-16 20:47:37,456 LT1-thread root DEBUG iutctl_common.py          166   send                      : sending frame '010d000000'
2026-09-16 20:47:37,456 LT1-thread root DEBUG gap.py                    1227  gap_command_rsp_succ      : 
2026-09-16 20:47:37,456 LT1-thread root DEBUG iutctl_common.py          339   read                      : 
2026-09-16 20:47:37,493 BTPWorkerThread-2293 (_rx_task) root DEBUG iutctl_common.py          123   read                      : Read 5 bytes
2026-09-16 20:47:37,504 BTPWorkerThread-2293 (_rx_task) root DEBUG iutctl_common.py          131   read                      : Received: hdr: Header(svc_id=0x01, op=0x0d, ctrl_index=0x00, data_len=0x00) bytearray(b'\x01\r\x00\x00\x00')
2026-09-16 20:47:37,509 BTPWorkerThread-2293 (_rx_task) root DEBUG iutctl_common.py          154   read                      : Received data: {''}, bytearray(b'')
2026-09-16 20:47:37,520 LT1-thread root DEBUG gap.py                    1232  gap_command_rsp_succ      : received Header(svc_id=1, op=13, ctrl_index=0, data_len=0) (b'',)
2026-09-16 20:47:37,520 LT1-thread root DEBUG gap.py                    1508  check_discovery_results   : 224 '001bdc08e44e' True None
2026-09-16 20:47:37,520 LT1-thread root DEBUG gap.py                    1517  check_discovery_results   : matching LeAdv(addr_type=224, addr='44e5174c0053', rssi=167, flags=3, eir=b'\t\tNXL66528\x02\n\x0c\r\x03\x0c\x11\n\x11\x0b\x11\x0e\x11\x1f\x11\x1e\x11')
2026-09-16 20:47:37,520 LT1-thread root DEBUG gap.py                    1517  check_discovery_results   : matching LeAdv(addr_type=224, addr='44e5174c0053', rssi=175, flags=3, eir=b'\t\tNXL66528\x02\n\x0c\r\x03\x0c\x11\n\x11\x0b\x11\x0e\x11\x1f\x11\x1e\x11')
2026-09-16 20:47:37,520 LT1-thread root DEBUG gap.py                    1517  check_discovery_results   : matching LeAdv(addr_type=224, addr='44e5174c0053', rssi=174, flags=3, eir=b'')
2026-09-16 20:47:37,520 LT1-thread root DEBUG gap.py                    1517  check_discovery_results   : matching LeAdv(addr_type=224, addr='44e5174c0053', rssi=177, flags=3, eir=b'\t\tNXL66528\x02\n\x0c\r\x03\x0c\x11\n\x11\x0b\x11\x0e\x11\x1f\x11\x1e\x11')
2026-09-16 20:47:37,521 LT1-thread root DEBUG gap.py                    1517  check_discovery_results   : matching LeAdv(addr_type=224, addr='44e5174c0053', rssi=175, flags=3, eir=b'\t\tNXL66528\x02\n\x0c\r\x03\x0c\x11\n\x11\x0b\x11\x0e\x11\x1f\x11\x1e\x11')
2026-09-16 20:47:37,521 LT1-thread root DEBUG gap.py                    1517  check_discovery_results   : matching LeAdv(addr_type=224, addr='001bdc068395', rssi=166, flags=3, eir=b'\x1e\tHFP AG Demo 00:1B:DC:06:83:95')
2026-09-16 20:47:37,521 LT1-thread root DEBUG gap.py                    1517  check_discovery_results   : matching LeAdv(addr_type=224, addr='44e5174c0053', rssi=180, flags=3, eir=b'\t\tNXL66528\x02\n\x0c\r\x03\x0c\x11\n\x11\x0b\x11\x0e\x11\x1f\x11\x1e\x11')
2026-09-16 20:47:37,521 LT1-thread root DEBUG gap.py                    1517  check_discovery_results   : matching LeAdv(addr_type=224, addr='001bdc08e44e', rssi=211, flags=3, eir=b'\x0e\tPTS-GAP-E44E\x00')
2026-09-16 20:47:37,521 LT1-thread root DEBUG gap.py                    760   gap_connect               : None 224
2026-09-16 20:47:37,521 LT1-thread root DEBUG iutctl_common.py          161   send                      : 1 14 0 "bytearray(b'\\xe0N\\xe4\\x08\\xdc\\x1b\\x00\\x00')"
2026-09-16 20:47:37,521 LT1-thread root DEBUG iutctl_common.py          166   send                      : sending frame '010e000800e04ee408dc1b0000'
2026-09-16 20:47:37,521 LT1-thread root DEBUG iutctl_common.py          339   read                      : 
2026-09-16 20:47:37,559 BTPWorkerThread-2293 (_rx_task) root DEBUG iutctl_common.py          123   read                      : Read 5 bytes
2026-09-16 20:47:37,570 BTPWorkerThread-2293 (_rx_task) root DEBUG iutctl_common.py          131   read                      : Received: hdr: Header(svc_id=0x01, op=0x0e, ctrl_index=0x00, data_len=0x00) bytearray(b'\x01\x0e\x00\x00\x00')
2026-09-16 20:47:37,581 BTPWorkerThread-2293 (_rx_task) root DEBUG iutctl_common.py          154   read                      : Received data: {''}, bytearray(b'')
2026-09-16 20:47:40,421 BTPWorkerThread-2293 (_rx_task) root DEBUG iutctl_common.py          123   read                      : Read 5 bytes
2026-09-16 20:47:40,421 BTPWorkerThread-2293 (_rx_task) root DEBUG iutctl_common.py          131   read                      : Received: hdr: Header(svc_id=0x01, op=0x82, ctrl_index=0x00, data_len=0x0d) bytearray(b'\x01\x82\x00\r\x00')
2026-09-16 20:47:40,422 BTPWorkerThread-2293 (_rx_task) root DEBUG iutctl_common.py          139   read                      : Read 13 bytes data
2026-09-16 20:47:40,422 BTPWorkerThread-2293 (_rx_task) root DEBUG iutctl_common.py          154   read                      : Received data: {'e0 4e e4 08 dc 1b 00 00 00 00 00 00 00'}, bytearray(b'\xe0N\xe4\x08\xdc\x1b\x00\x00\x00\x00\x00\x00\x00')
2026-09-16 20:47:40,422 BTPWorkerThread-2293 (_rx_task) root DEBUG btp.py                    700   event_handler             : Header(svc_id=1, op=130, ctrl_index=0, data_len=13) (b'\xe0N\xe4\x08\xdc\x1b\x00\x00\x00\x00\x00\x00\x00',)
2026-09-16 20:47:40,422 BTPWorkerThread-2293 (_rx_task) root DEBUG gap.py                    213   gap_connected_ev_         : b'\xe0N\xe4\x08\xdc\x1b\x00\x00\x00\x00\x00\x00\x00'
2026-09-16 20:47:40,511 LT1-thread root DEBUG testcase.py               722   run_wid                   : Sending response 'OK' to wid 102 test case GAP/SEC/SEM/BI-06-C
2026-09-16 20:47:40,513 LT1-thread root DEBUG client.py                 276   get_result                : ClientCallback.get_result run_test_case
2026-09-16 20:47:40,515 LT1-callback ClientCallback.on_implicit_send INFO client.py                 223   on_implicit_send          : 
    ********************
    BEGIN OnImplicitSend:
    project_name: GAP
    wid: 265
    test_case_name: GAP/SEC/SEM/BI-06-C
    description: Please initiate a link encryption with the Lower Tester.
    style: MMI_Style_Ok_Cancel2 0x11141
2026-09-16 20:47:40,515 LT1-callback ClientCallback.on_implicit_send INFO client.py                 236   on_implicit_send          : Calling test cases on_implicit_send
2026-09-16 20:47:40,515 LT1-callback ClientCallback.on_implicit_send INFO client.py                 249   on_implicit_send          : 
    on_implicit_send returned response: WAIT
    END OnImplicitSend
    ********************
2026-09-16 20:47:41,514 LT1-thread root DEBUG testcase.py               679   run_wid                   : GAP GAP/SEC/SEM/BI-06-C on_implicit_send
2026-09-16 20:47:41,514 LT1-thread root DEBUG gap_wid.py                26    gap_wid_hdl               : gap_wid_hdl, 265, Please initiate a link encryption with the Lower Tester., GAP/SEC/SEM/BI-06-C
2026-09-16 20:47:41,514 LT1-thread root DEBUG gap.py                    871   gap_pair                  : None 224
2026-09-16 20:47:41,514 LT1-thread root DEBUG iutctl_common.py          161   send                      : 1 17 0 "bytearray(b'\\xe0N\\xe4\\x08\\xdc\\x1b\\x00')"
2026-09-16 20:47:41,514 LT1-thread root DEBUG iutctl_common.py          166   send                      : sending frame '0111000700e04ee408dc1b00'
2026-09-16 20:47:41,514 LT1-thread root DEBUG gap.py                    1227  gap_command_rsp_succ      : 
2026-09-16 20:47:41,515 LT1-thread root DEBUG iutctl_common.py          339   read                      : 
2026-09-16 20:47:41,548 BTPWorkerThread-2293 (_rx_task) root DEBUG iutctl_common.py          123   read                      : Read 5 bytes
2026-09-16 20:47:41,558 BTPWorkerThread-2293 (_rx_task) root DEBUG iutctl_common.py          131   read                      : Received: hdr: Header(svc_id=0x01, op=0x11, ctrl_index=0x00, data_len=0x00) bytearray(b'\x01\x11\x00\x00\x00')
2026-09-16 20:47:41,564 BTPWorkerThread-2293 (_rx_task) root DEBUG iutctl_common.py          154   read                      : Received data: {''}, bytearray(b'')
2026-09-16 20:47:41,570 BTPWorkerThread-2293 (_rx_task) root DEBUG iutctl_common.py          123   read                      : Read 5 bytes
2026-09-16 20:47:41,570 LT1-thread root DEBUG gap.py                    1232  gap_command_rsp_succ      : received Header(svc_id=1, op=17, ctrl_index=0, data_len=0) (b'',)
2026-09-16 20:47:41,571 LT1-thread root DEBUG testcase.py               722   run_wid                   : Sending response 'OK' to wid 265 test case GAP/SEC/SEM/BI-06-C
2026-09-16 20:47:41,571 BTPWorkerThread-2293 (_rx_task) root DEBUG iutctl_common.py          131   read                      : Received: hdr: Header(svc_id=0x01, op=0x91, ctrl_index=0x00, data_len=0x09) bytearray(b'\x01\x91\x00\t\x00')
2026-09-16 20:47:41,571 BTPWorkerThread-2293 (_rx_task) root DEBUG iutctl_common.py          139   read                      : Read 9 bytes data
2026-09-16 20:47:41,571 BTPWorkerThread-2293 (_rx_task) root DEBUG iutctl_common.py          154   read                      : Received data: {'e0 4e e4 08 dc 1b 00 00 00'}, bytearray(b'\xe0N\xe4\x08\xdc\x1b\x00\x00\x00')
2026-09-16 20:47:41,571 BTPWorkerThread-2293 (_rx_task) root DEBUG btp.py                    700   event_handler             : Header(svc_id=1, op=145, ctrl_index=0, data_len=9) (b'\xe0N\xe4\x08\xdc\x1b\x00\x00\x00',)
2026-09-16 20:47:41,571 BTPWorkerThread-2293 (_rx_task) root DEBUG gap.py                    492   gap_encryption_change_ev_ : 
2026-09-16 20:47:41,571 BTPWorkerThread-2293 (_rx_task) root DEBUG gap.py                    494   gap_encryption_change_ev_ : enc change received b'\xe0N\xe4\x08\xdc\x1b\x00\x00\x00'
2026-09-16 20:47:41,571 BTPWorkerThread-2293 (_rx_task) root DEBUG gap.py                    503   gap_encryption_change_ev_ : received (224, '001bdc08e44e', 0, 0)
2026-09-16 20:47:41,573 LT1-thread root DEBUG client.py                 276   get_result                : ClientCallback.get_result run_test_case
2026-09-16 20:48:01,453 LT1-callback ClientCallback.on_implicit_send INFO client.py                 223   on_implicit_send          : 
    ********************
    BEGIN OnImplicitSend:
    project_name: GAP
    wid: 266
    test_case_name: GAP/SEC/SEM/BI-06-C
    description: Please confirm that the IUT signals to the Upper Tester that the channel establishment failure after link encryption.

Click 'Yes' If there is channel establishment failure otherwise click 'No'.
    style: MMI_Style_Yes_No1 0x11044
2026-09-16 20:48:01,453 LT1-callback ClientCallback.on_implicit_send INFO client.py                 236   on_implicit_send          : Calling test cases on_implicit_send
2026-09-16 20:48:01,453 LT1-callback ClientCallback.on_implicit_send INFO client.py                 249   on_implicit_send          : 
    on_implicit_send returned response: WAIT
    END OnImplicitSend
    ********************
2026-09-16 20:48:01,583 LT1-thread root DEBUG testcase.py               679   run_wid                   : GAP GAP/SEC/SEM/BI-06-C on_implicit_send
2026-09-16 20:48:01,583 LT1-thread root DEBUG gap_wid.py                26    gap_wid_hdl               : gap_wid_hdl, 266, Please confirm that the IUT signals to the Upper Tester that the channel establishment failure after link encryption.

Click 'Yes' If there is channel establishment failure otherwise click 'No'., GAP/SEC/SEM/BI-06-C
2026-09-16 20:48:31,585 EventTimerThread-2320 root ERROR common.py                 44    timeout_cb                : Timeout after 30 seconds while waiting for event <threading.Event at 0x2a76a04ac60: set> with condition         return wait_for_event(timeout, lambda: not self.is_connected(addr=addr))

2026-09-16 20:48:31,610 LT1-thread root DEBUG testcase.py               722   run_wid                   : Sending response 'Yes' to wid 266 test case GAP/SEC/SEM/BI-06-C
2026-09-16 20:48:31,613 LT1-thread root DEBUG client.py                 276   get_result                : ClientCallback.get_result run_test_case
2026-09-16 20:48:36,622 BTPWorkerThread-2293 (_rx_task) root DEBUG iutctl_common.py          123   read                      : Read 5 bytes
2026-09-16 20:48:36,623 BTPWorkerThread-2293 (_rx_task) root DEBUG iutctl_common.py          131   read                      : Received: hdr: Header(svc_id=0x01, op=0x83, ctrl_index=0x00, data_len=0x07) bytearray(b'\x01\x83\x00\x07\x00')
2026-09-16 20:48:36,623 BTPWorkerThread-2293 (_rx_task) root DEBUG iutctl_common.py          139   read                      : Read 7 bytes data
2026-09-16 20:48:36,623 BTPWorkerThread-2293 (_rx_task) root DEBUG iutctl_common.py          154   read                      : Received data: {'e0 4e e4 08 dc 1b 00'}, bytearray(b'\xe0N\xe4\x08\xdc\x1b\x00')
2026-09-16 20:48:36,623 BTPWorkerThread-2293 (_rx_task) root DEBUG btp.py                    700   event_handler             : Header(svc_id=1, op=131, ctrl_index=0, data_len=7) (b'\xe0N\xe4\x08\xdc\x1b\x00',)
2026-09-16 20:48:36,623 BTPWorkerThread-2293 (_rx_task) root DEBUG gap.py                    226   gap_disconnected_ev_      : b'\xe0N\xe4\x08\xdc\x1b\x00'
2026-09-16 20:48:36,926 LT1-callback ClientCallback.on_implicit_send INFO client.py                 223   on_implicit_send          : 
    ********************
    BEGIN OnImplicitSend:
    project_name: GAP
    wid: 102
    test_case_name: GAP/SEC/SEM/BI-06-C
    description: Please send an HCI connect request to establish a basic rate connection after the IUT discovers the Lower Tester over BR and LE.
    style: MMI_Style_Ok_Cancel2 0x11141
2026-09-16 20:48:36,926 LT1-callback ClientCallback.on_implicit_send INFO client.py                 236   on_implicit_send          : Calling test cases on_implicit_send
2026-09-16 20:48:36,926 LT1-callback ClientCallback.on_implicit_send INFO client.py                 249   on_implicit_send          : 
    on_implicit_send returned response: WAIT
    END OnImplicitSend
    ********************
2026-09-16 20:48:37,617 LT1-thread root DEBUG testcase.py               679   run_wid                   : GAP GAP/SEC/SEM/BI-06-C on_implicit_send
2026-09-16 20:48:37,617 LT1-thread root DEBUG gap_wid.py                26    gap_wid_hdl               : gap_wid_hdl, 102, Please send an HCI connect request to establish a basic rate connection after the IUT discovers the Lower Tester over BR and LE., GAP/SEC/SEM/BI-06-C
2026-09-16 20:48:37,617 LT1-thread root DEBUG gap.py                    1120  gap_start_discovery       : 
2026-09-16 20:48:37,617 LT1-thread root DEBUG iutctl_common.py          161   send                      : 1 12 0 '\x02'
2026-09-16 20:48:37,617 LT1-thread root DEBUG iutctl_common.py          166   send                      : sending frame '010c00010002'
2026-09-16 20:48:37,617 LT1-thread root DEBUG gap.py                    1227  gap_command_rsp_succ      : 
2026-09-16 20:48:37,617 LT1-thread root DEBUG iutctl_common.py          339   read                      : 
2026-09-16 20:48:37,647 BTPWorkerThread-2293 (_rx_task) root DEBUG iutctl_common.py          123   read                      : Read 5 bytes
2026-09-16 20:48:37,652 BTPWorkerThread-2293 (_rx_task) root DEBUG iutctl_common.py          131   read                      : Received: hdr: Header(svc_id=0x01, op=0x0c, ctrl_index=0x00, data_len=0x00) bytearray(b'\x01\x0c\x00\x00\x00')
2026-09-16 20:48:37,658 BTPWorkerThread-2293 (_rx_task) root DEBUG iutctl_common.py          154   read                      : Received data: {''}, bytearray(b'')
2026-09-16 20:48:37,664 LT1-thread root DEBUG gap.py                    1232  gap_command_rsp_succ      : received Header(svc_id=1, op=12, ctrl_index=0, data_len=0) (b'',)
2026-09-16 20:48:37,719 BTPWorkerThread-2293 (_rx_task) root DEBUG iutctl_common.py          123   read                      : Read 5 bytes
2026-09-16 20:48:37,719 BTPWorkerThread-2293 (_rx_task) root DEBUG iutctl_common.py          131   read                      : Received: hdr: Header(svc_id=0x01, op=0x81, ctrl_index=0x00, data_len=0x0b) bytearray(b'\x01\x81\x00\x0b\x00')
2026-09-16 20:48:37,719 BTPWorkerThread-2293 (_rx_task) root DEBUG iutctl_common.py          139   read                      : Read 11 bytes data
2026-09-16 20:48:37,719 BTPWorkerThread-2293 (_rx_task) root DEBUG iutctl_common.py          154   read                      : Received data: {'e0 4e e4 08 dc 1b 00 d4 03 00 00'}, bytearray(b'\xe0N\xe4\x08\xdc\x1b\x00\xd4\x03\x00\x00')
2026-09-16 20:48:37,719 BTPWorkerThread-2293 (_rx_task) root DEBUG btp.py                    700   event_handler             : Header(svc_id=1, op=129, ctrl_index=0, data_len=11) (b'\xe0N\xe4\x08\xdc\x1b\x00\xd4\x03\x00\x00',)
2026-09-16 20:48:37,719 BTPWorkerThread-2293 (_rx_task) root DEBUG gap.py                    191   gap_device_found_ev_      : b'\xe0N\xe4\x08\xdc\x1b\x00\xd4\x03\x00\x00'
2026-09-16 20:48:37,719 BTPWorkerThread-2293 (_rx_task) root DEBUG gap.py                    205   gap_device_found_ev_      : found '001bdc08e44e' type 224 eir b''
2026-09-16 20:48:38,317 BTPWorkerThread-2293 (_rx_task) root DEBUG iutctl_common.py          123   read                      : Read 5 bytes
2026-09-16 20:48:38,318 BTPWorkerThread-2293 (_rx_task) root DEBUG iutctl_common.py          131   read                      : Received: hdr: Header(svc_id=0x01, op=0x81, ctrl_index=0x00, data_len=0x0b) bytearray(b'\x01\x81\x00\x0b\x00')
2026-09-16 20:48:38,318 BTPWorkerThread-2293 (_rx_task) root DEBUG iutctl_common.py          139   read                      : Read 11 bytes data
2026-09-16 20:48:38,318 BTPWorkerThread-2293 (_rx_task) root DEBUG iutctl_common.py          154   read                      : Received data: {'e0 4e e4 08 dc 1b 00 d3 03 00 00'}, bytearray(b'\xe0N\xe4\x08\xdc\x1b\x00\xd3\x03\x00\x00')
2026-09-16 20:48:38,318 BTPWorkerThread-2293 (_rx_task) root DEBUG btp.py                    700   event_handler             : Header(svc_id=1, op=129, ctrl_index=0, data_len=11) (b'\xe0N\xe4\x08\xdc\x1b\x00\xd3\x03\x00\x00',)
2026-09-16 20:48:38,318 BTPWorkerThread-2293 (_rx_task) root DEBUG gap.py                    191   gap_device_found_ev_      : b'\xe0N\xe4\x08\xdc\x1b\x00\xd3\x03\x00\x00'
2026-09-16 20:48:38,318 BTPWorkerThread-2293 (_rx_task) root DEBUG gap.py                    205   gap_device_found_ev_      : found '001bdc08e44e' type 224 eir b''
2026-09-16 20:48:38,394 BTPWorkerThread-2293 (_rx_task) root DEBUG iutctl_common.py          123   read                      : Read 5 bytes
2026-09-16 20:48:38,395 BTPWorkerThread-2293 (_rx_task) root DEBUG iutctl_common.py          131   read                      : Received: hdr: Header(svc_id=0x01, op=0x81, ctrl_index=0x00, data_len=0x1a) bytearray(b'\x01\x81\x00\x1a\x00')
2026-09-16 20:48:38,395 BTPWorkerThread-2293 (_rx_task) root DEBUG iutctl_common.py          139   read                      : Read 14 bytes data
2026-09-16 20:48:38,406 BTPWorkerThread-2293 (_rx_task) root DEBUG iutctl_common.py          139   read                      : Read 12 bytes data
2026-09-16 20:48:38,407 BTPWorkerThread-2293 (_rx_task) root DEBUG iutctl_common.py          154   read                      : Received data: {'e0 4e e4 08 dc 1b 00 d5 03 0f 00 0e 09 50 54 53 2d 47 41 50 2d 45 34 34 45 00'}, bytearray(b'\xe0N\xe4\x08\xdc\x1b\x00\xd5\x03\x0f\x00\x0e\tPTS-GAP-E44E\x00')
2026-09-16 20:48:38,407 BTPWorkerThread-2293 (_rx_task) root DEBUG btp.py                    700   event_handler             : Header(svc_id=1, op=129, ctrl_index=0, data_len=26) (b'\xe0N\xe4\x08\xdc\x1b\x00\xd5\x03\x0f\x00\x0e\tPTS-GAP-E44E\x00',)
2026-09-16 20:48:38,407 BTPWorkerThread-2293 (_rx_task) root DEBUG gap.py                    191   gap_device_found_ev_      : b'\xe0N\xe4\x08\xdc\x1b\x00\xd5\x03\x0f\x00\x0e\tPTS-GAP-E44E\x00'
2026-09-16 20:48:38,407 BTPWorkerThread-2293 (_rx_task) root DEBUG gap.py                    205   gap_device_found_ev_      : found '001bdc08e44e' type 224 eir b'\x0e\tPTS-GAP-E44E\x00'
2026-09-16 20:48:38,461 BTPWorkerThread-2293 (_rx_task) root DEBUG iutctl_common.py          123   read                      : Read 5 bytes
2026-09-16 20:48:38,462 BTPWorkerThread-2293 (_rx_task) root DEBUG iutctl_common.py          131   read                      : Received: hdr: Header(svc_id=0x01, op=0x81, ctrl_index=0x00, data_len=0x0b) bytearray(b'\x01\x81\x00\x0b\x00')
2026-09-16 20:48:38,462 BTPWorkerThread-2293 (_rx_task) root DEBUG iutctl_common.py          139   read                      : Read 11 bytes data
2026-09-16 20:48:38,462 BTPWorkerThread-2293 (_rx_task) root DEBUG iutctl_common.py          154   read                      : Received data: {'e0 4e e4 08 dc 1b 00 b1 03 00 00'}, bytearray(b'\xe0N\xe4\x08\xdc\x1b\x00\xb1\x03\x00\x00')
2026-09-16 20:48:38,462 BTPWorkerThread-2293 (_rx_task) root DEBUG btp.py                    700   event_handler             : Header(svc_id=1, op=129, ctrl_index=0, data_len=11) (b'\xe0N\xe4\x08\xdc\x1b\x00\xb1\x03\x00\x00',)
2026-09-16 20:48:38,462 BTPWorkerThread-2293 (_rx_task) root DEBUG gap.py                    191   gap_device_found_ev_      : b'\xe0N\xe4\x08\xdc\x1b\x00\xb1\x03\x00\x00'
2026-09-16 20:48:38,462 BTPWorkerThread-2293 (_rx_task) root DEBUG gap.py                    205   gap_device_found_ev_      : found '001bdc08e44e' type 224 eir b''
2026-09-16 20:48:38,669 BTPWorkerThread-2293 (_rx_task) root DEBUG iutctl_common.py          123   read                      : Read 5 bytes
2026-09-16 20:48:38,669 BTPWorkerThread-2293 (_rx_task) root DEBUG iutctl_common.py          131   read                      : Received: hdr: Header(svc_id=0x01, op=0x81, ctrl_index=0x00, data_len=0x1a) bytearray(b'\x01\x81\x00\x1a\x00')
2026-09-16 20:48:38,669 BTPWorkerThread-2293 (_rx_task) root DEBUG iutctl_common.py          139   read                      : Read 26 bytes data
2026-09-16 20:48:38,670 BTPWorkerThread-2293 (_rx_task) root DEBUG iutctl_common.py          154   read                      : Received data: {'e0 4e e4 08 dc 1b 00 d3 03 0f 00 0e 09 50 54 53 2d 47 41 50 2d 45 34 34 45 00'}, bytearray(b'\xe0N\xe4\x08\xdc\x1b\x00\xd3\x03\x0f\x00\x0e\tPTS-GAP-E44E\x00')
2026-09-16 20:48:38,670 BTPWorkerThread-2293 (_rx_task) root DEBUG btp.py                    700   event_handler             : Header(svc_id=1, op=129, ctrl_index=0, data_len=26) (b'\xe0N\xe4\x08\xdc\x1b\x00\xd3\x03\x0f\x00\x0e\tPTS-GAP-E44E\x00',)
2026-09-16 20:48:38,670 BTPWorkerThread-2293 (_rx_task) root DEBUG gap.py                    191   gap_device_found_ev_      : b'\xe0N\xe4\x08\xdc\x1b\x00\xd3\x03\x0f\x00\x0e\tPTS-GAP-E44E\x00'
2026-09-16 20:48:38,670 BTPWorkerThread-2293 (_rx_task) root DEBUG gap.py                    205   gap_device_found_ev_      : found '001bdc08e44e' type 224 eir b'\x0e\tPTS-GAP-E44E\x00'
2026-09-16 20:48:38,746 BTPWorkerThread-2293 (_rx_task) root DEBUG iutctl_common.py          123   read                      : Read 5 bytes
2026-09-16 20:48:38,747 BTPWorkerThread-2293 (_rx_task) root DEBUG iutctl_common.py          131   read                      : Received: hdr: Header(svc_id=0x01, op=0x81, ctrl_index=0x00, data_len=0x0b) bytearray(b'\x01\x81\x00\x0b\x00')
2026-09-16 20:48:38,747 BTPWorkerThread-2293 (_rx_task) root DEBUG iutctl_common.py          139   read                      : Read 11 bytes data
2026-09-16 20:48:38,747 BTPWorkerThread-2293 (_rx_task) root DEBUG iutctl_common.py          154   read                      : Received data: {'e0 4e e4 08 dc 1b 00 d2 03 00 00'}, bytearray(b'\xe0N\xe4\x08\xdc\x1b\x00\xd2\x03\x00\x00')
2026-09-16 20:48:38,747 BTPWorkerThread-2293 (_rx_task) root DEBUG btp.py                    700   event_handler             : Header(svc_id=1, op=129, ctrl_index=0, data_len=11) (b'\xe0N\xe4\x08\xdc\x1b\x00\xd2\x03\x00\x00',)
2026-09-16 20:48:38,747 BTPWorkerThread-2293 (_rx_task) root DEBUG gap.py                    191   gap_device_found_ev_      : b'\xe0N\xe4\x08\xdc\x1b\x00\xd2\x03\x00\x00'
2026-09-16 20:48:38,747 BTPWorkerThread-2293 (_rx_task) root DEBUG gap.py                    205   gap_device_found_ev_      : found '001bdc08e44e' type 224 eir b''
2026-09-16 20:48:38,812 BTPWorkerThread-2293 (_rx_task) root DEBUG iutctl_common.py          123   read                      : Read 5 bytes
2026-09-16 20:48:38,813 BTPWorkerThread-2293 (_rx_task) root DEBUG iutctl_common.py          131   read                      : Received: hdr: Header(svc_id=0x01, op=0x81, ctrl_index=0x00, data_len=0x0b) bytearray(b'\x01\x81\x00\x0b\x00')
2026-09-16 20:48:38,813 BTPWorkerThread-2293 (_rx_task) root DEBUG iutctl_common.py          139   read                      : Read 11 bytes data
2026-09-16 20:48:38,813 BTPWorkerThread-2293 (_rx_task) root DEBUG iutctl_common.py          154   read                      : Received data: {'e0 4e e4 08 dc 1b 00 d4 03 00 00'}, bytearray(b'\xe0N\xe4\x08\xdc\x1b\x00\xd4\x03\x00\x00')
2026-09-16 20:48:38,813 BTPWorkerThread-2293 (_rx_task) root DEBUG btp.py                    700   event_handler             : Header(svc_id=1, op=129, ctrl_index=0, data_len=11) (b'\xe0N\xe4\x08\xdc\x1b\x00\xd4\x03\x00\x00',)
2026-09-16 20:48:38,813 BTPWorkerThread-2293 (_rx_task) root DEBUG gap.py                    191   gap_device_found_ev_      : b'\xe0N\xe4\x08\xdc\x1b\x00\xd4\x03\x00\x00'
2026-09-16 20:48:38,813 BTPWorkerThread-2293 (_rx_task) root DEBUG gap.py                    205   gap_device_found_ev_      : found '001bdc08e44e' type 224 eir b''
2026-09-16 20:48:38,888 BTPWorkerThread-2293 (_rx_task) root DEBUG iutctl_common.py          123   read                      : Read 5 bytes
2026-09-16 20:48:38,888 BTPWorkerThread-2293 (_rx_task) root DEBUG iutctl_common.py          131   read                      : Received: hdr: Header(svc_id=0x01, op=0x81, ctrl_index=0x00, data_len=0x1a) bytearray(b'\x01\x81\x00\x1a\x00')
2026-09-16 20:48:38,889 BTPWorkerThread-2293 (_rx_task) root DEBUG iutctl_common.py          139   read                      : Read 26 bytes data
2026-09-16 20:48:38,889 BTPWorkerThread-2293 (_rx_task) root DEBUG iutctl_common.py          154   read                      : Received data: {'e0 4e e4 08 dc 1b 00 d2 03 0f 00 0e 09 50 54 53 2d 47 41 50 2d 45 34 34 45 00'}, bytearray(b'\xe0N\xe4\x08\xdc\x1b\x00\xd2\x03\x0f\x00\x0e\tPTS-GAP-E44E\x00')
2026-09-16 20:48:38,889 BTPWorkerThread-2293 (_rx_task) root DEBUG btp.py                    700   event_handler             : Header(svc_id=1, op=129, ctrl_index=0, data_len=26) (b'\xe0N\xe4\x08\xdc\x1b\x00\xd2\x03\x0f\x00\x0e\tPTS-GAP-E44E\x00',)
2026-09-16 20:48:38,889 BTPWorkerThread-2293 (_rx_task) root DEBUG gap.py                    191   gap_device_found_ev_      : b'\xe0N\xe4\x08\xdc\x1b\x00\xd2\x03\x0f\x00\x0e\tPTS-GAP-E44E\x00'
2026-09-16 20:48:38,889 BTPWorkerThread-2293 (_rx_task) root DEBUG gap.py                    205   gap_device_found_ev_      : found '001bdc08e44e' type 224 eir b'\x0e\tPTS-GAP-E44E\x00'
2026-09-16 20:48:39,355 BTPWorkerThread-2293 (_rx_task) root DEBUG iutctl_common.py          123   read                      : Read 5 bytes
2026-09-16 20:48:39,356 BTPWorkerThread-2293 (_rx_task) root DEBUG iutctl_common.py          131   read                      : Received: hdr: Header(svc_id=0x01, op=0x81, ctrl_index=0x00, data_len=0x1a) bytearray(b'\x01\x81\x00\x1a\x00')
2026-09-16 20:48:39,356 BTPWorkerThread-2293 (_rx_task) root DEBUG iutctl_common.py          139   read                      : Read 26 bytes data
2026-09-16 20:48:39,356 BTPWorkerThread-2293 (_rx_task) root DEBUG iutctl_common.py          154   read                      : Received data: {'e0 4e e4 08 dc 1b 00 d5 03 0f 00 0e 09 50 54 53 2d 47 41 50 2d 45 34 34 45 00'}, bytearray(b'\xe0N\xe4\x08\xdc\x1b\x00\xd5\x03\x0f\x00\x0e\tPTS-GAP-E44E\x00')
2026-09-16 20:48:39,356 BTPWorkerThread-2293 (_rx_task) root DEBUG btp.py                    700   event_handler             : Header(svc_id=1, op=129, ctrl_index=0, data_len=26) (b'\xe0N\xe4\x08\xdc\x1b\x00\xd5\x03\x0f\x00\x0e\tPTS-GAP-E44E\x00',)
2026-09-16 20:48:39,356 BTPWorkerThread-2293 (_rx_task) root DEBUG gap.py                    191   gap_device_found_ev_      : b'\xe0N\xe4\x08\xdc\x1b\x00\xd5\x03\x0f\x00\x0e\tPTS-GAP-E44E\x00'
2026-09-16 20:48:39,356 BTPWorkerThread-2293 (_rx_task) root DEBUG gap.py                    205   gap_device_found_ev_      : found '001bdc08e44e' type 224 eir b'\x0e\tPTS-GAP-E44E\x00'
2026-09-16 20:48:39,856 BTPWorkerThread-2293 (_rx_task) root DEBUG iutctl_common.py          123   read                      : Read 5 bytes
2026-09-16 20:48:39,857 BTPWorkerThread-2293 (_rx_task) root DEBUG iutctl_common.py          131   read                      : Received: hdr: Header(svc_id=0x01, op=0x81, ctrl_index=0x00, data_len=0x2a) bytearray(b'\x01\x81\x00*\x00')
2026-09-16 20:48:39,857 BTPWorkerThread-2293 (_rx_task) root DEBUG iutctl_common.py          139   read                      : Read 42 bytes data
2026-09-16 20:48:39,857 BTPWorkerThread-2293 (_rx_task) root DEBUG iutctl_common.py          154   read                      : Received data: {'e0 4d 65 9b 70 f3 5c a6 03 1f 00 1e 09 48 46 50 20 41 47 20 44 65 6d 6f 20 35 43 3a 46 33 3a 37 30 3a 39 42 3a 36 35 3a 34 44'}, bytearray(b'\xe0Me\x9bp\xf3\\\xa6\x03\x1f\x00\x1e\tHFP AG Demo 5C:F3:70:9B:65:4D')
2026-09-16 20:48:39,857 BTPWorkerThread-2293 (_rx_task) root DEBUG btp.py                    700   event_handler             : Header(svc_id=1, op=129, ctrl_index=0, data_len=42) (b'\xe0Me\x9bp\xf3\\\xa6\x03\x1f\x00\x1e\tHFP AG Demo 5C:F3:70:9B:65:4D',)
2026-09-16 20:48:39,857 BTPWorkerThread-2293 (_rx_task) root DEBUG gap.py                    191   gap_device_found_ev_      : b'\xe0Me\x9bp\xf3\\\xa6\x03\x1f\x00\x1e\tHFP AG Demo 5C:F3:70:9B:65:4D'
2026-09-16 20:48:39,857 BTPWorkerThread-2293 (_rx_task) root DEBUG gap.py                    205   gap_device_found_ev_      : found '5cf3709b654d' type 224 eir b'\x1e\tHFP AG Demo 5C:F3:70:9B:65:4D'
2026-09-16 20:48:40,357 BTPWorkerThread-2293 (_rx_task) root DEBUG iutctl_common.py          123   read                      : Read 5 bytes
2026-09-16 20:48:40,358 BTPWorkerThread-2293 (_rx_task) root DEBUG iutctl_common.py          131   read                      : Received: hdr: Header(svc_id=0x01, op=0x81, ctrl_index=0x00, data_len=0x1a) bytearray(b'\x01\x81\x00\x1a\x00')
2026-09-16 20:48:40,358 BTPWorkerThread-2293 (_rx_task) root DEBUG iutctl_common.py          139   read                      : Read 26 bytes data
2026-09-16 20:48:40,358 BTPWorkerThread-2293 (_rx_task) root DEBUG iutctl_common.py          154   read                      : Received data: {'e0 4e e4 08 dc 1b 00 d4 03 0f 00 0e 09 50 54 53 2d 47 41 50 2d 45 34 34 45 00'}, bytearray(b'\xe0N\xe4\x08\xdc\x1b\x00\xd4\x03\x0f\x00\x0e\tPTS-GAP-E44E\x00')
2026-09-16 20:48:40,358 BTPWorkerThread-2293 (_rx_task) root DEBUG btp.py                    700   event_handler             : Header(svc_id=1, op=129, ctrl_index=0, data_len=26) (b'\xe0N\xe4\x08\xdc\x1b\x00\xd4\x03\x0f\x00\x0e\tPTS-GAP-E44E\x00',)
2026-09-16 20:48:40,358 BTPWorkerThread-2293 (_rx_task) root DEBUG gap.py                    191   gap_device_found_ev_      : b'\xe0N\xe4\x08\xdc\x1b\x00\xd4\x03\x0f\x00\x0e\tPTS-GAP-E44E\x00'
2026-09-16 20:48:40,358 BTPWorkerThread-2293 (_rx_task) root DEBUG gap.py                    205   gap_device_found_ev_      : found '001bdc08e44e' type 224 eir b'\x0e\tPTS-GAP-E44E\x00'
2026-09-16 20:48:41,323 BTPWorkerThread-2293 (_rx_task) root DEBUG iutctl_common.py          123   read                      : Read 5 bytes
2026-09-16 20:48:41,323 BTPWorkerThread-2293 (_rx_task) root DEBUG iutctl_common.py          131   read                      : Received: hdr: Header(svc_id=0x01, op=0x81, ctrl_index=0x00, data_len=0x1a) bytearray(b'\x01\x81\x00\x1a\x00')
2026-09-16 20:48:41,324 BTPWorkerThread-2293 (_rx_task) root DEBUG iutctl_common.py          139   read                      : Read 26 bytes data
2026-09-16 20:48:41,324 BTPWorkerThread-2293 (_rx_task) root DEBUG iutctl_common.py          154   read                      : Received data: {'e0 4e e4 08 dc 1b 00 cf 03 0f 00 0e 09 50 54 53 2d 47 41 50 2d 45 34 34 45 00'}, bytearray(b'\xe0N\xe4\x08\xdc\x1b\x00\xcf\x03\x0f\x00\x0e\tPTS-GAP-E44E\x00')
2026-09-16 20:48:41,324 BTPWorkerThread-2293 (_rx_task) root DEBUG btp.py                    700   event_handler             : Header(svc_id=1, op=129, ctrl_index=0, data_len=26) (b'\xe0N\xe4\x08\xdc\x1b\x00\xcf\x03\x0f\x00\x0e\tPTS-GAP-E44E\x00',)
2026-09-16 20:48:41,324 BTPWorkerThread-2293 (_rx_task) root DEBUG gap.py                    191   gap_device_found_ev_      : b'\xe0N\xe4\x08\xdc\x1b\x00\xcf\x03\x0f\x00\x0e\tPTS-GAP-E44E\x00'
2026-09-16 20:48:41,324 BTPWorkerThread-2293 (_rx_task) root DEBUG gap.py                    205   gap_device_found_ev_      : found '001bdc08e44e' type 224 eir b'\x0e\tPTS-GAP-E44E\x00'
2026-09-16 20:48:41,914 BTPWorkerThread-2293 (_rx_task) root DEBUG iutctl_common.py          123   read                      : Read 5 bytes
2026-09-16 20:48:41,914 BTPWorkerThread-2293 (_rx_task) root DEBUG iutctl_common.py          131   read                      : Received: hdr: Header(svc_id=0x01, op=0x81, ctrl_index=0x00, data_len=0x2a) bytearray(b'\x01\x81\x00*\x00')
2026-09-16 20:48:41,915 BTPWorkerThread-2293 (_rx_task) root DEBUG iutctl_common.py          139   read                      : Read 20 bytes data
2026-09-16 20:48:41,925 BTPWorkerThread-2293 (_rx_task) root DEBUG iutctl_common.py          139   read                      : Read 22 bytes data
2026-09-16 20:48:41,926 BTPWorkerThread-2293 (_rx_task) root DEBUG iutctl_common.py          154   read                      : Received data: {'e0 95 83 06 dc 1b 00 ac 03 1f 00 1e 09 48 46 50 20 41 47 20 44 65 6d 6f 20 30 30 3a 31 42 3a 44 43 3a 30 36 3a 38 33 3a 39 35'}, bytearray(b'\xe0\x95\x83\x06\xdc\x1b\x00\xac\x03\x1f\x00\x1e\tHFP AG Demo 00:1B:DC:06:83:95')
2026-09-16 20:48:41,926 BTPWorkerThread-2293 (_rx_task) root DEBUG btp.py                    700   event_handler             : Header(svc_id=1, op=129, ctrl_index=0, data_len=42) (b'\xe0\x95\x83\x06\xdc\x1b\x00\xac\x03\x1f\x00\x1e\tHFP AG Demo 00:1B:DC:06:83:95',)
2026-09-16 20:48:41,926 BTPWorkerThread-2293 (_rx_task) root DEBUG gap.py                    191   gap_device_found_ev_      : b'\xe0\x95\x83\x06\xdc\x1b\x00\xac\x03\x1f\x00\x1e\tHFP AG Demo 00:1B:DC:06:83:95'
2026-09-16 20:48:41,926 BTPWorkerThread-2293 (_rx_task) root DEBUG gap.py                    205   gap_device_found_ev_      : found '001bdc068395' type 224 eir b'\x1e\tHFP AG Demo 00:1B:DC:06:83:95'
2026-09-16 20:48:42,066 BTPWorkerThread-2293 (_rx_task) root DEBUG iutctl_common.py          123   read                      : Read 5 bytes
2026-09-16 20:48:42,066 BTPWorkerThread-2293 (_rx_task) root DEBUG iutctl_common.py          131   read                      : Received: hdr: Header(svc_id=0x01, op=0x81, ctrl_index=0x00, data_len=0x1a) bytearray(b'\x01\x81\x00\x1a\x00')
2026-09-16 20:48:42,067 BTPWorkerThread-2293 (_rx_task) root DEBUG iutctl_common.py          139   read                      : Read 26 bytes data
2026-09-16 20:48:42,067 BTPWorkerThread-2293 (_rx_task) root DEBUG iutctl_common.py          154   read                      : Received data: {'e0 4e e4 08 dc 1b 00 d2 03 0f 00 0e 09 50 54 53 2d 47 41 50 2d 45 34 34 45 00'}, bytearray(b'\xe0N\xe4\x08\xdc\x1b\x00\xd2\x03\x0f\x00\x0e\tPTS-GAP-E44E\x00')
2026-09-16 20:48:42,067 BTPWorkerThread-2293 (_rx_task) root DEBUG btp.py                    700   event_handler             : Header(svc_id=1, op=129, ctrl_index=0, data_len=26) (b'\xe0N\xe4\x08\xdc\x1b\x00\xd2\x03\x0f\x00\x0e\tPTS-GAP-E44E\x00',)
2026-09-16 20:48:42,067 BTPWorkerThread-2293 (_rx_task) root DEBUG gap.py                    191   gap_device_found_ev_      : b'\xe0N\xe4\x08\xdc\x1b\x00\xd2\x03\x0f\x00\x0e\tPTS-GAP-E44E\x00'
2026-09-16 20:48:42,067 BTPWorkerThread-2293 (_rx_task) root DEBUG gap.py                    205   gap_device_found_ev_      : found '001bdc08e44e' type 224 eir b'\x0e\tPTS-GAP-E44E\x00'
2026-09-16 20:48:42,231 BTPWorkerThread-2293 (_rx_task) root DEBUG iutctl_common.py          123   read                      : Read 5 bytes
2026-09-16 20:48:42,232 BTPWorkerThread-2293 (_rx_task) root DEBUG iutctl_common.py          131   read                      : Received: hdr: Header(svc_id=0x01, op=0x81, ctrl_index=0x00, data_len=0x2a) bytearray(b'\x01\x81\x00*\x00')
2026-09-16 20:48:42,232 BTPWorkerThread-2293 (_rx_task) root DEBUG iutctl_common.py          139   read                      : Read 42 bytes data
2026-09-16 20:48:42,232 BTPWorkerThread-2293 (_rx_task) root DEBUG iutctl_common.py          154   read                      : Received data: {'e0 eb b2 06 dc 1b 00 aa 03 1f 00 1e 09 41 32 44 50 20 53 6f 75 72 63 65 20 30 30 3a 31 42 3a 44 43 3a 30 36 3a 42 32 3a 45 42'}, bytearray(b'\xe0\xeb\xb2\x06\xdc\x1b\x00\xaa\x03\x1f\x00\x1e\tA2DP Source 00:1B:DC:06:B2:EB')
2026-09-16 20:48:42,232 BTPWorkerThread-2293 (_rx_task) root DEBUG btp.py                    700   event_handler             : Header(svc_id=1, op=129, ctrl_index=0, data_len=42) (b'\xe0\xeb\xb2\x06\xdc\x1b\x00\xaa\x03\x1f\x00\x1e\tA2DP Source 00:1B:DC:06:B2:EB',)
2026-09-16 20:48:42,232 BTPWorkerThread-2293 (_rx_task) root DEBUG gap.py                    191   gap_device_found_ev_      : b'\xe0\xeb\xb2\x06\xdc\x1b\x00\xaa\x03\x1f\x00\x1e\tA2DP Source 00:1B:DC:06:B2:EB'
2026-09-16 20:48:42,232 BTPWorkerThread-2293 (_rx_task) root DEBUG gap.py                    205   gap_device_found_ev_      : found '001bdc06b2eb' type 224 eir b'\x1e\tA2DP Source 00:1B:DC:06:B2:EB'
2026-09-16 20:48:42,687 BTPWorkerThread-2293 (_rx_task) root DEBUG iutctl_common.py          123   read                      : Read 5 bytes
2026-09-16 20:48:42,687 BTPWorkerThread-2293 (_rx_task) root DEBUG iutctl_common.py          131   read                      : Received: hdr: Header(svc_id=0x01, op=0x81, ctrl_index=0x00, data_len=0x2a) bytearray(b'\x01\x81\x00*\x00')
2026-09-16 20:48:42,688 BTPWorkerThread-2293 (_rx_task) root DEBUG iutctl_common.py          139   read                      : Read 39 bytes data
2026-09-16 20:48:42,698 BTPWorkerThread-2293 (_rx_task) root DEBUG iutctl_common.py          139   read                      : Read 3 bytes data
2026-09-16 20:48:42,699 BTPWorkerThread-2293 (_rx_task) root DEBUG iutctl_common.py          154   read                      : Received data: {'e0 cd 83 06 dc 1b 00 ae 03 1f 00 1e 09 41 32 44 50 20 53 6f 75 72 63 65 20 30 30 3a 31 42 3a 44 43 3a 30 36 3a 38 33 3a 43 44'}, bytearray(b'\xe0\xcd\x83\x06\xdc\x1b\x00\xae\x03\x1f\x00\x1e\tA2DP Source 00:1B:DC:06:83:CD')
2026-09-16 20:48:42,699 BTPWorkerThread-2293 (_rx_task) root DEBUG btp.py                    700   event_handler             : Header(svc_id=1, op=129, ctrl_index=0, data_len=42) (b'\xe0\xcd\x83\x06\xdc\x1b\x00\xae\x03\x1f\x00\x1e\tA2DP Source 00:1B:DC:06:83:CD',)
2026-09-16 20:48:42,699 BTPWorkerThread-2293 (_rx_task) root DEBUG gap.py                    191   gap_device_found_ev_      : b'\xe0\xcd\x83\x06\xdc\x1b\x00\xae\x03\x1f\x00\x1e\tA2DP Source 00:1B:DC:06:83:CD'
2026-09-16 20:48:42,699 BTPWorkerThread-2293 (_rx_task) root DEBUG gap.py                    205   gap_device_found_ev_      : found '001bdc0683cd' type 224 eir b'\x1e\tA2DP Source 00:1B:DC:06:83:CD'
2026-09-16 20:48:42,732 BTPWorkerThread-2293 (_rx_task) root DEBUG iutctl_common.py          123   read                      : Read 5 bytes
2026-09-16 20:48:42,732 BTPWorkerThread-2293 (_rx_task) root DEBUG iutctl_common.py          131   read                      : Received: hdr: Header(svc_id=0x01, op=0x81, ctrl_index=0x00, data_len=0x2a) bytearray(b'\x01\x81\x00*\x00')
2026-09-16 20:48:42,732 BTPWorkerThread-2293 (_rx_task) root DEBUG iutctl_common.py          139   read                      : Read 42 bytes data
2026-09-16 20:48:42,732 BTPWorkerThread-2293 (_rx_task) root DEBUG iutctl_common.py          154   read                      : Received data: {'e0 95 83 06 dc 1b 00 a6 03 1f 00 1e 09 48 46 50 20 41 47 20 44 65 6d 6f 20 30 30 3a 31 42 3a 44 43 3a 30 36 3a 38 33 3a 39 35'}, bytearray(b'\xe0\x95\x83\x06\xdc\x1b\x00\xa6\x03\x1f\x00\x1e\tHFP AG Demo 00:1B:DC:06:83:95')
2026-09-16 20:48:42,732 BTPWorkerThread-2293 (_rx_task) root DEBUG btp.py                    700   event_handler             : Header(svc_id=1, op=129, ctrl_index=0, data_len=42) (b'\xe0\x95\x83\x06\xdc\x1b\x00\xa6\x03\x1f\x00\x1e\tHFP AG Demo 00:1B:DC:06:83:95',)
2026-09-16 20:48:42,732 BTPWorkerThread-2293 (_rx_task) root DEBUG gap.py                    191   gap_device_found_ev_      : b'\xe0\x95\x83\x06\xdc\x1b\x00\xa6\x03\x1f\x00\x1e\tHFP AG Demo 00:1B:DC:06:83:95'
2026-09-16 20:48:42,732 BTPWorkerThread-2293 (_rx_task) root DEBUG gap.py                    205   gap_device_found_ev_      : found '001bdc068395' type 224 eir b'\x1e\tHFP AG Demo 00:1B:DC:06:83:95'
2026-09-16 20:48:42,872 BTPWorkerThread-2293 (_rx_task) root DEBUG iutctl_common.py          123   read                      : Read 5 bytes
2026-09-16 20:48:42,873 BTPWorkerThread-2293 (_rx_task) root DEBUG iutctl_common.py          131   read                      : Received: hdr: Header(svc_id=0x01, op=0x81, ctrl_index=0x00, data_len=0x26) bytearray(b'\x01\x81\x00&\x00')
2026-09-16 20:48:42,873 BTPWorkerThread-2293 (_rx_task) root DEBUG iutctl_common.py          139   read                      : Read 29 bytes data
2026-09-16 20:48:42,883 BTPWorkerThread-2293 (_rx_task) root DEBUG iutctl_common.py          139   read                      : Read 9 bytes data
2026-09-16 20:48:42,884 BTPWorkerThread-2293 (_rx_task) root DEBUG iutctl_common.py          154   read                      : Received data: {'e0 53 00 4c 17 e5 44 a7 03 1b 00 09 09 4e 58 4c 36 36 35 32 38 02 0a 0c 0d 03 0c 11 0a 11 0b 11 0e 11 1f 11 1e 11'}, bytearray(b'\xe0S\x00L\x17\xe5D\xa7\x03\x1b\x00\t\tNXL66528\x02\n\x0c\r\x03\x0c\x11\n\x11\x0b\x11\x0e\x11\x1f\x11\x1e\x11')
2026-09-16 20:48:42,884 BTPWorkerThread-2293 (_rx_task) root DEBUG btp.py                    700   event_handler             : Header(svc_id=1, op=129, ctrl_index=0, data_len=38) (b'\xe0S\x00L\x17\xe5D\xa7\x03\x1b\x00\t\tNXL66528\x02\n\x0c\r\x03\x0c\x11\n\x11\x0b\x11\x0e\x11\x1f\x11\x1e\x11',)
2026-09-16 20:48:42,884 BTPWorkerThread-2293 (_rx_task) root DEBUG gap.py                    191   gap_device_found_ev_      : b'\xe0S\x00L\x17\xe5D\xa7\x03\x1b\x00\t\tNXL66528\x02\n\x0c\r\x03\x0c\x11\n\x11\x0b\x11\x0e\x11\x1f\x11\x1e\x11'
2026-09-16 20:48:42,884 BTPWorkerThread-2293 (_rx_task) root DEBUG gap.py                    205   gap_device_found_ev_      : found '44e5174c0053' type 224 eir b'\t\tNXL66528\x02\n\x0c\r\x03\x0c\x11\n\x11\x0b\x11\x0e\x11\x1f\x11\x1e\x11'
2026-09-16 20:48:43,190 BTPWorkerThread-2293 (_rx_task) root DEBUG iutctl_common.py          123   read                      : Read 5 bytes
2026-09-16 20:48:43,191 BTPWorkerThread-2293 (_rx_task) root DEBUG iutctl_common.py          131   read                      : Received: hdr: Header(svc_id=0x01, op=0x81, ctrl_index=0x00, data_len=0x26) bytearray(b'\x01\x81\x00&\x00')
2026-09-16 20:48:43,191 BTPWorkerThread-2293 (_rx_task) root DEBUG iutctl_common.py          139   read                      : Read 38 bytes data
2026-09-16 20:48:43,191 BTPWorkerThread-2293 (_rx_task) root DEBUG iutctl_common.py          154   read                      : Received data: {'e0 53 00 4c 17 e5 44 b1 03 1b 00 09 09 4e 58 4c 36 36 35 32 38 02 0a 0c 0d 03 0c 11 0a 11 0b 11 0e 11 1f 11 1e 11'}, bytearray(b'\xe0S\x00L\x17\xe5D\xb1\x03\x1b\x00\t\tNXL66528\x02\n\x0c\r\x03\x0c\x11\n\x11\x0b\x11\x0e\x11\x1f\x11\x1e\x11')
2026-09-16 20:48:43,191 BTPWorkerThread-2293 (_rx_task) root DEBUG btp.py                    700   event_handler             : Header(svc_id=1, op=129, ctrl_index=0, data_len=38) (b'\xe0S\x00L\x17\xe5D\xb1\x03\x1b\x00\t\tNXL66528\x02\n\x0c\r\x03\x0c\x11\n\x11\x0b\x11\x0e\x11\x1f\x11\x1e\x11',)
2026-09-16 20:48:43,191 BTPWorkerThread-2293 (_rx_task) root DEBUG gap.py                    191   gap_device_found_ev_      : b'\xe0S\x00L\x17\xe5D\xb1\x03\x1b\x00\t\tNXL66528\x02\n\x0c\r\x03\x0c\x11\n\x11\x0b\x11\x0e\x11\x1f\x11\x1e\x11'
2026-09-16 20:48:43,191 BTPWorkerThread-2293 (_rx_task) root DEBUG gap.py                    205   gap_device_found_ev_      : found '44e5174c0053' type 224 eir b'\t\tNXL66528\x02\n\x0c\r\x03\x0c\x11\n\x11\x0b\x11\x0e\x11\x1f\x11\x1e\x11'
2026-09-16 20:48:43,753 BTPWorkerThread-2293 (_rx_task) root DEBUG iutctl_common.py          123   read                      : Read 5 bytes
2026-09-16 20:48:43,754 BTPWorkerThread-2293 (_rx_task) root DEBUG iutctl_common.py          131   read                      : Received: hdr: Header(svc_id=0x01, op=0x81, ctrl_index=0x00, data_len=0x26) bytearray(b'\x01\x81\x00&\x00')
2026-09-16 20:48:43,754 BTPWorkerThread-2293 (_rx_task) root DEBUG iutctl_common.py          139   read                      : Read 25 bytes data
2026-09-16 20:48:43,754 BTPWorkerThread-2293 (_rx_task) root DEBUG iutctl_common.py          139   read                      : Read 1 bytes data
2026-09-16 20:48:43,765 BTPWorkerThread-2293 (_rx_task) root DEBUG iutctl_common.py          139   read                      : Read 12 bytes data
2026-09-16 20:48:43,766 BTPWorkerThread-2293 (_rx_task) root DEBUG iutctl_common.py          154   read                      : Received data: {'e0 53 00 4c 17 e5 44 b2 03 1b 00 09 09 4e 58 4c 36 36 35 32 38 02 0a 0c 0d 03 0c 11 0a 11 0b 11 0e 11 1f 11 1e 11'}, bytearray(b'\xe0S\x00L\x17\xe5D\xb2\x03\x1b\x00\t\tNXL66528\x02\n\x0c\r\x03\x0c\x11\n\x11\x0b\x11\x0e\x11\x1f\x11\x1e\x11')
2026-09-16 20:48:43,766 BTPWorkerThread-2293 (_rx_task) root DEBUG btp.py                    700   event_handler             : Header(svc_id=1, op=129, ctrl_index=0, data_len=38) (b'\xe0S\x00L\x17\xe5D\xb2\x03\x1b\x00\t\tNXL66528\x02\n\x0c\r\x03\x0c\x11\n\x11\x0b\x11\x0e\x11\x1f\x11\x1e\x11',)
2026-09-16 20:48:43,766 BTPWorkerThread-2293 (_rx_task) root DEBUG gap.py                    191   gap_device_found_ev_      : b'\xe0S\x00L\x17\xe5D\xb2\x03\x1b\x00\t\tNXL66528\x02\n\x0c\r\x03\x0c\x11\n\x11\x0b\x11\x0e\x11\x1f\x11\x1e\x11'
2026-09-16 20:48:43,766 BTPWorkerThread-2293 (_rx_task) root DEBUG gap.py                    205   gap_device_found_ev_      : found '44e5174c0053' type 224 eir b'\t\tNXL66528\x02\n\x0c\r\x03\x0c\x11\n\x11\x0b\x11\x0e\x11\x1f\x11\x1e\x11'
2026-09-16 20:48:43,864 BTPWorkerThread-2293 (_rx_task) root DEBUG iutctl_common.py          123   read                      : Read 5 bytes
2026-09-16 20:48:43,865 BTPWorkerThread-2293 (_rx_task) root DEBUG iutctl_common.py          131   read                      : Received: hdr: Header(svc_id=0x01, op=0x81, ctrl_index=0x00, data_len=0x26) bytearray(b'\x01\x81\x00&\x00')
2026-09-16 20:48:43,865 BTPWorkerThread-2293 (_rx_task) root DEBUG iutctl_common.py          139   read                      : Read 31 bytes data
2026-09-16 20:48:43,875 BTPWorkerThread-2293 (_rx_task) root DEBUG iutctl_common.py          139   read                      : Read 7 bytes data
2026-09-16 20:48:43,876 BTPWorkerThread-2293 (_rx_task) root DEBUG iutctl_common.py          154   read                      : Received data: {'e0 53 00 4c 17 e5 44 a5 03 1b 00 09 09 4e 58 4c 36 36 35 32 38 02 0a 0c 0d 03 0c 11 0a 11 0b 11 0e 11 1f 11 1e 11'}, bytearray(b'\xe0S\x00L\x17\xe5D\xa5\x03\x1b\x00\t\tNXL66528\x02\n\x0c\r\x03\x0c\x11\n\x11\x0b\x11\x0e\x11\x1f\x11\x1e\x11')
2026-09-16 20:48:43,876 BTPWorkerThread-2293 (_rx_task) root DEBUG btp.py                    700   event_handler             : Header(svc_id=1, op=129, ctrl_index=0, data_len=38) (b'\xe0S\x00L\x17\xe5D\xa5\x03\x1b\x00\t\tNXL66528\x02\n\x0c\r\x03\x0c\x11\n\x11\x0b\x11\x0e\x11\x1f\x11\x1e\x11',)
2026-09-16 20:48:43,876 BTPWorkerThread-2293 (_rx_task) root DEBUG gap.py                    191   gap_device_found_ev_      : b'\xe0S\x00L\x17\xe5D\xa5\x03\x1b\x00\t\tNXL66528\x02\n\x0c\r\x03\x0c\x11\n\x11\x0b\x11\x0e\x11\x1f\x11\x1e\x11'
2026-09-16 20:48:43,876 BTPWorkerThread-2293 (_rx_task) root DEBUG gap.py                    205   gap_device_found_ev_      : found '44e5174c0053' type 224 eir b'\t\tNXL66528\x02\n\x0c\r\x03\x0c\x11\n\x11\x0b\x11\x0e\x11\x1f\x11\x1e\x11'
2026-09-16 20:48:44,288 BTPWorkerThread-2293 (_rx_task) root DEBUG iutctl_common.py          123   read                      : Read 5 bytes
2026-09-16 20:48:44,288 BTPWorkerThread-2293 (_rx_task) root DEBUG iutctl_common.py          131   read                      : Received: hdr: Header(svc_id=0x01, op=0x81, ctrl_index=0x00, data_len=0x26) bytearray(b'\x01\x81\x00&\x00')
2026-09-16 20:48:44,289 BTPWorkerThread-2293 (_rx_task) root DEBUG iutctl_common.py          139   read                      : Read 38 bytes data
2026-09-16 20:48:44,289 BTPWorkerThread-2293 (_rx_task) root DEBUG iutctl_common.py          154   read                      : Received data: {'e0 53 00 4c 17 e5 44 af 03 1b 00 09 09 4e 58 4c 36 36 35 32 38 02 0a 0c 0d 03 0c 11 0a 11 0b 11 0e 11 1f 11 1e 11'}, bytearray(b'\xe0S\x00L\x17\xe5D\xaf\x03\x1b\x00\t\tNXL66528\x02\n\x0c\r\x03\x0c\x11\n\x11\x0b\x11\x0e\x11\x1f\x11\x1e\x11')
2026-09-16 20:48:44,289 BTPWorkerThread-2293 (_rx_task) root DEBUG btp.py                    700   event_handler             : Header(svc_id=1, op=129, ctrl_index=0, data_len=38) (b'\xe0S\x00L\x17\xe5D\xaf\x03\x1b\x00\t\tNXL66528\x02\n\x0c\r\x03\x0c\x11\n\x11\x0b\x11\x0e\x11\x1f\x11\x1e\x11',)
2026-09-16 20:48:44,289 BTPWorkerThread-2293 (_rx_task) root DEBUG gap.py                    191   gap_device_found_ev_      : b'\xe0S\x00L\x17\xe5D\xaf\x03\x1b\x00\t\tNXL66528\x02\n\x0c\r\x03\x0c\x11\n\x11\x0b\x11\x0e\x11\x1f\x11\x1e\x11'
2026-09-16 20:48:44,289 BTPWorkerThread-2293 (_rx_task) root DEBUG gap.py                    205   gap_device_found_ev_      : found '44e5174c0053' type 224 eir b'\t\tNXL66528\x02\n\x0c\r\x03\x0c\x11\n\x11\x0b\x11\x0e\x11\x1f\x11\x1e\x11'
2026-09-16 20:48:44,474 BTPWorkerThread-2293 (_rx_task) root DEBUG iutctl_common.py          123   read                      : Read 5 bytes
2026-09-16 20:48:44,475 BTPWorkerThread-2293 (_rx_task) root DEBUG iutctl_common.py          131   read                      : Received: hdr: Header(svc_id=0x01, op=0x81, ctrl_index=0x00, data_len=0x26) bytearray(b'\x01\x81\x00&\x00')
2026-09-16 20:48:44,475 BTPWorkerThread-2293 (_rx_task) root DEBUG iutctl_common.py          139   read                      : Read 8 bytes data
2026-09-16 20:48:44,485 BTPWorkerThread-2293 (_rx_task) root DEBUG iutctl_common.py          139   read                      : Read 30 bytes data
2026-09-16 20:48:44,486 BTPWorkerThread-2293 (_rx_task) root DEBUG iutctl_common.py          154   read                      : Received data: {'e0 53 00 4c 17 e5 44 ab 03 1b 00 09 09 4e 58 4c 36 36 35 32 38 02 0a 0c 0d 03 0c 11 0a 11 0b 11 0e 11 1f 11 1e 11'}, bytearray(b'\xe0S\x00L\x17\xe5D\xab\x03\x1b\x00\t\tNXL66528\x02\n\x0c\r\x03\x0c\x11\n\x11\x0b\x11\x0e\x11\x1f\x11\x1e\x11')
2026-09-16 20:48:44,486 BTPWorkerThread-2293 (_rx_task) root DEBUG btp.py                    700   event_handler             : Header(svc_id=1, op=129, ctrl_index=0, data_len=38) (b'\xe0S\x00L\x17\xe5D\xab\x03\x1b\x00\t\tNXL66528\x02\n\x0c\r\x03\x0c\x11\n\x11\x0b\x11\x0e\x11\x1f\x11\x1e\x11',)
2026-09-16 20:48:44,486 BTPWorkerThread-2293 (_rx_task) root DEBUG gap.py                    191   gap_device_found_ev_      : b'\xe0S\x00L\x17\xe5D\xab\x03\x1b\x00\t\tNXL66528\x02\n\x0c\r\x03\x0c\x11\n\x11\x0b\x11\x0e\x11\x1f\x11\x1e\x11'
2026-09-16 20:48:44,486 BTPWorkerThread-2293 (_rx_task) root DEBUG gap.py                    205   gap_device_found_ev_      : found '44e5174c0053' type 224 eir b'\t\tNXL66528\x02\n\x0c\r\x03\x0c\x11\n\x11\x0b\x11\x0e\x11\x1f\x11\x1e\x11'
2026-09-16 20:48:44,551 BTPWorkerThread-2293 (_rx_task) root DEBUG iutctl_common.py          123   read                      : Read 5 bytes
2026-09-16 20:48:44,552 BTPWorkerThread-2293 (_rx_task) root DEBUG iutctl_common.py          131   read                      : Received: hdr: Header(svc_id=0x01, op=0x81, ctrl_index=0x00, data_len=0x26) bytearray(b'\x01\x81\x00&\x00')
2026-09-16 20:48:44,552 BTPWorkerThread-2293 (_rx_task) root DEBUG iutctl_common.py          139   read                      : Read 38 bytes data
2026-09-16 20:48:44,552 BTPWorkerThread-2293 (_rx_task) root DEBUG iutctl_common.py          154   read                      : Received data: {'e0 53 00 4c 17 e5 44 b0 03 1b 00 09 09 4e 58 4c 36 36 35 32 38 02 0a 0c 0d 03 0c 11 0a 11 0b 11 0e 11 1f 11 1e 11'}, bytearray(b'\xe0S\x00L\x17\xe5D\xb0\x03\x1b\x00\t\tNXL66528\x02\n\x0c\r\x03\x0c\x11\n\x11\x0b\x11\x0e\x11\x1f\x11\x1e\x11')
2026-09-16 20:48:44,552 BTPWorkerThread-2293 (_rx_task) root DEBUG btp.py                    700   event_handler             : Header(svc_id=1, op=129, ctrl_index=0, data_len=38) (b'\xe0S\x00L\x17\xe5D\xb0\x03\x1b\x00\t\tNXL66528\x02\n\x0c\r\x03\x0c\x11\n\x11\x0b\x11\x0e\x11\x1f\x11\x1e\x11',)
2026-09-16 20:48:44,552 BTPWorkerThread-2293 (_rx_task) root DEBUG gap.py                    191   gap_device_found_ev_      : b'\xe0S\x00L\x17\xe5D\xb0\x03\x1b\x00\t\tNXL66528\x02\n\x0c\r\x03\x0c\x11\n\x11\x0b\x11\x0e\x11\x1f\x11\x1e\x11'
2026-09-16 20:48:44,552 BTPWorkerThread-2293 (_rx_task) root DEBUG gap.py                    205   gap_device_found_ev_      : found '44e5174c0053' type 224 eir b'\t\tNXL66528\x02\n\x0c\r\x03\x0c\x11\n\x11\x0b\x11\x0e\x11\x1f\x11\x1e\x11'
2026-09-16 20:48:45,173 BTPWorkerThread-2293 (_rx_task) root DEBUG iutctl_common.py          123   read                      : Read 5 bytes
2026-09-16 20:48:45,174 BTPWorkerThread-2293 (_rx_task) root DEBUG iutctl_common.py          131   read                      : Received: hdr: Header(svc_id=0x01, op=0x81, ctrl_index=0x00, data_len=0x26) bytearray(b'\x01\x81\x00&\x00')
2026-09-16 20:48:45,174 BTPWorkerThread-2293 (_rx_task) root DEBUG iutctl_common.py          139   read                      : Read 38 bytes data
2026-09-16 20:48:45,174 BTPWorkerThread-2293 (_rx_task) root DEBUG iutctl_common.py          154   read                      : Received data: {'e0 53 00 4c 17 e5 44 b1 03 1b 00 09 09 4e 58 4c 36 36 35 32 38 02 0a 0c 0d 03 0c 11 0a 11 0b 11 0e 11 1f 11 1e 11'}, bytearray(b'\xe0S\x00L\x17\xe5D\xb1\x03\x1b\x00\t\tNXL66528\x02\n\x0c\r\x03\x0c\x11\n\x11\x0b\x11\x0e\x11\x1f\x11\x1e\x11')
2026-09-16 20:48:45,174 BTPWorkerThread-2293 (_rx_task) root DEBUG btp.py                    700   event_handler             : Header(svc_id=1, op=129, ctrl_index=0, data_len=38) (b'\xe0S\x00L\x17\xe5D\xb1\x03\x1b\x00\t\tNXL66528\x02\n\x0c\r\x03\x0c\x11\n\x11\x0b\x11\x0e\x11\x1f\x11\x1e\x11',)
2026-09-16 20:48:45,174 BTPWorkerThread-2293 (_rx_task) root DEBUG gap.py                    191   gap_device_found_ev_      : b'\xe0S\x00L\x17\xe5D\xb1\x03\x1b\x00\t\tNXL66528\x02\n\x0c\r\x03\x0c\x11\n\x11\x0b\x11\x0e\x11\x1f\x11\x1e\x11'
2026-09-16 20:48:45,174 BTPWorkerThread-2293 (_rx_task) root DEBUG gap.py                    205   gap_device_found_ev_      : found '44e5174c0053' type 224 eir b'\t\tNXL66528\x02\n\x0c\r\x03\x0c\x11\n\x11\x0b\x11\x0e\x11\x1f\x11\x1e\x11'
2026-09-16 20:48:45,413 BTPWorkerThread-2293 (_rx_task) root DEBUG iutctl_common.py          123   read                      : Read 5 bytes
2026-09-16 20:48:45,414 BTPWorkerThread-2293 (_rx_task) root DEBUG iutctl_common.py          131   read                      : Received: hdr: Header(svc_id=0x01, op=0x81, ctrl_index=0x00, data_len=0x2a) bytearray(b'\x01\x81\x00*\x00')
2026-09-16 20:48:45,414 BTPWorkerThread-2293 (_rx_task) root DEBUG iutctl_common.py          139   read                      : Read 42 bytes data
2026-09-16 20:48:45,414 BTPWorkerThread-2293 (_rx_task) root DEBUG iutctl_common.py          154   read                      : Received data: {'e0 eb b2 06 dc 1b 00 ac 03 1f 00 1e 09 41 32 44 50 20 53 6f 75 72 63 65 20 30 30 3a 31 42 3a 44 43 3a 30 36 3a 42 32 3a 45 42'}, bytearray(b'\xe0\xeb\xb2\x06\xdc\x1b\x00\xac\x03\x1f\x00\x1e\tA2DP Source 00:1B:DC:06:B2:EB')
2026-09-16 20:48:45,414 BTPWorkerThread-2293 (_rx_task) root DEBUG btp.py                    700   event_handler             : Header(svc_id=1, op=129, ctrl_index=0, data_len=42) (b'\xe0\xeb\xb2\x06\xdc\x1b\x00\xac\x03\x1f\x00\x1e\tA2DP Source 00:1B:DC:06:B2:EB',)
2026-09-16 20:48:45,414 BTPWorkerThread-2293 (_rx_task) root DEBUG gap.py                    191   gap_device_found_ev_      : b'\xe0\xeb\xb2\x06\xdc\x1b\x00\xac\x03\x1f\x00\x1e\tA2DP Source 00:1B:DC:06:B2:EB'
2026-09-16 20:48:45,414 BTPWorkerThread-2293 (_rx_task) root DEBUG gap.py                    205   gap_device_found_ev_      : found '001bdc06b2eb' type 224 eir b'\x1e\tA2DP Source 00:1B:DC:06:B2:EB'
2026-09-16 20:48:45,687 BTPWorkerThread-2293 (_rx_task) root DEBUG iutctl_common.py          123   read                      : Read 5 bytes
2026-09-16 20:48:45,688 BTPWorkerThread-2293 (_rx_task) root DEBUG iutctl_common.py          131   read                      : Received: hdr: Header(svc_id=0x01, op=0x81, ctrl_index=0x00, data_len=0x1a) bytearray(b'\x01\x81\x00\x1a\x00')
2026-09-16 20:48:45,688 BTPWorkerThread-2293 (_rx_task) root DEBUG iutctl_common.py          139   read                      : Read 18 bytes data
2026-09-16 20:48:45,699 BTPWorkerThread-2293 (_rx_task) root DEBUG iutctl_common.py          139   read                      : Read 8 bytes data
2026-09-16 20:48:45,700 BTPWorkerThread-2293 (_rx_task) root DEBUG iutctl_common.py          154   read                      : Received data: {'e0 4e e4 08 dc 1b 00 d4 03 0f 00 0e 09 50 54 53 2d 47 41 50 2d 45 34 34 45 00'}, bytearray(b'\xe0N\xe4\x08\xdc\x1b\x00\xd4\x03\x0f\x00\x0e\tPTS-GAP-E44E\x00')
2026-09-16 20:48:45,700 BTPWorkerThread-2293 (_rx_task) root DEBUG btp.py                    700   event_handler             : Header(svc_id=1, op=129, ctrl_index=0, data_len=26) (b'\xe0N\xe4\x08\xdc\x1b\x00\xd4\x03\x0f\x00\x0e\tPTS-GAP-E44E\x00',)
2026-09-16 20:48:45,700 BTPWorkerThread-2293 (_rx_task) root DEBUG gap.py                    191   gap_device_found_ev_      : b'\xe0N\xe4\x08\xdc\x1b\x00\xd4\x03\x0f\x00\x0e\tPTS-GAP-E44E\x00'
2026-09-16 20:48:45,700 BTPWorkerThread-2293 (_rx_task) root DEBUG gap.py                    205   gap_device_found_ev_      : found '001bdc08e44e' type 224 eir b'\x0e\tPTS-GAP-E44E\x00'
2026-09-16 20:48:45,777 BTPWorkerThread-2293 (_rx_task) root DEBUG iutctl_common.py          123   read                      : Read 5 bytes
2026-09-16 20:48:45,777 BTPWorkerThread-2293 (_rx_task) root DEBUG iutctl_common.py          131   read                      : Received: hdr: Header(svc_id=0x01, op=0x81, ctrl_index=0x00, data_len=0x2a) bytearray(b'\x01\x81\x00*\x00')
2026-09-16 20:48:45,777 BTPWorkerThread-2293 (_rx_task) root DEBUG iutctl_common.py          139   read                      : Read 42 bytes data
2026-09-16 20:48:45,777 BTPWorkerThread-2293 (_rx_task) root DEBUG iutctl_common.py          154   read                      : Received data: {'e0 eb b2 06 dc 1b 00 a3 03 1f 00 1e 09 41 32 44 50 20 53 6f 75 72 63 65 20 30 30 3a 31 42 3a 44 43 3a 30 36 3a 42 32 3a 45 42'}, bytearray(b'\xe0\xeb\xb2\x06\xdc\x1b\x00\xa3\x03\x1f\x00\x1e\tA2DP Source 00:1B:DC:06:B2:EB')
2026-09-16 20:48:45,778 BTPWorkerThread-2293 (_rx_task) root DEBUG btp.py                    700   event_handler             : Header(svc_id=1, op=129, ctrl_index=0, data_len=42) (b'\xe0\xeb\xb2\x06\xdc\x1b\x00\xa3\x03\x1f\x00\x1e\tA2DP Source 00:1B:DC:06:B2:EB',)
2026-09-16 20:48:45,778 BTPWorkerThread-2293 (_rx_task) root DEBUG gap.py                    191   gap_device_found_ev_      : b'\xe0\xeb\xb2\x06\xdc\x1b\x00\xa3\x03\x1f\x00\x1e\tA2DP Source 00:1B:DC:06:B2:EB'
2026-09-16 20:48:45,778 BTPWorkerThread-2293 (_rx_task) root DEBUG gap.py                    205   gap_device_found_ev_      : found '001bdc06b2eb' type 224 eir b'\x1e\tA2DP Source 00:1B:DC:06:B2:EB'
2026-09-16 20:48:45,788 BTPWorkerThread-2293 (_rx_task) root DEBUG iutctl_common.py          123   read                      : Read 5 bytes
2026-09-16 20:48:45,788 BTPWorkerThread-2293 (_rx_task) root DEBUG iutctl_common.py          131   read                      : Received: hdr: Header(svc_id=0x01, op=0x81, ctrl_index=0x00, data_len=0x2a) bytearray(b'\x01\x81\x00*\x00')
2026-09-16 20:48:45,788 BTPWorkerThread-2293 (_rx_task) root DEBUG iutctl_common.py          139   read                      : Read 17 bytes data
2026-09-16 20:48:45,799 BTPWorkerThread-2293 (_rx_task) root DEBUG iutctl_common.py          139   read                      : Read 25 bytes data
2026-09-16 20:48:45,799 BTPWorkerThread-2293 (_rx_task) root DEBUG iutctl_common.py          154   read                      : Received data: {'e0 cd 83 06 dc 1b 00 ab 03 1f 00 1e 09 41 32 44 50 20 53 6f 75 72 63 65 20 30 30 3a 31 42 3a 44 43 3a 30 36 3a 38 33 3a 43 44'}, bytearray(b'\xe0\xcd\x83\x06\xdc\x1b\x00\xab\x03\x1f\x00\x1e\tA2DP Source 00:1B:DC:06:83:CD')
2026-09-16 20:48:45,799 BTPWorkerThread-2293 (_rx_task) root DEBUG btp.py                    700   event_handler             : Header(svc_id=1, op=129, ctrl_index=0, data_len=42) (b'\xe0\xcd\x83\x06\xdc\x1b\x00\xab\x03\x1f\x00\x1e\tA2DP Source 00:1B:DC:06:83:CD',)
2026-09-16 20:48:45,799 BTPWorkerThread-2293 (_rx_task) root DEBUG gap.py                    191   gap_device_found_ev_      : b'\xe0\xcd\x83\x06\xdc\x1b\x00\xab\x03\x1f\x00\x1e\tA2DP Source 00:1B:DC:06:83:CD'
2026-09-16 20:48:45,799 BTPWorkerThread-2293 (_rx_task) root DEBUG gap.py                    205   gap_device_found_ev_      : found '001bdc0683cd' type 224 eir b'\x1e\tA2DP Source 00:1B:DC:06:83:CD'
2026-09-16 20:48:45,832 BTPWorkerThread-2293 (_rx_task) root DEBUG iutctl_common.py          123   read                      : Read 5 bytes
2026-09-16 20:48:45,832 BTPWorkerThread-2293 (_rx_task) root DEBUG iutctl_common.py          131   read                      : Received: hdr: Header(svc_id=0x01, op=0x81, ctrl_index=0x00, data_len=0x2a) bytearray(b'\x01\x81\x00*\x00')
2026-09-16 20:48:45,832 BTPWorkerThread-2293 (_rx_task) root DEBUG iutctl_common.py          139   read                      : Read 42 bytes data
2026-09-16 20:48:45,833 BTPWorkerThread-2293 (_rx_task) root DEBUG iutctl_common.py          154   read                      : Received data: {'e0 95 83 06 dc 1b 00 ab 03 1f 00 1e 09 48 46 50 20 41 47 20 44 65 6d 6f 20 30 30 3a 31 42 3a 44 43 3a 30 36 3a 38 33 3a 39 35'}, bytearray(b'\xe0\x95\x83\x06\xdc\x1b\x00\xab\x03\x1f\x00\x1e\tHFP AG Demo 00:1B:DC:06:83:95')
2026-09-16 20:48:45,833 BTPWorkerThread-2293 (_rx_task) root DEBUG btp.py                    700   event_handler             : Header(svc_id=1, op=129, ctrl_index=0, data_len=42) (b'\xe0\x95\x83\x06\xdc\x1b\x00\xab\x03\x1f\x00\x1e\tHFP AG Demo 00:1B:DC:06:83:95',)
2026-09-16 20:48:45,833 BTPWorkerThread-2293 (_rx_task) root DEBUG gap.py                    191   gap_device_found_ev_      : b'\xe0\x95\x83\x06\xdc\x1b\x00\xab\x03\x1f\x00\x1e\tHFP AG Demo 00:1B:DC:06:83:95'
2026-09-16 20:48:45,833 BTPWorkerThread-2293 (_rx_task) root DEBUG gap.py                    205   gap_device_found_ev_      : found '001bdc068395' type 224 eir b'\x1e\tHFP AG Demo 00:1B:DC:06:83:95'
2026-09-16 20:48:45,886 BTPWorkerThread-2293 (_rx_task) root DEBUG iutctl_common.py          123   read                      : Read 5 bytes
2026-09-16 20:48:45,886 BTPWorkerThread-2293 (_rx_task) root DEBUG iutctl_common.py          131   read                      : Received: hdr: Header(svc_id=0x01, op=0x81, ctrl_index=0x00, data_len=0x1a) bytearray(b'\x01\x81\x00\x1a\x00')
2026-09-16 20:48:45,887 BTPWorkerThread-2293 (_rx_task) root DEBUG iutctl_common.py          139   read                      : Read 26 bytes data
2026-09-16 20:48:45,887 BTPWorkerThread-2293 (_rx_task) root DEBUG iutctl_common.py          154   read                      : Received data: {'e0 4e e4 08 dc 1b 00 cf 03 0f 00 0e 09 50 54 53 2d 47 41 50 2d 45 34 34 45 00'}, bytearray(b'\xe0N\xe4\x08\xdc\x1b\x00\xcf\x03\x0f\x00\x0e\tPTS-GAP-E44E\x00')
2026-09-16 20:48:45,887 BTPWorkerThread-2293 (_rx_task) root DEBUG btp.py                    700   event_handler             : Header(svc_id=1, op=129, ctrl_index=0, data_len=26) (b'\xe0N\xe4\x08\xdc\x1b\x00\xcf\x03\x0f\x00\x0e\tPTS-GAP-E44E\x00',)
2026-09-16 20:48:45,887 BTPWorkerThread-2293 (_rx_task) root DEBUG gap.py                    191   gap_device_found_ev_      : b'\xe0N\xe4\x08\xdc\x1b\x00\xcf\x03\x0f\x00\x0e\tPTS-GAP-E44E\x00'
2026-09-16 20:48:45,887 BTPWorkerThread-2293 (_rx_task) root DEBUG gap.py                    205   gap_device_found_ev_      : found '001bdc08e44e' type 224 eir b'\x0e\tPTS-GAP-E44E\x00'
2026-09-16 20:48:45,973 BTPWorkerThread-2293 (_rx_task) root DEBUG iutctl_common.py          123   read                      : Read 5 bytes
2026-09-16 20:48:45,973 BTPWorkerThread-2293 (_rx_task) root DEBUG iutctl_common.py          131   read                      : Received: hdr: Header(svc_id=0x01, op=0x81, ctrl_index=0x00, data_len=0x1a) bytearray(b'\x01\x81\x00\x1a\x00')
2026-09-16 20:48:45,974 BTPWorkerThread-2293 (_rx_task) root DEBUG iutctl_common.py          139   read                      : Read 26 bytes data
2026-09-16 20:48:45,974 BTPWorkerThread-2293 (_rx_task) root DEBUG iutctl_common.py          154   read                      : Received data: {'e0 4e e4 08 dc 1b 00 d2 03 0f 00 0e 09 50 54 53 2d 47 41 50 2d 45 34 34 45 00'}, bytearray(b'\xe0N\xe4\x08\xdc\x1b\x00\xd2\x03\x0f\x00\x0e\tPTS-GAP-E44E\x00')
2026-09-16 20:48:45,974 BTPWorkerThread-2293 (_rx_task) root DEBUG btp.py                    700   event_handler             : Header(svc_id=1, op=129, ctrl_index=0, data_len=26) (b'\xe0N\xe4\x08\xdc\x1b\x00\xd2\x03\x0f\x00\x0e\tPTS-GAP-E44E\x00',)
2026-09-16 20:48:45,974 BTPWorkerThread-2293 (_rx_task) root DEBUG gap.py                    191   gap_device_found_ev_      : b'\xe0N\xe4\x08\xdc\x1b\x00\xd2\x03\x0f\x00\x0e\tPTS-GAP-E44E\x00'
2026-09-16 20:48:45,974 BTPWorkerThread-2293 (_rx_task) root DEBUG gap.py                    205   gap_device_found_ev_      : found '001bdc08e44e' type 224 eir b'\x0e\tPTS-GAP-E44E\x00'
2026-09-16 20:48:46,061 BTPWorkerThread-2293 (_rx_task) root DEBUG iutctl_common.py          123   read                      : Read 5 bytes
2026-09-16 20:48:46,061 BTPWorkerThread-2293 (_rx_task) root DEBUG iutctl_common.py          131   read                      : Received: hdr: Header(svc_id=0x01, op=0x81, ctrl_index=0x00, data_len=0x2a) bytearray(b'\x01\x81\x00*\x00')
2026-09-16 20:48:46,061 BTPWorkerThread-2293 (_rx_task) root DEBUG iutctl_common.py          139   read                      : Read 42 bytes data
2026-09-16 20:48:46,062 BTPWorkerThread-2293 (_rx_task) root DEBUG iutctl_common.py          154   read                      : Received data: {'e0 95 83 06 dc 1b 00 a7 03 1f 00 1e 09 48 46 50 20 41 47 20 44 65 6d 6f 20 30 30 3a 31 42 3a 44 43 3a 30 36 3a 38 33 3a 39 35'}, bytearray(b'\xe0\x95\x83\x06\xdc\x1b\x00\xa7\x03\x1f\x00\x1e\tHFP AG Demo 00:1B:DC:06:83:95')
2026-09-16 20:48:46,062 BTPWorkerThread-2293 (_rx_task) root DEBUG btp.py                    700   event_handler             : Header(svc_id=1, op=129, ctrl_index=0, data_len=42) (b'\xe0\x95\x83\x06\xdc\x1b\x00\xa7\x03\x1f\x00\x1e\tHFP AG Demo 00:1B:DC:06:83:95',)
2026-09-16 20:48:46,062 BTPWorkerThread-2293 (_rx_task) root DEBUG gap.py                    191   gap_device_found_ev_      : b'\xe0\x95\x83\x06\xdc\x1b\x00\xa7\x03\x1f\x00\x1e\tHFP AG Demo 00:1B:DC:06:83:95'
2026-09-16 20:48:46,062 BTPWorkerThread-2293 (_rx_task) root DEBUG gap.py                    205   gap_device_found_ev_      : found '001bdc068395' type 224 eir b'\x1e\tHFP AG Demo 00:1B:DC:06:83:95'
2026-09-16 20:48:46,268 BTPWorkerThread-2293 (_rx_task) root DEBUG iutctl_common.py          123   read                      : Read 5 bytes
2026-09-16 20:48:46,269 BTPWorkerThread-2293 (_rx_task) root DEBUG iutctl_common.py          131   read                      : Received: hdr: Header(svc_id=0x01, op=0x81, ctrl_index=0x00, data_len=0x2a) bytearray(b'\x01\x81\x00*\x00')
2026-09-16 20:48:46,269 BTPWorkerThread-2293 (_rx_task) root DEBUG iutctl_common.py          139   read                      : Read 8 bytes data
2026-09-16 20:48:46,279 BTPWorkerThread-2293 (_rx_task) root DEBUG iutctl_common.py          139   read                      : Read 34 bytes data
2026-09-16 20:48:46,280 BTPWorkerThread-2293 (_rx_task) root DEBUG iutctl_common.py          154   read                      : Received data: {'e0 95 83 06 dc 1b 00 a7 03 1f 00 1e 09 48 46 50 20 41 47 20 44 65 6d 6f 20 30 30 3a 31 42 3a 44 43 3a 30 36 3a 38 33 3a 39 35'}, bytearray(b'\xe0\x95\x83\x06\xdc\x1b\x00\xa7\x03\x1f\x00\x1e\tHFP AG Demo 00:1B:DC:06:83:95')
2026-09-16 20:48:46,280 BTPWorkerThread-2293 (_rx_task) root DEBUG btp.py                    700   event_handler             : Header(svc_id=1, op=129, ctrl_index=0, data_len=42) (b'\xe0\x95\x83\x06\xdc\x1b\x00\xa7\x03\x1f\x00\x1e\tHFP AG Demo 00:1B:DC:06:83:95',)
2026-09-16 20:48:46,280 BTPWorkerThread-2293 (_rx_task) root DEBUG gap.py                    191   gap_device_found_ev_      : b'\xe0\x95\x83\x06\xdc\x1b\x00\xa7\x03\x1f\x00\x1e\tHFP AG Demo 00:1B:DC:06:83:95'
2026-09-16 20:48:46,280 BTPWorkerThread-2293 (_rx_task) root DEBUG gap.py                    205   gap_device_found_ev_      : found '001bdc068395' type 224 eir b'\x1e\tHFP AG Demo 00:1B:DC:06:83:95'
2026-09-16 20:48:46,432 BTPWorkerThread-2293 (_rx_task) root DEBUG iutctl_common.py          123   read                      : Read 5 bytes
2026-09-16 20:48:46,433 BTPWorkerThread-2293 (_rx_task) root DEBUG iutctl_common.py          131   read                      : Received: hdr: Header(svc_id=0x01, op=0x81, ctrl_index=0x00, data_len=0x2a) bytearray(b'\x01\x81\x00*\x00')
2026-09-16 20:48:46,433 BTPWorkerThread-2293 (_rx_task) root DEBUG iutctl_common.py          139   read                      : Read 42 bytes data
2026-09-16 20:48:46,433 BTPWorkerThread-2293 (_rx_task) root DEBUG iutctl_common.py          154   read                      : Received data: {'e0 cd 83 06 dc 1b 00 b1 03 1f 00 1e 09 41 32 44 50 20 53 6f 75 72 63 65 20 30 30 3a 31 42 3a 44 43 3a 30 36 3a 38 33 3a 43 44'}, bytearray(b'\xe0\xcd\x83\x06\xdc\x1b\x00\xb1\x03\x1f\x00\x1e\tA2DP Source 00:1B:DC:06:83:CD')
2026-09-16 20:48:46,433 BTPWorkerThread-2293 (_rx_task) root DEBUG btp.py                    700   event_handler             : Header(svc_id=1, op=129, ctrl_index=0, data_len=42) (b'\xe0\xcd\x83\x06\xdc\x1b\x00\xb1\x03\x1f\x00\x1e\tA2DP Source 00:1B:DC:06:83:CD',)
2026-09-16 20:48:46,433 BTPWorkerThread-2293 (_rx_task) root DEBUG gap.py                    191   gap_device_found_ev_      : b'\xe0\xcd\x83\x06\xdc\x1b\x00\xb1\x03\x1f\x00\x1e\tA2DP Source 00:1B:DC:06:83:CD'
2026-09-16 20:48:46,433 BTPWorkerThread-2293 (_rx_task) root DEBUG gap.py                    205   gap_device_found_ev_      : found '001bdc0683cd' type 224 eir b'\x1e\tA2DP Source 00:1B:DC:06:83:CD'
2026-09-16 20:48:46,487 BTPWorkerThread-2293 (_rx_task) root DEBUG iutctl_common.py          123   read                      : Read 4 bytes
2026-09-16 20:48:46,498 BTPWorkerThread-2293 (_rx_task) root DEBUG iutctl_common.py          123   read                      : Read 1 bytes
2026-09-16 20:48:46,499 BTPWorkerThread-2293 (_rx_task) root DEBUG iutctl_common.py          131   read                      : Received: hdr: Header(svc_id=0x01, op=0x81, ctrl_index=0x00, data_len=0x2a) bytearray(b'\x01\x81\x00*\x00')
2026-09-16 20:48:46,499 BTPWorkerThread-2293 (_rx_task) root DEBUG iutctl_common.py          139   read                      : Read 42 bytes data
2026-09-16 20:48:46,499 BTPWorkerThread-2293 (_rx_task) root DEBUG iutctl_common.py          154   read                      : Received data: {'e0 cd 83 06 dc 1b 00 ac 03 1f 00 1e 09 41 32 44 50 20 53 6f 75 72 63 65 20 30 30 3a 31 42 3a 44 43 3a 30 36 3a 38 33 3a 43 44'}, bytearray(b'\xe0\xcd\x83\x06\xdc\x1b\x00\xac\x03\x1f\x00\x1e\tA2DP Source 00:1B:DC:06:83:CD')
2026-09-16 20:48:46,499 BTPWorkerThread-2293 (_rx_task) root DEBUG btp.py                    700   event_handler             : Header(svc_id=1, op=129, ctrl_index=0, data_len=42) (b'\xe0\xcd\x83\x06\xdc\x1b\x00\xac\x03\x1f\x00\x1e\tA2DP Source 00:1B:DC:06:83:CD',)
2026-09-16 20:48:46,499 BTPWorkerThread-2293 (_rx_task) root DEBUG gap.py                    191   gap_device_found_ev_      : b'\xe0\xcd\x83\x06\xdc\x1b\x00\xac\x03\x1f\x00\x1e\tA2DP Source 00:1B:DC:06:83:CD'
2026-09-16 20:48:46,499 BTPWorkerThread-2293 (_rx_task) root DEBUG gap.py                    205   gap_device_found_ev_      : found '001bdc0683cd' type 224 eir b'\x1e\tA2DP Source 00:1B:DC:06:83:CD'
2026-09-16 20:48:46,531 BTPWorkerThread-2293 (_rx_task) root DEBUG iutctl_common.py          123   read                      : Read 5 bytes
2026-09-16 20:48:46,531 BTPWorkerThread-2293 (_rx_task) root DEBUG iutctl_common.py          131   read                      : Received: hdr: Header(svc_id=0x01, op=0x81, ctrl_index=0x00, data_len=0x1a) bytearray(b'\x01\x81\x00\x1a\x00')
2026-09-16 20:48:46,532 BTPWorkerThread-2293 (_rx_task) root DEBUG iutctl_common.py          139   read                      : Read 26 bytes data
2026-09-16 20:48:46,532 BTPWorkerThread-2293 (_rx_task) root DEBUG iutctl_common.py          154   read                      : Received data: {'e0 4e e4 08 dc 1b 00 d2 03 0f 00 0e 09 50 54 53 2d 47 41 50 2d 45 34 34 45 00'}, bytearray(b'\xe0N\xe4\x08\xdc\x1b\x00\xd2\x03\x0f\x00\x0e\tPTS-GAP-E44E\x00')
2026-09-16 20:48:46,532 BTPWorkerThread-2293 (_rx_task) root DEBUG btp.py                    700   event_handler             : Header(svc_id=1, op=129, ctrl_index=0, data_len=26) (b'\xe0N\xe4\x08\xdc\x1b\x00\xd2\x03\x0f\x00\x0e\tPTS-GAP-E44E\x00',)
2026-09-16 20:48:46,532 BTPWorkerThread-2293 (_rx_task) root DEBUG gap.py                    191   gap_device_found_ev_      : b'\xe0N\xe4\x08\xdc\x1b\x00\xd2\x03\x0f\x00\x0e\tPTS-GAP-E44E\x00'
2026-09-16 20:48:46,532 BTPWorkerThread-2293 (_rx_task) root DEBUG gap.py                    205   gap_device_found_ev_      : found '001bdc08e44e' type 224 eir b'\x0e\tPTS-GAP-E44E\x00'
2026-09-16 20:48:46,672 BTPWorkerThread-2293 (_rx_task) root DEBUG iutctl_common.py          123   read                      : Read 5 bytes
2026-09-16 20:48:46,672 BTPWorkerThread-2293 (_rx_task) root DEBUG iutctl_common.py          131   read                      : Received: hdr: Header(svc_id=0x01, op=0x81, ctrl_index=0x00, data_len=0x1a) bytearray(b'\x01\x81\x00\x1a\x00')
2026-09-16 20:48:46,672 BTPWorkerThread-2293 (_rx_task) root DEBUG iutctl_common.py          139   read                      : Read 26 bytes data
2026-09-16 20:48:46,673 BTPWorkerThread-2293 (_rx_task) root DEBUG iutctl_common.py          154   read                      : Received data: {'e0 4e e4 08 dc 1b 00 d1 03 0f 00 0e 09 50 54 53 2d 47 41 50 2d 45 34 34 45 00'}, bytearray(b'\xe0N\xe4\x08\xdc\x1b\x00\xd1\x03\x0f\x00\x0e\tPTS-GAP-E44E\x00')
2026-09-16 20:48:46,673 BTPWorkerThread-2293 (_rx_task) root DEBUG btp.py                    700   event_handler             : Header(svc_id=1, op=129, ctrl_index=0, data_len=26) (b'\xe0N\xe4\x08\xdc\x1b\x00\xd1\x03\x0f\x00\x0e\tPTS-GAP-E44E\x00',)
2026-09-16 20:48:46,673 BTPWorkerThread-2293 (_rx_task) root DEBUG gap.py                    191   gap_device_found_ev_      : b'\xe0N\xe4\x08\xdc\x1b\x00\xd1\x03\x0f\x00\x0e\tPTS-GAP-E44E\x00'
2026-09-16 20:48:46,673 BTPWorkerThread-2293 (_rx_task) root DEBUG gap.py                    205   gap_device_found_ev_      : found '001bdc08e44e' type 224 eir b'\x0e\tPTS-GAP-E44E\x00'
2026-09-16 20:48:46,705 BTPWorkerThread-2293 (_rx_task) root DEBUG iutctl_common.py          123   read                      : Read 5 bytes
2026-09-16 20:48:46,706 BTPWorkerThread-2293 (_rx_task) root DEBUG iutctl_common.py          131   read                      : Received: hdr: Header(svc_id=0x01, op=0x81, ctrl_index=0x00, data_len=0x2a) bytearray(b'\x01\x81\x00*\x00')
2026-09-16 20:48:46,706 BTPWorkerThread-2293 (_rx_task) root DEBUG iutctl_common.py          139   read                      : Read 42 bytes data
2026-09-16 20:48:46,706 BTPWorkerThread-2293 (_rx_task) root DEBUG iutctl_common.py          154   read                      : Received data: {'e0 cd 83 06 dc 1b 00 a3 03 1f 00 1e 09 41 32 44 50 20 53 6f 75 72 63 65 20 30 30 3a 31 42 3a 44 43 3a 30 36 3a 38 33 3a 43 44'}, bytearray(b'\xe0\xcd\x83\x06\xdc\x1b\x00\xa3\x03\x1f\x00\x1e\tA2DP Source 00:1B:DC:06:83:CD')
2026-09-16 20:48:46,706 BTPWorkerThread-2293 (_rx_task) root DEBUG btp.py                    700   event_handler             : Header(svc_id=1, op=129, ctrl_index=0, data_len=42) (b'\xe0\xcd\x83\x06\xdc\x1b\x00\xa3\x03\x1f\x00\x1e\tA2DP Source 00:1B:DC:06:83:CD',)
2026-09-16 20:48:46,706 BTPWorkerThread-2293 (_rx_task) root DEBUG gap.py                    191   gap_device_found_ev_      : b'\xe0\xcd\x83\x06\xdc\x1b\x00\xa3\x03\x1f\x00\x1e\tA2DP Source 00:1B:DC:06:83:CD'
2026-09-16 20:48:46,706 BTPWorkerThread-2293 (_rx_task) root DEBUG gap.py                    205   gap_device_found_ev_      : found '001bdc0683cd' type 224 eir b'\x1e\tA2DP Source 00:1B:DC:06:83:CD'
2026-09-16 20:48:46,792 BTPWorkerThread-2293 (_rx_task) root DEBUG iutctl_common.py          123   read                      : Read 5 bytes
2026-09-16 20:48:46,793 BTPWorkerThread-2293 (_rx_task) root DEBUG iutctl_common.py          131   read                      : Received: hdr: Header(svc_id=0x01, op=0x81, ctrl_index=0x00, data_len=0x2a) bytearray(b'\x01\x81\x00*\x00')
2026-09-16 20:48:46,793 BTPWorkerThread-2293 (_rx_task) root DEBUG iutctl_common.py          139   read                      : Read 42 bytes data
2026-09-16 20:48:46,793 BTPWorkerThread-2293 (_rx_task) root DEBUG iutctl_common.py          154   read                      : Received data: {'e0 95 83 06 dc 1b 00 ad 03 1f 00 1e 09 48 46 50 20 41 47 20 44 65 6d 6f 20 30 30 3a 31 42 3a 44 43 3a 30 36 3a 38 33 3a 39 35'}, bytearray(b'\xe0\x95\x83\x06\xdc\x1b\x00\xad\x03\x1f\x00\x1e\tHFP AG Demo 00:1B:DC:06:83:95')
2026-09-16 20:48:46,793 BTPWorkerThread-2293 (_rx_task) root DEBUG btp.py                    700   event_handler             : Header(svc_id=1, op=129, ctrl_index=0, data_len=42) (b'\xe0\x95\x83\x06\xdc\x1b\x00\xad\x03\x1f\x00\x1e\tHFP AG Demo 00:1B:DC:06:83:95',)
2026-09-16 20:48:46,793 BTPWorkerThread-2293 (_rx_task) root DEBUG gap.py                    191   gap_device_found_ev_      : b'\xe0\x95\x83\x06\xdc\x1b\x00\xad\x03\x1f\x00\x1e\tHFP AG Demo 00:1B:DC:06:83:95'
2026-09-16 20:48:46,793 BTPWorkerThread-2293 (_rx_task) root DEBUG gap.py                    205   gap_device_found_ev_      : found '001bdc068395' type 224 eir b'\x1e\tHFP AG Demo 00:1B:DC:06:83:95'
2026-09-16 20:48:46,858 BTPWorkerThread-2293 (_rx_task) root DEBUG iutctl_common.py          123   read                      : Read 5 bytes
2026-09-16 20:48:46,859 BTPWorkerThread-2293 (_rx_task) root DEBUG iutctl_common.py          131   read                      : Received: hdr: Header(svc_id=0x01, op=0x81, ctrl_index=0x00, data_len=0x1a) bytearray(b'\x01\x81\x00\x1a\x00')
2026-09-16 20:48:46,859 BTPWorkerThread-2293 (_rx_task) root DEBUG iutctl_common.py          139   read                      : Read 26 bytes data
2026-09-16 20:48:46,859 BTPWorkerThread-2293 (_rx_task) root DEBUG iutctl_common.py          154   read                      : Received data: {'e0 4e e4 08 dc 1b 00 d3 03 0f 00 0e 09 50 54 53 2d 47 41 50 2d 45 34 34 45 00'}, bytearray(b'\xe0N\xe4\x08\xdc\x1b\x00\xd3\x03\x0f\x00\x0e\tPTS-GAP-E44E\x00')
2026-09-16 20:48:46,859 BTPWorkerThread-2293 (_rx_task) root DEBUG btp.py                    700   event_handler             : Header(svc_id=1, op=129, ctrl_index=0, data_len=26) (b'\xe0N\xe4\x08\xdc\x1b\x00\xd3\x03\x0f\x00\x0e\tPTS-GAP-E44E\x00',)
2026-09-16 20:48:46,859 BTPWorkerThread-2293 (_rx_task) root DEBUG gap.py                    191   gap_device_found_ev_      : b'\xe0N\xe4\x08\xdc\x1b\x00\xd3\x03\x0f\x00\x0e\tPTS-GAP-E44E\x00'
2026-09-16 20:48:46,859 BTPWorkerThread-2293 (_rx_task) root DEBUG gap.py                    205   gap_device_found_ev_      : found '001bdc08e44e' type 224 eir b'\x0e\tPTS-GAP-E44E\x00'
2026-09-16 20:48:47,009 BTPWorkerThread-2293 (_rx_task) root DEBUG iutctl_common.py          123   read                      : Read 5 bytes
2026-09-16 20:48:47,009 BTPWorkerThread-2293 (_rx_task) root DEBUG iutctl_common.py          131   read                      : Received: hdr: Header(svc_id=0x01, op=0x81, ctrl_index=0x00, data_len=0x2a) bytearray(b'\x01\x81\x00*\x00')
2026-09-16 20:48:47,010 BTPWorkerThread-2293 (_rx_task) root DEBUG iutctl_common.py          139   read                      : Read 42 bytes data
2026-09-16 20:48:47,010 BTPWorkerThread-2293 (_rx_task) root DEBUG iutctl_common.py          154   read                      : Received data: {'e0 cd 83 06 dc 1b 00 ab 03 1f 00 1e 09 41 32 44 50 20 53 6f 75 72 63 65 20 30 30 3a 31 42 3a 44 43 3a 30 36 3a 38 33 3a 43 44'}, bytearray(b'\xe0\xcd\x83\x06\xdc\x1b\x00\xab\x03\x1f\x00\x1e\tA2DP Source 00:1B:DC:06:83:CD')
2026-09-16 20:48:47,010 BTPWorkerThread-2293 (_rx_task) root DEBUG btp.py                    700   event_handler             : Header(svc_id=1, op=129, ctrl_index=0, data_len=42) (b'\xe0\xcd\x83\x06\xdc\x1b\x00\xab\x03\x1f\x00\x1e\tA2DP Source 00:1B:DC:06:83:CD',)
2026-09-16 20:48:47,010 BTPWorkerThread-2293 (_rx_task) root DEBUG gap.py                    191   gap_device_found_ev_      : b'\xe0\xcd\x83\x06\xdc\x1b\x00\xab\x03\x1f\x00\x1e\tA2DP Source 00:1B:DC:06:83:CD'
2026-09-16 20:48:47,010 BTPWorkerThread-2293 (_rx_task) root DEBUG gap.py                    205   gap_device_found_ev_      : found '001bdc0683cd' type 224 eir b'\x1e\tA2DP Source 00:1B:DC:06:83:CD'
2026-09-16 20:48:47,010 BTPWorkerThread-2293 (_rx_task) root DEBUG iutctl_common.py          123   read                      : Read 5 bytes
2026-09-16 20:48:47,010 BTPWorkerThread-2293 (_rx_task) root DEBUG iutctl_common.py          131   read                      : Received: hdr: Header(svc_id=0x01, op=0x81, ctrl_index=0x00, data_len=0x26) bytearray(b'\x01\x81\x00&\x00')
2026-09-16 20:48:47,010 BTPWorkerThread-2293 (_rx_task) root DEBUG iutctl_common.py          139   read                      : Read 20 bytes data
2026-09-16 20:48:47,020 BTPWorkerThread-2293 (_rx_task) root DEBUG iutctl_common.py          139   read                      : Read 18 bytes data
2026-09-16 20:48:47,021 BTPWorkerThread-2293 (_rx_task) root DEBUG iutctl_common.py          154   read                      : Received data: {'e0 53 00 4c 17 e5 44 b1 03 1b 00 09 09 4e 58 4c 36 36 35 32 38 02 0a 0c 0d 03 0c 11 0a 11 0b 11 0e 11 1f 11 1e 11'}, bytearray(b'\xe0S\x00L\x17\xe5D\xb1\x03\x1b\x00\t\tNXL66528\x02\n\x0c\r\x03\x0c\x11\n\x11\x0b\x11\x0e\x11\x1f\x11\x1e\x11')
2026-09-16 20:48:47,021 BTPWorkerThread-2293 (_rx_task) root DEBUG btp.py                    700   event_handler             : Header(svc_id=1, op=129, ctrl_index=0, data_len=38) (b'\xe0S\x00L\x17\xe5D\xb1\x03\x1b\x00\t\tNXL66528\x02\n\x0c\r\x03\x0c\x11\n\x11\x0b\x11\x0e\x11\x1f\x11\x1e\x11',)
2026-09-16 20:48:47,021 BTPWorkerThread-2293 (_rx_task) root DEBUG gap.py                    191   gap_device_found_ev_      : b'\xe0S\x00L\x17\xe5D\xb1\x03\x1b\x00\t\tNXL66528\x02\n\x0c\r\x03\x0c\x11\n\x11\x0b\x11\x0e\x11\x1f\x11\x1e\x11'
2026-09-16 20:48:47,021 BTPWorkerThread-2293 (_rx_task) root DEBUG gap.py                    205   gap_device_found_ev_      : found '44e5174c0053' type 224 eir b'\t\tNXL66528\x02\n\x0c\r\x03\x0c\x11\n\x11\x0b\x11\x0e\x11\x1f\x11\x1e\x11'
2026-09-16 20:48:47,075 BTPWorkerThread-2293 (_rx_task) root DEBUG iutctl_common.py          123   read                      : Read 5 bytes
2026-09-16 20:48:47,075 BTPWorkerThread-2293 (_rx_task) root DEBUG iutctl_common.py          131   read                      : Received: hdr: Header(svc_id=0x01, op=0x81, ctrl_index=0x00, data_len=0x26) bytearray(b'\x01\x81\x00&\x00')
2026-09-16 20:48:47,075 BTPWorkerThread-2293 (_rx_task) root DEBUG iutctl_common.py          139   read                      : Read 38 bytes data
2026-09-16 20:48:47,076 BTPWorkerThread-2293 (_rx_task) root DEBUG iutctl_common.py          154   read                      : Received data: {'e0 53 00 4c 17 e5 44 b4 03 1b 00 09 09 4e 58 4c 36 36 35 32 38 02 0a 0c 0d 03 0c 11 0a 11 0b 11 0e 11 1f 11 1e 11'}, bytearray(b'\xe0S\x00L\x17\xe5D\xb4\x03\x1b\x00\t\tNXL66528\x02\n\x0c\r\x03\x0c\x11\n\x11\x0b\x11\x0e\x11\x1f\x11\x1e\x11')
2026-09-16 20:48:47,076 BTPWorkerThread-2293 (_rx_task) root DEBUG btp.py                    700   event_handler             : Header(svc_id=1, op=129, ctrl_index=0, data_len=38) (b'\xe0S\x00L\x17\xe5D\xb4\x03\x1b\x00\t\tNXL66528\x02\n\x0c\r\x03\x0c\x11\n\x11\x0b\x11\x0e\x11\x1f\x11\x1e\x11',)
2026-09-16 20:48:47,076 BTPWorkerThread-2293 (_rx_task) root DEBUG gap.py                    191   gap_device_found_ev_      : b'\xe0S\x00L\x17\xe5D\xb4\x03\x1b\x00\t\tNXL66528\x02\n\x0c\r\x03\x0c\x11\n\x11\x0b\x11\x0e\x11\x1f\x11\x1e\x11'
2026-09-16 20:48:47,076 BTPWorkerThread-2293 (_rx_task) root DEBUG gap.py                    205   gap_device_found_ev_      : found '44e5174c0053' type 224 eir b'\t\tNXL66528\x02\n\x0c\r\x03\x0c\x11\n\x11\x0b\x11\x0e\x11\x1f\x11\x1e\x11'
2026-09-16 20:48:47,421 BTPWorkerThread-2293 (_rx_task) root DEBUG iutctl_common.py          123   read                      : Read 5 bytes
2026-09-16 20:48:47,421 BTPWorkerThread-2293 (_rx_task) root DEBUG iutctl_common.py          131   read                      : Received: hdr: Header(svc_id=0x01, op=0x81, ctrl_index=0x00, data_len=0x0b) bytearray(b'\x01\x81\x00\x0b\x00')
2026-09-16 20:48:47,422 BTPWorkerThread-2293 (_rx_task) root DEBUG iutctl_common.py          139   read                      : Read 11 bytes data
2026-09-16 20:48:47,422 BTPWorkerThread-2293 (_rx_task) root DEBUG iutctl_common.py          154   read                      : Received data: {'e0 95 83 06 dc 1b 00 a6 03 00 00'}, bytearray(b'\xe0\x95\x83\x06\xdc\x1b\x00\xa6\x03\x00\x00')
2026-09-16 20:48:47,422 BTPWorkerThread-2293 (_rx_task) root DEBUG btp.py                    700   event_handler             : Header(svc_id=1, op=129, ctrl_index=0, data_len=11) (b'\xe0\x95\x83\x06\xdc\x1b\x00\xa6\x03\x00\x00',)
2026-09-16 20:48:47,422 BTPWorkerThread-2293 (_rx_task) root DEBUG gap.py                    191   gap_device_found_ev_      : b'\xe0\x95\x83\x06\xdc\x1b\x00\xa6\x03\x00\x00'
2026-09-16 20:48:47,422 BTPWorkerThread-2293 (_rx_task) root DEBUG gap.py                    205   gap_device_found_ev_      : found '001bdc068395' type 224 eir b''
2026-09-16 20:48:47,432 BTPWorkerThread-2293 (_rx_task) root DEBUG iutctl_common.py          123   read                      : Read 5 bytes
2026-09-16 20:48:47,433 BTPWorkerThread-2293 (_rx_task) root DEBUG iutctl_common.py          131   read                      : Received: hdr: Header(svc_id=0x01, op=0x81, ctrl_index=0x00, data_len=0x26) bytearray(b'\x01\x81\x00&\x00')
2026-09-16 20:48:47,433 BTPWorkerThread-2293 (_rx_task) root DEBUG iutctl_common.py          139   read                      : Read 27 bytes data
2026-09-16 20:48:47,443 BTPWorkerThread-2293 (_rx_task) root DEBUG iutctl_common.py          139   read                      : Read 11 bytes data
2026-09-16 20:48:47,444 BTPWorkerThread-2293 (_rx_task) root DEBUG iutctl_common.py          154   read                      : Received data: {'e0 53 00 4c 17 e5 44 b3 03 1b 00 09 09 4e 58 4c 36 36 35 32 38 02 0a 0c 0d 03 0c 11 0a 11 0b 11 0e 11 1f 11 1e 11'}, bytearray(b'\xe0S\x00L\x17\xe5D\xb3\x03\x1b\x00\t\tNXL66528\x02\n\x0c\r\x03\x0c\x11\n\x11\x0b\x11\x0e\x11\x1f\x11\x1e\x11')
2026-09-16 20:48:47,444 BTPWorkerThread-2293 (_rx_task) root DEBUG btp.py                    700   event_handler             : Header(svc_id=1, op=129, ctrl_index=0, data_len=38) (b'\xe0S\x00L\x17\xe5D\xb3\x03\x1b\x00\t\tNXL66528\x02\n\x0c\r\x03\x0c\x11\n\x11\x0b\x11\x0e\x11\x1f\x11\x1e\x11',)
2026-09-16 20:48:47,444 BTPWorkerThread-2293 (_rx_task) root DEBUG gap.py                    191   gap_device_found_ev_      : b'\xe0S\x00L\x17\xe5D\xb3\x03\x1b\x00\t\tNXL66528\x02\n\x0c\r\x03\x0c\x11\n\x11\x0b\x11\x0e\x11\x1f\x11\x1e\x11'
2026-09-16 20:48:47,444 BTPWorkerThread-2293 (_rx_task) root DEBUG gap.py                    205   gap_device_found_ev_      : found '44e5174c0053' type 224 eir b'\t\tNXL66528\x02\n\x0c\r\x03\x0c\x11\n\x11\x0b\x11\x0e\x11\x1f\x11\x1e\x11'
2026-09-16 20:48:47,530 BTPWorkerThread-2293 (_rx_task) root DEBUG iutctl_common.py          123   read                      : Read 5 bytes
2026-09-16 20:48:47,531 BTPWorkerThread-2293 (_rx_task) root DEBUG iutctl_common.py          131   read                      : Received: hdr: Header(svc_id=0x01, op=0x81, ctrl_index=0x00, data_len=0x0b) bytearray(b'\x01\x81\x00\x0b\x00')
2026-09-16 20:48:47,531 BTPWorkerThread-2293 (_rx_task) root DEBUG iutctl_common.py          139   read                      : Read 11 bytes data
2026-09-16 20:48:47,531 BTPWorkerThread-2293 (_rx_task) root DEBUG iutctl_common.py          154   read                      : Received data: {'e0 cd 83 06 dc 1b 00 a6 03 00 00'}, bytearray(b'\xe0\xcd\x83\x06\xdc\x1b\x00\xa6\x03\x00\x00')
2026-09-16 20:48:47,531 BTPWorkerThread-2293 (_rx_task) root DEBUG btp.py                    700   event_handler             : Header(svc_id=1, op=129, ctrl_index=0, data_len=11) (b'\xe0\xcd\x83\x06\xdc\x1b\x00\xa6\x03\x00\x00',)
2026-09-16 20:48:47,531 BTPWorkerThread-2293 (_rx_task) root DEBUG gap.py                    191   gap_device_found_ev_      : b'\xe0\xcd\x83\x06\xdc\x1b\x00\xa6\x03\x00\x00'
2026-09-16 20:48:47,531 BTPWorkerThread-2293 (_rx_task) root DEBUG gap.py                    205   gap_device_found_ev_      : found '001bdc0683cd' type 224 eir b''
2026-09-16 20:48:47,665 LT1-thread root DEBUG gap.py                    1148  gap_stop_discovery        : 
2026-09-16 20:48:47,665 LT1-thread root DEBUG iutctl_common.py          161   send                      : 1 13 0 ''
2026-09-16 20:48:47,665 LT1-thread root DEBUG iutctl_common.py          166   send                      : sending frame '010d000000'
2026-09-16 20:48:47,665 LT1-thread root DEBUG gap.py                    1227  gap_command_rsp_succ      : 
2026-09-16 20:48:47,665 LT1-thread root DEBUG iutctl_common.py          339   read                      : 
2026-09-16 20:48:47,705 BTPWorkerThread-2293 (_rx_task) root DEBUG iutctl_common.py          123   read                      : Read 5 bytes
2026-09-16 20:48:47,717 BTPWorkerThread-2293 (_rx_task) root DEBUG iutctl_common.py          131   read                      : Received: hdr: Header(svc_id=0x01, op=0x0d, ctrl_index=0x00, data_len=0x00) bytearray(b'\x01\r\x00\x00\x00')
2026-09-16 20:48:47,728 BTPWorkerThread-2293 (_rx_task) root DEBUG iutctl_common.py          154   read                      : Received data: {''}, bytearray(b'')
2026-09-16 20:48:47,739 LT1-thread root DEBUG gap.py                    1232  gap_command_rsp_succ      : received Header(svc_id=1, op=13, ctrl_index=0, data_len=0) (b'',)
2026-09-16 20:48:47,739 LT1-thread root DEBUG gap.py                    1508  check_discovery_results   : 224 '001bdc08e44e' True None
2026-09-16 20:48:47,739 LT1-thread root DEBUG gap.py                    1517  check_discovery_results   : matching LeAdv(addr_type=224, addr='001bdc08e44e', rssi=212, flags=3, eir=b'')
2026-09-16 20:48:47,739 LT1-thread root DEBUG gap.py                    760   gap_connect               : None 224
2026-09-16 20:48:47,739 LT1-thread root DEBUG iutctl_common.py          161   send                      : 1 14 0 "bytearray(b'\\xe0N\\xe4\\x08\\xdc\\x1b\\x00\\x00')"
2026-09-16 20:48:47,739 LT1-thread root DEBUG iutctl_common.py          166   send                      : sending frame '010e000800e04ee408dc1b0000'
2026-09-16 20:48:47,740 LT1-thread root DEBUG iutctl_common.py          339   read                      : 
2026-09-16 20:48:47,777 BTPWorkerThread-2293 (_rx_task) root DEBUG iutctl_common.py          123   read                      : Read 5 bytes
2026-09-16 20:48:47,788 BTPWorkerThread-2293 (_rx_task) root DEBUG iutctl_common.py          131   read                      : Received: hdr: Header(svc_id=0x01, op=0x0e, ctrl_index=0x00, data_len=0x00) bytearray(b'\x01\x0e\x00\x00\x00')
2026-09-16 20:48:47,799 BTPWorkerThread-2293 (_rx_task) root DEBUG iutctl_common.py          154   read                      : Received data: {''}, bytearray(b'')
2026-09-16 20:48:50,383 BTPWorkerThread-2293 (_rx_task) root DEBUG iutctl_common.py          123   read                      : Read 5 bytes
2026-09-16 20:48:50,383 BTPWorkerThread-2293 (_rx_task) root DEBUG iutctl_common.py          131   read                      : Received: hdr: Header(svc_id=0x01, op=0x82, ctrl_index=0x00, data_len=0x0d) bytearray(b'\x01\x82\x00\r\x00')
2026-09-16 20:48:50,384 BTPWorkerThread-2293 (_rx_task) root DEBUG iutctl_common.py          139   read                      : Read 13 bytes data
2026-09-16 20:48:50,384 BTPWorkerThread-2293 (_rx_task) root DEBUG iutctl_common.py          154   read                      : Received data: {'e0 4e e4 08 dc 1b 00 00 00 00 00 00 00'}, bytearray(b'\xe0N\xe4\x08\xdc\x1b\x00\x00\x00\x00\x00\x00\x00')
2026-09-16 20:48:50,384 BTPWorkerThread-2293 (_rx_task) root DEBUG btp.py                    700   event_handler             : Header(svc_id=1, op=130, ctrl_index=0, data_len=13) (b'\xe0N\xe4\x08\xdc\x1b\x00\x00\x00\x00\x00\x00\x00',)
2026-09-16 20:48:50,384 BTPWorkerThread-2293 (_rx_task) root DEBUG gap.py                    213   gap_connected_ev_         : b'\xe0N\xe4\x08\xdc\x1b\x00\x00\x00\x00\x00\x00\x00'
2026-09-16 20:48:50,429 LT1-thread root DEBUG testcase.py               722   run_wid                   : Sending response 'OK' to wid 102 test case GAP/SEC/SEM/BI-06-C
2026-09-16 20:48:50,430 LT1-thread root DEBUG client.py                 276   get_result                : ClientCallback.get_result run_test_case
2026-09-16 20:48:50,433 LT1-callback ClientCallback.on_implicit_send INFO client.py                 223   on_implicit_send          : 
    ********************
    BEGIN OnImplicitSend:
    project_name: GAP
    wid: 265
    test_case_name: GAP/SEC/SEM/BI-06-C
    description: Please initiate a link encryption with the Lower Tester.
    style: MMI_Style_Ok_Cancel2 0x11141
2026-09-16 20:48:50,433 LT1-callback ClientCallback.on_implicit_send INFO client.py                 236   on_implicit_send          : Calling test cases on_implicit_send
2026-09-16 20:48:50,433 LT1-callback ClientCallback.on_implicit_send INFO client.py                 249   on_implicit_send          : 
    on_implicit_send returned response: WAIT
    END OnImplicitSend
    ********************
2026-09-16 20:48:51,431 LT1-thread root DEBUG testcase.py               679   run_wid                   : GAP GAP/SEC/SEM/BI-06-C on_implicit_send
2026-09-16 20:48:51,431 LT1-thread root DEBUG gap_wid.py                26    gap_wid_hdl               : gap_wid_hdl, 265, Please initiate a link encryption with the Lower Tester., GAP/SEC/SEM/BI-06-C
2026-09-16 20:48:51,431 LT1-thread root DEBUG gap.py                    871   gap_pair                  : None 224
2026-09-16 20:48:51,431 LT1-thread root DEBUG iutctl_common.py          161   send                      : 1 17 0 "bytearray(b'\\xe0N\\xe4\\x08\\xdc\\x1b\\x00')"
2026-09-16 20:48:51,431 LT1-thread root DEBUG iutctl_common.py          166   send                      : sending frame '0111000700e04ee408dc1b00'
2026-09-16 20:48:51,431 LT1-thread root DEBUG gap.py                    1227  gap_command_rsp_succ      : 
2026-09-16 20:48:51,432 LT1-thread root DEBUG iutctl_common.py          339   read                      : 
2026-09-16 20:48:51,470 BTPWorkerThread-2293 (_rx_task) root DEBUG iutctl_common.py          123   read                      : Read 5 bytes
2026-09-16 20:48:51,480 BTPWorkerThread-2293 (_rx_task) root DEBUG iutctl_common.py          131   read                      : Received: hdr: Header(svc_id=0x01, op=0x11, ctrl_index=0x00, data_len=0x00) bytearray(b'\x01\x11\x00\x00\x00')
2026-09-16 20:48:51,486 BTPWorkerThread-2293 (_rx_task) root DEBUG iutctl_common.py          154   read                      : Received data: {''}, bytearray(b'')
2026-09-16 20:48:51,492 LT1-thread root DEBUG gap.py                    1232  gap_command_rsp_succ      : received Header(svc_id=1, op=17, ctrl_index=0, data_len=0) (b'',)
2026-09-16 20:48:51,492 BTPWorkerThread-2293 (_rx_task) root DEBUG iutctl_common.py          123   read                      : Read 5 bytes
2026-09-16 20:48:51,493 LT1-thread root DEBUG testcase.py               722   run_wid                   : Sending response 'OK' to wid 265 test case GAP/SEC/SEM/BI-06-C
2026-09-16 20:48:51,493 BTPWorkerThread-2293 (_rx_task) root DEBUG iutctl_common.py          131   read                      : Received: hdr: Header(svc_id=0x01, op=0x91, ctrl_index=0x00, data_len=0x09) bytearray(b'\x01\x91\x00\t\x00')
2026-09-16 20:48:51,493 BTPWorkerThread-2293 (_rx_task) root DEBUG iutctl_common.py          139   read                      : Read 9 bytes data
2026-09-16 20:48:51,493 BTPWorkerThread-2293 (_rx_task) root DEBUG iutctl_common.py          154   read                      : Received data: {'e0 4e e4 08 dc 1b 00 00 00'}, bytearray(b'\xe0N\xe4\x08\xdc\x1b\x00\x00\x00')
2026-09-16 20:48:51,493 BTPWorkerThread-2293 (_rx_task) root DEBUG btp.py                    700   event_handler             : Header(svc_id=1, op=145, ctrl_index=0, data_len=9) (b'\xe0N\xe4\x08\xdc\x1b\x00\x00\x00',)
2026-09-16 20:48:51,493 BTPWorkerThread-2293 (_rx_task) root DEBUG gap.py                    492   gap_encryption_change_ev_ : 
2026-09-16 20:48:51,493 BTPWorkerThread-2293 (_rx_task) root DEBUG gap.py                    494   gap_encryption_change_ev_ : enc change received b'\xe0N\xe4\x08\xdc\x1b\x00\x00\x00'
2026-09-16 20:48:51,494 BTPWorkerThread-2293 (_rx_task) root DEBUG gap.py                    503   gap_encryption_change_ev_ : received (224, '001bdc08e44e', 0, 0)
2026-09-16 20:48:51,495 LT1-thread root DEBUG client.py                 276   get_result                : ClientCallback.get_result run_test_case
2026-09-16 20:49:11,409 LT1-callback ClientCallback.on_implicit_send INFO client.py                 223   on_implicit_send          : 
    ********************
    BEGIN OnImplicitSend:
    project_name: GAP
    wid: 266
    test_case_name: GAP/SEC/SEM/BI-06-C
    description: Please confirm that the IUT signals to the Upper Tester that the channel establishment failure after link encryption.

Click 'Yes' If there is channel establishment failure otherwise click 'No'.
    style: MMI_Style_Yes_No1 0x11044
2026-09-16 20:49:11,409 LT1-callback ClientCallback.on_implicit_send INFO client.py                 236   on_implicit_send          : Calling test cases on_implicit_send
2026-09-16 20:49:11,409 LT1-callback ClientCallback.on_implicit_send INFO client.py                 249   on_implicit_send          : 
    on_implicit_send returned response: WAIT
    END OnImplicitSend
    ********************
2026-09-16 20:49:11,504 LT1-thread root DEBUG testcase.py               679   run_wid                   : GAP GAP/SEC/SEM/BI-06-C on_implicit_send
2026-09-16 20:49:11,504 LT1-thread root DEBUG gap_wid.py                26    gap_wid_hdl               : gap_wid_hdl, 266, Please confirm that the IUT signals to the Upper Tester that the channel establishment failure after link encryption.

Click 'Yes' If there is channel establishment failure otherwise click 'No'., GAP/SEC/SEM/BI-06-C
2026-09-16 20:49:41,506 EventTimerThread-2326 root ERROR common.py                 44    timeout_cb                : Timeout after 30 seconds while waiting for event <threading.Event at 0x2a76a07d730: set> with condition         return wait_for_event(timeout, lambda: not self.is_connected(addr=addr))

2026-09-16 20:49:41,539 LT1-thread root DEBUG testcase.py               722   run_wid                   : Sending response 'Yes' to wid 266 test case GAP/SEC/SEM/BI-06-C
2026-09-16 20:49:41,541 LT1-thread root DEBUG client.py                 276   get_result                : ClientCallback.get_result run_test_case
2026-09-16 20:49:46,564 BTPWorkerThread-2293 (_rx_task) root DEBUG iutctl_common.py          123   read                      : Read 5 bytes
2026-09-16 20:49:46,565 BTPWorkerThread-2293 (_rx_task) root DEBUG iutctl_common.py          131   read                      : Received: hdr: Header(svc_id=0x01, op=0x83, ctrl_index=0x00, data_len=0x07) bytearray(b'\x01\x83\x00\x07\x00')
2026-09-16 20:49:46,565 BTPWorkerThread-2293 (_rx_task) root DEBUG iutctl_common.py          139   read                      : Read 7 bytes data
2026-09-16 20:49:46,565 BTPWorkerThread-2293 (_rx_task) root DEBUG iutctl_common.py          154   read                      : Received data: {'e0 4e e4 08 dc 1b 00'}, bytearray(b'\xe0N\xe4\x08\xdc\x1b\x00')
2026-09-16 20:49:46,565 BTPWorkerThread-2293 (_rx_task) root DEBUG btp.py                    700   event_handler             : Header(svc_id=1, op=131, ctrl_index=0, data_len=7) (b'\xe0N\xe4\x08\xdc\x1b\x00',)
2026-09-16 20:49:46,565 BTPWorkerThread-2293 (_rx_task) root DEBUG gap.py                    226   gap_disconnected_ev_      : b'\xe0N\xe4\x08\xdc\x1b\x00'
2026-09-16 20:49:47,005 LT1-callback ClientCallback.on_implicit_send INFO client.py                 223   on_implicit_send          : 
    ********************
    BEGIN OnImplicitSend:
    project_name: GAP
    wid: 102
    test_case_name: GAP/SEC/SEM/BI-06-C
    description: Please send an HCI connect request to establish a basic rate connection after the IUT discovers the Lower Tester over BR and LE.
    style: MMI_Style_Ok_Cancel2 0x11141
2026-09-16 20:49:47,005 LT1-callback ClientCallback.on_implicit_send INFO client.py                 236   on_implicit_send          : Calling test cases on_implicit_send
2026-09-16 20:49:47,005 LT1-callback ClientCallback.on_implicit_send INFO client.py                 249   on_implicit_send          : 
    on_implicit_send returned response: WAIT
    END OnImplicitSend
    ********************
2026-09-16 20:49:47,544 LT1-thread root DEBUG testcase.py               679   run_wid                   : GAP GAP/SEC/SEM/BI-06-C on_implicit_send
2026-09-16 20:49:47,544 LT1-thread root DEBUG gap_wid.py                26    gap_wid_hdl               : gap_wid_hdl, 102, Please send an HCI connect request to establish a basic rate connection after the IUT discovers the Lower Tester over BR and LE., GAP/SEC/SEM/BI-06-C
2026-09-16 20:49:47,544 LT1-thread root DEBUG gap.py                    1120  gap_start_discovery       : 
2026-09-16 20:49:47,544 LT1-thread root DEBUG iutctl_common.py          161   send                      : 1 12 0 '\x02'
2026-09-16 20:49:47,544 LT1-thread root DEBUG iutctl_common.py          166   send                      : sending frame '010c00010002'
2026-09-16 20:49:47,545 LT1-thread root DEBUG gap.py                    1227  gap_command_rsp_succ      : 
2026-09-16 20:49:47,545 LT1-thread root DEBUG iutctl_common.py          339   read                      : 
2026-09-16 20:49:47,583 BTPWorkerThread-2293 (_rx_task) root DEBUG iutctl_common.py          123   read                      : Read 5 bytes
2026-09-16 20:49:47,595 BTPWorkerThread-2293 (_rx_task) root DEBUG iutctl_common.py          131   read                      : Received: hdr: Header(svc_id=0x01, op=0x0c, ctrl_index=0x00, data_len=0x00) bytearray(b'\x01\x0c\x00\x00\x00')
2026-09-16 20:49:47,605 BTPWorkerThread-2293 (_rx_task) root DEBUG iutctl_common.py          154   read                      : Received data: {''}, bytearray(b'')
2026-09-16 20:49:47,616 LT1-thread root DEBUG gap.py                    1232  gap_command_rsp_succ      : received Header(svc_id=1, op=12, ctrl_index=0, data_len=0) (b'',)
2026-09-16 20:49:48,327 BTPWorkerThread-2293 (_rx_task) root DEBUG iutctl_common.py          123   read                      : Read 5 bytes
2026-09-16 20:49:48,328 BTPWorkerThread-2293 (_rx_task) root DEBUG iutctl_common.py          131   read                      : Received: hdr: Header(svc_id=0x01, op=0x81, ctrl_index=0x00, data_len=0x26) bytearray(b'\x01\x81\x00&\x00')
2026-09-16 20:49:48,328 BTPWorkerThread-2293 (_rx_task) root DEBUG iutctl_common.py          139   read                      : Read 32 bytes data
2026-09-16 20:49:48,338 BTPWorkerThread-2293 (_rx_task) root DEBUG iutctl_common.py          139   read                      : Read 6 bytes data
2026-09-16 20:49:48,339 BTPWorkerThread-2293 (_rx_task) root DEBUG iutctl_common.py          154   read                      : Received data: {'e0 53 00 4c 17 e5 44 ab 03 1b 00 09 09 4e 58 4c 36 36 35 32 38 02 0a 0c 0d 03 0c 11 0a 11 0b 11 0e 11 1f 11 1e 11'}, bytearray(b'\xe0S\x00L\x17\xe5D\xab\x03\x1b\x00\t\tNXL66528\x02\n\x0c\r\x03\x0c\x11\n\x11\x0b\x11\x0e\x11\x1f\x11\x1e\x11')
2026-09-16 20:49:48,339 BTPWorkerThread-2293 (_rx_task) root DEBUG btp.py                    700   event_handler             : Header(svc_id=1, op=129, ctrl_index=0, data_len=38) (b'\xe0S\x00L\x17\xe5D\xab\x03\x1b\x00\t\tNXL66528\x02\n\x0c\r\x03\x0c\x11\n\x11\x0b\x11\x0e\x11\x1f\x11\x1e\x11',)
2026-09-16 20:49:48,339 BTPWorkerThread-2293 (_rx_task) root DEBUG gap.py                    191   gap_device_found_ev_      : b'\xe0S\x00L\x17\xe5D\xab\x03\x1b\x00\t\tNXL66528\x02\n\x0c\r\x03\x0c\x11\n\x11\x0b\x11\x0e\x11\x1f\x11\x1e\x11'
2026-09-16 20:49:48,339 BTPWorkerThread-2293 (_rx_task) root DEBUG gap.py                    205   gap_device_found_ev_      : found '44e5174c0053' type 224 eir b'\t\tNXL66528\x02\n\x0c\r\x03\x0c\x11\n\x11\x0b\x11\x0e\x11\x1f\x11\x1e\x11'
2026-09-16 20:49:48,567 BTPWorkerThread-2293 (_rx_task) root DEBUG iutctl_common.py          123   read                      : Read 5 bytes
2026-09-16 20:49:48,567 BTPWorkerThread-2293 (_rx_task) root DEBUG iutctl_common.py          131   read                      : Received: hdr: Header(svc_id=0x01, op=0x81, ctrl_index=0x00, data_len=0x26) bytearray(b'\x01\x81\x00&\x00')
2026-09-16 20:49:48,567 BTPWorkerThread-2293 (_rx_task) root DEBUG iutctl_common.py          139   read                      : Read 16 bytes data
2026-09-16 20:49:48,578 BTPWorkerThread-2293 (_rx_task) root DEBUG iutctl_common.py          139   read                      : Read 22 bytes data
2026-09-16 20:49:48,579 BTPWorkerThread-2293 (_rx_task) root DEBUG iutctl_common.py          154   read                      : Received data: {'e0 53 00 4c 17 e5 44 b0 03 1b 00 09 09 4e 58 4c 36 36 35 32 38 02 0a 0c 0d 03 0c 11 0a 11 0b 11 0e 11 1f 11 1e 11'}, bytearray(b'\xe0S\x00L\x17\xe5D\xb0\x03\x1b\x00\t\tNXL66528\x02\n\x0c\r\x03\x0c\x11\n\x11\x0b\x11\x0e\x11\x1f\x11\x1e\x11')
2026-09-16 20:49:48,579 BTPWorkerThread-2293 (_rx_task) root DEBUG btp.py                    700   event_handler             : Header(svc_id=1, op=129, ctrl_index=0, data_len=38) (b'\xe0S\x00L\x17\xe5D\xb0\x03\x1b\x00\t\tNXL66528\x02\n\x0c\r\x03\x0c\x11\n\x11\x0b\x11\x0e\x11\x1f\x11\x1e\x11',)
2026-09-16 20:49:48,579 BTPWorkerThread-2293 (_rx_task) root DEBUG gap.py                    191   gap_device_found_ev_      : b'\xe0S\x00L\x17\xe5D\xb0\x03\x1b\x00\t\tNXL66528\x02\n\x0c\r\x03\x0c\x11\n\x11\x0b\x11\x0e\x11\x1f\x11\x1e\x11'
2026-09-16 20:49:48,579 BTPWorkerThread-2293 (_rx_task) root DEBUG gap.py                    205   gap_device_found_ev_      : found '44e5174c0053' type 224 eir b'\t\tNXL66528\x02\n\x0c\r\x03\x0c\x11\n\x11\x0b\x11\x0e\x11\x1f\x11\x1e\x11'
2026-09-16 20:49:48,963 BTPWorkerThread-2293 (_rx_task) root DEBUG iutctl_common.py          123   read                      : Read 5 bytes
2026-09-16 20:49:48,963 BTPWorkerThread-2293 (_rx_task) root DEBUG iutctl_common.py          131   read                      : Received: hdr: Header(svc_id=0x01, op=0x81, ctrl_index=0x00, data_len=0x26) bytearray(b'\x01\x81\x00&\x00')
2026-09-16 20:49:48,963 BTPWorkerThread-2293 (_rx_task) root DEBUG iutctl_common.py          139   read                      : Read 38 bytes data
2026-09-16 20:49:48,963 BTPWorkerThread-2293 (_rx_task) root DEBUG iutctl_common.py          154   read                      : Received data: {'e0 53 00 4c 17 e5 44 af 03 1b 00 09 09 4e 58 4c 36 36 35 32 38 02 0a 0c 0d 03 0c 11 0a 11 0b 11 0e 11 1f 11 1e 11'}, bytearray(b'\xe0S\x00L\x17\xe5D\xaf\x03\x1b\x00\t\tNXL66528\x02\n\x0c\r\x03\x0c\x11\n\x11\x0b\x11\x0e\x11\x1f\x11\x1e\x11')
2026-09-16 20:49:48,963 BTPWorkerThread-2293 (_rx_task) root DEBUG btp.py                    700   event_handler             : Header(svc_id=1, op=129, ctrl_index=0, data_len=38) (b'\xe0S\x00L\x17\xe5D\xaf\x03\x1b\x00\t\tNXL66528\x02\n\x0c\r\x03\x0c\x11\n\x11\x0b\x11\x0e\x11\x1f\x11\x1e\x11',)
2026-09-16 20:49:48,963 BTPWorkerThread-2293 (_rx_task) root DEBUG gap.py                    191   gap_device_found_ev_      : b'\xe0S\x00L\x17\xe5D\xaf\x03\x1b\x00\t\tNXL66528\x02\n\x0c\r\x03\x0c\x11\n\x11\x0b\x11\x0e\x11\x1f\x11\x1e\x11'
2026-09-16 20:49:48,963 BTPWorkerThread-2293 (_rx_task) root DEBUG gap.py                    205   gap_device_found_ev_      : found '44e5174c0053' type 224 eir b'\t\tNXL66528\x02\n\x0c\r\x03\x0c\x11\n\x11\x0b\x11\x0e\x11\x1f\x11\x1e\x11'
2026-09-16 20:49:49,411 BTPWorkerThread-2293 (_rx_task) root DEBUG iutctl_common.py          123   read                      : Read 5 bytes
2026-09-16 20:49:49,412 BTPWorkerThread-2293 (_rx_task) root DEBUG iutctl_common.py          131   read                      : Received: hdr: Header(svc_id=0x01, op=0x81, ctrl_index=0x00, data_len=0x26) bytearray(b'\x01\x81\x00&\x00')
2026-09-16 20:49:49,412 BTPWorkerThread-2293 (_rx_task) root DEBUG iutctl_common.py          139   read                      : Read 38 bytes data
2026-09-16 20:49:49,412 BTPWorkerThread-2293 (_rx_task) root DEBUG iutctl_common.py          154   read                      : Received data: {'e0 53 00 4c 17 e5 44 a6 03 1b 00 09 09 4e 58 4c 36 36 35 32 38 02 0a 0c 0d 03 0c 11 0a 11 0b 11 0e 11 1f 11 1e 11'}, bytearray(b'\xe0S\x00L\x17\xe5D\xa6\x03\x1b\x00\t\tNXL66528\x02\n\x0c\r\x03\x0c\x11\n\x11\x0b\x11\x0e\x11\x1f\x11\x1e\x11')
2026-09-16 20:49:49,412 BTPWorkerThread-2293 (_rx_task) root DEBUG btp.py                    700   event_handler             : Header(svc_id=1, op=129, ctrl_index=0, data_len=38) (b'\xe0S\x00L\x17\xe5D\xa6\x03\x1b\x00\t\tNXL66528\x02\n\x0c\r\x03\x0c\x11\n\x11\x0b\x11\x0e\x11\x1f\x11\x1e\x11',)
2026-09-16 20:49:49,412 BTPWorkerThread-2293 (_rx_task) root DEBUG gap.py                    191   gap_device_found_ev_      : b'\xe0S\x00L\x17\xe5D\xa6\x03\x1b\x00\t\tNXL66528\x02\n\x0c\r\x03\x0c\x11\n\x11\x0b\x11\x0e\x11\x1f\x11\x1e\x11'
2026-09-16 20:49:49,412 BTPWorkerThread-2293 (_rx_task) root DEBUG gap.py                    205   gap_device_found_ev_      : found '44e5174c0053' type 224 eir b'\t\tNXL66528\x02\n\x0c\r\x03\x0c\x11\n\x11\x0b\x11\x0e\x11\x1f\x11\x1e\x11'
2026-09-16 20:49:49,529 BTPWorkerThread-2293 (_rx_task) root DEBUG iutctl_common.py          123   read                      : Read 5 bytes
2026-09-16 20:49:49,530 BTPWorkerThread-2293 (_rx_task) root DEBUG iutctl_common.py          131   read                      : Received: hdr: Header(svc_id=0x01, op=0x81, ctrl_index=0x00, data_len=0x26) bytearray(b'\x01\x81\x00&\x00')
2026-09-16 20:49:49,530 BTPWorkerThread-2293 (_rx_task) root DEBUG iutctl_common.py          139   read                      : Read 19 bytes data
2026-09-16 20:49:49,541 BTPWorkerThread-2293 (_rx_task) root DEBUG iutctl_common.py          139   read                      : Read 19 bytes data
2026-09-16 20:49:49,542 BTPWorkerThread-2293 (_rx_task) root DEBUG iutctl_common.py          154   read                      : Received data: {'e0 53 00 4c 17 e5 44 b1 03 1b 00 09 09 4e 58 4c 36 36 35 32 38 02 0a 0c 0d 03 0c 11 0a 11 0b 11 0e 11 1f 11 1e 11'}, bytearray(b'\xe0S\x00L\x17\xe5D\xb1\x03\x1b\x00\t\tNXL66528\x02\n\x0c\r\x03\x0c\x11\n\x11\x0b\x11\x0e\x11\x1f\x11\x1e\x11')
2026-09-16 20:49:49,542 BTPWorkerThread-2293 (_rx_task) root DEBUG btp.py                    700   event_handler             : Header(svc_id=1, op=129, ctrl_index=0, data_len=38) (b'\xe0S\x00L\x17\xe5D\xb1\x03\x1b\x00\t\tNXL66528\x02\n\x0c\r\x03\x0c\x11\n\x11\x0b\x11\x0e\x11\x1f\x11\x1e\x11',)
2026-09-16 20:49:49,542 BTPWorkerThread-2293 (_rx_task) root DEBUG gap.py                    191   gap_device_found_ev_      : b'\xe0S\x00L\x17\xe5D\xb1\x03\x1b\x00\t\tNXL66528\x02\n\x0c\r\x03\x0c\x11\n\x11\x0b\x11\x0e\x11\x1f\x11\x1e\x11'
2026-09-16 20:49:49,542 BTPWorkerThread-2293 (_rx_task) root DEBUG gap.py                    205   gap_device_found_ev_      : found '44e5174c0053' type 224 eir b'\t\tNXL66528\x02\n\x0c\r\x03\x0c\x11\n\x11\x0b\x11\x0e\x11\x1f\x11\x1e\x11'
2026-09-16 20:49:49,584 BTPWorkerThread-2293 (_rx_task) root DEBUG iutctl_common.py          123   read                      : Read 5 bytes
2026-09-16 20:49:49,586 BTPWorkerThread-2293 (_rx_task) root DEBUG iutctl_common.py          131   read                      : Received: hdr: Header(svc_id=0x01, op=0x81, ctrl_index=0x00, data_len=0x26) bytearray(b'\x01\x81\x00&\x00')
2026-09-16 20:49:49,586 BTPWorkerThread-2293 (_rx_task) root DEBUG iutctl_common.py          139   read                      : Read 38 bytes data
2026-09-16 20:49:49,586 BTPWorkerThread-2293 (_rx_task) root DEBUG iutctl_common.py          154   read                      : Received data: {'e0 53 00 4c 17 e5 44 a8 03 1b 00 09 09 4e 58 4c 36 36 35 32 38 02 0a 0c 0d 03 0c 11 0a 11 0b 11 0e 11 1f 11 1e 11'}, bytearray(b'\xe0S\x00L\x17\xe5D\xa8\x03\x1b\x00\t\tNXL66528\x02\n\x0c\r\x03\x0c\x11\n\x11\x0b\x11\x0e\x11\x1f\x11\x1e\x11')
2026-09-16 20:49:49,586 BTPWorkerThread-2293 (_rx_task) root DEBUG btp.py                    700   event_handler             : Header(svc_id=1, op=129, ctrl_index=0, data_len=38) (b'\xe0S\x00L\x17\xe5D\xa8\x03\x1b\x00\t\tNXL66528\x02\n\x0c\r\x03\x0c\x11\n\x11\x0b\x11\x0e\x11\x1f\x11\x1e\x11',)
2026-09-16 20:49:49,586 BTPWorkerThread-2293 (_rx_task) root DEBUG gap.py                    191   gap_device_found_ev_      : b'\xe0S\x00L\x17\xe5D\xa8\x03\x1b\x00\t\tNXL66528\x02\n\x0c\r\x03\x0c\x11\n\x11\x0b\x11\x0e\x11\x1f\x11\x1e\x11'
2026-09-16 20:49:49,586 BTPWorkerThread-2293 (_rx_task) root DEBUG gap.py                    205   gap_device_found_ev_      : found '44e5174c0053' type 224 eir b'\t\tNXL66528\x02\n\x0c\r\x03\x0c\x11\n\x11\x0b\x11\x0e\x11\x1f\x11\x1e\x11'
2026-09-16 20:49:49,913 BTPWorkerThread-2293 (_rx_task) root DEBUG iutctl_common.py          123   read                      : Read 5 bytes
2026-09-16 20:49:49,913 BTPWorkerThread-2293 (_rx_task) root DEBUG iutctl_common.py          131   read                      : Received: hdr: Header(svc_id=0x01, op=0x81, ctrl_index=0x00, data_len=0x26) bytearray(b'\x01\x81\x00&\x00')
2026-09-16 20:49:49,914 BTPWorkerThread-2293 (_rx_task) root DEBUG iutctl_common.py          139   read                      : Read 26 bytes data
2026-09-16 20:49:49,924 BTPWorkerThread-2293 (_rx_task) root DEBUG iutctl_common.py          139   read                      : Read 12 bytes data
2026-09-16 20:49:49,925 BTPWorkerThread-2293 (_rx_task) root DEBUG iutctl_common.py          154   read                      : Received data: {'e0 53 00 4c 17 e5 44 b4 03 1b 00 09 09 4e 58 4c 36 36 35 32 38 02 0a 0c 0d 03 0c 11 0a 11 0b 11 0e 11 1f 11 1e 11'}, bytearray(b'\xe0S\x00L\x17\xe5D\xb4\x03\x1b\x00\t\tNXL66528\x02\n\x0c\r\x03\x0c\x11\n\x11\x0b\x11\x0e\x11\x1f\x11\x1e\x11')
2026-09-16 20:49:49,925 BTPWorkerThread-2293 (_rx_task) root DEBUG btp.py                    700   event_handler             : Header(svc_id=1, op=129, ctrl_index=0, data_len=38) (b'\xe0S\x00L\x17\xe5D\xb4\x03\x1b\x00\t\tNXL66528\x02\n\x0c\r\x03\x0c\x11\n\x11\x0b\x11\x0e\x11\x1f\x11\x1e\x11',)
2026-09-16 20:49:49,925 BTPWorkerThread-2293 (_rx_task) root DEBUG gap.py                    191   gap_device_found_ev_      : b'\xe0S\x00L\x17\xe5D\xb4\x03\x1b\x00\t\tNXL66528\x02\n\x0c\r\x03\x0c\x11\n\x11\x0b\x11\x0e\x11\x1f\x11\x1e\x11'
2026-09-16 20:49:49,925 BTPWorkerThread-2293 (_rx_task) root DEBUG gap.py                    205   gap_device_found_ev_      : found '44e5174c0053' type 224 eir b'\t\tNXL66528\x02\n\x0c\r\x03\x0c\x11\n\x11\x0b\x11\x0e\x11\x1f\x11\x1e\x11'
2026-09-16 20:49:50,011 BTPWorkerThread-2293 (_rx_task) root DEBUG iutctl_common.py          123   read                      : Read 5 bytes
2026-09-16 20:49:50,012 BTPWorkerThread-2293 (_rx_task) root DEBUG iutctl_common.py          131   read                      : Received: hdr: Header(svc_id=0x01, op=0x81, ctrl_index=0x00, data_len=0x2a) bytearray(b'\x01\x81\x00*\x00')
2026-09-16 20:49:50,012 BTPWorkerThread-2293 (_rx_task) root DEBUG iutctl_common.py          139   read                      : Read 42 bytes data
2026-09-16 20:49:50,012 BTPWorkerThread-2293 (_rx_task) root DEBUG iutctl_common.py          154   read                      : Received data: {'e0 eb b2 06 dc 1b 00 a8 03 1f 00 1e 09 41 32 44 50 20 53 6f 75 72 63 65 20 30 30 3a 31 42 3a 44 43 3a 30 36 3a 42 32 3a 45 42'}, bytearray(b'\xe0\xeb\xb2\x06\xdc\x1b\x00\xa8\x03\x1f\x00\x1e\tA2DP Source 00:1B:DC:06:B2:EB')
2026-09-16 20:49:50,012 BTPWorkerThread-2293 (_rx_task) root DEBUG btp.py                    700   event_handler             : Header(svc_id=1, op=129, ctrl_index=0, data_len=42) (b'\xe0\xeb\xb2\x06\xdc\x1b\x00\xa8\x03\x1f\x00\x1e\tA2DP Source 00:1B:DC:06:B2:EB',)
2026-09-16 20:49:50,012 BTPWorkerThread-2293 (_rx_task) root DEBUG gap.py                    191   gap_device_found_ev_      : b'\xe0\xeb\xb2\x06\xdc\x1b\x00\xa8\x03\x1f\x00\x1e\tA2DP Source 00:1B:DC:06:B2:EB'
2026-09-16 20:49:50,012 BTPWorkerThread-2293 (_rx_task) root DEBUG gap.py                    205   gap_device_found_ev_      : found '001bdc06b2eb' type 224 eir b'\x1e\tA2DP Source 00:1B:DC:06:B2:EB'
2026-09-16 20:49:50,206 BTPWorkerThread-2293 (_rx_task) root DEBUG iutctl_common.py          123   read                      : Read 5 bytes
2026-09-16 20:49:50,206 BTPWorkerThread-2293 (_rx_task) root DEBUG iutctl_common.py          131   read                      : Received: hdr: Header(svc_id=0x01, op=0x81, ctrl_index=0x00, data_len=0x1a) bytearray(b'\x01\x81\x00\x1a\x00')
2026-09-16 20:49:50,207 BTPWorkerThread-2293 (_rx_task) root DEBUG iutctl_common.py          139   read                      : Read 26 bytes data
2026-09-16 20:49:50,207 BTPWorkerThread-2293 (_rx_task) root DEBUG iutctl_common.py          154   read                      : Received data: {'e0 4e e4 08 dc 1b 00 d3 03 0f 00 0e 09 50 54 53 2d 47 41 50 2d 45 34 34 45 00'}, bytearray(b'\xe0N\xe4\x08\xdc\x1b\x00\xd3\x03\x0f\x00\x0e\tPTS-GAP-E44E\x00')
2026-09-16 20:49:50,207 BTPWorkerThread-2293 (_rx_task) root DEBUG btp.py                    700   event_handler             : Header(svc_id=1, op=129, ctrl_index=0, data_len=26) (b'\xe0N\xe4\x08\xdc\x1b\x00\xd3\x03\x0f\x00\x0e\tPTS-GAP-E44E\x00',)
2026-09-16 20:49:50,207 BTPWorkerThread-2293 (_rx_task) root DEBUG gap.py                    191   gap_device_found_ev_      : b'\xe0N\xe4\x08\xdc\x1b\x00\xd3\x03\x0f\x00\x0e\tPTS-GAP-E44E\x00'
2026-09-16 20:49:50,207 BTPWorkerThread-2293 (_rx_task) root DEBUG gap.py                    205   gap_device_found_ev_      : found '001bdc08e44e' type 224 eir b'\x0e\tPTS-GAP-E44E\x00'
2026-09-16 20:49:50,583 BTPWorkerThread-2293 (_rx_task) root DEBUG iutctl_common.py          123   read                      : Read 5 bytes
2026-09-16 20:49:50,584 BTPWorkerThread-2293 (_rx_task) root DEBUG iutctl_common.py          131   read                      : Received: hdr: Header(svc_id=0x01, op=0x81, ctrl_index=0x00, data_len=0x1a) bytearray(b'\x01\x81\x00\x1a\x00')
2026-09-16 20:49:50,584 BTPWorkerThread-2293 (_rx_task) root DEBUG iutctl_common.py          139   read                      : Read 26 bytes data
2026-09-16 20:49:50,584 BTPWorkerThread-2293 (_rx_task) root DEBUG iutctl_common.py          154   read                      : Received data: {'e0 4e e4 08 dc 1b 00 d2 03 0f 00 0e 09 50 54 53 2d 47 41 50 2d 45 34 34 45 00'}, bytearray(b'\xe0N\xe4\x08\xdc\x1b\x00\xd2\x03\x0f\x00\x0e\tPTS-GAP-E44E\x00')
2026-09-16 20:49:50,584 BTPWorkerThread-2293 (_rx_task) root DEBUG btp.py                    700   event_handler             : Header(svc_id=1, op=129, ctrl_index=0, data_len=26) (b'\xe0N\xe4\x08\xdc\x1b\x00\xd2\x03\x0f\x00\x0e\tPTS-GAP-E44E\x00',)
2026-09-16 20:49:50,584 BTPWorkerThread-2293 (_rx_task) root DEBUG gap.py                    191   gap_device_found_ev_      : b'\xe0N\xe4\x08\xdc\x1b\x00\xd2\x03\x0f\x00\x0e\tPTS-GAP-E44E\x00'
2026-09-16 20:49:50,584 BTPWorkerThread-2293 (_rx_task) root DEBUG gap.py                    205   gap_device_found_ev_      : found '001bdc08e44e' type 224 eir b'\x0e\tPTS-GAP-E44E\x00'
2026-09-16 20:49:51,130 BTPWorkerThread-2293 (_rx_task) root DEBUG iutctl_common.py          123   read                      : Read 5 bytes
2026-09-16 20:49:51,130 BTPWorkerThread-2293 (_rx_task) root DEBUG iutctl_common.py          131   read                      : Received: hdr: Header(svc_id=0x01, op=0x81, ctrl_index=0x00, data_len=0x1a) bytearray(b'\x01\x81\x00\x1a\x00')
2026-09-16 20:49:51,130 BTPWorkerThread-2293 (_rx_task) root DEBUG iutctl_common.py          139   read                      : Read 26 bytes data
2026-09-16 20:49:51,131 BTPWorkerThread-2293 (_rx_task) root DEBUG iutctl_common.py          154   read                      : Received data: {'e0 4e e4 08 dc 1b 00 d1 03 0f 00 0e 09 50 54 53 2d 47 41 50 2d 45 34 34 45 00'}, bytearray(b'\xe0N\xe4\x08\xdc\x1b\x00\xd1\x03\x0f\x00\x0e\tPTS-GAP-E44E\x00')
2026-09-16 20:49:51,131 BTPWorkerThread-2293 (_rx_task) root DEBUG btp.py                    700   event_handler             : Header(svc_id=1, op=129, ctrl_index=0, data_len=26) (b'\xe0N\xe4\x08\xdc\x1b\x00\xd1\x03\x0f\x00\x0e\tPTS-GAP-E44E\x00',)
2026-09-16 20:49:51,131 BTPWorkerThread-2293 (_rx_task) root DEBUG gap.py                    191   gap_device_found_ev_      : b'\xe0N\xe4\x08\xdc\x1b\x00\xd1\x03\x0f\x00\x0e\tPTS-GAP-E44E\x00'
2026-09-16 20:49:51,131 BTPWorkerThread-2293 (_rx_task) root DEBUG gap.py                    205   gap_device_found_ev_      : found '001bdc08e44e' type 224 eir b'\x0e\tPTS-GAP-E44E\x00'
2026-09-16 20:49:51,293 BTPWorkerThread-2293 (_rx_task) root DEBUG iutctl_common.py          123   read                      : Read 5 bytes
2026-09-16 20:49:51,293 BTPWorkerThread-2293 (_rx_task) root DEBUG iutctl_common.py          131   read                      : Received: hdr: Header(svc_id=0x01, op=0x81, ctrl_index=0x00, data_len=0x1a) bytearray(b'\x01\x81\x00\x1a\x00')
2026-09-16 20:49:51,294 BTPWorkerThread-2293 (_rx_task) root DEBUG iutctl_common.py          139   read                      : Read 24 bytes data
2026-09-16 20:49:51,304 BTPWorkerThread-2293 (_rx_task) root DEBUG iutctl_common.py          139   read                      : Read 2 bytes data
2026-09-16 20:49:51,304 BTPWorkerThread-2293 (_rx_task) root DEBUG iutctl_common.py          154   read                      : Received data: {'e0 4e e4 08 dc 1b 00 d3 03 0f 00 0e 09 50 54 53 2d 47 41 50 2d 45 34 34 45 00'}, bytearray(b'\xe0N\xe4\x08\xdc\x1b\x00\xd3\x03\x0f\x00\x0e\tPTS-GAP-E44E\x00')
2026-09-16 20:49:51,305 BTPWorkerThread-2293 (_rx_task) root DEBUG btp.py                    700   event_handler             : Header(svc_id=1, op=129, ctrl_index=0, data_len=26) (b'\xe0N\xe4\x08\xdc\x1b\x00\xd3\x03\x0f\x00\x0e\tPTS-GAP-E44E\x00',)
2026-09-16 20:49:51,305 BTPWorkerThread-2293 (_rx_task) root DEBUG gap.py                    191   gap_device_found_ev_      : b'\xe0N\xe4\x08\xdc\x1b\x00\xd3\x03\x0f\x00\x0e\tPTS-GAP-E44E\x00'
2026-09-16 20:49:51,305 BTPWorkerThread-2293 (_rx_task) root DEBUG gap.py                    205   gap_device_found_ev_      : found '001bdc08e44e' type 224 eir b'\x0e\tPTS-GAP-E44E\x00'
2026-09-16 20:49:51,605 BTPWorkerThread-2293 (_rx_task) root DEBUG iutctl_common.py          123   read                      : Read 5 bytes
2026-09-16 20:49:51,606 BTPWorkerThread-2293 (_rx_task) root DEBUG iutctl_common.py          131   read                      : Received: hdr: Header(svc_id=0x01, op=0x81, ctrl_index=0x00, data_len=0x1a) bytearray(b'\x01\x81\x00\x1a\x00')
2026-09-16 20:49:51,606 BTPWorkerThread-2293 (_rx_task) root DEBUG iutctl_common.py          139   read                      : Read 26 bytes data
2026-09-16 20:49:51,606 BTPWorkerThread-2293 (_rx_task) root DEBUG iutctl_common.py          154   read                      : Received data: {'e0 4e e4 08 dc 1b 00 d4 03 0f 00 0e 09 50 54 53 2d 47 41 50 2d 45 34 34 45 00'}, bytearray(b'\xe0N\xe4\x08\xdc\x1b\x00\xd4\x03\x0f\x00\x0e\tPTS-GAP-E44E\x00')
2026-09-16 20:49:51,606 BTPWorkerThread-2293 (_rx_task) root DEBUG btp.py                    700   event_handler             : Header(svc_id=1, op=129, ctrl_index=0, data_len=26) (b'\xe0N\xe4\x08\xdc\x1b\x00\xd4\x03\x0f\x00\x0e\tPTS-GAP-E44E\x00',)
2026-09-16 20:49:51,606 BTPWorkerThread-2293 (_rx_task) root DEBUG gap.py                    191   gap_device_found_ev_      : b'\xe0N\xe4\x08\xdc\x1b\x00\xd4\x03\x0f\x00\x0e\tPTS-GAP-E44E\x00'
2026-09-16 20:49:51,606 BTPWorkerThread-2293 (_rx_task) root DEBUG gap.py                    205   gap_device_found_ev_      : found '001bdc08e44e' type 224 eir b'\x0e\tPTS-GAP-E44E\x00'
2026-09-16 20:49:51,791 BTPWorkerThread-2293 (_rx_task) root DEBUG iutctl_common.py          123   read                      : Read 5 bytes
2026-09-16 20:49:51,791 BTPWorkerThread-2293 (_rx_task) root DEBUG iutctl_common.py          131   read                      : Received: hdr: Header(svc_id=0x01, op=0x81, ctrl_index=0x00, data_len=0x2a) bytearray(b'\x01\x81\x00*\x00')
2026-09-16 20:49:51,791 BTPWorkerThread-2293 (_rx_task) root DEBUG iutctl_common.py          139   read                      : Read 42 bytes data
2026-09-16 20:49:51,792 BTPWorkerThread-2293 (_rx_task) root DEBUG iutctl_common.py          154   read                      : Received data: {'e0 cd 83 06 dc 1b 00 b3 03 1f 00 1e 09 41 32 44 50 20 53 6f 75 72 63 65 20 30 30 3a 31 42 3a 44 43 3a 30 36 3a 38 33 3a 43 44'}, bytearray(b'\xe0\xcd\x83\x06\xdc\x1b\x00\xb3\x03\x1f\x00\x1e\tA2DP Source 00:1B:DC:06:83:CD')
2026-09-16 20:49:51,792 BTPWorkerThread-2293 (_rx_task) root DEBUG btp.py                    700   event_handler             : Header(svc_id=1, op=129, ctrl_index=0, data_len=42) (b'\xe0\xcd\x83\x06\xdc\x1b\x00\xb3\x03\x1f\x00\x1e\tA2DP Source 00:1B:DC:06:83:CD',)
2026-09-16 20:49:51,792 BTPWorkerThread-2293 (_rx_task) root DEBUG gap.py                    191   gap_device_found_ev_      : b'\xe0\xcd\x83\x06\xdc\x1b\x00\xb3\x03\x1f\x00\x1e\tA2DP Source 00:1B:DC:06:83:CD'
2026-09-16 20:49:51,792 BTPWorkerThread-2293 (_rx_task) root DEBUG gap.py                    205   gap_device_found_ev_      : found '001bdc0683cd' type 224 eir b'\x1e\tA2DP Source 00:1B:DC:06:83:CD'
2026-09-16 20:49:51,802 BTPWorkerThread-2293 (_rx_task) root DEBUG iutctl_common.py          123   read                      : Read 5 bytes
2026-09-16 20:49:51,803 BTPWorkerThread-2293 (_rx_task) root DEBUG iutctl_common.py          131   read                      : Received: hdr: Header(svc_id=0x01, op=0x81, ctrl_index=0x00, data_len=0x26) bytearray(b'\x01\x81\x00&\x00')
2026-09-16 20:49:51,803 BTPWorkerThread-2293 (_rx_task) root DEBUG iutctl_common.py          139   read                      : Read 22 bytes data
2026-09-16 20:49:51,814 BTPWorkerThread-2293 (_rx_task) root DEBUG iutctl_common.py          139   read                      : Read 16 bytes data
2026-09-16 20:49:51,815 BTPWorkerThread-2293 (_rx_task) root DEBUG iutctl_common.py          154   read                      : Received data: {'e0 53 00 4c 17 e5 44 ae 03 1b 00 09 09 4e 58 4c 36 36 35 32 38 02 0a 0c 0d 03 0c 11 0a 11 0b 11 0e 11 1f 11 1e 11'}, bytearray(b'\xe0S\x00L\x17\xe5D\xae\x03\x1b\x00\t\tNXL66528\x02\n\x0c\r\x03\x0c\x11\n\x11\x0b\x11\x0e\x11\x1f\x11\x1e\x11')
2026-09-16 20:49:51,815 BTPWorkerThread-2293 (_rx_task) root DEBUG btp.py                    700   event_handler             : Header(svc_id=1, op=129, ctrl_index=0, data_len=38) (b'\xe0S\x00L\x17\xe5D\xae\x03\x1b\x00\t\tNXL66528\x02\n\x0c\r\x03\x0c\x11\n\x11\x0b\x11\x0e\x11\x1f\x11\x1e\x11',)
2026-09-16 20:49:51,815 BTPWorkerThread-2293 (_rx_task) root DEBUG gap.py                    191   gap_device_found_ev_      : b'\xe0S\x00L\x17\xe5D\xae\x03\x1b\x00\t\tNXL66528\x02\n\x0c\r\x03\x0c\x11\n\x11\x0b\x11\x0e\x11\x1f\x11\x1e\x11'
2026-09-16 20:49:51,815 BTPWorkerThread-2293 (_rx_task) root DEBUG gap.py                    205   gap_device_found_ev_      : found '44e5174c0053' type 224 eir b'\t\tNXL66528\x02\n\x0c\r\x03\x0c\x11\n\x11\x0b\x11\x0e\x11\x1f\x11\x1e\x11'
2026-09-16 20:49:51,990 BTPWorkerThread-2293 (_rx_task) root DEBUG iutctl_common.py          123   read                      : Read 5 bytes
2026-09-16 20:49:51,991 BTPWorkerThread-2293 (_rx_task) root DEBUG iutctl_common.py          131   read                      : Received: hdr: Header(svc_id=0x01, op=0x81, ctrl_index=0x00, data_len=0x0b) bytearray(b'\x01\x81\x00\x0b\x00')
2026-09-16 20:49:51,991 BTPWorkerThread-2293 (_rx_task) root DEBUG iutctl_common.py          139   read                      : Read 11 bytes data
2026-09-16 20:49:51,991 BTPWorkerThread-2293 (_rx_task) root DEBUG iutctl_common.py          154   read                      : Received data: {'e0 cd 83 06 dc 1b 00 ad 03 00 00'}, bytearray(b'\xe0\xcd\x83\x06\xdc\x1b\x00\xad\x03\x00\x00')
2026-09-16 20:49:51,991 BTPWorkerThread-2293 (_rx_task) root DEBUG btp.py                    700   event_handler             : Header(svc_id=1, op=129, ctrl_index=0, data_len=11) (b'\xe0\xcd\x83\x06\xdc\x1b\x00\xad\x03\x00\x00',)
2026-09-16 20:49:51,991 BTPWorkerThread-2293 (_rx_task) root DEBUG gap.py                    191   gap_device_found_ev_      : b'\xe0\xcd\x83\x06\xdc\x1b\x00\xad\x03\x00\x00'
2026-09-16 20:49:51,991 BTPWorkerThread-2293 (_rx_task) root DEBUG gap.py                    205   gap_device_found_ev_      : found '001bdc0683cd' type 224 eir b''
2026-09-16 20:49:52,185 BTPWorkerThread-2293 (_rx_task) root DEBUG iutctl_common.py          123   read                      : Read 5 bytes
2026-09-16 20:49:52,185 BTPWorkerThread-2293 (_rx_task) root DEBUG iutctl_common.py          131   read                      : Received: hdr: Header(svc_id=0x01, op=0x81, ctrl_index=0x00, data_len=0x26) bytearray(b'\x01\x81\x00&\x00')
2026-09-16 20:49:52,185 BTPWorkerThread-2293 (_rx_task) root DEBUG iutctl_common.py          139   read                      : Read 32 bytes data
2026-09-16 20:49:52,196 BTPWorkerThread-2293 (_rx_task) root DEBUG iutctl_common.py          139   read                      : Read 6 bytes data
2026-09-16 20:49:52,196 BTPWorkerThread-2293 (_rx_task) root DEBUG iutctl_common.py          154   read                      : Received data: {'e0 53 00 4c 17 e5 44 b1 03 1b 00 09 09 4e 58 4c 36 36 35 32 38 02 0a 0c 0d 03 0c 11 0a 11 0b 11 0e 11 1f 11 1e 11'}, bytearray(b'\xe0S\x00L\x17\xe5D\xb1\x03\x1b\x00\t\tNXL66528\x02\n\x0c\r\x03\x0c\x11\n\x11\x0b\x11\x0e\x11\x1f\x11\x1e\x11')
2026-09-16 20:49:52,196 BTPWorkerThread-2293 (_rx_task) root DEBUG btp.py                    700   event_handler             : Header(svc_id=1, op=129, ctrl_index=0, data_len=38) (b'\xe0S\x00L\x17\xe5D\xb1\x03\x1b\x00\t\tNXL66528\x02\n\x0c\r\x03\x0c\x11\n\x11\x0b\x11\x0e\x11\x1f\x11\x1e\x11',)
2026-09-16 20:49:52,197 BTPWorkerThread-2293 (_rx_task) root DEBUG gap.py                    191   gap_device_found_ev_      : b'\xe0S\x00L\x17\xe5D\xb1\x03\x1b\x00\t\tNXL66528\x02\n\x0c\r\x03\x0c\x11\n\x11\x0b\x11\x0e\x11\x1f\x11\x1e\x11'
2026-09-16 20:49:52,197 BTPWorkerThread-2293 (_rx_task) root DEBUG gap.py                    205   gap_device_found_ev_      : found '44e5174c0053' type 224 eir b'\t\tNXL66528\x02\n\x0c\r\x03\x0c\x11\n\x11\x0b\x11\x0e\x11\x1f\x11\x1e\x11'
2026-09-16 20:49:52,250 BTPWorkerThread-2293 (_rx_task) root DEBUG iutctl_common.py          123   read                      : Read 5 bytes
2026-09-16 20:49:52,251 BTPWorkerThread-2293 (_rx_task) root DEBUG iutctl_common.py          131   read                      : Received: hdr: Header(svc_id=0x01, op=0x81, ctrl_index=0x00, data_len=0x1a) bytearray(b'\x01\x81\x00\x1a\x00')
2026-09-16 20:49:52,251 BTPWorkerThread-2293 (_rx_task) root DEBUG iutctl_common.py          139   read                      : Read 26 bytes data
2026-09-16 20:49:52,251 BTPWorkerThread-2293 (_rx_task) root DEBUG iutctl_common.py          154   read                      : Received data: {'e0 4e e4 08 dc 1b 00 d4 03 0f 00 0e 09 50 54 53 2d 47 41 50 2d 45 34 34 45 00'}, bytearray(b'\xe0N\xe4\x08\xdc\x1b\x00\xd4\x03\x0f\x00\x0e\tPTS-GAP-E44E\x00')
2026-09-16 20:49:52,251 BTPWorkerThread-2293 (_rx_task) root DEBUG btp.py                    700   event_handler             : Header(svc_id=1, op=129, ctrl_index=0, data_len=26) (b'\xe0N\xe4\x08\xdc\x1b\x00\xd4\x03\x0f\x00\x0e\tPTS-GAP-E44E\x00',)
2026-09-16 20:49:52,251 BTPWorkerThread-2293 (_rx_task) root DEBUG gap.py                    191   gap_device_found_ev_      : b'\xe0N\xe4\x08\xdc\x1b\x00\xd4\x03\x0f\x00\x0e\tPTS-GAP-E44E\x00'
2026-09-16 20:49:52,251 BTPWorkerThread-2293 (_rx_task) root DEBUG gap.py                    205   gap_device_found_ev_      : found '001bdc08e44e' type 224 eir b'\x0e\tPTS-GAP-E44E\x00'
2026-09-16 20:49:52,642 BTPWorkerThread-2293 (_rx_task) root DEBUG iutctl_common.py          123   read                      : Read 5 bytes
2026-09-16 20:49:52,643 BTPWorkerThread-2293 (_rx_task) root DEBUG iutctl_common.py          131   read                      : Received: hdr: Header(svc_id=0x01, op=0x81, ctrl_index=0x00, data_len=0x2a) bytearray(b'\x01\x81\x00*\x00')
2026-09-16 20:49:52,643 BTPWorkerThread-2293 (_rx_task) root DEBUG iutctl_common.py          139   read                      : Read 42 bytes data
2026-09-16 20:49:52,643 BTPWorkerThread-2293 (_rx_task) root DEBUG iutctl_common.py          154   read                      : Received data: {'e0 cd 83 06 dc 1b 00 ac 03 1f 00 1e 09 41 32 44 50 20 53 6f 75 72 63 65 20 30 30 3a 31 42 3a 44 43 3a 30 36 3a 38 33 3a 43 44'}, bytearray(b'\xe0\xcd\x83\x06\xdc\x1b\x00\xac\x03\x1f\x00\x1e\tA2DP Source 00:1B:DC:06:83:CD')
2026-09-16 20:49:52,643 BTPWorkerThread-2293 (_rx_task) root DEBUG btp.py                    700   event_handler             : Header(svc_id=1, op=129, ctrl_index=0, data_len=42) (b'\xe0\xcd\x83\x06\xdc\x1b\x00\xac\x03\x1f\x00\x1e\tA2DP Source 00:1B:DC:06:83:CD',)
2026-09-16 20:49:52,643 BTPWorkerThread-2293 (_rx_task) root DEBUG gap.py                    191   gap_device_found_ev_      : b'\xe0\xcd\x83\x06\xdc\x1b\x00\xac\x03\x1f\x00\x1e\tA2DP Source 00:1B:DC:06:83:CD'
2026-09-16 20:49:52,643 BTPWorkerThread-2293 (_rx_task) root DEBUG gap.py                    205   gap_device_found_ev_      : found '001bdc0683cd' type 224 eir b'\x1e\tA2DP Source 00:1B:DC:06:83:CD'
2026-09-16 20:49:52,805 BTPWorkerThread-2293 (_rx_task) root DEBUG iutctl_common.py          123   read                      : Read 5 bytes
2026-09-16 20:49:52,805 BTPWorkerThread-2293 (_rx_task) root DEBUG iutctl_common.py          131   read                      : Received: hdr: Header(svc_id=0x01, op=0x81, ctrl_index=0x00, data_len=0x26) bytearray(b'\x01\x81\x00&\x00')
2026-09-16 20:49:52,806 BTPWorkerThread-2293 (_rx_task) root DEBUG iutctl_common.py          139   read                      : Read 19 bytes data
2026-09-16 20:49:52,816 BTPWorkerThread-2293 (_rx_task) root DEBUG iutctl_common.py          139   read                      : Read 19 bytes data
2026-09-16 20:49:52,817 BTPWorkerThread-2293 (_rx_task) root DEBUG iutctl_common.py          154   read                      : Received data: {'e0 53 00 4c 17 e5 44 b3 03 1b 00 09 09 4e 58 4c 36 36 35 32 38 02 0a 0c 0d 03 0c 11 0a 11 0b 11 0e 11 1f 11 1e 11'}, bytearray(b'\xe0S\x00L\x17\xe5D\xb3\x03\x1b\x00\t\tNXL66528\x02\n\x0c\r\x03\x0c\x11\n\x11\x0b\x11\x0e\x11\x1f\x11\x1e\x11')
2026-09-16 20:49:52,817 BTPWorkerThread-2293 (_rx_task) root DEBUG btp.py                    700   event_handler             : Header(svc_id=1, op=129, ctrl_index=0, data_len=38) (b'\xe0S\x00L\x17\xe5D\xb3\x03\x1b\x00\t\tNXL66528\x02\n\x0c\r\x03\x0c\x11\n\x11\x0b\x11\x0e\x11\x1f\x11\x1e\x11',)
2026-09-16 20:49:52,817 BTPWorkerThread-2293 (_rx_task) root DEBUG gap.py                    191   gap_device_found_ev_      : b'\xe0S\x00L\x17\xe5D\xb3\x03\x1b\x00\t\tNXL66528\x02\n\x0c\r\x03\x0c\x11\n\x11\x0b\x11\x0e\x11\x1f\x11\x1e\x11'
2026-09-16 20:49:52,817 BTPWorkerThread-2293 (_rx_task) root DEBUG gap.py                    205   gap_device_found_ev_      : found '44e5174c0053' type 224 eir b'\t\tNXL66528\x02\n\x0c\r\x03\x0c\x11\n\x11\x0b\x11\x0e\x11\x1f\x11\x1e\x11'
2026-09-16 20:49:53,164 BTPWorkerThread-2293 (_rx_task) root DEBUG iutctl_common.py          123   read                      : Read 5 bytes
2026-09-16 20:49:53,164 BTPWorkerThread-2293 (_rx_task) root DEBUG iutctl_common.py          131   read                      : Received: hdr: Header(svc_id=0x01, op=0x81, ctrl_index=0x00, data_len=0x26) bytearray(b'\x01\x81\x00&\x00')
2026-09-16 20:49:53,164 BTPWorkerThread-2293 (_rx_task) root DEBUG iutctl_common.py          139   read                      : Read 38 bytes data
2026-09-16 20:49:53,165 BTPWorkerThread-2293 (_rx_task) root DEBUG iutctl_common.py          154   read                      : Received data: {'e0 53 00 4c 17 e5 44 b4 03 1b 00 09 09 4e 58 4c 36 36 35 32 38 02 0a 0c 0d 03 0c 11 0a 11 0b 11 0e 11 1f 11 1e 11'}, bytearray(b'\xe0S\x00L\x17\xe5D\xb4\x03\x1b\x00\t\tNXL66528\x02\n\x0c\r\x03\x0c\x11\n\x11\x0b\x11\x0e\x11\x1f\x11\x1e\x11')
2026-09-16 20:49:53,165 BTPWorkerThread-2293 (_rx_task) root DEBUG btp.py                    700   event_handler             : Header(svc_id=1, op=129, ctrl_index=0, data_len=38) (b'\xe0S\x00L\x17\xe5D\xb4\x03\x1b\x00\t\tNXL66528\x02\n\x0c\r\x03\x0c\x11\n\x11\x0b\x11\x0e\x11\x1f\x11\x1e\x11',)
2026-09-16 20:49:53,165 BTPWorkerThread-2293 (_rx_task) root DEBUG gap.py                    191   gap_device_found_ev_      : b'\xe0S\x00L\x17\xe5D\xb4\x03\x1b\x00\t\tNXL66528\x02\n\x0c\r\x03\x0c\x11\n\x11\x0b\x11\x0e\x11\x1f\x11\x1e\x11'
2026-09-16 20:49:53,165 BTPWorkerThread-2293 (_rx_task) root DEBUG gap.py                    205   gap_device_found_ev_      : found '44e5174c0053' type 224 eir b'\t\tNXL66528\x02\n\x0c\r\x03\x0c\x11\n\x11\x0b\x11\x0e\x11\x1f\x11\x1e\x11'
2026-09-16 20:49:54,127 BTPWorkerThread-2293 (_rx_task) root DEBUG iutctl_common.py          123   read                      : Read 5 bytes
2026-09-16 20:49:54,127 BTPWorkerThread-2293 (_rx_task) root DEBUG iutctl_common.py          131   read                      : Received: hdr: Header(svc_id=0x01, op=0x81, ctrl_index=0x00, data_len=0x2a) bytearray(b'\x01\x81\x00*\x00')
2026-09-16 20:49:54,127 BTPWorkerThread-2293 (_rx_task) root DEBUG iutctl_common.py          139   read                      : Read 42 bytes data
2026-09-16 20:49:54,127 BTPWorkerThread-2293 (_rx_task) root DEBUG iutctl_common.py          154   read                      : Received data: {'e0 4d 65 9b 70 f3 5c a6 03 1f 00 1e 09 48 46 50 20 41 47 20 44 65 6d 6f 20 35 43 3a 46 33 3a 37 30 3a 39 42 3a 36 35 3a 34 44'}, bytearray(b'\xe0Me\x9bp\xf3\\\xa6\x03\x1f\x00\x1e\tHFP AG Demo 5C:F3:70:9B:65:4D')
2026-09-16 20:49:54,127 BTPWorkerThread-2293 (_rx_task) root DEBUG btp.py                    700   event_handler             : Header(svc_id=1, op=129, ctrl_index=0, data_len=42) (b'\xe0Me\x9bp\xf3\\\xa6\x03\x1f\x00\x1e\tHFP AG Demo 5C:F3:70:9B:65:4D',)
2026-09-16 20:49:54,127 BTPWorkerThread-2293 (_rx_task) root DEBUG gap.py                    191   gap_device_found_ev_      : b'\xe0Me\x9bp\xf3\\\xa6\x03\x1f\x00\x1e\tHFP AG Demo 5C:F3:70:9B:65:4D'
2026-09-16 20:49:54,127 BTPWorkerThread-2293 (_rx_task) root DEBUG gap.py                    205   gap_device_found_ev_      : found '5cf3709b654d' type 224 eir b'\x1e\tHFP AG Demo 5C:F3:70:9B:65:4D'
2026-09-16 20:49:54,215 BTPWorkerThread-2293 (_rx_task) root DEBUG iutctl_common.py          123   read                      : Read 5 bytes
2026-09-16 20:49:54,215 BTPWorkerThread-2293 (_rx_task) root DEBUG iutctl_common.py          131   read                      : Received: hdr: Header(svc_id=0x01, op=0x81, ctrl_index=0x00, data_len=0x0b) bytearray(b'\x01\x81\x00\x0b\x00')
2026-09-16 20:49:54,215 BTPWorkerThread-2293 (_rx_task) root DEBUG iutctl_common.py          139   read                      : Read 11 bytes data
2026-09-16 20:49:54,215 BTPWorkerThread-2293 (_rx_task) root DEBUG iutctl_common.py          154   read                      : Received data: {'e0 4d 65 9b 70 f3 5c a3 03 00 00'}, bytearray(b'\xe0Me\x9bp\xf3\\\xa3\x03\x00\x00')
2026-09-16 20:49:54,215 BTPWorkerThread-2293 (_rx_task) root DEBUG btp.py                    700   event_handler             : Header(svc_id=1, op=129, ctrl_index=0, data_len=11) (b'\xe0Me\x9bp\xf3\\\xa3\x03\x00\x00',)
2026-09-16 20:49:54,215 BTPWorkerThread-2293 (_rx_task) root DEBUG gap.py                    191   gap_device_found_ev_      : b'\xe0Me\x9bp\xf3\\\xa3\x03\x00\x00'
2026-09-16 20:49:54,215 BTPWorkerThread-2293 (_rx_task) root DEBUG gap.py                    205   gap_device_found_ev_      : found '5cf3709b654d' type 224 eir b''
2026-09-16 20:49:54,902 BTPWorkerThread-2293 (_rx_task) root DEBUG iutctl_common.py          123   read                      : Read 5 bytes
2026-09-16 20:49:54,903 BTPWorkerThread-2293 (_rx_task) root DEBUG iutctl_common.py          131   read                      : Received: hdr: Header(svc_id=0x01, op=0x81, ctrl_index=0x00, data_len=0x26) bytearray(b'\x01\x81\x00&\x00')
2026-09-16 20:49:54,903 BTPWorkerThread-2293 (_rx_task) root DEBUG iutctl_common.py          139   read                      : Read 38 bytes data
2026-09-16 20:49:54,903 BTPWorkerThread-2293 (_rx_task) root DEBUG iutctl_common.py          154   read                      : Received data: {'e0 53 00 4c 17 e5 44 b0 03 1b 00 09 09 4e 58 4c 36 36 35 32 38 02 0a 0c 0d 03 0c 11 0a 11 0b 11 0e 11 1f 11 1e 11'}, bytearray(b'\xe0S\x00L\x17\xe5D\xb0\x03\x1b\x00\t\tNXL66528\x02\n\x0c\r\x03\x0c\x11\n\x11\x0b\x11\x0e\x11\x1f\x11\x1e\x11')
2026-09-16 20:49:54,903 BTPWorkerThread-2293 (_rx_task) root DEBUG btp.py                    700   event_handler             : Header(svc_id=1, op=129, ctrl_index=0, data_len=38) (b'\xe0S\x00L\x17\xe5D\xb0\x03\x1b\x00\t\tNXL66528\x02\n\x0c\r\x03\x0c\x11\n\x11\x0b\x11\x0e\x11\x1f\x11\x1e\x11',)
2026-09-16 20:49:54,903 BTPWorkerThread-2293 (_rx_task) root DEBUG gap.py                    191   gap_device_found_ev_      : b'\xe0S\x00L\x17\xe5D\xb0\x03\x1b\x00\t\tNXL66528\x02\n\x0c\r\x03\x0c\x11\n\x11\x0b\x11\x0e\x11\x1f\x11\x1e\x11'
2026-09-16 20:49:54,903 BTPWorkerThread-2293 (_rx_task) root DEBUG gap.py                    205   gap_device_found_ev_      : found '44e5174c0053' type 224 eir b'\t\tNXL66528\x02\n\x0c\r\x03\x0c\x11\n\x11\x0b\x11\x0e\x11\x1f\x11\x1e\x11'
2026-09-16 20:49:55,196 BTPWorkerThread-2293 (_rx_task) root DEBUG iutctl_common.py          123   read                      : Read 5 bytes
2026-09-16 20:49:55,197 BTPWorkerThread-2293 (_rx_task) root DEBUG iutctl_common.py          131   read                      : Received: hdr: Header(svc_id=0x01, op=0x81, ctrl_index=0x00, data_len=0x26) bytearray(b'\x01\x81\x00&\x00')
2026-09-16 20:49:55,197 BTPWorkerThread-2293 (_rx_task) root DEBUG iutctl_common.py          139   read                      : Read 38 bytes data
2026-09-16 20:49:55,197 BTPWorkerThread-2293 (_rx_task) root DEBUG iutctl_common.py          154   read                      : Received data: {'e0 53 00 4c 17 e5 44 af 03 1b 00 09 09 4e 58 4c 36 36 35 32 38 02 0a 0c 0d 03 0c 11 0a 11 0b 11 0e 11 1f 11 1e 11'}, bytearray(b'\xe0S\x00L\x17\xe5D\xaf\x03\x1b\x00\t\tNXL66528\x02\n\x0c\r\x03\x0c\x11\n\x11\x0b\x11\x0e\x11\x1f\x11\x1e\x11')
2026-09-16 20:49:55,197 BTPWorkerThread-2293 (_rx_task) root DEBUG btp.py                    700   event_handler             : Header(svc_id=1, op=129, ctrl_index=0, data_len=38) (b'\xe0S\x00L\x17\xe5D\xaf\x03\x1b\x00\t\tNXL66528\x02\n\x0c\r\x03\x0c\x11\n\x11\x0b\x11\x0e\x11\x1f\x11\x1e\x11',)
2026-09-16 20:49:55,197 BTPWorkerThread-2293 (_rx_task) root DEBUG gap.py                    191   gap_device_found_ev_      : b'\xe0S\x00L\x17\xe5D\xaf\x03\x1b\x00\t\tNXL66528\x02\n\x0c\r\x03\x0c\x11\n\x11\x0b\x11\x0e\x11\x1f\x11\x1e\x11'
2026-09-16 20:49:55,197 BTPWorkerThread-2293 (_rx_task) root DEBUG gap.py                    205   gap_device_found_ev_      : found '44e5174c0053' type 224 eir b'\t\tNXL66528\x02\n\x0c\r\x03\x0c\x11\n\x11\x0b\x11\x0e\x11\x1f\x11\x1e\x11'
2026-09-16 20:49:55,294 BTPWorkerThread-2293 (_rx_task) root DEBUG iutctl_common.py          123   read                      : Read 5 bytes
2026-09-16 20:49:55,295 BTPWorkerThread-2293 (_rx_task) root DEBUG iutctl_common.py          131   read                      : Received: hdr: Header(svc_id=0x01, op=0x81, ctrl_index=0x00, data_len=0x1a) bytearray(b'\x01\x81\x00\x1a\x00')
2026-09-16 20:49:55,295 BTPWorkerThread-2293 (_rx_task) root DEBUG iutctl_common.py          139   read                      : Read 13 bytes data
2026-09-16 20:49:55,306 BTPWorkerThread-2293 (_rx_task) root DEBUG iutctl_common.py          139   read                      : Read 13 bytes data
2026-09-16 20:49:55,307 BTPWorkerThread-2293 (_rx_task) root DEBUG iutctl_common.py          154   read                      : Received data: {'e0 4e e4 08 dc 1b 00 d3 03 0f 00 0e 09 50 54 53 2d 47 41 50 2d 45 34 34 45 00'}, bytearray(b'\xe0N\xe4\x08\xdc\x1b\x00\xd3\x03\x0f\x00\x0e\tPTS-GAP-E44E\x00')
2026-09-16 20:49:55,307 BTPWorkerThread-2293 (_rx_task) root DEBUG btp.py                    700   event_handler             : Header(svc_id=1, op=129, ctrl_index=0, data_len=26) (b'\xe0N\xe4\x08\xdc\x1b\x00\xd3\x03\x0f\x00\x0e\tPTS-GAP-E44E\x00',)
2026-09-16 20:49:55,307 BTPWorkerThread-2293 (_rx_task) root DEBUG gap.py                    191   gap_device_found_ev_      : b'\xe0N\xe4\x08\xdc\x1b\x00\xd3\x03\x0f\x00\x0e\tPTS-GAP-E44E\x00'
2026-09-16 20:49:55,307 BTPWorkerThread-2293 (_rx_task) root DEBUG gap.py                    205   gap_device_found_ev_      : found '001bdc08e44e' type 224 eir b'\x0e\tPTS-GAP-E44E\x00'
2026-09-16 20:49:55,437 BTPWorkerThread-2293 (_rx_task) root DEBUG iutctl_common.py          123   read                      : Read 5 bytes
2026-09-16 20:49:55,438 BTPWorkerThread-2293 (_rx_task) root DEBUG iutctl_common.py          131   read                      : Received: hdr: Header(svc_id=0x01, op=0x81, ctrl_index=0x00, data_len=0x26) bytearray(b'\x01\x81\x00&\x00')
2026-09-16 20:49:55,438 BTPWorkerThread-2293 (_rx_task) root DEBUG iutctl_common.py          139   read                      : Read 38 bytes data
2026-09-16 20:49:55,438 BTPWorkerThread-2293 (_rx_task) root DEBUG iutctl_common.py          154   read                      : Received data: {'e0 53 00 4c 17 e5 44 b1 03 1b 00 09 09 4e 58 4c 36 36 35 32 38 02 0a 0c 0d 03 0c 11 0a 11 0b 11 0e 11 1f 11 1e 11'}, bytearray(b'\xe0S\x00L\x17\xe5D\xb1\x03\x1b\x00\t\tNXL66528\x02\n\x0c\r\x03\x0c\x11\n\x11\x0b\x11\x0e\x11\x1f\x11\x1e\x11')
2026-09-16 20:49:55,438 BTPWorkerThread-2293 (_rx_task) root DEBUG btp.py                    700   event_handler             : Header(svc_id=1, op=129, ctrl_index=0, data_len=38) (b'\xe0S\x00L\x17\xe5D\xb1\x03\x1b\x00\t\tNXL66528\x02\n\x0c\r\x03\x0c\x11\n\x11\x0b\x11\x0e\x11\x1f\x11\x1e\x11',)
2026-09-16 20:49:55,438 BTPWorkerThread-2293 (_rx_task) root DEBUG gap.py                    191   gap_device_found_ev_      : b'\xe0S\x00L\x17\xe5D\xb1\x03\x1b\x00\t\tNXL66528\x02\n\x0c\r\x03\x0c\x11\n\x11\x0b\x11\x0e\x11\x1f\x11\x1e\x11'
2026-09-16 20:49:55,438 BTPWorkerThread-2293 (_rx_task) root DEBUG gap.py                    205   gap_device_found_ev_      : found '44e5174c0053' type 224 eir b'\t\tNXL66528\x02\n\x0c\r\x03\x0c\x11\n\x11\x0b\x11\x0e\x11\x1f\x11\x1e\x11'
2026-09-16 20:49:55,511 BTPWorkerThread-2293 (_rx_task) root DEBUG iutctl_common.py          123   read                      : Read 5 bytes
2026-09-16 20:49:55,511 BTPWorkerThread-2293 (_rx_task) root DEBUG iutctl_common.py          131   read                      : Received: hdr: Header(svc_id=0x01, op=0x81, ctrl_index=0x00, data_len=0x1a) bytearray(b'\x01\x81\x00\x1a\x00')
2026-09-16 20:49:55,511 BTPWorkerThread-2293 (_rx_task) root DEBUG iutctl_common.py          139   read                      : Read 26 bytes data
2026-09-16 20:49:55,511 BTPWorkerThread-2293 (_rx_task) root DEBUG iutctl_common.py          154   read                      : Received data: {'e0 4e e4 08 dc 1b 00 d5 03 0f 00 0e 09 50 54 53 2d 47 41 50 2d 45 34 34 45 00'}, bytearray(b'\xe0N\xe4\x08\xdc\x1b\x00\xd5\x03\x0f\x00\x0e\tPTS-GAP-E44E\x00')
2026-09-16 20:49:55,512 BTPWorkerThread-2293 (_rx_task) root DEBUG btp.py                    700   event_handler             : Header(svc_id=1, op=129, ctrl_index=0, data_len=26) (b'\xe0N\xe4\x08\xdc\x1b\x00\xd5\x03\x0f\x00\x0e\tPTS-GAP-E44E\x00',)
2026-09-16 20:49:55,512 BTPWorkerThread-2293 (_rx_task) root DEBUG gap.py                    191   gap_device_found_ev_      : b'\xe0N\xe4\x08\xdc\x1b\x00\xd5\x03\x0f\x00\x0e\tPTS-GAP-E44E\x00'
2026-09-16 20:49:55,512 BTPWorkerThread-2293 (_rx_task) root DEBUG gap.py                    205   gap_device_found_ev_      : found '001bdc08e44e' type 224 eir b'\x0e\tPTS-GAP-E44E\x00'
2026-09-16 20:49:55,676 BTPWorkerThread-2293 (_rx_task) root DEBUG iutctl_common.py          123   read                      : Read 5 bytes
2026-09-16 20:49:55,677 BTPWorkerThread-2293 (_rx_task) root DEBUG iutctl_common.py          131   read                      : Received: hdr: Header(svc_id=0x01, op=0x81, ctrl_index=0x00, data_len=0x26) bytearray(b'\x01\x81\x00&\x00')
2026-09-16 20:49:55,677 BTPWorkerThread-2293 (_rx_task) root DEBUG iutctl_common.py          139   read                      : Read 38 bytes data
2026-09-16 20:49:55,677 BTPWorkerThread-2293 (_rx_task) root DEBUG iutctl_common.py          154   read                      : Received data: {'e0 53 00 4c 17 e5 44 b4 03 1b 00 09 09 4e 58 4c 36 36 35 32 38 02 0a 0c 0d 03 0c 11 0a 11 0b 11 0e 11 1f 11 1e 11'}, bytearray(b'\xe0S\x00L\x17\xe5D\xb4\x03\x1b\x00\t\tNXL66528\x02\n\x0c\r\x03\x0c\x11\n\x11\x0b\x11\x0e\x11\x1f\x11\x1e\x11')
2026-09-16 20:49:55,677 BTPWorkerThread-2293 (_rx_task) root DEBUG btp.py                    700   event_handler             : Header(svc_id=1, op=129, ctrl_index=0, data_len=38) (b'\xe0S\x00L\x17\xe5D\xb4\x03\x1b\x00\t\tNXL66528\x02\n\x0c\r\x03\x0c\x11\n\x11\x0b\x11\x0e\x11\x1f\x11\x1e\x11',)
2026-09-16 20:49:55,677 BTPWorkerThread-2293 (_rx_task) root DEBUG gap.py                    191   gap_device_found_ev_      : b'\xe0S\x00L\x17\xe5D\xb4\x03\x1b\x00\t\tNXL66528\x02\n\x0c\r\x03\x0c\x11\n\x11\x0b\x11\x0e\x11\x1f\x11\x1e\x11'
2026-09-16 20:49:55,677 BTPWorkerThread-2293 (_rx_task) root DEBUG gap.py                    205   gap_device_found_ev_      : found '44e5174c0053' type 224 eir b'\t\tNXL66528\x02\n\x0c\r\x03\x0c\x11\n\x11\x0b\x11\x0e\x11\x1f\x11\x1e\x11'
2026-09-16 20:49:55,687 BTPWorkerThread-2293 (_rx_task) root DEBUG iutctl_common.py          123   read                      : Read 5 bytes
2026-09-16 20:49:55,688 BTPWorkerThread-2293 (_rx_task) root DEBUG iutctl_common.py          131   read                      : Received: hdr: Header(svc_id=0x01, op=0x81, ctrl_index=0x00, data_len=0x2a) bytearray(b'\x01\x81\x00*\x00')
2026-09-16 20:49:55,688 BTPWorkerThread-2293 (_rx_task) root DEBUG iutctl_common.py          139   read                      : Read 42 bytes data
2026-09-16 20:49:55,688 BTPWorkerThread-2293 (_rx_task) root DEBUG iutctl_common.py          154   read                      : Received data: {'e0 cd 83 06 dc 1b 00 b2 03 1f 00 1e 09 41 32 44 50 20 53 6f 75 72 63 65 20 30 30 3a 31 42 3a 44 43 3a 30 36 3a 38 33 3a 43 44'}, bytearray(b'\xe0\xcd\x83\x06\xdc\x1b\x00\xb2\x03\x1f\x00\x1e\tA2DP Source 00:1B:DC:06:83:CD')
2026-09-16 20:49:55,688 BTPWorkerThread-2293 (_rx_task) root DEBUG btp.py                    700   event_handler             : Header(svc_id=1, op=129, ctrl_index=0, data_len=42) (b'\xe0\xcd\x83\x06\xdc\x1b\x00\xb2\x03\x1f\x00\x1e\tA2DP Source 00:1B:DC:06:83:CD',)
2026-09-16 20:49:55,688 BTPWorkerThread-2293 (_rx_task) root DEBUG gap.py                    191   gap_device_found_ev_      : b'\xe0\xcd\x83\x06\xdc\x1b\x00\xb2\x03\x1f\x00\x1e\tA2DP Source 00:1B:DC:06:83:CD'
2026-09-16 20:49:55,688 BTPWorkerThread-2293 (_rx_task) root DEBUG gap.py                    205   gap_device_found_ev_      : found '001bdc0683cd' type 224 eir b'\x1e\tA2DP Source 00:1B:DC:06:83:CD'
2026-09-16 20:49:55,926 BTPWorkerThread-2293 (_rx_task) root DEBUG iutctl_common.py          123   read                      : Read 5 bytes
2026-09-16 20:49:55,927 BTPWorkerThread-2293 (_rx_task) root DEBUG iutctl_common.py          131   read                      : Received: hdr: Header(svc_id=0x01, op=0x81, ctrl_index=0x00, data_len=0x0b) bytearray(b'\x01\x81\x00\x0b\x00')
2026-09-16 20:49:55,927 BTPWorkerThread-2293 (_rx_task) root DEBUG iutctl_common.py          139   read                      : Read 11 bytes data
2026-09-16 20:49:55,927 BTPWorkerThread-2293 (_rx_task) root DEBUG iutctl_common.py          154   read                      : Received data: {'e0 cd 83 06 dc 1b 00 a6 03 00 00'}, bytearray(b'\xe0\xcd\x83\x06\xdc\x1b\x00\xa6\x03\x00\x00')
2026-09-16 20:49:55,927 BTPWorkerThread-2293 (_rx_task) root DEBUG btp.py                    700   event_handler             : Header(svc_id=1, op=129, ctrl_index=0, data_len=11) (b'\xe0\xcd\x83\x06\xdc\x1b\x00\xa6\x03\x00\x00',)
2026-09-16 20:49:55,927 BTPWorkerThread-2293 (_rx_task) root DEBUG gap.py                    191   gap_device_found_ev_      : b'\xe0\xcd\x83\x06\xdc\x1b\x00\xa6\x03\x00\x00'
2026-09-16 20:49:55,927 BTPWorkerThread-2293 (_rx_task) root DEBUG gap.py                    205   gap_device_found_ev_      : found '001bdc0683cd' type 224 eir b''
2026-09-16 20:49:56,078 BTPWorkerThread-2293 (_rx_task) root DEBUG iutctl_common.py          123   read                      : Read 5 bytes
2026-09-16 20:49:56,079 BTPWorkerThread-2293 (_rx_task) root DEBUG iutctl_common.py          131   read                      : Received: hdr: Header(svc_id=0x01, op=0x81, ctrl_index=0x00, data_len=0x26) bytearray(b'\x01\x81\x00&\x00')
2026-09-16 20:49:56,079 BTPWorkerThread-2293 (_rx_task) root DEBUG iutctl_common.py          139   read                      : Read 38 bytes data
2026-09-16 20:49:56,079 BTPWorkerThread-2293 (_rx_task) root DEBUG iutctl_common.py          154   read                      : Received data: {'e0 53 00 4c 17 e5 44 b3 03 1b 00 09 09 4e 58 4c 36 36 35 32 38 02 0a 0c 0d 03 0c 11 0a 11 0b 11 0e 11 1f 11 1e 11'}, bytearray(b'\xe0S\x00L\x17\xe5D\xb3\x03\x1b\x00\t\tNXL66528\x02\n\x0c\r\x03\x0c\x11\n\x11\x0b\x11\x0e\x11\x1f\x11\x1e\x11')
2026-09-16 20:49:56,079 BTPWorkerThread-2293 (_rx_task) root DEBUG btp.py                    700   event_handler             : Header(svc_id=1, op=129, ctrl_index=0, data_len=38) (b'\xe0S\x00L\x17\xe5D\xb3\x03\x1b\x00\t\tNXL66528\x02\n\x0c\r\x03\x0c\x11\n\x11\x0b\x11\x0e\x11\x1f\x11\x1e\x11',)
2026-09-16 20:49:56,079 BTPWorkerThread-2293 (_rx_task) root DEBUG gap.py                    191   gap_device_found_ev_      : b'\xe0S\x00L\x17\xe5D\xb3\x03\x1b\x00\t\tNXL66528\x02\n\x0c\r\x03\x0c\x11\n\x11\x0b\x11\x0e\x11\x1f\x11\x1e\x11'
2026-09-16 20:49:56,079 BTPWorkerThread-2293 (_rx_task) root DEBUG gap.py                    205   gap_device_found_ev_      : found '44e5174c0053' type 224 eir b'\t\tNXL66528\x02\n\x0c\r\x03\x0c\x11\n\x11\x0b\x11\x0e\x11\x1f\x11\x1e\x11'
2026-09-16 20:49:56,111 BTPWorkerThread-2293 (_rx_task) root DEBUG iutctl_common.py          123   read                      : Read 5 bytes
2026-09-16 20:49:56,111 BTPWorkerThread-2293 (_rx_task) root DEBUG iutctl_common.py          131   read                      : Received: hdr: Header(svc_id=0x01, op=0x81, ctrl_index=0x00, data_len=0x2a) bytearray(b'\x01\x81\x00*\x00')
2026-09-16 20:49:56,112 BTPWorkerThread-2293 (_rx_task) root DEBUG iutctl_common.py          139   read                      : Read 42 bytes data
2026-09-16 20:49:56,112 BTPWorkerThread-2293 (_rx_task) root DEBUG iutctl_common.py          154   read                      : Received data: {'e0 eb b2 06 dc 1b 00 aa 03 1f 00 1e 09 41 32 44 50 20 53 6f 75 72 63 65 20 30 30 3a 31 42 3a 44 43 3a 30 36 3a 42 32 3a 45 42'}, bytearray(b'\xe0\xeb\xb2\x06\xdc\x1b\x00\xaa\x03\x1f\x00\x1e\tA2DP Source 00:1B:DC:06:B2:EB')
2026-09-16 20:49:56,112 BTPWorkerThread-2293 (_rx_task) root DEBUG btp.py                    700   event_handler             : Header(svc_id=1, op=129, ctrl_index=0, data_len=42) (b'\xe0\xeb\xb2\x06\xdc\x1b\x00\xaa\x03\x1f\x00\x1e\tA2DP Source 00:1B:DC:06:B2:EB',)
2026-09-16 20:49:56,112 BTPWorkerThread-2293 (_rx_task) root DEBUG gap.py                    191   gap_device_found_ev_      : b'\xe0\xeb\xb2\x06\xdc\x1b\x00\xaa\x03\x1f\x00\x1e\tA2DP Source 00:1B:DC:06:B2:EB'
2026-09-16 20:49:56,112 BTPWorkerThread-2293 (_rx_task) root DEBUG gap.py                    205   gap_device_found_ev_      : found '001bdc06b2eb' type 224 eir b'\x1e\tA2DP Source 00:1B:DC:06:B2:EB'
2026-09-16 20:49:56,284 BTPWorkerThread-2293 (_rx_task) root DEBUG iutctl_common.py          123   read                      : Read 5 bytes
2026-09-16 20:49:56,284 BTPWorkerThread-2293 (_rx_task) root DEBUG iutctl_common.py          131   read                      : Received: hdr: Header(svc_id=0x01, op=0x81, ctrl_index=0x00, data_len=0x0b) bytearray(b'\x01\x81\x00\x0b\x00')
2026-09-16 20:49:56,284 BTPWorkerThread-2293 (_rx_task) root DEBUG iutctl_common.py          139   read                      : Read 11 bytes data
2026-09-16 20:49:56,285 BTPWorkerThread-2293 (_rx_task) root DEBUG iutctl_common.py          154   read                      : Received data: {'e0 eb b2 06 dc 1b 00 a3 03 00 00'}, bytearray(b'\xe0\xeb\xb2\x06\xdc\x1b\x00\xa3\x03\x00\x00')
2026-09-16 20:49:56,285 BTPWorkerThread-2293 (_rx_task) root DEBUG btp.py                    700   event_handler             : Header(svc_id=1, op=129, ctrl_index=0, data_len=11) (b'\xe0\xeb\xb2\x06\xdc\x1b\x00\xa3\x03\x00\x00',)
2026-09-16 20:49:56,285 BTPWorkerThread-2293 (_rx_task) root DEBUG gap.py                    191   gap_device_found_ev_      : b'\xe0\xeb\xb2\x06\xdc\x1b\x00\xa3\x03\x00\x00'
2026-09-16 20:49:56,285 BTPWorkerThread-2293 (_rx_task) root DEBUG gap.py                    205   gap_device_found_ev_      : found '001bdc06b2eb' type 224 eir b''
2026-09-16 20:49:56,536 BTPWorkerThread-2293 (_rx_task) root DEBUG iutctl_common.py          123   read                      : Read 5 bytes
2026-09-16 20:49:56,536 BTPWorkerThread-2293 (_rx_task) root DEBUG iutctl_common.py          131   read                      : Received: hdr: Header(svc_id=0x01, op=0x81, ctrl_index=0x00, data_len=0x2a) bytearray(b'\x01\x81\x00*\x00')
2026-09-16 20:49:56,537 BTPWorkerThread-2293 (_rx_task) root DEBUG iutctl_common.py          139   read                      : Read 42 bytes data
2026-09-16 20:49:56,537 BTPWorkerThread-2293 (_rx_task) root DEBUG iutctl_common.py          154   read                      : Received data: {'e0 cd 83 06 dc 1b 00 af 03 1f 00 1e 09 41 32 44 50 20 53 6f 75 72 63 65 20 30 30 3a 31 42 3a 44 43 3a 30 36 3a 38 33 3a 43 44'}, bytearray(b'\xe0\xcd\x83\x06\xdc\x1b\x00\xaf\x03\x1f\x00\x1e\tA2DP Source 00:1B:DC:06:83:CD')
2026-09-16 20:49:56,537 BTPWorkerThread-2293 (_rx_task) root DEBUG btp.py                    700   event_handler             : Header(svc_id=1, op=129, ctrl_index=0, data_len=42) (b'\xe0\xcd\x83\x06\xdc\x1b\x00\xaf\x03\x1f\x00\x1e\tA2DP Source 00:1B:DC:06:83:CD',)
2026-09-16 20:49:56,537 BTPWorkerThread-2293 (_rx_task) root DEBUG gap.py                    191   gap_device_found_ev_      : b'\xe0\xcd\x83\x06\xdc\x1b\x00\xaf\x03\x1f\x00\x1e\tA2DP Source 00:1B:DC:06:83:CD'
2026-09-16 20:49:56,537 BTPWorkerThread-2293 (_rx_task) root DEBUG gap.py                    205   gap_device_found_ev_      : found '001bdc0683cd' type 224 eir b'\x1e\tA2DP Source 00:1B:DC:06:83:CD'
2026-09-16 20:49:56,579 BTPWorkerThread-2293 (_rx_task) root DEBUG iutctl_common.py          123   read                      : Read 5 bytes
2026-09-16 20:49:56,580 BTPWorkerThread-2293 (_rx_task) root DEBUG iutctl_common.py          131   read                      : Received: hdr: Header(svc_id=0x01, op=0x81, ctrl_index=0x00, data_len=0x26) bytearray(b'\x01\x81\x00&\x00')
2026-09-16 20:49:56,580 BTPWorkerThread-2293 (_rx_task) root DEBUG iutctl_common.py          139   read                      : Read 38 bytes data
2026-09-16 20:49:56,580 BTPWorkerThread-2293 (_rx_task) root DEBUG iutctl_common.py          154   read                      : Received data: {'e0 53 00 4c 17 e5 44 af 03 1b 00 09 09 4e 58 4c 36 36 35 32 38 02 0a 0c 0d 03 0c 11 0a 11 0b 11 0e 11 1f 11 1e 11'}, bytearray(b'\xe0S\x00L\x17\xe5D\xaf\x03\x1b\x00\t\tNXL66528\x02\n\x0c\r\x03\x0c\x11\n\x11\x0b\x11\x0e\x11\x1f\x11\x1e\x11')
2026-09-16 20:49:56,580 BTPWorkerThread-2293 (_rx_task) root DEBUG btp.py                    700   event_handler             : Header(svc_id=1, op=129, ctrl_index=0, data_len=38) (b'\xe0S\x00L\x17\xe5D\xaf\x03\x1b\x00\t\tNXL66528\x02\n\x0c\r\x03\x0c\x11\n\x11\x0b\x11\x0e\x11\x1f\x11\x1e\x11',)
2026-09-16 20:49:56,580 BTPWorkerThread-2293 (_rx_task) root DEBUG gap.py                    191   gap_device_found_ev_      : b'\xe0S\x00L\x17\xe5D\xaf\x03\x1b\x00\t\tNXL66528\x02\n\x0c\r\x03\x0c\x11\n\x11\x0b\x11\x0e\x11\x1f\x11\x1e\x11'
2026-09-16 20:49:56,580 BTPWorkerThread-2293 (_rx_task) root DEBUG gap.py                    205   gap_device_found_ev_      : found '44e5174c0053' type 224 eir b'\t\tNXL66528\x02\n\x0c\r\x03\x0c\x11\n\x11\x0b\x11\x0e\x11\x1f\x11\x1e\x11'
2026-09-16 20:49:56,927 BTPWorkerThread-2293 (_rx_task) root DEBUG iutctl_common.py          123   read                      : Read 5 bytes
2026-09-16 20:49:56,927 BTPWorkerThread-2293 (_rx_task) root DEBUG iutctl_common.py          131   read                      : Received: hdr: Header(svc_id=0x01, op=0x81, ctrl_index=0x00, data_len=0x26) bytearray(b'\x01\x81\x00&\x00')
2026-09-16 20:49:56,927 BTPWorkerThread-2293 (_rx_task) root DEBUG iutctl_common.py          139   read                      : Read 38 bytes data
2026-09-16 20:49:56,928 BTPWorkerThread-2293 (_rx_task) root DEBUG iutctl_common.py          154   read                      : Received data: {'e0 53 00 4c 17 e5 44 ae 03 1b 00 09 09 4e 58 4c 36 36 35 32 38 02 0a 0c 0d 03 0c 11 0a 11 0b 11 0e 11 1f 11 1e 11'}, bytearray(b'\xe0S\x00L\x17\xe5D\xae\x03\x1b\x00\t\tNXL66528\x02\n\x0c\r\x03\x0c\x11\n\x11\x0b\x11\x0e\x11\x1f\x11\x1e\x11')
2026-09-16 20:49:56,928 BTPWorkerThread-2293 (_rx_task) root DEBUG btp.py                    700   event_handler             : Header(svc_id=1, op=129, ctrl_index=0, data_len=38) (b'\xe0S\x00L\x17\xe5D\xae\x03\x1b\x00\t\tNXL66528\x02\n\x0c\r\x03\x0c\x11\n\x11\x0b\x11\x0e\x11\x1f\x11\x1e\x11',)
2026-09-16 20:49:56,928 BTPWorkerThread-2293 (_rx_task) root DEBUG gap.py                    191   gap_device_found_ev_      : b'\xe0S\x00L\x17\xe5D\xae\x03\x1b\x00\t\tNXL66528\x02\n\x0c\r\x03\x0c\x11\n\x11\x0b\x11\x0e\x11\x1f\x11\x1e\x11'
2026-09-16 20:49:56,928 BTPWorkerThread-2293 (_rx_task) root DEBUG gap.py                    205   gap_device_found_ev_      : found '44e5174c0053' type 224 eir b'\t\tNXL66528\x02\n\x0c\r\x03\x0c\x11\n\x11\x0b\x11\x0e\x11\x1f\x11\x1e\x11'
2026-09-16 20:49:57,157 BTPWorkerThread-2293 (_rx_task) root DEBUG iutctl_common.py          123   read                      : Read 5 bytes
2026-09-16 20:49:57,157 BTPWorkerThread-2293 (_rx_task) root DEBUG iutctl_common.py          131   read                      : Received: hdr: Header(svc_id=0x01, op=0x81, ctrl_index=0x00, data_len=0x0b) bytearray(b'\x01\x81\x00\x0b\x00')
2026-09-16 20:49:57,157 BTPWorkerThread-2293 (_rx_task) root DEBUG iutctl_common.py          139   read                      : Read 11 bytes data
2026-09-16 20:49:57,158 BTPWorkerThread-2293 (_rx_task) root DEBUG iutctl_common.py          154   read                      : Received data: {'e0 53 00 4c 17 e5 44 b1 03 00 00'}, bytearray(b'\xe0S\x00L\x17\xe5D\xb1\x03\x00\x00')
2026-09-16 20:49:57,158 BTPWorkerThread-2293 (_rx_task) root DEBUG btp.py                    700   event_handler             : Header(svc_id=1, op=129, ctrl_index=0, data_len=11) (b'\xe0S\x00L\x17\xe5D\xb1\x03\x00\x00',)
2026-09-16 20:49:57,158 BTPWorkerThread-2293 (_rx_task) root DEBUG gap.py                    191   gap_device_found_ev_      : b'\xe0S\x00L\x17\xe5D\xb1\x03\x00\x00'
2026-09-16 20:49:57,158 BTPWorkerThread-2293 (_rx_task) root DEBUG gap.py                    205   gap_device_found_ev_      : found '44e5174c0053' type 224 eir b''
2026-09-16 20:49:57,484 BTPWorkerThread-2293 (_rx_task) root DEBUG iutctl_common.py          123   read                      : Read 5 bytes
2026-09-16 20:49:57,485 BTPWorkerThread-2293 (_rx_task) root DEBUG iutctl_common.py          131   read                      : Received: hdr: Header(svc_id=0x01, op=0x81, ctrl_index=0x00, data_len=0x2a) bytearray(b'\x01\x81\x00*\x00')
2026-09-16 20:49:57,485 BTPWorkerThread-2293 (_rx_task) root DEBUG iutctl_common.py          139   read                      : Read 18 bytes data
2026-09-16 20:49:57,496 BTPWorkerThread-2293 (_rx_task) root DEBUG iutctl_common.py          139   read                      : Read 24 bytes data
2026-09-16 20:49:57,497 BTPWorkerThread-2293 (_rx_task) root DEBUG iutctl_common.py          154   read                      : Received data: {'e0 cd 83 06 dc 1b 00 b2 03 1f 00 1e 09 41 32 44 50 20 53 6f 75 72 63 65 20 30 30 3a 31 42 3a 44 43 3a 30 36 3a 38 33 3a 43 44'}, bytearray(b'\xe0\xcd\x83\x06\xdc\x1b\x00\xb2\x03\x1f\x00\x1e\tA2DP Source 00:1B:DC:06:83:CD')
2026-09-16 20:49:57,497 BTPWorkerThread-2293 (_rx_task) root DEBUG btp.py                    700   event_handler             : Header(svc_id=1, op=129, ctrl_index=0, data_len=42) (b'\xe0\xcd\x83\x06\xdc\x1b\x00\xb2\x03\x1f\x00\x1e\tA2DP Source 00:1B:DC:06:83:CD',)
2026-09-16 20:49:57,497 BTPWorkerThread-2293 (_rx_task) root DEBUG gap.py                    191   gap_device_found_ev_      : b'\xe0\xcd\x83\x06\xdc\x1b\x00\xb2\x03\x1f\x00\x1e\tA2DP Source 00:1B:DC:06:83:CD'
2026-09-16 20:49:57,497 BTPWorkerThread-2293 (_rx_task) root DEBUG gap.py                    205   gap_device_found_ev_      : found '001bdc0683cd' type 224 eir b'\x1e\tA2DP Source 00:1B:DC:06:83:CD'
2026-09-16 20:49:57,617 LT1-thread root DEBUG gap.py                    1148  gap_stop_discovery        : 
2026-09-16 20:49:57,617 LT1-thread root DEBUG iutctl_common.py          161   send                      : 1 13 0 ''
2026-09-16 20:49:57,617 LT1-thread root DEBUG iutctl_common.py          166   send                      : sending frame '010d000000'
2026-09-16 20:49:57,618 LT1-thread root DEBUG gap.py                    1227  gap_command_rsp_succ      : 
2026-09-16 20:49:57,618 LT1-thread root DEBUG iutctl_common.py          339   read                      : 
2026-09-16 20:49:57,659 BTPWorkerThread-2293 (_rx_task) root DEBUG iutctl_common.py          123   read                      : Read 5 bytes
2026-09-16 20:49:57,669 BTPWorkerThread-2293 (_rx_task) root DEBUG iutctl_common.py          131   read                      : Received: hdr: Header(svc_id=0x01, op=0x0d, ctrl_index=0x00, data_len=0x00) bytearray(b'\x01\r\x00\x00\x00')
2026-09-16 20:49:57,686 BTPWorkerThread-2293 (_rx_task) root DEBUG iutctl_common.py          154   read                      : Received data: {''}, bytearray(b'')
2026-09-16 20:49:57,692 LT1-thread root DEBUG gap.py                    1232  gap_command_rsp_succ      : received Header(svc_id=1, op=13, ctrl_index=0, data_len=0) (b'',)
2026-09-16 20:49:57,692 LT1-thread root DEBUG gap.py                    1508  check_discovery_results   : 224 '001bdc08e44e' True None
2026-09-16 20:49:57,692 LT1-thread root DEBUG gap.py                    1517  check_discovery_results   : matching LeAdv(addr_type=224, addr='44e5174c0053', rssi=171, flags=3, eir=b'\t\tNXL66528\x02\n\x0c\r\x03\x0c\x11\n\x11\x0b\x11\x0e\x11\x1f\x11\x1e\x11')
2026-09-16 20:49:57,692 LT1-thread root DEBUG gap.py                    1517  check_discovery_results   : matching LeAdv(addr_type=224, addr='44e5174c0053', rssi=176, flags=3, eir=b'\t\tNXL66528\x02\n\x0c\r\x03\x0c\x11\n\x11\x0b\x11\x0e\x11\x1f\x11\x1e\x11')
2026-09-16 20:49:57,692 LT1-thread root DEBUG gap.py                    1517  check_discovery_results   : matching LeAdv(addr_type=224, addr='44e5174c0053', rssi=175, flags=3, eir=b'\t\tNXL66528\x02\n\x0c\r\x03\x0c\x11\n\x11\x0b\x11\x0e\x11\x1f\x11\x1e\x11')
2026-09-16 20:49:57,692 LT1-thread root DEBUG gap.py                    1517  check_discovery_results   : matching LeAdv(addr_type=224, addr='44e5174c0053', rssi=166, flags=3, eir=b'\t\tNXL66528\x02\n\x0c\r\x03\x0c\x11\n\x11\x0b\x11\x0e\x11\x1f\x11\x1e\x11')
2026-09-16 20:49:57,693 LT1-thread root DEBUG gap.py                    1517  check_discovery_results   : matching LeAdv(addr_type=224, addr='44e5174c0053', rssi=177, flags=3, eir=b'\t\tNXL66528\x02\n\x0c\r\x03\x0c\x11\n\x11\x0b\x11\x0e\x11\x1f\x11\x1e\x11')
2026-09-16 20:49:57,693 LT1-thread root DEBUG gap.py                    1517  check_discovery_results   : matching LeAdv(addr_type=224, addr='44e5174c0053', rssi=168, flags=3, eir=b'\t\tNXL66528\x02\n\x0c\r\x03\x0c\x11\n\x11\x0b\x11\x0e\x11\x1f\x11\x1e\x11')
2026-09-16 20:49:57,693 LT1-thread root DEBUG gap.py                    1517  check_discovery_results   : matching LeAdv(addr_type=224, addr='44e5174c0053', rssi=180, flags=3, eir=b'\t\tNXL66528\x02\n\x0c\r\x03\x0c\x11\n\x11\x0b\x11\x0e\x11\x1f\x11\x1e\x11')
2026-09-16 20:49:57,693 LT1-thread root DEBUG gap.py                    1517  check_discovery_results   : matching LeAdv(addr_type=224, addr='001bdc06b2eb', rssi=168, flags=3, eir=b'\x1e\tA2DP Source 00:1B:DC:06:B2:EB')
2026-09-16 20:49:57,693 LT1-thread root DEBUG gap.py                    1517  check_discovery_results   : matching LeAdv(addr_type=224, addr='001bdc08e44e', rssi=211, flags=3, eir=b'\x0e\tPTS-GAP-E44E\x00')
2026-09-16 20:49:57,693 LT1-thread root DEBUG gap.py                    760   gap_connect               : None 224
2026-09-16 20:49:57,693 LT1-thread root DEBUG iutctl_common.py          161   send                      : 1 14 0 "bytearray(b'\\xe0N\\xe4\\x08\\xdc\\x1b\\x00\\x00')"
2026-09-16 20:49:57,693 LT1-thread root DEBUG iutctl_common.py          166   send                      : sending frame '010e000800e04ee408dc1b0000'
2026-09-16 20:49:57,693 LT1-thread root DEBUG iutctl_common.py          339   read                      : 
2026-09-16 20:49:57,735 BTPWorkerThread-2293 (_rx_task) root DEBUG iutctl_common.py          123   read                      : Read 5 bytes
2026-09-16 20:49:57,745 BTPWorkerThread-2293 (_rx_task) root DEBUG iutctl_common.py          131   read                      : Received: hdr: Header(svc_id=0x01, op=0x0e, ctrl_index=0x00, data_len=0x00) bytearray(b'\x01\x0e\x00\x00\x00')
2026-09-16 20:49:57,751 BTPWorkerThread-2293 (_rx_task) root DEBUG iutctl_common.py          154   read                      : Received data: {''}, bytearray(b'')
2026-09-16 20:50:00,830 BTPWorkerThread-2293 (_rx_task) root DEBUG iutctl_common.py          123   read                      : Read 5 bytes
2026-09-16 20:50:00,831 BTPWorkerThread-2293 (_rx_task) root DEBUG iutctl_common.py          131   read                      : Received: hdr: Header(svc_id=0x01, op=0x82, ctrl_index=0x00, data_len=0x0d) bytearray(b'\x01\x82\x00\r\x00')
2026-09-16 20:50:00,831 BTPWorkerThread-2293 (_rx_task) root DEBUG iutctl_common.py          139   read                      : Read 13 bytes data
2026-09-16 20:50:00,831 BTPWorkerThread-2293 (_rx_task) root DEBUG iutctl_common.py          154   read                      : Received data: {'e0 4e e4 08 dc 1b 00 00 00 00 00 00 00'}, bytearray(b'\xe0N\xe4\x08\xdc\x1b\x00\x00\x00\x00\x00\x00\x00')
2026-09-16 20:50:00,831 BTPWorkerThread-2293 (_rx_task) root DEBUG btp.py                    700   event_handler             : Header(svc_id=1, op=130, ctrl_index=0, data_len=13) (b'\xe0N\xe4\x08\xdc\x1b\x00\x00\x00\x00\x00\x00\x00',)
2026-09-16 20:50:00,831 BTPWorkerThread-2293 (_rx_task) root DEBUG gap.py                    213   gap_connected_ev_         : b'\xe0N\xe4\x08\xdc\x1b\x00\x00\x00\x00\x00\x00\x00'
2026-09-16 20:50:00,874 LT1-thread root DEBUG testcase.py               722   run_wid                   : Sending response 'OK' to wid 102 test case GAP/SEC/SEM/BI-06-C
2026-09-16 20:50:00,876 LT1-thread root DEBUG client.py                 276   get_result                : ClientCallback.get_result run_test_case
2026-09-16 20:50:00,878 LT1-callback ClientCallback.on_implicit_send INFO client.py                 223   on_implicit_send          : 
    ********************
    BEGIN OnImplicitSend:
    project_name: GAP
    wid: 265
    test_case_name: GAP/SEC/SEM/BI-06-C
    description: Please initiate a link encryption with the Lower Tester.
    style: MMI_Style_Ok_Cancel2 0x11141
2026-09-16 20:50:00,878 LT1-callback ClientCallback.on_implicit_send INFO client.py                 236   on_implicit_send          : Calling test cases on_implicit_send
2026-09-16 20:50:00,878 LT1-callback ClientCallback.on_implicit_send INFO client.py                 249   on_implicit_send          : 
    on_implicit_send returned response: WAIT
    END OnImplicitSend
    ********************
2026-09-16 20:50:01,877 LT1-thread root DEBUG testcase.py               679   run_wid                   : GAP GAP/SEC/SEM/BI-06-C on_implicit_send
2026-09-16 20:50:01,877 LT1-thread root DEBUG gap_wid.py                26    gap_wid_hdl               : gap_wid_hdl, 265, Please initiate a link encryption with the Lower Tester., GAP/SEC/SEM/BI-06-C
2026-09-16 20:50:01,877 LT1-thread root DEBUG gap.py                    871   gap_pair                  : None 224
2026-09-16 20:50:01,877 LT1-thread root DEBUG iutctl_common.py          161   send                      : 1 17 0 "bytearray(b'\\xe0N\\xe4\\x08\\xdc\\x1b\\x00')"
2026-09-16 20:50:01,877 LT1-thread root DEBUG iutctl_common.py          166   send                      : sending frame '0111000700e04ee408dc1b00'
2026-09-16 20:50:01,877 LT1-thread root DEBUG gap.py                    1227  gap_command_rsp_succ      : 
2026-09-16 20:50:01,878 LT1-thread root DEBUG iutctl_common.py          339   read                      : 
2026-09-16 20:50:01,912 BTPWorkerThread-2293 (_rx_task) root DEBUG iutctl_common.py          123   read                      : Read 5 bytes
2026-09-16 20:50:01,923 BTPWorkerThread-2293 (_rx_task) root DEBUG iutctl_common.py          131   read                      : Received: hdr: Header(svc_id=0x01, op=0x11, ctrl_index=0x00, data_len=0x00) bytearray(b'\x01\x11\x00\x00\x00')
2026-09-16 20:50:01,923 BTPWorkerThread-2293 (_rx_task) root DEBUG iutctl_common.py          154   read                      : Received data: {''}, bytearray(b'')
2026-09-16 20:50:01,928 LT1-thread root DEBUG gap.py                    1232  gap_command_rsp_succ      : received Header(svc_id=1, op=17, ctrl_index=0, data_len=0) (b'',)
2026-09-16 20:50:01,928 LT1-thread root DEBUG testcase.py               722   run_wid                   : Sending response 'OK' to wid 265 test case GAP/SEC/SEM/BI-06-C
2026-09-16 20:50:01,929 BTPWorkerThread-2293 (_rx_task) root DEBUG iutctl_common.py          123   read                      : Read 5 bytes
2026-09-16 20:50:01,929 BTPWorkerThread-2293 (_rx_task) root DEBUG iutctl_common.py          131   read                      : Received: hdr: Header(svc_id=0x01, op=0x91, ctrl_index=0x00, data_len=0x09) bytearray(b'\x01\x91\x00\t\x00')
2026-09-16 20:50:01,930 BTPWorkerThread-2293 (_rx_task) root DEBUG iutctl_common.py          139   read                      : Read 9 bytes data
2026-09-16 20:50:01,930 BTPWorkerThread-2293 (_rx_task) root DEBUG iutctl_common.py          154   read                      : Received data: {'e0 4e e4 08 dc 1b 00 00 00'}, bytearray(b'\xe0N\xe4\x08\xdc\x1b\x00\x00\x00')
2026-09-16 20:50:01,930 LT1-thread root DEBUG client.py                 276   get_result                : ClientCallback.get_result run_test_case
2026-09-16 20:50:01,931 BTPWorkerThread-2293 (_rx_task) root DEBUG btp.py                    700   event_handler             : Header(svc_id=1, op=145, ctrl_index=0, data_len=9) (b'\xe0N\xe4\x08\xdc\x1b\x00\x00\x00',)
2026-09-16 20:50:01,931 BTPWorkerThread-2293 (_rx_task) root DEBUG gap.py                    492   gap_encryption_change_ev_ : 
2026-09-16 20:50:01,931 BTPWorkerThread-2293 (_rx_task) root DEBUG gap.py                    494   gap_encryption_change_ev_ : enc change received b'\xe0N\xe4\x08\xdc\x1b\x00\x00\x00'
2026-09-16 20:50:01,932 BTPWorkerThread-2293 (_rx_task) root DEBUG gap.py                    503   gap_encryption_change_ev_ : received (224, '001bdc08e44e', 0, 0)
2026-09-16 20:50:21,860 LT1-callback ClientCallback.on_implicit_send INFO client.py                 223   on_implicit_send          : 
    ********************
    BEGIN OnImplicitSend:
    project_name: GAP
    wid: 266
    test_case_name: GAP/SEC/SEM/BI-06-C
    description: Please confirm that the IUT signals to the Upper Tester that the channel establishment failure after link encryption.

Click 'Yes' If there is channel establishment failure otherwise click 'No'.
    style: MMI_Style_Yes_No1 0x11044
2026-09-16 20:50:21,860 LT1-callback ClientCallback.on_implicit_send INFO client.py                 236   on_implicit_send          : Calling test cases on_implicit_send
2026-09-16 20:50:21,860 LT1-callback ClientCallback.on_implicit_send INFO client.py                 249   on_implicit_send          : 
    on_implicit_send returned response: WAIT
    END OnImplicitSend
    ********************
2026-09-16 20:50:21,942 LT1-thread root DEBUG testcase.py               679   run_wid                   : GAP GAP/SEC/SEM/BI-06-C on_implicit_send
2026-09-16 20:50:21,942 LT1-thread root DEBUG gap_wid.py                26    gap_wid_hdl               : gap_wid_hdl, 266, Please confirm that the IUT signals to the Upper Tester that the channel establishment failure after link encryption.

Click 'Yes' If there is channel establishment failure otherwise click 'No'., GAP/SEC/SEM/BI-06-C
2026-09-16 20:50:43,007 MainThread root DEBUG client.py                 1305  run_test_case             : Superguard timeout
2026-09-16 20:50:43,007 MainThread root DEBUG client.py                 1313  run_test_case             : Interrupting GAP GAP/SEC/SEM/BI-06-C test case of thread LT1-thread
2026-09-16 20:50:43,007 MainThread root DEBUG client.py                 1325  run_test_case             : Waiting for [<LTThread(LT1-thread, started 5948)>] to finish ...
2026-09-16 20:50:43,034 LT1-thread root ERROR client.py                 1171  _run_test_case            : 
Traceback (most recent call last):
  File "C:\Dpc\auto-pts\autopts\client.py", line 1153, in _run_test_case
    response = test_case.run_next_step()
               ^^^^^^^^^^^^^^^^^^^^^^^^^
  File "C:\Dpc\auto-pts\autopts\ptsprojects\testcase.py", line 672, in run_next_step
    response = step(*args)
               ^^^^^^^^^^^
  File "C:\Dpc\auto-pts\autopts\ptsprojects\testcase.py", line 695, in run_wid
    my_response = self.handle_mmi_generic(wid, description, style,
                  ^^^^^^^^^^^^^^^^^^^^^^^^^^^^^^^^^^^^^^^^^^^^^^^^
  File "C:\Dpc\auto-pts\autopts\ptsprojects\testcase.py", line 613, in handle_mmi_generic
    response = self.generic_wid_hdl(wid, description, test_case_name)
               ^^^^^^^^^^^^^^^^^^^^^^^^^^^^^^^^^^^^^^^^^^^^^^^^^^^^^^
  File "C:\Dpc\auto-pts\autopts\ptsprojects\zephyr\gap_wid.py", line 27, in gap_wid_hdl
    return generic_wid_hdl(wid, description, test_case_name, [__name__, 'autopts.wid.gap'])
           ^^^^^^^^^^^^^^^^^^^^^^^^^^^^^^^^^^^^^^^^^^^^^^^^^^^^^^^^^^^^^^^^^^^^^^^^^^^^^^^^
  File "C:\Dpc\auto-pts\autopts\wid\wid.py", line 26, in generic_wid_hdl
    response = _generic_wid_hdl(wid, description, test_case_name, module_names)
               ^^^^^^^^^^^^^^^^^^^^^^^^^^^^^^^^^^^^^^^^^^^^^^^^^^^^^^^^^^^^^^^^
  File "C:\Dpc\auto-pts\autopts\wid\wid.py", line 22, in _generic_wid_hdl
    return wid_hdl(WIDParams(wid, description, test_case_name))
           ^^^^^^^^^^^^^^^^^^^^^^^^^^^^^^^^^^^^^^^^^^^^^^^^^^^^
  File "C:\Dpc\auto-pts\autopts\wid\gap.py", line 2648, in hdl_wid_266
    btp.gap_wait_for_disconnection()
  File "C:\Dpc\auto-pts\autopts\pybtp\btp\gap.py", line 626, in gap_wait_for_disconnection
    stack.gap.wait_for_disconnection(timeout)
  File "C:\Dpc\auto-pts\autopts\ptsprojects\stack\layers\gap.py", line 213, in wait_for_disconnection
    return wait_for_event(timeout, lambda: not self.is_connected(addr=addr))
           ^^^^^^^^^^^^^^^^^^^^^^^^^^^^^^^^^^^^^^^^^^^^^^^^^^^^^^^^^^^^^^^^^
  File "C:\Dpc\auto-pts\autopts\ptsprojects\stack\common.py", line 70, in wait_for_event
    sleep(0.1)
KeyboardInterrupt
2026-09-16 20:50:43,038 LT1-thread root DEBUG client.py                 1003  get_error_code            : get_error_code returning error code 'FATAL ERROR' for exception KeyboardInterrupt()
2026-09-16 20:50:43,042 LT1-thread root DEBUG client.py                 1184  _run_test_case            : Test case stopped externally
2026-09-16 20:50:43,043 LT1-thread root DEBUG client.py                 1186  _run_test_case            : After run_test_case error_code='FATAL ERROR' status='RUNNING'
2026-09-16 20:50:43,043 LT1-thread root DEBUG testcase.py               766   post_run                  : post_run GAP GAP/SEC/SEM/BI-06-C FATAL ERROR
2026-09-16 20:50:43,043 LT1-thread root DEBUG testcase.py               254   start                     : Starting test function: class=<class 'autopts.ptsprojects.testcase.TestFuncCleanUp'>, func=<bound method ZTestCase._test_case_cleanup of <autopts.ptsprojects.zephyr.ztestcase.ZTestCase object at 0x000002A769E80290>> start_wid=None stop_wid=None post_wid=None skip_call=None call_count=2 args=() kwds={}
2026-09-16 20:50:43,043 LT1-thread root DEBUG testcase.py               266   start                     : Test function parameters: args=(), kwds={}
2026-09-16 20:50:43,043 LT1-thread root DEBUG iutctl.py                 415   stop                      : <class 'autopts.ptsprojects.zephyr.iutctl.create_zephyr_ctl_class.<locals>.ZephyrCtl'>.stop
2026-09-16 20:50:43,043 LT1-thread root DEBUG __init__.py               51    reset                     : About to reset DUT: JLink -CommandFile reset.jlink -usb 1063214216 -device MIMXRT1176XXXA_M7
2026-09-16 20:50:43,362 BTPWorkerThread-2293 (_rx_task) root DEBUG iutctl_common.py          123   read                      : Read 5 bytes
2026-09-16 20:50:43,362 BTPWorkerThread-2293 (_rx_task) root DEBUG iutctl_common.py          131   read                      : Received: hdr: Header(svc_id=0x00, op=0x80, ctrl_index=0xff, data_len=0x00) bytearray(b'\x00\x80\xff\x00\x00')
2026-09-16 20:50:43,363 BTPWorkerThread-2293 (_rx_task) root DEBUG iutctl_common.py          154   read                      : Received data: {''}, bytearray(b'')
2026-09-16 20:50:43,363 BTPWorkerThread-2293 (_rx_task) root DEBUG btp.py                    700   event_handler             : Header(svc_id=0, op=128, ctrl_index=255, data_len=0) (b'',)
2026-09-16 20:50:43,363 BTPWorkerThread-2293 (_rx_task) root DEBUG core.py                   23    core_iut_ready_ev         : 
2026-09-16 20:50:43,436 LT1-thread root DEBUG iutctl.py                 436   _stop_tty_mode            : IUT ready event received OK
2026-09-16 20:50:43,436 LT1-thread root DEBUG iutctl_common.py          416   close                     : Waiting for _rx_worker to finish ...
2026-09-16 20:50:44,009 MainThread root DEBUG client.py                 1325  run_test_case             : Waiting for [<LTThread(LT1-thread, started 5948)>] to finish ...
2026-09-16 20:50:44,364 BTPWorkerThread-2293 (_rx_task) root DEBUG iutctl_common.py          332   _rx_task                  : BTPWorkerThread-2293 (_rx_task) finishing...
2026-09-16 20:50:45,010 MainThread root DEBUG client.py                 1325  run_test_case             : Waiting for [<LTThread(LT1-thread, started 5948)>] to finish ...
2026-09-16 20:50:46,010 MainThread root DEBUG client.py                 1325  run_test_case             : Waiting for [<LTThread(LT1-thread, started 5948)>] to finish ...
2026-09-16 20:50:47,011 MainThread root DEBUG client.py                 1325  run_test_case             : Waiting for [<LTThread(LT1-thread, started 5948)>] to finish ...
2026-09-16 20:50:47,371 LT1-thread root DEBUG testcase.py               794   post_run                  : post_run, cleanup running post test case script
2026-09-16 20:50:47,371 LT1-thread root DEBUG testcase.py               802   post_run                  : post_run, run post test case script
2026-09-16 20:50:47,448 LT1-thread root DEBUG client.py                 1220  _run_test_case            : Done TestCase _run_test_case GAP GAP/SEC/SEM/BI-06-C
