2026-09-23 23:29:11,324 LT1-thread root DEBUG client.py                 1099  _run_test_case            : Starting TestCase _run_test_case GAP GAP/SEC/SEM/BI-05-C
2026-09-23 23:29:11,325 LT1-thread root DEBUG testcase.py               727   pre_run                   : pre_run GAP GAP/SEC/SEM/BI-05-C
2026-09-23 23:29:11,325 LT1-thread root DEBUG testcase.py               729   pre_run                   : About to run test case GAP GAP/SEC/SEM/BI-05-C with commands:
2026-09-23 23:29:11,325 LT1-thread root DEBUG testcase.py               731   pre_run                   : 0) class=<class 'autopts.ptsprojects.testcase.TestFunc'>, func=<bound method ZTestCase._test_case_start of <autopts.ptsprojects.zephyr.ztestcase.ZTestCase object at 0x000001E0BD84A060>> start_wid=None stop_wid=None post_wid=None skip_call=None call_count=0 args=() kwds={}
2026-09-23 23:29:11,325 LT1-thread root DEBUG testcase.py               731   pre_run                   : 1) class=<class 'autopts.ptsprojects.testcase.TestFunc'>, func=<function core_reg_svc_gap at 0x000001E0BA25E160> start_wid=None stop_wid=None post_wid=None skip_call=None call_count=127 args=() kwds={}
2026-09-23 23:29:11,325 LT1-thread root DEBUG testcase.py               731   pre_run                   : 2) class=<class 'autopts.ptsprojects.testcase.TestFunc'>, func=<bound method Stack.gap_init of <autopts.ptsprojects.stack.stack.Stack object at 0x000001E0B9424A70>> start_wid=None stop_wid=None post_wid=None skip_call=None call_count=127 args=(b'Tester_08E44E', 'ABCD', '1111', '1111', '11', '1111', b'\x17github.com/auto-pts', (8, 'PADV_Tester'), 'FF') kwds={}
2026-09-23 23:29:11,325 LT1-thread root DEBUG testcase.py               731   pre_run                   : 3) class=<class 'autopts.ptsprojects.testcase.TestFunc'>, func=<function gap_read_controller_info at 0x000001E0BA29EB60> start_wid=None stop_wid=None post_wid=None skip_call=None call_count=127 args=() kwds={}
2026-09-23 23:29:11,325 LT1-thread root DEBUG testcase.py               731   pre_run                   : 4) class=<class 'autopts.ptsprojects.testcase.TestFunc'>, func=<function test_cases.<locals>.<lambda> at 0x000001E0BD7C6DE0> start_wid=None stop_wid=None post_wid=None skip_call=None call_count=127 args=() kwds={}
2026-09-23 23:29:11,325 LT1-thread root DEBUG testcase.py               731   pre_run                   : 5) class=<class 'autopts.ptsprojects.testcase.TestFunc'>, func=<function test_cases.<locals>.<lambda> at 0x000001E0BD7C5120> start_wid=None stop_wid=None post_wid=None skip_call=None call_count=127 args=() kwds={}
2026-09-23 23:29:11,326 LT1-thread root DEBUG testcase.py               731   pre_run                   : 6) class=<class 'autopts.ptsprojects.testcase.TestFunc'>, func=<function test_cases.<locals>.<lambda> at 0x000001E0BD7C6E80> start_wid=None stop_wid=None post_wid=None skip_call=None call_count=127 args=() kwds={}
2026-09-23 23:29:11,326 LT1-thread root DEBUG testcase.py               731   pre_run                   : 7) class=<class 'autopts.ptsprojects.testcase.TestFunc'>, func=<function test_cases.<locals>.<lambda> at 0x000001E0BD7C6F20> start_wid=None stop_wid=None post_wid=None skip_call=None call_count=127 args=() kwds={}
2026-09-23 23:29:11,326 LT1-thread root DEBUG testcase.py               731   pre_run                   : 8) class=<class 'autopts.ptsprojects.testcase.TestFunc'>, func=<function test_cases.<locals>.<lambda> at 0x000001E0BD7C6FC0> start_wid=None stop_wid=None post_wid=None skip_call=None call_count=127 args=() kwds={}
2026-09-23 23:29:11,326 LT1-thread root DEBUG testcase.py               731   pre_run                   : 9) class=<class 'autopts.ptsprojects.testcase.TestFunc'>, func=<function test_cases.<locals>.<lambda> at 0x000001E0BD7C7060> start_wid=None stop_wid=None post_wid=None skip_call=None call_count=127 args=() kwds={}
2026-09-23 23:29:11,326 LT1-thread root DEBUG testcase.py               731   pre_run                   : 10) class=<class 'autopts.ptsprojects.testcase.TestFunc'>, func=<function test_cases.<locals>.<lambda> at 0x000001E0BD7C7100> start_wid=None stop_wid=None post_wid=None skip_call=None call_count=127 args=() kwds={}
2026-09-23 23:29:11,326 LT1-thread root DEBUG testcase.py               731   pre_run                   : 11) class=<class 'autopts.ptsprojects.testcase.TestFunc'>, func=<function test_cases.<locals>.<lambda> at 0x000001E0BD7C71A0> start_wid=None stop_wid=None post_wid=None skip_call=None call_count=127 args=() kwds={}
2026-09-23 23:29:11,326 LT1-thread root DEBUG testcase.py               731   pre_run                   : 12) class=<class 'autopts.ptsprojects.testcase.TestFunc'>, func=<function test_cases.<locals>.<lambda> at 0x000001E0BD7C7240> start_wid=None stop_wid=None post_wid=None skip_call=None call_count=127 args=() kwds={}
2026-09-23 23:29:11,326 LT1-thread root DEBUG testcase.py               731   pre_run                   : 13) class=<class 'autopts.ptsprojects.testcase.TestFunc'>, func=<function test_cases.<locals>.<lambda> at 0x000001E0BD7C72E0> start_wid=None stop_wid=None post_wid=None skip_call=None call_count=127 args=() kwds={}
2026-09-23 23:29:11,326 LT1-thread root DEBUG testcase.py               731   pre_run                   : 14) class=<class 'autopts.ptsprojects.testcase.TestFunc'>, func=<function core_reg_svc_gatt at 0x000001E0BA25E2A0> start_wid=None stop_wid=None post_wid=None skip_call=None call_count=127 args=() kwds={}
2026-09-23 23:29:11,326 LT1-thread root DEBUG testcase.py               731   pre_run                   : 15) class=<class 'autopts.ptsprojects.testcase.TestFunc'>, func=<bound method Stack.gatt_init of <autopts.ptsprojects.stack.stack.Stack object at 0x000001E0B9424A70>> start_wid=None stop_wid=None post_wid=None skip_call=None call_count=127 args=() kwds={}
2026-09-23 23:29:11,326 LT1-thread root DEBUG testcase.py               731   pre_run                   : 16) class=<class 'autopts.ptsprojects.testcase.TestFunc'>, func=<function gap_set_io_capability at 0x000001E0BA29E020> start_wid=None stop_wid=None post_wid=None skip_call=None call_count=127 args=(4,) kwds={}
2026-09-23 23:29:11,326 LT1-thread root DEBUG testcase.py               731   pre_run                   : 17) class=<class 'autopts.ptsprojects.testcase.TestFunc'>, func=<function gap_set_broadcast_code at 0x000001E0BA2A4220> start_wid=None stop_wid=None post_wid=None skip_call=None call_count=127 args=('0102680553F1415AA265BBAFC6EA03B8',) kwds={}
2026-09-23 23:29:11,326 LT1-thread root DEBUG testcase.py               731   pre_run                   : 18) class=<class 'autopts.ptsprojects.testcase.TestFunc'>, func=<function set_pts_addr at 0x000001E0BA25DD00> start_wid=None stop_wid=None post_wid=None skip_call=None call_count=127 args=('00:1B:DC:08:E4:4E', 0) kwds={}
2026-09-23 23:29:11,326 LT1-thread root DEBUG testcase.py               731   pre_run                   : 19) class=<class 'autopts.ptsprojects.testcase.TestFunc'>, func=<function gatts_add_svc at 0x000001E0BA2B5940> start_wid=None stop_wid=None post_wid=None skip_call=None call_count=97 args=(0, 'AA51') kwds={}
2026-09-23 23:29:11,327 LT1-thread root DEBUG testcase.py               731   pre_run                   : 20) class=<class 'autopts.ptsprojects.testcase.TestFunc'>, func=<function gatts_add_char at 0x000001E0BA2B5A80> start_wid=None stop_wid=None post_wid=None skip_call=None call_count=97 args=(0, 2, 17, 'AA52') kwds={}
2026-09-23 23:29:11,327 LT1-thread root DEBUG testcase.py               731   pre_run                   : 21) class=<class 'autopts.ptsprojects.testcase.TestFunc'>, func=<function gatts_set_val at 0x000001E0BA2B5B20> start_wid=None stop_wid=None post_wid=None skip_call=None call_count=97 args=(0, '01') kwds={}
2026-09-23 23:29:11,327 LT1-thread root DEBUG testcase.py               731   pre_run                   : 22) class=<class 'autopts.ptsprojects.testcase.TestFunc'>, func=<function gatts_add_char at 0x000001E0BA2B5A80> start_wid=None stop_wid=None post_wid=None skip_call=None call_count=97 args=(0, 2, 5, 'AA53') kwds={}
2026-09-23 23:29:11,327 LT1-thread root DEBUG testcase.py               731   pre_run                   : 23) class=<class 'autopts.ptsprojects.testcase.TestFunc'>, func=<function gatts_set_val at 0x000001E0BA2B5B20> start_wid=None stop_wid=None post_wid=None skip_call=None call_count=97 args=(0, '02') kwds={}
2026-09-23 23:29:11,327 LT1-thread root DEBUG testcase.py               731   pre_run                   : 24) class=<class 'autopts.ptsprojects.testcase.TestFunc'>, func=<function gatts_add_char at 0x000001E0BA2B5A80> start_wid=None stop_wid=None post_wid=None skip_call=None call_count=97 args=(0, 10, 48, 'AA55') kwds={}
2026-09-23 23:29:11,327 LT1-thread root DEBUG testcase.py               731   pre_run                   : 25) class=<class 'autopts.ptsprojects.testcase.TestFunc'>, func=<function gatts_set_val at 0x000001E0BA2B5B20> start_wid=None stop_wid=None post_wid=None skip_call=None call_count=97 args=(0, '04') kwds={}
2026-09-23 23:29:11,327 LT1-thread root DEBUG testcase.py               731   pre_run                   : 26) class=<class 'autopts.ptsprojects.testcase.TestFunc'>, func=<function gatts_start_server at 0x000001E0BA2B5DA0> start_wid=None stop_wid=None post_wid=None skip_call=None call_count=97 args=() kwds={}
2026-09-23 23:29:11,327 LT1-thread root DEBUG testcase.py               731   pre_run                   : 27) class=<class 'autopts.ptsprojects.testcase.TestFuncCleanUp'>, func=<bound method ZTestCase._test_case_cleanup of <autopts.ptsprojects.zephyr.ztestcase.ZTestCase object at 0x000001E0BD84A060>> start_wid=None stop_wid=None post_wid=None skip_call=None call_count=0 args=() kwds={}
2026-09-23 23:29:11,327 LT1-thread root DEBUG testcase.py               738   pre_run                   : pre_run, run pre test case script
2026-09-23 23:29:11,335 LT1-thread root DEBUG testcase.py               254   start                     : Starting test function: class=<class 'autopts.ptsprojects.testcase.TestFunc'>, func=<bound method ZTestCase._test_case_start of <autopts.ptsprojects.zephyr.ztestcase.ZTestCase object at 0x000001E0BD84A060>> start_wid=None stop_wid=None post_wid=None skip_call=None call_count=1 args=() kwds={}
2026-09-23 23:29:11,335 LT1-thread root DEBUG testcase.py               266   start                     : Test function parameters: args=(), kwds={}
2026-09-23 23:29:11,335 LT1-thread root DEBUG iutctl.py                 172   start                     : <class 'autopts.ptsprojects.zephyr.iutctl.create_zephyr_ctl_class.<locals>.ZephyrCtl'>.start
2026-09-23 23:29:11,335 LT1-thread root DEBUG iutctl.py                 325   flush_serial              : <class 'autopts.ptsprojects.zephyr.iutctl.create_zephyr_ctl_class.<locals>.ZephyrCtl'>.flush_serial
2026-09-23 23:29:12,522 LT1-thread root DEBUG iutctl.py                 249   _start_tty_mode           : Starting socat process: socat.exe -x -v tcp:10.17.12.9:60763,retry=100,interval=1 /dev/ttyS2,raw,b115200,
2026-09-23 23:29:12,530 LT1-thread root DEBUG iutctl_common.py          402   accept                    : 
2026-09-23 23:29:12,605 BTPWorkerThread-10968 (_rx_task) root DEBUG iutctl_common.py          299   _rx_task                  : BTPWorkerThread-10968 (_rx_task) started
2026-09-23 23:29:12,606 LT1-thread root DEBUG iutctl.py                 395   wait_iut_ready_event      : IUT ready event received OK
2026-09-23 23:29:12,606 LT1-thread root DEBUG btp.py                    51    read_supp_svcs            : 
2026-09-23 23:29:12,606 LT1-thread root DEBUG iutctl_common.py          161   send                      : 0 2 255 ''
2026-09-23 23:29:12,607 LT1-thread root DEBUG iutctl_common.py          166   send                      : sending frame '0002ff0000'
2026-09-23 23:29:12,607 LT1-thread root DEBUG iutctl_common.py          339   read                      : 
2026-09-23 23:29:12,621 BTPWorkerThread-10968 (_rx_task) root DEBUG iutctl_common.py          123   read                      : Read 5 bytes
2026-09-23 23:29:12,633 BTPWorkerThread-10968 (_rx_task) root DEBUG iutctl_common.py          131   read                      : Received: hdr: Header(svc_id=0x00, op=0x02, ctrl_index=0xff, data_len=0x06) bytearray(b'\x00\x02\xff\x06\x00')
2026-09-23 23:29:12,644 BTPWorkerThread-10968 (_rx_task) root DEBUG iutctl_common.py          139   read                      : Read 6 bytes data
2026-09-23 23:29:12,650 BTPWorkerThread-10968 (_rx_task) root DEBUG iutctl_common.py          154   read                      : Received data: {'0f 00 00 a0 ff 03'}, bytearray(b'\x0f\x00\x00\xa0\xff\x03')
2026-09-23 23:29:12,656 LT1-thread root DEBUG btp.py                    62    read_supp_svcs            : received Header(svc_id=0, op=2, ctrl_index=255, data_len=6) (b'\x0f\x00\x00\xa0\xff\x03',)
2026-09-23 23:29:12,656 LT1-thread root DEBUG testcase.py               254   start                     : Starting test function: class=<class 'autopts.ptsprojects.testcase.TestFunc'>, func=<function core_reg_svc_gap at 0x000001E0BA25E160> start_wid=None stop_wid=None post_wid=None skip_call=None call_count=128 args=() kwds={}
2026-09-23 23:29:12,656 LT1-thread root DEBUG testcase.py               266   start                     : Test function parameters: args=(), kwds={}
2026-09-23 23:29:12,656 LT1-thread root DEBUG btp.py                    117   core_reg_svc_univ         : core_reg_svc_univ: gap_reg (GAP)
2026-09-23 23:29:12,656 LT1-thread root DEBUG iutctl_common.py          161   send                      : 0 3 255 '1'
2026-09-23 23:29:12,656 LT1-thread root DEBUG iutctl_common.py          166   send                      : sending frame '0003ff010001'
2026-09-23 23:29:12,656 LT1-thread root DEBUG btp.py                    654   core_reg_svc_rsp_succ     : 
2026-09-23 23:29:12,657 LT1-thread root DEBUG iutctl_common.py          339   read                      : 
2026-09-23 23:29:16,768 BTPWorkerThread-10968 (_rx_task) root DEBUG iutctl_common.py          123   read                      : Read 5 bytes
2026-09-23 23:29:16,779 BTPWorkerThread-10968 (_rx_task) root DEBUG iutctl_common.py          131   read                      : Received: hdr: Header(svc_id=0x00, op=0x03, ctrl_index=0xff, data_len=0x00) bytearray(b'\x00\x03\xff\x00\x00')
2026-09-23 23:29:16,779 BTPWorkerThread-10968 (_rx_task) root DEBUG iutctl_common.py          154   read                      : Received data: {''}, bytearray(b'')
2026-09-23 23:29:16,785 LT1-thread root DEBUG btp.py                    665   core_reg_svc_rsp_succ     : received Header(svc_id=0, op=3, ctrl_index=255, data_len=0) (b'',)
2026-09-23 23:29:16,785 LT1-thread root DEBUG btp.py                    666   core_reg_svc_rsp_succ     : expected ((0, 3, 255, 0), (b'',))
2026-09-23 23:29:16,785 LT1-thread root DEBUG btp.py                    671   core_reg_svc_rsp_succ     : response is valid
2026-09-23 23:29:16,785 LT1-thread root DEBUG btp.py                    674   core_reg_svc_rsp_succ     : Reading supported commands for service: GAP
2026-09-23 23:29:16,785 LT1-thread root DEBUG iutctl_common.py          161   send                      : 1 1 255 ''
2026-09-23 23:29:16,785 LT1-thread root DEBUG iutctl_common.py          166   send                      : sending frame '0101ff0000'
2026-09-23 23:29:16,786 LT1-thread root DEBUG iutctl_common.py          339   read                      : 
2026-09-23 23:29:16,823 BTPWorkerThread-10968 (_rx_task) root DEBUG iutctl_common.py          123   read                      : Read 5 bytes
2026-09-23 23:29:16,835 BTPWorkerThread-10968 (_rx_task) root DEBUG iutctl_common.py          131   read                      : Received: hdr: Header(svc_id=0x01, op=0x01, ctrl_index=0xff, data_len=0x07) bytearray(b'\x01\x01\xff\x07\x00')
2026-09-23 23:29:16,846 BTPWorkerThread-10968 (_rx_task) root DEBUG iutctl_common.py          139   read                      : Read 7 bytes data
2026-09-23 23:29:16,851 BTPWorkerThread-10968 (_rx_task) root DEBUG iutctl_common.py          154   read                      : Received data: {'6e ff 7f 1f fe ff 2e'}, bytearray(b'n\xff\x7f\x1f\xfe\xff.')
2026-09-23 23:29:16,857 LT1-thread root DEBUG testcase.py               254   start                     : Starting test function: class=<class 'autopts.ptsprojects.testcase.TestFunc'>, func=<bound method Stack.gap_init of <autopts.ptsprojects.stack.stack.Stack object at 0x000001E0B9424A70>> start_wid=None stop_wid=None post_wid=None skip_call=None call_count=128 args=(b'Tester_08E44E', 'ABCD', '1111', '1111', '11', '1111', b'\x17github.com/auto-pts', (8, 'PADV_Tester'), 'FF') kwds={}
2026-09-23 23:29:16,857 LT1-thread root DEBUG testcase.py               266   start                     : Test function parameters: args=(b'Tester_08E44E', 'ABCD', '1111', '1111', '11', '1111', b'\x17github.com/auto-pts', (8, 'PADV_Tester'), 'FF'), kwds={}
2026-09-23 23:29:16,857 LT1-thread root DEBUG testcase.py               254   start                     : Starting test function: class=<class 'autopts.ptsprojects.testcase.TestFunc'>, func=<function gap_read_controller_info at 0x000001E0BA29EB60> start_wid=None stop_wid=None post_wid=None skip_call=None call_count=128 args=() kwds={}
2026-09-23 23:29:16,857 LT1-thread root DEBUG testcase.py               266   start                     : Test function parameters: args=(), kwds={}
2026-09-23 23:29:16,857 LT1-thread root DEBUG gap.py                    1163  gap_read_controller_info  : 
2026-09-23 23:29:16,857 LT1-thread root DEBUG iutctl_common.py          161   send                      : 1 3 0 ''
2026-09-23 23:29:16,857 LT1-thread root DEBUG iutctl_common.py          166   send                      : sending frame '0103000000'
2026-09-23 23:29:16,857 LT1-thread root DEBUG iutctl_common.py          339   read                      : 
2026-09-23 23:29:16,889 BTPWorkerThread-10968 (_rx_task) root DEBUG iutctl_common.py          123   read                      : Read 5 bytes
2026-09-23 23:29:16,899 BTPWorkerThread-10968 (_rx_task) root DEBUG iutctl_common.py          131   read                      : Received: hdr: Header(svc_id=0x01, op=0x03, ctrl_index=0x00, data_len=0x115) bytearray(b'\x01\x03\x00\x15\x01')
2026-09-23 23:29:16,910 BTPWorkerThread-10968 (_rx_task) root DEBUG iutctl_common.py          139   read                      : Read 277 bytes data
2026-09-23 23:29:16,915 BTPWorkerThread-10968 (_rx_task) root DEBUG iutctl_common.py          154   read                      : Received data: {'19 78 ee 69 17 d0 d3 06 02 00 13 02 00 00 00 00 00 62 74 70 5f 74 65 73 74 65 72 00 00 00 00 00 00 00 00 00 00 00 00 00 00 00 00 00 00 00 00 00 00 00 00 00 00 00 00 00 00 00 00 00 00 00 00 00 00 00 00 00 00 00 00 00 00 00 00 00 00 00 00 00 00 00 00 00 00 00 00 00 00 00 00 00 00 00 00 00 00 00 00 00 00 00 00 00 00 00 00 00 00 00 00 00 00 00 00 00 00 00 00 00 00 00 00 00 00 00 00 00 00 00 00 00 00 00 00 00 00 00 00 00 00 00 00 00 00 00 00 00 00 00 00 00 00 00 00 00 00 00 00 00 00 00 00 00 00 00 00 00 00 00 00 00 00 00 00 00 00 00 00 00 00 00 00 00 00 00 00 00 00 00 00 00 00 00 00 00 00 00 00 00 00 00 00 00 00 00 00 00 00 00 00 00 00 00 00 00 00 00 00 00 00 00 00 00 00 00 00 00 00 00 00 00 00 00 00 00 00 00 00 00 00 00 00 00 00 00 00 00 00 00 00 00 00 00 00 00 00 00 00 00 00 00 00 00 00 00 00 00 00 00 00 00 00 00 00 00 00'}, bytearray(b'\x19x\xeei\x17\xd0\xd3\x06\x02\x00\x13\x02\x00\x00\x00\x00\x00btp_tester\x00\x00\x00\x00\x00\x00\x00\x00\x00\x00\x00\x00\x00\x00\x00\x00\x00\x00\x00\x00\x00\x00\x00\x00\x00\x00\x00\x00\x00\x00\x00\x00\x00\x00\x00\x00\x00\x00\x00\x00\x00\x00\x00\x00\x00\x00\x00\x00\x00\x00\x00\x00\x00\x00\x00\x00\x00\x00\x00\x00\x00\x00\x00\x00\x00\x00\x00\x00\x00\x00\x00\x00\x00\x00\x00\x00\x00\x00\x00\x00\x00\x00\x00\x00\x00\x00\x00\x00\x00\x00\x00\x00\x00\x00\x00\x00\x00\x00\x00\x00\x00\x00\x00\x00\x00\x00\x00\x00\x00\x00\x00\x00\x00\x00\x00\x00\x00\x00\x00\x00\x00\x00\x00\x00\x00\x00\x00\x00\x00\x00\x00\x00\x00\x00\x00\x00\x00\x00\x00\x00\x00\x00\x00\x00\x00\x00\x00\x00\x00\x00\x00\x00\x00\x00\x00\x00\x00\x00\x00\x00\x00\x00\x00\x00\x00\x00\x00\x00\x00\x00\x00\x00\x00\x00\x00\x00\x00\x00\x00\x00\x00\x00\x00\x00\x00\x00\x00\x00\x00\x00\x00\x00\x00\x00\x00\x00\x00\x00\x00\x00\x00\x00\x00\x00\x00\x00\x00\x00\x00\x00\x00\x00\x00\x00\x00\x00\x00\x00\x00\x00\x00\x00\x00\x00\x00\x00\x00\x00\x00\x00\x00\x00\x00\x00\x00\x00\x00\x00\x00\x00\x00\x00\x00\x00\x00\x00\x00\x00\x00\x00')
2026-09-23 23:29:16,925 LT1-thread root DEBUG gap.py                    1170  gap_read_controller_info  : received Header(svc_id=1, op=3, ctrl_index=0, data_len=277) (b'\x19x\xeei\x17\xd0\xd3\x06\x02\x00\x13\x02\x00\x00\x00\x00\x00btp_tester\x00\x00\x00\x00\x00\x00\x00\x00\x00\x00\x00\x00\x00\x00\x00\x00\x00\x00\x00\x00\x00\x00\x00\x00\x00\x00\x00\x00\x00\x00\x00\x00\x00\x00\x00\x00\x00\x00\x00\x00\x00\x00\x00\x00\x00\x00\x00\x00\x00\x00\x00\x00\x00\x00\x00\x00\x00\x00\x00\x00\x00\x00\x00\x00\x00\x00\x00\x00\x00\x00\x00\x00\x00\x00\x00\x00\x00\x00\x00\x00\x00\x00\x00\x00\x00\x00\x00\x00\x00\x00\x00\x00\x00\x00\x00\x00\x00\x00\x00\x00\x00\x00\x00\x00\x00\x00\x00\x00\x00\x00\x00\x00\x00\x00\x00\x00\x00\x00\x00\x00\x00\x00\x00\x00\x00\x00\x00\x00\x00\x00\x00\x00\x00\x00\x00\x00\x00\x00\x00\x00\x00\x00\x00\x00\x00\x00\x00\x00\x00\x00\x00\x00\x00\x00\x00\x00\x00\x00\x00\x00\x00\x00\x00\x00\x00\x00\x00\x00\x00\x00\x00\x00\x00\x00\x00\x00\x00\x00\x00\x00\x00\x00\x00\x00\x00\x00\x00\x00\x00\x00\x00\x00\x00\x00\x00\x00\x00\x00\x00\x00\x00\x00\x00\x00\x00\x00\x00\x00\x00\x00\x00\x00\x00\x00\x00\x00\x00\x00\x00\x00\x00\x00\x00\x00\x00\x00\x00\x00\x00\x00\x00\x00\x00\x00\x00\x00\x00\x00\x00\x00\x00\x00\x00\x00\x00\x00\x00\x00\x00\x00',)
2026-09-23 23:29:16,925 LT1-thread root DEBUG gap.py                    1191  gap_read_controller_info  : IUT address 'd01769ee7819' 'public'
2026-09-23 23:29:16,925 LT1-thread root DEBUG gap.py                    596   __gap_current_settings_update : 531
2026-09-23 23:29:16,925 LT1-thread root DEBUG testcase.py               254   start                     : Starting test function: class=<class 'autopts.ptsprojects.testcase.TestFunc'>, func=<function test_cases.<locals>.<lambda> at 0x000001E0BD7C6DE0> start_wid=None stop_wid=None post_wid=None skip_call=None call_count=128 args=() kwds={}
2026-09-23 23:29:16,925 LT1-thread root DEBUG testcase.py               266   start                     : Test function parameters: args=(), kwds={}
2026-09-23 23:29:16,933 LT1-thread root DEBUG testcase.py               254   start                     : Starting test function: class=<class 'autopts.ptsprojects.testcase.TestFunc'>, func=<function test_cases.<locals>.<lambda> at 0x000001E0BD7C5120> start_wid=None stop_wid=None post_wid=None skip_call=None call_count=128 args=() kwds={}
2026-09-23 23:29:16,934 LT1-thread root DEBUG testcase.py               266   start                     : Test function parameters: args=(), kwds={}
2026-09-23 23:29:16,943 LT1-thread root DEBUG testcase.py               254   start                     : Starting test function: class=<class 'autopts.ptsprojects.testcase.TestFunc'>, func=<function test_cases.<locals>.<lambda> at 0x000001E0BD7C6E80> start_wid=None stop_wid=None post_wid=None skip_call=None call_count=128 args=() kwds={}
2026-09-23 23:29:16,943 LT1-thread root DEBUG testcase.py               266   start                     : Test function parameters: args=(), kwds={}
2026-09-23 23:29:16,951 LT1-thread root DEBUG testcase.py               254   start                     : Starting test function: class=<class 'autopts.ptsprojects.testcase.TestFunc'>, func=<function test_cases.<locals>.<lambda> at 0x000001E0BD7C6F20> start_wid=None stop_wid=None post_wid=None skip_call=None call_count=128 args=() kwds={}
2026-09-23 23:29:16,951 LT1-thread root DEBUG testcase.py               266   start                     : Test function parameters: args=(), kwds={}
2026-09-23 23:29:16,959 LT1-thread root DEBUG testcase.py               254   start                     : Starting test function: class=<class 'autopts.ptsprojects.testcase.TestFunc'>, func=<function test_cases.<locals>.<lambda> at 0x000001E0BD7C6FC0> start_wid=None stop_wid=None post_wid=None skip_call=None call_count=128 args=() kwds={}
2026-09-23 23:29:16,959 LT1-thread root DEBUG testcase.py               266   start                     : Test function parameters: args=(), kwds={}
2026-09-23 23:29:16,966 LT1-thread root DEBUG testcase.py               254   start                     : Starting test function: class=<class 'autopts.ptsprojects.testcase.TestFunc'>, func=<function test_cases.<locals>.<lambda> at 0x000001E0BD7C7060> start_wid=None stop_wid=None post_wid=None skip_call=None call_count=128 args=() kwds={}
2026-09-23 23:29:16,967 LT1-thread root DEBUG testcase.py               266   start                     : Test function parameters: args=(), kwds={}
2026-09-23 23:29:16,975 LT1-thread root DEBUG testcase.py               254   start                     : Starting test function: class=<class 'autopts.ptsprojects.testcase.TestFunc'>, func=<function test_cases.<locals>.<lambda> at 0x000001E0BD7C7100> start_wid=None stop_wid=None post_wid=None skip_call=None call_count=128 args=() kwds={}
2026-09-23 23:29:16,975 LT1-thread root DEBUG testcase.py               266   start                     : Test function parameters: args=(), kwds={}
2026-09-23 23:29:16,983 LT1-thread root DEBUG testcase.py               254   start                     : Starting test function: class=<class 'autopts.ptsprojects.testcase.TestFunc'>, func=<function test_cases.<locals>.<lambda> at 0x000001E0BD7C71A0> start_wid=None stop_wid=None post_wid=None skip_call=None call_count=128 args=() kwds={}
2026-09-23 23:29:16,983 LT1-thread root DEBUG testcase.py               266   start                     : Test function parameters: args=(), kwds={}
2026-09-23 23:29:16,991 LT1-thread root DEBUG testcase.py               254   start                     : Starting test function: class=<class 'autopts.ptsprojects.testcase.TestFunc'>, func=<function test_cases.<locals>.<lambda> at 0x000001E0BD7C7240> start_wid=None stop_wid=None post_wid=None skip_call=None call_count=128 args=() kwds={}
2026-09-23 23:29:16,991 LT1-thread root DEBUG testcase.py               266   start                     : Test function parameters: args=(), kwds={}
2026-09-23 23:29:16,999 LT1-thread root DEBUG testcase.py               254   start                     : Starting test function: class=<class 'autopts.ptsprojects.testcase.TestFunc'>, func=<function test_cases.<locals>.<lambda> at 0x000001E0BD7C72E0> start_wid=None stop_wid=None post_wid=None skip_call=None call_count=128 args=() kwds={}
2026-09-23 23:29:16,999 LT1-thread root DEBUG testcase.py               266   start                     : Test function parameters: args=(), kwds={}
2026-09-23 23:29:17,006 LT1-thread root DEBUG testcase.py               254   start                     : Starting test function: class=<class 'autopts.ptsprojects.testcase.TestFunc'>, func=<function core_reg_svc_gatt at 0x000001E0BA25E2A0> start_wid=None stop_wid=None post_wid=None skip_call=None call_count=128 args=() kwds={}
2026-09-23 23:29:17,006 LT1-thread root DEBUG testcase.py               266   start                     : Test function parameters: args=(), kwds={}
2026-09-23 23:29:17,007 LT1-thread root DEBUG btp.py                    117   core_reg_svc_univ         : core_reg_svc_univ: gatt_reg (GATT)
2026-09-23 23:29:17,007 LT1-thread root DEBUG iutctl_common.py          161   send                      : 0 3 255 '2'
2026-09-23 23:29:17,007 LT1-thread root DEBUG iutctl_common.py          166   send                      : sending frame '0003ff010002'
2026-09-23 23:29:17,007 LT1-thread root DEBUG btp.py                    654   core_reg_svc_rsp_succ     : 
2026-09-23 23:29:17,007 LT1-thread root DEBUG iutctl_common.py          339   read                      : 
2026-09-23 23:29:17,043 BTPWorkerThread-10968 (_rx_task) root DEBUG iutctl_common.py          123   read                      : Read 5 bytes
2026-09-23 23:29:17,049 BTPWorkerThread-10968 (_rx_task) root DEBUG iutctl_common.py          131   read                      : Received: hdr: Header(svc_id=0x00, op=0x03, ctrl_index=0xff, data_len=0x00) bytearray(b'\x00\x03\xff\x00\x00')
2026-09-23 23:29:17,049 BTPWorkerThread-10968 (_rx_task) root DEBUG iutctl_common.py          154   read                      : Received data: {''}, bytearray(b'')
2026-09-23 23:29:17,049 LT1-thread root DEBUG btp.py                    665   core_reg_svc_rsp_succ     : received Header(svc_id=0, op=3, ctrl_index=255, data_len=0) (b'',)
2026-09-23 23:29:17,049 LT1-thread root DEBUG btp.py                    666   core_reg_svc_rsp_succ     : expected ((0, 3, 255, 0), (b'',))
2026-09-23 23:29:17,049 LT1-thread root DEBUG btp.py                    671   core_reg_svc_rsp_succ     : response is valid
2026-09-23 23:29:17,049 LT1-thread root DEBUG btp.py                    674   core_reg_svc_rsp_succ     : Reading supported commands for service: GATT
2026-09-23 23:29:17,050 LT1-thread root DEBUG iutctl_common.py          161   send                      : 2 1 255 ''
2026-09-23 23:29:17,050 LT1-thread root DEBUG iutctl_common.py          166   send                      : sending frame '0201ff0000'
2026-09-23 23:29:17,050 LT1-thread root DEBUG iutctl_common.py          339   read                      : 
2026-09-23 23:29:17,088 BTPWorkerThread-10968 (_rx_task) root DEBUG iutctl_common.py          123   read                      : Read 5 bytes
2026-09-23 23:29:17,100 BTPWorkerThread-10968 (_rx_task) root DEBUG iutctl_common.py          131   read                      : Received: hdr: Header(svc_id=0x02, op=0x01, ctrl_index=0xff, data_len=0x05) bytearray(b'\x02\x01\xff\x05\x00')
2026-09-23 23:29:17,100 BTPWorkerThread-10968 (_rx_task) root DEBUG iutctl_common.py          139   read                      : Read 5 bytes data
2026-09-23 23:29:17,100 BTPWorkerThread-10968 (_rx_task) root DEBUG iutctl_common.py          154   read                      : Received data: {'fe fe bf fd 0f'}, bytearray(b'\xfe\xfe\xbf\xfd\x0f')
2026-09-23 23:29:17,105 LT1-thread root DEBUG testcase.py               254   start                     : Starting test function: class=<class 'autopts.ptsprojects.testcase.TestFunc'>, func=<bound method Stack.gatt_init of <autopts.ptsprojects.stack.stack.Stack object at 0x000001E0B9424A70>> start_wid=None stop_wid=None post_wid=None skip_call=None call_count=128 args=() kwds={}
2026-09-23 23:29:17,105 LT1-thread root DEBUG testcase.py               266   start                     : Test function parameters: args=(), kwds={}
2026-09-23 23:29:17,105 LT1-thread root DEBUG testcase.py               254   start                     : Starting test function: class=<class 'autopts.ptsprojects.testcase.TestFunc'>, func=<function gap_set_io_capability at 0x000001E0BA29E020> start_wid=None stop_wid=None post_wid=None skip_call=None call_count=128 args=(4,) kwds={}
2026-09-23 23:29:17,105 LT1-thread root DEBUG testcase.py               266   start                     : Test function parameters: args=(4,), kwds={}
2026-09-23 23:29:17,105 LT1-thread root DEBUG gap.py                    861   gap_set_io_capability     : 4
2026-09-23 23:29:17,105 LT1-thread root DEBUG iutctl_common.py          161   send                      : 1 16 0 '\x04'
2026-09-23 23:29:17,106 LT1-thread root DEBUG iutctl_common.py          166   send                      : sending frame '011000010004'
2026-09-23 23:29:17,106 LT1-thread root DEBUG gap.py                    1229  gap_command_rsp_succ      : 
2026-09-23 23:29:17,106 LT1-thread root DEBUG iutctl_common.py          339   read                      : 
2026-09-23 23:29:17,142 BTPWorkerThread-10968 (_rx_task) root DEBUG iutctl_common.py          123   read                      : Read 5 bytes
2026-09-23 23:29:17,154 BTPWorkerThread-10968 (_rx_task) root DEBUG iutctl_common.py          131   read                      : Received: hdr: Header(svc_id=0x01, op=0x10, ctrl_index=0x00, data_len=0x00) bytearray(b'\x01\x10\x00\x00\x00')
2026-09-23 23:29:17,154 BTPWorkerThread-10968 (_rx_task) root DEBUG iutctl_common.py          154   read                      : Received data: {''}, bytearray(b'')
2026-09-23 23:29:17,160 LT1-thread root DEBUG gap.py                    1234  gap_command_rsp_succ      : received Header(svc_id=1, op=16, ctrl_index=0, data_len=0) (b'',)
2026-09-23 23:29:17,160 LT1-thread root DEBUG testcase.py               254   start                     : Starting test function: class=<class 'autopts.ptsprojects.testcase.TestFunc'>, func=<function gap_set_broadcast_code at 0x000001E0BA2A4220> start_wid=None stop_wid=None post_wid=None skip_call=None call_count=128 args=('0102680553F1415AA265BBAFC6EA03B8',) kwds={}
2026-09-23 23:29:17,160 LT1-thread root DEBUG testcase.py               266   start                     : Test function parameters: args=('0102680553F1415AA265BBAFC6EA03B8',), kwds={}
2026-09-23 23:29:17,160 LT1-thread root DEBUG gap.py                    1891  gap_set_broadcast_code    : '0102680553F1415AA265BBAFC6EA03B8'
2026-09-23 23:29:17,160 LT1-thread root DEBUG testcase.py               254   start                     : Starting test function: class=<class 'autopts.ptsprojects.testcase.TestFunc'>, func=<function set_pts_addr at 0x000001E0BA25DD00> start_wid=None stop_wid=None post_wid=None skip_call=None call_count=128 args=('00:1B:DC:08:E4:4E', 0) kwds={}
2026-09-23 23:29:17,161 LT1-thread root DEBUG testcase.py               266   start                     : Test function parameters: args=('00:1B:DC:08:E4:4E', 0), kwds={}
2026-09-23 23:29:17,161 LT1-thread root DEBUG testcase.py               254   start                     : Starting test function: class=<class 'autopts.ptsprojects.testcase.TestFunc'>, func=<function gatts_add_svc at 0x000001E0BA2B5940> start_wid=None stop_wid=None post_wid=None skip_call=None call_count=98 args=(0, 'AA51') kwds={}
2026-09-23 23:29:17,161 LT1-thread root DEBUG testcase.py               266   start                     : Test function parameters: args=(0, 'AA51'), kwds={}
2026-09-23 23:29:17,161 LT1-thread root DEBUG gatt.py                   143   gatts_add_svc             : 0 'AA51'
2026-09-23 23:29:17,161 LT1-thread root DEBUG iutctl_common.py          161   send                      : 2 2 0 "bytearray(b'\\x00\\x02Q\\xaa')"
2026-09-23 23:29:17,161 LT1-thread root DEBUG iutctl_common.py          166   send                      : sending frame '0202000400000251aa'
2026-09-23 23:29:17,161 LT1-thread root DEBUG gatt.py                   1190  gatt_command_rsp_succ     : 
2026-09-23 23:29:17,161 LT1-thread root DEBUG iutctl_common.py          339   read                      : 
2026-09-23 23:29:17,198 BTPWorkerThread-10968 (_rx_task) root DEBUG iutctl_common.py          123   read                      : Read 5 bytes
2026-09-23 23:29:17,204 BTPWorkerThread-10968 (_rx_task) root DEBUG iutctl_common.py          131   read                      : Received: hdr: Header(svc_id=0x02, op=0x02, ctrl_index=0x00, data_len=0x02) bytearray(b'\x02\x02\x00\x02\x00')
2026-09-23 23:29:17,210 BTPWorkerThread-10968 (_rx_task) root DEBUG iutctl_common.py          139   read                      : Read 2 bytes data
2026-09-23 23:29:17,221 BTPWorkerThread-10968 (_rx_task) root DEBUG iutctl_common.py          154   read                      : Received data: {'00 00'}, bytearray(b'\x00\x00')
2026-09-23 23:29:17,232 LT1-thread root DEBUG gatt.py                   1195  gatt_command_rsp_succ     : received Header(svc_id=2, op=2, ctrl_index=0, data_len=2) (b'\x00\x00',)
2026-09-23 23:29:17,232 LT1-thread root DEBUG testcase.py               254   start                     : Starting test function: class=<class 'autopts.ptsprojects.testcase.TestFunc'>, func=<function gatts_add_char at 0x000001E0BA2B5A80> start_wid=None stop_wid=None post_wid=None skip_call=None call_count=98 args=(0, 2, 17, 'AA52') kwds={}
2026-09-23 23:29:17,232 LT1-thread root DEBUG testcase.py               266   start                     : Test function parameters: args=(0, 2, 17, 'AA52'), kwds={}
2026-09-23 23:29:17,232 LT1-thread root DEBUG gatt.py                   177   gatts_add_char            : 0 2 17 'AA52'
2026-09-23 23:29:17,232 LT1-thread root DEBUG iutctl_common.py          161   send                      : 2 3 0 "bytearray(b'\\x00\\x00\\x02\\x11\\x02R\\xaa')"
2026-09-23 23:29:17,232 LT1-thread root DEBUG iutctl_common.py          166   send                      : sending frame '0203000700000002110252aa'
2026-09-23 23:29:17,233 LT1-thread root DEBUG gatt.py                   1190  gatt_command_rsp_succ     : 
2026-09-23 23:29:17,233 LT1-thread root DEBUG iutctl_common.py          339   read                      : 
2026-09-23 23:29:17,264 BTPWorkerThread-10968 (_rx_task) root DEBUG iutctl_common.py          123   read                      : Read 5 bytes
2026-09-23 23:29:17,274 BTPWorkerThread-10968 (_rx_task) root DEBUG iutctl_common.py          131   read                      : Received: hdr: Header(svc_id=0x02, op=0x03, ctrl_index=0x00, data_len=0x02) bytearray(b'\x02\x03\x00\x02\x00')
2026-09-23 23:29:17,280 BTPWorkerThread-10968 (_rx_task) root DEBUG iutctl_common.py          139   read                      : Read 2 bytes data
2026-09-23 23:29:17,286 BTPWorkerThread-10968 (_rx_task) root DEBUG iutctl_common.py          154   read                      : Received data: {'00 00'}, bytearray(b'\x00\x00')
2026-09-23 23:29:17,292 LT1-thread root DEBUG gatt.py                   1195  gatt_command_rsp_succ     : received Header(svc_id=2, op=3, ctrl_index=0, data_len=2) (b'\x00\x00',)
2026-09-23 23:29:17,292 LT1-thread root DEBUG testcase.py               254   start                     : Starting test function: class=<class 'autopts.ptsprojects.testcase.TestFunc'>, func=<function gatts_set_val at 0x000001E0BA2B5B20> start_wid=None stop_wid=None post_wid=None skip_call=None call_count=98 args=(0, '01') kwds={}
2026-09-23 23:29:17,292 LT1-thread root DEBUG testcase.py               266   start                     : Test function parameters: args=(0, '01'), kwds={}
2026-09-23 23:29:17,292 LT1-thread root DEBUG gatt.py                   209   gatts_set_val             : 0 '01' 
2026-09-23 23:29:17,292 LT1-thread root DEBUG iutctl_common.py          161   send                      : 2 6 0 "bytearray(b'\\x00\\x00\\x01\\x00\\x01')"
2026-09-23 23:29:17,292 LT1-thread root DEBUG iutctl_common.py          166   send                      : sending frame '02060005000000010001'
2026-09-23 23:29:17,292 LT1-thread root DEBUG gatt.py                   1190  gatt_command_rsp_succ     : 
2026-09-23 23:29:17,293 LT1-thread root DEBUG iutctl_common.py          339   read                      : 
2026-09-23 23:29:17,329 BTPWorkerThread-10968 (_rx_task) root DEBUG iutctl_common.py          123   read                      : Read 5 bytes
2026-09-23 23:29:17,340 BTPWorkerThread-10968 (_rx_task) root DEBUG iutctl_common.py          131   read                      : Received: hdr: Header(svc_id=0x02, op=0x06, ctrl_index=0x00, data_len=0x00) bytearray(b'\x02\x06\x00\x00\x00')
2026-09-23 23:29:17,351 BTPWorkerThread-10968 (_rx_task) root DEBUG iutctl_common.py          154   read                      : Received data: {''}, bytearray(b'')
2026-09-23 23:29:17,362 LT1-thread root DEBUG gatt.py                   1195  gatt_command_rsp_succ     : received Header(svc_id=2, op=6, ctrl_index=0, data_len=0) (b'',)
2026-09-23 23:29:17,362 LT1-thread root DEBUG testcase.py               254   start                     : Starting test function: class=<class 'autopts.ptsprojects.testcase.TestFunc'>, func=<function gatts_add_char at 0x000001E0BA2B5A80> start_wid=None stop_wid=None post_wid=None skip_call=None call_count=98 args=(0, 2, 5, 'AA53') kwds={}
2026-09-23 23:29:17,362 LT1-thread root DEBUG testcase.py               266   start                     : Test function parameters: args=(0, 2, 5, 'AA53'), kwds={}
2026-09-23 23:29:17,362 LT1-thread root DEBUG gatt.py                   177   gatts_add_char            : 0 2 5 'AA53'
2026-09-23 23:29:17,362 LT1-thread root DEBUG iutctl_common.py          161   send                      : 2 3 0 "bytearray(b'\\x00\\x00\\x02\\x05\\x02S\\xaa')"
2026-09-23 23:29:17,362 LT1-thread root DEBUG iutctl_common.py          166   send                      : sending frame '0203000700000002050253aa'
2026-09-23 23:29:17,362 LT1-thread root DEBUG gatt.py                   1190  gatt_command_rsp_succ     : 
2026-09-23 23:29:17,363 LT1-thread root DEBUG iutctl_common.py          339   read                      : 
2026-09-23 23:29:17,395 BTPWorkerThread-10968 (_rx_task) root DEBUG iutctl_common.py          123   read                      : Read 5 bytes
2026-09-23 23:29:17,407 BTPWorkerThread-10968 (_rx_task) root DEBUG iutctl_common.py          131   read                      : Received: hdr: Header(svc_id=0x02, op=0x03, ctrl_index=0x00, data_len=0x02) bytearray(b'\x02\x03\x00\x02\x00')
2026-09-23 23:29:17,429 BTPWorkerThread-10968 (_rx_task) root DEBUG iutctl_common.py          139   read                      : Read 2 bytes data
2026-09-23 23:29:17,441 BTPWorkerThread-10968 (_rx_task) root DEBUG iutctl_common.py          154   read                      : Received data: {'00 00'}, bytearray(b'\x00\x00')
2026-09-23 23:29:17,453 LT1-thread root DEBUG gatt.py                   1195  gatt_command_rsp_succ     : received Header(svc_id=2, op=3, ctrl_index=0, data_len=2) (b'\x00\x00',)
2026-09-23 23:29:17,453 LT1-thread root DEBUG testcase.py               254   start                     : Starting test function: class=<class 'autopts.ptsprojects.testcase.TestFunc'>, func=<function gatts_set_val at 0x000001E0BA2B5B20> start_wid=None stop_wid=None post_wid=None skip_call=None call_count=98 args=(0, '02') kwds={}
2026-09-23 23:29:17,453 LT1-thread root DEBUG testcase.py               266   start                     : Test function parameters: args=(0, '02'), kwds={}
2026-09-23 23:29:17,453 LT1-thread root DEBUG gatt.py                   209   gatts_set_val             : 0 '02' 
2026-09-23 23:29:17,453 LT1-thread root DEBUG iutctl_common.py          161   send                      : 2 6 0 "bytearray(b'\\x00\\x00\\x01\\x00\\x02')"
2026-09-23 23:29:17,453 LT1-thread root DEBUG iutctl_common.py          166   send                      : sending frame '02060005000000010002'
2026-09-23 23:29:17,454 LT1-thread root DEBUG gatt.py                   1190  gatt_command_rsp_succ     : 
2026-09-23 23:29:17,454 LT1-thread root DEBUG iutctl_common.py          339   read                      : 
2026-09-23 23:29:17,487 BTPWorkerThread-10968 (_rx_task) root DEBUG iutctl_common.py          123   read                      : Read 5 bytes
2026-09-23 23:29:17,498 BTPWorkerThread-10968 (_rx_task) root DEBUG iutctl_common.py          131   read                      : Received: hdr: Header(svc_id=0x02, op=0x06, ctrl_index=0x00, data_len=0x00) bytearray(b'\x02\x06\x00\x00\x00')
2026-09-23 23:29:17,509 BTPWorkerThread-10968 (_rx_task) root DEBUG iutctl_common.py          154   read                      : Received data: {''}, bytearray(b'')
2026-09-23 23:29:17,509 LT1-thread root DEBUG gatt.py                   1195  gatt_command_rsp_succ     : received Header(svc_id=2, op=6, ctrl_index=0, data_len=0) (b'',)
2026-09-23 23:29:17,509 LT1-thread root DEBUG testcase.py               254   start                     : Starting test function: class=<class 'autopts.ptsprojects.testcase.TestFunc'>, func=<function gatts_add_char at 0x000001E0BA2B5A80> start_wid=None stop_wid=None post_wid=None skip_call=None call_count=98 args=(0, 10, 48, 'AA55') kwds={}
2026-09-23 23:29:17,510 LT1-thread root DEBUG testcase.py               266   start                     : Test function parameters: args=(0, 10, 48, 'AA55'), kwds={}
2026-09-23 23:29:17,510 LT1-thread root DEBUG gatt.py                   177   gatts_add_char            : 0 10 48 'AA55'
2026-09-23 23:29:17,510 LT1-thread root DEBUG iutctl_common.py          161   send                      : 2 3 0 "bytearray(b'\\x00\\x00\\n0\\x02U\\xaa')"
2026-09-23 23:29:17,510 LT1-thread root DEBUG iutctl_common.py          166   send                      : sending frame '020300070000000a300255aa'
2026-09-23 23:29:17,510 LT1-thread root DEBUG gatt.py                   1190  gatt_command_rsp_succ     : 
2026-09-23 23:29:17,510 LT1-thread root DEBUG iutctl_common.py          339   read                      : 
2026-09-23 23:29:17,548 BTPWorkerThread-10968 (_rx_task) root DEBUG iutctl_common.py          123   read                      : Read 5 bytes
2026-09-23 23:29:17,554 BTPWorkerThread-10968 (_rx_task) root DEBUG iutctl_common.py          131   read                      : Received: hdr: Header(svc_id=0x02, op=0x03, ctrl_index=0x00, data_len=0x02) bytearray(b'\x02\x03\x00\x02\x00')
2026-09-23 23:29:17,566 BTPWorkerThread-10968 (_rx_task) root DEBUG iutctl_common.py          139   read                      : Read 2 bytes data
2026-09-23 23:29:17,571 BTPWorkerThread-10968 (_rx_task) root DEBUG iutctl_common.py          154   read                      : Received data: {'00 00'}, bytearray(b'\x00\x00')
2026-09-23 23:29:17,577 LT1-thread root DEBUG gatt.py                   1195  gatt_command_rsp_succ     : received Header(svc_id=2, op=3, ctrl_index=0, data_len=2) (b'\x00\x00',)
2026-09-23 23:29:17,577 LT1-thread root DEBUG testcase.py               254   start                     : Starting test function: class=<class 'autopts.ptsprojects.testcase.TestFunc'>, func=<function gatts_set_val at 0x000001E0BA2B5B20> start_wid=None stop_wid=None post_wid=None skip_call=None call_count=98 args=(0, '04') kwds={}
2026-09-23 23:29:17,577 LT1-thread root DEBUG testcase.py               266   start                     : Test function parameters: args=(0, '04'), kwds={}
2026-09-23 23:29:17,577 LT1-thread root DEBUG gatt.py                   209   gatts_set_val             : 0 '04' 
2026-09-23 23:29:17,577 LT1-thread root DEBUG iutctl_common.py          161   send                      : 2 6 0 "bytearray(b'\\x00\\x00\\x01\\x00\\x04')"
2026-09-23 23:29:17,577 LT1-thread root DEBUG iutctl_common.py          166   send                      : sending frame '02060005000000010004'
2026-09-23 23:29:17,578 LT1-thread root DEBUG gatt.py                   1190  gatt_command_rsp_succ     : 
2026-09-23 23:29:17,578 LT1-thread root DEBUG iutctl_common.py          339   read                      : 
2026-09-23 23:29:17,614 BTPWorkerThread-10968 (_rx_task) root DEBUG iutctl_common.py          123   read                      : Read 5 bytes
2026-09-23 23:29:17,624 BTPWorkerThread-10968 (_rx_task) root DEBUG iutctl_common.py          131   read                      : Received: hdr: Header(svc_id=0x02, op=0x06, ctrl_index=0x00, data_len=0x00) bytearray(b'\x02\x06\x00\x00\x00')
2026-09-23 23:29:17,630 BTPWorkerThread-10968 (_rx_task) root DEBUG iutctl_common.py          154   read                      : Received data: {''}, bytearray(b'')
2026-09-23 23:29:17,635 LT1-thread root DEBUG gatt.py                   1195  gatt_command_rsp_succ     : received Header(svc_id=2, op=6, ctrl_index=0, data_len=0) (b'',)
2026-09-23 23:29:17,635 LT1-thread root DEBUG testcase.py               254   start                     : Starting test function: class=<class 'autopts.ptsprojects.testcase.TestFunc'>, func=<function gatts_start_server at 0x000001E0BA2B5DA0> start_wid=None stop_wid=None post_wid=None skip_call=None call_count=98 args=() kwds={}
2026-09-23 23:29:17,635 LT1-thread root DEBUG testcase.py               266   start                     : Test function parameters: args=(), kwds={}
2026-09-23 23:29:17,635 LT1-thread root DEBUG gatt.py                   306   gatts_start_server        : 
2026-09-23 23:29:17,635 LT1-thread root DEBUG iutctl_common.py          161   send                      : 2 7 0 ''
2026-09-23 23:29:17,636 LT1-thread root DEBUG iutctl_common.py          166   send                      : sending frame '0207000000'
2026-09-23 23:29:17,636 LT1-thread root DEBUG gatt.py                   1190  gatt_command_rsp_succ     : 
2026-09-23 23:29:17,636 LT1-thread root DEBUG iutctl_common.py          339   read                      : 
2026-09-23 23:29:17,673 BTPWorkerThread-10968 (_rx_task) root DEBUG iutctl_common.py          123   read                      : Read 5 bytes
2026-09-23 23:29:17,678 BTPWorkerThread-10968 (_rx_task) root DEBUG iutctl_common.py          131   read                      : Received: hdr: Header(svc_id=0x02, op=0x07, ctrl_index=0x00, data_len=0x03) bytearray(b'\x02\x07\x00\x03\x00')
2026-09-23 23:29:17,683 BTPWorkerThread-10968 (_rx_task) root DEBUG iutctl_common.py          139   read                      : Read 3 bytes data
2026-09-23 23:29:17,683 BTPWorkerThread-10968 (_rx_task) root DEBUG iutctl_common.py          154   read                      : Received data: {'00 00 00'}, bytearray(b'\x00\x00\x00')
2026-09-23 23:29:17,683 LT1-thread root DEBUG gatt.py                   1195  gatt_command_rsp_succ     : received Header(svc_id=2, op=7, ctrl_index=0, data_len=3) (b'\x00\x00\x00',)
2026-09-23 23:29:17,685 LT1-thread root DEBUG client.py                 276   get_result                : ClientCallback.get_result run_test_case
2026-09-23 23:29:18,435 LT1-callback ClientCallback.on_implicit_send INFO client.py                 223   on_implicit_send          : 
    ********************
    BEGIN OnImplicitSend:
    project_name: GAP
    wid: 255
    test_case_name: GAP/SEC/SEM/BI-05-C
    description: Please bring IUT to Security Mode 2. Press OK to continue.
    style: MMI_Style_Ok_Cancel1 0x11041
2026-09-23 23:29:18,435 LT1-callback ClientCallback.on_implicit_send INFO client.py                 236   on_implicit_send          : Calling test cases on_implicit_send
2026-09-23 23:29:18,435 LT1-callback ClientCallback.on_implicit_send INFO client.py                 249   on_implicit_send          : 
    on_implicit_send returned response: WAIT
    END OnImplicitSend
    ********************
2026-09-23 23:29:18,687 LT1-thread root DEBUG testcase.py               679   run_wid                   : GAP GAP/SEC/SEM/BI-05-C on_implicit_send
2026-09-23 23:29:18,687 LT1-thread root DEBUG gap_wid.py                26    gap_wid_hdl               : gap_wid_hdl, 255, Please bring IUT to Security Mode 2. Press OK to continue., GAP/SEC/SEM/BI-05-C
2026-09-23 23:29:18,687 LT1-thread root DEBUG testcase.py               722   run_wid                   : Sending response 'OK' to wid 255 test case GAP/SEC/SEM/BI-05-C
2026-09-23 23:29:18,689 LT1-thread root DEBUG client.py                 276   get_result                : ClientCallback.get_result run_test_case
2026-09-23 23:29:20,072 LT1-callback ClientCallback.on_implicit_send INFO client.py                 223   on_implicit_send          : 
    ********************
    BEGIN OnImplicitSend:
    project_name: GAP
    wid: 102
    test_case_name: GAP/SEC/SEM/BI-05-C
    description: Please send an HCI connect request to establish a basic rate connection after the IUT discovers the Lower Tester over BR and LE.
    style: MMI_Style_Ok_Cancel2 0x11141
2026-09-23 23:29:20,072 LT1-callback ClientCallback.on_implicit_send INFO client.py                 236   on_implicit_send          : Calling test cases on_implicit_send
2026-09-23 23:29:20,072 LT1-callback ClientCallback.on_implicit_send INFO client.py                 249   on_implicit_send          : 
    on_implicit_send returned response: WAIT
    END OnImplicitSend
    ********************
2026-09-23 23:29:20,689 LT1-thread root DEBUG testcase.py               679   run_wid                   : GAP GAP/SEC/SEM/BI-05-C on_implicit_send
2026-09-23 23:29:20,689 LT1-thread root DEBUG gap_wid.py                26    gap_wid_hdl               : gap_wid_hdl, 102, Please send an HCI connect request to establish a basic rate connection after the IUT discovers the Lower Tester over BR and LE., GAP/SEC/SEM/BI-05-C
2026-09-23 23:29:20,689 LT1-thread root DEBUG gap.py                    1122  gap_start_discovery       : 
2026-09-23 23:29:20,689 LT1-thread root DEBUG iutctl_common.py          161   send                      : 1 12 0 '\x02'
2026-09-23 23:29:20,689 LT1-thread root DEBUG iutctl_common.py          166   send                      : sending frame '010c00010002'
2026-09-23 23:29:20,689 LT1-thread root DEBUG gap.py                    1229  gap_command_rsp_succ      : 
2026-09-23 23:29:20,689 LT1-thread root DEBUG iutctl_common.py          339   read                      : 
2026-09-23 23:29:20,721 BTPWorkerThread-10968 (_rx_task) root DEBUG iutctl_common.py          123   read                      : Read 5 bytes
2026-09-23 23:29:20,732 BTPWorkerThread-10968 (_rx_task) root DEBUG iutctl_common.py          131   read                      : Received: hdr: Header(svc_id=0x01, op=0x0c, ctrl_index=0x00, data_len=0x00) bytearray(b'\x01\x0c\x00\x00\x00')
2026-09-23 23:29:20,743 BTPWorkerThread-10968 (_rx_task) root DEBUG iutctl_common.py          154   read                      : Received data: {''}, bytearray(b'')
2026-09-23 23:29:20,760 BTPWorkerThread-10968 (_rx_task) root DEBUG iutctl_common.py          123   read                      : Read 5 bytes
2026-09-23 23:29:20,760 LT1-thread root DEBUG gap.py                    1234  gap_command_rsp_succ      : received Header(svc_id=1, op=12, ctrl_index=0, data_len=0) (b'',)
2026-09-23 23:29:20,760 BTPWorkerThread-10968 (_rx_task) root DEBUG iutctl_common.py          131   read                      : Received: hdr: Header(svc_id=0x01, op=0x81, ctrl_index=0x00, data_len=0x0b) bytearray(b'\x01\x81\x00\x0b\x00')
2026-09-23 23:29:20,760 BTPWorkerThread-10968 (_rx_task) root DEBUG iutctl_common.py          139   read                      : Read 11 bytes data
2026-09-23 23:29:20,761 BTPWorkerThread-10968 (_rx_task) root DEBUG iutctl_common.py          154   read                      : Received data: {'e0 95 83 06 dc 1b 00 aa 03 00 00'}, bytearray(b'\xe0\x95\x83\x06\xdc\x1b\x00\xaa\x03\x00\x00')
2026-09-23 23:29:20,761 BTPWorkerThread-10968 (_rx_task) root DEBUG btp.py                    736   event_handler             : Header(svc_id=1, op=129, ctrl_index=0, data_len=11) (b'\xe0\x95\x83\x06\xdc\x1b\x00\xaa\x03\x00\x00',)
2026-09-23 23:29:20,761 BTPWorkerThread-10968 (_rx_task) root DEBUG gap.py                    193   gap_device_found_ev_      : b'\xe0\x95\x83\x06\xdc\x1b\x00\xaa\x03\x00\x00'
2026-09-23 23:29:20,761 BTPWorkerThread-10968 (_rx_task) root DEBUG gap.py                    207   gap_device_found_ev_      : found '001bdc068395' type 224 eir b''
2026-09-23 23:29:21,104 BTPWorkerThread-10968 (_rx_task) root DEBUG iutctl_common.py          123   read                      : Read 5 bytes
2026-09-23 23:29:21,104 BTPWorkerThread-10968 (_rx_task) root DEBUG iutctl_common.py          131   read                      : Received: hdr: Header(svc_id=0x01, op=0x81, ctrl_index=0x00, data_len=0x2a) bytearray(b'\x01\x81\x00*\x00')
2026-09-23 23:29:21,104 BTPWorkerThread-10968 (_rx_task) root DEBUG iutctl_common.py          139   read                      : Read 42 bytes data
2026-09-23 23:29:21,105 BTPWorkerThread-10968 (_rx_task) root DEBUG iutctl_common.py          154   read                      : Received data: {'e0 95 83 06 dc 1b 00 b1 03 1f 00 1e 09 48 46 50 20 41 47 20 44 65 6d 6f 20 30 30 3a 31 42 3a 44 43 3a 30 36 3a 38 33 3a 39 35'}, bytearray(b'\xe0\x95\x83\x06\xdc\x1b\x00\xb1\x03\x1f\x00\x1e\tHFP AG Demo 00:1B:DC:06:83:95')
2026-09-23 23:29:21,105 BTPWorkerThread-10968 (_rx_task) root DEBUG btp.py                    736   event_handler             : Header(svc_id=1, op=129, ctrl_index=0, data_len=42) (b'\xe0\x95\x83\x06\xdc\x1b\x00\xb1\x03\x1f\x00\x1e\tHFP AG Demo 00:1B:DC:06:83:95',)
2026-09-23 23:29:21,105 BTPWorkerThread-10968 (_rx_task) root DEBUG gap.py                    193   gap_device_found_ev_      : b'\xe0\x95\x83\x06\xdc\x1b\x00\xb1\x03\x1f\x00\x1e\tHFP AG Demo 00:1B:DC:06:83:95'
2026-09-23 23:29:21,105 BTPWorkerThread-10968 (_rx_task) root DEBUG gap.py                    207   gap_device_found_ev_      : found '001bdc068395' type 224 eir b'\x1e\tHFP AG Demo 00:1B:DC:06:83:95'
2026-09-23 23:29:21,181 BTPWorkerThread-10968 (_rx_task) root DEBUG iutctl_common.py          123   read                      : Read 5 bytes
2026-09-23 23:29:21,181 BTPWorkerThread-10968 (_rx_task) root DEBUG iutctl_common.py          131   read                      : Received: hdr: Header(svc_id=0x01, op=0x81, ctrl_index=0x00, data_len=0x0b) bytearray(b'\x01\x81\x00\x0b\x00')
2026-09-23 23:29:21,182 BTPWorkerThread-10968 (_rx_task) root DEBUG iutctl_common.py          139   read                      : Read 11 bytes data
2026-09-23 23:29:21,182 BTPWorkerThread-10968 (_rx_task) root DEBUG iutctl_common.py          154   read                      : Received data: {'e0 95 83 06 dc 1b 00 a4 03 00 00'}, bytearray(b'\xe0\x95\x83\x06\xdc\x1b\x00\xa4\x03\x00\x00')
2026-09-23 23:29:21,182 BTPWorkerThread-10968 (_rx_task) root DEBUG btp.py                    736   event_handler             : Header(svc_id=1, op=129, ctrl_index=0, data_len=11) (b'\xe0\x95\x83\x06\xdc\x1b\x00\xa4\x03\x00\x00',)
2026-09-23 23:29:21,182 BTPWorkerThread-10968 (_rx_task) root DEBUG gap.py                    193   gap_device_found_ev_      : b'\xe0\x95\x83\x06\xdc\x1b\x00\xa4\x03\x00\x00'
2026-09-23 23:29:21,182 BTPWorkerThread-10968 (_rx_task) root DEBUG gap.py                    207   gap_device_found_ev_      : found '001bdc068395' type 224 eir b''
2026-09-23 23:29:21,288 BTPWorkerThread-10968 (_rx_task) root DEBUG iutctl_common.py          123   read                      : Read 5 bytes
2026-09-23 23:29:21,288 BTPWorkerThread-10968 (_rx_task) root DEBUG iutctl_common.py          131   read                      : Received: hdr: Header(svc_id=0x01, op=0x81, ctrl_index=0x00, data_len=0x2a) bytearray(b'\x01\x81\x00*\x00')
2026-09-23 23:29:21,288 BTPWorkerThread-10968 (_rx_task) root DEBUG iutctl_common.py          139   read                      : Read 42 bytes data
2026-09-23 23:29:21,289 BTPWorkerThread-10968 (_rx_task) root DEBUG iutctl_common.py          154   read                      : Received data: {'e0 cd 83 06 dc 1b 00 a4 03 1f 00 1e 09 41 32 44 50 20 53 6f 75 72 63 65 20 30 30 3a 31 42 3a 44 43 3a 30 36 3a 38 33 3a 43 44'}, bytearray(b'\xe0\xcd\x83\x06\xdc\x1b\x00\xa4\x03\x1f\x00\x1e\tA2DP Source 00:1B:DC:06:83:CD')
2026-09-23 23:29:21,289 BTPWorkerThread-10968 (_rx_task) root DEBUG btp.py                    736   event_handler             : Header(svc_id=1, op=129, ctrl_index=0, data_len=42) (b'\xe0\xcd\x83\x06\xdc\x1b\x00\xa4\x03\x1f\x00\x1e\tA2DP Source 00:1B:DC:06:83:CD',)
2026-09-23 23:29:21,289 BTPWorkerThread-10968 (_rx_task) root DEBUG gap.py                    193   gap_device_found_ev_      : b'\xe0\xcd\x83\x06\xdc\x1b\x00\xa4\x03\x1f\x00\x1e\tA2DP Source 00:1B:DC:06:83:CD'
2026-09-23 23:29:21,289 BTPWorkerThread-10968 (_rx_task) root DEBUG gap.py                    207   gap_device_found_ev_      : found '001bdc0683cd' type 224 eir b'\x1e\tA2DP Source 00:1B:DC:06:83:CD'
2026-09-23 23:29:21,343 BTPWorkerThread-10968 (_rx_task) root DEBUG iutctl_common.py          123   read                      : Read 5 bytes
2026-09-23 23:29:21,343 BTPWorkerThread-10968 (_rx_task) root DEBUG iutctl_common.py          131   read                      : Received: hdr: Header(svc_id=0x01, op=0x81, ctrl_index=0x00, data_len=0x2a) bytearray(b'\x01\x81\x00*\x00')
2026-09-23 23:29:21,343 BTPWorkerThread-10968 (_rx_task) root DEBUG iutctl_common.py          139   read                      : Read 10 bytes data
2026-09-23 23:29:21,353 BTPWorkerThread-10968 (_rx_task) root DEBUG iutctl_common.py          139   read                      : Read 32 bytes data
2026-09-23 23:29:21,353 BTPWorkerThread-10968 (_rx_task) root DEBUG iutctl_common.py          154   read                      : Received data: {'e0 cd 83 06 dc 1b 00 ac 03 1f 00 1e 09 41 32 44 50 20 53 6f 75 72 63 65 20 30 30 3a 31 42 3a 44 43 3a 30 36 3a 38 33 3a 43 44'}, bytearray(b'\xe0\xcd\x83\x06\xdc\x1b\x00\xac\x03\x1f\x00\x1e\tA2DP Source 00:1B:DC:06:83:CD')
2026-09-23 23:29:21,353 BTPWorkerThread-10968 (_rx_task) root DEBUG btp.py                    736   event_handler             : Header(svc_id=1, op=129, ctrl_index=0, data_len=42) (b'\xe0\xcd\x83\x06\xdc\x1b\x00\xac\x03\x1f\x00\x1e\tA2DP Source 00:1B:DC:06:83:CD',)
2026-09-23 23:29:21,353 BTPWorkerThread-10968 (_rx_task) root DEBUG gap.py                    193   gap_device_found_ev_      : b'\xe0\xcd\x83\x06\xdc\x1b\x00\xac\x03\x1f\x00\x1e\tA2DP Source 00:1B:DC:06:83:CD'
2026-09-23 23:29:21,353 BTPWorkerThread-10968 (_rx_task) root DEBUG gap.py                    207   gap_device_found_ev_      : found '001bdc0683cd' type 224 eir b'\x1e\tA2DP Source 00:1B:DC:06:83:CD'
2026-09-23 23:29:21,559 BTPWorkerThread-10968 (_rx_task) root DEBUG iutctl_common.py          123   read                      : Read 5 bytes
2026-09-23 23:29:21,559 BTPWorkerThread-10968 (_rx_task) root DEBUG iutctl_common.py          131   read                      : Received: hdr: Header(svc_id=0x01, op=0x81, ctrl_index=0x00, data_len=0x26) bytearray(b'\x01\x81\x00&\x00')
2026-09-23 23:29:21,559 BTPWorkerThread-10968 (_rx_task) root DEBUG iutctl_common.py          139   read                      : Read 17 bytes data
2026-09-23 23:29:21,570 BTPWorkerThread-10968 (_rx_task) root DEBUG iutctl_common.py          139   read                      : Read 21 bytes data
2026-09-23 23:29:21,570 BTPWorkerThread-10968 (_rx_task) root DEBUG iutctl_common.py          154   read                      : Received data: {'e0 53 00 4c 17 e5 44 b1 03 1b 00 09 09 4e 58 4c 36 36 35 32 38 02 0a 0c 0d 03 0c 11 0a 11 0b 11 0e 11 1f 11 1e 11'}, bytearray(b'\xe0S\x00L\x17\xe5D\xb1\x03\x1b\x00\t\tNXL66528\x02\n\x0c\r\x03\x0c\x11\n\x11\x0b\x11\x0e\x11\x1f\x11\x1e\x11')
2026-09-23 23:29:21,570 BTPWorkerThread-10968 (_rx_task) root DEBUG btp.py                    736   event_handler             : Header(svc_id=1, op=129, ctrl_index=0, data_len=38) (b'\xe0S\x00L\x17\xe5D\xb1\x03\x1b\x00\t\tNXL66528\x02\n\x0c\r\x03\x0c\x11\n\x11\x0b\x11\x0e\x11\x1f\x11\x1e\x11',)
2026-09-23 23:29:21,571 BTPWorkerThread-10968 (_rx_task) root DEBUG gap.py                    193   gap_device_found_ev_      : b'\xe0S\x00L\x17\xe5D\xb1\x03\x1b\x00\t\tNXL66528\x02\n\x0c\r\x03\x0c\x11\n\x11\x0b\x11\x0e\x11\x1f\x11\x1e\x11'
2026-09-23 23:29:21,571 BTPWorkerThread-10968 (_rx_task) root DEBUG gap.py                    207   gap_device_found_ev_      : found '44e5174c0053' type 224 eir b'\t\tNXL66528\x02\n\x0c\r\x03\x0c\x11\n\x11\x0b\x11\x0e\x11\x1f\x11\x1e\x11'
2026-09-23 23:29:21,571 BTPWorkerThread-10968 (_rx_task) root DEBUG iutctl_common.py          123   read                      : Read 5 bytes
2026-09-23 23:29:21,571 BTPWorkerThread-10968 (_rx_task) root DEBUG iutctl_common.py          131   read                      : Received: hdr: Header(svc_id=0x01, op=0x81, ctrl_index=0x00, data_len=0x0b) bytearray(b'\x01\x81\x00\x0b\x00')
2026-09-23 23:29:21,571 BTPWorkerThread-10968 (_rx_task) root DEBUG iutctl_common.py          139   read                      : Read 11 bytes data
2026-09-23 23:29:21,571 BTPWorkerThread-10968 (_rx_task) root DEBUG iutctl_common.py          154   read                      : Received data: {'e0 4d 65 9b 70 f3 5c a3 03 00 00'}, bytearray(b'\xe0Me\x9bp\xf3\\\xa3\x03\x00\x00')
2026-09-23 23:29:21,571 BTPWorkerThread-10968 (_rx_task) root DEBUG btp.py                    736   event_handler             : Header(svc_id=1, op=129, ctrl_index=0, data_len=11) (b'\xe0Me\x9bp\xf3\\\xa3\x03\x00\x00',)
2026-09-23 23:29:21,571 BTPWorkerThread-10968 (_rx_task) root DEBUG gap.py                    193   gap_device_found_ev_      : b'\xe0Me\x9bp\xf3\\\xa3\x03\x00\x00'
2026-09-23 23:29:21,571 BTPWorkerThread-10968 (_rx_task) root DEBUG gap.py                    207   gap_device_found_ev_      : found '5cf3709b654d' type 224 eir b''
2026-09-23 23:29:21,658 BTPWorkerThread-10968 (_rx_task) root DEBUG iutctl_common.py          123   read                      : Read 5 bytes
2026-09-23 23:29:21,658 BTPWorkerThread-10968 (_rx_task) root DEBUG iutctl_common.py          131   read                      : Received: hdr: Header(svc_id=0x01, op=0x81, ctrl_index=0x00, data_len=0x0b) bytearray(b'\x01\x81\x00\x0b\x00')
2026-09-23 23:29:21,658 BTPWorkerThread-10968 (_rx_task) root DEBUG iutctl_common.py          139   read                      : Read 11 bytes data
2026-09-23 23:29:21,659 BTPWorkerThread-10968 (_rx_task) root DEBUG iutctl_common.py          154   read                      : Received data: {'e0 4d 65 9b 70 f3 5c a2 03 00 00'}, bytearray(b'\xe0Me\x9bp\xf3\\\xa2\x03\x00\x00')
2026-09-23 23:29:21,659 BTPWorkerThread-10968 (_rx_task) root DEBUG btp.py                    736   event_handler             : Header(svc_id=1, op=129, ctrl_index=0, data_len=11) (b'\xe0Me\x9bp\xf3\\\xa2\x03\x00\x00',)
2026-09-23 23:29:21,659 BTPWorkerThread-10968 (_rx_task) root DEBUG gap.py                    193   gap_device_found_ev_      : b'\xe0Me\x9bp\xf3\\\xa2\x03\x00\x00'
2026-09-23 23:29:21,659 BTPWorkerThread-10968 (_rx_task) root DEBUG gap.py                    207   gap_device_found_ev_      : found '5cf3709b654d' type 224 eir b''
2026-09-23 23:29:21,810 BTPWorkerThread-10968 (_rx_task) root DEBUG iutctl_common.py          123   read                      : Read 5 bytes
2026-09-23 23:29:21,810 BTPWorkerThread-10968 (_rx_task) root DEBUG iutctl_common.py          131   read                      : Received: hdr: Header(svc_id=0x01, op=0x81, ctrl_index=0x00, data_len=0x2a) bytearray(b'\x01\x81\x00*\x00')
2026-09-23 23:29:21,810 BTPWorkerThread-10968 (_rx_task) root DEBUG iutctl_common.py          139   read                      : Read 42 bytes data
2026-09-23 23:29:21,811 BTPWorkerThread-10968 (_rx_task) root DEBUG iutctl_common.py          154   read                      : Received data: {'e0 95 83 06 dc 1b 00 ad 03 1f 00 1e 09 48 46 50 20 41 47 20 44 65 6d 6f 20 30 30 3a 31 42 3a 44 43 3a 30 36 3a 38 33 3a 39 35'}, bytearray(b'\xe0\x95\x83\x06\xdc\x1b\x00\xad\x03\x1f\x00\x1e\tHFP AG Demo 00:1B:DC:06:83:95')
2026-09-23 23:29:21,811 BTPWorkerThread-10968 (_rx_task) root DEBUG btp.py                    736   event_handler             : Header(svc_id=1, op=129, ctrl_index=0, data_len=42) (b'\xe0\x95\x83\x06\xdc\x1b\x00\xad\x03\x1f\x00\x1e\tHFP AG Demo 00:1B:DC:06:83:95',)
2026-09-23 23:29:21,811 BTPWorkerThread-10968 (_rx_task) root DEBUG gap.py                    193   gap_device_found_ev_      : b'\xe0\x95\x83\x06\xdc\x1b\x00\xad\x03\x1f\x00\x1e\tHFP AG Demo 00:1B:DC:06:83:95'
2026-09-23 23:29:21,811 BTPWorkerThread-10968 (_rx_task) root DEBUG gap.py                    207   gap_device_found_ev_      : found '001bdc068395' type 224 eir b'\x1e\tHFP AG Demo 00:1B:DC:06:83:95'
2026-09-23 23:29:22,078 BTPWorkerThread-10968 (_rx_task) root DEBUG iutctl_common.py          123   read                      : Read 5 bytes
2026-09-23 23:29:22,078 BTPWorkerThread-10968 (_rx_task) root DEBUG iutctl_common.py          131   read                      : Received: hdr: Header(svc_id=0x01, op=0x81, ctrl_index=0x00, data_len=0x0b) bytearray(b'\x01\x81\x00\x0b\x00')
2026-09-23 23:29:22,078 BTPWorkerThread-10968 (_rx_task) root DEBUG iutctl_common.py          139   read                      : Read 11 bytes data
2026-09-23 23:29:22,079 BTPWorkerThread-10968 (_rx_task) root DEBUG iutctl_common.py          154   read                      : Received data: {'e0 cd 83 06 dc 1b 00 a8 03 00 00'}, bytearray(b'\xe0\xcd\x83\x06\xdc\x1b\x00\xa8\x03\x00\x00')
2026-09-23 23:29:22,079 BTPWorkerThread-10968 (_rx_task) root DEBUG btp.py                    736   event_handler             : Header(svc_id=1, op=129, ctrl_index=0, data_len=11) (b'\xe0\xcd\x83\x06\xdc\x1b\x00\xa8\x03\x00\x00',)
2026-09-23 23:29:22,079 BTPWorkerThread-10968 (_rx_task) root DEBUG gap.py                    193   gap_device_found_ev_      : b'\xe0\xcd\x83\x06\xdc\x1b\x00\xa8\x03\x00\x00'
2026-09-23 23:29:22,079 BTPWorkerThread-10968 (_rx_task) root DEBUG gap.py                    207   gap_device_found_ev_      : found '001bdc0683cd' type 224 eir b''
2026-09-23 23:29:22,132 BTPWorkerThread-10968 (_rx_task) root DEBUG iutctl_common.py          123   read                      : Read 5 bytes
2026-09-23 23:29:22,132 BTPWorkerThread-10968 (_rx_task) root DEBUG iutctl_common.py          131   read                      : Received: hdr: Header(svc_id=0x01, op=0x81, ctrl_index=0x00, data_len=0x26) bytearray(b'\x01\x81\x00&\x00')
2026-09-23 23:29:22,132 BTPWorkerThread-10968 (_rx_task) root DEBUG iutctl_common.py          139   read                      : Read 38 bytes data
2026-09-23 23:29:22,133 BTPWorkerThread-10968 (_rx_task) root DEBUG iutctl_common.py          154   read                      : Received data: {'e0 53 00 4c 17 e5 44 b0 03 1b 00 09 09 4e 58 4c 36 36 35 32 38 02 0a 0c 0d 03 0c 11 0a 11 0b 11 0e 11 1f 11 1e 11'}, bytearray(b'\xe0S\x00L\x17\xe5D\xb0\x03\x1b\x00\t\tNXL66528\x02\n\x0c\r\x03\x0c\x11\n\x11\x0b\x11\x0e\x11\x1f\x11\x1e\x11')
2026-09-23 23:29:22,133 BTPWorkerThread-10968 (_rx_task) root DEBUG btp.py                    736   event_handler             : Header(svc_id=1, op=129, ctrl_index=0, data_len=38) (b'\xe0S\x00L\x17\xe5D\xb0\x03\x1b\x00\t\tNXL66528\x02\n\x0c\r\x03\x0c\x11\n\x11\x0b\x11\x0e\x11\x1f\x11\x1e\x11',)
2026-09-23 23:29:22,133 BTPWorkerThread-10968 (_rx_task) root DEBUG gap.py                    193   gap_device_found_ev_      : b'\xe0S\x00L\x17\xe5D\xb0\x03\x1b\x00\t\tNXL66528\x02\n\x0c\r\x03\x0c\x11\n\x11\x0b\x11\x0e\x11\x1f\x11\x1e\x11'
2026-09-23 23:29:22,133 BTPWorkerThread-10968 (_rx_task) root DEBUG gap.py                    207   gap_device_found_ev_      : found '44e5174c0053' type 224 eir b'\t\tNXL66528\x02\n\x0c\r\x03\x0c\x11\n\x11\x0b\x11\x0e\x11\x1f\x11\x1e\x11'
2026-09-23 23:29:22,186 BTPWorkerThread-10968 (_rx_task) root DEBUG iutctl_common.py          123   read                      : Read 5 bytes
2026-09-23 23:29:22,186 BTPWorkerThread-10968 (_rx_task) root DEBUG iutctl_common.py          131   read                      : Received: hdr: Header(svc_id=0x01, op=0x81, ctrl_index=0x00, data_len=0x26) bytearray(b'\x01\x81\x00&\x00')
2026-09-23 23:29:22,186 BTPWorkerThread-10968 (_rx_task) root DEBUG iutctl_common.py          139   read                      : Read 38 bytes data
2026-09-23 23:29:22,187 BTPWorkerThread-10968 (_rx_task) root DEBUG iutctl_common.py          154   read                      : Received data: {'e0 53 00 4c 17 e5 44 b0 03 1b 00 09 09 4e 58 4c 36 36 35 32 38 02 0a 0c 0d 03 0c 11 0a 11 0b 11 0e 11 1f 11 1e 11'}, bytearray(b'\xe0S\x00L\x17\xe5D\xb0\x03\x1b\x00\t\tNXL66528\x02\n\x0c\r\x03\x0c\x11\n\x11\x0b\x11\x0e\x11\x1f\x11\x1e\x11')
2026-09-23 23:29:22,187 BTPWorkerThread-10968 (_rx_task) root DEBUG btp.py                    736   event_handler             : Header(svc_id=1, op=129, ctrl_index=0, data_len=38) (b'\xe0S\x00L\x17\xe5D\xb0\x03\x1b\x00\t\tNXL66528\x02\n\x0c\r\x03\x0c\x11\n\x11\x0b\x11\x0e\x11\x1f\x11\x1e\x11',)
2026-09-23 23:29:22,187 BTPWorkerThread-10968 (_rx_task) root DEBUG gap.py                    193   gap_device_found_ev_      : b'\xe0S\x00L\x17\xe5D\xb0\x03\x1b\x00\t\tNXL66528\x02\n\x0c\r\x03\x0c\x11\n\x11\x0b\x11\x0e\x11\x1f\x11\x1e\x11'
2026-09-23 23:29:22,187 BTPWorkerThread-10968 (_rx_task) root DEBUG gap.py                    207   gap_device_found_ev_      : found '44e5174c0053' type 224 eir b'\t\tNXL66528\x02\n\x0c\r\x03\x0c\x11\n\x11\x0b\x11\x0e\x11\x1f\x11\x1e\x11'
2026-09-23 23:29:22,293 BTPWorkerThread-10968 (_rx_task) root DEBUG iutctl_common.py          123   read                      : Read 5 bytes
2026-09-23 23:29:22,293 BTPWorkerThread-10968 (_rx_task) root DEBUG iutctl_common.py          131   read                      : Received: hdr: Header(svc_id=0x01, op=0x81, ctrl_index=0x00, data_len=0x2a) bytearray(b'\x01\x81\x00*\x00')
2026-09-23 23:29:22,293 BTPWorkerThread-10968 (_rx_task) root DEBUG iutctl_common.py          139   read                      : Read 42 bytes data
2026-09-23 23:29:22,294 BTPWorkerThread-10968 (_rx_task) root DEBUG iutctl_common.py          154   read                      : Received data: {'e0 95 83 06 dc 1b 00 ad 03 1f 00 1e 09 48 46 50 20 41 47 20 44 65 6d 6f 20 30 30 3a 31 42 3a 44 43 3a 30 36 3a 38 33 3a 39 35'}, bytearray(b'\xe0\x95\x83\x06\xdc\x1b\x00\xad\x03\x1f\x00\x1e\tHFP AG Demo 00:1B:DC:06:83:95')
2026-09-23 23:29:22,294 BTPWorkerThread-10968 (_rx_task) root DEBUG btp.py                    736   event_handler             : Header(svc_id=1, op=129, ctrl_index=0, data_len=42) (b'\xe0\x95\x83\x06\xdc\x1b\x00\xad\x03\x1f\x00\x1e\tHFP AG Demo 00:1B:DC:06:83:95',)
2026-09-23 23:29:22,294 BTPWorkerThread-10968 (_rx_task) root DEBUG gap.py                    193   gap_device_found_ev_      : b'\xe0\x95\x83\x06\xdc\x1b\x00\xad\x03\x1f\x00\x1e\tHFP AG Demo 00:1B:DC:06:83:95'
2026-09-23 23:29:22,294 BTPWorkerThread-10968 (_rx_task) root DEBUG gap.py                    207   gap_device_found_ev_      : found '001bdc068395' type 224 eir b'\x1e\tHFP AG Demo 00:1B:DC:06:83:95'
2026-09-23 23:29:22,357 BTPWorkerThread-10968 (_rx_task) root DEBUG iutctl_common.py          123   read                      : Read 5 bytes
2026-09-23 23:29:22,357 BTPWorkerThread-10968 (_rx_task) root DEBUG iutctl_common.py          131   read                      : Received: hdr: Header(svc_id=0x01, op=0x81, ctrl_index=0x00, data_len=0x2a) bytearray(b'\x01\x81\x00*\x00')
2026-09-23 23:29:22,358 BTPWorkerThread-10968 (_rx_task) root DEBUG iutctl_common.py          139   read                      : Read 42 bytes data
2026-09-23 23:29:22,358 BTPWorkerThread-10968 (_rx_task) root DEBUG iutctl_common.py          154   read                      : Received data: {'e0 4d 65 9b 70 f3 5c a3 03 1f 00 1e 09 48 46 50 20 41 47 20 44 65 6d 6f 20 35 43 3a 46 33 3a 37 30 3a 39 42 3a 36 35 3a 34 44'}, bytearray(b'\xe0Me\x9bp\xf3\\\xa3\x03\x1f\x00\x1e\tHFP AG Demo 5C:F3:70:9B:65:4D')
2026-09-23 23:29:22,358 BTPWorkerThread-10968 (_rx_task) root DEBUG btp.py                    736   event_handler             : Header(svc_id=1, op=129, ctrl_index=0, data_len=42) (b'\xe0Me\x9bp\xf3\\\xa3\x03\x1f\x00\x1e\tHFP AG Demo 5C:F3:70:9B:65:4D',)
2026-09-23 23:29:22,358 BTPWorkerThread-10968 (_rx_task) root DEBUG gap.py                    193   gap_device_found_ev_      : b'\xe0Me\x9bp\xf3\\\xa3\x03\x1f\x00\x1e\tHFP AG Demo 5C:F3:70:9B:65:4D'
2026-09-23 23:29:22,358 BTPWorkerThread-10968 (_rx_task) root DEBUG gap.py                    207   gap_device_found_ev_      : found '5cf3709b654d' type 224 eir b'\x1e\tHFP AG Demo 5C:F3:70:9B:65:4D'
2026-09-23 23:29:22,542 BTPWorkerThread-10968 (_rx_task) root DEBUG iutctl_common.py          123   read                      : Read 5 bytes
2026-09-23 23:29:22,542 BTPWorkerThread-10968 (_rx_task) root DEBUG iutctl_common.py          131   read                      : Received: hdr: Header(svc_id=0x01, op=0x81, ctrl_index=0x00, data_len=0x26) bytearray(b'\x01\x81\x00&\x00')
2026-09-23 23:29:22,542 BTPWorkerThread-10968 (_rx_task) root DEBUG iutctl_common.py          139   read                      : Read 32 bytes data
2026-09-23 23:29:22,552 BTPWorkerThread-10968 (_rx_task) root DEBUG iutctl_common.py          139   read                      : Read 6 bytes data
2026-09-23 23:29:22,552 BTPWorkerThread-10968 (_rx_task) root DEBUG iutctl_common.py          154   read                      : Received data: {'e0 53 00 4c 17 e5 44 b1 03 1b 00 09 09 4e 58 4c 36 36 35 32 38 02 0a 0c 0d 03 0c 11 0a 11 0b 11 0e 11 1f 11 1e 11'}, bytearray(b'\xe0S\x00L\x17\xe5D\xb1\x03\x1b\x00\t\tNXL66528\x02\n\x0c\r\x03\x0c\x11\n\x11\x0b\x11\x0e\x11\x1f\x11\x1e\x11')
2026-09-23 23:29:22,552 BTPWorkerThread-10968 (_rx_task) root DEBUG btp.py                    736   event_handler             : Header(svc_id=1, op=129, ctrl_index=0, data_len=38) (b'\xe0S\x00L\x17\xe5D\xb1\x03\x1b\x00\t\tNXL66528\x02\n\x0c\r\x03\x0c\x11\n\x11\x0b\x11\x0e\x11\x1f\x11\x1e\x11',)
2026-09-23 23:29:22,553 BTPWorkerThread-10968 (_rx_task) root DEBUG gap.py                    193   gap_device_found_ev_      : b'\xe0S\x00L\x17\xe5D\xb1\x03\x1b\x00\t\tNXL66528\x02\n\x0c\r\x03\x0c\x11\n\x11\x0b\x11\x0e\x11\x1f\x11\x1e\x11'
2026-09-23 23:29:22,553 BTPWorkerThread-10968 (_rx_task) root DEBUG gap.py                    207   gap_device_found_ev_      : found '44e5174c0053' type 224 eir b'\t\tNXL66528\x02\n\x0c\r\x03\x0c\x11\n\x11\x0b\x11\x0e\x11\x1f\x11\x1e\x11'
2026-09-23 23:29:22,553 BTPWorkerThread-10968 (_rx_task) root DEBUG iutctl_common.py          123   read                      : Read 5 bytes
2026-09-23 23:29:22,553 BTPWorkerThread-10968 (_rx_task) root DEBUG iutctl_common.py          131   read                      : Received: hdr: Header(svc_id=0x01, op=0x81, ctrl_index=0x00, data_len=0x26) bytearray(b'\x01\x81\x00&\x00')
2026-09-23 23:29:22,553 BTPWorkerThread-10968 (_rx_task) root DEBUG iutctl_common.py          139   read                      : Read 37 bytes data
2026-09-23 23:29:22,564 BTPWorkerThread-10968 (_rx_task) root DEBUG iutctl_common.py          139   read                      : Read 1 bytes data
2026-09-23 23:29:22,564 BTPWorkerThread-10968 (_rx_task) root DEBUG iutctl_common.py          154   read                      : Received data: {'e0 53 00 4c 17 e5 44 ae 03 1b 00 09 09 4e 58 4c 36 36 35 32 38 02 0a 0c 0d 03 0c 11 0a 11 0b 11 0e 11 1f 11 1e 11'}, bytearray(b'\xe0S\x00L\x17\xe5D\xae\x03\x1b\x00\t\tNXL66528\x02\n\x0c\r\x03\x0c\x11\n\x11\x0b\x11\x0e\x11\x1f\x11\x1e\x11')
2026-09-23 23:29:22,564 BTPWorkerThread-10968 (_rx_task) root DEBUG btp.py                    736   event_handler             : Header(svc_id=1, op=129, ctrl_index=0, data_len=38) (b'\xe0S\x00L\x17\xe5D\xae\x03\x1b\x00\t\tNXL66528\x02\n\x0c\r\x03\x0c\x11\n\x11\x0b\x11\x0e\x11\x1f\x11\x1e\x11',)
2026-09-23 23:29:22,564 BTPWorkerThread-10968 (_rx_task) root DEBUG gap.py                    193   gap_device_found_ev_      : b'\xe0S\x00L\x17\xe5D\xae\x03\x1b\x00\t\tNXL66528\x02\n\x0c\r\x03\x0c\x11\n\x11\x0b\x11\x0e\x11\x1f\x11\x1e\x11'
2026-09-23 23:29:22,564 BTPWorkerThread-10968 (_rx_task) root DEBUG gap.py                    207   gap_device_found_ev_      : found '44e5174c0053' type 224 eir b'\t\tNXL66528\x02\n\x0c\r\x03\x0c\x11\n\x11\x0b\x11\x0e\x11\x1f\x11\x1e\x11'
2026-09-23 23:29:22,724 BTPWorkerThread-10968 (_rx_task) root DEBUG iutctl_common.py          123   read                      : Read 5 bytes
2026-09-23 23:29:22,725 BTPWorkerThread-10968 (_rx_task) root DEBUG iutctl_common.py          131   read                      : Received: hdr: Header(svc_id=0x01, op=0x81, ctrl_index=0x00, data_len=0x0b) bytearray(b'\x01\x81\x00\x0b\x00')
2026-09-23 23:29:22,725 BTPWorkerThread-10968 (_rx_task) root DEBUG iutctl_common.py          139   read                      : Read 11 bytes data
2026-09-23 23:29:22,725 BTPWorkerThread-10968 (_rx_task) root DEBUG iutctl_common.py          154   read                      : Received data: {'e0 95 83 06 dc 1b 00 aa 03 00 00'}, bytearray(b'\xe0\x95\x83\x06\xdc\x1b\x00\xaa\x03\x00\x00')
2026-09-23 23:29:22,725 BTPWorkerThread-10968 (_rx_task) root DEBUG btp.py                    736   event_handler             : Header(svc_id=1, op=129, ctrl_index=0, data_len=11) (b'\xe0\x95\x83\x06\xdc\x1b\x00\xaa\x03\x00\x00',)
2026-09-23 23:29:22,725 BTPWorkerThread-10968 (_rx_task) root DEBUG gap.py                    193   gap_device_found_ev_      : b'\xe0\x95\x83\x06\xdc\x1b\x00\xaa\x03\x00\x00'
2026-09-23 23:29:22,726 BTPWorkerThread-10968 (_rx_task) root DEBUG gap.py                    207   gap_device_found_ev_      : found '001bdc068395' type 224 eir b''
2026-09-23 23:29:22,992 BTPWorkerThread-10968 (_rx_task) root DEBUG iutctl_common.py          123   read                      : Read 5 bytes
2026-09-23 23:29:22,992 BTPWorkerThread-10968 (_rx_task) root DEBUG iutctl_common.py          131   read                      : Received: hdr: Header(svc_id=0x01, op=0x81, ctrl_index=0x00, data_len=0x2a) bytearray(b'\x01\x81\x00*\x00')
2026-09-23 23:29:22,992 BTPWorkerThread-10968 (_rx_task) root DEBUG iutctl_common.py          139   read                      : Read 42 bytes data
2026-09-23 23:29:22,993 BTPWorkerThread-10968 (_rx_task) root DEBUG iutctl_common.py          154   read                      : Received data: {'e0 95 83 06 dc 1b 00 b0 03 1f 00 1e 09 48 46 50 20 41 47 20 44 65 6d 6f 20 30 30 3a 31 42 3a 44 43 3a 30 36 3a 38 33 3a 39 35'}, bytearray(b'\xe0\x95\x83\x06\xdc\x1b\x00\xb0\x03\x1f\x00\x1e\tHFP AG Demo 00:1B:DC:06:83:95')
2026-09-23 23:29:22,993 BTPWorkerThread-10968 (_rx_task) root DEBUG btp.py                    736   event_handler             : Header(svc_id=1, op=129, ctrl_index=0, data_len=42) (b'\xe0\x95\x83\x06\xdc\x1b\x00\xb0\x03\x1f\x00\x1e\tHFP AG Demo 00:1B:DC:06:83:95',)
2026-09-23 23:29:22,993 BTPWorkerThread-10968 (_rx_task) root DEBUG gap.py                    193   gap_device_found_ev_      : b'\xe0\x95\x83\x06\xdc\x1b\x00\xb0\x03\x1f\x00\x1e\tHFP AG Demo 00:1B:DC:06:83:95'
2026-09-23 23:29:22,993 BTPWorkerThread-10968 (_rx_task) root DEBUG gap.py                    207   gap_device_found_ev_      : found '001bdc068395' type 224 eir b'\x1e\tHFP AG Demo 00:1B:DC:06:83:95'
2026-09-23 23:29:23,131 BTPWorkerThread-10968 (_rx_task) root DEBUG iutctl_common.py          123   read                      : Read 5 bytes
2026-09-23 23:29:23,131 BTPWorkerThread-10968 (_rx_task) root DEBUG iutctl_common.py          131   read                      : Received: hdr: Header(svc_id=0x01, op=0x81, ctrl_index=0x00, data_len=0x26) bytearray(b'\x01\x81\x00&\x00')
2026-09-23 23:29:23,131 BTPWorkerThread-10968 (_rx_task) root DEBUG iutctl_common.py          139   read                      : Read 38 bytes data
2026-09-23 23:29:23,132 BTPWorkerThread-10968 (_rx_task) root DEBUG iutctl_common.py          154   read                      : Received data: {'e0 53 00 4c 17 e5 44 af 03 1b 00 09 09 4e 58 4c 36 36 35 32 38 02 0a 0c 0d 03 0c 11 0a 11 0b 11 0e 11 1f 11 1e 11'}, bytearray(b'\xe0S\x00L\x17\xe5D\xaf\x03\x1b\x00\t\tNXL66528\x02\n\x0c\r\x03\x0c\x11\n\x11\x0b\x11\x0e\x11\x1f\x11\x1e\x11')
2026-09-23 23:29:23,132 BTPWorkerThread-10968 (_rx_task) root DEBUG btp.py                    736   event_handler             : Header(svc_id=1, op=129, ctrl_index=0, data_len=38) (b'\xe0S\x00L\x17\xe5D\xaf\x03\x1b\x00\t\tNXL66528\x02\n\x0c\r\x03\x0c\x11\n\x11\x0b\x11\x0e\x11\x1f\x11\x1e\x11',)
2026-09-23 23:29:23,132 BTPWorkerThread-10968 (_rx_task) root DEBUG gap.py                    193   gap_device_found_ev_      : b'\xe0S\x00L\x17\xe5D\xaf\x03\x1b\x00\t\tNXL66528\x02\n\x0c\r\x03\x0c\x11\n\x11\x0b\x11\x0e\x11\x1f\x11\x1e\x11'
2026-09-23 23:29:23,132 BTPWorkerThread-10968 (_rx_task) root DEBUG gap.py                    207   gap_device_found_ev_      : found '44e5174c0053' type 224 eir b'\t\tNXL66528\x02\n\x0c\r\x03\x0c\x11\n\x11\x0b\x11\x0e\x11\x1f\x11\x1e\x11'
2026-09-23 23:29:23,261 BTPWorkerThread-10968 (_rx_task) root DEBUG iutctl_common.py          123   read                      : Read 5 bytes
2026-09-23 23:29:23,261 BTPWorkerThread-10968 (_rx_task) root DEBUG iutctl_common.py          131   read                      : Received: hdr: Header(svc_id=0x01, op=0x81, ctrl_index=0x00, data_len=0x2a) bytearray(b'\x01\x81\x00*\x00')
2026-09-23 23:29:23,261 BTPWorkerThread-10968 (_rx_task) root DEBUG iutctl_common.py          139   read                      : Read 23 bytes data
2026-09-23 23:29:23,273 BTPWorkerThread-10968 (_rx_task) root DEBUG iutctl_common.py          139   read                      : Read 19 bytes data
2026-09-23 23:29:23,273 BTPWorkerThread-10968 (_rx_task) root DEBUG iutctl_common.py          154   read                      : Received data: {'e0 4d 65 9b 70 f3 5c a4 03 1f 00 1e 09 48 46 50 20 41 47 20 44 65 6d 6f 20 35 43 3a 46 33 3a 37 30 3a 39 42 3a 36 35 3a 34 44'}, bytearray(b'\xe0Me\x9bp\xf3\\\xa4\x03\x1f\x00\x1e\tHFP AG Demo 5C:F3:70:9B:65:4D')
2026-09-23 23:29:23,273 BTPWorkerThread-10968 (_rx_task) root DEBUG btp.py                    736   event_handler             : Header(svc_id=1, op=129, ctrl_index=0, data_len=42) (b'\xe0Me\x9bp\xf3\\\xa4\x03\x1f\x00\x1e\tHFP AG Demo 5C:F3:70:9B:65:4D',)
2026-09-23 23:29:23,273 BTPWorkerThread-10968 (_rx_task) root DEBUG gap.py                    193   gap_device_found_ev_      : b'\xe0Me\x9bp\xf3\\\xa4\x03\x1f\x00\x1e\tHFP AG Demo 5C:F3:70:9B:65:4D'
2026-09-23 23:29:23,274 BTPWorkerThread-10968 (_rx_task) root DEBUG gap.py                    207   gap_device_found_ev_      : found '5cf3709b654d' type 224 eir b'\x1e\tHFP AG Demo 5C:F3:70:9B:65:4D'
2026-09-23 23:29:24,551 BTPWorkerThread-10968 (_rx_task) root DEBUG iutctl_common.py          123   read                      : Read 5 bytes
2026-09-23 23:29:24,551 BTPWorkerThread-10968 (_rx_task) root DEBUG iutctl_common.py          131   read                      : Received: hdr: Header(svc_id=0x01, op=0x81, ctrl_index=0x00, data_len=0x0b) bytearray(b'\x01\x81\x00\x0b\x00')
2026-09-23 23:29:24,551 BTPWorkerThread-10968 (_rx_task) root DEBUG iutctl_common.py          139   read                      : Read 11 bytes data
2026-09-23 23:29:24,552 BTPWorkerThread-10968 (_rx_task) root DEBUG iutctl_common.py          154   read                      : Received data: {'e0 4d 65 9b 70 f3 5c a0 03 00 00'}, bytearray(b'\xe0Me\x9bp\xf3\\\xa0\x03\x00\x00')
2026-09-23 23:29:24,552 BTPWorkerThread-10968 (_rx_task) root DEBUG btp.py                    736   event_handler             : Header(svc_id=1, op=129, ctrl_index=0, data_len=11) (b'\xe0Me\x9bp\xf3\\\xa0\x03\x00\x00',)
2026-09-23 23:29:24,552 BTPWorkerThread-10968 (_rx_task) root DEBUG gap.py                    193   gap_device_found_ev_      : b'\xe0Me\x9bp\xf3\\\xa0\x03\x00\x00'
2026-09-23 23:29:24,552 BTPWorkerThread-10968 (_rx_task) root DEBUG gap.py                    207   gap_device_found_ev_      : found '5cf3709b654d' type 224 eir b''
2026-09-23 23:29:25,196 BTPWorkerThread-10968 (_rx_task) root DEBUG iutctl_common.py          123   read                      : Read 5 bytes
2026-09-23 23:29:25,196 BTPWorkerThread-10968 (_rx_task) root DEBUG iutctl_common.py          131   read                      : Received: hdr: Header(svc_id=0x01, op=0x81, ctrl_index=0x00, data_len=0x1a) bytearray(b'\x01\x81\x00\x1a\x00')
2026-09-23 23:29:25,196 BTPWorkerThread-10968 (_rx_task) root DEBUG iutctl_common.py          139   read                      : Read 26 bytes data
2026-09-23 23:29:25,196 BTPWorkerThread-10968 (_rx_task) root DEBUG iutctl_common.py          154   read                      : Received data: {'e0 4e e4 08 dc 1b 00 d4 03 0f 00 0e 09 50 54 53 2d 47 41 50 2d 45 34 34 45 00'}, bytearray(b'\xe0N\xe4\x08\xdc\x1b\x00\xd4\x03\x0f\x00\x0e\tPTS-GAP-E44E\x00')
2026-09-23 23:29:25,196 BTPWorkerThread-10968 (_rx_task) root DEBUG btp.py                    736   event_handler             : Header(svc_id=1, op=129, ctrl_index=0, data_len=26) (b'\xe0N\xe4\x08\xdc\x1b\x00\xd4\x03\x0f\x00\x0e\tPTS-GAP-E44E\x00',)
2026-09-23 23:29:25,196 BTPWorkerThread-10968 (_rx_task) root DEBUG gap.py                    193   gap_device_found_ev_      : b'\xe0N\xe4\x08\xdc\x1b\x00\xd4\x03\x0f\x00\x0e\tPTS-GAP-E44E\x00'
2026-09-23 23:29:25,196 BTPWorkerThread-10968 (_rx_task) root DEBUG gap.py                    207   gap_device_found_ev_      : found '001bdc08e44e' type 224 eir b'\x0e\tPTS-GAP-E44E\x00'
2026-09-23 23:29:25,432 BTPWorkerThread-10968 (_rx_task) root DEBUG iutctl_common.py          123   read                      : Read 5 bytes
2026-09-23 23:29:25,432 BTPWorkerThread-10968 (_rx_task) root DEBUG iutctl_common.py          131   read                      : Received: hdr: Header(svc_id=0x01, op=0x81, ctrl_index=0x00, data_len=0x1a) bytearray(b'\x01\x81\x00\x1a\x00')
2026-09-23 23:29:25,432 BTPWorkerThread-10968 (_rx_task) root DEBUG iutctl_common.py          139   read                      : Read 26 bytes data
2026-09-23 23:29:25,433 BTPWorkerThread-10968 (_rx_task) root DEBUG iutctl_common.py          154   read                      : Received data: {'e0 4e e4 08 dc 1b 00 d1 03 0f 00 0e 09 50 54 53 2d 47 41 50 2d 45 34 34 45 00'}, bytearray(b'\xe0N\xe4\x08\xdc\x1b\x00\xd1\x03\x0f\x00\x0e\tPTS-GAP-E44E\x00')
2026-09-23 23:29:25,433 BTPWorkerThread-10968 (_rx_task) root DEBUG btp.py                    736   event_handler             : Header(svc_id=1, op=129, ctrl_index=0, data_len=26) (b'\xe0N\xe4\x08\xdc\x1b\x00\xd1\x03\x0f\x00\x0e\tPTS-GAP-E44E\x00',)
2026-09-23 23:29:25,433 BTPWorkerThread-10968 (_rx_task) root DEBUG gap.py                    193   gap_device_found_ev_      : b'\xe0N\xe4\x08\xdc\x1b\x00\xd1\x03\x0f\x00\x0e\tPTS-GAP-E44E\x00'
2026-09-23 23:29:25,433 BTPWorkerThread-10968 (_rx_task) root DEBUG gap.py                    207   gap_device_found_ev_      : found '001bdc08e44e' type 224 eir b'\x0e\tPTS-GAP-E44E\x00'
2026-09-23 23:29:25,637 BTPWorkerThread-10968 (_rx_task) root DEBUG iutctl_common.py          123   read                      : Read 5 bytes
2026-09-23 23:29:25,637 BTPWorkerThread-10968 (_rx_task) root DEBUG iutctl_common.py          131   read                      : Received: hdr: Header(svc_id=0x01, op=0x81, ctrl_index=0x00, data_len=0x0b) bytearray(b'\x01\x81\x00\x0b\x00')
2026-09-23 23:29:25,637 BTPWorkerThread-10968 (_rx_task) root DEBUG iutctl_common.py          139   read                      : Read 11 bytes data
2026-09-23 23:29:25,638 BTPWorkerThread-10968 (_rx_task) root DEBUG iutctl_common.py          154   read                      : Received data: {'e0 53 00 4c 17 e5 44 b0 03 00 00'}, bytearray(b'\xe0S\x00L\x17\xe5D\xb0\x03\x00\x00')
2026-09-23 23:29:25,638 BTPWorkerThread-10968 (_rx_task) root DEBUG btp.py                    736   event_handler             : Header(svc_id=1, op=129, ctrl_index=0, data_len=11) (b'\xe0S\x00L\x17\xe5D\xb0\x03\x00\x00',)
2026-09-23 23:29:25,638 BTPWorkerThread-10968 (_rx_task) root DEBUG gap.py                    193   gap_device_found_ev_      : b'\xe0S\x00L\x17\xe5D\xb0\x03\x00\x00'
2026-09-23 23:29:25,638 BTPWorkerThread-10968 (_rx_task) root DEBUG gap.py                    207   gap_device_found_ev_      : found '44e5174c0053' type 224 eir b''
2026-09-23 23:29:25,711 BTPWorkerThread-10968 (_rx_task) root DEBUG iutctl_common.py          123   read                      : Read 5 bytes
2026-09-23 23:29:25,711 BTPWorkerThread-10968 (_rx_task) root DEBUG iutctl_common.py          131   read                      : Received: hdr: Header(svc_id=0x01, op=0x81, ctrl_index=0x00, data_len=0x1a) bytearray(b'\x01\x81\x00\x1a\x00')
2026-09-23 23:29:25,712 BTPWorkerThread-10968 (_rx_task) root DEBUG iutctl_common.py          139   read                      : Read 26 bytes data
2026-09-23 23:29:25,712 BTPWorkerThread-10968 (_rx_task) root DEBUG iutctl_common.py          154   read                      : Received data: {'e0 4e e4 08 dc 1b 00 d3 03 0f 00 0e 09 50 54 53 2d 47 41 50 2d 45 34 34 45 00'}, bytearray(b'\xe0N\xe4\x08\xdc\x1b\x00\xd3\x03\x0f\x00\x0e\tPTS-GAP-E44E\x00')
2026-09-23 23:29:25,712 BTPWorkerThread-10968 (_rx_task) root DEBUG btp.py                    736   event_handler             : Header(svc_id=1, op=129, ctrl_index=0, data_len=26) (b'\xe0N\xe4\x08\xdc\x1b\x00\xd3\x03\x0f\x00\x0e\tPTS-GAP-E44E\x00',)
2026-09-23 23:29:25,712 BTPWorkerThread-10968 (_rx_task) root DEBUG gap.py                    193   gap_device_found_ev_      : b'\xe0N\xe4\x08\xdc\x1b\x00\xd3\x03\x0f\x00\x0e\tPTS-GAP-E44E\x00'
2026-09-23 23:29:25,712 BTPWorkerThread-10968 (_rx_task) root DEBUG gap.py                    207   gap_device_found_ev_      : found '001bdc08e44e' type 224 eir b'\x0e\tPTS-GAP-E44E\x00'
2026-09-23 23:29:25,788 BTPWorkerThread-10968 (_rx_task) root DEBUG iutctl_common.py          123   read                      : Read 5 bytes
2026-09-23 23:29:25,788 BTPWorkerThread-10968 (_rx_task) root DEBUG iutctl_common.py          131   read                      : Received: hdr: Header(svc_id=0x01, op=0x81, ctrl_index=0x00, data_len=0x2a) bytearray(b'\x01\x81\x00*\x00')
2026-09-23 23:29:25,788 BTPWorkerThread-10968 (_rx_task) root DEBUG iutctl_common.py          139   read                      : Read 42 bytes data
2026-09-23 23:29:25,789 BTPWorkerThread-10968 (_rx_task) root DEBUG iutctl_common.py          154   read                      : Received data: {'e0 4d 65 9b 70 f3 5c a4 03 1f 00 1e 09 48 46 50 20 41 47 20 44 65 6d 6f 20 35 43 3a 46 33 3a 37 30 3a 39 42 3a 36 35 3a 34 44'}, bytearray(b'\xe0Me\x9bp\xf3\\\xa4\x03\x1f\x00\x1e\tHFP AG Demo 5C:F3:70:9B:65:4D')
2026-09-23 23:29:25,789 BTPWorkerThread-10968 (_rx_task) root DEBUG btp.py                    736   event_handler             : Header(svc_id=1, op=129, ctrl_index=0, data_len=42) (b'\xe0Me\x9bp\xf3\\\xa4\x03\x1f\x00\x1e\tHFP AG Demo 5C:F3:70:9B:65:4D',)
2026-09-23 23:29:25,789 BTPWorkerThread-10968 (_rx_task) root DEBUG gap.py                    193   gap_device_found_ev_      : b'\xe0Me\x9bp\xf3\\\xa4\x03\x1f\x00\x1e\tHFP AG Demo 5C:F3:70:9B:65:4D'
2026-09-23 23:29:25,789 BTPWorkerThread-10968 (_rx_task) root DEBUG gap.py                    207   gap_device_found_ev_      : found '5cf3709b654d' type 224 eir b'\x1e\tHFP AG Demo 5C:F3:70:9B:65:4D'
2026-09-23 23:29:26,148 BTPWorkerThread-10968 (_rx_task) root DEBUG iutctl_common.py          123   read                      : Read 5 bytes
2026-09-23 23:29:26,148 BTPWorkerThread-10968 (_rx_task) root DEBUG iutctl_common.py          131   read                      : Received: hdr: Header(svc_id=0x01, op=0x81, ctrl_index=0x00, data_len=0x2a) bytearray(b'\x01\x81\x00*\x00')
2026-09-23 23:29:26,148 BTPWorkerThread-10968 (_rx_task) root DEBUG iutctl_common.py          139   read                      : Read 19 bytes data
2026-09-23 23:29:26,159 BTPWorkerThread-10968 (_rx_task) root DEBUG iutctl_common.py          139   read                      : Read 23 bytes data
2026-09-23 23:29:26,159 BTPWorkerThread-10968 (_rx_task) root DEBUG iutctl_common.py          154   read                      : Received data: {'e0 95 83 06 dc 1b 00 ac 03 1f 00 1e 09 48 46 50 20 41 47 20 44 65 6d 6f 20 30 30 3a 31 42 3a 44 43 3a 30 36 3a 38 33 3a 39 35'}, bytearray(b'\xe0\x95\x83\x06\xdc\x1b\x00\xac\x03\x1f\x00\x1e\tHFP AG Demo 00:1B:DC:06:83:95')
2026-09-23 23:29:26,159 BTPWorkerThread-10968 (_rx_task) root DEBUG btp.py                    736   event_handler             : Header(svc_id=1, op=129, ctrl_index=0, data_len=42) (b'\xe0\x95\x83\x06\xdc\x1b\x00\xac\x03\x1f\x00\x1e\tHFP AG Demo 00:1B:DC:06:83:95',)
2026-09-23 23:29:26,160 BTPWorkerThread-10968 (_rx_task) root DEBUG gap.py                    193   gap_device_found_ev_      : b'\xe0\x95\x83\x06\xdc\x1b\x00\xac\x03\x1f\x00\x1e\tHFP AG Demo 00:1B:DC:06:83:95'
2026-09-23 23:29:26,160 BTPWorkerThread-10968 (_rx_task) root DEBUG gap.py                    207   gap_device_found_ev_      : found '001bdc068395' type 224 eir b'\x1e\tHFP AG Demo 00:1B:DC:06:83:95'
2026-09-23 23:29:26,244 BTPWorkerThread-10968 (_rx_task) root DEBUG iutctl_common.py          123   read                      : Read 5 bytes
2026-09-23 23:29:26,244 BTPWorkerThread-10968 (_rx_task) root DEBUG iutctl_common.py          131   read                      : Received: hdr: Header(svc_id=0x01, op=0x81, ctrl_index=0x00, data_len=0x2a) bytearray(b'\x01\x81\x00*\x00')
2026-09-23 23:29:26,245 BTPWorkerThread-10968 (_rx_task) root DEBUG iutctl_common.py          139   read                      : Read 42 bytes data
2026-09-23 23:29:26,245 BTPWorkerThread-10968 (_rx_task) root DEBUG iutctl_common.py          154   read                      : Received data: {'e0 95 83 06 dc 1b 00 ac 03 1f 00 1e 09 48 46 50 20 41 47 20 44 65 6d 6f 20 30 30 3a 31 42 3a 44 43 3a 30 36 3a 38 33 3a 39 35'}, bytearray(b'\xe0\x95\x83\x06\xdc\x1b\x00\xac\x03\x1f\x00\x1e\tHFP AG Demo 00:1B:DC:06:83:95')
2026-09-23 23:29:26,245 BTPWorkerThread-10968 (_rx_task) root DEBUG btp.py                    736   event_handler             : Header(svc_id=1, op=129, ctrl_index=0, data_len=42) (b'\xe0\x95\x83\x06\xdc\x1b\x00\xac\x03\x1f\x00\x1e\tHFP AG Demo 00:1B:DC:06:83:95',)
2026-09-23 23:29:26,245 BTPWorkerThread-10968 (_rx_task) root DEBUG gap.py                    193   gap_device_found_ev_      : b'\xe0\x95\x83\x06\xdc\x1b\x00\xac\x03\x1f\x00\x1e\tHFP AG Demo 00:1B:DC:06:83:95'
2026-09-23 23:29:26,245 BTPWorkerThread-10968 (_rx_task) root DEBUG gap.py                    207   gap_device_found_ev_      : found '001bdc068395' type 224 eir b'\x1e\tHFP AG Demo 00:1B:DC:06:83:95'
2026-09-23 23:29:26,467 BTPWorkerThread-10968 (_rx_task) root DEBUG iutctl_common.py          123   read                      : Read 5 bytes
2026-09-23 23:29:26,467 BTPWorkerThread-10968 (_rx_task) root DEBUG iutctl_common.py          131   read                      : Received: hdr: Header(svc_id=0x01, op=0x81, ctrl_index=0x00, data_len=0x26) bytearray(b'\x01\x81\x00&\x00')
2026-09-23 23:29:26,467 BTPWorkerThread-10968 (_rx_task) root DEBUG iutctl_common.py          139   read                      : Read 24 bytes data
2026-09-23 23:29:26,478 BTPWorkerThread-10968 (_rx_task) root DEBUG iutctl_common.py          139   read                      : Read 14 bytes data
2026-09-23 23:29:26,478 BTPWorkerThread-10968 (_rx_task) root DEBUG iutctl_common.py          154   read                      : Received data: {'e0 53 00 4c 17 e5 44 ad 03 1b 00 09 09 4e 58 4c 36 36 35 32 38 02 0a 0c 0d 03 0c 11 0a 11 0b 11 0e 11 1f 11 1e 11'}, bytearray(b'\xe0S\x00L\x17\xe5D\xad\x03\x1b\x00\t\tNXL66528\x02\n\x0c\r\x03\x0c\x11\n\x11\x0b\x11\x0e\x11\x1f\x11\x1e\x11')
2026-09-23 23:29:26,479 BTPWorkerThread-10968 (_rx_task) root DEBUG btp.py                    736   event_handler             : Header(svc_id=1, op=129, ctrl_index=0, data_len=38) (b'\xe0S\x00L\x17\xe5D\xad\x03\x1b\x00\t\tNXL66528\x02\n\x0c\r\x03\x0c\x11\n\x11\x0b\x11\x0e\x11\x1f\x11\x1e\x11',)
2026-09-23 23:29:26,479 BTPWorkerThread-10968 (_rx_task) root DEBUG gap.py                    193   gap_device_found_ev_      : b'\xe0S\x00L\x17\xe5D\xad\x03\x1b\x00\t\tNXL66528\x02\n\x0c\r\x03\x0c\x11\n\x11\x0b\x11\x0e\x11\x1f\x11\x1e\x11'
2026-09-23 23:29:26,479 BTPWorkerThread-10968 (_rx_task) root DEBUG gap.py                    207   gap_device_found_ev_      : found '44e5174c0053' type 224 eir b'\t\tNXL66528\x02\n\x0c\r\x03\x0c\x11\n\x11\x0b\x11\x0e\x11\x1f\x11\x1e\x11'
2026-09-23 23:29:26,832 BTPWorkerThread-10968 (_rx_task) root DEBUG iutctl_common.py          123   read                      : Read 5 bytes
2026-09-23 23:29:26,832 BTPWorkerThread-10968 (_rx_task) root DEBUG iutctl_common.py          131   read                      : Received: hdr: Header(svc_id=0x01, op=0x81, ctrl_index=0x00, data_len=0x2a) bytearray(b'\x01\x81\x00*\x00')
2026-09-23 23:29:26,833 BTPWorkerThread-10968 (_rx_task) root DEBUG iutctl_common.py          139   read                      : Read 42 bytes data
2026-09-23 23:29:26,833 BTPWorkerThread-10968 (_rx_task) root DEBUG iutctl_common.py          154   read                      : Received data: {'e0 95 83 06 dc 1b 00 b0 03 1f 00 1e 09 48 46 50 20 41 47 20 44 65 6d 6f 20 30 30 3a 31 42 3a 44 43 3a 30 36 3a 38 33 3a 39 35'}, bytearray(b'\xe0\x95\x83\x06\xdc\x1b\x00\xb0\x03\x1f\x00\x1e\tHFP AG Demo 00:1B:DC:06:83:95')
2026-09-23 23:29:26,833 BTPWorkerThread-10968 (_rx_task) root DEBUG btp.py                    736   event_handler             : Header(svc_id=1, op=129, ctrl_index=0, data_len=42) (b'\xe0\x95\x83\x06\xdc\x1b\x00\xb0\x03\x1f\x00\x1e\tHFP AG Demo 00:1B:DC:06:83:95',)
2026-09-23 23:29:26,833 BTPWorkerThread-10968 (_rx_task) root DEBUG gap.py                    193   gap_device_found_ev_      : b'\xe0\x95\x83\x06\xdc\x1b\x00\xb0\x03\x1f\x00\x1e\tHFP AG Demo 00:1B:DC:06:83:95'
2026-09-23 23:29:26,833 BTPWorkerThread-10968 (_rx_task) root DEBUG gap.py                    207   gap_device_found_ev_      : found '001bdc068395' type 224 eir b'\x1e\tHFP AG Demo 00:1B:DC:06:83:95'
2026-09-23 23:29:27,047 BTPWorkerThread-10968 (_rx_task) root DEBUG iutctl_common.py          123   read                      : Read 5 bytes
2026-09-23 23:29:27,047 BTPWorkerThread-10968 (_rx_task) root DEBUG iutctl_common.py          131   read                      : Received: hdr: Header(svc_id=0x01, op=0x81, ctrl_index=0x00, data_len=0x26) bytearray(b'\x01\x81\x00&\x00')
2026-09-23 23:29:27,047 BTPWorkerThread-10968 (_rx_task) root DEBUG iutctl_common.py          139   read                      : Read 16 bytes data
2026-09-23 23:29:27,058 BTPWorkerThread-10968 (_rx_task) root DEBUG iutctl_common.py          139   read                      : Read 22 bytes data
2026-09-23 23:29:27,058 BTPWorkerThread-10968 (_rx_task) root DEBUG iutctl_common.py          154   read                      : Received data: {'e0 53 00 4c 17 e5 44 af 03 1b 00 09 09 4e 58 4c 36 36 35 32 38 02 0a 0c 0d 03 0c 11 0a 11 0b 11 0e 11 1f 11 1e 11'}, bytearray(b'\xe0S\x00L\x17\xe5D\xaf\x03\x1b\x00\t\tNXL66528\x02\n\x0c\r\x03\x0c\x11\n\x11\x0b\x11\x0e\x11\x1f\x11\x1e\x11')
2026-09-23 23:29:27,058 BTPWorkerThread-10968 (_rx_task) root DEBUG btp.py                    736   event_handler             : Header(svc_id=1, op=129, ctrl_index=0, data_len=38) (b'\xe0S\x00L\x17\xe5D\xaf\x03\x1b\x00\t\tNXL66528\x02\n\x0c\r\x03\x0c\x11\n\x11\x0b\x11\x0e\x11\x1f\x11\x1e\x11',)
2026-09-23 23:29:27,059 BTPWorkerThread-10968 (_rx_task) root DEBUG gap.py                    193   gap_device_found_ev_      : b'\xe0S\x00L\x17\xe5D\xaf\x03\x1b\x00\t\tNXL66528\x02\n\x0c\r\x03\x0c\x11\n\x11\x0b\x11\x0e\x11\x1f\x11\x1e\x11'
2026-09-23 23:29:27,059 BTPWorkerThread-10968 (_rx_task) root DEBUG gap.py                    207   gap_device_found_ev_      : found '44e5174c0053' type 224 eir b'\t\tNXL66528\x02\n\x0c\r\x03\x0c\x11\n\x11\x0b\x11\x0e\x11\x1f\x11\x1e\x11'
2026-09-23 23:29:27,270 BTPWorkerThread-10968 (_rx_task) root DEBUG iutctl_common.py          123   read                      : Read 5 bytes
2026-09-23 23:29:27,270 BTPWorkerThread-10968 (_rx_task) root DEBUG iutctl_common.py          131   read                      : Received: hdr: Header(svc_id=0x01, op=0x81, ctrl_index=0x00, data_len=0x2a) bytearray(b'\x01\x81\x00*\x00')
2026-09-23 23:29:27,270 BTPWorkerThread-10968 (_rx_task) root DEBUG iutctl_common.py          139   read                      : Read 24 bytes data
2026-09-23 23:29:27,281 BTPWorkerThread-10968 (_rx_task) root DEBUG iutctl_common.py          139   read                      : Read 18 bytes data
2026-09-23 23:29:27,281 BTPWorkerThread-10968 (_rx_task) root DEBUG iutctl_common.py          154   read                      : Received data: {'e0 95 83 06 dc 1b 00 a9 03 1f 00 1e 09 48 46 50 20 41 47 20 44 65 6d 6f 20 30 30 3a 31 42 3a 44 43 3a 30 36 3a 38 33 3a 39 35'}, bytearray(b'\xe0\x95\x83\x06\xdc\x1b\x00\xa9\x03\x1f\x00\x1e\tHFP AG Demo 00:1B:DC:06:83:95')
2026-09-23 23:29:27,281 BTPWorkerThread-10968 (_rx_task) root DEBUG btp.py                    736   event_handler             : Header(svc_id=1, op=129, ctrl_index=0, data_len=42) (b'\xe0\x95\x83\x06\xdc\x1b\x00\xa9\x03\x1f\x00\x1e\tHFP AG Demo 00:1B:DC:06:83:95',)
2026-09-23 23:29:27,282 BTPWorkerThread-10968 (_rx_task) root DEBUG gap.py                    193   gap_device_found_ev_      : b'\xe0\x95\x83\x06\xdc\x1b\x00\xa9\x03\x1f\x00\x1e\tHFP AG Demo 00:1B:DC:06:83:95'
2026-09-23 23:29:27,282 BTPWorkerThread-10968 (_rx_task) root DEBUG gap.py                    207   gap_device_found_ev_      : found '001bdc068395' type 224 eir b'\x1e\tHFP AG Demo 00:1B:DC:06:83:95'
2026-09-23 23:29:27,282 BTPWorkerThread-10968 (_rx_task) root DEBUG iutctl_common.py          123   read                      : Read 5 bytes
2026-09-23 23:29:27,282 BTPWorkerThread-10968 (_rx_task) root DEBUG iutctl_common.py          131   read                      : Received: hdr: Header(svc_id=0x01, op=0x81, ctrl_index=0x00, data_len=0x26) bytearray(b'\x01\x81\x00&\x00')
2026-09-23 23:29:27,282 BTPWorkerThread-10968 (_rx_task) root DEBUG iutctl_common.py          139   read                      : Read 38 bytes data
2026-09-23 23:29:27,282 BTPWorkerThread-10968 (_rx_task) root DEBUG iutctl_common.py          154   read                      : Received data: {'e0 53 00 4c 17 e5 44 af 03 1b 00 09 09 4e 58 4c 36 36 35 32 38 02 0a 0c 0d 03 0c 11 0a 11 0b 11 0e 11 1f 11 1e 11'}, bytearray(b'\xe0S\x00L\x17\xe5D\xaf\x03\x1b\x00\t\tNXL66528\x02\n\x0c\r\x03\x0c\x11\n\x11\x0b\x11\x0e\x11\x1f\x11\x1e\x11')
2026-09-23 23:29:27,282 BTPWorkerThread-10968 (_rx_task) root DEBUG btp.py                    736   event_handler             : Header(svc_id=1, op=129, ctrl_index=0, data_len=38) (b'\xe0S\x00L\x17\xe5D\xaf\x03\x1b\x00\t\tNXL66528\x02\n\x0c\r\x03\x0c\x11\n\x11\x0b\x11\x0e\x11\x1f\x11\x1e\x11',)
2026-09-23 23:29:27,282 BTPWorkerThread-10968 (_rx_task) root DEBUG gap.py                    193   gap_device_found_ev_      : b'\xe0S\x00L\x17\xe5D\xaf\x03\x1b\x00\t\tNXL66528\x02\n\x0c\r\x03\x0c\x11\n\x11\x0b\x11\x0e\x11\x1f\x11\x1e\x11'
2026-09-23 23:29:27,282 BTPWorkerThread-10968 (_rx_task) root DEBUG gap.py                    207   gap_device_found_ev_      : found '44e5174c0053' type 224 eir b'\t\tNXL66528\x02\n\x0c\r\x03\x0c\x11\n\x11\x0b\x11\x0e\x11\x1f\x11\x1e\x11'
2026-09-23 23:29:27,292 BTPWorkerThread-10968 (_rx_task) root DEBUG iutctl_common.py          123   read                      : Read 5 bytes
2026-09-23 23:29:27,292 BTPWorkerThread-10968 (_rx_task) root DEBUG iutctl_common.py          131   read                      : Received: hdr: Header(svc_id=0x01, op=0x81, ctrl_index=0x00, data_len=0x26) bytearray(b'\x01\x81\x00&\x00')
2026-09-23 23:29:27,292 BTPWorkerThread-10968 (_rx_task) root DEBUG iutctl_common.py          139   read                      : Read 38 bytes data
2026-09-23 23:29:27,293 BTPWorkerThread-10968 (_rx_task) root DEBUG iutctl_common.py          154   read                      : Received data: {'e0 53 00 4c 17 e5 44 af 03 1b 00 09 09 4e 58 4c 36 36 35 32 38 02 0a 0c 0d 03 0c 11 0a 11 0b 11 0e 11 1f 11 1e 11'}, bytearray(b'\xe0S\x00L\x17\xe5D\xaf\x03\x1b\x00\t\tNXL66528\x02\n\x0c\r\x03\x0c\x11\n\x11\x0b\x11\x0e\x11\x1f\x11\x1e\x11')
2026-09-23 23:29:27,293 BTPWorkerThread-10968 (_rx_task) root DEBUG btp.py                    736   event_handler             : Header(svc_id=1, op=129, ctrl_index=0, data_len=38) (b'\xe0S\x00L\x17\xe5D\xaf\x03\x1b\x00\t\tNXL66528\x02\n\x0c\r\x03\x0c\x11\n\x11\x0b\x11\x0e\x11\x1f\x11\x1e\x11',)
2026-09-23 23:29:27,293 BTPWorkerThread-10968 (_rx_task) root DEBUG gap.py                    193   gap_device_found_ev_      : b'\xe0S\x00L\x17\xe5D\xaf\x03\x1b\x00\t\tNXL66528\x02\n\x0c\r\x03\x0c\x11\n\x11\x0b\x11\x0e\x11\x1f\x11\x1e\x11'
2026-09-23 23:29:27,293 BTPWorkerThread-10968 (_rx_task) root DEBUG gap.py                    207   gap_device_found_ev_      : found '44e5174c0053' type 224 eir b'\t\tNXL66528\x02\n\x0c\r\x03\x0c\x11\n\x11\x0b\x11\x0e\x11\x1f\x11\x1e\x11'
2026-09-23 23:29:27,544 BTPWorkerThread-10968 (_rx_task) root DEBUG iutctl_common.py          123   read                      : Read 5 bytes
2026-09-23 23:29:27,544 BTPWorkerThread-10968 (_rx_task) root DEBUG iutctl_common.py          131   read                      : Received: hdr: Header(svc_id=0x01, op=0x81, ctrl_index=0x00, data_len=0x2a) bytearray(b'\x01\x81\x00*\x00')
2026-09-23 23:29:27,544 BTPWorkerThread-10968 (_rx_task) root DEBUG iutctl_common.py          139   read                      : Read 42 bytes data
2026-09-23 23:29:27,544 BTPWorkerThread-10968 (_rx_task) root DEBUG iutctl_common.py          154   read                      : Received data: {'e0 95 83 06 dc 1b 00 af 03 1f 00 1e 09 48 46 50 20 41 47 20 44 65 6d 6f 20 30 30 3a 31 42 3a 44 43 3a 30 36 3a 38 33 3a 39 35'}, bytearray(b'\xe0\x95\x83\x06\xdc\x1b\x00\xaf\x03\x1f\x00\x1e\tHFP AG Demo 00:1B:DC:06:83:95')
2026-09-23 23:29:27,544 BTPWorkerThread-10968 (_rx_task) root DEBUG btp.py                    736   event_handler             : Header(svc_id=1, op=129, ctrl_index=0, data_len=42) (b'\xe0\x95\x83\x06\xdc\x1b\x00\xaf\x03\x1f\x00\x1e\tHFP AG Demo 00:1B:DC:06:83:95',)
2026-09-23 23:29:27,544 BTPWorkerThread-10968 (_rx_task) root DEBUG gap.py                    193   gap_device_found_ev_      : b'\xe0\x95\x83\x06\xdc\x1b\x00\xaf\x03\x1f\x00\x1e\tHFP AG Demo 00:1B:DC:06:83:95'
2026-09-23 23:29:27,544 BTPWorkerThread-10968 (_rx_task) root DEBUG gap.py                    207   gap_device_found_ev_      : found '001bdc068395' type 224 eir b'\x1e\tHFP AG Demo 00:1B:DC:06:83:95'
2026-09-23 23:29:27,630 BTPWorkerThread-10968 (_rx_task) root DEBUG iutctl_common.py          123   read                      : Read 5 bytes
2026-09-23 23:29:27,630 BTPWorkerThread-10968 (_rx_task) root DEBUG iutctl_common.py          131   read                      : Received: hdr: Header(svc_id=0x01, op=0x81, ctrl_index=0x00, data_len=0x2a) bytearray(b'\x01\x81\x00*\x00')
2026-09-23 23:29:27,630 BTPWorkerThread-10968 (_rx_task) root DEBUG iutctl_common.py          139   read                      : Read 42 bytes data
2026-09-23 23:29:27,631 BTPWorkerThread-10968 (_rx_task) root DEBUG iutctl_common.py          154   read                      : Received data: {'e0 cd 83 06 dc 1b 00 ab 03 1f 00 1e 09 41 32 44 50 20 53 6f 75 72 63 65 20 30 30 3a 31 42 3a 44 43 3a 30 36 3a 38 33 3a 43 44'}, bytearray(b'\xe0\xcd\x83\x06\xdc\x1b\x00\xab\x03\x1f\x00\x1e\tA2DP Source 00:1B:DC:06:83:CD')
2026-09-23 23:29:27,631 BTPWorkerThread-10968 (_rx_task) root DEBUG btp.py                    736   event_handler             : Header(svc_id=1, op=129, ctrl_index=0, data_len=42) (b'\xe0\xcd\x83\x06\xdc\x1b\x00\xab\x03\x1f\x00\x1e\tA2DP Source 00:1B:DC:06:83:CD',)
2026-09-23 23:29:27,631 BTPWorkerThread-10968 (_rx_task) root DEBUG gap.py                    193   gap_device_found_ev_      : b'\xe0\xcd\x83\x06\xdc\x1b\x00\xab\x03\x1f\x00\x1e\tA2DP Source 00:1B:DC:06:83:CD'
2026-09-23 23:29:27,631 BTPWorkerThread-10968 (_rx_task) root DEBUG gap.py                    207   gap_device_found_ev_      : found '001bdc0683cd' type 224 eir b'\x1e\tA2DP Source 00:1B:DC:06:83:CD'
2026-09-23 23:29:27,909 BTPWorkerThread-10968 (_rx_task) root DEBUG iutctl_common.py          123   read                      : Read 5 bytes
2026-09-23 23:29:27,909 BTPWorkerThread-10968 (_rx_task) root DEBUG iutctl_common.py          131   read                      : Received: hdr: Header(svc_id=0x01, op=0x81, ctrl_index=0x00, data_len=0x2a) bytearray(b'\x01\x81\x00*\x00')
2026-09-23 23:29:27,909 BTPWorkerThread-10968 (_rx_task) root DEBUG iutctl_common.py          139   read                      : Read 42 bytes data
2026-09-23 23:29:27,910 BTPWorkerThread-10968 (_rx_task) root DEBUG iutctl_common.py          154   read                      : Received data: {'e0 95 83 06 dc 1b 00 b0 03 1f 00 1e 09 48 46 50 20 41 47 20 44 65 6d 6f 20 30 30 3a 31 42 3a 44 43 3a 30 36 3a 38 33 3a 39 35'}, bytearray(b'\xe0\x95\x83\x06\xdc\x1b\x00\xb0\x03\x1f\x00\x1e\tHFP AG Demo 00:1B:DC:06:83:95')
2026-09-23 23:29:27,910 BTPWorkerThread-10968 (_rx_task) root DEBUG btp.py                    736   event_handler             : Header(svc_id=1, op=129, ctrl_index=0, data_len=42) (b'\xe0\x95\x83\x06\xdc\x1b\x00\xb0\x03\x1f\x00\x1e\tHFP AG Demo 00:1B:DC:06:83:95',)
2026-09-23 23:29:27,910 BTPWorkerThread-10968 (_rx_task) root DEBUG gap.py                    193   gap_device_found_ev_      : b'\xe0\x95\x83\x06\xdc\x1b\x00\xb0\x03\x1f\x00\x1e\tHFP AG Demo 00:1B:DC:06:83:95'
2026-09-23 23:29:27,910 BTPWorkerThread-10968 (_rx_task) root DEBUG gap.py                    207   gap_device_found_ev_      : found '001bdc068395' type 224 eir b'\x1e\tHFP AG Demo 00:1B:DC:06:83:95'
2026-09-23 23:29:28,145 BTPWorkerThread-10968 (_rx_task) root DEBUG iutctl_common.py          123   read                      : Read 5 bytes
2026-09-23 23:29:28,145 BTPWorkerThread-10968 (_rx_task) root DEBUG iutctl_common.py          131   read                      : Received: hdr: Header(svc_id=0x01, op=0x81, ctrl_index=0x00, data_len=0x2a) bytearray(b'\x01\x81\x00*\x00')
2026-09-23 23:29:28,145 BTPWorkerThread-10968 (_rx_task) root DEBUG iutctl_common.py          139   read                      : Read 42 bytes data
2026-09-23 23:29:28,146 BTPWorkerThread-10968 (_rx_task) root DEBUG iutctl_common.py          154   read                      : Received data: {'e0 cd 83 06 dc 1b 00 a7 03 1f 00 1e 09 41 32 44 50 20 53 6f 75 72 63 65 20 30 30 3a 31 42 3a 44 43 3a 30 36 3a 38 33 3a 43 44'}, bytearray(b'\xe0\xcd\x83\x06\xdc\x1b\x00\xa7\x03\x1f\x00\x1e\tA2DP Source 00:1B:DC:06:83:CD')
2026-09-23 23:29:28,146 BTPWorkerThread-10968 (_rx_task) root DEBUG btp.py                    736   event_handler             : Header(svc_id=1, op=129, ctrl_index=0, data_len=42) (b'\xe0\xcd\x83\x06\xdc\x1b\x00\xa7\x03\x1f\x00\x1e\tA2DP Source 00:1B:DC:06:83:CD',)
2026-09-23 23:29:28,146 BTPWorkerThread-10968 (_rx_task) root DEBUG gap.py                    193   gap_device_found_ev_      : b'\xe0\xcd\x83\x06\xdc\x1b\x00\xa7\x03\x1f\x00\x1e\tA2DP Source 00:1B:DC:06:83:CD'
2026-09-23 23:29:28,146 BTPWorkerThread-10968 (_rx_task) root DEBUG gap.py                    207   gap_device_found_ev_      : found '001bdc0683cd' type 224 eir b'\x1e\tA2DP Source 00:1B:DC:06:83:CD'
2026-09-23 23:29:28,188 BTPWorkerThread-10968 (_rx_task) root DEBUG iutctl_common.py          123   read                      : Read 5 bytes
2026-09-23 23:29:28,188 BTPWorkerThread-10968 (_rx_task) root DEBUG iutctl_common.py          131   read                      : Received: hdr: Header(svc_id=0x01, op=0x81, ctrl_index=0x00, data_len=0x26) bytearray(b'\x01\x81\x00&\x00')
2026-09-23 23:29:28,189 BTPWorkerThread-10968 (_rx_task) root DEBUG iutctl_common.py          139   read                      : Read 38 bytes data
2026-09-23 23:29:28,189 BTPWorkerThread-10968 (_rx_task) root DEBUG iutctl_common.py          154   read                      : Received data: {'e0 53 00 4c 17 e5 44 b3 03 1b 00 09 09 4e 58 4c 36 36 35 32 38 02 0a 0c 0d 03 0c 11 0a 11 0b 11 0e 11 1f 11 1e 11'}, bytearray(b'\xe0S\x00L\x17\xe5D\xb3\x03\x1b\x00\t\tNXL66528\x02\n\x0c\r\x03\x0c\x11\n\x11\x0b\x11\x0e\x11\x1f\x11\x1e\x11')
2026-09-23 23:29:28,189 BTPWorkerThread-10968 (_rx_task) root DEBUG btp.py                    736   event_handler             : Header(svc_id=1, op=129, ctrl_index=0, data_len=38) (b'\xe0S\x00L\x17\xe5D\xb3\x03\x1b\x00\t\tNXL66528\x02\n\x0c\r\x03\x0c\x11\n\x11\x0b\x11\x0e\x11\x1f\x11\x1e\x11',)
2026-09-23 23:29:28,189 BTPWorkerThread-10968 (_rx_task) root DEBUG gap.py                    193   gap_device_found_ev_      : b'\xe0S\x00L\x17\xe5D\xb3\x03\x1b\x00\t\tNXL66528\x02\n\x0c\r\x03\x0c\x11\n\x11\x0b\x11\x0e\x11\x1f\x11\x1e\x11'
2026-09-23 23:29:28,189 BTPWorkerThread-10968 (_rx_task) root DEBUG gap.py                    207   gap_device_found_ev_      : found '44e5174c0053' type 224 eir b'\t\tNXL66528\x02\n\x0c\r\x03\x0c\x11\n\x11\x0b\x11\x0e\x11\x1f\x11\x1e\x11'
2026-09-23 23:29:28,702 BTPWorkerThread-10968 (_rx_task) root DEBUG iutctl_common.py          123   read                      : Read 5 bytes
2026-09-23 23:29:28,703 BTPWorkerThread-10968 (_rx_task) root DEBUG iutctl_common.py          131   read                      : Received: hdr: Header(svc_id=0x01, op=0x81, ctrl_index=0x00, data_len=0x2a) bytearray(b'\x01\x81\x00*\x00')
2026-09-23 23:29:28,703 BTPWorkerThread-10968 (_rx_task) root DEBUG iutctl_common.py          139   read                      : Read 21 bytes data
2026-09-23 23:29:28,714 BTPWorkerThread-10968 (_rx_task) root DEBUG iutctl_common.py          139   read                      : Read 21 bytes data
2026-09-23 23:29:28,714 BTPWorkerThread-10968 (_rx_task) root DEBUG iutctl_common.py          154   read                      : Received data: {'e0 95 83 06 dc 1b 00 b0 03 1f 00 1e 09 48 46 50 20 41 47 20 44 65 6d 6f 20 30 30 3a 31 42 3a 44 43 3a 30 36 3a 38 33 3a 39 35'}, bytearray(b'\xe0\x95\x83\x06\xdc\x1b\x00\xb0\x03\x1f\x00\x1e\tHFP AG Demo 00:1B:DC:06:83:95')
2026-09-23 23:29:28,714 BTPWorkerThread-10968 (_rx_task) root DEBUG btp.py                    736   event_handler             : Header(svc_id=1, op=129, ctrl_index=0, data_len=42) (b'\xe0\x95\x83\x06\xdc\x1b\x00\xb0\x03\x1f\x00\x1e\tHFP AG Demo 00:1B:DC:06:83:95',)
2026-09-23 23:29:28,714 BTPWorkerThread-10968 (_rx_task) root DEBUG gap.py                    193   gap_device_found_ev_      : b'\xe0\x95\x83\x06\xdc\x1b\x00\xb0\x03\x1f\x00\x1e\tHFP AG Demo 00:1B:DC:06:83:95'
2026-09-23 23:29:28,715 BTPWorkerThread-10968 (_rx_task) root DEBUG gap.py                    207   gap_device_found_ev_      : found '001bdc068395' type 224 eir b'\x1e\tHFP AG Demo 00:1B:DC:06:83:95'
2026-09-23 23:29:28,855 BTPWorkerThread-10968 (_rx_task) root DEBUG iutctl_common.py          123   read                      : Read 5 bytes
2026-09-23 23:29:28,855 BTPWorkerThread-10968 (_rx_task) root DEBUG iutctl_common.py          131   read                      : Received: hdr: Header(svc_id=0x01, op=0x81, ctrl_index=0x00, data_len=0x1a) bytearray(b'\x01\x81\x00\x1a\x00')
2026-09-23 23:29:28,856 BTPWorkerThread-10968 (_rx_task) root DEBUG iutctl_common.py          139   read                      : Read 24 bytes data
2026-09-23 23:29:28,866 BTPWorkerThread-10968 (_rx_task) root DEBUG iutctl_common.py          139   read                      : Read 2 bytes data
2026-09-23 23:29:28,866 BTPWorkerThread-10968 (_rx_task) root DEBUG iutctl_common.py          154   read                      : Received data: {'e0 4e e4 08 dc 1b 00 d3 03 0f 00 0e 09 50 54 53 2d 47 41 50 2d 45 34 34 45 00'}, bytearray(b'\xe0N\xe4\x08\xdc\x1b\x00\xd3\x03\x0f\x00\x0e\tPTS-GAP-E44E\x00')
2026-09-23 23:29:28,866 BTPWorkerThread-10968 (_rx_task) root DEBUG btp.py                    736   event_handler             : Header(svc_id=1, op=129, ctrl_index=0, data_len=26) (b'\xe0N\xe4\x08\xdc\x1b\x00\xd3\x03\x0f\x00\x0e\tPTS-GAP-E44E\x00',)
2026-09-23 23:29:28,866 BTPWorkerThread-10968 (_rx_task) root DEBUG gap.py                    193   gap_device_found_ev_      : b'\xe0N\xe4\x08\xdc\x1b\x00\xd3\x03\x0f\x00\x0e\tPTS-GAP-E44E\x00'
2026-09-23 23:29:28,866 BTPWorkerThread-10968 (_rx_task) root DEBUG gap.py                    207   gap_device_found_ev_      : found '001bdc08e44e' type 224 eir b'\x0e\tPTS-GAP-E44E\x00'
2026-09-23 23:29:29,027 BTPWorkerThread-10968 (_rx_task) root DEBUG iutctl_common.py          123   read                      : Read 5 bytes
2026-09-23 23:29:29,027 BTPWorkerThread-10968 (_rx_task) root DEBUG iutctl_common.py          131   read                      : Received: hdr: Header(svc_id=0x01, op=0x81, ctrl_index=0x00, data_len=0x1a) bytearray(b'\x01\x81\x00\x1a\x00')
2026-09-23 23:29:29,027 BTPWorkerThread-10968 (_rx_task) root DEBUG iutctl_common.py          139   read                      : Read 26 bytes data
2026-09-23 23:29:29,028 BTPWorkerThread-10968 (_rx_task) root DEBUG iutctl_common.py          154   read                      : Received data: {'e0 4e e4 08 dc 1b 00 d2 03 0f 00 0e 09 50 54 53 2d 47 41 50 2d 45 34 34 45 00'}, bytearray(b'\xe0N\xe4\x08\xdc\x1b\x00\xd2\x03\x0f\x00\x0e\tPTS-GAP-E44E\x00')
2026-09-23 23:29:29,028 BTPWorkerThread-10968 (_rx_task) root DEBUG btp.py                    736   event_handler             : Header(svc_id=1, op=129, ctrl_index=0, data_len=26) (b'\xe0N\xe4\x08\xdc\x1b\x00\xd2\x03\x0f\x00\x0e\tPTS-GAP-E44E\x00',)
2026-09-23 23:29:29,028 BTPWorkerThread-10968 (_rx_task) root DEBUG gap.py                    193   gap_device_found_ev_      : b'\xe0N\xe4\x08\xdc\x1b\x00\xd2\x03\x0f\x00\x0e\tPTS-GAP-E44E\x00'
2026-09-23 23:29:29,028 BTPWorkerThread-10968 (_rx_task) root DEBUG gap.py                    207   gap_device_found_ev_      : found '001bdc08e44e' type 224 eir b'\x0e\tPTS-GAP-E44E\x00'
2026-09-23 23:29:29,049 BTPWorkerThread-10968 (_rx_task) root DEBUG iutctl_common.py          123   read                      : Read 5 bytes
2026-09-23 23:29:29,049 BTPWorkerThread-10968 (_rx_task) root DEBUG iutctl_common.py          131   read                      : Received: hdr: Header(svc_id=0x01, op=0x81, ctrl_index=0x00, data_len=0x2a) bytearray(b'\x01\x81\x00*\x00')
2026-09-23 23:29:29,049 BTPWorkerThread-10968 (_rx_task) root DEBUG iutctl_common.py          139   read                      : Read 42 bytes data
2026-09-23 23:29:29,050 BTPWorkerThread-10968 (_rx_task) root DEBUG iutctl_common.py          154   read                      : Received data: {'e0 95 83 06 dc 1b 00 b0 03 1f 00 1e 09 48 46 50 20 41 47 20 44 65 6d 6f 20 30 30 3a 31 42 3a 44 43 3a 30 36 3a 38 33 3a 39 35'}, bytearray(b'\xe0\x95\x83\x06\xdc\x1b\x00\xb0\x03\x1f\x00\x1e\tHFP AG Demo 00:1B:DC:06:83:95')
2026-09-23 23:29:29,050 BTPWorkerThread-10968 (_rx_task) root DEBUG btp.py                    736   event_handler             : Header(svc_id=1, op=129, ctrl_index=0, data_len=42) (b'\xe0\x95\x83\x06\xdc\x1b\x00\xb0\x03\x1f\x00\x1e\tHFP AG Demo 00:1B:DC:06:83:95',)
2026-09-23 23:29:29,050 BTPWorkerThread-10968 (_rx_task) root DEBUG gap.py                    193   gap_device_found_ev_      : b'\xe0\x95\x83\x06\xdc\x1b\x00\xb0\x03\x1f\x00\x1e\tHFP AG Demo 00:1B:DC:06:83:95'
2026-09-23 23:29:29,050 BTPWorkerThread-10968 (_rx_task) root DEBUG gap.py                    207   gap_device_found_ev_      : found '001bdc068395' type 224 eir b'\x1e\tHFP AG Demo 00:1B:DC:06:83:95'
2026-09-23 23:29:29,298 BTPWorkerThread-10968 (_rx_task) root DEBUG iutctl_common.py          123   read                      : Read 5 bytes
2026-09-23 23:29:29,298 BTPWorkerThread-10968 (_rx_task) root DEBUG iutctl_common.py          131   read                      : Received: hdr: Header(svc_id=0x01, op=0x81, ctrl_index=0x00, data_len=0x2a) bytearray(b'\x01\x81\x00*\x00')
2026-09-23 23:29:29,298 BTPWorkerThread-10968 (_rx_task) root DEBUG iutctl_common.py          139   read                      : Read 42 bytes data
2026-09-23 23:29:29,299 BTPWorkerThread-10968 (_rx_task) root DEBUG iutctl_common.py          154   read                      : Received data: {'e0 4d 65 9b 70 f3 5c a3 03 1f 00 1e 09 48 46 50 20 41 47 20 44 65 6d 6f 20 35 43 3a 46 33 3a 37 30 3a 39 42 3a 36 35 3a 34 44'}, bytearray(b'\xe0Me\x9bp\xf3\\\xa3\x03\x1f\x00\x1e\tHFP AG Demo 5C:F3:70:9B:65:4D')
2026-09-23 23:29:29,299 BTPWorkerThread-10968 (_rx_task) root DEBUG btp.py                    736   event_handler             : Header(svc_id=1, op=129, ctrl_index=0, data_len=42) (b'\xe0Me\x9bp\xf3\\\xa3\x03\x1f\x00\x1e\tHFP AG Demo 5C:F3:70:9B:65:4D',)
2026-09-23 23:29:29,299 BTPWorkerThread-10968 (_rx_task) root DEBUG gap.py                    193   gap_device_found_ev_      : b'\xe0Me\x9bp\xf3\\\xa3\x03\x1f\x00\x1e\tHFP AG Demo 5C:F3:70:9B:65:4D'
2026-09-23 23:29:29,299 BTPWorkerThread-10968 (_rx_task) root DEBUG gap.py                    207   gap_device_found_ev_      : found '5cf3709b654d' type 224 eir b'\x1e\tHFP AG Demo 5C:F3:70:9B:65:4D'
2026-09-23 23:29:29,517 BTPWorkerThread-10968 (_rx_task) root DEBUG iutctl_common.py          123   read                      : Read 5 bytes
2026-09-23 23:29:29,517 BTPWorkerThread-10968 (_rx_task) root DEBUG iutctl_common.py          131   read                      : Received: hdr: Header(svc_id=0x01, op=0x81, ctrl_index=0x00, data_len=0x1a) bytearray(b'\x01\x81\x00\x1a\x00')
2026-09-23 23:29:29,517 BTPWorkerThread-10968 (_rx_task) root DEBUG iutctl_common.py          139   read                      : Read 16 bytes data
2026-09-23 23:29:29,529 BTPWorkerThread-10968 (_rx_task) root DEBUG iutctl_common.py          139   read                      : Read 10 bytes data
2026-09-23 23:29:29,529 BTPWorkerThread-10968 (_rx_task) root DEBUG iutctl_common.py          154   read                      : Received data: {'e0 4e e4 08 dc 1b 00 d3 03 0f 00 0e 09 50 54 53 2d 47 41 50 2d 45 34 34 45 00'}, bytearray(b'\xe0N\xe4\x08\xdc\x1b\x00\xd3\x03\x0f\x00\x0e\tPTS-GAP-E44E\x00')
2026-09-23 23:29:29,529 BTPWorkerThread-10968 (_rx_task) root DEBUG btp.py                    736   event_handler             : Header(svc_id=1, op=129, ctrl_index=0, data_len=26) (b'\xe0N\xe4\x08\xdc\x1b\x00\xd3\x03\x0f\x00\x0e\tPTS-GAP-E44E\x00',)
2026-09-23 23:29:29,530 BTPWorkerThread-10968 (_rx_task) root DEBUG gap.py                    193   gap_device_found_ev_      : b'\xe0N\xe4\x08\xdc\x1b\x00\xd3\x03\x0f\x00\x0e\tPTS-GAP-E44E\x00'
2026-09-23 23:29:29,530 BTPWorkerThread-10968 (_rx_task) root DEBUG gap.py                    207   gap_device_found_ev_      : found '001bdc08e44e' type 224 eir b'\x0e\tPTS-GAP-E44E\x00'
2026-09-23 23:29:29,689 BTPWorkerThread-10968 (_rx_task) root DEBUG iutctl_common.py          123   read                      : Read 5 bytes
2026-09-23 23:29:29,689 BTPWorkerThread-10968 (_rx_task) root DEBUG iutctl_common.py          131   read                      : Received: hdr: Header(svc_id=0x01, op=0x81, ctrl_index=0x00, data_len=0x2a) bytearray(b'\x01\x81\x00*\x00')
2026-09-23 23:29:29,689 BTPWorkerThread-10968 (_rx_task) root DEBUG iutctl_common.py          139   read                      : Read 42 bytes data
2026-09-23 23:29:29,689 BTPWorkerThread-10968 (_rx_task) root DEBUG iutctl_common.py          154   read                      : Received data: {'e0 95 83 06 dc 1b 00 b1 03 1f 00 1e 09 48 46 50 20 41 47 20 44 65 6d 6f 20 30 30 3a 31 42 3a 44 43 3a 30 36 3a 38 33 3a 39 35'}, bytearray(b'\xe0\x95\x83\x06\xdc\x1b\x00\xb1\x03\x1f\x00\x1e\tHFP AG Demo 00:1B:DC:06:83:95')
2026-09-23 23:29:29,690 BTPWorkerThread-10968 (_rx_task) root DEBUG btp.py                    736   event_handler             : Header(svc_id=1, op=129, ctrl_index=0, data_len=42) (b'\xe0\x95\x83\x06\xdc\x1b\x00\xb1\x03\x1f\x00\x1e\tHFP AG Demo 00:1B:DC:06:83:95',)
2026-09-23 23:29:29,690 BTPWorkerThread-10968 (_rx_task) root DEBUG gap.py                    193   gap_device_found_ev_      : b'\xe0\x95\x83\x06\xdc\x1b\x00\xb1\x03\x1f\x00\x1e\tHFP AG Demo 00:1B:DC:06:83:95'
2026-09-23 23:29:29,690 BTPWorkerThread-10968 (_rx_task) root DEBUG gap.py                    207   gap_device_found_ev_      : found '001bdc068395' type 224 eir b'\x1e\tHFP AG Demo 00:1B:DC:06:83:95'
2026-09-23 23:29:29,722 BTPWorkerThread-10968 (_rx_task) root DEBUG iutctl_common.py          123   read                      : Read 5 bytes
2026-09-23 23:29:29,722 BTPWorkerThread-10968 (_rx_task) root DEBUG iutctl_common.py          131   read                      : Received: hdr: Header(svc_id=0x01, op=0x81, ctrl_index=0x00, data_len=0x26) bytearray(b'\x01\x81\x00&\x00')
2026-09-23 23:29:29,722 BTPWorkerThread-10968 (_rx_task) root DEBUG iutctl_common.py          139   read                      : Read 19 bytes data
2026-09-23 23:29:29,732 BTPWorkerThread-10968 (_rx_task) root DEBUG iutctl_common.py          139   read                      : Read 19 bytes data
2026-09-23 23:29:29,732 BTPWorkerThread-10968 (_rx_task) root DEBUG iutctl_common.py          154   read                      : Received data: {'e0 53 00 4c 17 e5 44 b1 03 1b 00 09 09 4e 58 4c 36 36 35 32 38 02 0a 0c 0d 03 0c 11 0a 11 0b 11 0e 11 1f 11 1e 11'}, bytearray(b'\xe0S\x00L\x17\xe5D\xb1\x03\x1b\x00\t\tNXL66528\x02\n\x0c\r\x03\x0c\x11\n\x11\x0b\x11\x0e\x11\x1f\x11\x1e\x11')
2026-09-23 23:29:29,732 BTPWorkerThread-10968 (_rx_task) root DEBUG btp.py                    736   event_handler             : Header(svc_id=1, op=129, ctrl_index=0, data_len=38) (b'\xe0S\x00L\x17\xe5D\xb1\x03\x1b\x00\t\tNXL66528\x02\n\x0c\r\x03\x0c\x11\n\x11\x0b\x11\x0e\x11\x1f\x11\x1e\x11',)
2026-09-23 23:29:29,733 BTPWorkerThread-10968 (_rx_task) root DEBUG gap.py                    193   gap_device_found_ev_      : b'\xe0S\x00L\x17\xe5D\xb1\x03\x1b\x00\t\tNXL66528\x02\n\x0c\r\x03\x0c\x11\n\x11\x0b\x11\x0e\x11\x1f\x11\x1e\x11'
2026-09-23 23:29:29,733 BTPWorkerThread-10968 (_rx_task) root DEBUG gap.py                    207   gap_device_found_ev_      : found '44e5174c0053' type 224 eir b'\t\tNXL66528\x02\n\x0c\r\x03\x0c\x11\n\x11\x0b\x11\x0e\x11\x1f\x11\x1e\x11'
2026-09-23 23:29:29,797 BTPWorkerThread-10968 (_rx_task) root DEBUG iutctl_common.py          123   read                      : Read 5 bytes
2026-09-23 23:29:29,797 BTPWorkerThread-10968 (_rx_task) root DEBUG iutctl_common.py          131   read                      : Received: hdr: Header(svc_id=0x01, op=0x81, ctrl_index=0x00, data_len=0x1a) bytearray(b'\x01\x81\x00\x1a\x00')
2026-09-23 23:29:29,797 BTPWorkerThread-10968 (_rx_task) root DEBUG iutctl_common.py          139   read                      : Read 26 bytes data
2026-09-23 23:29:29,798 BTPWorkerThread-10968 (_rx_task) root DEBUG iutctl_common.py          154   read                      : Received data: {'e0 4e e4 08 dc 1b 00 d1 03 0f 00 0e 09 50 54 53 2d 47 41 50 2d 45 34 34 45 00'}, bytearray(b'\xe0N\xe4\x08\xdc\x1b\x00\xd1\x03\x0f\x00\x0e\tPTS-GAP-E44E\x00')
2026-09-23 23:29:29,798 BTPWorkerThread-10968 (_rx_task) root DEBUG btp.py                    736   event_handler             : Header(svc_id=1, op=129, ctrl_index=0, data_len=26) (b'\xe0N\xe4\x08\xdc\x1b\x00\xd1\x03\x0f\x00\x0e\tPTS-GAP-E44E\x00',)
2026-09-23 23:29:29,798 BTPWorkerThread-10968 (_rx_task) root DEBUG gap.py                    193   gap_device_found_ev_      : b'\xe0N\xe4\x08\xdc\x1b\x00\xd1\x03\x0f\x00\x0e\tPTS-GAP-E44E\x00'
2026-09-23 23:29:29,798 BTPWorkerThread-10968 (_rx_task) root DEBUG gap.py                    207   gap_device_found_ev_      : found '001bdc08e44e' type 224 eir b'\x0e\tPTS-GAP-E44E\x00'
2026-09-23 23:29:29,808 BTPWorkerThread-10968 (_rx_task) root DEBUG iutctl_common.py          123   read                      : Read 5 bytes
2026-09-23 23:29:29,808 BTPWorkerThread-10968 (_rx_task) root DEBUG iutctl_common.py          131   read                      : Received: hdr: Header(svc_id=0x01, op=0x81, ctrl_index=0x00, data_len=0x0b) bytearray(b'\x01\x81\x00\x0b\x00')
2026-09-23 23:29:29,808 BTPWorkerThread-10968 (_rx_task) root DEBUG iutctl_common.py          139   read                      : Read 11 bytes data
2026-09-23 23:29:29,809 BTPWorkerThread-10968 (_rx_task) root DEBUG iutctl_common.py          154   read                      : Received data: {'e0 4d 65 9b 70 f3 5c a3 03 00 00'}, bytearray(b'\xe0Me\x9bp\xf3\\\xa3\x03\x00\x00')
2026-09-23 23:29:29,809 BTPWorkerThread-10968 (_rx_task) root DEBUG btp.py                    736   event_handler             : Header(svc_id=1, op=129, ctrl_index=0, data_len=11) (b'\xe0Me\x9bp\xf3\\\xa3\x03\x00\x00',)
2026-09-23 23:29:29,809 BTPWorkerThread-10968 (_rx_task) root DEBUG gap.py                    193   gap_device_found_ev_      : b'\xe0Me\x9bp\xf3\\\xa3\x03\x00\x00'
2026-09-23 23:29:29,809 BTPWorkerThread-10968 (_rx_task) root DEBUG gap.py                    207   gap_device_found_ev_      : found '5cf3709b654d' type 224 eir b''
2026-09-23 23:29:29,874 BTPWorkerThread-10968 (_rx_task) root DEBUG iutctl_common.py          123   read                      : Read 5 bytes
2026-09-23 23:29:29,874 BTPWorkerThread-10968 (_rx_task) root DEBUG iutctl_common.py          131   read                      : Received: hdr: Header(svc_id=0x01, op=0x81, ctrl_index=0x00, data_len=0x0b) bytearray(b'\x01\x81\x00\x0b\x00')
2026-09-23 23:29:29,875 BTPWorkerThread-10968 (_rx_task) root DEBUG iutctl_common.py          139   read                      : Read 11 bytes data
2026-09-23 23:29:29,875 BTPWorkerThread-10968 (_rx_task) root DEBUG iutctl_common.py          154   read                      : Received data: {'e0 4d 65 9b 70 f3 5c a1 03 00 00'}, bytearray(b'\xe0Me\x9bp\xf3\\\xa1\x03\x00\x00')
2026-09-23 23:29:29,875 BTPWorkerThread-10968 (_rx_task) root DEBUG btp.py                    736   event_handler             : Header(svc_id=1, op=129, ctrl_index=0, data_len=11) (b'\xe0Me\x9bp\xf3\\\xa1\x03\x00\x00',)
2026-09-23 23:29:29,875 BTPWorkerThread-10968 (_rx_task) root DEBUG gap.py                    193   gap_device_found_ev_      : b'\xe0Me\x9bp\xf3\\\xa1\x03\x00\x00'
2026-09-23 23:29:29,875 BTPWorkerThread-10968 (_rx_task) root DEBUG gap.py                    207   gap_device_found_ev_      : found '5cf3709b654d' type 224 eir b''
2026-09-23 23:29:30,130 BTPWorkerThread-10968 (_rx_task) root DEBUG iutctl_common.py          123   read                      : Read 5 bytes
2026-09-23 23:29:30,130 BTPWorkerThread-10968 (_rx_task) root DEBUG iutctl_common.py          131   read                      : Received: hdr: Header(svc_id=0x01, op=0x81, ctrl_index=0x00, data_len=0x1a) bytearray(b'\x01\x81\x00\x1a\x00')
2026-09-23 23:29:30,130 BTPWorkerThread-10968 (_rx_task) root DEBUG iutctl_common.py          139   read                      : Read 26 bytes data
2026-09-23 23:29:30,131 BTPWorkerThread-10968 (_rx_task) root DEBUG iutctl_common.py          154   read                      : Received data: {'e0 4e e4 08 dc 1b 00 d3 03 0f 00 0e 09 50 54 53 2d 47 41 50 2d 45 34 34 45 00'}, bytearray(b'\xe0N\xe4\x08\xdc\x1b\x00\xd3\x03\x0f\x00\x0e\tPTS-GAP-E44E\x00')
2026-09-23 23:29:30,131 BTPWorkerThread-10968 (_rx_task) root DEBUG btp.py                    736   event_handler             : Header(svc_id=1, op=129, ctrl_index=0, data_len=26) (b'\xe0N\xe4\x08\xdc\x1b\x00\xd3\x03\x0f\x00\x0e\tPTS-GAP-E44E\x00',)
2026-09-23 23:29:30,131 BTPWorkerThread-10968 (_rx_task) root DEBUG gap.py                    193   gap_device_found_ev_      : b'\xe0N\xe4\x08\xdc\x1b\x00\xd3\x03\x0f\x00\x0e\tPTS-GAP-E44E\x00'
2026-09-23 23:29:30,131 BTPWorkerThread-10968 (_rx_task) root DEBUG gap.py                    207   gap_device_found_ev_      : found '001bdc08e44e' type 224 eir b'\x0e\tPTS-GAP-E44E\x00'
2026-09-23 23:29:30,278 BTPWorkerThread-10968 (_rx_task) root DEBUG iutctl_common.py          123   read                      : Read 5 bytes
2026-09-23 23:29:30,278 BTPWorkerThread-10968 (_rx_task) root DEBUG iutctl_common.py          131   read                      : Received: hdr: Header(svc_id=0x01, op=0x81, ctrl_index=0x00, data_len=0x0b) bytearray(b'\x01\x81\x00\x0b\x00')
2026-09-23 23:29:30,279 BTPWorkerThread-10968 (_rx_task) root DEBUG iutctl_common.py          139   read                      : Read 11 bytes data
2026-09-23 23:29:30,279 BTPWorkerThread-10968 (_rx_task) root DEBUG iutctl_common.py          154   read                      : Received data: {'e0 4d 65 9b 70 f3 5c a4 03 00 00'}, bytearray(b'\xe0Me\x9bp\xf3\\\xa4\x03\x00\x00')
2026-09-23 23:29:30,279 BTPWorkerThread-10968 (_rx_task) root DEBUG btp.py                    736   event_handler             : Header(svc_id=1, op=129, ctrl_index=0, data_len=11) (b'\xe0Me\x9bp\xf3\\\xa4\x03\x00\x00',)
2026-09-23 23:29:30,279 BTPWorkerThread-10968 (_rx_task) root DEBUG gap.py                    193   gap_device_found_ev_      : b'\xe0Me\x9bp\xf3\\\xa4\x03\x00\x00'
2026-09-23 23:29:30,279 BTPWorkerThread-10968 (_rx_task) root DEBUG gap.py                    207   gap_device_found_ev_      : found '5cf3709b654d' type 224 eir b''
2026-09-23 23:29:30,331 BTPWorkerThread-10968 (_rx_task) root DEBUG iutctl_common.py          123   read                      : Read 5 bytes
2026-09-23 23:29:30,331 BTPWorkerThread-10968 (_rx_task) root DEBUG iutctl_common.py          131   read                      : Received: hdr: Header(svc_id=0x01, op=0x81, ctrl_index=0x00, data_len=0x26) bytearray(b'\x01\x81\x00&\x00')
2026-09-23 23:29:30,332 BTPWorkerThread-10968 (_rx_task) root DEBUG iutctl_common.py          139   read                      : Read 38 bytes data
2026-09-23 23:29:30,332 BTPWorkerThread-10968 (_rx_task) root DEBUG iutctl_common.py          154   read                      : Received data: {'e0 53 00 4c 17 e5 44 af 03 1b 00 09 09 4e 58 4c 36 36 35 32 38 02 0a 0c 0d 03 0c 11 0a 11 0b 11 0e 11 1f 11 1e 11'}, bytearray(b'\xe0S\x00L\x17\xe5D\xaf\x03\x1b\x00\t\tNXL66528\x02\n\x0c\r\x03\x0c\x11\n\x11\x0b\x11\x0e\x11\x1f\x11\x1e\x11')
2026-09-23 23:29:30,332 BTPWorkerThread-10968 (_rx_task) root DEBUG btp.py                    736   event_handler             : Header(svc_id=1, op=129, ctrl_index=0, data_len=38) (b'\xe0S\x00L\x17\xe5D\xaf\x03\x1b\x00\t\tNXL66528\x02\n\x0c\r\x03\x0c\x11\n\x11\x0b\x11\x0e\x11\x1f\x11\x1e\x11',)
2026-09-23 23:29:30,332 BTPWorkerThread-10968 (_rx_task) root DEBUG gap.py                    193   gap_device_found_ev_      : b'\xe0S\x00L\x17\xe5D\xaf\x03\x1b\x00\t\tNXL66528\x02\n\x0c\r\x03\x0c\x11\n\x11\x0b\x11\x0e\x11\x1f\x11\x1e\x11'
2026-09-23 23:29:30,332 BTPWorkerThread-10968 (_rx_task) root DEBUG gap.py                    207   gap_device_found_ev_      : found '44e5174c0053' type 224 eir b'\t\tNXL66528\x02\n\x0c\r\x03\x0c\x11\n\x11\x0b\x11\x0e\x11\x1f\x11\x1e\x11'
2026-09-23 23:29:30,448 BTPWorkerThread-10968 (_rx_task) root DEBUG iutctl_common.py          123   read                      : Read 5 bytes
2026-09-23 23:29:30,448 BTPWorkerThread-10968 (_rx_task) root DEBUG iutctl_common.py          131   read                      : Received: hdr: Header(svc_id=0x01, op=0x81, ctrl_index=0x00, data_len=0x2a) bytearray(b'\x01\x81\x00*\x00')
2026-09-23 23:29:30,448 BTPWorkerThread-10968 (_rx_task) root DEBUG iutctl_common.py          139   read                      : Read 42 bytes data
2026-09-23 23:29:30,449 BTPWorkerThread-10968 (_rx_task) root DEBUG iutctl_common.py          154   read                      : Received data: {'e0 4d 65 9b 70 f3 5c a6 03 1f 00 1e 09 48 46 50 20 41 47 20 44 65 6d 6f 20 35 43 3a 46 33 3a 37 30 3a 39 42 3a 36 35 3a 34 44'}, bytearray(b'\xe0Me\x9bp\xf3\\\xa6\x03\x1f\x00\x1e\tHFP AG Demo 5C:F3:70:9B:65:4D')
2026-09-23 23:29:30,449 BTPWorkerThread-10968 (_rx_task) root DEBUG btp.py                    736   event_handler             : Header(svc_id=1, op=129, ctrl_index=0, data_len=42) (b'\xe0Me\x9bp\xf3\\\xa6\x03\x1f\x00\x1e\tHFP AG Demo 5C:F3:70:9B:65:4D',)
2026-09-23 23:29:30,449 BTPWorkerThread-10968 (_rx_task) root DEBUG gap.py                    193   gap_device_found_ev_      : b'\xe0Me\x9bp\xf3\\\xa6\x03\x1f\x00\x1e\tHFP AG Demo 5C:F3:70:9B:65:4D'
2026-09-23 23:29:30,449 BTPWorkerThread-10968 (_rx_task) root DEBUG gap.py                    207   gap_device_found_ev_      : found '5cf3709b654d' type 224 eir b'\x1e\tHFP AG Demo 5C:F3:70:9B:65:4D'
2026-09-23 23:29:30,762 LT1-thread root DEBUG gap.py                    1150  gap_stop_discovery        : 
2026-09-23 23:29:30,762 LT1-thread root DEBUG iutctl_common.py          161   send                      : 1 13 0 ''
2026-09-23 23:29:30,762 LT1-thread root DEBUG iutctl_common.py          166   send                      : sending frame '010d000000'
2026-09-23 23:29:30,762 LT1-thread root DEBUG gap.py                    1229  gap_command_rsp_succ      : 
2026-09-23 23:29:30,762 LT1-thread root DEBUG iutctl_common.py          339   read                      : 
2026-09-23 23:29:30,799 BTPWorkerThread-10968 (_rx_task) root DEBUG iutctl_common.py          123   read                      : Read 5 bytes
2026-09-23 23:29:30,811 BTPWorkerThread-10968 (_rx_task) root DEBUG iutctl_common.py          131   read                      : Received: hdr: Header(svc_id=0x01, op=0x0d, ctrl_index=0x00, data_len=0x00) bytearray(b'\x01\r\x00\x00\x00')
2026-09-23 23:29:30,817 BTPWorkerThread-10968 (_rx_task) root DEBUG iutctl_common.py          154   read                      : Received data: {''}, bytearray(b'')
2026-09-23 23:29:30,823 LT1-thread root DEBUG gap.py                    1234  gap_command_rsp_succ      : received Header(svc_id=1, op=13, ctrl_index=0, data_len=0) (b'',)
2026-09-23 23:29:30,823 LT1-thread root DEBUG gap.py                    1510  check_discovery_results   : 224 '001bdc08e44e' True None
2026-09-23 23:29:30,823 LT1-thread root DEBUG gap.py                    1519  check_discovery_results   : matching LeAdv(addr_type=224, addr='001bdc068395', rssi=170, flags=3, eir=b'')
2026-09-23 23:29:30,823 LT1-thread root DEBUG gap.py                    1519  check_discovery_results   : matching LeAdv(addr_type=224, addr='001bdc068395', rssi=177, flags=3, eir=b'\x1e\tHFP AG Demo 00:1B:DC:06:83:95')
2026-09-23 23:29:30,823 LT1-thread root DEBUG gap.py                    1519  check_discovery_results   : matching LeAdv(addr_type=224, addr='001bdc068395', rssi=164, flags=3, eir=b'')
2026-09-23 23:29:30,823 LT1-thread root DEBUG gap.py                    1519  check_discovery_results   : matching LeAdv(addr_type=224, addr='001bdc0683cd', rssi=164, flags=3, eir=b'\x1e\tA2DP Source 00:1B:DC:06:83:CD')
2026-09-23 23:29:30,823 LT1-thread root DEBUG gap.py                    1519  check_discovery_results   : matching LeAdv(addr_type=224, addr='001bdc0683cd', rssi=172, flags=3, eir=b'\x1e\tA2DP Source 00:1B:DC:06:83:CD')
2026-09-23 23:29:30,823 LT1-thread root DEBUG gap.py                    1519  check_discovery_results   : matching LeAdv(addr_type=224, addr='44e5174c0053', rssi=177, flags=3, eir=b'\t\tNXL66528\x02\n\x0c\r\x03\x0c\x11\n\x11\x0b\x11\x0e\x11\x1f\x11\x1e\x11')
2026-09-23 23:29:30,823 LT1-thread root DEBUG gap.py                    1519  check_discovery_results   : matching LeAdv(addr_type=224, addr='5cf3709b654d', rssi=163, flags=3, eir=b'')
2026-09-23 23:29:30,823 LT1-thread root DEBUG gap.py                    1519  check_discovery_results   : matching LeAdv(addr_type=224, addr='5cf3709b654d', rssi=162, flags=3, eir=b'')
2026-09-23 23:29:30,824 LT1-thread root DEBUG gap.py                    1519  check_discovery_results   : matching LeAdv(addr_type=224, addr='001bdc068395', rssi=173, flags=3, eir=b'\x1e\tHFP AG Demo 00:1B:DC:06:83:95')
2026-09-23 23:29:30,824 LT1-thread root DEBUG gap.py                    1519  check_discovery_results   : matching LeAdv(addr_type=224, addr='001bdc0683cd', rssi=168, flags=3, eir=b'')
2026-09-23 23:29:30,824 LT1-thread root DEBUG gap.py                    1519  check_discovery_results   : matching LeAdv(addr_type=224, addr='44e5174c0053', rssi=176, flags=3, eir=b'\t\tNXL66528\x02\n\x0c\r\x03\x0c\x11\n\x11\x0b\x11\x0e\x11\x1f\x11\x1e\x11')
2026-09-23 23:29:30,824 LT1-thread root DEBUG gap.py                    1519  check_discovery_results   : matching LeAdv(addr_type=224, addr='44e5174c0053', rssi=176, flags=3, eir=b'\t\tNXL66528\x02\n\x0c\r\x03\x0c\x11\n\x11\x0b\x11\x0e\x11\x1f\x11\x1e\x11')
2026-09-23 23:29:30,824 LT1-thread root DEBUG gap.py                    1519  check_discovery_results   : matching LeAdv(addr_type=224, addr='001bdc068395', rssi=173, flags=3, eir=b'\x1e\tHFP AG Demo 00:1B:DC:06:83:95')
2026-09-23 23:29:30,824 LT1-thread root DEBUG gap.py                    1519  check_discovery_results   : matching LeAdv(addr_type=224, addr='5cf3709b654d', rssi=163, flags=3, eir=b'\x1e\tHFP AG Demo 5C:F3:70:9B:65:4D')
2026-09-23 23:29:30,824 LT1-thread root DEBUG gap.py                    1519  check_discovery_results   : matching LeAdv(addr_type=224, addr='44e5174c0053', rssi=177, flags=3, eir=b'\t\tNXL66528\x02\n\x0c\r\x03\x0c\x11\n\x11\x0b\x11\x0e\x11\x1f\x11\x1e\x11')
2026-09-23 23:29:30,824 LT1-thread root DEBUG gap.py                    1519  check_discovery_results   : matching LeAdv(addr_type=224, addr='44e5174c0053', rssi=174, flags=3, eir=b'\t\tNXL66528\x02\n\x0c\r\x03\x0c\x11\n\x11\x0b\x11\x0e\x11\x1f\x11\x1e\x11')
2026-09-23 23:29:30,824 LT1-thread root DEBUG gap.py                    1519  check_discovery_results   : matching LeAdv(addr_type=224, addr='001bdc068395', rssi=170, flags=3, eir=b'')
2026-09-23 23:29:30,824 LT1-thread root DEBUG gap.py                    1519  check_discovery_results   : matching LeAdv(addr_type=224, addr='001bdc068395', rssi=176, flags=3, eir=b'\x1e\tHFP AG Demo 00:1B:DC:06:83:95')
2026-09-23 23:29:30,824 LT1-thread root DEBUG gap.py                    1519  check_discovery_results   : matching LeAdv(addr_type=224, addr='44e5174c0053', rssi=175, flags=3, eir=b'\t\tNXL66528\x02\n\x0c\r\x03\x0c\x11\n\x11\x0b\x11\x0e\x11\x1f\x11\x1e\x11')
2026-09-23 23:29:30,824 LT1-thread root DEBUG gap.py                    1519  check_discovery_results   : matching LeAdv(addr_type=224, addr='5cf3709b654d', rssi=164, flags=3, eir=b'\x1e\tHFP AG Demo 5C:F3:70:9B:65:4D')
2026-09-23 23:29:30,824 LT1-thread root DEBUG gap.py                    1519  check_discovery_results   : matching LeAdv(addr_type=224, addr='5cf3709b654d', rssi=160, flags=3, eir=b'')
2026-09-23 23:29:30,824 LT1-thread root DEBUG gap.py                    1519  check_discovery_results   : matching LeAdv(addr_type=224, addr='001bdc08e44e', rssi=212, flags=3, eir=b'\x0e\tPTS-GAP-E44E\x00')
2026-09-23 23:29:30,824 LT1-thread root DEBUG gap.py                    762   gap_connect               : None 224
2026-09-23 23:29:30,824 LT1-thread root DEBUG iutctl_common.py          161   send                      : 1 14 0 "bytearray(b'\\xe0N\\xe4\\x08\\xdc\\x1b\\x00\\x00')"
2026-09-23 23:29:30,825 LT1-thread root DEBUG iutctl_common.py          166   send                      : sending frame '010e000800e04ee408dc1b0000'
2026-09-23 23:29:30,825 LT1-thread root DEBUG iutctl_common.py          339   read                      : 
2026-09-23 23:29:30,860 BTPWorkerThread-10968 (_rx_task) root DEBUG iutctl_common.py          123   read                      : Read 5 bytes
2026-09-23 23:29:30,870 BTPWorkerThread-10968 (_rx_task) root DEBUG iutctl_common.py          131   read                      : Received: hdr: Header(svc_id=0x01, op=0x0e, ctrl_index=0x00, data_len=0x00) bytearray(b'\x01\x0e\x00\x00\x00')
2026-09-23 23:29:30,876 BTPWorkerThread-10968 (_rx_task) root DEBUG iutctl_common.py          154   read                      : Received data: {''}, bytearray(b'')
2026-09-23 23:29:33,599 BTPWorkerThread-10968 (_rx_task) root DEBUG iutctl_common.py          123   read                      : Read 5 bytes
2026-09-23 23:29:33,599 BTPWorkerThread-10968 (_rx_task) root DEBUG iutctl_common.py          131   read                      : Received: hdr: Header(svc_id=0x01, op=0x82, ctrl_index=0x00, data_len=0x0d) bytearray(b'\x01\x82\x00\r\x00')
2026-09-23 23:29:33,599 BTPWorkerThread-10968 (_rx_task) root DEBUG iutctl_common.py          139   read                      : Read 13 bytes data
2026-09-23 23:29:33,600 BTPWorkerThread-10968 (_rx_task) root DEBUG iutctl_common.py          154   read                      : Received data: {'e0 4e e4 08 dc 1b 00 00 00 00 00 00 00'}, bytearray(b'\xe0N\xe4\x08\xdc\x1b\x00\x00\x00\x00\x00\x00\x00')
2026-09-23 23:29:33,600 BTPWorkerThread-10968 (_rx_task) root DEBUG btp.py                    736   event_handler             : Header(svc_id=1, op=130, ctrl_index=0, data_len=13) (b'\xe0N\xe4\x08\xdc\x1b\x00\x00\x00\x00\x00\x00\x00',)
2026-09-23 23:29:33,600 BTPWorkerThread-10968 (_rx_task) root DEBUG gap.py                    215   gap_connected_ev_         : b'\xe0N\xe4\x08\xdc\x1b\x00\x00\x00\x00\x00\x00\x00'
2026-09-23 23:29:33,694 LT1-thread root DEBUG gap.py                    873   gap_pair                  : None 224
2026-09-23 23:29:33,694 LT1-thread root DEBUG iutctl_common.py          161   send                      : 1 17 0 "bytearray(b'\\xe0N\\xe4\\x08\\xdc\\x1b\\x00')"
2026-09-23 23:29:33,694 LT1-thread root DEBUG iutctl_common.py          166   send                      : sending frame '0111000700e04ee408dc1b00'
2026-09-23 23:29:33,694 LT1-thread root DEBUG gap.py                    1229  gap_command_rsp_succ      : 
2026-09-23 23:29:33,694 LT1-thread root DEBUG iutctl_common.py          339   read                      : 
2026-09-23 23:29:33,725 BTPWorkerThread-10968 (_rx_task) root DEBUG iutctl_common.py          123   read                      : Read 5 bytes
2026-09-23 23:29:33,736 BTPWorkerThread-10968 (_rx_task) root DEBUG iutctl_common.py          131   read                      : Received: hdr: Header(svc_id=0x01, op=0x11, ctrl_index=0x00, data_len=0x00) bytearray(b'\x01\x11\x00\x00\x00')
2026-09-23 23:29:33,748 BTPWorkerThread-10968 (_rx_task) root DEBUG iutctl_common.py          154   read                      : Received data: {''}, bytearray(b'')
2026-09-23 23:29:33,759 LT1-thread root DEBUG gap.py                    1234  gap_command_rsp_succ      : received Header(svc_id=1, op=17, ctrl_index=0, data_len=0) (b'',)
2026-09-23 23:29:33,759 LT1-thread root DEBUG testcase.py               722   run_wid                   : Sending response 'OK' to wid 102 test case GAP/SEC/SEM/BI-05-C
2026-09-23 23:29:33,761 LT1-thread root DEBUG client.py                 276   get_result                : ClientCallback.get_result run_test_case
2026-09-23 23:29:33,763 LT1-callback ClientCallback.on_implicit_send INFO client.py                 223   on_implicit_send          : 
    ********************
    BEGIN OnImplicitSend:
    project_name: GAP
    wid: 222
    test_case_name: GAP/SEC/SEM/BI-05-C
    description: Please initiate a BR/EDR security authentication and pairing with interaction of HCI commands.

Press OK to continue.
    style: MMI_Style_Ok 0x11040
2026-09-23 23:29:33,763 LT1-callback ClientCallback.on_implicit_send INFO client.py                 236   on_implicit_send          : Calling test cases on_implicit_send
2026-09-23 23:29:33,763 LT1-callback ClientCallback.on_implicit_send INFO client.py                 249   on_implicit_send          : 
    on_implicit_send returned response: WAIT
    END OnImplicitSend
    ********************
2026-09-23 23:29:34,761 LT1-thread root DEBUG testcase.py               679   run_wid                   : GAP GAP/SEC/SEM/BI-05-C on_implicit_send
2026-09-23 23:29:34,762 LT1-thread root DEBUG gap_wid.py                26    gap_wid_hdl               : gap_wid_hdl, 222, Please initiate a BR/EDR security authentication and pairing with interaction of HCI commands.

Press OK to continue., GAP/SEC/SEM/BI-05-C
2026-09-23 23:29:34,762 LT1-thread root DEBUG testcase.py               722   run_wid                   : Sending response 'Ok' to wid 222 test case GAP/SEC/SEM/BI-05-C
2026-09-23 23:29:34,763 LT1-thread root DEBUG client.py                 276   get_result                : ClientCallback.get_result run_test_case
2026-09-23 23:29:38,789 BTPWorkerThread-10968 (_rx_task) root DEBUG iutctl_common.py          123   read                      : Read 5 bytes
2026-09-23 23:29:38,789 BTPWorkerThread-10968 (_rx_task) root DEBUG iutctl_common.py          131   read                      : Received: hdr: Header(svc_id=0x01, op=0x83, ctrl_index=0x00, data_len=0x07) bytearray(b'\x01\x83\x00\x07\x00')
2026-09-23 23:29:38,789 BTPWorkerThread-10968 (_rx_task) root DEBUG iutctl_common.py          139   read                      : Read 7 bytes data
2026-09-23 23:29:38,790 BTPWorkerThread-10968 (_rx_task) root DEBUG iutctl_common.py          154   read                      : Received data: {'e0 4e e4 08 dc 1b 00'}, bytearray(b'\xe0N\xe4\x08\xdc\x1b\x00')
2026-09-23 23:29:38,790 BTPWorkerThread-10968 (_rx_task) root DEBUG btp.py                    736   event_handler             : Header(svc_id=1, op=131, ctrl_index=0, data_len=7) (b'\xe0N\xe4\x08\xdc\x1b\x00',)
2026-09-23 23:29:38,790 BTPWorkerThread-10968 (_rx_task) root DEBUG gap.py                    228   gap_disconnected_ev_      : b'\xe0N\xe4\x08\xdc\x1b\x00'
2026-09-23 23:29:39,245 LT1-callback ClientCallback.on_implicit_send INFO client.py                 223   on_implicit_send          : 
    ********************
    BEGIN OnImplicitSend:
    project_name: GAP
    wid: 266
    test_case_name: GAP/SEC/SEM/BI-05-C
    description: Please confirm that the IUT signals to the Upper Tester that the channel establishment failure after link encryption.

Click 'Yes' If there is channel establishment failure otherwise click 'No'.
    style: MMI_Style_Yes_No1 0x11044
2026-09-23 23:29:39,245 LT1-callback ClientCallback.on_implicit_send INFO client.py                 236   on_implicit_send          : Calling test cases on_implicit_send
2026-09-23 23:29:39,245 LT1-callback ClientCallback.on_implicit_send INFO client.py                 249   on_implicit_send          : 
    on_implicit_send returned response: WAIT
    END OnImplicitSend
    ********************
2026-09-23 23:29:39,766 LT1-thread root DEBUG testcase.py               679   run_wid                   : GAP GAP/SEC/SEM/BI-05-C on_implicit_send
2026-09-23 23:29:39,766 LT1-thread root DEBUG gap_wid.py                26    gap_wid_hdl               : gap_wid_hdl, 266, Please confirm that the IUT signals to the Upper Tester that the channel establishment failure after link encryption.

Click 'Yes' If there is channel establishment failure otherwise click 'No'., GAP/SEC/SEM/BI-05-C
2026-09-23 23:29:39,766 LT1-thread root DEBUG testcase.py               722   run_wid                   : Sending response 'Yes' to wid 266 test case GAP/SEC/SEM/BI-05-C
2026-09-23 23:29:39,768 LT1-thread root DEBUG client.py                 276   get_result                : ClientCallback.get_result run_test_case
2026-09-23 23:29:39,778 LT1-callback ClientCallback.on_implicit_send INFO client.py                 223   on_implicit_send          : 
    ********************
    BEGIN OnImplicitSend:
    project_name: GAP
    wid: 102
    test_case_name: GAP/SEC/SEM/BI-05-C
    description: Please send an HCI connect request to establish a basic rate connection after the IUT discovers the Lower Tester over BR and LE.
    style: MMI_Style_Ok_Cancel2 0x11141
2026-09-23 23:29:39,778 LT1-callback ClientCallback.on_implicit_send INFO client.py                 236   on_implicit_send          : Calling test cases on_implicit_send
2026-09-23 23:29:39,779 LT1-callback ClientCallback.on_implicit_send INFO client.py                 249   on_implicit_send          : 
    on_implicit_send returned response: WAIT
    END OnImplicitSend
    ********************
2026-09-23 23:29:40,769 LT1-thread root DEBUG testcase.py               679   run_wid                   : GAP GAP/SEC/SEM/BI-05-C on_implicit_send
2026-09-23 23:29:40,769 LT1-thread root DEBUG gap_wid.py                26    gap_wid_hdl               : gap_wid_hdl, 102, Please send an HCI connect request to establish a basic rate connection after the IUT discovers the Lower Tester over BR and LE., GAP/SEC/SEM/BI-05-C
2026-09-23 23:29:40,769 LT1-thread root DEBUG gap.py                    1122  gap_start_discovery       : 
2026-09-23 23:29:40,769 LT1-thread root DEBUG iutctl_common.py          161   send                      : 1 12 0 '\x02'
2026-09-23 23:29:40,769 LT1-thread root DEBUG iutctl_common.py          166   send                      : sending frame '010c00010002'
2026-09-23 23:29:40,770 LT1-thread root DEBUG gap.py                    1229  gap_command_rsp_succ      : 
2026-09-23 23:29:40,770 LT1-thread root DEBUG iutctl_common.py          339   read                      : 
2026-09-23 23:29:40,797 BTPWorkerThread-10968 (_rx_task) root DEBUG iutctl_common.py          123   read                      : Read 5 bytes
2026-09-23 23:29:40,808 BTPWorkerThread-10968 (_rx_task) root DEBUG iutctl_common.py          131   read                      : Received: hdr: Header(svc_id=0x01, op=0x0c, ctrl_index=0x00, data_len=0x00) bytearray(b'\x01\x0c\x00\x00\x00')
2026-09-23 23:29:40,813 BTPWorkerThread-10968 (_rx_task) root DEBUG iutctl_common.py          154   read                      : Received data: {''}, bytearray(b'')
2026-09-23 23:29:40,824 LT1-thread root DEBUG gap.py                    1234  gap_command_rsp_succ      : received Header(svc_id=1, op=12, ctrl_index=0, data_len=0) (b'',)
2026-09-23 23:29:41,213 BTPWorkerThread-10968 (_rx_task) root DEBUG iutctl_common.py          123   read                      : Read 5 bytes
2026-09-23 23:29:41,213 BTPWorkerThread-10968 (_rx_task) root DEBUG iutctl_common.py          131   read                      : Received: hdr: Header(svc_id=0x01, op=0x81, ctrl_index=0x00, data_len=0x2a) bytearray(b'\x01\x81\x00*\x00')
2026-09-23 23:29:41,213 BTPWorkerThread-10968 (_rx_task) root DEBUG iutctl_common.py          139   read                      : Read 24 bytes data
2026-09-23 23:29:41,224 BTPWorkerThread-10968 (_rx_task) root DEBUG iutctl_common.py          139   read                      : Read 18 bytes data
2026-09-23 23:29:41,224 BTPWorkerThread-10968 (_rx_task) root DEBUG iutctl_common.py          154   read                      : Received data: {'e0 95 83 06 dc 1b 00 ab 03 1f 00 1e 09 48 46 50 20 41 47 20 44 65 6d 6f 20 30 30 3a 31 42 3a 44 43 3a 30 36 3a 38 33 3a 39 35'}, bytearray(b'\xe0\x95\x83\x06\xdc\x1b\x00\xab\x03\x1f\x00\x1e\tHFP AG Demo 00:1B:DC:06:83:95')
2026-09-23 23:29:41,224 BTPWorkerThread-10968 (_rx_task) root DEBUG btp.py                    736   event_handler             : Header(svc_id=1, op=129, ctrl_index=0, data_len=42) (b'\xe0\x95\x83\x06\xdc\x1b\x00\xab\x03\x1f\x00\x1e\tHFP AG Demo 00:1B:DC:06:83:95',)
2026-09-23 23:29:41,224 BTPWorkerThread-10968 (_rx_task) root DEBUG gap.py                    193   gap_device_found_ev_      : b'\xe0\x95\x83\x06\xdc\x1b\x00\xab\x03\x1f\x00\x1e\tHFP AG Demo 00:1B:DC:06:83:95'
2026-09-23 23:29:41,224 BTPWorkerThread-10968 (_rx_task) root DEBUG gap.py                    207   gap_device_found_ev_      : found '001bdc068395' type 224 eir b'\x1e\tHFP AG Demo 00:1B:DC:06:83:95'
2026-09-23 23:29:41,235 BTPWorkerThread-10968 (_rx_task) root DEBUG iutctl_common.py          123   read                      : Read 5 bytes
2026-09-23 23:29:41,235 BTPWorkerThread-10968 (_rx_task) root DEBUG iutctl_common.py          131   read                      : Received: hdr: Header(svc_id=0x01, op=0x81, ctrl_index=0x00, data_len=0x1a) bytearray(b'\x01\x81\x00\x1a\x00')
2026-09-23 23:29:41,235 BTPWorkerThread-10968 (_rx_task) root DEBUG iutctl_common.py          139   read                      : Read 20 bytes data
2026-09-23 23:29:41,246 BTPWorkerThread-10968 (_rx_task) root DEBUG iutctl_common.py          139   read                      : Read 6 bytes data
2026-09-23 23:29:41,246 BTPWorkerThread-10968 (_rx_task) root DEBUG iutctl_common.py          154   read                      : Received data: {'e0 4e e4 08 dc 1b 00 d0 03 0f 00 0e 09 50 54 53 2d 47 41 50 2d 45 34 34 45 00'}, bytearray(b'\xe0N\xe4\x08\xdc\x1b\x00\xd0\x03\x0f\x00\x0e\tPTS-GAP-E44E\x00')
2026-09-23 23:29:41,246 BTPWorkerThread-10968 (_rx_task) root DEBUG btp.py                    736   event_handler             : Header(svc_id=1, op=129, ctrl_index=0, data_len=26) (b'\xe0N\xe4\x08\xdc\x1b\x00\xd0\x03\x0f\x00\x0e\tPTS-GAP-E44E\x00',)
2026-09-23 23:29:41,246 BTPWorkerThread-10968 (_rx_task) root DEBUG gap.py                    193   gap_device_found_ev_      : b'\xe0N\xe4\x08\xdc\x1b\x00\xd0\x03\x0f\x00\x0e\tPTS-GAP-E44E\x00'
2026-09-23 23:29:41,247 BTPWorkerThread-10968 (_rx_task) root DEBUG gap.py                    207   gap_device_found_ev_      : found '001bdc08e44e' type 224 eir b'\x0e\tPTS-GAP-E44E\x00'
2026-09-23 23:29:41,258 BTPWorkerThread-10968 (_rx_task) root DEBUG iutctl_common.py          123   read                      : Read 5 bytes
2026-09-23 23:29:41,258 BTPWorkerThread-10968 (_rx_task) root DEBUG iutctl_common.py          131   read                      : Received: hdr: Header(svc_id=0x01, op=0x81, ctrl_index=0x00, data_len=0x26) bytearray(b'\x01\x81\x00&\x00')
2026-09-23 23:29:41,258 BTPWorkerThread-10968 (_rx_task) root DEBUG iutctl_common.py          139   read                      : Read 38 bytes data
2026-09-23 23:29:41,259 BTPWorkerThread-10968 (_rx_task) root DEBUG iutctl_common.py          154   read                      : Received data: {'e0 53 00 4c 17 e5 44 af 03 1b 00 09 09 4e 58 4c 36 36 35 32 38 02 0a 0c 0d 03 0c 11 0a 11 0b 11 0e 11 1f 11 1e 11'}, bytearray(b'\xe0S\x00L\x17\xe5D\xaf\x03\x1b\x00\t\tNXL66528\x02\n\x0c\r\x03\x0c\x11\n\x11\x0b\x11\x0e\x11\x1f\x11\x1e\x11')
2026-09-23 23:29:41,259 BTPWorkerThread-10968 (_rx_task) root DEBUG btp.py                    736   event_handler             : Header(svc_id=1, op=129, ctrl_index=0, data_len=38) (b'\xe0S\x00L\x17\xe5D\xaf\x03\x1b\x00\t\tNXL66528\x02\n\x0c\r\x03\x0c\x11\n\x11\x0b\x11\x0e\x11\x1f\x11\x1e\x11',)
2026-09-23 23:29:41,259 BTPWorkerThread-10968 (_rx_task) root DEBUG gap.py                    193   gap_device_found_ev_      : b'\xe0S\x00L\x17\xe5D\xaf\x03\x1b\x00\t\tNXL66528\x02\n\x0c\r\x03\x0c\x11\n\x11\x0b\x11\x0e\x11\x1f\x11\x1e\x11'
2026-09-23 23:29:41,259 BTPWorkerThread-10968 (_rx_task) root DEBUG gap.py                    207   gap_device_found_ev_      : found '44e5174c0053' type 224 eir b'\t\tNXL66528\x02\n\x0c\r\x03\x0c\x11\n\x11\x0b\x11\x0e\x11\x1f\x11\x1e\x11'
2026-09-23 23:29:41,322 BTPWorkerThread-10968 (_rx_task) root DEBUG iutctl_common.py          123   read                      : Read 5 bytes
2026-09-23 23:29:41,322 BTPWorkerThread-10968 (_rx_task) root DEBUG iutctl_common.py          131   read                      : Received: hdr: Header(svc_id=0x01, op=0x81, ctrl_index=0x00, data_len=0x1a) bytearray(b'\x01\x81\x00\x1a\x00')
2026-09-23 23:29:41,322 BTPWorkerThread-10968 (_rx_task) root DEBUG iutctl_common.py          139   read                      : Read 26 bytes data
2026-09-23 23:29:41,323 BTPWorkerThread-10968 (_rx_task) root DEBUG iutctl_common.py          154   read                      : Received data: {'e0 4e e4 08 dc 1b 00 cf 03 0f 00 0e 09 50 54 53 2d 47 41 50 2d 45 34 34 45 00'}, bytearray(b'\xe0N\xe4\x08\xdc\x1b\x00\xcf\x03\x0f\x00\x0e\tPTS-GAP-E44E\x00')
2026-09-23 23:29:41,323 BTPWorkerThread-10968 (_rx_task) root DEBUG btp.py                    736   event_handler             : Header(svc_id=1, op=129, ctrl_index=0, data_len=26) (b'\xe0N\xe4\x08\xdc\x1b\x00\xcf\x03\x0f\x00\x0e\tPTS-GAP-E44E\x00',)
2026-09-23 23:29:41,323 BTPWorkerThread-10968 (_rx_task) root DEBUG gap.py                    193   gap_device_found_ev_      : b'\xe0N\xe4\x08\xdc\x1b\x00\xcf\x03\x0f\x00\x0e\tPTS-GAP-E44E\x00'
2026-09-23 23:29:41,323 BTPWorkerThread-10968 (_rx_task) root DEBUG gap.py                    207   gap_device_found_ev_      : found '001bdc08e44e' type 224 eir b'\x0e\tPTS-GAP-E44E\x00'
2026-09-23 23:29:41,355 BTPWorkerThread-10968 (_rx_task) root DEBUG iutctl_common.py          123   read                      : Read 5 bytes
2026-09-23 23:29:41,355 BTPWorkerThread-10968 (_rx_task) root DEBUG iutctl_common.py          131   read                      : Received: hdr: Header(svc_id=0x01, op=0x81, ctrl_index=0x00, data_len=0x1a) bytearray(b'\x01\x81\x00\x1a\x00')
2026-09-23 23:29:41,355 BTPWorkerThread-10968 (_rx_task) root DEBUG iutctl_common.py          139   read                      : Read 26 bytes data
2026-09-23 23:29:41,356 BTPWorkerThread-10968 (_rx_task) root DEBUG iutctl_common.py          154   read                      : Received data: {'e0 4e e4 08 dc 1b 00 ce 03 0f 00 0e 09 50 54 53 2d 47 41 50 2d 45 34 34 45 00'}, bytearray(b'\xe0N\xe4\x08\xdc\x1b\x00\xce\x03\x0f\x00\x0e\tPTS-GAP-E44E\x00')
2026-09-23 23:29:41,356 BTPWorkerThread-10968 (_rx_task) root DEBUG btp.py                    736   event_handler             : Header(svc_id=1, op=129, ctrl_index=0, data_len=26) (b'\xe0N\xe4\x08\xdc\x1b\x00\xce\x03\x0f\x00\x0e\tPTS-GAP-E44E\x00',)
2026-09-23 23:29:41,356 BTPWorkerThread-10968 (_rx_task) root DEBUG gap.py                    193   gap_device_found_ev_      : b'\xe0N\xe4\x08\xdc\x1b\x00\xce\x03\x0f\x00\x0e\tPTS-GAP-E44E\x00'
2026-09-23 23:29:41,356 BTPWorkerThread-10968 (_rx_task) root DEBUG gap.py                    207   gap_device_found_ev_      : found '001bdc08e44e' type 224 eir b'\x0e\tPTS-GAP-E44E\x00'
2026-09-23 23:29:41,516 BTPWorkerThread-10968 (_rx_task) root DEBUG iutctl_common.py          123   read                      : Read 5 bytes
2026-09-23 23:29:41,516 BTPWorkerThread-10968 (_rx_task) root DEBUG iutctl_common.py          131   read                      : Received: hdr: Header(svc_id=0x01, op=0x81, ctrl_index=0x00, data_len=0x2a) bytearray(b'\x01\x81\x00*\x00')
2026-09-23 23:29:41,516 BTPWorkerThread-10968 (_rx_task) root DEBUG iutctl_common.py          139   read                      : Read 42 bytes data
2026-09-23 23:29:41,517 BTPWorkerThread-10968 (_rx_task) root DEBUG iutctl_common.py          154   read                      : Received data: {'e0 95 83 06 dc 1b 00 ad 03 1f 00 1e 09 48 46 50 20 41 47 20 44 65 6d 6f 20 30 30 3a 31 42 3a 44 43 3a 30 36 3a 38 33 3a 39 35'}, bytearray(b'\xe0\x95\x83\x06\xdc\x1b\x00\xad\x03\x1f\x00\x1e\tHFP AG Demo 00:1B:DC:06:83:95')
2026-09-23 23:29:41,517 BTPWorkerThread-10968 (_rx_task) root DEBUG btp.py                    736   event_handler             : Header(svc_id=1, op=129, ctrl_index=0, data_len=42) (b'\xe0\x95\x83\x06\xdc\x1b\x00\xad\x03\x1f\x00\x1e\tHFP AG Demo 00:1B:DC:06:83:95',)
2026-09-23 23:29:41,517 BTPWorkerThread-10968 (_rx_task) root DEBUG gap.py                    193   gap_device_found_ev_      : b'\xe0\x95\x83\x06\xdc\x1b\x00\xad\x03\x1f\x00\x1e\tHFP AG Demo 00:1B:DC:06:83:95'
2026-09-23 23:29:41,517 BTPWorkerThread-10968 (_rx_task) root DEBUG gap.py                    207   gap_device_found_ev_      : found '001bdc068395' type 224 eir b'\x1e\tHFP AG Demo 00:1B:DC:06:83:95'
2026-09-23 23:29:41,581 BTPWorkerThread-10968 (_rx_task) root DEBUG iutctl_common.py          123   read                      : Read 5 bytes
2026-09-23 23:29:41,581 BTPWorkerThread-10968 (_rx_task) root DEBUG iutctl_common.py          131   read                      : Received: hdr: Header(svc_id=0x01, op=0x81, ctrl_index=0x00, data_len=0x26) bytearray(b'\x01\x81\x00&\x00')
2026-09-23 23:29:41,581 BTPWorkerThread-10968 (_rx_task) root DEBUG iutctl_common.py          139   read                      : Read 38 bytes data
2026-09-23 23:29:41,582 BTPWorkerThread-10968 (_rx_task) root DEBUG iutctl_common.py          154   read                      : Received data: {'e0 53 00 4c 17 e5 44 b1 03 1b 00 09 09 4e 58 4c 36 36 35 32 38 02 0a 0c 0d 03 0c 11 0a 11 0b 11 0e 11 1f 11 1e 11'}, bytearray(b'\xe0S\x00L\x17\xe5D\xb1\x03\x1b\x00\t\tNXL66528\x02\n\x0c\r\x03\x0c\x11\n\x11\x0b\x11\x0e\x11\x1f\x11\x1e\x11')
2026-09-23 23:29:41,582 BTPWorkerThread-10968 (_rx_task) root DEBUG btp.py                    736   event_handler             : Header(svc_id=1, op=129, ctrl_index=0, data_len=38) (b'\xe0S\x00L\x17\xe5D\xb1\x03\x1b\x00\t\tNXL66528\x02\n\x0c\r\x03\x0c\x11\n\x11\x0b\x11\x0e\x11\x1f\x11\x1e\x11',)
2026-09-23 23:29:41,582 BTPWorkerThread-10968 (_rx_task) root DEBUG gap.py                    193   gap_device_found_ev_      : b'\xe0S\x00L\x17\xe5D\xb1\x03\x1b\x00\t\tNXL66528\x02\n\x0c\r\x03\x0c\x11\n\x11\x0b\x11\x0e\x11\x1f\x11\x1e\x11'
2026-09-23 23:29:41,582 BTPWorkerThread-10968 (_rx_task) root DEBUG gap.py                    207   gap_device_found_ev_      : found '44e5174c0053' type 224 eir b'\t\tNXL66528\x02\n\x0c\r\x03\x0c\x11\n\x11\x0b\x11\x0e\x11\x1f\x11\x1e\x11'
2026-09-23 23:29:41,613 BTPWorkerThread-10968 (_rx_task) root DEBUG iutctl_common.py          123   read                      : Read 5 bytes
2026-09-23 23:29:41,614 BTPWorkerThread-10968 (_rx_task) root DEBUG iutctl_common.py          131   read                      : Received: hdr: Header(svc_id=0x01, op=0x81, ctrl_index=0x00, data_len=0x2a) bytearray(b'\x01\x81\x00*\x00')
2026-09-23 23:29:41,614 BTPWorkerThread-10968 (_rx_task) root DEBUG iutctl_common.py          139   read                      : Read 9 bytes data
2026-09-23 23:29:41,624 BTPWorkerThread-10968 (_rx_task) root DEBUG iutctl_common.py          139   read                      : Read 33 bytes data
2026-09-23 23:29:41,624 BTPWorkerThread-10968 (_rx_task) root DEBUG iutctl_common.py          154   read                      : Received data: {'e0 95 83 06 dc 1b 00 af 03 1f 00 1e 09 48 46 50 20 41 47 20 44 65 6d 6f 20 30 30 3a 31 42 3a 44 43 3a 30 36 3a 38 33 3a 39 35'}, bytearray(b'\xe0\x95\x83\x06\xdc\x1b\x00\xaf\x03\x1f\x00\x1e\tHFP AG Demo 00:1B:DC:06:83:95')
2026-09-23 23:29:41,624 BTPWorkerThread-10968 (_rx_task) root DEBUG btp.py                    736   event_handler             : Header(svc_id=1, op=129, ctrl_index=0, data_len=42) (b'\xe0\x95\x83\x06\xdc\x1b\x00\xaf\x03\x1f\x00\x1e\tHFP AG Demo 00:1B:DC:06:83:95',)
2026-09-23 23:29:41,624 BTPWorkerThread-10968 (_rx_task) root DEBUG gap.py                    193   gap_device_found_ev_      : b'\xe0\x95\x83\x06\xdc\x1b\x00\xaf\x03\x1f\x00\x1e\tHFP AG Demo 00:1B:DC:06:83:95'
2026-09-23 23:29:41,625 BTPWorkerThread-10968 (_rx_task) root DEBUG gap.py                    207   gap_device_found_ev_      : found '001bdc068395' type 224 eir b'\x1e\tHFP AG Demo 00:1B:DC:06:83:95'
2026-09-23 23:29:41,763 BTPWorkerThread-10968 (_rx_task) root DEBUG iutctl_common.py          123   read                      : Read 5 bytes
2026-09-23 23:29:41,763 BTPWorkerThread-10968 (_rx_task) root DEBUG iutctl_common.py          131   read                      : Received: hdr: Header(svc_id=0x01, op=0x81, ctrl_index=0x00, data_len=0x26) bytearray(b'\x01\x81\x00&\x00')
2026-09-23 23:29:41,763 BTPWorkerThread-10968 (_rx_task) root DEBUG iutctl_common.py          139   read                      : Read 38 bytes data
2026-09-23 23:29:41,764 BTPWorkerThread-10968 (_rx_task) root DEBUG iutctl_common.py          154   read                      : Received data: {'e0 53 00 4c 17 e5 44 b0 03 1b 00 09 09 4e 58 4c 36 36 35 32 38 02 0a 0c 0d 03 0c 11 0a 11 0b 11 0e 11 1f 11 1e 11'}, bytearray(b'\xe0S\x00L\x17\xe5D\xb0\x03\x1b\x00\t\tNXL66528\x02\n\x0c\r\x03\x0c\x11\n\x11\x0b\x11\x0e\x11\x1f\x11\x1e\x11')
2026-09-23 23:29:41,764 BTPWorkerThread-10968 (_rx_task) root DEBUG btp.py                    736   event_handler             : Header(svc_id=1, op=129, ctrl_index=0, data_len=38) (b'\xe0S\x00L\x17\xe5D\xb0\x03\x1b\x00\t\tNXL66528\x02\n\x0c\r\x03\x0c\x11\n\x11\x0b\x11\x0e\x11\x1f\x11\x1e\x11',)
2026-09-23 23:29:41,764 BTPWorkerThread-10968 (_rx_task) root DEBUG gap.py                    193   gap_device_found_ev_      : b'\xe0S\x00L\x17\xe5D\xb0\x03\x1b\x00\t\tNXL66528\x02\n\x0c\r\x03\x0c\x11\n\x11\x0b\x11\x0e\x11\x1f\x11\x1e\x11'
2026-09-23 23:29:41,764 BTPWorkerThread-10968 (_rx_task) root DEBUG gap.py                    207   gap_device_found_ev_      : found '44e5174c0053' type 224 eir b'\t\tNXL66528\x02\n\x0c\r\x03\x0c\x11\n\x11\x0b\x11\x0e\x11\x1f\x11\x1e\x11'
2026-09-23 23:29:41,785 BTPWorkerThread-10968 (_rx_task) root DEBUG iutctl_common.py          123   read                      : Read 5 bytes
2026-09-23 23:29:41,785 BTPWorkerThread-10968 (_rx_task) root DEBUG iutctl_common.py          131   read                      : Received: hdr: Header(svc_id=0x01, op=0x81, ctrl_index=0x00, data_len=0x1a) bytearray(b'\x01\x81\x00\x1a\x00')
2026-09-23 23:29:41,785 BTPWorkerThread-10968 (_rx_task) root DEBUG iutctl_common.py          139   read                      : Read 26 bytes data
2026-09-23 23:29:41,786 BTPWorkerThread-10968 (_rx_task) root DEBUG iutctl_common.py          154   read                      : Received data: {'e0 4e e4 08 dc 1b 00 d2 03 0f 00 0e 09 50 54 53 2d 47 41 50 2d 45 34 34 45 00'}, bytearray(b'\xe0N\xe4\x08\xdc\x1b\x00\xd2\x03\x0f\x00\x0e\tPTS-GAP-E44E\x00')
2026-09-23 23:29:41,786 BTPWorkerThread-10968 (_rx_task) root DEBUG btp.py                    736   event_handler             : Header(svc_id=1, op=129, ctrl_index=0, data_len=26) (b'\xe0N\xe4\x08\xdc\x1b\x00\xd2\x03\x0f\x00\x0e\tPTS-GAP-E44E\x00',)
2026-09-23 23:29:41,786 BTPWorkerThread-10968 (_rx_task) root DEBUG gap.py                    193   gap_device_found_ev_      : b'\xe0N\xe4\x08\xdc\x1b\x00\xd2\x03\x0f\x00\x0e\tPTS-GAP-E44E\x00'
2026-09-23 23:29:41,786 BTPWorkerThread-10968 (_rx_task) root DEBUG gap.py                    207   gap_device_found_ev_      : found '001bdc08e44e' type 224 eir b'\x0e\tPTS-GAP-E44E\x00'
2026-09-23 23:29:41,925 BTPWorkerThread-10968 (_rx_task) root DEBUG iutctl_common.py          123   read                      : Read 5 bytes
2026-09-23 23:29:41,925 BTPWorkerThread-10968 (_rx_task) root DEBUG iutctl_common.py          131   read                      : Received: hdr: Header(svc_id=0x01, op=0x81, ctrl_index=0x00, data_len=0x26) bytearray(b'\x01\x81\x00&\x00')
2026-09-23 23:29:41,925 BTPWorkerThread-10968 (_rx_task) root DEBUG iutctl_common.py          139   read                      : Read 38 bytes data
2026-09-23 23:29:41,926 BTPWorkerThread-10968 (_rx_task) root DEBUG iutctl_common.py          154   read                      : Received data: {'e0 53 00 4c 17 e5 44 b1 03 1b 00 09 09 4e 58 4c 36 36 35 32 38 02 0a 0c 0d 03 0c 11 0a 11 0b 11 0e 11 1f 11 1e 11'}, bytearray(b'\xe0S\x00L\x17\xe5D\xb1\x03\x1b\x00\t\tNXL66528\x02\n\x0c\r\x03\x0c\x11\n\x11\x0b\x11\x0e\x11\x1f\x11\x1e\x11')
2026-09-23 23:29:41,926 BTPWorkerThread-10968 (_rx_task) root DEBUG btp.py                    736   event_handler             : Header(svc_id=1, op=129, ctrl_index=0, data_len=38) (b'\xe0S\x00L\x17\xe5D\xb1\x03\x1b\x00\t\tNXL66528\x02\n\x0c\r\x03\x0c\x11\n\x11\x0b\x11\x0e\x11\x1f\x11\x1e\x11',)
2026-09-23 23:29:41,926 BTPWorkerThread-10968 (_rx_task) root DEBUG gap.py                    193   gap_device_found_ev_      : b'\xe0S\x00L\x17\xe5D\xb1\x03\x1b\x00\t\tNXL66528\x02\n\x0c\r\x03\x0c\x11\n\x11\x0b\x11\x0e\x11\x1f\x11\x1e\x11'
2026-09-23 23:29:41,926 BTPWorkerThread-10968 (_rx_task) root DEBUG gap.py                    207   gap_device_found_ev_      : found '44e5174c0053' type 224 eir b'\t\tNXL66528\x02\n\x0c\r\x03\x0c\x11\n\x11\x0b\x11\x0e\x11\x1f\x11\x1e\x11'
2026-09-23 23:29:42,012 BTPWorkerThread-10968 (_rx_task) root DEBUG iutctl_common.py          123   read                      : Read 5 bytes
2026-09-23 23:29:42,012 BTPWorkerThread-10968 (_rx_task) root DEBUG iutctl_common.py          131   read                      : Received: hdr: Header(svc_id=0x01, op=0x81, ctrl_index=0x00, data_len=0x26) bytearray(b'\x01\x81\x00&\x00')
2026-09-23 23:29:42,012 BTPWorkerThread-10968 (_rx_task) root DEBUG iutctl_common.py          139   read                      : Read 33 bytes data
2026-09-23 23:29:42,024 BTPWorkerThread-10968 (_rx_task) root DEBUG iutctl_common.py          139   read                      : Read 5 bytes data
2026-09-23 23:29:42,025 BTPWorkerThread-10968 (_rx_task) root DEBUG iutctl_common.py          154   read                      : Received data: {'e0 53 00 4c 17 e5 44 ae 03 1b 00 09 09 4e 58 4c 36 36 35 32 38 02 0a 0c 0d 03 0c 11 0a 11 0b 11 0e 11 1f 11 1e 11'}, bytearray(b'\xe0S\x00L\x17\xe5D\xae\x03\x1b\x00\t\tNXL66528\x02\n\x0c\r\x03\x0c\x11\n\x11\x0b\x11\x0e\x11\x1f\x11\x1e\x11')
2026-09-23 23:29:42,025 BTPWorkerThread-10968 (_rx_task) root DEBUG btp.py                    736   event_handler             : Header(svc_id=1, op=129, ctrl_index=0, data_len=38) (b'\xe0S\x00L\x17\xe5D\xae\x03\x1b\x00\t\tNXL66528\x02\n\x0c\r\x03\x0c\x11\n\x11\x0b\x11\x0e\x11\x1f\x11\x1e\x11',)
2026-09-23 23:29:42,025 BTPWorkerThread-10968 (_rx_task) root DEBUG gap.py                    193   gap_device_found_ev_      : b'\xe0S\x00L\x17\xe5D\xae\x03\x1b\x00\t\tNXL66528\x02\n\x0c\r\x03\x0c\x11\n\x11\x0b\x11\x0e\x11\x1f\x11\x1e\x11'
2026-09-23 23:29:42,025 BTPWorkerThread-10968 (_rx_task) root DEBUG gap.py                    207   gap_device_found_ev_      : found '44e5174c0053' type 224 eir b'\t\tNXL66528\x02\n\x0c\r\x03\x0c\x11\n\x11\x0b\x11\x0e\x11\x1f\x11\x1e\x11'
2026-09-23 23:29:42,120 BTPWorkerThread-10968 (_rx_task) root DEBUG iutctl_common.py          123   read                      : Read 5 bytes
2026-09-23 23:29:42,120 BTPWorkerThread-10968 (_rx_task) root DEBUG iutctl_common.py          131   read                      : Received: hdr: Header(svc_id=0x01, op=0x81, ctrl_index=0x00, data_len=0x2a) bytearray(b'\x01\x81\x00*\x00')
2026-09-23 23:29:42,120 BTPWorkerThread-10968 (_rx_task) root DEBUG iutctl_common.py          139   read                      : Read 42 bytes data
2026-09-23 23:29:42,121 BTPWorkerThread-10968 (_rx_task) root DEBUG iutctl_common.py          154   read                      : Received data: {'e0 95 83 06 dc 1b 00 b0 03 1f 00 1e 09 48 46 50 20 41 47 20 44 65 6d 6f 20 30 30 3a 31 42 3a 44 43 3a 30 36 3a 38 33 3a 39 35'}, bytearray(b'\xe0\x95\x83\x06\xdc\x1b\x00\xb0\x03\x1f\x00\x1e\tHFP AG Demo 00:1B:DC:06:83:95')
2026-09-23 23:29:42,121 BTPWorkerThread-10968 (_rx_task) root DEBUG btp.py                    736   event_handler             : Header(svc_id=1, op=129, ctrl_index=0, data_len=42) (b'\xe0\x95\x83\x06\xdc\x1b\x00\xb0\x03\x1f\x00\x1e\tHFP AG Demo 00:1B:DC:06:83:95',)
2026-09-23 23:29:42,121 BTPWorkerThread-10968 (_rx_task) root DEBUG gap.py                    193   gap_device_found_ev_      : b'\xe0\x95\x83\x06\xdc\x1b\x00\xb0\x03\x1f\x00\x1e\tHFP AG Demo 00:1B:DC:06:83:95'
2026-09-23 23:29:42,121 BTPWorkerThread-10968 (_rx_task) root DEBUG gap.py                    207   gap_device_found_ev_      : found '001bdc068395' type 224 eir b'\x1e\tHFP AG Demo 00:1B:DC:06:83:95'
2026-09-23 23:29:42,121 BTPWorkerThread-10968 (_rx_task) root DEBUG iutctl_common.py          123   read                      : Read 5 bytes
2026-09-23 23:29:42,121 BTPWorkerThread-10968 (_rx_task) root DEBUG iutctl_common.py          131   read                      : Received: hdr: Header(svc_id=0x01, op=0x81, ctrl_index=0x00, data_len=0x0b) bytearray(b'\x01\x81\x00\x0b\x00')
2026-09-23 23:29:42,121 BTPWorkerThread-10968 (_rx_task) root DEBUG iutctl_common.py          139   read                      : Read 11 bytes data
2026-09-23 23:29:42,121 BTPWorkerThread-10968 (_rx_task) root DEBUG iutctl_common.py          154   read                      : Received data: {'e0 4d 65 9b 70 f3 5c a7 03 00 00'}, bytearray(b'\xe0Me\x9bp\xf3\\\xa7\x03\x00\x00')
2026-09-23 23:29:42,122 BTPWorkerThread-10968 (_rx_task) root DEBUG btp.py                    736   event_handler             : Header(svc_id=1, op=129, ctrl_index=0, data_len=11) (b'\xe0Me\x9bp\xf3\\\xa7\x03\x00\x00',)
2026-09-23 23:29:42,122 BTPWorkerThread-10968 (_rx_task) root DEBUG gap.py                    193   gap_device_found_ev_      : b'\xe0Me\x9bp\xf3\\\xa7\x03\x00\x00'
2026-09-23 23:29:42,122 BTPWorkerThread-10968 (_rx_task) root DEBUG gap.py                    207   gap_device_found_ev_      : found '5cf3709b654d' type 224 eir b''
2026-09-23 23:29:42,238 BTPWorkerThread-10968 (_rx_task) root DEBUG iutctl_common.py          123   read                      : Read 5 bytes
2026-09-23 23:29:42,238 BTPWorkerThread-10968 (_rx_task) root DEBUG iutctl_common.py          131   read                      : Received: hdr: Header(svc_id=0x01, op=0x81, ctrl_index=0x00, data_len=0x2a) bytearray(b'\x01\x81\x00*\x00')
2026-09-23 23:29:42,238 BTPWorkerThread-10968 (_rx_task) root DEBUG iutctl_common.py          139   read                      : Read 38 bytes data
2026-09-23 23:29:42,249 BTPWorkerThread-10968 (_rx_task) root DEBUG iutctl_common.py          139   read                      : Read 4 bytes data
2026-09-23 23:29:42,249 BTPWorkerThread-10968 (_rx_task) root DEBUG iutctl_common.py          154   read                      : Received data: {'e0 95 83 06 dc 1b 00 ab 03 1f 00 1e 09 48 46 50 20 41 47 20 44 65 6d 6f 20 30 30 3a 31 42 3a 44 43 3a 30 36 3a 38 33 3a 39 35'}, bytearray(b'\xe0\x95\x83\x06\xdc\x1b\x00\xab\x03\x1f\x00\x1e\tHFP AG Demo 00:1B:DC:06:83:95')
2026-09-23 23:29:42,249 BTPWorkerThread-10968 (_rx_task) root DEBUG btp.py                    736   event_handler             : Header(svc_id=1, op=129, ctrl_index=0, data_len=42) (b'\xe0\x95\x83\x06\xdc\x1b\x00\xab\x03\x1f\x00\x1e\tHFP AG Demo 00:1B:DC:06:83:95',)
2026-09-23 23:29:42,249 BTPWorkerThread-10968 (_rx_task) root DEBUG gap.py                    193   gap_device_found_ev_      : b'\xe0\x95\x83\x06\xdc\x1b\x00\xab\x03\x1f\x00\x1e\tHFP AG Demo 00:1B:DC:06:83:95'
2026-09-23 23:29:42,250 BTPWorkerThread-10968 (_rx_task) root DEBUG gap.py                    207   gap_device_found_ev_      : found '001bdc068395' type 224 eir b'\x1e\tHFP AG Demo 00:1B:DC:06:83:95'
2026-09-23 23:29:42,260 BTPWorkerThread-10968 (_rx_task) root DEBUG iutctl_common.py          123   read                      : Read 5 bytes
2026-09-23 23:29:42,260 BTPWorkerThread-10968 (_rx_task) root DEBUG iutctl_common.py          131   read                      : Received: hdr: Header(svc_id=0x01, op=0x81, ctrl_index=0x00, data_len=0x26) bytearray(b'\x01\x81\x00&\x00')
2026-09-23 23:29:42,260 BTPWorkerThread-10968 (_rx_task) root DEBUG iutctl_common.py          139   read                      : Read 38 bytes data
2026-09-23 23:29:42,261 BTPWorkerThread-10968 (_rx_task) root DEBUG iutctl_common.py          154   read                      : Received data: {'e0 53 00 4c 17 e5 44 af 03 1b 00 09 09 4e 58 4c 36 36 35 32 38 02 0a 0c 0d 03 0c 11 0a 11 0b 11 0e 11 1f 11 1e 11'}, bytearray(b'\xe0S\x00L\x17\xe5D\xaf\x03\x1b\x00\t\tNXL66528\x02\n\x0c\r\x03\x0c\x11\n\x11\x0b\x11\x0e\x11\x1f\x11\x1e\x11')
2026-09-23 23:29:42,261 BTPWorkerThread-10968 (_rx_task) root DEBUG btp.py                    736   event_handler             : Header(svc_id=1, op=129, ctrl_index=0, data_len=38) (b'\xe0S\x00L\x17\xe5D\xaf\x03\x1b\x00\t\tNXL66528\x02\n\x0c\r\x03\x0c\x11\n\x11\x0b\x11\x0e\x11\x1f\x11\x1e\x11',)
2026-09-23 23:29:42,261 BTPWorkerThread-10968 (_rx_task) root DEBUG gap.py                    193   gap_device_found_ev_      : b'\xe0S\x00L\x17\xe5D\xaf\x03\x1b\x00\t\tNXL66528\x02\n\x0c\r\x03\x0c\x11\n\x11\x0b\x11\x0e\x11\x1f\x11\x1e\x11'
2026-09-23 23:29:42,261 BTPWorkerThread-10968 (_rx_task) root DEBUG gap.py                    207   gap_device_found_ev_      : found '44e5174c0053' type 224 eir b'\t\tNXL66528\x02\n\x0c\r\x03\x0c\x11\n\x11\x0b\x11\x0e\x11\x1f\x11\x1e\x11'
2026-09-23 23:29:42,873 BTPWorkerThread-10968 (_rx_task) root DEBUG iutctl_common.py          123   read                      : Read 5 bytes
2026-09-23 23:29:42,873 BTPWorkerThread-10968 (_rx_task) root DEBUG iutctl_common.py          131   read                      : Received: hdr: Header(svc_id=0x01, op=0x81, ctrl_index=0x00, data_len=0x2a) bytearray(b'\x01\x81\x00*\x00')
2026-09-23 23:29:42,874 BTPWorkerThread-10968 (_rx_task) root DEBUG iutctl_common.py          139   read                      : Read 42 bytes data
2026-09-23 23:29:42,874 BTPWorkerThread-10968 (_rx_task) root DEBUG iutctl_common.py          154   read                      : Received data: {'e0 95 83 06 dc 1b 00 ac 03 1f 00 1e 09 48 46 50 20 41 47 20 44 65 6d 6f 20 30 30 3a 31 42 3a 44 43 3a 30 36 3a 38 33 3a 39 35'}, bytearray(b'\xe0\x95\x83\x06\xdc\x1b\x00\xac\x03\x1f\x00\x1e\tHFP AG Demo 00:1B:DC:06:83:95')
2026-09-23 23:29:42,874 BTPWorkerThread-10968 (_rx_task) root DEBUG btp.py                    736   event_handler             : Header(svc_id=1, op=129, ctrl_index=0, data_len=42) (b'\xe0\x95\x83\x06\xdc\x1b\x00\xac\x03\x1f\x00\x1e\tHFP AG Demo 00:1B:DC:06:83:95',)
2026-09-23 23:29:42,874 BTPWorkerThread-10968 (_rx_task) root DEBUG gap.py                    193   gap_device_found_ev_      : b'\xe0\x95\x83\x06\xdc\x1b\x00\xac\x03\x1f\x00\x1e\tHFP AG Demo 00:1B:DC:06:83:95'
2026-09-23 23:29:42,874 BTPWorkerThread-10968 (_rx_task) root DEBUG gap.py                    207   gap_device_found_ev_      : found '001bdc068395' type 224 eir b'\x1e\tHFP AG Demo 00:1B:DC:06:83:95'
2026-09-23 23:29:42,993 BTPWorkerThread-10968 (_rx_task) root DEBUG iutctl_common.py          123   read                      : Read 5 bytes
2026-09-23 23:29:42,993 BTPWorkerThread-10968 (_rx_task) root DEBUG iutctl_common.py          131   read                      : Received: hdr: Header(svc_id=0x01, op=0x81, ctrl_index=0x00, data_len=0x2a) bytearray(b'\x01\x81\x00*\x00')
2026-09-23 23:29:42,993 BTPWorkerThread-10968 (_rx_task) root DEBUG iutctl_common.py          139   read                      : Read 42 bytes data
2026-09-23 23:29:42,994 BTPWorkerThread-10968 (_rx_task) root DEBUG iutctl_common.py          154   read                      : Received data: {'e0 95 83 06 dc 1b 00 ac 03 1f 00 1e 09 48 46 50 20 41 47 20 44 65 6d 6f 20 30 30 3a 31 42 3a 44 43 3a 30 36 3a 38 33 3a 39 35'}, bytearray(b'\xe0\x95\x83\x06\xdc\x1b\x00\xac\x03\x1f\x00\x1e\tHFP AG Demo 00:1B:DC:06:83:95')
2026-09-23 23:29:42,994 BTPWorkerThread-10968 (_rx_task) root DEBUG btp.py                    736   event_handler             : Header(svc_id=1, op=129, ctrl_index=0, data_len=42) (b'\xe0\x95\x83\x06\xdc\x1b\x00\xac\x03\x1f\x00\x1e\tHFP AG Demo 00:1B:DC:06:83:95',)
2026-09-23 23:29:42,994 BTPWorkerThread-10968 (_rx_task) root DEBUG gap.py                    193   gap_device_found_ev_      : b'\xe0\x95\x83\x06\xdc\x1b\x00\xac\x03\x1f\x00\x1e\tHFP AG Demo 00:1B:DC:06:83:95'
2026-09-23 23:29:42,994 BTPWorkerThread-10968 (_rx_task) root DEBUG gap.py                    207   gap_device_found_ev_      : found '001bdc068395' type 224 eir b'\x1e\tHFP AG Demo 00:1B:DC:06:83:95'
2026-09-23 23:29:43,101 BTPWorkerThread-10968 (_rx_task) root DEBUG iutctl_common.py          123   read                      : Read 5 bytes
2026-09-23 23:29:43,102 BTPWorkerThread-10968 (_rx_task) root DEBUG iutctl_common.py          131   read                      : Received: hdr: Header(svc_id=0x01, op=0x81, ctrl_index=0x00, data_len=0x2a) bytearray(b'\x01\x81\x00*\x00')
2026-09-23 23:29:43,102 BTPWorkerThread-10968 (_rx_task) root DEBUG iutctl_common.py          139   read                      : Read 38 bytes data
2026-09-23 23:29:43,112 BTPWorkerThread-10968 (_rx_task) root DEBUG iutctl_common.py          139   read                      : Read 4 bytes data
2026-09-23 23:29:43,112 BTPWorkerThread-10968 (_rx_task) root DEBUG iutctl_common.py          154   read                      : Received data: {'e0 95 83 06 dc 1b 00 b0 03 1f 00 1e 09 48 46 50 20 41 47 20 44 65 6d 6f 20 30 30 3a 31 42 3a 44 43 3a 30 36 3a 38 33 3a 39 35'}, bytearray(b'\xe0\x95\x83\x06\xdc\x1b\x00\xb0\x03\x1f\x00\x1e\tHFP AG Demo 00:1B:DC:06:83:95')
2026-09-23 23:29:43,112 BTPWorkerThread-10968 (_rx_task) root DEBUG btp.py                    736   event_handler             : Header(svc_id=1, op=129, ctrl_index=0, data_len=42) (b'\xe0\x95\x83\x06\xdc\x1b\x00\xb0\x03\x1f\x00\x1e\tHFP AG Demo 00:1B:DC:06:83:95',)
2026-09-23 23:29:43,112 BTPWorkerThread-10968 (_rx_task) root DEBUG gap.py                    193   gap_device_found_ev_      : b'\xe0\x95\x83\x06\xdc\x1b\x00\xb0\x03\x1f\x00\x1e\tHFP AG Demo 00:1B:DC:06:83:95'
2026-09-23 23:29:43,112 BTPWorkerThread-10968 (_rx_task) root DEBUG gap.py                    207   gap_device_found_ev_      : found '001bdc068395' type 224 eir b'\x1e\tHFP AG Demo 00:1B:DC:06:83:95'
2026-09-23 23:29:43,176 BTPWorkerThread-10968 (_rx_task) root DEBUG iutctl_common.py          123   read                      : Read 5 bytes
2026-09-23 23:29:43,176 BTPWorkerThread-10968 (_rx_task) root DEBUG iutctl_common.py          131   read                      : Received: hdr: Header(svc_id=0x01, op=0x81, ctrl_index=0x00, data_len=0x26) bytearray(b'\x01\x81\x00&\x00')
2026-09-23 23:29:43,176 BTPWorkerThread-10968 (_rx_task) root DEBUG iutctl_common.py          139   read                      : Read 38 bytes data
2026-09-23 23:29:43,177 BTPWorkerThread-10968 (_rx_task) root DEBUG iutctl_common.py          154   read                      : Received data: {'e0 53 00 4c 17 e5 44 af 03 1b 00 09 09 4e 58 4c 36 36 35 32 38 02 0a 0c 0d 03 0c 11 0a 11 0b 11 0e 11 1f 11 1e 11'}, bytearray(b'\xe0S\x00L\x17\xe5D\xaf\x03\x1b\x00\t\tNXL66528\x02\n\x0c\r\x03\x0c\x11\n\x11\x0b\x11\x0e\x11\x1f\x11\x1e\x11')
2026-09-23 23:29:43,177 BTPWorkerThread-10968 (_rx_task) root DEBUG btp.py                    736   event_handler             : Header(svc_id=1, op=129, ctrl_index=0, data_len=38) (b'\xe0S\x00L\x17\xe5D\xaf\x03\x1b\x00\t\tNXL66528\x02\n\x0c\r\x03\x0c\x11\n\x11\x0b\x11\x0e\x11\x1f\x11\x1e\x11',)
2026-09-23 23:29:43,177 BTPWorkerThread-10968 (_rx_task) root DEBUG gap.py                    193   gap_device_found_ev_      : b'\xe0S\x00L\x17\xe5D\xaf\x03\x1b\x00\t\tNXL66528\x02\n\x0c\r\x03\x0c\x11\n\x11\x0b\x11\x0e\x11\x1f\x11\x1e\x11'
2026-09-23 23:29:43,177 BTPWorkerThread-10968 (_rx_task) root DEBUG gap.py                    207   gap_device_found_ev_      : found '44e5174c0053' type 224 eir b'\t\tNXL66528\x02\n\x0c\r\x03\x0c\x11\n\x11\x0b\x11\x0e\x11\x1f\x11\x1e\x11'
2026-09-23 23:29:43,741 BTPWorkerThread-10968 (_rx_task) root DEBUG iutctl_common.py          123   read                      : Read 5 bytes
2026-09-23 23:29:43,741 BTPWorkerThread-10968 (_rx_task) root DEBUG iutctl_common.py          131   read                      : Received: hdr: Header(svc_id=0x01, op=0x81, ctrl_index=0x00, data_len=0x2a) bytearray(b'\x01\x81\x00*\x00')
2026-09-23 23:29:43,742 BTPWorkerThread-10968 (_rx_task) root DEBUG iutctl_common.py          139   read                      : Read 42 bytes data
2026-09-23 23:29:43,742 BTPWorkerThread-10968 (_rx_task) root DEBUG iutctl_common.py          154   read                      : Received data: {'e0 cd 83 06 dc 1b 00 a6 03 1f 00 1e 09 41 32 44 50 20 53 6f 75 72 63 65 20 30 30 3a 31 42 3a 44 43 3a 30 36 3a 38 33 3a 43 44'}, bytearray(b'\xe0\xcd\x83\x06\xdc\x1b\x00\xa6\x03\x1f\x00\x1e\tA2DP Source 00:1B:DC:06:83:CD')
2026-09-23 23:29:43,742 BTPWorkerThread-10968 (_rx_task) root DEBUG btp.py                    736   event_handler             : Header(svc_id=1, op=129, ctrl_index=0, data_len=42) (b'\xe0\xcd\x83\x06\xdc\x1b\x00\xa6\x03\x1f\x00\x1e\tA2DP Source 00:1B:DC:06:83:CD',)
2026-09-23 23:29:43,742 BTPWorkerThread-10968 (_rx_task) root DEBUG gap.py                    193   gap_device_found_ev_      : b'\xe0\xcd\x83\x06\xdc\x1b\x00\xa6\x03\x1f\x00\x1e\tA2DP Source 00:1B:DC:06:83:CD'
2026-09-23 23:29:43,742 BTPWorkerThread-10968 (_rx_task) root DEBUG gap.py                    207   gap_device_found_ev_      : found '001bdc0683cd' type 224 eir b'\x1e\tA2DP Source 00:1B:DC:06:83:CD'
2026-09-23 23:29:44,052 BTPWorkerThread-10968 (_rx_task) root DEBUG iutctl_common.py          123   read                      : Read 5 bytes
2026-09-23 23:29:44,052 BTPWorkerThread-10968 (_rx_task) root DEBUG iutctl_common.py          131   read                      : Received: hdr: Header(svc_id=0x01, op=0x81, ctrl_index=0x00, data_len=0x2a) bytearray(b'\x01\x81\x00*\x00')
2026-09-23 23:29:44,053 BTPWorkerThread-10968 (_rx_task) root DEBUG iutctl_common.py          139   read                      : Read 42 bytes data
2026-09-23 23:29:44,053 BTPWorkerThread-10968 (_rx_task) root DEBUG iutctl_common.py          154   read                      : Received data: {'e0 cd 83 06 dc 1b 00 a6 03 1f 00 1e 09 41 32 44 50 20 53 6f 75 72 63 65 20 30 30 3a 31 42 3a 44 43 3a 30 36 3a 38 33 3a 43 44'}, bytearray(b'\xe0\xcd\x83\x06\xdc\x1b\x00\xa6\x03\x1f\x00\x1e\tA2DP Source 00:1B:DC:06:83:CD')
2026-09-23 23:29:44,053 BTPWorkerThread-10968 (_rx_task) root DEBUG btp.py                    736   event_handler             : Header(svc_id=1, op=129, ctrl_index=0, data_len=42) (b'\xe0\xcd\x83\x06\xdc\x1b\x00\xa6\x03\x1f\x00\x1e\tA2DP Source 00:1B:DC:06:83:CD',)
2026-09-23 23:29:44,053 BTPWorkerThread-10968 (_rx_task) root DEBUG gap.py                    193   gap_device_found_ev_      : b'\xe0\xcd\x83\x06\xdc\x1b\x00\xa6\x03\x1f\x00\x1e\tA2DP Source 00:1B:DC:06:83:CD'
2026-09-23 23:29:44,053 BTPWorkerThread-10968 (_rx_task) root DEBUG gap.py                    207   gap_device_found_ev_      : found '001bdc0683cd' type 224 eir b'\x1e\tA2DP Source 00:1B:DC:06:83:CD'
2026-09-23 23:29:44,727 BTPWorkerThread-10968 (_rx_task) root DEBUG iutctl_common.py          123   read                      : Read 5 bytes
2026-09-23 23:29:44,727 BTPWorkerThread-10968 (_rx_task) root DEBUG iutctl_common.py          131   read                      : Received: hdr: Header(svc_id=0x01, op=0x81, ctrl_index=0x00, data_len=0x1a) bytearray(b'\x01\x81\x00\x1a\x00')
2026-09-23 23:29:44,727 BTPWorkerThread-10968 (_rx_task) root DEBUG iutctl_common.py          139   read                      : Read 26 bytes data
2026-09-23 23:29:44,728 BTPWorkerThread-10968 (_rx_task) root DEBUG iutctl_common.py          154   read                      : Received data: {'e0 4e e4 08 dc 1b 00 d1 03 0f 00 0e 09 50 54 53 2d 47 41 50 2d 45 34 34 45 00'}, bytearray(b'\xe0N\xe4\x08\xdc\x1b\x00\xd1\x03\x0f\x00\x0e\tPTS-GAP-E44E\x00')
2026-09-23 23:29:44,728 BTPWorkerThread-10968 (_rx_task) root DEBUG btp.py                    736   event_handler             : Header(svc_id=1, op=129, ctrl_index=0, data_len=26) (b'\xe0N\xe4\x08\xdc\x1b\x00\xd1\x03\x0f\x00\x0e\tPTS-GAP-E44E\x00',)
2026-09-23 23:29:44,728 BTPWorkerThread-10968 (_rx_task) root DEBUG gap.py                    193   gap_device_found_ev_      : b'\xe0N\xe4\x08\xdc\x1b\x00\xd1\x03\x0f\x00\x0e\tPTS-GAP-E44E\x00'
2026-09-23 23:29:44,728 BTPWorkerThread-10968 (_rx_task) root DEBUG gap.py                    207   gap_device_found_ev_      : found '001bdc08e44e' type 224 eir b'\x0e\tPTS-GAP-E44E\x00'
2026-09-23 23:29:44,878 BTPWorkerThread-10968 (_rx_task) root DEBUG iutctl_common.py          123   read                      : Read 5 bytes
2026-09-23 23:29:44,878 BTPWorkerThread-10968 (_rx_task) root DEBUG iutctl_common.py          131   read                      : Received: hdr: Header(svc_id=0x01, op=0x81, ctrl_index=0x00, data_len=0x1a) bytearray(b'\x01\x81\x00\x1a\x00')
2026-09-23 23:29:44,878 BTPWorkerThread-10968 (_rx_task) root DEBUG iutctl_common.py          139   read                      : Read 26 bytes data
2026-09-23 23:29:44,879 BTPWorkerThread-10968 (_rx_task) root DEBUG iutctl_common.py          154   read                      : Received data: {'e0 4e e4 08 dc 1b 00 d1 03 0f 00 0e 09 50 54 53 2d 47 41 50 2d 45 34 34 45 00'}, bytearray(b'\xe0N\xe4\x08\xdc\x1b\x00\xd1\x03\x0f\x00\x0e\tPTS-GAP-E44E\x00')
2026-09-23 23:29:44,879 BTPWorkerThread-10968 (_rx_task) root DEBUG btp.py                    736   event_handler             : Header(svc_id=1, op=129, ctrl_index=0, data_len=26) (b'\xe0N\xe4\x08\xdc\x1b\x00\xd1\x03\x0f\x00\x0e\tPTS-GAP-E44E\x00',)
2026-09-23 23:29:44,879 BTPWorkerThread-10968 (_rx_task) root DEBUG gap.py                    193   gap_device_found_ev_      : b'\xe0N\xe4\x08\xdc\x1b\x00\xd1\x03\x0f\x00\x0e\tPTS-GAP-E44E\x00'
2026-09-23 23:29:44,879 BTPWorkerThread-10968 (_rx_task) root DEBUG gap.py                    207   gap_device_found_ev_      : found '001bdc08e44e' type 224 eir b'\x0e\tPTS-GAP-E44E\x00'
2026-09-23 23:29:44,921 BTPWorkerThread-10968 (_rx_task) root DEBUG iutctl_common.py          123   read                      : Read 5 bytes
2026-09-23 23:29:44,921 BTPWorkerThread-10968 (_rx_task) root DEBUG iutctl_common.py          131   read                      : Received: hdr: Header(svc_id=0x01, op=0x81, ctrl_index=0x00, data_len=0x1a) bytearray(b'\x01\x81\x00\x1a\x00')
2026-09-23 23:29:44,921 BTPWorkerThread-10968 (_rx_task) root DEBUG iutctl_common.py          139   read                      : Read 12 bytes data
2026-09-23 23:29:44,932 BTPWorkerThread-10968 (_rx_task) root DEBUG iutctl_common.py          139   read                      : Read 14 bytes data
2026-09-23 23:29:44,932 BTPWorkerThread-10968 (_rx_task) root DEBUG iutctl_common.py          154   read                      : Received data: {'e0 4e e4 08 dc 1b 00 d2 03 0f 00 0e 09 50 54 53 2d 47 41 50 2d 45 34 34 45 00'}, bytearray(b'\xe0N\xe4\x08\xdc\x1b\x00\xd2\x03\x0f\x00\x0e\tPTS-GAP-E44E\x00')
2026-09-23 23:29:44,932 BTPWorkerThread-10968 (_rx_task) root DEBUG btp.py                    736   event_handler             : Header(svc_id=1, op=129, ctrl_index=0, data_len=26) (b'\xe0N\xe4\x08\xdc\x1b\x00\xd2\x03\x0f\x00\x0e\tPTS-GAP-E44E\x00',)
2026-09-23 23:29:44,933 BTPWorkerThread-10968 (_rx_task) root DEBUG gap.py                    193   gap_device_found_ev_      : b'\xe0N\xe4\x08\xdc\x1b\x00\xd2\x03\x0f\x00\x0e\tPTS-GAP-E44E\x00'
2026-09-23 23:29:44,933 BTPWorkerThread-10968 (_rx_task) root DEBUG gap.py                    207   gap_device_found_ev_      : found '001bdc08e44e' type 224 eir b'\x0e\tPTS-GAP-E44E\x00'
2026-09-23 23:29:44,933 BTPWorkerThread-10968 (_rx_task) root DEBUG iutctl_common.py          123   read                      : Read 5 bytes
2026-09-23 23:29:44,933 BTPWorkerThread-10968 (_rx_task) root DEBUG iutctl_common.py          131   read                      : Received: hdr: Header(svc_id=0x01, op=0x81, ctrl_index=0x00, data_len=0x2a) bytearray(b'\x01\x81\x00*\x00')
2026-09-23 23:29:44,933 BTPWorkerThread-10968 (_rx_task) root DEBUG iutctl_common.py          139   read                      : Read 28 bytes data
2026-09-23 23:29:44,943 BTPWorkerThread-10968 (_rx_task) root DEBUG iutctl_common.py          139   read                      : Read 14 bytes data
2026-09-23 23:29:44,943 BTPWorkerThread-10968 (_rx_task) root DEBUG iutctl_common.py          154   read                      : Received data: {'e0 cd 83 06 dc 1b 00 ad 03 1f 00 1e 09 41 32 44 50 20 53 6f 75 72 63 65 20 30 30 3a 31 42 3a 44 43 3a 30 36 3a 38 33 3a 43 44'}, bytearray(b'\xe0\xcd\x83\x06\xdc\x1b\x00\xad\x03\x1f\x00\x1e\tA2DP Source 00:1B:DC:06:83:CD')
2026-09-23 23:29:44,943 BTPWorkerThread-10968 (_rx_task) root DEBUG btp.py                    736   event_handler             : Header(svc_id=1, op=129, ctrl_index=0, data_len=42) (b'\xe0\xcd\x83\x06\xdc\x1b\x00\xad\x03\x1f\x00\x1e\tA2DP Source 00:1B:DC:06:83:CD',)
2026-09-23 23:29:44,944 BTPWorkerThread-10968 (_rx_task) root DEBUG gap.py                    193   gap_device_found_ev_      : b'\xe0\xcd\x83\x06\xdc\x1b\x00\xad\x03\x1f\x00\x1e\tA2DP Source 00:1B:DC:06:83:CD'
2026-09-23 23:29:44,944 BTPWorkerThread-10968 (_rx_task) root DEBUG gap.py                    207   gap_device_found_ev_      : found '001bdc0683cd' type 224 eir b'\x1e\tA2DP Source 00:1B:DC:06:83:CD'
2026-09-23 23:29:45,042 BTPWorkerThread-10968 (_rx_task) root DEBUG iutctl_common.py          123   read                      : Read 5 bytes
2026-09-23 23:29:45,042 BTPWorkerThread-10968 (_rx_task) root DEBUG iutctl_common.py          131   read                      : Received: hdr: Header(svc_id=0x01, op=0x81, ctrl_index=0x00, data_len=0x1a) bytearray(b'\x01\x81\x00\x1a\x00')
2026-09-23 23:29:45,042 BTPWorkerThread-10968 (_rx_task) root DEBUG iutctl_common.py          139   read                      : Read 13 bytes data
2026-09-23 23:29:45,053 BTPWorkerThread-10968 (_rx_task) root DEBUG iutctl_common.py          139   read                      : Read 13 bytes data
2026-09-23 23:29:45,053 BTPWorkerThread-10968 (_rx_task) root DEBUG iutctl_common.py          154   read                      : Received data: {'e0 4e e4 08 dc 1b 00 d3 03 0f 00 0e 09 50 54 53 2d 47 41 50 2d 45 34 34 45 00'}, bytearray(b'\xe0N\xe4\x08\xdc\x1b\x00\xd3\x03\x0f\x00\x0e\tPTS-GAP-E44E\x00')
2026-09-23 23:29:45,053 BTPWorkerThread-10968 (_rx_task) root DEBUG btp.py                    736   event_handler             : Header(svc_id=1, op=129, ctrl_index=0, data_len=26) (b'\xe0N\xe4\x08\xdc\x1b\x00\xd3\x03\x0f\x00\x0e\tPTS-GAP-E44E\x00',)
2026-09-23 23:29:45,053 BTPWorkerThread-10968 (_rx_task) root DEBUG gap.py                    193   gap_device_found_ev_      : b'\xe0N\xe4\x08\xdc\x1b\x00\xd3\x03\x0f\x00\x0e\tPTS-GAP-E44E\x00'
2026-09-23 23:29:45,054 BTPWorkerThread-10968 (_rx_task) root DEBUG gap.py                    207   gap_device_found_ev_      : found '001bdc08e44e' type 224 eir b'\x0e\tPTS-GAP-E44E\x00'
2026-09-23 23:29:45,097 BTPWorkerThread-10968 (_rx_task) root DEBUG iutctl_common.py          123   read                      : Read 5 bytes
2026-09-23 23:29:45,097 BTPWorkerThread-10968 (_rx_task) root DEBUG iutctl_common.py          131   read                      : Received: hdr: Header(svc_id=0x01, op=0x81, ctrl_index=0x00, data_len=0x26) bytearray(b'\x01\x81\x00&\x00')
2026-09-23 23:29:45,098 BTPWorkerThread-10968 (_rx_task) root DEBUG iutctl_common.py          139   read                      : Read 25 bytes data
2026-09-23 23:29:45,108 BTPWorkerThread-10968 (_rx_task) root DEBUG iutctl_common.py          139   read                      : Read 13 bytes data
2026-09-23 23:29:45,108 BTPWorkerThread-10968 (_rx_task) root DEBUG iutctl_common.py          154   read                      : Received data: {'e0 53 00 4c 17 e5 44 b2 03 1b 00 09 09 4e 58 4c 36 36 35 32 38 02 0a 0c 0d 03 0c 11 0a 11 0b 11 0e 11 1f 11 1e 11'}, bytearray(b'\xe0S\x00L\x17\xe5D\xb2\x03\x1b\x00\t\tNXL66528\x02\n\x0c\r\x03\x0c\x11\n\x11\x0b\x11\x0e\x11\x1f\x11\x1e\x11')
2026-09-23 23:29:45,108 BTPWorkerThread-10968 (_rx_task) root DEBUG btp.py                    736   event_handler             : Header(svc_id=1, op=129, ctrl_index=0, data_len=38) (b'\xe0S\x00L\x17\xe5D\xb2\x03\x1b\x00\t\tNXL66528\x02\n\x0c\r\x03\x0c\x11\n\x11\x0b\x11\x0e\x11\x1f\x11\x1e\x11',)
2026-09-23 23:29:45,108 BTPWorkerThread-10968 (_rx_task) root DEBUG gap.py                    193   gap_device_found_ev_      : b'\xe0S\x00L\x17\xe5D\xb2\x03\x1b\x00\t\tNXL66528\x02\n\x0c\r\x03\x0c\x11\n\x11\x0b\x11\x0e\x11\x1f\x11\x1e\x11'
2026-09-23 23:29:45,109 BTPWorkerThread-10968 (_rx_task) root DEBUG gap.py                    207   gap_device_found_ev_      : found '44e5174c0053' type 224 eir b'\t\tNXL66528\x02\n\x0c\r\x03\x0c\x11\n\x11\x0b\x11\x0e\x11\x1f\x11\x1e\x11'
2026-09-23 23:29:45,438 BTPWorkerThread-10968 (_rx_task) root DEBUG iutctl_common.py          123   read                      : Read 5 bytes
2026-09-23 23:29:45,438 BTPWorkerThread-10968 (_rx_task) root DEBUG iutctl_common.py          131   read                      : Received: hdr: Header(svc_id=0x01, op=0x81, ctrl_index=0x00, data_len=0x2a) bytearray(b'\x01\x81\x00*\x00')
2026-09-23 23:29:45,439 BTPWorkerThread-10968 (_rx_task) root DEBUG iutctl_common.py          139   read                      : Read 42 bytes data
2026-09-23 23:29:45,439 BTPWorkerThread-10968 (_rx_task) root DEBUG iutctl_common.py          154   read                      : Received data: {'e0 cd 83 06 dc 1b 00 ae 03 1f 00 1e 09 41 32 44 50 20 53 6f 75 72 63 65 20 30 30 3a 31 42 3a 44 43 3a 30 36 3a 38 33 3a 43 44'}, bytearray(b'\xe0\xcd\x83\x06\xdc\x1b\x00\xae\x03\x1f\x00\x1e\tA2DP Source 00:1B:DC:06:83:CD')
2026-09-23 23:29:45,439 BTPWorkerThread-10968 (_rx_task) root DEBUG btp.py                    736   event_handler             : Header(svc_id=1, op=129, ctrl_index=0, data_len=42) (b'\xe0\xcd\x83\x06\xdc\x1b\x00\xae\x03\x1f\x00\x1e\tA2DP Source 00:1B:DC:06:83:CD',)
2026-09-23 23:29:45,439 BTPWorkerThread-10968 (_rx_task) root DEBUG gap.py                    193   gap_device_found_ev_      : b'\xe0\xcd\x83\x06\xdc\x1b\x00\xae\x03\x1f\x00\x1e\tA2DP Source 00:1B:DC:06:83:CD'
2026-09-23 23:29:45,439 BTPWorkerThread-10968 (_rx_task) root DEBUG gap.py                    207   gap_device_found_ev_      : found '001bdc0683cd' type 224 eir b'\x1e\tA2DP Source 00:1B:DC:06:83:CD'
2026-09-23 23:29:45,525 BTPWorkerThread-10968 (_rx_task) root DEBUG iutctl_common.py          123   read                      : Read 5 bytes
2026-09-23 23:29:45,525 BTPWorkerThread-10968 (_rx_task) root DEBUG iutctl_common.py          131   read                      : Received: hdr: Header(svc_id=0x01, op=0x81, ctrl_index=0x00, data_len=0x26) bytearray(b'\x01\x81\x00&\x00')
2026-09-23 23:29:45,525 BTPWorkerThread-10968 (_rx_task) root DEBUG iutctl_common.py          139   read                      : Read 38 bytes data
2026-09-23 23:29:45,526 BTPWorkerThread-10968 (_rx_task) root DEBUG iutctl_common.py          154   read                      : Received data: {'e0 53 00 4c 17 e5 44 a7 03 1b 00 09 09 4e 58 4c 36 36 35 32 38 02 0a 0c 0d 03 0c 11 0a 11 0b 11 0e 11 1f 11 1e 11'}, bytearray(b'\xe0S\x00L\x17\xe5D\xa7\x03\x1b\x00\t\tNXL66528\x02\n\x0c\r\x03\x0c\x11\n\x11\x0b\x11\x0e\x11\x1f\x11\x1e\x11')
2026-09-23 23:29:45,526 BTPWorkerThread-10968 (_rx_task) root DEBUG btp.py                    736   event_handler             : Header(svc_id=1, op=129, ctrl_index=0, data_len=38) (b'\xe0S\x00L\x17\xe5D\xa7\x03\x1b\x00\t\tNXL66528\x02\n\x0c\r\x03\x0c\x11\n\x11\x0b\x11\x0e\x11\x1f\x11\x1e\x11',)
2026-09-23 23:29:45,526 BTPWorkerThread-10968 (_rx_task) root DEBUG gap.py                    193   gap_device_found_ev_      : b'\xe0S\x00L\x17\xe5D\xa7\x03\x1b\x00\t\tNXL66528\x02\n\x0c\r\x03\x0c\x11\n\x11\x0b\x11\x0e\x11\x1f\x11\x1e\x11'
2026-09-23 23:29:45,526 BTPWorkerThread-10968 (_rx_task) root DEBUG gap.py                    207   gap_device_found_ev_      : found '44e5174c0053' type 224 eir b'\t\tNXL66528\x02\n\x0c\r\x03\x0c\x11\n\x11\x0b\x11\x0e\x11\x1f\x11\x1e\x11'
2026-09-23 23:29:45,632 BTPWorkerThread-10968 (_rx_task) root DEBUG iutctl_common.py          123   read                      : Read 5 bytes
2026-09-23 23:29:45,632 BTPWorkerThread-10968 (_rx_task) root DEBUG iutctl_common.py          131   read                      : Received: hdr: Header(svc_id=0x01, op=0x81, ctrl_index=0x00, data_len=0x1a) bytearray(b'\x01\x81\x00\x1a\x00')
2026-09-23 23:29:45,632 BTPWorkerThread-10968 (_rx_task) root DEBUG iutctl_common.py          139   read                      : Read 11 bytes data
2026-09-23 23:29:45,643 BTPWorkerThread-10968 (_rx_task) root DEBUG iutctl_common.py          139   read                      : Read 15 bytes data
2026-09-23 23:29:45,643 BTPWorkerThread-10968 (_rx_task) root DEBUG iutctl_common.py          154   read                      : Received data: {'e0 4e e4 08 dc 1b 00 d1 03 0f 00 0e 09 50 54 53 2d 47 41 50 2d 45 34 34 45 00'}, bytearray(b'\xe0N\xe4\x08\xdc\x1b\x00\xd1\x03\x0f\x00\x0e\tPTS-GAP-E44E\x00')
2026-09-23 23:29:45,643 BTPWorkerThread-10968 (_rx_task) root DEBUG btp.py                    736   event_handler             : Header(svc_id=1, op=129, ctrl_index=0, data_len=26) (b'\xe0N\xe4\x08\xdc\x1b\x00\xd1\x03\x0f\x00\x0e\tPTS-GAP-E44E\x00',)
2026-09-23 23:29:45,643 BTPWorkerThread-10968 (_rx_task) root DEBUG gap.py                    193   gap_device_found_ev_      : b'\xe0N\xe4\x08\xdc\x1b\x00\xd1\x03\x0f\x00\x0e\tPTS-GAP-E44E\x00'
2026-09-23 23:29:45,643 BTPWorkerThread-10968 (_rx_task) root DEBUG gap.py                    207   gap_device_found_ev_      : found '001bdc08e44e' type 224 eir b'\x0e\tPTS-GAP-E44E\x00'
2026-09-23 23:29:45,730 BTPWorkerThread-10968 (_rx_task) root DEBUG iutctl_common.py          123   read                      : Read 5 bytes
2026-09-23 23:29:45,730 BTPWorkerThread-10968 (_rx_task) root DEBUG iutctl_common.py          131   read                      : Received: hdr: Header(svc_id=0x01, op=0x81, ctrl_index=0x00, data_len=0x1a) bytearray(b'\x01\x81\x00\x1a\x00')
2026-09-23 23:29:45,730 BTPWorkerThread-10968 (_rx_task) root DEBUG iutctl_common.py          139   read                      : Read 26 bytes data
2026-09-23 23:29:45,731 BTPWorkerThread-10968 (_rx_task) root DEBUG iutctl_common.py          154   read                      : Received data: {'e0 4e e4 08 dc 1b 00 d3 03 0f 00 0e 09 50 54 53 2d 47 41 50 2d 45 34 34 45 00'}, bytearray(b'\xe0N\xe4\x08\xdc\x1b\x00\xd3\x03\x0f\x00\x0e\tPTS-GAP-E44E\x00')
2026-09-23 23:29:45,731 BTPWorkerThread-10968 (_rx_task) root DEBUG btp.py                    736   event_handler             : Header(svc_id=1, op=129, ctrl_index=0, data_len=26) (b'\xe0N\xe4\x08\xdc\x1b\x00\xd3\x03\x0f\x00\x0e\tPTS-GAP-E44E\x00',)
2026-09-23 23:29:45,731 BTPWorkerThread-10968 (_rx_task) root DEBUG gap.py                    193   gap_device_found_ev_      : b'\xe0N\xe4\x08\xdc\x1b\x00\xd3\x03\x0f\x00\x0e\tPTS-GAP-E44E\x00'
2026-09-23 23:29:45,731 BTPWorkerThread-10968 (_rx_task) root DEBUG gap.py                    207   gap_device_found_ev_      : found '001bdc08e44e' type 224 eir b'\x0e\tPTS-GAP-E44E\x00'
2026-09-23 23:29:45,752 BTPWorkerThread-10968 (_rx_task) root DEBUG iutctl_common.py          123   read                      : Read 5 bytes
2026-09-23 23:29:45,752 BTPWorkerThread-10968 (_rx_task) root DEBUG iutctl_common.py          131   read                      : Received: hdr: Header(svc_id=0x01, op=0x81, ctrl_index=0x00, data_len=0x26) bytearray(b'\x01\x81\x00&\x00')
2026-09-23 23:29:45,752 BTPWorkerThread-10968 (_rx_task) root DEBUG iutctl_common.py          139   read                      : Read 38 bytes data
2026-09-23 23:29:45,753 BTPWorkerThread-10968 (_rx_task) root DEBUG iutctl_common.py          154   read                      : Received data: {'e0 53 00 4c 17 e5 44 af 03 1b 00 09 09 4e 58 4c 36 36 35 32 38 02 0a 0c 0d 03 0c 11 0a 11 0b 11 0e 11 1f 11 1e 11'}, bytearray(b'\xe0S\x00L\x17\xe5D\xaf\x03\x1b\x00\t\tNXL66528\x02\n\x0c\r\x03\x0c\x11\n\x11\x0b\x11\x0e\x11\x1f\x11\x1e\x11')
2026-09-23 23:29:45,753 BTPWorkerThread-10968 (_rx_task) root DEBUG btp.py                    736   event_handler             : Header(svc_id=1, op=129, ctrl_index=0, data_len=38) (b'\xe0S\x00L\x17\xe5D\xaf\x03\x1b\x00\t\tNXL66528\x02\n\x0c\r\x03\x0c\x11\n\x11\x0b\x11\x0e\x11\x1f\x11\x1e\x11',)
2026-09-23 23:29:45,753 BTPWorkerThread-10968 (_rx_task) root DEBUG gap.py                    193   gap_device_found_ev_      : b'\xe0S\x00L\x17\xe5D\xaf\x03\x1b\x00\t\tNXL66528\x02\n\x0c\r\x03\x0c\x11\n\x11\x0b\x11\x0e\x11\x1f\x11\x1e\x11'
2026-09-23 23:29:45,753 BTPWorkerThread-10968 (_rx_task) root DEBUG gap.py                    207   gap_device_found_ev_      : found '44e5174c0053' type 224 eir b'\t\tNXL66528\x02\n\x0c\r\x03\x0c\x11\n\x11\x0b\x11\x0e\x11\x1f\x11\x1e\x11'
2026-09-23 23:29:45,794 BTPWorkerThread-10968 (_rx_task) root DEBUG iutctl_common.py          123   read                      : Read 5 bytes
2026-09-23 23:29:45,794 BTPWorkerThread-10968 (_rx_task) root DEBUG iutctl_common.py          131   read                      : Received: hdr: Header(svc_id=0x01, op=0x81, ctrl_index=0x00, data_len=0x1a) bytearray(b'\x01\x81\x00\x1a\x00')
2026-09-23 23:29:45,794 BTPWorkerThread-10968 (_rx_task) root DEBUG iutctl_common.py          139   read                      : Read 18 bytes data
2026-09-23 23:29:45,806 BTPWorkerThread-10968 (_rx_task) root DEBUG iutctl_common.py          139   read                      : Read 8 bytes data
2026-09-23 23:29:45,806 BTPWorkerThread-10968 (_rx_task) root DEBUG iutctl_common.py          154   read                      : Received data: {'e0 4e e4 08 dc 1b 00 d4 03 0f 00 0e 09 50 54 53 2d 47 41 50 2d 45 34 34 45 00'}, bytearray(b'\xe0N\xe4\x08\xdc\x1b\x00\xd4\x03\x0f\x00\x0e\tPTS-GAP-E44E\x00')
2026-09-23 23:29:45,806 BTPWorkerThread-10968 (_rx_task) root DEBUG btp.py                    736   event_handler             : Header(svc_id=1, op=129, ctrl_index=0, data_len=26) (b'\xe0N\xe4\x08\xdc\x1b\x00\xd4\x03\x0f\x00\x0e\tPTS-GAP-E44E\x00',)
2026-09-23 23:29:45,806 BTPWorkerThread-10968 (_rx_task) root DEBUG gap.py                    193   gap_device_found_ev_      : b'\xe0N\xe4\x08\xdc\x1b\x00\xd4\x03\x0f\x00\x0e\tPTS-GAP-E44E\x00'
2026-09-23 23:29:45,806 BTPWorkerThread-10968 (_rx_task) root DEBUG gap.py                    207   gap_device_found_ev_      : found '001bdc08e44e' type 224 eir b'\x0e\tPTS-GAP-E44E\x00'
2026-09-23 23:29:46,304 BTPWorkerThread-10968 (_rx_task) root DEBUG iutctl_common.py          123   read                      : Read 5 bytes
2026-09-23 23:29:46,304 BTPWorkerThread-10968 (_rx_task) root DEBUG iutctl_common.py          131   read                      : Received: hdr: Header(svc_id=0x01, op=0x81, ctrl_index=0x00, data_len=0x26) bytearray(b'\x01\x81\x00&\x00')
2026-09-23 23:29:46,304 BTPWorkerThread-10968 (_rx_task) root DEBUG iutctl_common.py          139   read                      : Read 38 bytes data
2026-09-23 23:29:46,305 BTPWorkerThread-10968 (_rx_task) root DEBUG iutctl_common.py          154   read                      : Received data: {'e0 53 00 4c 17 e5 44 b0 03 1b 00 09 09 4e 58 4c 36 36 35 32 38 02 0a 0c 0d 03 0c 11 0a 11 0b 11 0e 11 1f 11 1e 11'}, bytearray(b'\xe0S\x00L\x17\xe5D\xb0\x03\x1b\x00\t\tNXL66528\x02\n\x0c\r\x03\x0c\x11\n\x11\x0b\x11\x0e\x11\x1f\x11\x1e\x11')
2026-09-23 23:29:46,305 BTPWorkerThread-10968 (_rx_task) root DEBUG btp.py                    736   event_handler             : Header(svc_id=1, op=129, ctrl_index=0, data_len=38) (b'\xe0S\x00L\x17\xe5D\xb0\x03\x1b\x00\t\tNXL66528\x02\n\x0c\r\x03\x0c\x11\n\x11\x0b\x11\x0e\x11\x1f\x11\x1e\x11',)
2026-09-23 23:29:46,305 BTPWorkerThread-10968 (_rx_task) root DEBUG gap.py                    193   gap_device_found_ev_      : b'\xe0S\x00L\x17\xe5D\xb0\x03\x1b\x00\t\tNXL66528\x02\n\x0c\r\x03\x0c\x11\n\x11\x0b\x11\x0e\x11\x1f\x11\x1e\x11'
2026-09-23 23:29:46,305 BTPWorkerThread-10968 (_rx_task) root DEBUG gap.py                    207   gap_device_found_ev_      : found '44e5174c0053' type 224 eir b'\t\tNXL66528\x02\n\x0c\r\x03\x0c\x11\n\x11\x0b\x11\x0e\x11\x1f\x11\x1e\x11'
2026-09-23 23:29:46,606 BTPWorkerThread-10968 (_rx_task) root DEBUG iutctl_common.py          123   read                      : Read 5 bytes
2026-09-23 23:29:46,606 BTPWorkerThread-10968 (_rx_task) root DEBUG iutctl_common.py          131   read                      : Received: hdr: Header(svc_id=0x01, op=0x81, ctrl_index=0x00, data_len=0x26) bytearray(b'\x01\x81\x00&\x00')
2026-09-23 23:29:46,606 BTPWorkerThread-10968 (_rx_task) root DEBUG iutctl_common.py          139   read                      : Read 38 bytes data
2026-09-23 23:29:46,607 BTPWorkerThread-10968 (_rx_task) root DEBUG iutctl_common.py          154   read                      : Received data: {'e0 53 00 4c 17 e5 44 a8 03 1b 00 09 09 4e 58 4c 36 36 35 32 38 02 0a 0c 0d 03 0c 11 0a 11 0b 11 0e 11 1f 11 1e 11'}, bytearray(b'\xe0S\x00L\x17\xe5D\xa8\x03\x1b\x00\t\tNXL66528\x02\n\x0c\r\x03\x0c\x11\n\x11\x0b\x11\x0e\x11\x1f\x11\x1e\x11')
2026-09-23 23:29:46,607 BTPWorkerThread-10968 (_rx_task) root DEBUG btp.py                    736   event_handler             : Header(svc_id=1, op=129, ctrl_index=0, data_len=38) (b'\xe0S\x00L\x17\xe5D\xa8\x03\x1b\x00\t\tNXL66528\x02\n\x0c\r\x03\x0c\x11\n\x11\x0b\x11\x0e\x11\x1f\x11\x1e\x11',)
2026-09-23 23:29:46,607 BTPWorkerThread-10968 (_rx_task) root DEBUG gap.py                    193   gap_device_found_ev_      : b'\xe0S\x00L\x17\xe5D\xa8\x03\x1b\x00\t\tNXL66528\x02\n\x0c\r\x03\x0c\x11\n\x11\x0b\x11\x0e\x11\x1f\x11\x1e\x11'
2026-09-23 23:29:46,607 BTPWorkerThread-10968 (_rx_task) root DEBUG gap.py                    207   gap_device_found_ev_      : found '44e5174c0053' type 224 eir b'\t\tNXL66528\x02\n\x0c\r\x03\x0c\x11\n\x11\x0b\x11\x0e\x11\x1f\x11\x1e\x11'
2026-09-23 23:29:46,909 BTPWorkerThread-10968 (_rx_task) root DEBUG iutctl_common.py          123   read                      : Read 5 bytes
2026-09-23 23:29:46,909 BTPWorkerThread-10968 (_rx_task) root DEBUG iutctl_common.py          131   read                      : Received: hdr: Header(svc_id=0x01, op=0x81, ctrl_index=0x00, data_len=0x0b) bytearray(b'\x01\x81\x00\x0b\x00')
2026-09-23 23:29:46,909 BTPWorkerThread-10968 (_rx_task) root DEBUG iutctl_common.py          139   read                      : Read 11 bytes data
2026-09-23 23:29:46,910 BTPWorkerThread-10968 (_rx_task) root DEBUG iutctl_common.py          154   read                      : Received data: {'e0 53 00 4c 17 e5 44 b3 03 00 00'}, bytearray(b'\xe0S\x00L\x17\xe5D\xb3\x03\x00\x00')
2026-09-23 23:29:46,910 BTPWorkerThread-10968 (_rx_task) root DEBUG btp.py                    736   event_handler             : Header(svc_id=1, op=129, ctrl_index=0, data_len=11) (b'\xe0S\x00L\x17\xe5D\xb3\x03\x00\x00',)
2026-09-23 23:29:46,910 BTPWorkerThread-10968 (_rx_task) root DEBUG gap.py                    193   gap_device_found_ev_      : b'\xe0S\x00L\x17\xe5D\xb3\x03\x00\x00'
2026-09-23 23:29:46,910 BTPWorkerThread-10968 (_rx_task) root DEBUG gap.py                    207   gap_device_found_ev_      : found '44e5174c0053' type 224 eir b''
2026-09-23 23:29:46,983 BTPWorkerThread-10968 (_rx_task) root DEBUG iutctl_common.py          123   read                      : Read 5 bytes
2026-09-23 23:29:46,983 BTPWorkerThread-10968 (_rx_task) root DEBUG iutctl_common.py          131   read                      : Received: hdr: Header(svc_id=0x01, op=0x81, ctrl_index=0x00, data_len=0x26) bytearray(b'\x01\x81\x00&\x00')
2026-09-23 23:29:46,983 BTPWorkerThread-10968 (_rx_task) root DEBUG iutctl_common.py          139   read                      : Read 37 bytes data
2026-09-23 23:29:46,994 BTPWorkerThread-10968 (_rx_task) root DEBUG iutctl_common.py          139   read                      : Read 1 bytes data
2026-09-23 23:29:46,995 BTPWorkerThread-10968 (_rx_task) root DEBUG iutctl_common.py          154   read                      : Received data: {'e0 53 00 4c 17 e5 44 a8 03 1b 00 09 09 4e 58 4c 36 36 35 32 38 02 0a 0c 0d 03 0c 11 0a 11 0b 11 0e 11 1f 11 1e 11'}, bytearray(b'\xe0S\x00L\x17\xe5D\xa8\x03\x1b\x00\t\tNXL66528\x02\n\x0c\r\x03\x0c\x11\n\x11\x0b\x11\x0e\x11\x1f\x11\x1e\x11')
2026-09-23 23:29:46,995 BTPWorkerThread-10968 (_rx_task) root DEBUG btp.py                    736   event_handler             : Header(svc_id=1, op=129, ctrl_index=0, data_len=38) (b'\xe0S\x00L\x17\xe5D\xa8\x03\x1b\x00\t\tNXL66528\x02\n\x0c\r\x03\x0c\x11\n\x11\x0b\x11\x0e\x11\x1f\x11\x1e\x11',)
2026-09-23 23:29:46,995 BTPWorkerThread-10968 (_rx_task) root DEBUG gap.py                    193   gap_device_found_ev_      : b'\xe0S\x00L\x17\xe5D\xa8\x03\x1b\x00\t\tNXL66528\x02\n\x0c\r\x03\x0c\x11\n\x11\x0b\x11\x0e\x11\x1f\x11\x1e\x11'
2026-09-23 23:29:46,995 BTPWorkerThread-10968 (_rx_task) root DEBUG gap.py                    207   gap_device_found_ev_      : found '44e5174c0053' type 224 eir b'\t\tNXL66528\x02\n\x0c\r\x03\x0c\x11\n\x11\x0b\x11\x0e\x11\x1f\x11\x1e\x11'
2026-09-23 23:29:48,244 BTPWorkerThread-10968 (_rx_task) root DEBUG iutctl_common.py          123   read                      : Read 5 bytes
2026-09-23 23:29:48,244 BTPWorkerThread-10968 (_rx_task) root DEBUG iutctl_common.py          131   read                      : Received: hdr: Header(svc_id=0x01, op=0x81, ctrl_index=0x00, data_len=0x2a) bytearray(b'\x01\x81\x00*\x00')
2026-09-23 23:29:48,245 BTPWorkerThread-10968 (_rx_task) root DEBUG iutctl_common.py          139   read                      : Read 36 bytes data
2026-09-23 23:29:48,255 BTPWorkerThread-10968 (_rx_task) root DEBUG iutctl_common.py          139   read                      : Read 6 bytes data
2026-09-23 23:29:48,255 BTPWorkerThread-10968 (_rx_task) root DEBUG iutctl_common.py          154   read                      : Received data: {'e0 cd 83 06 dc 1b 00 a3 03 1f 00 1e 09 41 32 44 50 20 53 6f 75 72 63 65 20 30 30 3a 31 42 3a 44 43 3a 30 36 3a 38 33 3a 43 44'}, bytearray(b'\xe0\xcd\x83\x06\xdc\x1b\x00\xa3\x03\x1f\x00\x1e\tA2DP Source 00:1B:DC:06:83:CD')
2026-09-23 23:29:48,255 BTPWorkerThread-10968 (_rx_task) root DEBUG btp.py                    736   event_handler             : Header(svc_id=1, op=129, ctrl_index=0, data_len=42) (b'\xe0\xcd\x83\x06\xdc\x1b\x00\xa3\x03\x1f\x00\x1e\tA2DP Source 00:1B:DC:06:83:CD',)
2026-09-23 23:29:48,255 BTPWorkerThread-10968 (_rx_task) root DEBUG gap.py                    193   gap_device_found_ev_      : b'\xe0\xcd\x83\x06\xdc\x1b\x00\xa3\x03\x1f\x00\x1e\tA2DP Source 00:1B:DC:06:83:CD'
2026-09-23 23:29:48,256 BTPWorkerThread-10968 (_rx_task) root DEBUG gap.py                    207   gap_device_found_ev_      : found '001bdc0683cd' type 224 eir b'\x1e\tA2DP Source 00:1B:DC:06:83:CD'
2026-09-23 23:29:48,494 BTPWorkerThread-10968 (_rx_task) root DEBUG iutctl_common.py          123   read                      : Read 5 bytes
2026-09-23 23:29:48,494 BTPWorkerThread-10968 (_rx_task) root DEBUG iutctl_common.py          131   read                      : Received: hdr: Header(svc_id=0x01, op=0x81, ctrl_index=0x00, data_len=0x0b) bytearray(b'\x01\x81\x00\x0b\x00')
2026-09-23 23:29:48,494 BTPWorkerThread-10968 (_rx_task) root DEBUG iutctl_common.py          139   read                      : Read 11 bytes data
2026-09-23 23:29:48,495 BTPWorkerThread-10968 (_rx_task) root DEBUG iutctl_common.py          154   read                      : Received data: {'e0 53 00 4c 17 e5 44 af 03 00 00'}, bytearray(b'\xe0S\x00L\x17\xe5D\xaf\x03\x00\x00')
2026-09-23 23:29:48,495 BTPWorkerThread-10968 (_rx_task) root DEBUG btp.py                    736   event_handler             : Header(svc_id=1, op=129, ctrl_index=0, data_len=11) (b'\xe0S\x00L\x17\xe5D\xaf\x03\x00\x00',)
2026-09-23 23:29:48,495 BTPWorkerThread-10968 (_rx_task) root DEBUG gap.py                    193   gap_device_found_ev_      : b'\xe0S\x00L\x17\xe5D\xaf\x03\x00\x00'
2026-09-23 23:29:48,495 BTPWorkerThread-10968 (_rx_task) root DEBUG gap.py                    207   gap_device_found_ev_      : found '44e5174c0053' type 224 eir b''
2026-09-23 23:29:48,613 BTPWorkerThread-10968 (_rx_task) root DEBUG iutctl_common.py          123   read                      : Read 5 bytes
2026-09-23 23:29:48,613 BTPWorkerThread-10968 (_rx_task) root DEBUG iutctl_common.py          131   read                      : Received: hdr: Header(svc_id=0x01, op=0x81, ctrl_index=0x00, data_len=0x26) bytearray(b'\x01\x81\x00&\x00')
2026-09-23 23:29:48,614 BTPWorkerThread-10968 (_rx_task) root DEBUG iutctl_common.py          139   read                      : Read 38 bytes data
2026-09-23 23:29:48,614 BTPWorkerThread-10968 (_rx_task) root DEBUG iutctl_common.py          154   read                      : Received data: {'e0 53 00 4c 17 e5 44 a8 03 1b 00 09 09 4e 58 4c 36 36 35 32 38 02 0a 0c 0d 03 0c 11 0a 11 0b 11 0e 11 1f 11 1e 11'}, bytearray(b'\xe0S\x00L\x17\xe5D\xa8\x03\x1b\x00\t\tNXL66528\x02\n\x0c\r\x03\x0c\x11\n\x11\x0b\x11\x0e\x11\x1f\x11\x1e\x11')
2026-09-23 23:29:48,614 BTPWorkerThread-10968 (_rx_task) root DEBUG btp.py                    736   event_handler             : Header(svc_id=1, op=129, ctrl_index=0, data_len=38) (b'\xe0S\x00L\x17\xe5D\xa8\x03\x1b\x00\t\tNXL66528\x02\n\x0c\r\x03\x0c\x11\n\x11\x0b\x11\x0e\x11\x1f\x11\x1e\x11',)
2026-09-23 23:29:48,614 BTPWorkerThread-10968 (_rx_task) root DEBUG gap.py                    193   gap_device_found_ev_      : b'\xe0S\x00L\x17\xe5D\xa8\x03\x1b\x00\t\tNXL66528\x02\n\x0c\r\x03\x0c\x11\n\x11\x0b\x11\x0e\x11\x1f\x11\x1e\x11'
2026-09-23 23:29:48,614 BTPWorkerThread-10968 (_rx_task) root DEBUG gap.py                    207   gap_device_found_ev_      : found '44e5174c0053' type 224 eir b'\t\tNXL66528\x02\n\x0c\r\x03\x0c\x11\n\x11\x0b\x11\x0e\x11\x1f\x11\x1e\x11'
2026-09-23 23:29:48,645 BTPWorkerThread-10968 (_rx_task) root DEBUG iutctl_common.py          123   read                      : Read 5 bytes
2026-09-23 23:29:48,645 BTPWorkerThread-10968 (_rx_task) root DEBUG iutctl_common.py          131   read                      : Received: hdr: Header(svc_id=0x01, op=0x81, ctrl_index=0x00, data_len=0x1a) bytearray(b'\x01\x81\x00\x1a\x00')
2026-09-23 23:29:48,645 BTPWorkerThread-10968 (_rx_task) root DEBUG iutctl_common.py          139   read                      : Read 1 bytes data
2026-09-23 23:29:48,655 BTPWorkerThread-10968 (_rx_task) root DEBUG iutctl_common.py          139   read                      : Read 25 bytes data
2026-09-23 23:29:48,655 BTPWorkerThread-10968 (_rx_task) root DEBUG iutctl_common.py          154   read                      : Received data: {'e0 4e e4 08 dc 1b 00 d3 03 0f 00 0e 09 50 54 53 2d 47 41 50 2d 45 34 34 45 00'}, bytearray(b'\xe0N\xe4\x08\xdc\x1b\x00\xd3\x03\x0f\x00\x0e\tPTS-GAP-E44E\x00')
2026-09-23 23:29:48,655 BTPWorkerThread-10968 (_rx_task) root DEBUG btp.py                    736   event_handler             : Header(svc_id=1, op=129, ctrl_index=0, data_len=26) (b'\xe0N\xe4\x08\xdc\x1b\x00\xd3\x03\x0f\x00\x0e\tPTS-GAP-E44E\x00',)
2026-09-23 23:29:48,655 BTPWorkerThread-10968 (_rx_task) root DEBUG gap.py                    193   gap_device_found_ev_      : b'\xe0N\xe4\x08\xdc\x1b\x00\xd3\x03\x0f\x00\x0e\tPTS-GAP-E44E\x00'
2026-09-23 23:29:48,656 BTPWorkerThread-10968 (_rx_task) root DEBUG gap.py                    207   gap_device_found_ev_      : found '001bdc08e44e' type 224 eir b'\x0e\tPTS-GAP-E44E\x00'
2026-09-23 23:29:48,947 BTPWorkerThread-10968 (_rx_task) root DEBUG iutctl_common.py          123   read                      : Read 5 bytes
2026-09-23 23:29:48,948 BTPWorkerThread-10968 (_rx_task) root DEBUG iutctl_common.py          131   read                      : Received: hdr: Header(svc_id=0x01, op=0x81, ctrl_index=0x00, data_len=0x2a) bytearray(b'\x01\x81\x00*\x00')
2026-09-23 23:29:48,948 BTPWorkerThread-10968 (_rx_task) root DEBUG iutctl_common.py          139   read                      : Read 42 bytes data
2026-09-23 23:29:48,948 BTPWorkerThread-10968 (_rx_task) root DEBUG iutctl_common.py          154   read                      : Received data: {'e0 eb b2 06 dc 1b 00 a3 03 1f 00 1e 09 41 32 44 50 20 53 6f 75 72 63 65 20 30 30 3a 31 42 3a 44 43 3a 30 36 3a 42 32 3a 45 42'}, bytearray(b'\xe0\xeb\xb2\x06\xdc\x1b\x00\xa3\x03\x1f\x00\x1e\tA2DP Source 00:1B:DC:06:B2:EB')
2026-09-23 23:29:48,948 BTPWorkerThread-10968 (_rx_task) root DEBUG btp.py                    736   event_handler             : Header(svc_id=1, op=129, ctrl_index=0, data_len=42) (b'\xe0\xeb\xb2\x06\xdc\x1b\x00\xa3\x03\x1f\x00\x1e\tA2DP Source 00:1B:DC:06:B2:EB',)
2026-09-23 23:29:48,948 BTPWorkerThread-10968 (_rx_task) root DEBUG gap.py                    193   gap_device_found_ev_      : b'\xe0\xeb\xb2\x06\xdc\x1b\x00\xa3\x03\x1f\x00\x1e\tA2DP Source 00:1B:DC:06:B2:EB'
2026-09-23 23:29:48,948 BTPWorkerThread-10968 (_rx_task) root DEBUG gap.py                    207   gap_device_found_ev_      : found '001bdc06b2eb' type 224 eir b'\x1e\tA2DP Source 00:1B:DC:06:B2:EB'
2026-09-23 23:29:48,969 BTPWorkerThread-10968 (_rx_task) root DEBUG iutctl_common.py          123   read                      : Read 5 bytes
2026-09-23 23:29:48,969 BTPWorkerThread-10968 (_rx_task) root DEBUG iutctl_common.py          131   read                      : Received: hdr: Header(svc_id=0x01, op=0x81, ctrl_index=0x00, data_len=0x1a) bytearray(b'\x01\x81\x00\x1a\x00')
2026-09-23 23:29:48,969 BTPWorkerThread-10968 (_rx_task) root DEBUG iutctl_common.py          139   read                      : Read 26 bytes data
2026-09-23 23:29:48,969 BTPWorkerThread-10968 (_rx_task) root DEBUG iutctl_common.py          154   read                      : Received data: {'e0 4e e4 08 dc 1b 00 d3 03 0f 00 0e 09 50 54 53 2d 47 41 50 2d 45 34 34 45 00'}, bytearray(b'\xe0N\xe4\x08\xdc\x1b\x00\xd3\x03\x0f\x00\x0e\tPTS-GAP-E44E\x00')
2026-09-23 23:29:48,970 BTPWorkerThread-10968 (_rx_task) root DEBUG btp.py                    736   event_handler             : Header(svc_id=1, op=129, ctrl_index=0, data_len=26) (b'\xe0N\xe4\x08\xdc\x1b\x00\xd3\x03\x0f\x00\x0e\tPTS-GAP-E44E\x00',)
2026-09-23 23:29:48,970 BTPWorkerThread-10968 (_rx_task) root DEBUG gap.py                    193   gap_device_found_ev_      : b'\xe0N\xe4\x08\xdc\x1b\x00\xd3\x03\x0f\x00\x0e\tPTS-GAP-E44E\x00'
2026-09-23 23:29:48,970 BTPWorkerThread-10968 (_rx_task) root DEBUG gap.py                    207   gap_device_found_ev_      : found '001bdc08e44e' type 224 eir b'\x0e\tPTS-GAP-E44E\x00'
2026-09-23 23:29:49,023 BTPWorkerThread-10968 (_rx_task) root DEBUG iutctl_common.py          123   read                      : Read 5 bytes
2026-09-23 23:29:49,023 BTPWorkerThread-10968 (_rx_task) root DEBUG iutctl_common.py          131   read                      : Received: hdr: Header(svc_id=0x01, op=0x81, ctrl_index=0x00, data_len=0x26) bytearray(b'\x01\x81\x00&\x00')
2026-09-23 23:29:49,023 BTPWorkerThread-10968 (_rx_task) root DEBUG iutctl_common.py          139   read                      : Read 38 bytes data
2026-09-23 23:29:49,024 BTPWorkerThread-10968 (_rx_task) root DEBUG iutctl_common.py          154   read                      : Received data: {'e0 53 00 4c 17 e5 44 b0 03 1b 00 09 09 4e 58 4c 36 36 35 32 38 02 0a 0c 0d 03 0c 11 0a 11 0b 11 0e 11 1f 11 1e 11'}, bytearray(b'\xe0S\x00L\x17\xe5D\xb0\x03\x1b\x00\t\tNXL66528\x02\n\x0c\r\x03\x0c\x11\n\x11\x0b\x11\x0e\x11\x1f\x11\x1e\x11')
2026-09-23 23:29:49,024 BTPWorkerThread-10968 (_rx_task) root DEBUG btp.py                    736   event_handler             : Header(svc_id=1, op=129, ctrl_index=0, data_len=38) (b'\xe0S\x00L\x17\xe5D\xb0\x03\x1b\x00\t\tNXL66528\x02\n\x0c\r\x03\x0c\x11\n\x11\x0b\x11\x0e\x11\x1f\x11\x1e\x11',)
2026-09-23 23:29:49,024 BTPWorkerThread-10968 (_rx_task) root DEBUG gap.py                    193   gap_device_found_ev_      : b'\xe0S\x00L\x17\xe5D\xb0\x03\x1b\x00\t\tNXL66528\x02\n\x0c\r\x03\x0c\x11\n\x11\x0b\x11\x0e\x11\x1f\x11\x1e\x11'
2026-09-23 23:29:49,024 BTPWorkerThread-10968 (_rx_task) root DEBUG gap.py                    207   gap_device_found_ev_      : found '44e5174c0053' type 224 eir b'\t\tNXL66528\x02\n\x0c\r\x03\x0c\x11\n\x11\x0b\x11\x0e\x11\x1f\x11\x1e\x11'
2026-09-23 23:29:49,142 BTPWorkerThread-10968 (_rx_task) root DEBUG iutctl_common.py          123   read                      : Read 5 bytes
2026-09-23 23:29:49,142 BTPWorkerThread-10968 (_rx_task) root DEBUG iutctl_common.py          131   read                      : Received: hdr: Header(svc_id=0x01, op=0x81, ctrl_index=0x00, data_len=0x26) bytearray(b'\x01\x81\x00&\x00')
2026-09-23 23:29:49,142 BTPWorkerThread-10968 (_rx_task) root DEBUG iutctl_common.py          139   read                      : Read 38 bytes data
2026-09-23 23:29:49,143 BTPWorkerThread-10968 (_rx_task) root DEBUG iutctl_common.py          154   read                      : Received data: {'e0 53 00 4c 17 e5 44 b0 03 1b 00 09 09 4e 58 4c 36 36 35 32 38 02 0a 0c 0d 03 0c 11 0a 11 0b 11 0e 11 1f 11 1e 11'}, bytearray(b'\xe0S\x00L\x17\xe5D\xb0\x03\x1b\x00\t\tNXL66528\x02\n\x0c\r\x03\x0c\x11\n\x11\x0b\x11\x0e\x11\x1f\x11\x1e\x11')
2026-09-23 23:29:49,143 BTPWorkerThread-10968 (_rx_task) root DEBUG btp.py                    736   event_handler             : Header(svc_id=1, op=129, ctrl_index=0, data_len=38) (b'\xe0S\x00L\x17\xe5D\xb0\x03\x1b\x00\t\tNXL66528\x02\n\x0c\r\x03\x0c\x11\n\x11\x0b\x11\x0e\x11\x1f\x11\x1e\x11',)
2026-09-23 23:29:49,143 BTPWorkerThread-10968 (_rx_task) root DEBUG gap.py                    193   gap_device_found_ev_      : b'\xe0S\x00L\x17\xe5D\xb0\x03\x1b\x00\t\tNXL66528\x02\n\x0c\r\x03\x0c\x11\n\x11\x0b\x11\x0e\x11\x1f\x11\x1e\x11'
2026-09-23 23:29:49,143 BTPWorkerThread-10968 (_rx_task) root DEBUG gap.py                    207   gap_device_found_ev_      : found '44e5174c0053' type 224 eir b'\t\tNXL66528\x02\n\x0c\r\x03\x0c\x11\n\x11\x0b\x11\x0e\x11\x1f\x11\x1e\x11'
2026-09-23 23:29:49,377 BTPWorkerThread-10968 (_rx_task) root DEBUG iutctl_common.py          123   read                      : Read 5 bytes
2026-09-23 23:29:49,377 BTPWorkerThread-10968 (_rx_task) root DEBUG iutctl_common.py          131   read                      : Received: hdr: Header(svc_id=0x01, op=0x81, ctrl_index=0x00, data_len=0x1a) bytearray(b'\x01\x81\x00\x1a\x00')
2026-09-23 23:29:49,377 BTPWorkerThread-10968 (_rx_task) root DEBUG iutctl_common.py          139   read                      : Read 26 bytes data
2026-09-23 23:29:49,377 BTPWorkerThread-10968 (_rx_task) root DEBUG iutctl_common.py          154   read                      : Received data: {'e0 4e e4 08 dc 1b 00 d1 03 0f 00 0e 09 50 54 53 2d 47 41 50 2d 45 34 34 45 00'}, bytearray(b'\xe0N\xe4\x08\xdc\x1b\x00\xd1\x03\x0f\x00\x0e\tPTS-GAP-E44E\x00')
2026-09-23 23:29:49,377 BTPWorkerThread-10968 (_rx_task) root DEBUG btp.py                    736   event_handler             : Header(svc_id=1, op=129, ctrl_index=0, data_len=26) (b'\xe0N\xe4\x08\xdc\x1b\x00\xd1\x03\x0f\x00\x0e\tPTS-GAP-E44E\x00',)
2026-09-23 23:29:49,377 BTPWorkerThread-10968 (_rx_task) root DEBUG gap.py                    193   gap_device_found_ev_      : b'\xe0N\xe4\x08\xdc\x1b\x00\xd1\x03\x0f\x00\x0e\tPTS-GAP-E44E\x00'
2026-09-23 23:29:49,377 BTPWorkerThread-10968 (_rx_task) root DEBUG gap.py                    207   gap_device_found_ev_      : found '001bdc08e44e' type 224 eir b'\x0e\tPTS-GAP-E44E\x00'
2026-09-23 23:29:49,571 BTPWorkerThread-10968 (_rx_task) root DEBUG iutctl_common.py          123   read                      : Read 5 bytes
2026-09-23 23:29:49,571 BTPWorkerThread-10968 (_rx_task) root DEBUG iutctl_common.py          131   read                      : Received: hdr: Header(svc_id=0x01, op=0x81, ctrl_index=0x00, data_len=0x26) bytearray(b'\x01\x81\x00&\x00')
2026-09-23 23:29:49,571 BTPWorkerThread-10968 (_rx_task) root DEBUG iutctl_common.py          139   read                      : Read 38 bytes data
2026-09-23 23:29:49,572 BTPWorkerThread-10968 (_rx_task) root DEBUG iutctl_common.py          154   read                      : Received data: {'e0 53 00 4c 17 e5 44 b2 03 1b 00 09 09 4e 58 4c 36 36 35 32 38 02 0a 0c 0d 03 0c 11 0a 11 0b 11 0e 11 1f 11 1e 11'}, bytearray(b'\xe0S\x00L\x17\xe5D\xb2\x03\x1b\x00\t\tNXL66528\x02\n\x0c\r\x03\x0c\x11\n\x11\x0b\x11\x0e\x11\x1f\x11\x1e\x11')
2026-09-23 23:29:49,572 BTPWorkerThread-10968 (_rx_task) root DEBUG btp.py                    736   event_handler             : Header(svc_id=1, op=129, ctrl_index=0, data_len=38) (b'\xe0S\x00L\x17\xe5D\xb2\x03\x1b\x00\t\tNXL66528\x02\n\x0c\r\x03\x0c\x11\n\x11\x0b\x11\x0e\x11\x1f\x11\x1e\x11',)
2026-09-23 23:29:49,572 BTPWorkerThread-10968 (_rx_task) root DEBUG gap.py                    193   gap_device_found_ev_      : b'\xe0S\x00L\x17\xe5D\xb2\x03\x1b\x00\t\tNXL66528\x02\n\x0c\r\x03\x0c\x11\n\x11\x0b\x11\x0e\x11\x1f\x11\x1e\x11'
2026-09-23 23:29:49,572 BTPWorkerThread-10968 (_rx_task) root DEBUG gap.py                    207   gap_device_found_ev_      : found '44e5174c0053' type 224 eir b'\t\tNXL66528\x02\n\x0c\r\x03\x0c\x11\n\x11\x0b\x11\x0e\x11\x1f\x11\x1e\x11'
2026-09-23 23:29:49,604 BTPWorkerThread-10968 (_rx_task) root DEBUG iutctl_common.py          123   read                      : Read 5 bytes
2026-09-23 23:29:49,604 BTPWorkerThread-10968 (_rx_task) root DEBUG iutctl_common.py          131   read                      : Received: hdr: Header(svc_id=0x01, op=0x81, ctrl_index=0x00, data_len=0x1a) bytearray(b'\x01\x81\x00\x1a\x00')
2026-09-23 23:29:49,604 BTPWorkerThread-10968 (_rx_task) root DEBUG iutctl_common.py          139   read                      : Read 26 bytes data
2026-09-23 23:29:49,605 BTPWorkerThread-10968 (_rx_task) root DEBUG iutctl_common.py          154   read                      : Received data: {'e0 4e e4 08 dc 1b 00 d3 03 0f 00 0e 09 50 54 53 2d 47 41 50 2d 45 34 34 45 00'}, bytearray(b'\xe0N\xe4\x08\xdc\x1b\x00\xd3\x03\x0f\x00\x0e\tPTS-GAP-E44E\x00')
2026-09-23 23:29:49,605 BTPWorkerThread-10968 (_rx_task) root DEBUG btp.py                    736   event_handler             : Header(svc_id=1, op=129, ctrl_index=0, data_len=26) (b'\xe0N\xe4\x08\xdc\x1b\x00\xd3\x03\x0f\x00\x0e\tPTS-GAP-E44E\x00',)
2026-09-23 23:29:49,605 BTPWorkerThread-10968 (_rx_task) root DEBUG gap.py                    193   gap_device_found_ev_      : b'\xe0N\xe4\x08\xdc\x1b\x00\xd3\x03\x0f\x00\x0e\tPTS-GAP-E44E\x00'
2026-09-23 23:29:49,605 BTPWorkerThread-10968 (_rx_task) root DEBUG gap.py                    207   gap_device_found_ev_      : found '001bdc08e44e' type 224 eir b'\x0e\tPTS-GAP-E44E\x00'
2026-09-23 23:29:49,831 BTPWorkerThread-10968 (_rx_task) root DEBUG iutctl_common.py          123   read                      : Read 5 bytes
2026-09-23 23:29:49,831 BTPWorkerThread-10968 (_rx_task) root DEBUG iutctl_common.py          131   read                      : Received: hdr: Header(svc_id=0x01, op=0x81, ctrl_index=0x00, data_len=0x2a) bytearray(b'\x01\x81\x00*\x00')
2026-09-23 23:29:49,832 BTPWorkerThread-10968 (_rx_task) root DEBUG iutctl_common.py          139   read                      : Read 42 bytes data
2026-09-23 23:29:49,832 BTPWorkerThread-10968 (_rx_task) root DEBUG iutctl_common.py          154   read                      : Received data: {'e0 4d 65 9b 70 f3 5c a1 03 1f 00 1e 09 48 46 50 20 41 47 20 44 65 6d 6f 20 35 43 3a 46 33 3a 37 30 3a 39 42 3a 36 35 3a 34 44'}, bytearray(b'\xe0Me\x9bp\xf3\\\xa1\x03\x1f\x00\x1e\tHFP AG Demo 5C:F3:70:9B:65:4D')
2026-09-23 23:29:49,832 BTPWorkerThread-10968 (_rx_task) root DEBUG btp.py                    736   event_handler             : Header(svc_id=1, op=129, ctrl_index=0, data_len=42) (b'\xe0Me\x9bp\xf3\\\xa1\x03\x1f\x00\x1e\tHFP AG Demo 5C:F3:70:9B:65:4D',)
2026-09-23 23:29:49,832 BTPWorkerThread-10968 (_rx_task) root DEBUG gap.py                    193   gap_device_found_ev_      : b'\xe0Me\x9bp\xf3\\\xa1\x03\x1f\x00\x1e\tHFP AG Demo 5C:F3:70:9B:65:4D'
2026-09-23 23:29:49,832 BTPWorkerThread-10968 (_rx_task) root DEBUG gap.py                    207   gap_device_found_ev_      : found '5cf3709b654d' type 224 eir b'\x1e\tHFP AG Demo 5C:F3:70:9B:65:4D'
2026-09-23 23:29:49,874 BTPWorkerThread-10968 (_rx_task) root DEBUG iutctl_common.py          123   read                      : Read 5 bytes
2026-09-23 23:29:49,874 BTPWorkerThread-10968 (_rx_task) root DEBUG iutctl_common.py          131   read                      : Received: hdr: Header(svc_id=0x01, op=0x81, ctrl_index=0x00, data_len=0x1a) bytearray(b'\x01\x81\x00\x1a\x00')
2026-09-23 23:29:49,875 BTPWorkerThread-10968 (_rx_task) root DEBUG iutctl_common.py          139   read                      : Read 26 bytes data
2026-09-23 23:29:49,875 BTPWorkerThread-10968 (_rx_task) root DEBUG iutctl_common.py          154   read                      : Received data: {'e0 4e e4 08 dc 1b 00 d4 03 0f 00 0e 09 50 54 53 2d 47 41 50 2d 45 34 34 45 00'}, bytearray(b'\xe0N\xe4\x08\xdc\x1b\x00\xd4\x03\x0f\x00\x0e\tPTS-GAP-E44E\x00')
2026-09-23 23:29:49,875 BTPWorkerThread-10968 (_rx_task) root DEBUG btp.py                    736   event_handler             : Header(svc_id=1, op=129, ctrl_index=0, data_len=26) (b'\xe0N\xe4\x08\xdc\x1b\x00\xd4\x03\x0f\x00\x0e\tPTS-GAP-E44E\x00',)
2026-09-23 23:29:49,875 BTPWorkerThread-10968 (_rx_task) root DEBUG gap.py                    193   gap_device_found_ev_      : b'\xe0N\xe4\x08\xdc\x1b\x00\xd4\x03\x0f\x00\x0e\tPTS-GAP-E44E\x00'
2026-09-23 23:29:49,875 BTPWorkerThread-10968 (_rx_task) root DEBUG gap.py                    207   gap_device_found_ev_      : found '001bdc08e44e' type 224 eir b'\x0e\tPTS-GAP-E44E\x00'
2026-09-23 23:29:49,896 BTPWorkerThread-10968 (_rx_task) root DEBUG iutctl_common.py          123   read                      : Read 5 bytes
2026-09-23 23:29:49,897 BTPWorkerThread-10968 (_rx_task) root DEBUG iutctl_common.py          131   read                      : Received: hdr: Header(svc_id=0x01, op=0x81, ctrl_index=0x00, data_len=0x26) bytearray(b'\x01\x81\x00&\x00')
2026-09-23 23:29:49,897 BTPWorkerThread-10968 (_rx_task) root DEBUG iutctl_common.py          139   read                      : Read 38 bytes data
2026-09-23 23:29:49,897 BTPWorkerThread-10968 (_rx_task) root DEBUG iutctl_common.py          154   read                      : Received data: {'e0 53 00 4c 17 e5 44 b2 03 1b 00 09 09 4e 58 4c 36 36 35 32 38 02 0a 0c 0d 03 0c 11 0a 11 0b 11 0e 11 1f 11 1e 11'}, bytearray(b'\xe0S\x00L\x17\xe5D\xb2\x03\x1b\x00\t\tNXL66528\x02\n\x0c\r\x03\x0c\x11\n\x11\x0b\x11\x0e\x11\x1f\x11\x1e\x11')
2026-09-23 23:29:49,897 BTPWorkerThread-10968 (_rx_task) root DEBUG btp.py                    736   event_handler             : Header(svc_id=1, op=129, ctrl_index=0, data_len=38) (b'\xe0S\x00L\x17\xe5D\xb2\x03\x1b\x00\t\tNXL66528\x02\n\x0c\r\x03\x0c\x11\n\x11\x0b\x11\x0e\x11\x1f\x11\x1e\x11',)
2026-09-23 23:29:49,897 BTPWorkerThread-10968 (_rx_task) root DEBUG gap.py                    193   gap_device_found_ev_      : b'\xe0S\x00L\x17\xe5D\xb2\x03\x1b\x00\t\tNXL66528\x02\n\x0c\r\x03\x0c\x11\n\x11\x0b\x11\x0e\x11\x1f\x11\x1e\x11'
2026-09-23 23:29:49,897 BTPWorkerThread-10968 (_rx_task) root DEBUG gap.py                    207   gap_device_found_ev_      : found '44e5174c0053' type 224 eir b'\t\tNXL66528\x02\n\x0c\r\x03\x0c\x11\n\x11\x0b\x11\x0e\x11\x1f\x11\x1e\x11'
2026-09-23 23:29:50,219 BTPWorkerThread-10968 (_rx_task) root DEBUG iutctl_common.py          123   read                      : Read 5 bytes
2026-09-23 23:29:50,219 BTPWorkerThread-10968 (_rx_task) root DEBUG iutctl_common.py          131   read                      : Received: hdr: Header(svc_id=0x01, op=0x81, ctrl_index=0x00, data_len=0x2a) bytearray(b'\x01\x81\x00*\x00')
2026-09-23 23:29:50,219 BTPWorkerThread-10968 (_rx_task) root DEBUG iutctl_common.py          139   read                      : Read 42 bytes data
2026-09-23 23:29:50,220 BTPWorkerThread-10968 (_rx_task) root DEBUG iutctl_common.py          154   read                      : Received data: {'e0 4d 65 9b 70 f3 5c a4 03 1f 00 1e 09 48 46 50 20 41 47 20 44 65 6d 6f 20 35 43 3a 46 33 3a 37 30 3a 39 42 3a 36 35 3a 34 44'}, bytearray(b'\xe0Me\x9bp\xf3\\\xa4\x03\x1f\x00\x1e\tHFP AG Demo 5C:F3:70:9B:65:4D')
2026-09-23 23:29:50,220 BTPWorkerThread-10968 (_rx_task) root DEBUG btp.py                    736   event_handler             : Header(svc_id=1, op=129, ctrl_index=0, data_len=42) (b'\xe0Me\x9bp\xf3\\\xa4\x03\x1f\x00\x1e\tHFP AG Demo 5C:F3:70:9B:65:4D',)
2026-09-23 23:29:50,220 BTPWorkerThread-10968 (_rx_task) root DEBUG gap.py                    193   gap_device_found_ev_      : b'\xe0Me\x9bp\xf3\\\xa4\x03\x1f\x00\x1e\tHFP AG Demo 5C:F3:70:9B:65:4D'
2026-09-23 23:29:50,220 BTPWorkerThread-10968 (_rx_task) root DEBUG gap.py                    207   gap_device_found_ev_      : found '5cf3709b654d' type 224 eir b'\x1e\tHFP AG Demo 5C:F3:70:9B:65:4D'
2026-09-23 23:29:50,392 BTPWorkerThread-10968 (_rx_task) root DEBUG iutctl_common.py          123   read                      : Read 5 bytes
2026-09-23 23:29:50,392 BTPWorkerThread-10968 (_rx_task) root DEBUG iutctl_common.py          131   read                      : Received: hdr: Header(svc_id=0x01, op=0x81, ctrl_index=0x00, data_len=0x1a) bytearray(b'\x01\x81\x00\x1a\x00')
2026-09-23 23:29:50,393 BTPWorkerThread-10968 (_rx_task) root DEBUG iutctl_common.py          139   read                      : Read 26 bytes data
2026-09-23 23:29:50,393 BTPWorkerThread-10968 (_rx_task) root DEBUG iutctl_common.py          154   read                      : Received data: {'e0 4e e4 08 dc 1b 00 d2 03 0f 00 0e 09 50 54 53 2d 47 41 50 2d 45 34 34 45 00'}, bytearray(b'\xe0N\xe4\x08\xdc\x1b\x00\xd2\x03\x0f\x00\x0e\tPTS-GAP-E44E\x00')
2026-09-23 23:29:50,393 BTPWorkerThread-10968 (_rx_task) root DEBUG btp.py                    736   event_handler             : Header(svc_id=1, op=129, ctrl_index=0, data_len=26) (b'\xe0N\xe4\x08\xdc\x1b\x00\xd2\x03\x0f\x00\x0e\tPTS-GAP-E44E\x00',)
2026-09-23 23:29:50,393 BTPWorkerThread-10968 (_rx_task) root DEBUG gap.py                    193   gap_device_found_ev_      : b'\xe0N\xe4\x08\xdc\x1b\x00\xd2\x03\x0f\x00\x0e\tPTS-GAP-E44E\x00'
2026-09-23 23:29:50,393 BTPWorkerThread-10968 (_rx_task) root DEBUG gap.py                    207   gap_device_found_ev_      : found '001bdc08e44e' type 224 eir b'\x0e\tPTS-GAP-E44E\x00'
2026-09-23 23:29:50,636 BTPWorkerThread-10968 (_rx_task) root DEBUG iutctl_common.py          123   read                      : Read 5 bytes
2026-09-23 23:29:50,636 BTPWorkerThread-10968 (_rx_task) root DEBUG iutctl_common.py          131   read                      : Received: hdr: Header(svc_id=0x01, op=0x81, ctrl_index=0x00, data_len=0x26) bytearray(b'\x01\x81\x00&\x00')
2026-09-23 23:29:50,637 BTPWorkerThread-10968 (_rx_task) root DEBUG iutctl_common.py          139   read                      : Read 38 bytes data
2026-09-23 23:29:50,637 BTPWorkerThread-10968 (_rx_task) root DEBUG iutctl_common.py          154   read                      : Received data: {'e0 53 00 4c 17 e5 44 af 03 1b 00 09 09 4e 58 4c 36 36 35 32 38 02 0a 0c 0d 03 0c 11 0a 11 0b 11 0e 11 1f 11 1e 11'}, bytearray(b'\xe0S\x00L\x17\xe5D\xaf\x03\x1b\x00\t\tNXL66528\x02\n\x0c\r\x03\x0c\x11\n\x11\x0b\x11\x0e\x11\x1f\x11\x1e\x11')
2026-09-23 23:29:50,637 BTPWorkerThread-10968 (_rx_task) root DEBUG btp.py                    736   event_handler             : Header(svc_id=1, op=129, ctrl_index=0, data_len=38) (b'\xe0S\x00L\x17\xe5D\xaf\x03\x1b\x00\t\tNXL66528\x02\n\x0c\r\x03\x0c\x11\n\x11\x0b\x11\x0e\x11\x1f\x11\x1e\x11',)
2026-09-23 23:29:50,637 BTPWorkerThread-10968 (_rx_task) root DEBUG gap.py                    193   gap_device_found_ev_      : b'\xe0S\x00L\x17\xe5D\xaf\x03\x1b\x00\t\tNXL66528\x02\n\x0c\r\x03\x0c\x11\n\x11\x0b\x11\x0e\x11\x1f\x11\x1e\x11'
2026-09-23 23:29:50,637 BTPWorkerThread-10968 (_rx_task) root DEBUG gap.py                    207   gap_device_found_ev_      : found '44e5174c0053' type 224 eir b'\t\tNXL66528\x02\n\x0c\r\x03\x0c\x11\n\x11\x0b\x11\x0e\x11\x1f\x11\x1e\x11'
2026-09-23 23:29:50,811 BTPWorkerThread-10968 (_rx_task) root DEBUG iutctl_common.py          123   read                      : Read 5 bytes
2026-09-23 23:29:50,811 BTPWorkerThread-10968 (_rx_task) root DEBUG iutctl_common.py          131   read                      : Received: hdr: Header(svc_id=0x01, op=0x81, ctrl_index=0x00, data_len=0x0b) bytearray(b'\x01\x81\x00\x0b\x00')
2026-09-23 23:29:50,812 BTPWorkerThread-10968 (_rx_task) root DEBUG iutctl_common.py          139   read                      : Read 11 bytes data
2026-09-23 23:29:50,812 BTPWorkerThread-10968 (_rx_task) root DEBUG iutctl_common.py          154   read                      : Received data: {'e0 4d 65 9b 70 f3 5c a3 03 00 00'}, bytearray(b'\xe0Me\x9bp\xf3\\\xa3\x03\x00\x00')
2026-09-23 23:29:50,812 BTPWorkerThread-10968 (_rx_task) root DEBUG btp.py                    736   event_handler             : Header(svc_id=1, op=129, ctrl_index=0, data_len=11) (b'\xe0Me\x9bp\xf3\\\xa3\x03\x00\x00',)
2026-09-23 23:29:50,812 BTPWorkerThread-10968 (_rx_task) root DEBUG gap.py                    193   gap_device_found_ev_      : b'\xe0Me\x9bp\xf3\\\xa3\x03\x00\x00'
2026-09-23 23:29:50,812 BTPWorkerThread-10968 (_rx_task) root DEBUG gap.py                    207   gap_device_found_ev_      : found '5cf3709b654d' type 224 eir b''
2026-09-23 23:29:50,822 BTPWorkerThread-10968 (_rx_task) root DEBUG iutctl_common.py          123   read                      : Read 5 bytes
2026-09-23 23:29:50,823 BTPWorkerThread-10968 (_rx_task) root DEBUG iutctl_common.py          131   read                      : Received: hdr: Header(svc_id=0x01, op=0x81, ctrl_index=0x00, data_len=0x1a) bytearray(b'\x01\x81\x00\x1a\x00')
2026-09-23 23:29:50,823 BTPWorkerThread-10968 (_rx_task) root DEBUG iutctl_common.py          139   read                      : Read 26 bytes data
2026-09-23 23:29:50,823 BTPWorkerThread-10968 (_rx_task) root DEBUG iutctl_common.py          154   read                      : Received data: {'e0 4e e4 08 dc 1b 00 d0 03 0f 00 0e 09 50 54 53 2d 47 41 50 2d 45 34 34 45 00'}, bytearray(b'\xe0N\xe4\x08\xdc\x1b\x00\xd0\x03\x0f\x00\x0e\tPTS-GAP-E44E\x00')
2026-09-23 23:29:50,823 BTPWorkerThread-10968 (_rx_task) root DEBUG btp.py                    736   event_handler             : Header(svc_id=1, op=129, ctrl_index=0, data_len=26) (b'\xe0N\xe4\x08\xdc\x1b\x00\xd0\x03\x0f\x00\x0e\tPTS-GAP-E44E\x00',)
2026-09-23 23:29:50,825 BTPWorkerThread-10968 (_rx_task) root DEBUG gap.py                    193   gap_device_found_ev_      : b'\xe0N\xe4\x08\xdc\x1b\x00\xd0\x03\x0f\x00\x0e\tPTS-GAP-E44E\x00'
2026-09-23 23:29:50,825 BTPWorkerThread-10968 (_rx_task) root DEBUG gap.py                    207   gap_device_found_ev_      : found '001bdc08e44e' type 224 eir b'\x0e\tPTS-GAP-E44E\x00'
2026-09-23 23:29:50,825 LT1-thread root DEBUG gap.py                    1150  gap_stop_discovery        : 
2026-09-23 23:29:50,825 LT1-thread root DEBUG iutctl_common.py          161   send                      : 1 13 0 ''
2026-09-23 23:29:50,826 LT1-thread root DEBUG iutctl_common.py          166   send                      : sending frame '010d000000'
2026-09-23 23:29:50,826 LT1-thread root DEBUG gap.py                    1229  gap_command_rsp_succ      : 
2026-09-23 23:29:50,826 LT1-thread root DEBUG iutctl_common.py          339   read                      : 
2026-09-23 23:29:50,862 BTPWorkerThread-10968 (_rx_task) root DEBUG iutctl_common.py          123   read                      : Read 5 bytes
2026-09-23 23:29:50,873 BTPWorkerThread-10968 (_rx_task) root DEBUG iutctl_common.py          131   read                      : Received: hdr: Header(svc_id=0x01, op=0x0d, ctrl_index=0x00, data_len=0x00) bytearray(b'\x01\r\x00\x00\x00')
2026-09-23 23:29:50,884 BTPWorkerThread-10968 (_rx_task) root DEBUG iutctl_common.py          154   read                      : Received data: {''}, bytearray(b'')
2026-09-23 23:29:50,884 LT1-thread root DEBUG gap.py                    1234  gap_command_rsp_succ      : received Header(svc_id=1, op=13, ctrl_index=0, data_len=0) (b'',)
2026-09-23 23:29:50,884 LT1-thread root DEBUG gap.py                    1510  check_discovery_results   : 224 '001bdc08e44e' True None
2026-09-23 23:29:50,884 LT1-thread root DEBUG gap.py                    1519  check_discovery_results   : matching LeAdv(addr_type=224, addr='001bdc068395', rssi=171, flags=3, eir=b'\x1e\tHFP AG Demo 00:1B:DC:06:83:95')
2026-09-23 23:29:50,884 LT1-thread root DEBUG gap.py                    1519  check_discovery_results   : matching LeAdv(addr_type=224, addr='001bdc08e44e', rssi=208, flags=3, eir=b'\x0e\tPTS-GAP-E44E\x00')
2026-09-23 23:29:50,885 LT1-thread root DEBUG gap.py                    762   gap_connect               : None 224
2026-09-23 23:29:50,885 LT1-thread root DEBUG iutctl_common.py          161   send                      : 1 14 0 "bytearray(b'\\xe0N\\xe4\\x08\\xdc\\x1b\\x00\\x00')"
2026-09-23 23:29:50,885 LT1-thread root DEBUG iutctl_common.py          166   send                      : sending frame '010e000800e04ee408dc1b0000'
2026-09-23 23:29:50,885 LT1-thread root DEBUG iutctl_common.py          339   read                      : 
2026-09-23 23:29:50,922 BTPWorkerThread-10968 (_rx_task) root DEBUG iutctl_common.py          123   read                      : Read 5 bytes
2026-09-23 23:29:50,928 BTPWorkerThread-10968 (_rx_task) root DEBUG iutctl_common.py          131   read                      : Received: hdr: Header(svc_id=0x01, op=0x0e, ctrl_index=0x00, data_len=0x00) bytearray(b'\x01\x0e\x00\x00\x00')
2026-09-23 23:29:50,928 BTPWorkerThread-10968 (_rx_task) root DEBUG iutctl_common.py          154   read                      : Received data: {''}, bytearray(b'')
2026-09-23 23:29:53,664 BTPWorkerThread-10968 (_rx_task) root DEBUG iutctl_common.py          123   read                      : Read 5 bytes
2026-09-23 23:29:53,664 BTPWorkerThread-10968 (_rx_task) root DEBUG iutctl_common.py          131   read                      : Received: hdr: Header(svc_id=0x01, op=0x82, ctrl_index=0x00, data_len=0x0d) bytearray(b'\x01\x82\x00\r\x00')
2026-09-23 23:29:53,664 BTPWorkerThread-10968 (_rx_task) root DEBUG iutctl_common.py          139   read                      : Read 3 bytes data
2026-09-23 23:29:53,675 BTPWorkerThread-10968 (_rx_task) root DEBUG iutctl_common.py          139   read                      : Read 10 bytes data
2026-09-23 23:29:53,675 BTPWorkerThread-10968 (_rx_task) root DEBUG iutctl_common.py          154   read                      : Received data: {'e0 4e e4 08 dc 1b 00 00 00 00 00 00 00'}, bytearray(b'\xe0N\xe4\x08\xdc\x1b\x00\x00\x00\x00\x00\x00\x00')
2026-09-23 23:29:53,676 BTPWorkerThread-10968 (_rx_task) root DEBUG btp.py                    736   event_handler             : Header(svc_id=1, op=130, ctrl_index=0, data_len=13) (b'\xe0N\xe4\x08\xdc\x1b\x00\x00\x00\x00\x00\x00\x00',)
2026-09-23 23:29:53,676 BTPWorkerThread-10968 (_rx_task) root DEBUG gap.py                    215   gap_connected_ev_         : b'\xe0N\xe4\x08\xdc\x1b\x00\x00\x00\x00\x00\x00\x00'
2026-09-23 23:29:53,742 LT1-thread root DEBUG gap.py                    873   gap_pair                  : None 224
2026-09-23 23:29:53,742 LT1-thread root DEBUG iutctl_common.py          161   send                      : 1 17 0 "bytearray(b'\\xe0N\\xe4\\x08\\xdc\\x1b\\x00')"
2026-09-23 23:29:53,743 LT1-thread root DEBUG iutctl_common.py          166   send                      : sending frame '0111000700e04ee408dc1b00'
2026-09-23 23:29:53,743 LT1-thread root DEBUG gap.py                    1229  gap_command_rsp_succ      : 
2026-09-23 23:29:53,743 LT1-thread root DEBUG iutctl_common.py          339   read                      : 
2026-09-23 23:29:53,778 BTPWorkerThread-10968 (_rx_task) root DEBUG iutctl_common.py          123   read                      : Read 5 bytes
2026-09-23 23:29:53,783 BTPWorkerThread-10968 (_rx_task) root DEBUG iutctl_common.py          131   read                      : Received: hdr: Header(svc_id=0x01, op=0x11, ctrl_index=0x00, data_len=0x00) bytearray(b'\x01\x11\x00\x00\x00')
2026-09-23 23:29:53,789 BTPWorkerThread-10968 (_rx_task) root DEBUG iutctl_common.py          154   read                      : Received data: {''}, bytearray(b'')
2026-09-23 23:29:53,800 BTPWorkerThread-10968 (_rx_task) root DEBUG iutctl_common.py          123   read                      : Read 5 bytes
2026-09-23 23:29:53,800 LT1-thread root DEBUG gap.py                    1234  gap_command_rsp_succ      : received Header(svc_id=1, op=17, ctrl_index=0, data_len=0) (b'',)
2026-09-23 23:29:53,800 LT1-thread root DEBUG testcase.py               722   run_wid                   : Sending response 'OK' to wid 102 test case GAP/SEC/SEM/BI-05-C
2026-09-23 23:29:53,800 BTPWorkerThread-10968 (_rx_task) root DEBUG iutctl_common.py          131   read                      : Received: hdr: Header(svc_id=0x01, op=0x91, ctrl_index=0x00, data_len=0x09) bytearray(b'\x01\x91\x00\t\x00')
2026-09-23 23:29:53,801 BTPWorkerThread-10968 (_rx_task) root DEBUG iutctl_common.py          139   read                      : Read 9 bytes data
2026-09-23 23:29:53,801 BTPWorkerThread-10968 (_rx_task) root DEBUG iutctl_common.py          154   read                      : Received data: {'e0 4e e4 08 dc 1b 00 00 00'}, bytearray(b'\xe0N\xe4\x08\xdc\x1b\x00\x00\x00')
2026-09-23 23:29:53,801 BTPWorkerThread-10968 (_rx_task) root DEBUG btp.py                    736   event_handler             : Header(svc_id=1, op=145, ctrl_index=0, data_len=9) (b'\xe0N\xe4\x08\xdc\x1b\x00\x00\x00',)
2026-09-23 23:29:53,801 BTPWorkerThread-10968 (_rx_task) root DEBUG gap.py                    494   gap_encryption_change_ev_ : 
2026-09-23 23:29:53,801 BTPWorkerThread-10968 (_rx_task) root DEBUG gap.py                    496   gap_encryption_change_ev_ : enc change received b'\xe0N\xe4\x08\xdc\x1b\x00\x00\x00'
2026-09-23 23:29:53,801 BTPWorkerThread-10968 (_rx_task) root DEBUG gap.py                    505   gap_encryption_change_ev_ : received (224, '001bdc08e44e', 0, 0)
2026-09-23 23:29:53,802 LT1-thread root DEBUG client.py                 276   get_result                : ClientCallback.get_result run_test_case
2026-09-23 23:29:53,804 LT1-callback ClientCallback.on_implicit_send INFO client.py                 223   on_implicit_send          : 
    ********************
    BEGIN OnImplicitSend:
    project_name: GAP
    wid: 222
    test_case_name: GAP/SEC/SEM/BI-05-C
    description: Please initiate a BR/EDR security authentication and pairing with interaction of HCI commands.

Press OK to continue.
    style: MMI_Style_Ok 0x11040
2026-09-23 23:29:53,805 LT1-callback ClientCallback.on_implicit_send INFO client.py                 236   on_implicit_send          : Calling test cases on_implicit_send
2026-09-23 23:29:53,805 LT1-callback ClientCallback.on_implicit_send INFO client.py                 249   on_implicit_send          : 
    on_implicit_send returned response: WAIT
    END OnImplicitSend
    ********************
2026-09-23 23:29:54,803 LT1-thread root DEBUG testcase.py               679   run_wid                   : GAP GAP/SEC/SEM/BI-05-C on_implicit_send
2026-09-23 23:29:54,803 LT1-thread root DEBUG gap_wid.py                26    gap_wid_hdl               : gap_wid_hdl, 222, Please initiate a BR/EDR security authentication and pairing with interaction of HCI commands.

Press OK to continue., GAP/SEC/SEM/BI-05-C
2026-09-23 23:29:54,803 LT1-thread root DEBUG testcase.py               722   run_wid                   : Sending response 'Ok' to wid 222 test case GAP/SEC/SEM/BI-05-C
2026-09-23 23:29:54,805 LT1-thread root DEBUG client.py                 276   get_result                : ClientCallback.get_result run_test_case
2026-09-23 23:29:58,879 BTPWorkerThread-10968 (_rx_task) root DEBUG iutctl_common.py          123   read                      : Read 5 bytes
2026-09-23 23:29:58,882 BTPWorkerThread-10968 (_rx_task) root DEBUG iutctl_common.py          131   read                      : Received: hdr: Header(svc_id=0x01, op=0x83, ctrl_index=0x00, data_len=0x07) bytearray(b'\x01\x83\x00\x07\x00')
2026-09-23 23:29:58,882 BTPWorkerThread-10968 (_rx_task) root DEBUG iutctl_common.py          139   read                      : Read 7 bytes data
2026-09-23 23:29:58,882 BTPWorkerThread-10968 (_rx_task) root DEBUG iutctl_common.py          154   read                      : Received data: {'e0 4e e4 08 dc 1b 00'}, bytearray(b'\xe0N\xe4\x08\xdc\x1b\x00')
2026-09-23 23:29:58,883 BTPWorkerThread-10968 (_rx_task) root DEBUG btp.py                    736   event_handler             : Header(svc_id=1, op=131, ctrl_index=0, data_len=7) (b'\xe0N\xe4\x08\xdc\x1b\x00',)
2026-09-23 23:29:58,883 BTPWorkerThread-10968 (_rx_task) root DEBUG gap.py                    228   gap_disconnected_ev_      : b'\xe0N\xe4\x08\xdc\x1b\x00'
2026-09-23 23:29:59,315 LT1-callback ClientCallback.on_implicit_send INFO client.py                 223   on_implicit_send          : 
    ********************
    BEGIN OnImplicitSend:
    project_name: GAP
    wid: 266
    test_case_name: GAP/SEC/SEM/BI-05-C
    description: Please confirm that the IUT signals to the Upper Tester that the channel establishment failure after link encryption.

Click 'Yes' If there is channel establishment failure otherwise click 'No'.
    style: MMI_Style_Yes_No1 0x11044
2026-09-23 23:29:59,316 LT1-callback ClientCallback.on_implicit_send INFO client.py                 236   on_implicit_send          : Calling test cases on_implicit_send
2026-09-23 23:29:59,316 LT1-callback ClientCallback.on_implicit_send INFO client.py                 249   on_implicit_send          : 
    on_implicit_send returned response: WAIT
    END OnImplicitSend
    ********************
2026-09-23 23:29:59,809 LT1-thread root DEBUG testcase.py               679   run_wid                   : GAP GAP/SEC/SEM/BI-05-C on_implicit_send
2026-09-23 23:29:59,809 LT1-thread root DEBUG gap_wid.py                26    gap_wid_hdl               : gap_wid_hdl, 266, Please confirm that the IUT signals to the Upper Tester that the channel establishment failure after link encryption.

Click 'Yes' If there is channel establishment failure otherwise click 'No'., GAP/SEC/SEM/BI-05-C
2026-09-23 23:29:59,809 LT1-thread root DEBUG testcase.py               722   run_wid                   : Sending response 'Yes' to wid 266 test case GAP/SEC/SEM/BI-05-C
2026-09-23 23:29:59,811 LT1-thread root DEBUG client.py                 276   get_result                : ClientCallback.get_result run_test_case
2026-09-23 23:29:59,821 LT1-callback ClientCallback.on_implicit_send INFO client.py                 223   on_implicit_send          : 
    ********************
    BEGIN OnImplicitSend:
    project_name: GAP
    wid: 102
    test_case_name: GAP/SEC/SEM/BI-05-C
    description: Please send an HCI connect request to establish a basic rate connection after the IUT discovers the Lower Tester over BR and LE.
    style: MMI_Style_Ok_Cancel2 0x11141
2026-09-23 23:29:59,821 LT1-callback ClientCallback.on_implicit_send INFO client.py                 236   on_implicit_send          : Calling test cases on_implicit_send
2026-09-23 23:29:59,821 LT1-callback ClientCallback.on_implicit_send INFO client.py                 249   on_implicit_send          : 
    on_implicit_send returned response: WAIT
    END OnImplicitSend
    ********************
2026-09-23 23:30:00,812 LT1-thread root DEBUG testcase.py               679   run_wid                   : GAP GAP/SEC/SEM/BI-05-C on_implicit_send
2026-09-23 23:30:00,812 LT1-thread root DEBUG gap_wid.py                26    gap_wid_hdl               : gap_wid_hdl, 102, Please send an HCI connect request to establish a basic rate connection after the IUT discovers the Lower Tester over BR and LE., GAP/SEC/SEM/BI-05-C
2026-09-23 23:30:00,812 LT1-thread root DEBUG gap.py                    1122  gap_start_discovery       : 
2026-09-23 23:30:00,812 LT1-thread root DEBUG iutctl_common.py          161   send                      : 1 12 0 '\x02'
2026-09-23 23:30:00,812 LT1-thread root DEBUG iutctl_common.py          166   send                      : sending frame '010c00010002'
2026-09-23 23:30:00,813 LT1-thread root DEBUG gap.py                    1229  gap_command_rsp_succ      : 
2026-09-23 23:30:00,813 LT1-thread root DEBUG iutctl_common.py          339   read                      : 
2026-09-23 23:30:00,848 BTPWorkerThread-10968 (_rx_task) root DEBUG iutctl_common.py          123   read                      : Read 5 bytes
2026-09-23 23:30:00,859 BTPWorkerThread-10968 (_rx_task) root DEBUG iutctl_common.py          131   read                      : Received: hdr: Header(svc_id=0x01, op=0x0c, ctrl_index=0x00, data_len=0x00) bytearray(b'\x01\x0c\x00\x00\x00')
2026-09-23 23:30:00,865 BTPWorkerThread-10968 (_rx_task) root DEBUG iutctl_common.py          154   read                      : Received data: {''}, bytearray(b'')
2026-09-23 23:30:00,871 LT1-thread root DEBUG gap.py                    1234  gap_command_rsp_succ      : received Header(svc_id=1, op=12, ctrl_index=0, data_len=0) (b'',)
2026-09-23 23:30:01,281 BTPWorkerThread-10968 (_rx_task) root DEBUG iutctl_common.py          123   read                      : Read 5 bytes
2026-09-23 23:30:01,281 BTPWorkerThread-10968 (_rx_task) root DEBUG iutctl_common.py          131   read                      : Received: hdr: Header(svc_id=0x01, op=0x81, ctrl_index=0x00, data_len=0x26) bytearray(b'\x01\x81\x00&\x00')
2026-09-23 23:30:01,282 BTPWorkerThread-10968 (_rx_task) root DEBUG iutctl_common.py          139   read                      : Read 38 bytes data
2026-09-23 23:30:01,282 BTPWorkerThread-10968 (_rx_task) root DEBUG iutctl_common.py          154   read                      : Received data: {'e0 53 00 4c 17 e5 44 b2 03 1b 00 09 09 4e 58 4c 36 36 35 32 38 02 0a 0c 0d 03 0c 11 0a 11 0b 11 0e 11 1f 11 1e 11'}, bytearray(b'\xe0S\x00L\x17\xe5D\xb2\x03\x1b\x00\t\tNXL66528\x02\n\x0c\r\x03\x0c\x11\n\x11\x0b\x11\x0e\x11\x1f\x11\x1e\x11')
2026-09-23 23:30:01,282 BTPWorkerThread-10968 (_rx_task) root DEBUG btp.py                    736   event_handler             : Header(svc_id=1, op=129, ctrl_index=0, data_len=38) (b'\xe0S\x00L\x17\xe5D\xb2\x03\x1b\x00\t\tNXL66528\x02\n\x0c\r\x03\x0c\x11\n\x11\x0b\x11\x0e\x11\x1f\x11\x1e\x11',)
2026-09-23 23:30:01,282 BTPWorkerThread-10968 (_rx_task) root DEBUG gap.py                    193   gap_device_found_ev_      : b'\xe0S\x00L\x17\xe5D\xb2\x03\x1b\x00\t\tNXL66528\x02\n\x0c\r\x03\x0c\x11\n\x11\x0b\x11\x0e\x11\x1f\x11\x1e\x11'
2026-09-23 23:30:01,282 BTPWorkerThread-10968 (_rx_task) root DEBUG gap.py                    207   gap_device_found_ev_      : found '44e5174c0053' type 224 eir b'\t\tNXL66528\x02\n\x0c\r\x03\x0c\x11\n\x11\x0b\x11\x0e\x11\x1f\x11\x1e\x11'
2026-09-23 23:30:01,561 BTPWorkerThread-10968 (_rx_task) root DEBUG iutctl_common.py          123   read                      : Read 5 bytes
2026-09-23 23:30:01,561 BTPWorkerThread-10968 (_rx_task) root DEBUG iutctl_common.py          131   read                      : Received: hdr: Header(svc_id=0x01, op=0x81, ctrl_index=0x00, data_len=0x1a) bytearray(b'\x01\x81\x00\x1a\x00')
2026-09-23 23:30:01,561 BTPWorkerThread-10968 (_rx_task) root DEBUG iutctl_common.py          139   read                      : Read 26 bytes data
2026-09-23 23:30:01,562 BTPWorkerThread-10968 (_rx_task) root DEBUG iutctl_common.py          154   read                      : Received data: {'e0 4e e4 08 dc 1b 00 d2 03 0f 00 0e 09 50 54 53 2d 47 41 50 2d 45 34 34 45 00'}, bytearray(b'\xe0N\xe4\x08\xdc\x1b\x00\xd2\x03\x0f\x00\x0e\tPTS-GAP-E44E\x00')
2026-09-23 23:30:01,562 BTPWorkerThread-10968 (_rx_task) root DEBUG btp.py                    736   event_handler             : Header(svc_id=1, op=129, ctrl_index=0, data_len=26) (b'\xe0N\xe4\x08\xdc\x1b\x00\xd2\x03\x0f\x00\x0e\tPTS-GAP-E44E\x00',)
2026-09-23 23:30:01,562 BTPWorkerThread-10968 (_rx_task) root DEBUG gap.py                    193   gap_device_found_ev_      : b'\xe0N\xe4\x08\xdc\x1b\x00\xd2\x03\x0f\x00\x0e\tPTS-GAP-E44E\x00'
2026-09-23 23:30:01,562 BTPWorkerThread-10968 (_rx_task) root DEBUG gap.py                    207   gap_device_found_ev_      : found '001bdc08e44e' type 224 eir b'\x0e\tPTS-GAP-E44E\x00'
2026-09-23 23:30:01,777 BTPWorkerThread-10968 (_rx_task) root DEBUG iutctl_common.py          123   read                      : Read 5 bytes
2026-09-23 23:30:01,777 BTPWorkerThread-10968 (_rx_task) root DEBUG iutctl_common.py          131   read                      : Received: hdr: Header(svc_id=0x01, op=0x81, ctrl_index=0x00, data_len=0x0b) bytearray(b'\x01\x81\x00\x0b\x00')
2026-09-23 23:30:01,777 BTPWorkerThread-10968 (_rx_task) root DEBUG iutctl_common.py          139   read                      : Read 11 bytes data
2026-09-23 23:30:01,777 BTPWorkerThread-10968 (_rx_task) root DEBUG iutctl_common.py          154   read                      : Received data: {'e0 53 00 4c 17 e5 44 a8 03 00 00'}, bytearray(b'\xe0S\x00L\x17\xe5D\xa8\x03\x00\x00')
2026-09-23 23:30:01,777 BTPWorkerThread-10968 (_rx_task) root DEBUG btp.py                    736   event_handler             : Header(svc_id=1, op=129, ctrl_index=0, data_len=11) (b'\xe0S\x00L\x17\xe5D\xa8\x03\x00\x00',)
2026-09-23 23:30:01,778 BTPWorkerThread-10968 (_rx_task) root DEBUG gap.py                    193   gap_device_found_ev_      : b'\xe0S\x00L\x17\xe5D\xa8\x03\x00\x00'
2026-09-23 23:30:01,778 BTPWorkerThread-10968 (_rx_task) root DEBUG gap.py                    207   gap_device_found_ev_      : found '44e5174c0053' type 224 eir b''
2026-09-23 23:30:01,820 BTPWorkerThread-10968 (_rx_task) root DEBUG iutctl_common.py          123   read                      : Read 5 bytes
2026-09-23 23:30:01,820 BTPWorkerThread-10968 (_rx_task) root DEBUG iutctl_common.py          131   read                      : Received: hdr: Header(svc_id=0x01, op=0x81, ctrl_index=0x00, data_len=0x26) bytearray(b'\x01\x81\x00&\x00')
2026-09-23 23:30:01,821 BTPWorkerThread-10968 (_rx_task) root DEBUG iutctl_common.py          139   read                      : Read 38 bytes data
2026-09-23 23:30:01,821 BTPWorkerThread-10968 (_rx_task) root DEBUG iutctl_common.py          154   read                      : Received data: {'e0 53 00 4c 17 e5 44 b3 03 1b 00 09 09 4e 58 4c 36 36 35 32 38 02 0a 0c 0d 03 0c 11 0a 11 0b 11 0e 11 1f 11 1e 11'}, bytearray(b'\xe0S\x00L\x17\xe5D\xb3\x03\x1b\x00\t\tNXL66528\x02\n\x0c\r\x03\x0c\x11\n\x11\x0b\x11\x0e\x11\x1f\x11\x1e\x11')
2026-09-23 23:30:01,821 BTPWorkerThread-10968 (_rx_task) root DEBUG btp.py                    736   event_handler             : Header(svc_id=1, op=129, ctrl_index=0, data_len=38) (b'\xe0S\x00L\x17\xe5D\xb3\x03\x1b\x00\t\tNXL66528\x02\n\x0c\r\x03\x0c\x11\n\x11\x0b\x11\x0e\x11\x1f\x11\x1e\x11',)
2026-09-23 23:30:01,821 BTPWorkerThread-10968 (_rx_task) root DEBUG gap.py                    193   gap_device_found_ev_      : b'\xe0S\x00L\x17\xe5D\xb3\x03\x1b\x00\t\tNXL66528\x02\n\x0c\r\x03\x0c\x11\n\x11\x0b\x11\x0e\x11\x1f\x11\x1e\x11'
2026-09-23 23:30:01,821 BTPWorkerThread-10968 (_rx_task) root DEBUG gap.py                    207   gap_device_found_ev_      : found '44e5174c0053' type 224 eir b'\t\tNXL66528\x02\n\x0c\r\x03\x0c\x11\n\x11\x0b\x11\x0e\x11\x1f\x11\x1e\x11'
2026-09-23 23:30:02,023 BTPWorkerThread-10968 (_rx_task) root DEBUG iutctl_common.py          123   read                      : Read 5 bytes
2026-09-23 23:30:02,023 BTPWorkerThread-10968 (_rx_task) root DEBUG iutctl_common.py          131   read                      : Received: hdr: Header(svc_id=0x01, op=0x81, ctrl_index=0x00, data_len=0x1a) bytearray(b'\x01\x81\x00\x1a\x00')
2026-09-23 23:30:02,023 BTPWorkerThread-10968 (_rx_task) root DEBUG iutctl_common.py          139   read                      : Read 26 bytes data
2026-09-23 23:30:02,024 BTPWorkerThread-10968 (_rx_task) root DEBUG iutctl_common.py          154   read                      : Received data: {'e0 4e e4 08 dc 1b 00 ce 03 0f 00 0e 09 50 54 53 2d 47 41 50 2d 45 34 34 45 00'}, bytearray(b'\xe0N\xe4\x08\xdc\x1b\x00\xce\x03\x0f\x00\x0e\tPTS-GAP-E44E\x00')
2026-09-23 23:30:02,024 BTPWorkerThread-10968 (_rx_task) root DEBUG btp.py                    736   event_handler             : Header(svc_id=1, op=129, ctrl_index=0, data_len=26) (b'\xe0N\xe4\x08\xdc\x1b\x00\xce\x03\x0f\x00\x0e\tPTS-GAP-E44E\x00',)
2026-09-23 23:30:02,024 BTPWorkerThread-10968 (_rx_task) root DEBUG gap.py                    193   gap_device_found_ev_      : b'\xe0N\xe4\x08\xdc\x1b\x00\xce\x03\x0f\x00\x0e\tPTS-GAP-E44E\x00'
2026-09-23 23:30:02,024 BTPWorkerThread-10968 (_rx_task) root DEBUG gap.py                    207   gap_device_found_ev_      : found '001bdc08e44e' type 224 eir b'\x0e\tPTS-GAP-E44E\x00'
2026-09-23 23:30:02,056 BTPWorkerThread-10968 (_rx_task) root DEBUG iutctl_common.py          123   read                      : Read 5 bytes
2026-09-23 23:30:02,056 BTPWorkerThread-10968 (_rx_task) root DEBUG iutctl_common.py          131   read                      : Received: hdr: Header(svc_id=0x01, op=0x81, ctrl_index=0x00, data_len=0x26) bytearray(b'\x01\x81\x00&\x00')
2026-09-23 23:30:02,056 BTPWorkerThread-10968 (_rx_task) root DEBUG iutctl_common.py          139   read                      : Read 38 bytes data
2026-09-23 23:30:02,057 BTPWorkerThread-10968 (_rx_task) root DEBUG iutctl_common.py          154   read                      : Received data: {'e0 53 00 4c 17 e5 44 ad 03 1b 00 09 09 4e 58 4c 36 36 35 32 38 02 0a 0c 0d 03 0c 11 0a 11 0b 11 0e 11 1f 11 1e 11'}, bytearray(b'\xe0S\x00L\x17\xe5D\xad\x03\x1b\x00\t\tNXL66528\x02\n\x0c\r\x03\x0c\x11\n\x11\x0b\x11\x0e\x11\x1f\x11\x1e\x11')
2026-09-23 23:30:02,057 BTPWorkerThread-10968 (_rx_task) root DEBUG btp.py                    736   event_handler             : Header(svc_id=1, op=129, ctrl_index=0, data_len=38) (b'\xe0S\x00L\x17\xe5D\xad\x03\x1b\x00\t\tNXL66528\x02\n\x0c\r\x03\x0c\x11\n\x11\x0b\x11\x0e\x11\x1f\x11\x1e\x11',)
2026-09-23 23:30:02,057 BTPWorkerThread-10968 (_rx_task) root DEBUG gap.py                    193   gap_device_found_ev_      : b'\xe0S\x00L\x17\xe5D\xad\x03\x1b\x00\t\tNXL66528\x02\n\x0c\r\x03\x0c\x11\n\x11\x0b\x11\x0e\x11\x1f\x11\x1e\x11'
2026-09-23 23:30:02,057 BTPWorkerThread-10968 (_rx_task) root DEBUG gap.py                    207   gap_device_found_ev_      : found '44e5174c0053' type 224 eir b'\t\tNXL66528\x02\n\x0c\r\x03\x0c\x11\n\x11\x0b\x11\x0e\x11\x1f\x11\x1e\x11'
2026-09-23 23:30:02,196 BTPWorkerThread-10968 (_rx_task) root DEBUG iutctl_common.py          123   read                      : Read 5 bytes
2026-09-23 23:30:02,196 BTPWorkerThread-10968 (_rx_task) root DEBUG iutctl_common.py          131   read                      : Received: hdr: Header(svc_id=0x01, op=0x81, ctrl_index=0x00, data_len=0x26) bytearray(b'\x01\x81\x00&\x00')
2026-09-23 23:30:02,197 BTPWorkerThread-10968 (_rx_task) root DEBUG iutctl_common.py          139   read                      : Read 38 bytes data
2026-09-23 23:30:02,197 BTPWorkerThread-10968 (_rx_task) root DEBUG iutctl_common.py          154   read                      : Received data: {'e0 53 00 4c 17 e5 44 b2 03 1b 00 09 09 4e 58 4c 36 36 35 32 38 02 0a 0c 0d 03 0c 11 0a 11 0b 11 0e 11 1f 11 1e 11'}, bytearray(b'\xe0S\x00L\x17\xe5D\xb2\x03\x1b\x00\t\tNXL66528\x02\n\x0c\r\x03\x0c\x11\n\x11\x0b\x11\x0e\x11\x1f\x11\x1e\x11')
2026-09-23 23:30:02,197 BTPWorkerThread-10968 (_rx_task) root DEBUG btp.py                    736   event_handler             : Header(svc_id=1, op=129, ctrl_index=0, data_len=38) (b'\xe0S\x00L\x17\xe5D\xb2\x03\x1b\x00\t\tNXL66528\x02\n\x0c\r\x03\x0c\x11\n\x11\x0b\x11\x0e\x11\x1f\x11\x1e\x11',)
2026-09-23 23:30:02,197 BTPWorkerThread-10968 (_rx_task) root DEBUG gap.py                    193   gap_device_found_ev_      : b'\xe0S\x00L\x17\xe5D\xb2\x03\x1b\x00\t\tNXL66528\x02\n\x0c\r\x03\x0c\x11\n\x11\x0b\x11\x0e\x11\x1f\x11\x1e\x11'
2026-09-23 23:30:02,197 BTPWorkerThread-10968 (_rx_task) root DEBUG gap.py                    207   gap_device_found_ev_      : found '44e5174c0053' type 224 eir b'\t\tNXL66528\x02\n\x0c\r\x03\x0c\x11\n\x11\x0b\x11\x0e\x11\x1f\x11\x1e\x11'
2026-09-23 23:30:02,302 BTPWorkerThread-10968 (_rx_task) root DEBUG iutctl_common.py          123   read                      : Read 5 bytes
2026-09-23 23:30:02,302 BTPWorkerThread-10968 (_rx_task) root DEBUG iutctl_common.py          131   read                      : Received: hdr: Header(svc_id=0x01, op=0x81, ctrl_index=0x00, data_len=0x26) bytearray(b'\x01\x81\x00&\x00')
2026-09-23 23:30:02,302 BTPWorkerThread-10968 (_rx_task) root DEBUG iutctl_common.py          139   read                      : Read 38 bytes data
2026-09-23 23:30:02,303 BTPWorkerThread-10968 (_rx_task) root DEBUG iutctl_common.py          154   read                      : Received data: {'e0 53 00 4c 17 e5 44 af 03 1b 00 09 09 4e 58 4c 36 36 35 32 38 02 0a 0c 0d 03 0c 11 0a 11 0b 11 0e 11 1f 11 1e 11'}, bytearray(b'\xe0S\x00L\x17\xe5D\xaf\x03\x1b\x00\t\tNXL66528\x02\n\x0c\r\x03\x0c\x11\n\x11\x0b\x11\x0e\x11\x1f\x11\x1e\x11')
2026-09-23 23:30:02,303 BTPWorkerThread-10968 (_rx_task) root DEBUG btp.py                    736   event_handler             : Header(svc_id=1, op=129, ctrl_index=0, data_len=38) (b'\xe0S\x00L\x17\xe5D\xaf\x03\x1b\x00\t\tNXL66528\x02\n\x0c\r\x03\x0c\x11\n\x11\x0b\x11\x0e\x11\x1f\x11\x1e\x11',)
2026-09-23 23:30:02,303 BTPWorkerThread-10968 (_rx_task) root DEBUG gap.py                    193   gap_device_found_ev_      : b'\xe0S\x00L\x17\xe5D\xaf\x03\x1b\x00\t\tNXL66528\x02\n\x0c\r\x03\x0c\x11\n\x11\x0b\x11\x0e\x11\x1f\x11\x1e\x11'
2026-09-23 23:30:02,303 BTPWorkerThread-10968 (_rx_task) root DEBUG gap.py                    207   gap_device_found_ev_      : found '44e5174c0053' type 224 eir b'\t\tNXL66528\x02\n\x0c\r\x03\x0c\x11\n\x11\x0b\x11\x0e\x11\x1f\x11\x1e\x11'
2026-09-23 23:30:02,660 BTPWorkerThread-10968 (_rx_task) root DEBUG iutctl_common.py          123   read                      : Read 5 bytes
2026-09-23 23:30:02,660 BTPWorkerThread-10968 (_rx_task) root DEBUG iutctl_common.py          131   read                      : Received: hdr: Header(svc_id=0x01, op=0x81, ctrl_index=0x00, data_len=0x2a) bytearray(b'\x01\x81\x00*\x00')
2026-09-23 23:30:02,661 BTPWorkerThread-10968 (_rx_task) root DEBUG iutctl_common.py          139   read                      : Read 42 bytes data
2026-09-23 23:30:02,661 BTPWorkerThread-10968 (_rx_task) root DEBUG iutctl_common.py          154   read                      : Received data: {'e0 4d 65 9b 70 f3 5c a8 03 1f 00 1e 09 48 46 50 20 41 47 20 44 65 6d 6f 20 35 43 3a 46 33 3a 37 30 3a 39 42 3a 36 35 3a 34 44'}, bytearray(b'\xe0Me\x9bp\xf3\\\xa8\x03\x1f\x00\x1e\tHFP AG Demo 5C:F3:70:9B:65:4D')
2026-09-23 23:30:02,661 BTPWorkerThread-10968 (_rx_task) root DEBUG btp.py                    736   event_handler             : Header(svc_id=1, op=129, ctrl_index=0, data_len=42) (b'\xe0Me\x9bp\xf3\\\xa8\x03\x1f\x00\x1e\tHFP AG Demo 5C:F3:70:9B:65:4D',)
2026-09-23 23:30:02,661 BTPWorkerThread-10968 (_rx_task) root DEBUG gap.py                    193   gap_device_found_ev_      : b'\xe0Me\x9bp\xf3\\\xa8\x03\x1f\x00\x1e\tHFP AG Demo 5C:F3:70:9B:65:4D'
2026-09-23 23:30:02,661 BTPWorkerThread-10968 (_rx_task) root DEBUG gap.py                    207   gap_device_found_ev_      : found '5cf3709b654d' type 224 eir b'\x1e\tHFP AG Demo 5C:F3:70:9B:65:4D'
2026-09-23 23:30:02,682 BTPWorkerThread-10968 (_rx_task) root DEBUG iutctl_common.py          123   read                      : Read 5 bytes
2026-09-23 23:30:02,682 BTPWorkerThread-10968 (_rx_task) root DEBUG iutctl_common.py          131   read                      : Received: hdr: Header(svc_id=0x01, op=0x81, ctrl_index=0x00, data_len=0x26) bytearray(b'\x01\x81\x00&\x00')
2026-09-23 23:30:02,682 BTPWorkerThread-10968 (_rx_task) root DEBUG iutctl_common.py          139   read                      : Read 38 bytes data
2026-09-23 23:30:02,683 BTPWorkerThread-10968 (_rx_task) root DEBUG iutctl_common.py          154   read                      : Received data: {'e0 53 00 4c 17 e5 44 af 03 1b 00 09 09 4e 58 4c 36 36 35 32 38 02 0a 0c 0d 03 0c 11 0a 11 0b 11 0e 11 1f 11 1e 11'}, bytearray(b'\xe0S\x00L\x17\xe5D\xaf\x03\x1b\x00\t\tNXL66528\x02\n\x0c\r\x03\x0c\x11\n\x11\x0b\x11\x0e\x11\x1f\x11\x1e\x11')
2026-09-23 23:30:02,683 BTPWorkerThread-10968 (_rx_task) root DEBUG btp.py                    736   event_handler             : Header(svc_id=1, op=129, ctrl_index=0, data_len=38) (b'\xe0S\x00L\x17\xe5D\xaf\x03\x1b\x00\t\tNXL66528\x02\n\x0c\r\x03\x0c\x11\n\x11\x0b\x11\x0e\x11\x1f\x11\x1e\x11',)
2026-09-23 23:30:02,683 BTPWorkerThread-10968 (_rx_task) root DEBUG gap.py                    193   gap_device_found_ev_      : b'\xe0S\x00L\x17\xe5D\xaf\x03\x1b\x00\t\tNXL66528\x02\n\x0c\r\x03\x0c\x11\n\x11\x0b\x11\x0e\x11\x1f\x11\x1e\x11'
2026-09-23 23:30:02,683 BTPWorkerThread-10968 (_rx_task) root DEBUG gap.py                    207   gap_device_found_ev_      : found '44e5174c0053' type 224 eir b'\t\tNXL66528\x02\n\x0c\r\x03\x0c\x11\n\x11\x0b\x11\x0e\x11\x1f\x11\x1e\x11'
2026-09-23 23:30:03,436 BTPWorkerThread-10968 (_rx_task) root DEBUG iutctl_common.py          123   read                      : Read 5 bytes
2026-09-23 23:30:03,436 BTPWorkerThread-10968 (_rx_task) root DEBUG iutctl_common.py          131   read                      : Received: hdr: Header(svc_id=0x01, op=0x81, ctrl_index=0x00, data_len=0x26) bytearray(b'\x01\x81\x00&\x00')
2026-09-23 23:30:03,436 BTPWorkerThread-10968 (_rx_task) root DEBUG iutctl_common.py          139   read                      : Read 38 bytes data
2026-09-23 23:30:03,437 BTPWorkerThread-10968 (_rx_task) root DEBUG iutctl_common.py          154   read                      : Received data: {'e0 53 00 4c 17 e5 44 a8 03 1b 00 09 09 4e 58 4c 36 36 35 32 38 02 0a 0c 0d 03 0c 11 0a 11 0b 11 0e 11 1f 11 1e 11'}, bytearray(b'\xe0S\x00L\x17\xe5D\xa8\x03\x1b\x00\t\tNXL66528\x02\n\x0c\r\x03\x0c\x11\n\x11\x0b\x11\x0e\x11\x1f\x11\x1e\x11')
2026-09-23 23:30:03,437 BTPWorkerThread-10968 (_rx_task) root DEBUG btp.py                    736   event_handler             : Header(svc_id=1, op=129, ctrl_index=0, data_len=38) (b'\xe0S\x00L\x17\xe5D\xa8\x03\x1b\x00\t\tNXL66528\x02\n\x0c\r\x03\x0c\x11\n\x11\x0b\x11\x0e\x11\x1f\x11\x1e\x11',)
2026-09-23 23:30:03,437 BTPWorkerThread-10968 (_rx_task) root DEBUG gap.py                    193   gap_device_found_ev_      : b'\xe0S\x00L\x17\xe5D\xa8\x03\x1b\x00\t\tNXL66528\x02\n\x0c\r\x03\x0c\x11\n\x11\x0b\x11\x0e\x11\x1f\x11\x1e\x11'
2026-09-23 23:30:03,437 BTPWorkerThread-10968 (_rx_task) root DEBUG gap.py                    207   gap_device_found_ev_      : found '44e5174c0053' type 224 eir b'\t\tNXL66528\x02\n\x0c\r\x03\x0c\x11\n\x11\x0b\x11\x0e\x11\x1f\x11\x1e\x11'
2026-09-23 23:30:04,039 BTPWorkerThread-10968 (_rx_task) root DEBUG iutctl_common.py          123   read                      : Read 5 bytes
2026-09-23 23:30:04,039 BTPWorkerThread-10968 (_rx_task) root DEBUG iutctl_common.py          131   read                      : Received: hdr: Header(svc_id=0x01, op=0x81, ctrl_index=0x00, data_len=0x2a) bytearray(b'\x01\x81\x00*\x00')
2026-09-23 23:30:04,039 BTPWorkerThread-10968 (_rx_task) root DEBUG iutctl_common.py          139   read                      : Read 42 bytes data
2026-09-23 23:30:04,040 BTPWorkerThread-10968 (_rx_task) root DEBUG iutctl_common.py          154   read                      : Received data: {'e0 cd 83 06 dc 1b 00 a7 03 1f 00 1e 09 41 32 44 50 20 53 6f 75 72 63 65 20 30 30 3a 31 42 3a 44 43 3a 30 36 3a 38 33 3a 43 44'}, bytearray(b'\xe0\xcd\x83\x06\xdc\x1b\x00\xa7\x03\x1f\x00\x1e\tA2DP Source 00:1B:DC:06:83:CD')
2026-09-23 23:30:04,040 BTPWorkerThread-10968 (_rx_task) root DEBUG btp.py                    736   event_handler             : Header(svc_id=1, op=129, ctrl_index=0, data_len=42) (b'\xe0\xcd\x83\x06\xdc\x1b\x00\xa7\x03\x1f\x00\x1e\tA2DP Source 00:1B:DC:06:83:CD',)
2026-09-23 23:30:04,040 BTPWorkerThread-10968 (_rx_task) root DEBUG gap.py                    193   gap_device_found_ev_      : b'\xe0\xcd\x83\x06\xdc\x1b\x00\xa7\x03\x1f\x00\x1e\tA2DP Source 00:1B:DC:06:83:CD'
2026-09-23 23:30:04,040 BTPWorkerThread-10968 (_rx_task) root DEBUG gap.py                    207   gap_device_found_ev_      : found '001bdc0683cd' type 224 eir b'\x1e\tA2DP Source 00:1B:DC:06:83:CD'
2026-09-23 23:30:04,061 BTPWorkerThread-10968 (_rx_task) root DEBUG iutctl_common.py          123   read                      : Read 5 bytes
2026-09-23 23:30:04,062 BTPWorkerThread-10968 (_rx_task) root DEBUG iutctl_common.py          131   read                      : Received: hdr: Header(svc_id=0x01, op=0x81, ctrl_index=0x00, data_len=0x2a) bytearray(b'\x01\x81\x00*\x00')
2026-09-23 23:30:04,062 BTPWorkerThread-10968 (_rx_task) root DEBUG iutctl_common.py          139   read                      : Read 16 bytes data
2026-09-23 23:30:04,072 BTPWorkerThread-10968 (_rx_task) root DEBUG iutctl_common.py          139   read                      : Read 26 bytes data
2026-09-23 23:30:04,072 BTPWorkerThread-10968 (_rx_task) root DEBUG iutctl_common.py          154   read                      : Received data: {'e0 95 83 06 dc 1b 00 aa 03 1f 00 1e 09 48 46 50 20 41 47 20 44 65 6d 6f 20 30 30 3a 31 42 3a 44 43 3a 30 36 3a 38 33 3a 39 35'}, bytearray(b'\xe0\x95\x83\x06\xdc\x1b\x00\xaa\x03\x1f\x00\x1e\tHFP AG Demo 00:1B:DC:06:83:95')
2026-09-23 23:30:04,073 BTPWorkerThread-10968 (_rx_task) root DEBUG btp.py                    736   event_handler             : Header(svc_id=1, op=129, ctrl_index=0, data_len=42) (b'\xe0\x95\x83\x06\xdc\x1b\x00\xaa\x03\x1f\x00\x1e\tHFP AG Demo 00:1B:DC:06:83:95',)
2026-09-23 23:30:04,073 BTPWorkerThread-10968 (_rx_task) root DEBUG gap.py                    193   gap_device_found_ev_      : b'\xe0\x95\x83\x06\xdc\x1b\x00\xaa\x03\x1f\x00\x1e\tHFP AG Demo 00:1B:DC:06:83:95'
2026-09-23 23:30:04,073 BTPWorkerThread-10968 (_rx_task) root DEBUG gap.py                    207   gap_device_found_ev_      : found '001bdc068395' type 224 eir b'\x1e\tHFP AG Demo 00:1B:DC:06:83:95'
2026-09-23 23:30:04,073 BTPWorkerThread-10968 (_rx_task) root DEBUG iutctl_common.py          123   read                      : Read 5 bytes
2026-09-23 23:30:04,073 BTPWorkerThread-10968 (_rx_task) root DEBUG iutctl_common.py          131   read                      : Received: hdr: Header(svc_id=0x01, op=0x81, ctrl_index=0x00, data_len=0x26) bytearray(b'\x01\x81\x00&\x00')
2026-09-23 23:30:04,073 BTPWorkerThread-10968 (_rx_task) root DEBUG iutctl_common.py          139   read                      : Read 21 bytes data
2026-09-23 23:30:04,082 BTPWorkerThread-10968 (_rx_task) root DEBUG iutctl_common.py          139   read                      : Read 17 bytes data
2026-09-23 23:30:04,083 BTPWorkerThread-10968 (_rx_task) root DEBUG iutctl_common.py          154   read                      : Received data: {'e0 53 00 4c 17 e5 44 a8 03 1b 00 09 09 4e 58 4c 36 36 35 32 38 02 0a 0c 0d 03 0c 11 0a 11 0b 11 0e 11 1f 11 1e 11'}, bytearray(b'\xe0S\x00L\x17\xe5D\xa8\x03\x1b\x00\t\tNXL66528\x02\n\x0c\r\x03\x0c\x11\n\x11\x0b\x11\x0e\x11\x1f\x11\x1e\x11')
2026-09-23 23:30:04,083 BTPWorkerThread-10968 (_rx_task) root DEBUG btp.py                    736   event_handler             : Header(svc_id=1, op=129, ctrl_index=0, data_len=38) (b'\xe0S\x00L\x17\xe5D\xa8\x03\x1b\x00\t\tNXL66528\x02\n\x0c\r\x03\x0c\x11\n\x11\x0b\x11\x0e\x11\x1f\x11\x1e\x11',)
2026-09-23 23:30:04,083 BTPWorkerThread-10968 (_rx_task) root DEBUG gap.py                    193   gap_device_found_ev_      : b'\xe0S\x00L\x17\xe5D\xa8\x03\x1b\x00\t\tNXL66528\x02\n\x0c\r\x03\x0c\x11\n\x11\x0b\x11\x0e\x11\x1f\x11\x1e\x11'
2026-09-23 23:30:04,083 BTPWorkerThread-10968 (_rx_task) root DEBUG gap.py                    207   gap_device_found_ev_      : found '44e5174c0053' type 224 eir b'\t\tNXL66528\x02\n\x0c\r\x03\x0c\x11\n\x11\x0b\x11\x0e\x11\x1f\x11\x1e\x11'
2026-09-23 23:30:04,527 BTPWorkerThread-10968 (_rx_task) root DEBUG iutctl_common.py          123   read                      : Read 5 bytes
2026-09-23 23:30:04,527 BTPWorkerThread-10968 (_rx_task) root DEBUG iutctl_common.py          131   read                      : Received: hdr: Header(svc_id=0x01, op=0x81, ctrl_index=0x00, data_len=0x26) bytearray(b'\x01\x81\x00&\x00')
2026-09-23 23:30:04,528 BTPWorkerThread-10968 (_rx_task) root DEBUG iutctl_common.py          139   read                      : Read 38 bytes data
2026-09-23 23:30:04,528 BTPWorkerThread-10968 (_rx_task) root DEBUG iutctl_common.py          154   read                      : Received data: {'e0 53 00 4c 17 e5 44 b1 03 1b 00 09 09 4e 58 4c 36 36 35 32 38 02 0a 0c 0d 03 0c 11 0a 11 0b 11 0e 11 1f 11 1e 11'}, bytearray(b'\xe0S\x00L\x17\xe5D\xb1\x03\x1b\x00\t\tNXL66528\x02\n\x0c\r\x03\x0c\x11\n\x11\x0b\x11\x0e\x11\x1f\x11\x1e\x11')
2026-09-23 23:30:04,528 BTPWorkerThread-10968 (_rx_task) root DEBUG btp.py                    736   event_handler             : Header(svc_id=1, op=129, ctrl_index=0, data_len=38) (b'\xe0S\x00L\x17\xe5D\xb1\x03\x1b\x00\t\tNXL66528\x02\n\x0c\r\x03\x0c\x11\n\x11\x0b\x11\x0e\x11\x1f\x11\x1e\x11',)
2026-09-23 23:30:04,528 BTPWorkerThread-10968 (_rx_task) root DEBUG gap.py                    193   gap_device_found_ev_      : b'\xe0S\x00L\x17\xe5D\xb1\x03\x1b\x00\t\tNXL66528\x02\n\x0c\r\x03\x0c\x11\n\x11\x0b\x11\x0e\x11\x1f\x11\x1e\x11'
2026-09-23 23:30:04,528 BTPWorkerThread-10968 (_rx_task) root DEBUG gap.py                    207   gap_device_found_ev_      : found '44e5174c0053' type 224 eir b'\t\tNXL66528\x02\n\x0c\r\x03\x0c\x11\n\x11\x0b\x11\x0e\x11\x1f\x11\x1e\x11'
2026-09-23 23:30:04,838 BTPWorkerThread-10968 (_rx_task) root DEBUG iutctl_common.py          123   read                      : Read 5 bytes
2026-09-23 23:30:04,838 BTPWorkerThread-10968 (_rx_task) root DEBUG iutctl_common.py          131   read                      : Received: hdr: Header(svc_id=0x01, op=0x81, ctrl_index=0x00, data_len=0x1a) bytearray(b'\x01\x81\x00\x1a\x00')
2026-09-23 23:30:04,838 BTPWorkerThread-10968 (_rx_task) root DEBUG iutctl_common.py          139   read                      : Read 26 bytes data
2026-09-23 23:30:04,838 BTPWorkerThread-10968 (_rx_task) root DEBUG iutctl_common.py          154   read                      : Received data: {'e0 4e e4 08 dc 1b 00 d0 03 0f 00 0e 09 50 54 53 2d 47 41 50 2d 45 34 34 45 00'}, bytearray(b'\xe0N\xe4\x08\xdc\x1b\x00\xd0\x03\x0f\x00\x0e\tPTS-GAP-E44E\x00')
2026-09-23 23:30:04,839 BTPWorkerThread-10968 (_rx_task) root DEBUG btp.py                    736   event_handler             : Header(svc_id=1, op=129, ctrl_index=0, data_len=26) (b'\xe0N\xe4\x08\xdc\x1b\x00\xd0\x03\x0f\x00\x0e\tPTS-GAP-E44E\x00',)
2026-09-23 23:30:04,839 BTPWorkerThread-10968 (_rx_task) root DEBUG gap.py                    193   gap_device_found_ev_      : b'\xe0N\xe4\x08\xdc\x1b\x00\xd0\x03\x0f\x00\x0e\tPTS-GAP-E44E\x00'
2026-09-23 23:30:04,839 BTPWorkerThread-10968 (_rx_task) root DEBUG gap.py                    207   gap_device_found_ev_      : found '001bdc08e44e' type 224 eir b'\x0e\tPTS-GAP-E44E\x00'
2026-09-23 23:30:05,043 BTPWorkerThread-10968 (_rx_task) root DEBUG iutctl_common.py          123   read                      : Read 5 bytes
2026-09-23 23:30:05,043 BTPWorkerThread-10968 (_rx_task) root DEBUG iutctl_common.py          131   read                      : Received: hdr: Header(svc_id=0x01, op=0x81, ctrl_index=0x00, data_len=0x26) bytearray(b'\x01\x81\x00&\x00')
2026-09-23 23:30:05,043 BTPWorkerThread-10968 (_rx_task) root DEBUG iutctl_common.py          139   read                      : Read 27 bytes data
2026-09-23 23:30:05,054 BTPWorkerThread-10968 (_rx_task) root DEBUG iutctl_common.py          139   read                      : Read 11 bytes data
2026-09-23 23:30:05,055 BTPWorkerThread-10968 (_rx_task) root DEBUG iutctl_common.py          154   read                      : Received data: {'e0 53 00 4c 17 e5 44 a4 03 1b 00 09 09 4e 58 4c 36 36 35 32 38 02 0a 0c 0d 03 0c 11 0a 11 0b 11 0e 11 1f 11 1e 11'}, bytearray(b'\xe0S\x00L\x17\xe5D\xa4\x03\x1b\x00\t\tNXL66528\x02\n\x0c\r\x03\x0c\x11\n\x11\x0b\x11\x0e\x11\x1f\x11\x1e\x11')
2026-09-23 23:30:05,055 BTPWorkerThread-10968 (_rx_task) root DEBUG btp.py                    736   event_handler             : Header(svc_id=1, op=129, ctrl_index=0, data_len=38) (b'\xe0S\x00L\x17\xe5D\xa4\x03\x1b\x00\t\tNXL66528\x02\n\x0c\r\x03\x0c\x11\n\x11\x0b\x11\x0e\x11\x1f\x11\x1e\x11',)
2026-09-23 23:30:05,055 BTPWorkerThread-10968 (_rx_task) root DEBUG gap.py                    193   gap_device_found_ev_      : b'\xe0S\x00L\x17\xe5D\xa4\x03\x1b\x00\t\tNXL66528\x02\n\x0c\r\x03\x0c\x11\n\x11\x0b\x11\x0e\x11\x1f\x11\x1e\x11'
2026-09-23 23:30:05,055 BTPWorkerThread-10968 (_rx_task) root DEBUG gap.py                    207   gap_device_found_ev_      : found '44e5174c0053' type 224 eir b'\t\tNXL66528\x02\n\x0c\r\x03\x0c\x11\n\x11\x0b\x11\x0e\x11\x1f\x11\x1e\x11'
2026-09-23 23:30:05,310 BTPWorkerThread-10968 (_rx_task) root DEBUG iutctl_common.py          123   read                      : Read 5 bytes
2026-09-23 23:30:05,310 BTPWorkerThread-10968 (_rx_task) root DEBUG iutctl_common.py          131   read                      : Received: hdr: Header(svc_id=0x01, op=0x81, ctrl_index=0x00, data_len=0x1a) bytearray(b'\x01\x81\x00\x1a\x00')
2026-09-23 23:30:05,310 BTPWorkerThread-10968 (_rx_task) root DEBUG iutctl_common.py          139   read                      : Read 26 bytes data
2026-09-23 23:30:05,311 BTPWorkerThread-10968 (_rx_task) root DEBUG iutctl_common.py          154   read                      : Received data: {'e0 4e e4 08 dc 1b 00 d2 03 0f 00 0e 09 50 54 53 2d 47 41 50 2d 45 34 34 45 00'}, bytearray(b'\xe0N\xe4\x08\xdc\x1b\x00\xd2\x03\x0f\x00\x0e\tPTS-GAP-E44E\x00')
2026-09-23 23:30:05,311 BTPWorkerThread-10968 (_rx_task) root DEBUG btp.py                    736   event_handler             : Header(svc_id=1, op=129, ctrl_index=0, data_len=26) (b'\xe0N\xe4\x08\xdc\x1b\x00\xd2\x03\x0f\x00\x0e\tPTS-GAP-E44E\x00',)
2026-09-23 23:30:05,311 BTPWorkerThread-10968 (_rx_task) root DEBUG gap.py                    193   gap_device_found_ev_      : b'\xe0N\xe4\x08\xdc\x1b\x00\xd2\x03\x0f\x00\x0e\tPTS-GAP-E44E\x00'
2026-09-23 23:30:05,311 BTPWorkerThread-10968 (_rx_task) root DEBUG gap.py                    207   gap_device_found_ev_      : found '001bdc08e44e' type 224 eir b'\x0e\tPTS-GAP-E44E\x00'
2026-09-23 23:30:05,407 BTPWorkerThread-10968 (_rx_task) root DEBUG iutctl_common.py          123   read                      : Read 5 bytes
2026-09-23 23:30:05,407 BTPWorkerThread-10968 (_rx_task) root DEBUG iutctl_common.py          131   read                      : Received: hdr: Header(svc_id=0x01, op=0x81, ctrl_index=0x00, data_len=0x0b) bytearray(b'\x01\x81\x00\x0b\x00')
2026-09-23 23:30:05,407 BTPWorkerThread-10968 (_rx_task) root DEBUG iutctl_common.py          139   read                      : Read 11 bytes data
2026-09-23 23:30:05,408 BTPWorkerThread-10968 (_rx_task) root DEBUG iutctl_common.py          154   read                      : Received data: {'e0 53 00 4c 17 e5 44 a7 03 00 00'}, bytearray(b'\xe0S\x00L\x17\xe5D\xa7\x03\x00\x00')
2026-09-23 23:30:05,408 BTPWorkerThread-10968 (_rx_task) root DEBUG btp.py                    736   event_handler             : Header(svc_id=1, op=129, ctrl_index=0, data_len=11) (b'\xe0S\x00L\x17\xe5D\xa7\x03\x00\x00',)
2026-09-23 23:30:05,408 BTPWorkerThread-10968 (_rx_task) root DEBUG gap.py                    193   gap_device_found_ev_      : b'\xe0S\x00L\x17\xe5D\xa7\x03\x00\x00'
2026-09-23 23:30:05,408 BTPWorkerThread-10968 (_rx_task) root DEBUG gap.py                    207   gap_device_found_ev_      : found '44e5174c0053' type 224 eir b''
2026-09-23 23:30:05,623 BTPWorkerThread-10968 (_rx_task) root DEBUG iutctl_common.py          123   read                      : Read 5 bytes
2026-09-23 23:30:05,623 BTPWorkerThread-10968 (_rx_task) root DEBUG iutctl_common.py          131   read                      : Received: hdr: Header(svc_id=0x01, op=0x81, ctrl_index=0x00, data_len=0x1a) bytearray(b'\x01\x81\x00\x1a\x00')
2026-09-23 23:30:05,623 BTPWorkerThread-10968 (_rx_task) root DEBUG iutctl_common.py          139   read                      : Read 13 bytes data
2026-09-23 23:30:05,634 BTPWorkerThread-10968 (_rx_task) root DEBUG iutctl_common.py          139   read                      : Read 13 bytes data
2026-09-23 23:30:05,634 BTPWorkerThread-10968 (_rx_task) root DEBUG iutctl_common.py          154   read                      : Received data: {'e0 4e e4 08 dc 1b 00 d3 03 0f 00 0e 09 50 54 53 2d 47 41 50 2d 45 34 34 45 00'}, bytearray(b'\xe0N\xe4\x08\xdc\x1b\x00\xd3\x03\x0f\x00\x0e\tPTS-GAP-E44E\x00')
2026-09-23 23:30:05,634 BTPWorkerThread-10968 (_rx_task) root DEBUG btp.py                    736   event_handler             : Header(svc_id=1, op=129, ctrl_index=0, data_len=26) (b'\xe0N\xe4\x08\xdc\x1b\x00\xd3\x03\x0f\x00\x0e\tPTS-GAP-E44E\x00',)
2026-09-23 23:30:05,634 BTPWorkerThread-10968 (_rx_task) root DEBUG gap.py                    193   gap_device_found_ev_      : b'\xe0N\xe4\x08\xdc\x1b\x00\xd3\x03\x0f\x00\x0e\tPTS-GAP-E44E\x00'
2026-09-23 23:30:05,635 BTPWorkerThread-10968 (_rx_task) root DEBUG gap.py                    207   gap_device_found_ev_      : found '001bdc08e44e' type 224 eir b'\x0e\tPTS-GAP-E44E\x00'
2026-09-23 23:30:05,656 BTPWorkerThread-10968 (_rx_task) root DEBUG iutctl_common.py          123   read                      : Read 5 bytes
2026-09-23 23:30:05,656 BTPWorkerThread-10968 (_rx_task) root DEBUG iutctl_common.py          131   read                      : Received: hdr: Header(svc_id=0x01, op=0x81, ctrl_index=0x00, data_len=0x26) bytearray(b'\x01\x81\x00&\x00')
2026-09-23 23:30:05,657 BTPWorkerThread-10968 (_rx_task) root DEBUG iutctl_common.py          139   read                      : Read 34 bytes data
2026-09-23 23:30:05,667 BTPWorkerThread-10968 (_rx_task) root DEBUG iutctl_common.py          139   read                      : Read 4 bytes data
2026-09-23 23:30:05,667 BTPWorkerThread-10968 (_rx_task) root DEBUG iutctl_common.py          154   read                      : Received data: {'e0 53 00 4c 17 e5 44 b0 03 1b 00 09 09 4e 58 4c 36 36 35 32 38 02 0a 0c 0d 03 0c 11 0a 11 0b 11 0e 11 1f 11 1e 11'}, bytearray(b'\xe0S\x00L\x17\xe5D\xb0\x03\x1b\x00\t\tNXL66528\x02\n\x0c\r\x03\x0c\x11\n\x11\x0b\x11\x0e\x11\x1f\x11\x1e\x11')
2026-09-23 23:30:05,668 BTPWorkerThread-10968 (_rx_task) root DEBUG btp.py                    736   event_handler             : Header(svc_id=1, op=129, ctrl_index=0, data_len=38) (b'\xe0S\x00L\x17\xe5D\xb0\x03\x1b\x00\t\tNXL66528\x02\n\x0c\r\x03\x0c\x11\n\x11\x0b\x11\x0e\x11\x1f\x11\x1e\x11',)
2026-09-23 23:30:05,668 BTPWorkerThread-10968 (_rx_task) root DEBUG gap.py                    193   gap_device_found_ev_      : b'\xe0S\x00L\x17\xe5D\xb0\x03\x1b\x00\t\tNXL66528\x02\n\x0c\r\x03\x0c\x11\n\x11\x0b\x11\x0e\x11\x1f\x11\x1e\x11'
2026-09-23 23:30:05,668 BTPWorkerThread-10968 (_rx_task) root DEBUG gap.py                    207   gap_device_found_ev_      : found '44e5174c0053' type 224 eir b'\t\tNXL66528\x02\n\x0c\r\x03\x0c\x11\n\x11\x0b\x11\x0e\x11\x1f\x11\x1e\x11'
2026-09-23 23:30:05,832 BTPWorkerThread-10968 (_rx_task) root DEBUG iutctl_common.py          123   read                      : Read 5 bytes
2026-09-23 23:30:05,832 BTPWorkerThread-10968 (_rx_task) root DEBUG iutctl_common.py          131   read                      : Received: hdr: Header(svc_id=0x01, op=0x81, ctrl_index=0x00, data_len=0x1a) bytearray(b'\x01\x81\x00\x1a\x00')
2026-09-23 23:30:05,832 BTPWorkerThread-10968 (_rx_task) root DEBUG iutctl_common.py          139   read                      : Read 26 bytes data
2026-09-23 23:30:05,833 BTPWorkerThread-10968 (_rx_task) root DEBUG iutctl_common.py          154   read                      : Received data: {'e0 4e e4 08 dc 1b 00 d1 03 0f 00 0e 09 50 54 53 2d 47 41 50 2d 45 34 34 45 00'}, bytearray(b'\xe0N\xe4\x08\xdc\x1b\x00\xd1\x03\x0f\x00\x0e\tPTS-GAP-E44E\x00')
2026-09-23 23:30:05,833 BTPWorkerThread-10968 (_rx_task) root DEBUG btp.py                    736   event_handler             : Header(svc_id=1, op=129, ctrl_index=0, data_len=26) (b'\xe0N\xe4\x08\xdc\x1b\x00\xd1\x03\x0f\x00\x0e\tPTS-GAP-E44E\x00',)
2026-09-23 23:30:05,833 BTPWorkerThread-10968 (_rx_task) root DEBUG gap.py                    193   gap_device_found_ev_      : b'\xe0N\xe4\x08\xdc\x1b\x00\xd1\x03\x0f\x00\x0e\tPTS-GAP-E44E\x00'
2026-09-23 23:30:05,833 BTPWorkerThread-10968 (_rx_task) root DEBUG gap.py                    207   gap_device_found_ev_      : found '001bdc08e44e' type 224 eir b'\x0e\tPTS-GAP-E44E\x00'
2026-09-23 23:30:07,179 BTPWorkerThread-10968 (_rx_task) root DEBUG iutctl_common.py          123   read                      : Read 5 bytes
2026-09-23 23:30:07,179 BTPWorkerThread-10968 (_rx_task) root DEBUG iutctl_common.py          131   read                      : Received: hdr: Header(svc_id=0x01, op=0x81, ctrl_index=0x00, data_len=0x2a) bytearray(b'\x01\x81\x00*\x00')
2026-09-23 23:30:07,179 BTPWorkerThread-10968 (_rx_task) root DEBUG iutctl_common.py          139   read                      : Read 42 bytes data
2026-09-23 23:30:07,180 BTPWorkerThread-10968 (_rx_task) root DEBUG iutctl_common.py          154   read                      : Received data: {'e0 95 83 06 dc 1b 00 ad 03 1f 00 1e 09 48 46 50 20 41 47 20 44 65 6d 6f 20 30 30 3a 31 42 3a 44 43 3a 30 36 3a 38 33 3a 39 35'}, bytearray(b'\xe0\x95\x83\x06\xdc\x1b\x00\xad\x03\x1f\x00\x1e\tHFP AG Demo 00:1B:DC:06:83:95')
2026-09-23 23:30:07,180 BTPWorkerThread-10968 (_rx_task) root DEBUG btp.py                    736   event_handler             : Header(svc_id=1, op=129, ctrl_index=0, data_len=42) (b'\xe0\x95\x83\x06\xdc\x1b\x00\xad\x03\x1f\x00\x1e\tHFP AG Demo 00:1B:DC:06:83:95',)
2026-09-23 23:30:07,180 BTPWorkerThread-10968 (_rx_task) root DEBUG gap.py                    193   gap_device_found_ev_      : b'\xe0\x95\x83\x06\xdc\x1b\x00\xad\x03\x1f\x00\x1e\tHFP AG Demo 00:1B:DC:06:83:95'
2026-09-23 23:30:07,180 BTPWorkerThread-10968 (_rx_task) root DEBUG gap.py                    207   gap_device_found_ev_      : found '001bdc068395' type 224 eir b'\x1e\tHFP AG Demo 00:1B:DC:06:83:95'
2026-09-23 23:30:07,575 BTPWorkerThread-10968 (_rx_task) root DEBUG iutctl_common.py          123   read                      : Read 5 bytes
2026-09-23 23:30:07,575 BTPWorkerThread-10968 (_rx_task) root DEBUG iutctl_common.py          131   read                      : Received: hdr: Header(svc_id=0x01, op=0x81, ctrl_index=0x00, data_len=0x26) bytearray(b'\x01\x81\x00&\x00')
2026-09-23 23:30:07,575 BTPWorkerThread-10968 (_rx_task) root DEBUG iutctl_common.py          139   read                      : Read 15 bytes data
2026-09-23 23:30:07,586 BTPWorkerThread-10968 (_rx_task) root DEBUG iutctl_common.py          139   read                      : Read 23 bytes data
2026-09-23 23:30:07,586 BTPWorkerThread-10968 (_rx_task) root DEBUG iutctl_common.py          154   read                      : Received data: {'e0 53 00 4c 17 e5 44 b3 03 1b 00 09 09 4e 58 4c 36 36 35 32 38 02 0a 0c 0d 03 0c 11 0a 11 0b 11 0e 11 1f 11 1e 11'}, bytearray(b'\xe0S\x00L\x17\xe5D\xb3\x03\x1b\x00\t\tNXL66528\x02\n\x0c\r\x03\x0c\x11\n\x11\x0b\x11\x0e\x11\x1f\x11\x1e\x11')
2026-09-23 23:30:07,586 BTPWorkerThread-10968 (_rx_task) root DEBUG btp.py                    736   event_handler             : Header(svc_id=1, op=129, ctrl_index=0, data_len=38) (b'\xe0S\x00L\x17\xe5D\xb3\x03\x1b\x00\t\tNXL66528\x02\n\x0c\r\x03\x0c\x11\n\x11\x0b\x11\x0e\x11\x1f\x11\x1e\x11',)
2026-09-23 23:30:07,586 BTPWorkerThread-10968 (_rx_task) root DEBUG gap.py                    193   gap_device_found_ev_      : b'\xe0S\x00L\x17\xe5D\xb3\x03\x1b\x00\t\tNXL66528\x02\n\x0c\r\x03\x0c\x11\n\x11\x0b\x11\x0e\x11\x1f\x11\x1e\x11'
2026-09-23 23:30:07,586 BTPWorkerThread-10968 (_rx_task) root DEBUG gap.py                    207   gap_device_found_ev_      : found '44e5174c0053' type 224 eir b'\t\tNXL66528\x02\n\x0c\r\x03\x0c\x11\n\x11\x0b\x11\x0e\x11\x1f\x11\x1e\x11'
2026-09-23 23:30:07,650 BTPWorkerThread-10968 (_rx_task) root DEBUG iutctl_common.py          123   read                      : Read 5 bytes
2026-09-23 23:30:07,650 BTPWorkerThread-10968 (_rx_task) root DEBUG iutctl_common.py          131   read                      : Received: hdr: Header(svc_id=0x01, op=0x81, ctrl_index=0x00, data_len=0x2a) bytearray(b'\x01\x81\x00*\x00')
2026-09-23 23:30:07,650 BTPWorkerThread-10968 (_rx_task) root DEBUG iutctl_common.py          139   read                      : Read 42 bytes data
2026-09-23 23:30:07,651 BTPWorkerThread-10968 (_rx_task) root DEBUG iutctl_common.py          154   read                      : Received data: {'e0 95 83 06 dc 1b 00 ab 03 1f 00 1e 09 48 46 50 20 41 47 20 44 65 6d 6f 20 30 30 3a 31 42 3a 44 43 3a 30 36 3a 38 33 3a 39 35'}, bytearray(b'\xe0\x95\x83\x06\xdc\x1b\x00\xab\x03\x1f\x00\x1e\tHFP AG Demo 00:1B:DC:06:83:95')
2026-09-23 23:30:07,651 BTPWorkerThread-10968 (_rx_task) root DEBUG btp.py                    736   event_handler             : Header(svc_id=1, op=129, ctrl_index=0, data_len=42) (b'\xe0\x95\x83\x06\xdc\x1b\x00\xab\x03\x1f\x00\x1e\tHFP AG Demo 00:1B:DC:06:83:95',)
2026-09-23 23:30:07,651 BTPWorkerThread-10968 (_rx_task) root DEBUG gap.py                    193   gap_device_found_ev_      : b'\xe0\x95\x83\x06\xdc\x1b\x00\xab\x03\x1f\x00\x1e\tHFP AG Demo 00:1B:DC:06:83:95'
2026-09-23 23:30:07,651 BTPWorkerThread-10968 (_rx_task) root DEBUG gap.py                    207   gap_device_found_ev_      : found '001bdc068395' type 224 eir b'\x1e\tHFP AG Demo 00:1B:DC:06:83:95'
2026-09-23 23:30:07,788 BTPWorkerThread-10968 (_rx_task) root DEBUG iutctl_common.py          123   read                      : Read 5 bytes
2026-09-23 23:30:07,788 BTPWorkerThread-10968 (_rx_task) root DEBUG iutctl_common.py          131   read                      : Received: hdr: Header(svc_id=0x01, op=0x81, ctrl_index=0x00, data_len=0x2a) bytearray(b'\x01\x81\x00*\x00')
2026-09-23 23:30:07,788 BTPWorkerThread-10968 (_rx_task) root DEBUG iutctl_common.py          139   read                      : Read 20 bytes data
2026-09-23 23:30:07,799 BTPWorkerThread-10968 (_rx_task) root DEBUG iutctl_common.py          139   read                      : Read 22 bytes data
2026-09-23 23:30:07,799 BTPWorkerThread-10968 (_rx_task) root DEBUG iutctl_common.py          154   read                      : Received data: {'e0 4d 65 9b 70 f3 5c a2 03 1f 00 1e 09 48 46 50 20 41 47 20 44 65 6d 6f 20 35 43 3a 46 33 3a 37 30 3a 39 42 3a 36 35 3a 34 44'}, bytearray(b'\xe0Me\x9bp\xf3\\\xa2\x03\x1f\x00\x1e\tHFP AG Demo 5C:F3:70:9B:65:4D')
2026-09-23 23:30:07,799 BTPWorkerThread-10968 (_rx_task) root DEBUG btp.py                    736   event_handler             : Header(svc_id=1, op=129, ctrl_index=0, data_len=42) (b'\xe0Me\x9bp\xf3\\\xa2\x03\x1f\x00\x1e\tHFP AG Demo 5C:F3:70:9B:65:4D',)
2026-09-23 23:30:07,800 BTPWorkerThread-10968 (_rx_task) root DEBUG gap.py                    193   gap_device_found_ev_      : b'\xe0Me\x9bp\xf3\\\xa2\x03\x1f\x00\x1e\tHFP AG Demo 5C:F3:70:9B:65:4D'
2026-09-23 23:30:07,800 BTPWorkerThread-10968 (_rx_task) root DEBUG gap.py                    207   gap_device_found_ev_      : found '5cf3709b654d' type 224 eir b'\x1e\tHFP AG Demo 5C:F3:70:9B:65:4D'
2026-09-23 23:30:08,014 BTPWorkerThread-10968 (_rx_task) root DEBUG iutctl_common.py          123   read                      : Read 5 bytes
2026-09-23 23:30:08,014 BTPWorkerThread-10968 (_rx_task) root DEBUG iutctl_common.py          131   read                      : Received: hdr: Header(svc_id=0x01, op=0x81, ctrl_index=0x00, data_len=0x2a) bytearray(b'\x01\x81\x00*\x00')
2026-09-23 23:30:08,014 BTPWorkerThread-10968 (_rx_task) root DEBUG iutctl_common.py          139   read                      : Read 25 bytes data
2026-09-23 23:30:08,026 BTPWorkerThread-10968 (_rx_task) root DEBUG iutctl_common.py          139   read                      : Read 17 bytes data
2026-09-23 23:30:08,026 BTPWorkerThread-10968 (_rx_task) root DEBUG iutctl_common.py          154   read                      : Received data: {'e0 95 83 06 dc 1b 00 ad 03 1f 00 1e 09 48 46 50 20 41 47 20 44 65 6d 6f 20 30 30 3a 31 42 3a 44 43 3a 30 36 3a 38 33 3a 39 35'}, bytearray(b'\xe0\x95\x83\x06\xdc\x1b\x00\xad\x03\x1f\x00\x1e\tHFP AG Demo 00:1B:DC:06:83:95')
2026-09-23 23:30:08,026 BTPWorkerThread-10968 (_rx_task) root DEBUG btp.py                    736   event_handler             : Header(svc_id=1, op=129, ctrl_index=0, data_len=42) (b'\xe0\x95\x83\x06\xdc\x1b\x00\xad\x03\x1f\x00\x1e\tHFP AG Demo 00:1B:DC:06:83:95',)
2026-09-23 23:30:08,026 BTPWorkerThread-10968 (_rx_task) root DEBUG gap.py                    193   gap_device_found_ev_      : b'\xe0\x95\x83\x06\xdc\x1b\x00\xad\x03\x1f\x00\x1e\tHFP AG Demo 00:1B:DC:06:83:95'
2026-09-23 23:30:08,026 BTPWorkerThread-10968 (_rx_task) root DEBUG gap.py                    207   gap_device_found_ev_      : found '001bdc068395' type 224 eir b'\x1e\tHFP AG Demo 00:1B:DC:06:83:95'
2026-09-23 23:30:08,101 BTPWorkerThread-10968 (_rx_task) root DEBUG iutctl_common.py          123   read                      : Read 5 bytes
2026-09-23 23:30:08,101 BTPWorkerThread-10968 (_rx_task) root DEBUG iutctl_common.py          131   read                      : Received: hdr: Header(svc_id=0x01, op=0x81, ctrl_index=0x00, data_len=0x2a) bytearray(b'\x01\x81\x00*\x00')
2026-09-23 23:30:08,101 BTPWorkerThread-10968 (_rx_task) root DEBUG iutctl_common.py          139   read                      : Read 31 bytes data
2026-09-23 23:30:08,112 BTPWorkerThread-10968 (_rx_task) root DEBUG iutctl_common.py          139   read                      : Read 11 bytes data
2026-09-23 23:30:08,112 BTPWorkerThread-10968 (_rx_task) root DEBUG iutctl_common.py          154   read                      : Received data: {'e0 4d 65 9b 70 f3 5c a8 03 1f 00 1e 09 48 46 50 20 41 47 20 44 65 6d 6f 20 35 43 3a 46 33 3a 37 30 3a 39 42 3a 36 35 3a 34 44'}, bytearray(b'\xe0Me\x9bp\xf3\\\xa8\x03\x1f\x00\x1e\tHFP AG Demo 5C:F3:70:9B:65:4D')
2026-09-23 23:30:08,113 BTPWorkerThread-10968 (_rx_task) root DEBUG btp.py                    736   event_handler             : Header(svc_id=1, op=129, ctrl_index=0, data_len=42) (b'\xe0Me\x9bp\xf3\\\xa8\x03\x1f\x00\x1e\tHFP AG Demo 5C:F3:70:9B:65:4D',)
2026-09-23 23:30:08,113 BTPWorkerThread-10968 (_rx_task) root DEBUG gap.py                    193   gap_device_found_ev_      : b'\xe0Me\x9bp\xf3\\\xa8\x03\x1f\x00\x1e\tHFP AG Demo 5C:F3:70:9B:65:4D'
2026-09-23 23:30:08,113 BTPWorkerThread-10968 (_rx_task) root DEBUG gap.py                    207   gap_device_found_ev_      : found '5cf3709b654d' type 224 eir b'\x1e\tHFP AG Demo 5C:F3:70:9B:65:4D'
2026-09-23 23:30:08,113 BTPWorkerThread-10968 (_rx_task) root DEBUG iutctl_common.py          123   read                      : Read 5 bytes
2026-09-23 23:30:08,113 BTPWorkerThread-10968 (_rx_task) root DEBUG iutctl_common.py          131   read                      : Received: hdr: Header(svc_id=0x01, op=0x81, ctrl_index=0x00, data_len=0x26) bytearray(b'\x01\x81\x00&\x00')
2026-09-23 23:30:08,113 BTPWorkerThread-10968 (_rx_task) root DEBUG iutctl_common.py          139   read                      : Read 38 bytes data
2026-09-23 23:30:08,113 BTPWorkerThread-10968 (_rx_task) root DEBUG iutctl_common.py          154   read                      : Received data: {'e0 53 00 4c 17 e5 44 b2 03 1b 00 09 09 4e 58 4c 36 36 35 32 38 02 0a 0c 0d 03 0c 11 0a 11 0b 11 0e 11 1f 11 1e 11'}, bytearray(b'\xe0S\x00L\x17\xe5D\xb2\x03\x1b\x00\t\tNXL66528\x02\n\x0c\r\x03\x0c\x11\n\x11\x0b\x11\x0e\x11\x1f\x11\x1e\x11')
2026-09-23 23:30:08,113 BTPWorkerThread-10968 (_rx_task) root DEBUG btp.py                    736   event_handler             : Header(svc_id=1, op=129, ctrl_index=0, data_len=38) (b'\xe0S\x00L\x17\xe5D\xb2\x03\x1b\x00\t\tNXL66528\x02\n\x0c\r\x03\x0c\x11\n\x11\x0b\x11\x0e\x11\x1f\x11\x1e\x11',)
2026-09-23 23:30:08,113 BTPWorkerThread-10968 (_rx_task) root DEBUG gap.py                    193   gap_device_found_ev_      : b'\xe0S\x00L\x17\xe5D\xb2\x03\x1b\x00\t\tNXL66528\x02\n\x0c\r\x03\x0c\x11\n\x11\x0b\x11\x0e\x11\x1f\x11\x1e\x11'
2026-09-23 23:30:08,114 BTPWorkerThread-10968 (_rx_task) root DEBUG gap.py                    207   gap_device_found_ev_      : found '44e5174c0053' type 224 eir b'\t\tNXL66528\x02\n\x0c\r\x03\x0c\x11\n\x11\x0b\x11\x0e\x11\x1f\x11\x1e\x11'
2026-09-23 23:30:08,456 BTPWorkerThread-10968 (_rx_task) root DEBUG iutctl_common.py          123   read                      : Read 5 bytes
2026-09-23 23:30:08,457 BTPWorkerThread-10968 (_rx_task) root DEBUG iutctl_common.py          131   read                      : Received: hdr: Header(svc_id=0x01, op=0x81, ctrl_index=0x00, data_len=0x26) bytearray(b'\x01\x81\x00&\x00')
2026-09-23 23:30:08,457 BTPWorkerThread-10968 (_rx_task) root DEBUG iutctl_common.py          139   read                      : Read 38 bytes data
2026-09-23 23:30:08,457 BTPWorkerThread-10968 (_rx_task) root DEBUG iutctl_common.py          154   read                      : Received data: {'e0 53 00 4c 17 e5 44 af 03 1b 00 09 09 4e 58 4c 36 36 35 32 38 02 0a 0c 0d 03 0c 11 0a 11 0b 11 0e 11 1f 11 1e 11'}, bytearray(b'\xe0S\x00L\x17\xe5D\xaf\x03\x1b\x00\t\tNXL66528\x02\n\x0c\r\x03\x0c\x11\n\x11\x0b\x11\x0e\x11\x1f\x11\x1e\x11')
2026-09-23 23:30:08,457 BTPWorkerThread-10968 (_rx_task) root DEBUG btp.py                    736   event_handler             : Header(svc_id=1, op=129, ctrl_index=0, data_len=38) (b'\xe0S\x00L\x17\xe5D\xaf\x03\x1b\x00\t\tNXL66528\x02\n\x0c\r\x03\x0c\x11\n\x11\x0b\x11\x0e\x11\x1f\x11\x1e\x11',)
2026-09-23 23:30:08,457 BTPWorkerThread-10968 (_rx_task) root DEBUG gap.py                    193   gap_device_found_ev_      : b'\xe0S\x00L\x17\xe5D\xaf\x03\x1b\x00\t\tNXL66528\x02\n\x0c\r\x03\x0c\x11\n\x11\x0b\x11\x0e\x11\x1f\x11\x1e\x11'
2026-09-23 23:30:08,457 BTPWorkerThread-10968 (_rx_task) root DEBUG gap.py                    207   gap_device_found_ev_      : found '44e5174c0053' type 224 eir b'\t\tNXL66528\x02\n\x0c\r\x03\x0c\x11\n\x11\x0b\x11\x0e\x11\x1f\x11\x1e\x11'
2026-09-23 23:30:08,499 BTPWorkerThread-10968 (_rx_task) root DEBUG iutctl_common.py          123   read                      : Read 5 bytes
2026-09-23 23:30:08,499 BTPWorkerThread-10968 (_rx_task) root DEBUG iutctl_common.py          131   read                      : Received: hdr: Header(svc_id=0x01, op=0x81, ctrl_index=0x00, data_len=0x2a) bytearray(b'\x01\x81\x00*\x00')
2026-09-23 23:30:08,500 BTPWorkerThread-10968 (_rx_task) root DEBUG iutctl_common.py          139   read                      : Read 42 bytes data
2026-09-23 23:30:08,500 BTPWorkerThread-10968 (_rx_task) root DEBUG iutctl_common.py          154   read                      : Received data: {'e0 95 83 06 dc 1b 00 af 03 1f 00 1e 09 48 46 50 20 41 47 20 44 65 6d 6f 20 30 30 3a 31 42 3a 44 43 3a 30 36 3a 38 33 3a 39 35'}, bytearray(b'\xe0\x95\x83\x06\xdc\x1b\x00\xaf\x03\x1f\x00\x1e\tHFP AG Demo 00:1B:DC:06:83:95')
2026-09-23 23:30:08,500 BTPWorkerThread-10968 (_rx_task) root DEBUG btp.py                    736   event_handler             : Header(svc_id=1, op=129, ctrl_index=0, data_len=42) (b'\xe0\x95\x83\x06\xdc\x1b\x00\xaf\x03\x1f\x00\x1e\tHFP AG Demo 00:1B:DC:06:83:95',)
2026-09-23 23:30:08,500 BTPWorkerThread-10968 (_rx_task) root DEBUG gap.py                    193   gap_device_found_ev_      : b'\xe0\x95\x83\x06\xdc\x1b\x00\xaf\x03\x1f\x00\x1e\tHFP AG Demo 00:1B:DC:06:83:95'
2026-09-23 23:30:08,500 BTPWorkerThread-10968 (_rx_task) root DEBUG gap.py                    207   gap_device_found_ev_      : found '001bdc068395' type 224 eir b'\x1e\tHFP AG Demo 00:1B:DC:06:83:95'
2026-09-23 23:30:08,571 BTPWorkerThread-10968 (_rx_task) root DEBUG iutctl_common.py          123   read                      : Read 5 bytes
2026-09-23 23:30:08,571 BTPWorkerThread-10968 (_rx_task) root DEBUG iutctl_common.py          131   read                      : Received: hdr: Header(svc_id=0x01, op=0x81, ctrl_index=0x00, data_len=0x26) bytearray(b'\x01\x81\x00&\x00')
2026-09-23 23:30:08,572 BTPWorkerThread-10968 (_rx_task) root DEBUG iutctl_common.py          139   read                      : Read 38 bytes data
2026-09-23 23:30:08,572 BTPWorkerThread-10968 (_rx_task) root DEBUG iutctl_common.py          154   read                      : Received data: {'e0 53 00 4c 17 e5 44 af 03 1b 00 09 09 4e 58 4c 36 36 35 32 38 02 0a 0c 0d 03 0c 11 0a 11 0b 11 0e 11 1f 11 1e 11'}, bytearray(b'\xe0S\x00L\x17\xe5D\xaf\x03\x1b\x00\t\tNXL66528\x02\n\x0c\r\x03\x0c\x11\n\x11\x0b\x11\x0e\x11\x1f\x11\x1e\x11')
2026-09-23 23:30:08,572 BTPWorkerThread-10968 (_rx_task) root DEBUG btp.py                    736   event_handler             : Header(svc_id=1, op=129, ctrl_index=0, data_len=38) (b'\xe0S\x00L\x17\xe5D\xaf\x03\x1b\x00\t\tNXL66528\x02\n\x0c\r\x03\x0c\x11\n\x11\x0b\x11\x0e\x11\x1f\x11\x1e\x11',)
2026-09-23 23:30:08,572 BTPWorkerThread-10968 (_rx_task) root DEBUG gap.py                    193   gap_device_found_ev_      : b'\xe0S\x00L\x17\xe5D\xaf\x03\x1b\x00\t\tNXL66528\x02\n\x0c\r\x03\x0c\x11\n\x11\x0b\x11\x0e\x11\x1f\x11\x1e\x11'
2026-09-23 23:30:08,572 BTPWorkerThread-10968 (_rx_task) root DEBUG gap.py                    207   gap_device_found_ev_      : found '44e5174c0053' type 224 eir b'\t\tNXL66528\x02\n\x0c\r\x03\x0c\x11\n\x11\x0b\x11\x0e\x11\x1f\x11\x1e\x11'
2026-09-23 23:30:08,723 BTPWorkerThread-10968 (_rx_task) root DEBUG iutctl_common.py          123   read                      : Read 5 bytes
2026-09-23 23:30:08,723 BTPWorkerThread-10968 (_rx_task) root DEBUG iutctl_common.py          131   read                      : Received: hdr: Header(svc_id=0x01, op=0x81, ctrl_index=0x00, data_len=0x1a) bytearray(b'\x01\x81\x00\x1a\x00')
2026-09-23 23:30:08,724 BTPWorkerThread-10968 (_rx_task) root DEBUG iutctl_common.py          139   read                      : Read 26 bytes data
2026-09-23 23:30:08,724 BTPWorkerThread-10968 (_rx_task) root DEBUG iutctl_common.py          154   read                      : Received data: {'e0 4e e4 08 dc 1b 00 d4 03 0f 00 0e 09 50 54 53 2d 47 41 50 2d 45 34 34 45 00'}, bytearray(b'\xe0N\xe4\x08\xdc\x1b\x00\xd4\x03\x0f\x00\x0e\tPTS-GAP-E44E\x00')
2026-09-23 23:30:08,724 BTPWorkerThread-10968 (_rx_task) root DEBUG btp.py                    736   event_handler             : Header(svc_id=1, op=129, ctrl_index=0, data_len=26) (b'\xe0N\xe4\x08\xdc\x1b\x00\xd4\x03\x0f\x00\x0e\tPTS-GAP-E44E\x00',)
2026-09-23 23:30:08,724 BTPWorkerThread-10968 (_rx_task) root DEBUG gap.py                    193   gap_device_found_ev_      : b'\xe0N\xe4\x08\xdc\x1b\x00\xd4\x03\x0f\x00\x0e\tPTS-GAP-E44E\x00'
2026-09-23 23:30:08,724 BTPWorkerThread-10968 (_rx_task) root DEBUG gap.py                    207   gap_device_found_ev_      : found '001bdc08e44e' type 224 eir b'\x0e\tPTS-GAP-E44E\x00'
2026-09-23 23:30:08,745 BTPWorkerThread-10968 (_rx_task) root DEBUG iutctl_common.py          123   read                      : Read 5 bytes
2026-09-23 23:30:08,745 BTPWorkerThread-10968 (_rx_task) root DEBUG iutctl_common.py          131   read                      : Received: hdr: Header(svc_id=0x01, op=0x81, ctrl_index=0x00, data_len=0x1a) bytearray(b'\x01\x81\x00\x1a\x00')
2026-09-23 23:30:08,745 BTPWorkerThread-10968 (_rx_task) root DEBUG iutctl_common.py          139   read                      : Read 26 bytes data
2026-09-23 23:30:08,746 BTPWorkerThread-10968 (_rx_task) root DEBUG iutctl_common.py          154   read                      : Received data: {'e0 4e e4 08 dc 1b 00 d2 03 0f 00 0e 09 50 54 53 2d 47 41 50 2d 45 34 34 45 00'}, bytearray(b'\xe0N\xe4\x08\xdc\x1b\x00\xd2\x03\x0f\x00\x0e\tPTS-GAP-E44E\x00')
2026-09-23 23:30:08,746 BTPWorkerThread-10968 (_rx_task) root DEBUG btp.py                    736   event_handler             : Header(svc_id=1, op=129, ctrl_index=0, data_len=26) (b'\xe0N\xe4\x08\xdc\x1b\x00\xd2\x03\x0f\x00\x0e\tPTS-GAP-E44E\x00',)
2026-09-23 23:30:08,746 BTPWorkerThread-10968 (_rx_task) root DEBUG gap.py                    193   gap_device_found_ev_      : b'\xe0N\xe4\x08\xdc\x1b\x00\xd2\x03\x0f\x00\x0e\tPTS-GAP-E44E\x00'
2026-09-23 23:30:08,746 BTPWorkerThread-10968 (_rx_task) root DEBUG gap.py                    207   gap_device_found_ev_      : found '001bdc08e44e' type 224 eir b'\x0e\tPTS-GAP-E44E\x00'
2026-09-23 23:30:09,186 BTPWorkerThread-10968 (_rx_task) root DEBUG iutctl_common.py          123   read                      : Read 5 bytes
2026-09-23 23:30:09,186 BTPWorkerThread-10968 (_rx_task) root DEBUG iutctl_common.py          131   read                      : Received: hdr: Header(svc_id=0x01, op=0x81, ctrl_index=0x00, data_len=0x2a) bytearray(b'\x01\x81\x00*\x00')
2026-09-23 23:30:09,186 BTPWorkerThread-10968 (_rx_task) root DEBUG iutctl_common.py          139   read                      : Read 40 bytes data
2026-09-23 23:30:09,197 BTPWorkerThread-10968 (_rx_task) root DEBUG iutctl_common.py          139   read                      : Read 2 bytes data
2026-09-23 23:30:09,197 BTPWorkerThread-10968 (_rx_task) root DEBUG iutctl_common.py          154   read                      : Received data: {'e0 cd 83 06 dc 1b 00 af 03 1f 00 1e 09 41 32 44 50 20 53 6f 75 72 63 65 20 30 30 3a 31 42 3a 44 43 3a 30 36 3a 38 33 3a 43 44'}, bytearray(b'\xe0\xcd\x83\x06\xdc\x1b\x00\xaf\x03\x1f\x00\x1e\tA2DP Source 00:1B:DC:06:83:CD')
2026-09-23 23:30:09,197 BTPWorkerThread-10968 (_rx_task) root DEBUG btp.py                    736   event_handler             : Header(svc_id=1, op=129, ctrl_index=0, data_len=42) (b'\xe0\xcd\x83\x06\xdc\x1b\x00\xaf\x03\x1f\x00\x1e\tA2DP Source 00:1B:DC:06:83:CD',)
2026-09-23 23:30:09,198 BTPWorkerThread-10968 (_rx_task) root DEBUG gap.py                    193   gap_device_found_ev_      : b'\xe0\xcd\x83\x06\xdc\x1b\x00\xaf\x03\x1f\x00\x1e\tA2DP Source 00:1B:DC:06:83:CD'
2026-09-23 23:30:09,198 BTPWorkerThread-10968 (_rx_task) root DEBUG gap.py                    207   gap_device_found_ev_      : found '001bdc0683cd' type 224 eir b'\x1e\tA2DP Source 00:1B:DC:06:83:CD'
2026-09-23 23:30:09,198 BTPWorkerThread-10968 (_rx_task) root DEBUG iutctl_common.py          123   read                      : Read 5 bytes
2026-09-23 23:30:09,198 BTPWorkerThread-10968 (_rx_task) root DEBUG iutctl_common.py          131   read                      : Received: hdr: Header(svc_id=0x01, op=0x81, ctrl_index=0x00, data_len=0x26) bytearray(b'\x01\x81\x00&\x00')
2026-09-23 23:30:09,198 BTPWorkerThread-10968 (_rx_task) root DEBUG iutctl_common.py          139   read                      : Read 38 bytes data
2026-09-23 23:30:09,198 BTPWorkerThread-10968 (_rx_task) root DEBUG iutctl_common.py          154   read                      : Received data: {'e0 53 00 4c 17 e5 44 b1 03 1b 00 09 09 4e 58 4c 36 36 35 32 38 02 0a 0c 0d 03 0c 11 0a 11 0b 11 0e 11 1f 11 1e 11'}, bytearray(b'\xe0S\x00L\x17\xe5D\xb1\x03\x1b\x00\t\tNXL66528\x02\n\x0c\r\x03\x0c\x11\n\x11\x0b\x11\x0e\x11\x1f\x11\x1e\x11')
2026-09-23 23:30:09,198 BTPWorkerThread-10968 (_rx_task) root DEBUG btp.py                    736   event_handler             : Header(svc_id=1, op=129, ctrl_index=0, data_len=38) (b'\xe0S\x00L\x17\xe5D\xb1\x03\x1b\x00\t\tNXL66528\x02\n\x0c\r\x03\x0c\x11\n\x11\x0b\x11\x0e\x11\x1f\x11\x1e\x11',)
2026-09-23 23:30:09,198 BTPWorkerThread-10968 (_rx_task) root DEBUG gap.py                    193   gap_device_found_ev_      : b'\xe0S\x00L\x17\xe5D\xb1\x03\x1b\x00\t\tNXL66528\x02\n\x0c\r\x03\x0c\x11\n\x11\x0b\x11\x0e\x11\x1f\x11\x1e\x11'
2026-09-23 23:30:09,198 BTPWorkerThread-10968 (_rx_task) root DEBUG gap.py                    207   gap_device_found_ev_      : found '44e5174c0053' type 224 eir b'\t\tNXL66528\x02\n\x0c\r\x03\x0c\x11\n\x11\x0b\x11\x0e\x11\x1f\x11\x1e\x11'
2026-09-23 23:30:09,336 BTPWorkerThread-10968 (_rx_task) root DEBUG iutctl_common.py          123   read                      : Read 5 bytes
2026-09-23 23:30:09,336 BTPWorkerThread-10968 (_rx_task) root DEBUG iutctl_common.py          131   read                      : Received: hdr: Header(svc_id=0x01, op=0x81, ctrl_index=0x00, data_len=0x1a) bytearray(b'\x01\x81\x00\x1a\x00')
2026-09-23 23:30:09,347 BTPWorkerThread-10968 (_rx_task) root DEBUG iutctl_common.py          139   read                      : Read 26 bytes data
2026-09-23 23:30:09,347 BTPWorkerThread-10968 (_rx_task) root DEBUG iutctl_common.py          154   read                      : Received data: {'e0 4e e4 08 dc 1b 00 d3 03 0f 00 0e 09 50 54 53 2d 47 41 50 2d 45 34 34 45 00'}, bytearray(b'\xe0N\xe4\x08\xdc\x1b\x00\xd3\x03\x0f\x00\x0e\tPTS-GAP-E44E\x00')
2026-09-23 23:30:09,348 BTPWorkerThread-10968 (_rx_task) root DEBUG btp.py                    736   event_handler             : Header(svc_id=1, op=129, ctrl_index=0, data_len=26) (b'\xe0N\xe4\x08\xdc\x1b\x00\xd3\x03\x0f\x00\x0e\tPTS-GAP-E44E\x00',)
2026-09-23 23:30:09,348 BTPWorkerThread-10968 (_rx_task) root DEBUG gap.py                    193   gap_device_found_ev_      : b'\xe0N\xe4\x08\xdc\x1b\x00\xd3\x03\x0f\x00\x0e\tPTS-GAP-E44E\x00'
2026-09-23 23:30:09,348 BTPWorkerThread-10968 (_rx_task) root DEBUG gap.py                    207   gap_device_found_ev_      : found '001bdc08e44e' type 224 eir b'\x0e\tPTS-GAP-E44E\x00'
2026-09-23 23:30:09,560 BTPWorkerThread-10968 (_rx_task) root DEBUG iutctl_common.py          123   read                      : Read 5 bytes
2026-09-23 23:30:09,560 BTPWorkerThread-10968 (_rx_task) root DEBUG iutctl_common.py          131   read                      : Received: hdr: Header(svc_id=0x01, op=0x81, ctrl_index=0x00, data_len=0x26) bytearray(b'\x01\x81\x00&\x00')
2026-09-23 23:30:09,561 BTPWorkerThread-10968 (_rx_task) root DEBUG iutctl_common.py          139   read                      : Read 12 bytes data
2026-09-23 23:30:09,571 BTPWorkerThread-10968 (_rx_task) root DEBUG iutctl_common.py          139   read                      : Read 26 bytes data
2026-09-23 23:30:09,571 BTPWorkerThread-10968 (_rx_task) root DEBUG iutctl_common.py          154   read                      : Received data: {'e0 53 00 4c 17 e5 44 b0 03 1b 00 09 09 4e 58 4c 36 36 35 32 38 02 0a 0c 0d 03 0c 11 0a 11 0b 11 0e 11 1f 11 1e 11'}, bytearray(b'\xe0S\x00L\x17\xe5D\xb0\x03\x1b\x00\t\tNXL66528\x02\n\x0c\r\x03\x0c\x11\n\x11\x0b\x11\x0e\x11\x1f\x11\x1e\x11')
2026-09-23 23:30:09,571 BTPWorkerThread-10968 (_rx_task) root DEBUG btp.py                    736   event_handler             : Header(svc_id=1, op=129, ctrl_index=0, data_len=38) (b'\xe0S\x00L\x17\xe5D\xb0\x03\x1b\x00\t\tNXL66528\x02\n\x0c\r\x03\x0c\x11\n\x11\x0b\x11\x0e\x11\x1f\x11\x1e\x11',)
2026-09-23 23:30:09,572 BTPWorkerThread-10968 (_rx_task) root DEBUG gap.py                    193   gap_device_found_ev_      : b'\xe0S\x00L\x17\xe5D\xb0\x03\x1b\x00\t\tNXL66528\x02\n\x0c\r\x03\x0c\x11\n\x11\x0b\x11\x0e\x11\x1f\x11\x1e\x11'
2026-09-23 23:30:09,572 BTPWorkerThread-10968 (_rx_task) root DEBUG gap.py                    207   gap_device_found_ev_      : found '44e5174c0053' type 224 eir b'\t\tNXL66528\x02\n\x0c\r\x03\x0c\x11\n\x11\x0b\x11\x0e\x11\x1f\x11\x1e\x11'
2026-09-23 23:30:09,582 BTPWorkerThread-10968 (_rx_task) root DEBUG iutctl_common.py          123   read                      : Read 5 bytes
2026-09-23 23:30:09,582 BTPWorkerThread-10968 (_rx_task) root DEBUG iutctl_common.py          131   read                      : Received: hdr: Header(svc_id=0x01, op=0x81, ctrl_index=0x00, data_len=0x1a) bytearray(b'\x01\x81\x00\x1a\x00')
2026-09-23 23:30:09,583 BTPWorkerThread-10968 (_rx_task) root DEBUG iutctl_common.py          139   read                      : Read 26 bytes data
2026-09-23 23:30:09,583 BTPWorkerThread-10968 (_rx_task) root DEBUG iutctl_common.py          154   read                      : Received data: {'e0 4e e4 08 dc 1b 00 d1 03 0f 00 0e 09 50 54 53 2d 47 41 50 2d 45 34 34 45 00'}, bytearray(b'\xe0N\xe4\x08\xdc\x1b\x00\xd1\x03\x0f\x00\x0e\tPTS-GAP-E44E\x00')
2026-09-23 23:30:09,583 BTPWorkerThread-10968 (_rx_task) root DEBUG btp.py                    736   event_handler             : Header(svc_id=1, op=129, ctrl_index=0, data_len=26) (b'\xe0N\xe4\x08\xdc\x1b\x00\xd1\x03\x0f\x00\x0e\tPTS-GAP-E44E\x00',)
2026-09-23 23:30:09,583 BTPWorkerThread-10968 (_rx_task) root DEBUG gap.py                    193   gap_device_found_ev_      : b'\xe0N\xe4\x08\xdc\x1b\x00\xd1\x03\x0f\x00\x0e\tPTS-GAP-E44E\x00'
2026-09-23 23:30:09,583 BTPWorkerThread-10968 (_rx_task) root DEBUG gap.py                    207   gap_device_found_ev_      : found '001bdc08e44e' type 224 eir b'\x0e\tPTS-GAP-E44E\x00'
2026-09-23 23:30:09,625 BTPWorkerThread-10968 (_rx_task) root DEBUG iutctl_common.py          123   read                      : Read 5 bytes
2026-09-23 23:30:09,626 BTPWorkerThread-10968 (_rx_task) root DEBUG iutctl_common.py          131   read                      : Received: hdr: Header(svc_id=0x01, op=0x81, ctrl_index=0x00, data_len=0x2a) bytearray(b'\x01\x81\x00*\x00')
2026-09-23 23:30:09,626 BTPWorkerThread-10968 (_rx_task) root DEBUG iutctl_common.py          139   read                      : Read 16 bytes data
2026-09-23 23:30:09,636 BTPWorkerThread-10968 (_rx_task) root DEBUG iutctl_common.py          139   read                      : Read 26 bytes data
2026-09-23 23:30:09,636 BTPWorkerThread-10968 (_rx_task) root DEBUG iutctl_common.py          154   read                      : Received data: {'e0 cd 83 06 dc 1b 00 ae 03 1f 00 1e 09 41 32 44 50 20 53 6f 75 72 63 65 20 30 30 3a 31 42 3a 44 43 3a 30 36 3a 38 33 3a 43 44'}, bytearray(b'\xe0\xcd\x83\x06\xdc\x1b\x00\xae\x03\x1f\x00\x1e\tA2DP Source 00:1B:DC:06:83:CD')
2026-09-23 23:30:09,636 BTPWorkerThread-10968 (_rx_task) root DEBUG btp.py                    736   event_handler             : Header(svc_id=1, op=129, ctrl_index=0, data_len=42) (b'\xe0\xcd\x83\x06\xdc\x1b\x00\xae\x03\x1f\x00\x1e\tA2DP Source 00:1B:DC:06:83:CD',)
2026-09-23 23:30:09,637 BTPWorkerThread-10968 (_rx_task) root DEBUG gap.py                    193   gap_device_found_ev_      : b'\xe0\xcd\x83\x06\xdc\x1b\x00\xae\x03\x1f\x00\x1e\tA2DP Source 00:1B:DC:06:83:CD'
2026-09-23 23:30:09,637 BTPWorkerThread-10968 (_rx_task) root DEBUG gap.py                    207   gap_device_found_ev_      : found '001bdc0683cd' type 224 eir b'\x1e\tA2DP Source 00:1B:DC:06:83:CD'
2026-09-23 23:30:09,863 BTPWorkerThread-10968 (_rx_task) root DEBUG iutctl_common.py          123   read                      : Read 5 bytes
2026-09-23 23:30:09,863 BTPWorkerThread-10968 (_rx_task) root DEBUG iutctl_common.py          131   read                      : Received: hdr: Header(svc_id=0x01, op=0x81, ctrl_index=0x00, data_len=0x1a) bytearray(b'\x01\x81\x00\x1a\x00')
2026-09-23 23:30:09,863 BTPWorkerThread-10968 (_rx_task) root DEBUG iutctl_common.py          139   read                      : Read 26 bytes data
2026-09-23 23:30:09,863 BTPWorkerThread-10968 (_rx_task) root DEBUG iutctl_common.py          154   read                      : Received data: {'e0 4e e4 08 dc 1b 00 d4 03 0f 00 0e 09 50 54 53 2d 47 41 50 2d 45 34 34 45 00'}, bytearray(b'\xe0N\xe4\x08\xdc\x1b\x00\xd4\x03\x0f\x00\x0e\tPTS-GAP-E44E\x00')
2026-09-23 23:30:09,863 BTPWorkerThread-10968 (_rx_task) root DEBUG btp.py                    736   event_handler             : Header(svc_id=1, op=129, ctrl_index=0, data_len=26) (b'\xe0N\xe4\x08\xdc\x1b\x00\xd4\x03\x0f\x00\x0e\tPTS-GAP-E44E\x00',)
2026-09-23 23:30:09,863 BTPWorkerThread-10968 (_rx_task) root DEBUG gap.py                    193   gap_device_found_ev_      : b'\xe0N\xe4\x08\xdc\x1b\x00\xd4\x03\x0f\x00\x0e\tPTS-GAP-E44E\x00'
2026-09-23 23:30:09,863 BTPWorkerThread-10968 (_rx_task) root DEBUG gap.py                    207   gap_device_found_ev_      : found '001bdc08e44e' type 224 eir b'\x0e\tPTS-GAP-E44E\x00'
2026-09-23 23:30:09,970 BTPWorkerThread-10968 (_rx_task) root DEBUG iutctl_common.py          123   read                      : Read 5 bytes
2026-09-23 23:30:09,970 BTPWorkerThread-10968 (_rx_task) root DEBUG iutctl_common.py          131   read                      : Received: hdr: Header(svc_id=0x01, op=0x81, ctrl_index=0x00, data_len=0x2a) bytearray(b'\x01\x81\x00*\x00')
2026-09-23 23:30:09,971 BTPWorkerThread-10968 (_rx_task) root DEBUG iutctl_common.py          139   read                      : Read 42 bytes data
2026-09-23 23:30:09,971 BTPWorkerThread-10968 (_rx_task) root DEBUG iutctl_common.py          154   read                      : Received data: {'e0 cd 83 06 dc 1b 00 ad 03 1f 00 1e 09 41 32 44 50 20 53 6f 75 72 63 65 20 30 30 3a 31 42 3a 44 43 3a 30 36 3a 38 33 3a 43 44'}, bytearray(b'\xe0\xcd\x83\x06\xdc\x1b\x00\xad\x03\x1f\x00\x1e\tA2DP Source 00:1B:DC:06:83:CD')
2026-09-23 23:30:09,971 BTPWorkerThread-10968 (_rx_task) root DEBUG btp.py                    736   event_handler             : Header(svc_id=1, op=129, ctrl_index=0, data_len=42) (b'\xe0\xcd\x83\x06\xdc\x1b\x00\xad\x03\x1f\x00\x1e\tA2DP Source 00:1B:DC:06:83:CD',)
2026-09-23 23:30:09,971 BTPWorkerThread-10968 (_rx_task) root DEBUG gap.py                    193   gap_device_found_ev_      : b'\xe0\xcd\x83\x06\xdc\x1b\x00\xad\x03\x1f\x00\x1e\tA2DP Source 00:1B:DC:06:83:CD'
2026-09-23 23:30:09,971 BTPWorkerThread-10968 (_rx_task) root DEBUG gap.py                    207   gap_device_found_ev_      : found '001bdc0683cd' type 224 eir b'\x1e\tA2DP Source 00:1B:DC:06:83:CD'
2026-09-23 23:30:09,991 BTPWorkerThread-10968 (_rx_task) root DEBUG iutctl_common.py          123   read                      : Read 5 bytes
2026-09-23 23:30:09,991 BTPWorkerThread-10968 (_rx_task) root DEBUG iutctl_common.py          131   read                      : Received: hdr: Header(svc_id=0x01, op=0x81, ctrl_index=0x00, data_len=0x0b) bytearray(b'\x01\x81\x00\x0b\x00')
2026-09-23 23:30:09,992 BTPWorkerThread-10968 (_rx_task) root DEBUG iutctl_common.py          139   read                      : Read 11 bytes data
2026-09-23 23:30:09,992 BTPWorkerThread-10968 (_rx_task) root DEBUG iutctl_common.py          154   read                      : Received data: {'e0 cd 83 06 dc 1b 00 a9 03 00 00'}, bytearray(b'\xe0\xcd\x83\x06\xdc\x1b\x00\xa9\x03\x00\x00')
2026-09-23 23:30:09,992 BTPWorkerThread-10968 (_rx_task) root DEBUG btp.py                    736   event_handler             : Header(svc_id=1, op=129, ctrl_index=0, data_len=11) (b'\xe0\xcd\x83\x06\xdc\x1b\x00\xa9\x03\x00\x00',)
2026-09-23 23:30:09,992 BTPWorkerThread-10968 (_rx_task) root DEBUG gap.py                    193   gap_device_found_ev_      : b'\xe0\xcd\x83\x06\xdc\x1b\x00\xa9\x03\x00\x00'
2026-09-23 23:30:09,992 BTPWorkerThread-10968 (_rx_task) root DEBUG gap.py                    207   gap_device_found_ev_      : found '001bdc0683cd' type 224 eir b''
2026-09-23 23:30:10,069 BTPWorkerThread-10968 (_rx_task) root DEBUG iutctl_common.py          123   read                      : Read 5 bytes
2026-09-23 23:30:10,069 BTPWorkerThread-10968 (_rx_task) root DEBUG iutctl_common.py          131   read                      : Received: hdr: Header(svc_id=0x01, op=0x81, ctrl_index=0x00, data_len=0x26) bytearray(b'\x01\x81\x00&\x00')
2026-09-23 23:30:10,069 BTPWorkerThread-10968 (_rx_task) root DEBUG iutctl_common.py          139   read                      : Read 38 bytes data
2026-09-23 23:30:10,069 BTPWorkerThread-10968 (_rx_task) root DEBUG iutctl_common.py          154   read                      : Received data: {'e0 53 00 4c 17 e5 44 b1 03 1b 00 09 09 4e 58 4c 36 36 35 32 38 02 0a 0c 0d 03 0c 11 0a 11 0b 11 0e 11 1f 11 1e 11'}, bytearray(b'\xe0S\x00L\x17\xe5D\xb1\x03\x1b\x00\t\tNXL66528\x02\n\x0c\r\x03\x0c\x11\n\x11\x0b\x11\x0e\x11\x1f\x11\x1e\x11')
2026-09-23 23:30:10,069 BTPWorkerThread-10968 (_rx_task) root DEBUG btp.py                    736   event_handler             : Header(svc_id=1, op=129, ctrl_index=0, data_len=38) (b'\xe0S\x00L\x17\xe5D\xb1\x03\x1b\x00\t\tNXL66528\x02\n\x0c\r\x03\x0c\x11\n\x11\x0b\x11\x0e\x11\x1f\x11\x1e\x11',)
2026-09-23 23:30:10,069 BTPWorkerThread-10968 (_rx_task) root DEBUG gap.py                    193   gap_device_found_ev_      : b'\xe0S\x00L\x17\xe5D\xb1\x03\x1b\x00\t\tNXL66528\x02\n\x0c\r\x03\x0c\x11\n\x11\x0b\x11\x0e\x11\x1f\x11\x1e\x11'
2026-09-23 23:30:10,069 BTPWorkerThread-10968 (_rx_task) root DEBUG gap.py                    207   gap_device_found_ev_      : found '44e5174c0053' type 224 eir b'\t\tNXL66528\x02\n\x0c\r\x03\x0c\x11\n\x11\x0b\x11\x0e\x11\x1f\x11\x1e\x11'
2026-09-23 23:30:10,389 BTPWorkerThread-10968 (_rx_task) root DEBUG iutctl_common.py          123   read                      : Read 5 bytes
2026-09-23 23:30:10,389 BTPWorkerThread-10968 (_rx_task) root DEBUG iutctl_common.py          131   read                      : Received: hdr: Header(svc_id=0x01, op=0x81, ctrl_index=0x00, data_len=0x1a) bytearray(b'\x01\x81\x00\x1a\x00')
2026-09-23 23:30:10,389 BTPWorkerThread-10968 (_rx_task) root DEBUG iutctl_common.py          139   read                      : Read 26 bytes data
2026-09-23 23:30:10,389 BTPWorkerThread-10968 (_rx_task) root DEBUG iutctl_common.py          154   read                      : Received data: {'e0 4e e4 08 dc 1b 00 d4 03 0f 00 0e 09 50 54 53 2d 47 41 50 2d 45 34 34 45 00'}, bytearray(b'\xe0N\xe4\x08\xdc\x1b\x00\xd4\x03\x0f\x00\x0e\tPTS-GAP-E44E\x00')
2026-09-23 23:30:10,389 BTPWorkerThread-10968 (_rx_task) root DEBUG btp.py                    736   event_handler             : Header(svc_id=1, op=129, ctrl_index=0, data_len=26) (b'\xe0N\xe4\x08\xdc\x1b\x00\xd4\x03\x0f\x00\x0e\tPTS-GAP-E44E\x00',)
2026-09-23 23:30:10,389 BTPWorkerThread-10968 (_rx_task) root DEBUG gap.py                    193   gap_device_found_ev_      : b'\xe0N\xe4\x08\xdc\x1b\x00\xd4\x03\x0f\x00\x0e\tPTS-GAP-E44E\x00'
2026-09-23 23:30:10,389 BTPWorkerThread-10968 (_rx_task) root DEBUG gap.py                    207   gap_device_found_ev_      : found '001bdc08e44e' type 224 eir b'\x0e\tPTS-GAP-E44E\x00'
2026-09-23 23:30:10,432 BTPWorkerThread-10968 (_rx_task) root DEBUG iutctl_common.py          123   read                      : Read 5 bytes
2026-09-23 23:30:10,432 BTPWorkerThread-10968 (_rx_task) root DEBUG iutctl_common.py          131   read                      : Received: hdr: Header(svc_id=0x01, op=0x81, ctrl_index=0x00, data_len=0x2a) bytearray(b'\x01\x81\x00*\x00')
2026-09-23 23:30:10,432 BTPWorkerThread-10968 (_rx_task) root DEBUG iutctl_common.py          139   read                      : Read 42 bytes data
2026-09-23 23:30:10,433 BTPWorkerThread-10968 (_rx_task) root DEBUG iutctl_common.py          154   read                      : Received data: {'e0 eb b2 06 dc 1b 00 ac 03 1f 00 1e 09 41 32 44 50 20 53 6f 75 72 63 65 20 30 30 3a 31 42 3a 44 43 3a 30 36 3a 42 32 3a 45 42'}, bytearray(b'\xe0\xeb\xb2\x06\xdc\x1b\x00\xac\x03\x1f\x00\x1e\tA2DP Source 00:1B:DC:06:B2:EB')
2026-09-23 23:30:10,433 BTPWorkerThread-10968 (_rx_task) root DEBUG btp.py                    736   event_handler             : Header(svc_id=1, op=129, ctrl_index=0, data_len=42) (b'\xe0\xeb\xb2\x06\xdc\x1b\x00\xac\x03\x1f\x00\x1e\tA2DP Source 00:1B:DC:06:B2:EB',)
2026-09-23 23:30:10,433 BTPWorkerThread-10968 (_rx_task) root DEBUG gap.py                    193   gap_device_found_ev_      : b'\xe0\xeb\xb2\x06\xdc\x1b\x00\xac\x03\x1f\x00\x1e\tA2DP Source 00:1B:DC:06:B2:EB'
2026-09-23 23:30:10,433 BTPWorkerThread-10968 (_rx_task) root DEBUG gap.py                    207   gap_device_found_ev_      : found '001bdc06b2eb' type 224 eir b'\x1e\tA2DP Source 00:1B:DC:06:B2:EB'
2026-09-23 23:30:10,593 BTPWorkerThread-10968 (_rx_task) root DEBUG iutctl_common.py          123   read                      : Read 5 bytes
2026-09-23 23:30:10,593 BTPWorkerThread-10968 (_rx_task) root DEBUG iutctl_common.py          131   read                      : Received: hdr: Header(svc_id=0x01, op=0x81, ctrl_index=0x00, data_len=0x26) bytearray(b'\x01\x81\x00&\x00')
2026-09-23 23:30:10,593 BTPWorkerThread-10968 (_rx_task) root DEBUG iutctl_common.py          139   read                      : Read 36 bytes data
2026-09-23 23:30:10,605 BTPWorkerThread-10968 (_rx_task) root DEBUG iutctl_common.py          139   read                      : Read 2 bytes data
2026-09-23 23:30:10,605 BTPWorkerThread-10968 (_rx_task) root DEBUG iutctl_common.py          154   read                      : Received data: {'e0 53 00 4c 17 e5 44 b1 03 1b 00 09 09 4e 58 4c 36 36 35 32 38 02 0a 0c 0d 03 0c 11 0a 11 0b 11 0e 11 1f 11 1e 11'}, bytearray(b'\xe0S\x00L\x17\xe5D\xb1\x03\x1b\x00\t\tNXL66528\x02\n\x0c\r\x03\x0c\x11\n\x11\x0b\x11\x0e\x11\x1f\x11\x1e\x11')
2026-09-23 23:30:10,605 BTPWorkerThread-10968 (_rx_task) root DEBUG btp.py                    736   event_handler             : Header(svc_id=1, op=129, ctrl_index=0, data_len=38) (b'\xe0S\x00L\x17\xe5D\xb1\x03\x1b\x00\t\tNXL66528\x02\n\x0c\r\x03\x0c\x11\n\x11\x0b\x11\x0e\x11\x1f\x11\x1e\x11',)
2026-09-23 23:30:10,605 BTPWorkerThread-10968 (_rx_task) root DEBUG gap.py                    193   gap_device_found_ev_      : b'\xe0S\x00L\x17\xe5D\xb1\x03\x1b\x00\t\tNXL66528\x02\n\x0c\r\x03\x0c\x11\n\x11\x0b\x11\x0e\x11\x1f\x11\x1e\x11'
2026-09-23 23:30:10,605 BTPWorkerThread-10968 (_rx_task) root DEBUG gap.py                    207   gap_device_found_ev_      : found '44e5174c0053' type 224 eir b'\t\tNXL66528\x02\n\x0c\r\x03\x0c\x11\n\x11\x0b\x11\x0e\x11\x1f\x11\x1e\x11'
2026-09-23 23:30:10,648 BTPWorkerThread-10968 (_rx_task) root DEBUG iutctl_common.py          123   read                      : Read 5 bytes
2026-09-23 23:30:10,648 BTPWorkerThread-10968 (_rx_task) root DEBUG iutctl_common.py          131   read                      : Received: hdr: Header(svc_id=0x01, op=0x81, ctrl_index=0x00, data_len=0x26) bytearray(b'\x01\x81\x00&\x00')
2026-09-23 23:30:10,648 BTPWorkerThread-10968 (_rx_task) root DEBUG iutctl_common.py          139   read                      : Read 38 bytes data
2026-09-23 23:30:10,649 BTPWorkerThread-10968 (_rx_task) root DEBUG iutctl_common.py          154   read                      : Received data: {'e0 53 00 4c 17 e5 44 af 03 1b 00 09 09 4e 58 4c 36 36 35 32 38 02 0a 0c 0d 03 0c 11 0a 11 0b 11 0e 11 1f 11 1e 11'}, bytearray(b'\xe0S\x00L\x17\xe5D\xaf\x03\x1b\x00\t\tNXL66528\x02\n\x0c\r\x03\x0c\x11\n\x11\x0b\x11\x0e\x11\x1f\x11\x1e\x11')
2026-09-23 23:30:10,649 BTPWorkerThread-10968 (_rx_task) root DEBUG btp.py                    736   event_handler             : Header(svc_id=1, op=129, ctrl_index=0, data_len=38) (b'\xe0S\x00L\x17\xe5D\xaf\x03\x1b\x00\t\tNXL66528\x02\n\x0c\r\x03\x0c\x11\n\x11\x0b\x11\x0e\x11\x1f\x11\x1e\x11',)
2026-09-23 23:30:10,649 BTPWorkerThread-10968 (_rx_task) root DEBUG gap.py                    193   gap_device_found_ev_      : b'\xe0S\x00L\x17\xe5D\xaf\x03\x1b\x00\t\tNXL66528\x02\n\x0c\r\x03\x0c\x11\n\x11\x0b\x11\x0e\x11\x1f\x11\x1e\x11'
2026-09-23 23:30:10,649 BTPWorkerThread-10968 (_rx_task) root DEBUG gap.py                    207   gap_device_found_ev_      : found '44e5174c0053' type 224 eir b'\t\tNXL66528\x02\n\x0c\r\x03\x0c\x11\n\x11\x0b\x11\x0e\x11\x1f\x11\x1e\x11'
2026-09-23 23:30:10,832 BTPWorkerThread-10968 (_rx_task) root DEBUG iutctl_common.py          123   read                      : Read 5 bytes
2026-09-23 23:30:10,832 BTPWorkerThread-10968 (_rx_task) root DEBUG iutctl_common.py          131   read                      : Received: hdr: Header(svc_id=0x01, op=0x81, ctrl_index=0x00, data_len=0x1a) bytearray(b'\x01\x81\x00\x1a\x00')
2026-09-23 23:30:10,832 BTPWorkerThread-10968 (_rx_task) root DEBUG iutctl_common.py          139   read                      : Read 26 bytes data
2026-09-23 23:30:10,833 BTPWorkerThread-10968 (_rx_task) root DEBUG iutctl_common.py          154   read                      : Received data: {'e0 4e e4 08 dc 1b 00 d2 03 0f 00 0e 09 50 54 53 2d 47 41 50 2d 45 34 34 45 00'}, bytearray(b'\xe0N\xe4\x08\xdc\x1b\x00\xd2\x03\x0f\x00\x0e\tPTS-GAP-E44E\x00')
2026-09-23 23:30:10,833 BTPWorkerThread-10968 (_rx_task) root DEBUG btp.py                    736   event_handler             : Header(svc_id=1, op=129, ctrl_index=0, data_len=26) (b'\xe0N\xe4\x08\xdc\x1b\x00\xd2\x03\x0f\x00\x0e\tPTS-GAP-E44E\x00',)
2026-09-23 23:30:10,833 BTPWorkerThread-10968 (_rx_task) root DEBUG gap.py                    193   gap_device_found_ev_      : b'\xe0N\xe4\x08\xdc\x1b\x00\xd2\x03\x0f\x00\x0e\tPTS-GAP-E44E\x00'
2026-09-23 23:30:10,833 BTPWorkerThread-10968 (_rx_task) root DEBUG gap.py                    207   gap_device_found_ev_      : found '001bdc08e44e' type 224 eir b'\x0e\tPTS-GAP-E44E\x00'
2026-09-23 23:30:10,871 LT1-thread root DEBUG gap.py                    1150  gap_stop_discovery        : 
2026-09-23 23:30:10,871 LT1-thread root DEBUG iutctl_common.py          161   send                      : 1 13 0 ''
2026-09-23 23:30:10,871 LT1-thread root DEBUG iutctl_common.py          166   send                      : sending frame '010d000000'
2026-09-23 23:30:10,871 LT1-thread root DEBUG gap.py                    1229  gap_command_rsp_succ      : 
2026-09-23 23:30:10,871 LT1-thread root DEBUG iutctl_common.py          339   read                      : 
2026-09-23 23:30:10,901 BTPWorkerThread-10968 (_rx_task) root DEBUG iutctl_common.py          123   read                      : Read 5 bytes
2026-09-23 23:30:10,912 BTPWorkerThread-10968 (_rx_task) root DEBUG iutctl_common.py          131   read                      : Received: hdr: Header(svc_id=0x01, op=0x0d, ctrl_index=0x00, data_len=0x00) bytearray(b'\x01\r\x00\x00\x00')
2026-09-23 23:30:10,918 BTPWorkerThread-10968 (_rx_task) root DEBUG iutctl_common.py          154   read                      : Received data: {''}, bytearray(b'')
2026-09-23 23:30:10,928 LT1-thread root DEBUG gap.py                    1234  gap_command_rsp_succ      : received Header(svc_id=1, op=13, ctrl_index=0, data_len=0) (b'',)
2026-09-23 23:30:10,928 LT1-thread root DEBUG gap.py                    1510  check_discovery_results   : 224 '001bdc08e44e' True None
2026-09-23 23:30:10,928 LT1-thread root DEBUG gap.py                    1519  check_discovery_results   : matching LeAdv(addr_type=224, addr='44e5174c0053', rssi=178, flags=3, eir=b'\t\tNXL66528\x02\n\x0c\r\x03\x0c\x11\n\x11\x0b\x11\x0e\x11\x1f\x11\x1e\x11')
2026-09-23 23:30:10,928 LT1-thread root DEBUG gap.py                    1519  check_discovery_results   : matching LeAdv(addr_type=224, addr='001bdc08e44e', rssi=210, flags=3, eir=b'\x0e\tPTS-GAP-E44E\x00')
2026-09-23 23:30:10,928 LT1-thread root DEBUG gap.py                    762   gap_connect               : None 224
2026-09-23 23:30:10,928 LT1-thread root DEBUG iutctl_common.py          161   send                      : 1 14 0 "bytearray(b'\\xe0N\\xe4\\x08\\xdc\\x1b\\x00\\x00')"
2026-09-23 23:30:10,928 LT1-thread root DEBUG iutctl_common.py          166   send                      : sending frame '010e000800e04ee408dc1b0000'
2026-09-23 23:30:10,929 LT1-thread root DEBUG iutctl_common.py          339   read                      : 
2026-09-23 23:30:10,973 BTPWorkerThread-10968 (_rx_task) root DEBUG iutctl_common.py          123   read                      : Read 5 bytes
2026-09-23 23:30:10,983 BTPWorkerThread-10968 (_rx_task) root DEBUG iutctl_common.py          131   read                      : Received: hdr: Header(svc_id=0x01, op=0x0e, ctrl_index=0x00, data_len=0x00) bytearray(b'\x01\x0e\x00\x00\x00')
2026-09-23 23:30:10,983 BTPWorkerThread-10968 (_rx_task) root DEBUG iutctl_common.py          154   read                      : Received data: {''}, bytearray(b'')
2026-09-23 23:30:13,635 BTPWorkerThread-10968 (_rx_task) root DEBUG iutctl_common.py          123   read                      : Read 5 bytes
2026-09-23 23:30:13,635 BTPWorkerThread-10968 (_rx_task) root DEBUG iutctl_common.py          131   read                      : Received: hdr: Header(svc_id=0x01, op=0x82, ctrl_index=0x00, data_len=0x0d) bytearray(b'\x01\x82\x00\r\x00')
2026-09-23 23:30:13,635 BTPWorkerThread-10968 (_rx_task) root DEBUG iutctl_common.py          139   read                      : Read 13 bytes data
2026-09-23 23:30:13,636 BTPWorkerThread-10968 (_rx_task) root DEBUG iutctl_common.py          154   read                      : Received data: {'e0 4e e4 08 dc 1b 00 00 00 00 00 00 00'}, bytearray(b'\xe0N\xe4\x08\xdc\x1b\x00\x00\x00\x00\x00\x00\x00')
2026-09-23 23:30:13,636 BTPWorkerThread-10968 (_rx_task) root DEBUG btp.py                    736   event_handler             : Header(svc_id=1, op=130, ctrl_index=0, data_len=13) (b'\xe0N\xe4\x08\xdc\x1b\x00\x00\x00\x00\x00\x00\x00',)
2026-09-23 23:30:13,636 BTPWorkerThread-10968 (_rx_task) root DEBUG gap.py                    215   gap_connected_ev_         : b'\xe0N\xe4\x08\xdc\x1b\x00\x00\x00\x00\x00\x00\x00'
2026-09-23 23:30:13,702 LT1-thread root DEBUG gap.py                    873   gap_pair                  : None 224
2026-09-23 23:30:13,702 LT1-thread root DEBUG iutctl_common.py          161   send                      : 1 17 0 "bytearray(b'\\xe0N\\xe4\\x08\\xdc\\x1b\\x00')"
2026-09-23 23:30:13,702 LT1-thread root DEBUG iutctl_common.py          166   send                      : sending frame '0111000700e04ee408dc1b00'
2026-09-23 23:30:13,702 LT1-thread root DEBUG gap.py                    1229  gap_command_rsp_succ      : 
2026-09-23 23:30:13,702 LT1-thread root DEBUG iutctl_common.py          339   read                      : 
2026-09-23 23:30:13,739 BTPWorkerThread-10968 (_rx_task) root DEBUG iutctl_common.py          123   read                      : Read 5 bytes
2026-09-23 23:30:13,750 BTPWorkerThread-10968 (_rx_task) root DEBUG iutctl_common.py          131   read                      : Received: hdr: Header(svc_id=0x01, op=0x11, ctrl_index=0x00, data_len=0x00) bytearray(b'\x01\x11\x00\x00\x00')
2026-09-23 23:30:13,750 BTPWorkerThread-10968 (_rx_task) root DEBUG iutctl_common.py          154   read                      : Received data: {''}, bytearray(b'')
2026-09-23 23:30:13,756 LT1-thread root DEBUG gap.py                    1234  gap_command_rsp_succ      : received Header(svc_id=1, op=17, ctrl_index=0, data_len=0) (b'',)
2026-09-23 23:30:13,756 LT1-thread root DEBUG testcase.py               722   run_wid                   : Sending response 'OK' to wid 102 test case GAP/SEC/SEM/BI-05-C
2026-09-23 23:30:13,756 BTPWorkerThread-10968 (_rx_task) root DEBUG iutctl_common.py          123   read                      : Read 5 bytes
2026-09-23 23:30:13,757 BTPWorkerThread-10968 (_rx_task) root DEBUG iutctl_common.py          131   read                      : Received: hdr: Header(svc_id=0x01, op=0x91, ctrl_index=0x00, data_len=0x09) bytearray(b'\x01\x91\x00\t\x00')
2026-09-23 23:30:13,757 BTPWorkerThread-10968 (_rx_task) root DEBUG iutctl_common.py          139   read                      : Read 9 bytes data
2026-09-23 23:30:13,757 BTPWorkerThread-10968 (_rx_task) root DEBUG iutctl_common.py          154   read                      : Received data: {'e0 4e e4 08 dc 1b 00 00 00'}, bytearray(b'\xe0N\xe4\x08\xdc\x1b\x00\x00\x00')
2026-09-23 23:30:13,757 BTPWorkerThread-10968 (_rx_task) root DEBUG btp.py                    736   event_handler             : Header(svc_id=1, op=145, ctrl_index=0, data_len=9) (b'\xe0N\xe4\x08\xdc\x1b\x00\x00\x00',)
2026-09-23 23:30:13,758 BTPWorkerThread-10968 (_rx_task) root DEBUG gap.py                    494   gap_encryption_change_ev_ : 
2026-09-23 23:30:13,758 BTPWorkerThread-10968 (_rx_task) root DEBUG gap.py                    496   gap_encryption_change_ev_ : enc change received b'\xe0N\xe4\x08\xdc\x1b\x00\x00\x00'
2026-09-23 23:30:13,758 BTPWorkerThread-10968 (_rx_task) root DEBUG gap.py                    505   gap_encryption_change_ev_ : received (224, '001bdc08e44e', 0, 0)
2026-09-23 23:30:13,758 LT1-thread root DEBUG client.py                 276   get_result                : ClientCallback.get_result run_test_case
2026-09-23 23:30:13,760 LT1-callback ClientCallback.on_implicit_send INFO client.py                 223   on_implicit_send          : 
    ********************
    BEGIN OnImplicitSend:
    project_name: GAP
    wid: 222
    test_case_name: GAP/SEC/SEM/BI-05-C
    description: Please initiate a BR/EDR security authentication and pairing with interaction of HCI commands.

Press OK to continue.
    style: MMI_Style_Ok 0x11040
2026-09-23 23:30:13,760 LT1-callback ClientCallback.on_implicit_send INFO client.py                 236   on_implicit_send          : Calling test cases on_implicit_send
2026-09-23 23:30:13,760 LT1-callback ClientCallback.on_implicit_send INFO client.py                 249   on_implicit_send          : 
    on_implicit_send returned response: WAIT
    END OnImplicitSend
    ********************
2026-09-23 23:30:14,758 LT1-thread root DEBUG testcase.py               679   run_wid                   : GAP GAP/SEC/SEM/BI-05-C on_implicit_send
2026-09-23 23:30:14,758 LT1-thread root DEBUG gap_wid.py                26    gap_wid_hdl               : gap_wid_hdl, 222, Please initiate a BR/EDR security authentication and pairing with interaction of HCI commands.

Press OK to continue., GAP/SEC/SEM/BI-05-C
2026-09-23 23:30:14,758 LT1-thread root DEBUG testcase.py               722   run_wid                   : Sending response 'Ok' to wid 222 test case GAP/SEC/SEM/BI-05-C
2026-09-23 23:30:14,760 LT1-thread root DEBUG client.py                 276   get_result                : ClientCallback.get_result run_test_case
2026-09-23 23:30:18,830 BTPWorkerThread-10968 (_rx_task) root DEBUG iutctl_common.py          123   read                      : Read 5 bytes
2026-09-23 23:30:18,830 BTPWorkerThread-10968 (_rx_task) root DEBUG iutctl_common.py          131   read                      : Received: hdr: Header(svc_id=0x01, op=0x83, ctrl_index=0x00, data_len=0x07) bytearray(b'\x01\x83\x00\x07\x00')
2026-09-23 23:30:18,831 BTPWorkerThread-10968 (_rx_task) root DEBUG iutctl_common.py          139   read                      : Read 7 bytes data
2026-09-23 23:30:18,831 BTPWorkerThread-10968 (_rx_task) root DEBUG iutctl_common.py          154   read                      : Received data: {'e0 4e e4 08 dc 1b 00'}, bytearray(b'\xe0N\xe4\x08\xdc\x1b\x00')
2026-09-23 23:30:18,831 BTPWorkerThread-10968 (_rx_task) root DEBUG btp.py                    736   event_handler             : Header(svc_id=1, op=131, ctrl_index=0, data_len=7) (b'\xe0N\xe4\x08\xdc\x1b\x00',)
2026-09-23 23:30:18,831 BTPWorkerThread-10968 (_rx_task) root DEBUG gap.py                    228   gap_disconnected_ev_      : b'\xe0N\xe4\x08\xdc\x1b\x00'
2026-09-23 23:30:19,275 LT1-callback ClientCallback.on_implicit_send INFO client.py                 223   on_implicit_send          : 
    ********************
    BEGIN OnImplicitSend:
    project_name: GAP
    wid: 266
    test_case_name: GAP/SEC/SEM/BI-05-C
    description: Please confirm that the IUT signals to the Upper Tester that the channel establishment failure after link encryption.

Click 'Yes' If there is channel establishment failure otherwise click 'No'.
    style: MMI_Style_Yes_No1 0x11044
2026-09-23 23:30:19,275 LT1-callback ClientCallback.on_implicit_send INFO client.py                 236   on_implicit_send          : Calling test cases on_implicit_send
2026-09-23 23:30:19,275 LT1-callback ClientCallback.on_implicit_send INFO client.py                 249   on_implicit_send          : 
    on_implicit_send returned response: WAIT
    END OnImplicitSend
    ********************
2026-09-23 23:30:19,762 LT1-thread root DEBUG testcase.py               679   run_wid                   : GAP GAP/SEC/SEM/BI-05-C on_implicit_send
2026-09-23 23:30:19,762 LT1-thread root DEBUG gap_wid.py                26    gap_wid_hdl               : gap_wid_hdl, 266, Please confirm that the IUT signals to the Upper Tester that the channel establishment failure after link encryption.

Click 'Yes' If there is channel establishment failure otherwise click 'No'., GAP/SEC/SEM/BI-05-C
2026-09-23 23:30:19,762 LT1-thread root DEBUG testcase.py               722   run_wid                   : Sending response 'Yes' to wid 266 test case GAP/SEC/SEM/BI-05-C
2026-09-23 23:30:19,764 LT1-thread root DEBUG client.py                 276   get_result                : ClientCallback.get_result run_test_case
2026-09-23 23:30:19,775 LT1-callback ClientCallback.on_implicit_send INFO client.py                 223   on_implicit_send          : 
    ********************
    BEGIN OnImplicitSend:
    project_name: GAP
    wid: 102
    test_case_name: GAP/SEC/SEM/BI-05-C
    description: Please send an HCI connect request to establish a basic rate connection after the IUT discovers the Lower Tester over BR and LE.
    style: MMI_Style_Ok_Cancel2 0x11141
2026-09-23 23:30:19,776 LT1-callback ClientCallback.on_implicit_send INFO client.py                 236   on_implicit_send          : Calling test cases on_implicit_send
2026-09-23 23:30:19,776 LT1-callback ClientCallback.on_implicit_send INFO client.py                 249   on_implicit_send          : 
    on_implicit_send returned response: WAIT
    END OnImplicitSend
    ********************
2026-09-23 23:30:20,765 LT1-thread root DEBUG testcase.py               679   run_wid                   : GAP GAP/SEC/SEM/BI-05-C on_implicit_send
2026-09-23 23:30:20,765 LT1-thread root DEBUG gap_wid.py                26    gap_wid_hdl               : gap_wid_hdl, 102, Please send an HCI connect request to establish a basic rate connection after the IUT discovers the Lower Tester over BR and LE., GAP/SEC/SEM/BI-05-C
2026-09-23 23:30:20,765 LT1-thread root DEBUG gap.py                    1122  gap_start_discovery       : 
2026-09-23 23:30:20,765 LT1-thread root DEBUG iutctl_common.py          161   send                      : 1 12 0 '\x02'
2026-09-23 23:30:20,765 LT1-thread root DEBUG iutctl_common.py          166   send                      : sending frame '010c00010002'
2026-09-23 23:30:20,765 LT1-thread root DEBUG gap.py                    1229  gap_command_rsp_succ      : 
2026-09-23 23:30:20,766 LT1-thread root DEBUG iutctl_common.py          339   read                      : 
2026-09-23 23:30:20,807 BTPWorkerThread-10968 (_rx_task) root DEBUG iutctl_common.py          123   read                      : Read 5 bytes
2026-09-23 23:30:20,818 BTPWorkerThread-10968 (_rx_task) root DEBUG iutctl_common.py          131   read                      : Received: hdr: Header(svc_id=0x01, op=0x0c, ctrl_index=0x00, data_len=0x00) bytearray(b'\x01\x0c\x00\x00\x00')
2026-09-23 23:30:20,823 BTPWorkerThread-10968 (_rx_task) root DEBUG iutctl_common.py          154   read                      : Received data: {''}, bytearray(b'')
2026-09-23 23:30:20,829 LT1-thread root DEBUG gap.py                    1234  gap_command_rsp_succ      : received Header(svc_id=1, op=12, ctrl_index=0, data_len=0) (b'',)
2026-09-23 23:30:21,271 BTPWorkerThread-10968 (_rx_task) root DEBUG iutctl_common.py          123   read                      : Read 5 bytes
2026-09-23 23:30:21,271 BTPWorkerThread-10968 (_rx_task) root DEBUG iutctl_common.py          131   read                      : Received: hdr: Header(svc_id=0x01, op=0x81, ctrl_index=0x00, data_len=0x1a) bytearray(b'\x01\x81\x00\x1a\x00')
2026-09-23 23:30:21,271 BTPWorkerThread-10968 (_rx_task) root DEBUG iutctl_common.py          139   read                      : Read 26 bytes data
2026-09-23 23:30:21,272 BTPWorkerThread-10968 (_rx_task) root DEBUG iutctl_common.py          154   read                      : Received data: {'e0 4e e4 08 dc 1b 00 cf 03 0f 00 0e 09 50 54 53 2d 47 41 50 2d 45 34 34 45 00'}, bytearray(b'\xe0N\xe4\x08\xdc\x1b\x00\xcf\x03\x0f\x00\x0e\tPTS-GAP-E44E\x00')
2026-09-23 23:30:21,272 BTPWorkerThread-10968 (_rx_task) root DEBUG btp.py                    736   event_handler             : Header(svc_id=1, op=129, ctrl_index=0, data_len=26) (b'\xe0N\xe4\x08\xdc\x1b\x00\xcf\x03\x0f\x00\x0e\tPTS-GAP-E44E\x00',)
2026-09-23 23:30:21,272 BTPWorkerThread-10968 (_rx_task) root DEBUG gap.py                    193   gap_device_found_ev_      : b'\xe0N\xe4\x08\xdc\x1b\x00\xcf\x03\x0f\x00\x0e\tPTS-GAP-E44E\x00'
2026-09-23 23:30:21,272 BTPWorkerThread-10968 (_rx_task) root DEBUG gap.py                    207   gap_device_found_ev_      : found '001bdc08e44e' type 224 eir b'\x0e\tPTS-GAP-E44E\x00'
2026-09-23 23:30:21,359 BTPWorkerThread-10968 (_rx_task) root DEBUG iutctl_common.py          123   read                      : Read 5 bytes
2026-09-23 23:30:21,359 BTPWorkerThread-10968 (_rx_task) root DEBUG iutctl_common.py          131   read                      : Received: hdr: Header(svc_id=0x01, op=0x81, ctrl_index=0x00, data_len=0x26) bytearray(b'\x01\x81\x00&\x00')
2026-09-23 23:30:21,359 BTPWorkerThread-10968 (_rx_task) root DEBUG iutctl_common.py          139   read                      : Read 17 bytes data
2026-09-23 23:30:21,370 BTPWorkerThread-10968 (_rx_task) root DEBUG iutctl_common.py          139   read                      : Read 21 bytes data
2026-09-23 23:30:21,371 BTPWorkerThread-10968 (_rx_task) root DEBUG iutctl_common.py          154   read                      : Received data: {'e0 53 00 4c 17 e5 44 af 03 1b 00 09 09 4e 58 4c 36 36 35 32 38 02 0a 0c 0d 03 0c 11 0a 11 0b 11 0e 11 1f 11 1e 11'}, bytearray(b'\xe0S\x00L\x17\xe5D\xaf\x03\x1b\x00\t\tNXL66528\x02\n\x0c\r\x03\x0c\x11\n\x11\x0b\x11\x0e\x11\x1f\x11\x1e\x11')
2026-09-23 23:30:21,371 BTPWorkerThread-10968 (_rx_task) root DEBUG btp.py                    736   event_handler             : Header(svc_id=1, op=129, ctrl_index=0, data_len=38) (b'\xe0S\x00L\x17\xe5D\xaf\x03\x1b\x00\t\tNXL66528\x02\n\x0c\r\x03\x0c\x11\n\x11\x0b\x11\x0e\x11\x1f\x11\x1e\x11',)
2026-09-23 23:30:21,371 BTPWorkerThread-10968 (_rx_task) root DEBUG gap.py                    193   gap_device_found_ev_      : b'\xe0S\x00L\x17\xe5D\xaf\x03\x1b\x00\t\tNXL66528\x02\n\x0c\r\x03\x0c\x11\n\x11\x0b\x11\x0e\x11\x1f\x11\x1e\x11'
2026-09-23 23:30:21,371 BTPWorkerThread-10968 (_rx_task) root DEBUG gap.py                    207   gap_device_found_ev_      : found '44e5174c0053' type 224 eir b'\t\tNXL66528\x02\n\x0c\r\x03\x0c\x11\n\x11\x0b\x11\x0e\x11\x1f\x11\x1e\x11'
2026-09-23 23:30:21,436 BTPWorkerThread-10968 (_rx_task) root DEBUG iutctl_common.py          123   read                      : Read 5 bytes
2026-09-23 23:30:21,436 BTPWorkerThread-10968 (_rx_task) root DEBUG iutctl_common.py          131   read                      : Received: hdr: Header(svc_id=0x01, op=0x81, ctrl_index=0x00, data_len=0x1a) bytearray(b'\x01\x81\x00\x1a\x00')
2026-09-23 23:30:21,436 BTPWorkerThread-10968 (_rx_task) root DEBUG iutctl_common.py          139   read                      : Read 26 bytes data
2026-09-23 23:30:21,437 BTPWorkerThread-10968 (_rx_task) root DEBUG iutctl_common.py          154   read                      : Received data: {'e0 4e e4 08 dc 1b 00 d0 03 0f 00 0e 09 50 54 53 2d 47 41 50 2d 45 34 34 45 00'}, bytearray(b'\xe0N\xe4\x08\xdc\x1b\x00\xd0\x03\x0f\x00\x0e\tPTS-GAP-E44E\x00')
2026-09-23 23:30:21,437 BTPWorkerThread-10968 (_rx_task) root DEBUG btp.py                    736   event_handler             : Header(svc_id=1, op=129, ctrl_index=0, data_len=26) (b'\xe0N\xe4\x08\xdc\x1b\x00\xd0\x03\x0f\x00\x0e\tPTS-GAP-E44E\x00',)
2026-09-23 23:30:21,437 BTPWorkerThread-10968 (_rx_task) root DEBUG gap.py                    193   gap_device_found_ev_      : b'\xe0N\xe4\x08\xdc\x1b\x00\xd0\x03\x0f\x00\x0e\tPTS-GAP-E44E\x00'
2026-09-23 23:30:21,437 BTPWorkerThread-10968 (_rx_task) root DEBUG gap.py                    207   gap_device_found_ev_      : found '001bdc08e44e' type 224 eir b'\x0e\tPTS-GAP-E44E\x00'
2026-09-23 23:30:21,513 BTPWorkerThread-10968 (_rx_task) root DEBUG iutctl_common.py          123   read                      : Read 5 bytes
2026-09-23 23:30:21,513 BTPWorkerThread-10968 (_rx_task) root DEBUG iutctl_common.py          131   read                      : Received: hdr: Header(svc_id=0x01, op=0x81, ctrl_index=0x00, data_len=0x1a) bytearray(b'\x01\x81\x00\x1a\x00')
2026-09-23 23:30:21,514 BTPWorkerThread-10968 (_rx_task) root DEBUG iutctl_common.py          139   read                      : Read 26 bytes data
2026-09-23 23:30:21,514 BTPWorkerThread-10968 (_rx_task) root DEBUG iutctl_common.py          154   read                      : Received data: {'e0 4e e4 08 dc 1b 00 d2 03 0f 00 0e 09 50 54 53 2d 47 41 50 2d 45 34 34 45 00'}, bytearray(b'\xe0N\xe4\x08\xdc\x1b\x00\xd2\x03\x0f\x00\x0e\tPTS-GAP-E44E\x00')
2026-09-23 23:30:21,514 BTPWorkerThread-10968 (_rx_task) root DEBUG btp.py                    736   event_handler             : Header(svc_id=1, op=129, ctrl_index=0, data_len=26) (b'\xe0N\xe4\x08\xdc\x1b\x00\xd2\x03\x0f\x00\x0e\tPTS-GAP-E44E\x00',)
2026-09-23 23:30:21,514 BTPWorkerThread-10968 (_rx_task) root DEBUG gap.py                    193   gap_device_found_ev_      : b'\xe0N\xe4\x08\xdc\x1b\x00\xd2\x03\x0f\x00\x0e\tPTS-GAP-E44E\x00'
2026-09-23 23:30:21,514 BTPWorkerThread-10968 (_rx_task) root DEBUG gap.py                    207   gap_device_found_ev_      : found '001bdc08e44e' type 224 eir b'\x0e\tPTS-GAP-E44E\x00'
2026-09-23 23:30:22,635 BTPWorkerThread-10968 (_rx_task) root DEBUG iutctl_common.py          123   read                      : Read 5 bytes
2026-09-23 23:30:22,635 BTPWorkerThread-10968 (_rx_task) root DEBUG iutctl_common.py          131   read                      : Received: hdr: Header(svc_id=0x01, op=0x81, ctrl_index=0x00, data_len=0x26) bytearray(b'\x01\x81\x00&\x00')
2026-09-23 23:30:22,635 BTPWorkerThread-10968 (_rx_task) root DEBUG iutctl_common.py          139   read                      : Read 38 bytes data
2026-09-23 23:30:22,636 BTPWorkerThread-10968 (_rx_task) root DEBUG iutctl_common.py          154   read                      : Received data: {'e0 53 00 4c 17 e5 44 b1 03 1b 00 09 09 4e 58 4c 36 36 35 32 38 02 0a 0c 0d 03 0c 11 0a 11 0b 11 0e 11 1f 11 1e 11'}, bytearray(b'\xe0S\x00L\x17\xe5D\xb1\x03\x1b\x00\t\tNXL66528\x02\n\x0c\r\x03\x0c\x11\n\x11\x0b\x11\x0e\x11\x1f\x11\x1e\x11')
2026-09-23 23:30:22,636 BTPWorkerThread-10968 (_rx_task) root DEBUG btp.py                    736   event_handler             : Header(svc_id=1, op=129, ctrl_index=0, data_len=38) (b'\xe0S\x00L\x17\xe5D\xb1\x03\x1b\x00\t\tNXL66528\x02\n\x0c\r\x03\x0c\x11\n\x11\x0b\x11\x0e\x11\x1f\x11\x1e\x11',)
2026-09-23 23:30:22,636 BTPWorkerThread-10968 (_rx_task) root DEBUG gap.py                    193   gap_device_found_ev_      : b'\xe0S\x00L\x17\xe5D\xb1\x03\x1b\x00\t\tNXL66528\x02\n\x0c\r\x03\x0c\x11\n\x11\x0b\x11\x0e\x11\x1f\x11\x1e\x11'
2026-09-23 23:30:22,636 BTPWorkerThread-10968 (_rx_task) root DEBUG gap.py                    207   gap_device_found_ev_      : found '44e5174c0053' type 224 eir b'\t\tNXL66528\x02\n\x0c\r\x03\x0c\x11\n\x11\x0b\x11\x0e\x11\x1f\x11\x1e\x11'
2026-09-23 23:30:22,794 BTPWorkerThread-10968 (_rx_task) root DEBUG iutctl_common.py          123   read                      : Read 5 bytes
2026-09-23 23:30:22,794 BTPWorkerThread-10968 (_rx_task) root DEBUG iutctl_common.py          131   read                      : Received: hdr: Header(svc_id=0x01, op=0x81, ctrl_index=0x00, data_len=0x0b) bytearray(b'\x01\x81\x00\x0b\x00')
2026-09-23 23:30:22,794 BTPWorkerThread-10968 (_rx_task) root DEBUG iutctl_common.py          139   read                      : Read 11 bytes data
2026-09-23 23:30:22,795 BTPWorkerThread-10968 (_rx_task) root DEBUG iutctl_common.py          154   read                      : Received data: {'e0 cd 83 06 dc 1b 00 ac 03 00 00'}, bytearray(b'\xe0\xcd\x83\x06\xdc\x1b\x00\xac\x03\x00\x00')
2026-09-23 23:30:22,795 BTPWorkerThread-10968 (_rx_task) root DEBUG btp.py                    736   event_handler             : Header(svc_id=1, op=129, ctrl_index=0, data_len=11) (b'\xe0\xcd\x83\x06\xdc\x1b\x00\xac\x03\x00\x00',)
2026-09-23 23:30:22,795 BTPWorkerThread-10968 (_rx_task) root DEBUG gap.py                    193   gap_device_found_ev_      : b'\xe0\xcd\x83\x06\xdc\x1b\x00\xac\x03\x00\x00'
2026-09-23 23:30:22,795 BTPWorkerThread-10968 (_rx_task) root DEBUG gap.py                    207   gap_device_found_ev_      : found '001bdc0683cd' type 224 eir b''
2026-09-23 23:30:23,159 BTPWorkerThread-10968 (_rx_task) root DEBUG iutctl_common.py          123   read                      : Read 5 bytes
2026-09-23 23:30:23,159 BTPWorkerThread-10968 (_rx_task) root DEBUG iutctl_common.py          131   read                      : Received: hdr: Header(svc_id=0x01, op=0x81, ctrl_index=0x00, data_len=0x26) bytearray(b'\x01\x81\x00&\x00')
2026-09-23 23:30:23,159 BTPWorkerThread-10968 (_rx_task) root DEBUG iutctl_common.py          139   read                      : Read 38 bytes data
2026-09-23 23:30:23,160 BTPWorkerThread-10968 (_rx_task) root DEBUG iutctl_common.py          154   read                      : Received data: {'e0 53 00 4c 17 e5 44 b1 03 1b 00 09 09 4e 58 4c 36 36 35 32 38 02 0a 0c 0d 03 0c 11 0a 11 0b 11 0e 11 1f 11 1e 11'}, bytearray(b'\xe0S\x00L\x17\xe5D\xb1\x03\x1b\x00\t\tNXL66528\x02\n\x0c\r\x03\x0c\x11\n\x11\x0b\x11\x0e\x11\x1f\x11\x1e\x11')
2026-09-23 23:30:23,160 BTPWorkerThread-10968 (_rx_task) root DEBUG btp.py                    736   event_handler             : Header(svc_id=1, op=129, ctrl_index=0, data_len=38) (b'\xe0S\x00L\x17\xe5D\xb1\x03\x1b\x00\t\tNXL66528\x02\n\x0c\r\x03\x0c\x11\n\x11\x0b\x11\x0e\x11\x1f\x11\x1e\x11',)
2026-09-23 23:30:23,160 BTPWorkerThread-10968 (_rx_task) root DEBUG gap.py                    193   gap_device_found_ev_      : b'\xe0S\x00L\x17\xe5D\xb1\x03\x1b\x00\t\tNXL66528\x02\n\x0c\r\x03\x0c\x11\n\x11\x0b\x11\x0e\x11\x1f\x11\x1e\x11'
2026-09-23 23:30:23,160 BTPWorkerThread-10968 (_rx_task) root DEBUG gap.py                    207   gap_device_found_ev_      : found '44e5174c0053' type 224 eir b'\t\tNXL66528\x02\n\x0c\r\x03\x0c\x11\n\x11\x0b\x11\x0e\x11\x1f\x11\x1e\x11'
2026-09-23 23:30:23,234 BTPWorkerThread-10968 (_rx_task) root DEBUG iutctl_common.py          123   read                      : Read 5 bytes
2026-09-23 23:30:23,234 BTPWorkerThread-10968 (_rx_task) root DEBUG iutctl_common.py          131   read                      : Received: hdr: Header(svc_id=0x01, op=0x81, ctrl_index=0x00, data_len=0x2a) bytearray(b'\x01\x81\x00*\x00')
2026-09-23 23:30:23,234 BTPWorkerThread-10968 (_rx_task) root DEBUG iutctl_common.py          139   read                      : Read 16 bytes data
2026-09-23 23:30:23,245 BTPWorkerThread-10968 (_rx_task) root DEBUG iutctl_common.py          139   read                      : Read 26 bytes data
2026-09-23 23:30:23,245 BTPWorkerThread-10968 (_rx_task) root DEBUG iutctl_common.py          154   read                      : Received data: {'e0 cd 83 06 dc 1b 00 a6 03 1f 00 1e 09 41 32 44 50 20 53 6f 75 72 63 65 20 30 30 3a 31 42 3a 44 43 3a 30 36 3a 38 33 3a 43 44'}, bytearray(b'\xe0\xcd\x83\x06\xdc\x1b\x00\xa6\x03\x1f\x00\x1e\tA2DP Source 00:1B:DC:06:83:CD')
2026-09-23 23:30:23,245 BTPWorkerThread-10968 (_rx_task) root DEBUG btp.py                    736   event_handler             : Header(svc_id=1, op=129, ctrl_index=0, data_len=42) (b'\xe0\xcd\x83\x06\xdc\x1b\x00\xa6\x03\x1f\x00\x1e\tA2DP Source 00:1B:DC:06:83:CD',)
2026-09-23 23:30:23,246 BTPWorkerThread-10968 (_rx_task) root DEBUG gap.py                    193   gap_device_found_ev_      : b'\xe0\xcd\x83\x06\xdc\x1b\x00\xa6\x03\x1f\x00\x1e\tA2DP Source 00:1B:DC:06:83:CD'
2026-09-23 23:30:23,246 BTPWorkerThread-10968 (_rx_task) root DEBUG gap.py                    207   gap_device_found_ev_      : found '001bdc0683cd' type 224 eir b'\x1e\tA2DP Source 00:1B:DC:06:83:CD'
2026-09-23 23:30:23,246 BTPWorkerThread-10968 (_rx_task) root DEBUG iutctl_common.py          123   read                      : Read 5 bytes
2026-09-23 23:30:23,246 BTPWorkerThread-10968 (_rx_task) root DEBUG iutctl_common.py          131   read                      : Received: hdr: Header(svc_id=0x01, op=0x81, ctrl_index=0x00, data_len=0x2a) bytearray(b'\x01\x81\x00*\x00')
2026-09-23 23:30:23,246 BTPWorkerThread-10968 (_rx_task) root DEBUG iutctl_common.py          139   read                      : Read 42 bytes data
2026-09-23 23:30:23,246 BTPWorkerThread-10968 (_rx_task) root DEBUG iutctl_common.py          154   read                      : Received data: {'e0 eb b2 06 dc 1b 00 ab 03 1f 00 1e 09 41 32 44 50 20 53 6f 75 72 63 65 20 30 30 3a 31 42 3a 44 43 3a 30 36 3a 42 32 3a 45 42'}, bytearray(b'\xe0\xeb\xb2\x06\xdc\x1b\x00\xab\x03\x1f\x00\x1e\tA2DP Source 00:1B:DC:06:B2:EB')
2026-09-23 23:30:23,246 BTPWorkerThread-10968 (_rx_task) root DEBUG btp.py                    736   event_handler             : Header(svc_id=1, op=129, ctrl_index=0, data_len=42) (b'\xe0\xeb\xb2\x06\xdc\x1b\x00\xab\x03\x1f\x00\x1e\tA2DP Source 00:1B:DC:06:B2:EB',)
2026-09-23 23:30:23,246 BTPWorkerThread-10968 (_rx_task) root DEBUG gap.py                    193   gap_device_found_ev_      : b'\xe0\xeb\xb2\x06\xdc\x1b\x00\xab\x03\x1f\x00\x1e\tA2DP Source 00:1B:DC:06:B2:EB'
2026-09-23 23:30:23,246 BTPWorkerThread-10968 (_rx_task) root DEBUG gap.py                    207   gap_device_found_ev_      : found '001bdc06b2eb' type 224 eir b'\x1e\tA2DP Source 00:1B:DC:06:B2:EB'
2026-09-23 23:30:23,739 BTPWorkerThread-10968 (_rx_task) root DEBUG iutctl_common.py          123   read                      : Read 5 bytes
2026-09-23 23:30:23,739 BTPWorkerThread-10968 (_rx_task) root DEBUG iutctl_common.py          131   read                      : Received: hdr: Header(svc_id=0x01, op=0x81, ctrl_index=0x00, data_len=0x26) bytearray(b'\x01\x81\x00&\x00')
2026-09-23 23:30:23,739 BTPWorkerThread-10968 (_rx_task) root DEBUG iutctl_common.py          139   read                      : Read 38 bytes data
2026-09-23 23:30:23,740 BTPWorkerThread-10968 (_rx_task) root DEBUG iutctl_common.py          154   read                      : Received data: {'e0 53 00 4c 17 e5 44 a9 03 1b 00 09 09 4e 58 4c 36 36 35 32 38 02 0a 0c 0d 03 0c 11 0a 11 0b 11 0e 11 1f 11 1e 11'}, bytearray(b'\xe0S\x00L\x17\xe5D\xa9\x03\x1b\x00\t\tNXL66528\x02\n\x0c\r\x03\x0c\x11\n\x11\x0b\x11\x0e\x11\x1f\x11\x1e\x11')
2026-09-23 23:30:23,740 BTPWorkerThread-10968 (_rx_task) root DEBUG btp.py                    736   event_handler             : Header(svc_id=1, op=129, ctrl_index=0, data_len=38) (b'\xe0S\x00L\x17\xe5D\xa9\x03\x1b\x00\t\tNXL66528\x02\n\x0c\r\x03\x0c\x11\n\x11\x0b\x11\x0e\x11\x1f\x11\x1e\x11',)
2026-09-23 23:30:23,740 BTPWorkerThread-10968 (_rx_task) root DEBUG gap.py                    193   gap_device_found_ev_      : b'\xe0S\x00L\x17\xe5D\xa9\x03\x1b\x00\t\tNXL66528\x02\n\x0c\r\x03\x0c\x11\n\x11\x0b\x11\x0e\x11\x1f\x11\x1e\x11'
2026-09-23 23:30:23,740 BTPWorkerThread-10968 (_rx_task) root DEBUG gap.py                    207   gap_device_found_ev_      : found '44e5174c0053' type 224 eir b'\t\tNXL66528\x02\n\x0c\r\x03\x0c\x11\n\x11\x0b\x11\x0e\x11\x1f\x11\x1e\x11'
2026-09-23 23:30:23,815 BTPWorkerThread-10968 (_rx_task) root DEBUG iutctl_common.py          123   read                      : Read 5 bytes
2026-09-23 23:30:23,815 BTPWorkerThread-10968 (_rx_task) root DEBUG iutctl_common.py          131   read                      : Received: hdr: Header(svc_id=0x01, op=0x81, ctrl_index=0x00, data_len=0x26) bytearray(b'\x01\x81\x00&\x00')
2026-09-23 23:30:23,816 BTPWorkerThread-10968 (_rx_task) root DEBUG iutctl_common.py          139   read                      : Read 38 bytes data
2026-09-23 23:30:23,816 BTPWorkerThread-10968 (_rx_task) root DEBUG iutctl_common.py          154   read                      : Received data: {'e0 53 00 4c 17 e5 44 b1 03 1b 00 09 09 4e 58 4c 36 36 35 32 38 02 0a 0c 0d 03 0c 11 0a 11 0b 11 0e 11 1f 11 1e 11'}, bytearray(b'\xe0S\x00L\x17\xe5D\xb1\x03\x1b\x00\t\tNXL66528\x02\n\x0c\r\x03\x0c\x11\n\x11\x0b\x11\x0e\x11\x1f\x11\x1e\x11')
2026-09-23 23:30:23,816 BTPWorkerThread-10968 (_rx_task) root DEBUG btp.py                    736   event_handler             : Header(svc_id=1, op=129, ctrl_index=0, data_len=38) (b'\xe0S\x00L\x17\xe5D\xb1\x03\x1b\x00\t\tNXL66528\x02\n\x0c\r\x03\x0c\x11\n\x11\x0b\x11\x0e\x11\x1f\x11\x1e\x11',)
2026-09-23 23:30:23,816 BTPWorkerThread-10968 (_rx_task) root DEBUG gap.py                    193   gap_device_found_ev_      : b'\xe0S\x00L\x17\xe5D\xb1\x03\x1b\x00\t\tNXL66528\x02\n\x0c\r\x03\x0c\x11\n\x11\x0b\x11\x0e\x11\x1f\x11\x1e\x11'
2026-09-23 23:30:23,816 BTPWorkerThread-10968 (_rx_task) root DEBUG gap.py                    207   gap_device_found_ev_      : found '44e5174c0053' type 224 eir b'\t\tNXL66528\x02\n\x0c\r\x03\x0c\x11\n\x11\x0b\x11\x0e\x11\x1f\x11\x1e\x11'
2026-09-23 23:30:24,276 BTPWorkerThread-10968 (_rx_task) root DEBUG iutctl_common.py          123   read                      : Read 5 bytes
2026-09-23 23:30:24,276 BTPWorkerThread-10968 (_rx_task) root DEBUG iutctl_common.py          131   read                      : Received: hdr: Header(svc_id=0x01, op=0x81, ctrl_index=0x00, data_len=0x26) bytearray(b'\x01\x81\x00&\x00')
2026-09-23 23:30:24,277 BTPWorkerThread-10968 (_rx_task) root DEBUG iutctl_common.py          139   read                      : Read 38 bytes data
2026-09-23 23:30:24,277 BTPWorkerThread-10968 (_rx_task) root DEBUG iutctl_common.py          154   read                      : Received data: {'e0 53 00 4c 17 e5 44 af 03 1b 00 09 09 4e 58 4c 36 36 35 32 38 02 0a 0c 0d 03 0c 11 0a 11 0b 11 0e 11 1f 11 1e 11'}, bytearray(b'\xe0S\x00L\x17\xe5D\xaf\x03\x1b\x00\t\tNXL66528\x02\n\x0c\r\x03\x0c\x11\n\x11\x0b\x11\x0e\x11\x1f\x11\x1e\x11')
2026-09-23 23:30:24,277 BTPWorkerThread-10968 (_rx_task) root DEBUG btp.py                    736   event_handler             : Header(svc_id=1, op=129, ctrl_index=0, data_len=38) (b'\xe0S\x00L\x17\xe5D\xaf\x03\x1b\x00\t\tNXL66528\x02\n\x0c\r\x03\x0c\x11\n\x11\x0b\x11\x0e\x11\x1f\x11\x1e\x11',)
2026-09-23 23:30:24,277 BTPWorkerThread-10968 (_rx_task) root DEBUG gap.py                    193   gap_device_found_ev_      : b'\xe0S\x00L\x17\xe5D\xaf\x03\x1b\x00\t\tNXL66528\x02\n\x0c\r\x03\x0c\x11\n\x11\x0b\x11\x0e\x11\x1f\x11\x1e\x11'
2026-09-23 23:30:24,277 BTPWorkerThread-10968 (_rx_task) root DEBUG gap.py                    207   gap_device_found_ev_      : found '44e5174c0053' type 224 eir b'\t\tNXL66528\x02\n\x0c\r\x03\x0c\x11\n\x11\x0b\x11\x0e\x11\x1f\x11\x1e\x11'
2026-09-23 23:30:24,352 BTPWorkerThread-10968 (_rx_task) root DEBUG iutctl_common.py          123   read                      : Read 5 bytes
2026-09-23 23:30:24,353 BTPWorkerThread-10968 (_rx_task) root DEBUG iutctl_common.py          131   read                      : Received: hdr: Header(svc_id=0x01, op=0x81, ctrl_index=0x00, data_len=0x2a) bytearray(b'\x01\x81\x00*\x00')
2026-09-23 23:30:24,353 BTPWorkerThread-10968 (_rx_task) root DEBUG iutctl_common.py          139   read                      : Read 42 bytes data
2026-09-23 23:30:24,353 BTPWorkerThread-10968 (_rx_task) root DEBUG iutctl_common.py          154   read                      : Received data: {'e0 95 83 06 dc 1b 00 b0 03 1f 00 1e 09 48 46 50 20 41 47 20 44 65 6d 6f 20 30 30 3a 31 42 3a 44 43 3a 30 36 3a 38 33 3a 39 35'}, bytearray(b'\xe0\x95\x83\x06\xdc\x1b\x00\xb0\x03\x1f\x00\x1e\tHFP AG Demo 00:1B:DC:06:83:95')
2026-09-23 23:30:24,353 BTPWorkerThread-10968 (_rx_task) root DEBUG btp.py                    736   event_handler             : Header(svc_id=1, op=129, ctrl_index=0, data_len=42) (b'\xe0\x95\x83\x06\xdc\x1b\x00\xb0\x03\x1f\x00\x1e\tHFP AG Demo 00:1B:DC:06:83:95',)
2026-09-23 23:30:24,353 BTPWorkerThread-10968 (_rx_task) root DEBUG gap.py                    193   gap_device_found_ev_      : b'\xe0\x95\x83\x06\xdc\x1b\x00\xb0\x03\x1f\x00\x1e\tHFP AG Demo 00:1B:DC:06:83:95'
2026-09-23 23:30:24,353 BTPWorkerThread-10968 (_rx_task) root DEBUG gap.py                    207   gap_device_found_ev_      : found '001bdc068395' type 224 eir b'\x1e\tHFP AG Demo 00:1B:DC:06:83:95'
2026-09-23 23:30:24,783 BTPWorkerThread-10968 (_rx_task) root DEBUG iutctl_common.py          123   read                      : Read 5 bytes
2026-09-23 23:30:24,783 BTPWorkerThread-10968 (_rx_task) root DEBUG iutctl_common.py          131   read                      : Received: hdr: Header(svc_id=0x01, op=0x81, ctrl_index=0x00, data_len=0x0b) bytearray(b'\x01\x81\x00\x0b\x00')
2026-09-23 23:30:24,784 BTPWorkerThread-10968 (_rx_task) root DEBUG iutctl_common.py          139   read                      : Read 11 bytes data
2026-09-23 23:30:24,784 BTPWorkerThread-10968 (_rx_task) root DEBUG iutctl_common.py          154   read                      : Received data: {'e0 53 00 4c 17 e5 44 a7 03 00 00'}, bytearray(b'\xe0S\x00L\x17\xe5D\xa7\x03\x00\x00')
2026-09-23 23:30:24,784 BTPWorkerThread-10968 (_rx_task) root DEBUG btp.py                    736   event_handler             : Header(svc_id=1, op=129, ctrl_index=0, data_len=11) (b'\xe0S\x00L\x17\xe5D\xa7\x03\x00\x00',)
2026-09-23 23:30:24,784 BTPWorkerThread-10968 (_rx_task) root DEBUG gap.py                    193   gap_device_found_ev_      : b'\xe0S\x00L\x17\xe5D\xa7\x03\x00\x00'
2026-09-23 23:30:24,784 BTPWorkerThread-10968 (_rx_task) root DEBUG gap.py                    207   gap_device_found_ev_      : found '44e5174c0053' type 224 eir b''
2026-09-23 23:30:25,136 BTPWorkerThread-10968 (_rx_task) root DEBUG iutctl_common.py          123   read                      : Read 5 bytes
2026-09-23 23:30:25,136 BTPWorkerThread-10968 (_rx_task) root DEBUG iutctl_common.py          131   read                      : Received: hdr: Header(svc_id=0x01, op=0x81, ctrl_index=0x00, data_len=0x26) bytearray(b'\x01\x81\x00&\x00')
2026-09-23 23:30:25,137 BTPWorkerThread-10968 (_rx_task) root DEBUG iutctl_common.py          139   read                      : Read 38 bytes data
2026-09-23 23:30:25,137 BTPWorkerThread-10968 (_rx_task) root DEBUG iutctl_common.py          154   read                      : Received data: {'e0 53 00 4c 17 e5 44 b0 03 1b 00 09 09 4e 58 4c 36 36 35 32 38 02 0a 0c 0d 03 0c 11 0a 11 0b 11 0e 11 1f 11 1e 11'}, bytearray(b'\xe0S\x00L\x17\xe5D\xb0\x03\x1b\x00\t\tNXL66528\x02\n\x0c\r\x03\x0c\x11\n\x11\x0b\x11\x0e\x11\x1f\x11\x1e\x11')
2026-09-23 23:30:25,137 BTPWorkerThread-10968 (_rx_task) root DEBUG btp.py                    736   event_handler             : Header(svc_id=1, op=129, ctrl_index=0, data_len=38) (b'\xe0S\x00L\x17\xe5D\xb0\x03\x1b\x00\t\tNXL66528\x02\n\x0c\r\x03\x0c\x11\n\x11\x0b\x11\x0e\x11\x1f\x11\x1e\x11',)
2026-09-23 23:30:25,137 BTPWorkerThread-10968 (_rx_task) root DEBUG gap.py                    193   gap_device_found_ev_      : b'\xe0S\x00L\x17\xe5D\xb0\x03\x1b\x00\t\tNXL66528\x02\n\x0c\r\x03\x0c\x11\n\x11\x0b\x11\x0e\x11\x1f\x11\x1e\x11'
2026-09-23 23:30:25,137 BTPWorkerThread-10968 (_rx_task) root DEBUG gap.py                    207   gap_device_found_ev_      : found '44e5174c0053' type 224 eir b'\t\tNXL66528\x02\n\x0c\r\x03\x0c\x11\n\x11\x0b\x11\x0e\x11\x1f\x11\x1e\x11'
2026-09-23 23:30:25,276 BTPWorkerThread-10968 (_rx_task) root DEBUG iutctl_common.py          123   read                      : Read 5 bytes
2026-09-23 23:30:25,276 BTPWorkerThread-10968 (_rx_task) root DEBUG iutctl_common.py          131   read                      : Received: hdr: Header(svc_id=0x01, op=0x81, ctrl_index=0x00, data_len=0x0b) bytearray(b'\x01\x81\x00\x0b\x00')
2026-09-23 23:30:25,276 BTPWorkerThread-10968 (_rx_task) root DEBUG iutctl_common.py          139   read                      : Read 11 bytes data
2026-09-23 23:30:25,276 BTPWorkerThread-10968 (_rx_task) root DEBUG iutctl_common.py          154   read                      : Received data: {'e0 4e e4 08 dc 1b 00 d1 03 00 00'}, bytearray(b'\xe0N\xe4\x08\xdc\x1b\x00\xd1\x03\x00\x00')
2026-09-23 23:30:25,277 BTPWorkerThread-10968 (_rx_task) root DEBUG btp.py                    736   event_handler             : Header(svc_id=1, op=129, ctrl_index=0, data_len=11) (b'\xe0N\xe4\x08\xdc\x1b\x00\xd1\x03\x00\x00',)
2026-09-23 23:30:25,277 BTPWorkerThread-10968 (_rx_task) root DEBUG gap.py                    193   gap_device_found_ev_      : b'\xe0N\xe4\x08\xdc\x1b\x00\xd1\x03\x00\x00'
2026-09-23 23:30:25,277 BTPWorkerThread-10968 (_rx_task) root DEBUG gap.py                    207   gap_device_found_ev_      : found '001bdc08e44e' type 224 eir b''
2026-09-23 23:30:25,584 BTPWorkerThread-10968 (_rx_task) root DEBUG iutctl_common.py          123   read                      : Read 5 bytes
2026-09-23 23:30:25,584 BTPWorkerThread-10968 (_rx_task) root DEBUG iutctl_common.py          131   read                      : Received: hdr: Header(svc_id=0x01, op=0x81, ctrl_index=0x00, data_len=0x26) bytearray(b'\x01\x81\x00&\x00')
2026-09-23 23:30:25,584 BTPWorkerThread-10968 (_rx_task) root DEBUG iutctl_common.py          139   read                      : Read 12 bytes data
2026-09-23 23:30:25,596 BTPWorkerThread-10968 (_rx_task) root DEBUG iutctl_common.py          139   read                      : Read 26 bytes data
2026-09-23 23:30:25,596 BTPWorkerThread-10968 (_rx_task) root DEBUG iutctl_common.py          154   read                      : Received data: {'e0 53 00 4c 17 e5 44 b2 03 1b 00 09 09 4e 58 4c 36 36 35 32 38 02 0a 0c 0d 03 0c 11 0a 11 0b 11 0e 11 1f 11 1e 11'}, bytearray(b'\xe0S\x00L\x17\xe5D\xb2\x03\x1b\x00\t\tNXL66528\x02\n\x0c\r\x03\x0c\x11\n\x11\x0b\x11\x0e\x11\x1f\x11\x1e\x11')
2026-09-23 23:30:25,597 BTPWorkerThread-10968 (_rx_task) root DEBUG btp.py                    736   event_handler             : Header(svc_id=1, op=129, ctrl_index=0, data_len=38) (b'\xe0S\x00L\x17\xe5D\xb2\x03\x1b\x00\t\tNXL66528\x02\n\x0c\r\x03\x0c\x11\n\x11\x0b\x11\x0e\x11\x1f\x11\x1e\x11',)
2026-09-23 23:30:25,597 BTPWorkerThread-10968 (_rx_task) root DEBUG gap.py                    193   gap_device_found_ev_      : b'\xe0S\x00L\x17\xe5D\xb2\x03\x1b\x00\t\tNXL66528\x02\n\x0c\r\x03\x0c\x11\n\x11\x0b\x11\x0e\x11\x1f\x11\x1e\x11'
2026-09-23 23:30:25,597 BTPWorkerThread-10968 (_rx_task) root DEBUG gap.py                    207   gap_device_found_ev_      : found '44e5174c0053' type 224 eir b'\t\tNXL66528\x02\n\x0c\r\x03\x0c\x11\n\x11\x0b\x11\x0e\x11\x1f\x11\x1e\x11'
2026-09-23 23:30:25,725 BTPWorkerThread-10968 (_rx_task) root DEBUG iutctl_common.py          123   read                      : Read 5 bytes
2026-09-23 23:30:25,725 BTPWorkerThread-10968 (_rx_task) root DEBUG iutctl_common.py          131   read                      : Received: hdr: Header(svc_id=0x01, op=0x81, ctrl_index=0x00, data_len=0x0b) bytearray(b'\x01\x81\x00\x0b\x00')
2026-09-23 23:30:25,725 BTPWorkerThread-10968 (_rx_task) root DEBUG iutctl_common.py          139   read                      : Read 11 bytes data
2026-09-23 23:30:25,726 BTPWorkerThread-10968 (_rx_task) root DEBUG iutctl_common.py          154   read                      : Received data: {'e0 4d 65 9b 70 f3 5c a1 03 00 00'}, bytearray(b'\xe0Me\x9bp\xf3\\\xa1\x03\x00\x00')
2026-09-23 23:30:25,726 BTPWorkerThread-10968 (_rx_task) root DEBUG btp.py                    736   event_handler             : Header(svc_id=1, op=129, ctrl_index=0, data_len=11) (b'\xe0Me\x9bp\xf3\\\xa1\x03\x00\x00',)
2026-09-23 23:30:25,726 BTPWorkerThread-10968 (_rx_task) root DEBUG gap.py                    193   gap_device_found_ev_      : b'\xe0Me\x9bp\xf3\\\xa1\x03\x00\x00'
2026-09-23 23:30:25,726 BTPWorkerThread-10968 (_rx_task) root DEBUG gap.py                    207   gap_device_found_ev_      : found '5cf3709b654d' type 224 eir b''
2026-09-23 23:30:25,854 BTPWorkerThread-10968 (_rx_task) root DEBUG iutctl_common.py          123   read                      : Read 3 bytes
2026-09-23 23:30:25,866 BTPWorkerThread-10968 (_rx_task) root DEBUG iutctl_common.py          123   read                      : Read 2 bytes
2026-09-23 23:30:25,866 BTPWorkerThread-10968 (_rx_task) root DEBUG iutctl_common.py          131   read                      : Received: hdr: Header(svc_id=0x01, op=0x81, ctrl_index=0x00, data_len=0x26) bytearray(b'\x01\x81\x00&\x00')
2026-09-23 23:30:25,867 BTPWorkerThread-10968 (_rx_task) root DEBUG iutctl_common.py          139   read                      : Read 38 bytes data
2026-09-23 23:30:25,867 BTPWorkerThread-10968 (_rx_task) root DEBUG iutctl_common.py          154   read                      : Received data: {'e0 53 00 4c 17 e5 44 ab 03 1b 00 09 09 4e 58 4c 36 36 35 32 38 02 0a 0c 0d 03 0c 11 0a 11 0b 11 0e 11 1f 11 1e 11'}, bytearray(b'\xe0S\x00L\x17\xe5D\xab\x03\x1b\x00\t\tNXL66528\x02\n\x0c\r\x03\x0c\x11\n\x11\x0b\x11\x0e\x11\x1f\x11\x1e\x11')
2026-09-23 23:30:25,867 BTPWorkerThread-10968 (_rx_task) root DEBUG btp.py                    736   event_handler             : Header(svc_id=1, op=129, ctrl_index=0, data_len=38) (b'\xe0S\x00L\x17\xe5D\xab\x03\x1b\x00\t\tNXL66528\x02\n\x0c\r\x03\x0c\x11\n\x11\x0b\x11\x0e\x11\x1f\x11\x1e\x11',)
2026-09-23 23:30:25,867 BTPWorkerThread-10968 (_rx_task) root DEBUG gap.py                    193   gap_device_found_ev_      : b'\xe0S\x00L\x17\xe5D\xab\x03\x1b\x00\t\tNXL66528\x02\n\x0c\r\x03\x0c\x11\n\x11\x0b\x11\x0e\x11\x1f\x11\x1e\x11'
2026-09-23 23:30:25,867 BTPWorkerThread-10968 (_rx_task) root DEBUG gap.py                    207   gap_device_found_ev_      : found '44e5174c0053' type 224 eir b'\t\tNXL66528\x02\n\x0c\r\x03\x0c\x11\n\x11\x0b\x11\x0e\x11\x1f\x11\x1e\x11'
2026-09-23 23:30:25,899 BTPWorkerThread-10968 (_rx_task) root DEBUG iutctl_common.py          123   read                      : Read 5 bytes
2026-09-23 23:30:25,899 BTPWorkerThread-10968 (_rx_task) root DEBUG iutctl_common.py          131   read                      : Received: hdr: Header(svc_id=0x01, op=0x81, ctrl_index=0x00, data_len=0x1a) bytearray(b'\x01\x81\x00\x1a\x00')
2026-09-23 23:30:25,899 BTPWorkerThread-10968 (_rx_task) root DEBUG iutctl_common.py          139   read                      : Read 26 bytes data
2026-09-23 23:30:25,900 BTPWorkerThread-10968 (_rx_task) root DEBUG iutctl_common.py          154   read                      : Received data: {'e0 4e e4 08 dc 1b 00 d3 03 0f 00 0e 09 50 54 53 2d 47 41 50 2d 45 34 34 45 00'}, bytearray(b'\xe0N\xe4\x08\xdc\x1b\x00\xd3\x03\x0f\x00\x0e\tPTS-GAP-E44E\x00')
2026-09-23 23:30:25,900 BTPWorkerThread-10968 (_rx_task) root DEBUG btp.py                    736   event_handler             : Header(svc_id=1, op=129, ctrl_index=0, data_len=26) (b'\xe0N\xe4\x08\xdc\x1b\x00\xd3\x03\x0f\x00\x0e\tPTS-GAP-E44E\x00',)
2026-09-23 23:30:25,900 BTPWorkerThread-10968 (_rx_task) root DEBUG gap.py                    193   gap_device_found_ev_      : b'\xe0N\xe4\x08\xdc\x1b\x00\xd3\x03\x0f\x00\x0e\tPTS-GAP-E44E\x00'
2026-09-23 23:30:25,900 BTPWorkerThread-10968 (_rx_task) root DEBUG gap.py                    207   gap_device_found_ev_      : found '001bdc08e44e' type 224 eir b'\x0e\tPTS-GAP-E44E\x00'
2026-09-23 23:30:25,983 BTPWorkerThread-10968 (_rx_task) root DEBUG iutctl_common.py          123   read                      : Read 5 bytes
2026-09-23 23:30:25,983 BTPWorkerThread-10968 (_rx_task) root DEBUG iutctl_common.py          131   read                      : Received: hdr: Header(svc_id=0x01, op=0x81, ctrl_index=0x00, data_len=0x0b) bytearray(b'\x01\x81\x00\x0b\x00')
2026-09-23 23:30:25,984 BTPWorkerThread-10968 (_rx_task) root DEBUG iutctl_common.py          139   read                      : Read 11 bytes data
2026-09-23 23:30:25,984 BTPWorkerThread-10968 (_rx_task) root DEBUG iutctl_common.py          154   read                      : Received data: {'e0 cd 83 06 dc 1b 00 a7 03 00 00'}, bytearray(b'\xe0\xcd\x83\x06\xdc\x1b\x00\xa7\x03\x00\x00')
2026-09-23 23:30:25,984 BTPWorkerThread-10968 (_rx_task) root DEBUG btp.py                    736   event_handler             : Header(svc_id=1, op=129, ctrl_index=0, data_len=11) (b'\xe0\xcd\x83\x06\xdc\x1b\x00\xa7\x03\x00\x00',)
2026-09-23 23:30:25,984 BTPWorkerThread-10968 (_rx_task) root DEBUG gap.py                    193   gap_device_found_ev_      : b'\xe0\xcd\x83\x06\xdc\x1b\x00\xa7\x03\x00\x00'
2026-09-23 23:30:25,984 BTPWorkerThread-10968 (_rx_task) root DEBUG gap.py                    207   gap_device_found_ev_      : found '001bdc0683cd' type 224 eir b''
2026-09-23 23:30:26,456 BTPWorkerThread-10968 (_rx_task) root DEBUG iutctl_common.py          123   read                      : Read 5 bytes
2026-09-23 23:30:26,456 BTPWorkerThread-10968 (_rx_task) root DEBUG iutctl_common.py          131   read                      : Received: hdr: Header(svc_id=0x01, op=0x81, ctrl_index=0x00, data_len=0x2a) bytearray(b'\x01\x81\x00*\x00')
2026-09-23 23:30:26,456 BTPWorkerThread-10968 (_rx_task) root DEBUG iutctl_common.py          139   read                      : Read 42 bytes data
2026-09-23 23:30:26,457 BTPWorkerThread-10968 (_rx_task) root DEBUG iutctl_common.py          154   read                      : Received data: {'e0 cd 83 06 dc 1b 00 a2 03 1f 00 1e 09 41 32 44 50 20 53 6f 75 72 63 65 20 30 30 3a 31 42 3a 44 43 3a 30 36 3a 38 33 3a 43 44'}, bytearray(b'\xe0\xcd\x83\x06\xdc\x1b\x00\xa2\x03\x1f\x00\x1e\tA2DP Source 00:1B:DC:06:83:CD')
2026-09-23 23:30:26,457 BTPWorkerThread-10968 (_rx_task) root DEBUG btp.py                    736   event_handler             : Header(svc_id=1, op=129, ctrl_index=0, data_len=42) (b'\xe0\xcd\x83\x06\xdc\x1b\x00\xa2\x03\x1f\x00\x1e\tA2DP Source 00:1B:DC:06:83:CD',)
2026-09-23 23:30:26,457 BTPWorkerThread-10968 (_rx_task) root DEBUG gap.py                    193   gap_device_found_ev_      : b'\xe0\xcd\x83\x06\xdc\x1b\x00\xa2\x03\x1f\x00\x1e\tA2DP Source 00:1B:DC:06:83:CD'
2026-09-23 23:30:26,457 BTPWorkerThread-10968 (_rx_task) root DEBUG gap.py                    207   gap_device_found_ev_      : found '001bdc0683cd' type 224 eir b'\x1e\tA2DP Source 00:1B:DC:06:83:CD'
2026-09-23 23:30:26,467 BTPWorkerThread-10968 (_rx_task) root DEBUG iutctl_common.py          123   read                      : Read 5 bytes
2026-09-23 23:30:26,467 BTPWorkerThread-10968 (_rx_task) root DEBUG iutctl_common.py          131   read                      : Received: hdr: Header(svc_id=0x01, op=0x81, ctrl_index=0x00, data_len=0x2a) bytearray(b'\x01\x81\x00*\x00')
2026-09-23 23:30:26,467 BTPWorkerThread-10968 (_rx_task) root DEBUG iutctl_common.py          139   read                      : Read 42 bytes data
2026-09-23 23:30:26,467 BTPWorkerThread-10968 (_rx_task) root DEBUG iutctl_common.py          154   read                      : Received data: {'e0 cd 83 06 dc 1b 00 a5 03 1f 00 1e 09 41 32 44 50 20 53 6f 75 72 63 65 20 30 30 3a 31 42 3a 44 43 3a 30 36 3a 38 33 3a 43 44'}, bytearray(b'\xe0\xcd\x83\x06\xdc\x1b\x00\xa5\x03\x1f\x00\x1e\tA2DP Source 00:1B:DC:06:83:CD')
2026-09-23 23:30:26,467 BTPWorkerThread-10968 (_rx_task) root DEBUG btp.py                    736   event_handler             : Header(svc_id=1, op=129, ctrl_index=0, data_len=42) (b'\xe0\xcd\x83\x06\xdc\x1b\x00\xa5\x03\x1f\x00\x1e\tA2DP Source 00:1B:DC:06:83:CD',)
2026-09-23 23:30:26,467 BTPWorkerThread-10968 (_rx_task) root DEBUG gap.py                    193   gap_device_found_ev_      : b'\xe0\xcd\x83\x06\xdc\x1b\x00\xa5\x03\x1f\x00\x1e\tA2DP Source 00:1B:DC:06:83:CD'
2026-09-23 23:30:26,467 BTPWorkerThread-10968 (_rx_task) root DEBUG gap.py                    207   gap_device_found_ev_      : found '001bdc0683cd' type 224 eir b'\x1e\tA2DP Source 00:1B:DC:06:83:CD'
2026-09-23 23:30:26,727 BTPWorkerThread-10968 (_rx_task) root DEBUG iutctl_common.py          123   read                      : Read 5 bytes
2026-09-23 23:30:26,727 BTPWorkerThread-10968 (_rx_task) root DEBUG iutctl_common.py          131   read                      : Received: hdr: Header(svc_id=0x01, op=0x81, ctrl_index=0x00, data_len=0x2a) bytearray(b'\x01\x81\x00*\x00')
2026-09-23 23:30:26,727 BTPWorkerThread-10968 (_rx_task) root DEBUG iutctl_common.py          139   read                      : Read 42 bytes data
2026-09-23 23:30:26,728 BTPWorkerThread-10968 (_rx_task) root DEBUG iutctl_common.py          154   read                      : Received data: {'e0 cd 83 06 dc 1b 00 ab 03 1f 00 1e 09 41 32 44 50 20 53 6f 75 72 63 65 20 30 30 3a 31 42 3a 44 43 3a 30 36 3a 38 33 3a 43 44'}, bytearray(b'\xe0\xcd\x83\x06\xdc\x1b\x00\xab\x03\x1f\x00\x1e\tA2DP Source 00:1B:DC:06:83:CD')
2026-09-23 23:30:26,728 BTPWorkerThread-10968 (_rx_task) root DEBUG btp.py                    736   event_handler             : Header(svc_id=1, op=129, ctrl_index=0, data_len=42) (b'\xe0\xcd\x83\x06\xdc\x1b\x00\xab\x03\x1f\x00\x1e\tA2DP Source 00:1B:DC:06:83:CD',)
2026-09-23 23:30:26,728 BTPWorkerThread-10968 (_rx_task) root DEBUG gap.py                    193   gap_device_found_ev_      : b'\xe0\xcd\x83\x06\xdc\x1b\x00\xab\x03\x1f\x00\x1e\tA2DP Source 00:1B:DC:06:83:CD'
2026-09-23 23:30:26,728 BTPWorkerThread-10968 (_rx_task) root DEBUG gap.py                    207   gap_device_found_ev_      : found '001bdc0683cd' type 224 eir b'\x1e\tA2DP Source 00:1B:DC:06:83:CD'
2026-09-23 23:30:27,845 BTPWorkerThread-10968 (_rx_task) root DEBUG iutctl_common.py          123   read                      : Read 5 bytes
2026-09-23 23:30:27,845 BTPWorkerThread-10968 (_rx_task) root DEBUG iutctl_common.py          131   read                      : Received: hdr: Header(svc_id=0x01, op=0x81, ctrl_index=0x00, data_len=0x2a) bytearray(b'\x01\x81\x00*\x00')
2026-09-23 23:30:27,846 BTPWorkerThread-10968 (_rx_task) root DEBUG iutctl_common.py          139   read                      : Read 42 bytes data
2026-09-23 23:30:27,846 BTPWorkerThread-10968 (_rx_task) root DEBUG iutctl_common.py          154   read                      : Received data: {'e0 cd 83 06 dc 1b 00 a8 03 1f 00 1e 09 41 32 44 50 20 53 6f 75 72 63 65 20 30 30 3a 31 42 3a 44 43 3a 30 36 3a 38 33 3a 43 44'}, bytearray(b'\xe0\xcd\x83\x06\xdc\x1b\x00\xa8\x03\x1f\x00\x1e\tA2DP Source 00:1B:DC:06:83:CD')
2026-09-23 23:30:27,846 BTPWorkerThread-10968 (_rx_task) root DEBUG btp.py                    736   event_handler             : Header(svc_id=1, op=129, ctrl_index=0, data_len=42) (b'\xe0\xcd\x83\x06\xdc\x1b\x00\xa8\x03\x1f\x00\x1e\tA2DP Source 00:1B:DC:06:83:CD',)
2026-09-23 23:30:27,846 BTPWorkerThread-10968 (_rx_task) root DEBUG gap.py                    193   gap_device_found_ev_      : b'\xe0\xcd\x83\x06\xdc\x1b\x00\xa8\x03\x1f\x00\x1e\tA2DP Source 00:1B:DC:06:83:CD'
2026-09-23 23:30:27,846 BTPWorkerThread-10968 (_rx_task) root DEBUG gap.py                    207   gap_device_found_ev_      : found '001bdc0683cd' type 224 eir b'\x1e\tA2DP Source 00:1B:DC:06:83:CD'
2026-09-23 23:30:28,489 BTPWorkerThread-10968 (_rx_task) root DEBUG iutctl_common.py          123   read                      : Read 5 bytes
2026-09-23 23:30:28,489 BTPWorkerThread-10968 (_rx_task) root DEBUG iutctl_common.py          131   read                      : Received: hdr: Header(svc_id=0x01, op=0x81, ctrl_index=0x00, data_len=0x26) bytearray(b'\x01\x81\x00&\x00')
2026-09-23 23:30:28,489 BTPWorkerThread-10968 (_rx_task) root DEBUG iutctl_common.py          139   read                      : Read 38 bytes data
2026-09-23 23:30:28,490 BTPWorkerThread-10968 (_rx_task) root DEBUG iutctl_common.py          154   read                      : Received data: {'e0 53 00 4c 17 e5 44 af 03 1b 00 09 09 4e 58 4c 36 36 35 32 38 02 0a 0c 0d 03 0c 11 0a 11 0b 11 0e 11 1f 11 1e 11'}, bytearray(b'\xe0S\x00L\x17\xe5D\xaf\x03\x1b\x00\t\tNXL66528\x02\n\x0c\r\x03\x0c\x11\n\x11\x0b\x11\x0e\x11\x1f\x11\x1e\x11')
2026-09-23 23:30:28,490 BTPWorkerThread-10968 (_rx_task) root DEBUG btp.py                    736   event_handler             : Header(svc_id=1, op=129, ctrl_index=0, data_len=38) (b'\xe0S\x00L\x17\xe5D\xaf\x03\x1b\x00\t\tNXL66528\x02\n\x0c\r\x03\x0c\x11\n\x11\x0b\x11\x0e\x11\x1f\x11\x1e\x11',)
2026-09-23 23:30:28,490 BTPWorkerThread-10968 (_rx_task) root DEBUG gap.py                    193   gap_device_found_ev_      : b'\xe0S\x00L\x17\xe5D\xaf\x03\x1b\x00\t\tNXL66528\x02\n\x0c\r\x03\x0c\x11\n\x11\x0b\x11\x0e\x11\x1f\x11\x1e\x11'
2026-09-23 23:30:28,490 BTPWorkerThread-10968 (_rx_task) root DEBUG gap.py                    207   gap_device_found_ev_      : found '44e5174c0053' type 224 eir b'\t\tNXL66528\x02\n\x0c\r\x03\x0c\x11\n\x11\x0b\x11\x0e\x11\x1f\x11\x1e\x11'
2026-09-23 23:30:28,909 BTPWorkerThread-10968 (_rx_task) root DEBUG iutctl_common.py          123   read                      : Read 5 bytes
2026-09-23 23:30:28,910 BTPWorkerThread-10968 (_rx_task) root DEBUG iutctl_common.py          131   read                      : Received: hdr: Header(svc_id=0x01, op=0x81, ctrl_index=0x00, data_len=0x26) bytearray(b'\x01\x81\x00&\x00')
2026-09-23 23:30:28,910 BTPWorkerThread-10968 (_rx_task) root DEBUG iutctl_common.py          139   read                      : Read 26 bytes data
2026-09-23 23:30:28,920 BTPWorkerThread-10968 (_rx_task) root DEBUG iutctl_common.py          139   read                      : Read 12 bytes data
2026-09-23 23:30:28,920 BTPWorkerThread-10968 (_rx_task) root DEBUG iutctl_common.py          154   read                      : Received data: {'e0 53 00 4c 17 e5 44 a5 03 1b 00 09 09 4e 58 4c 36 36 35 32 38 02 0a 0c 0d 03 0c 11 0a 11 0b 11 0e 11 1f 11 1e 11'}, bytearray(b'\xe0S\x00L\x17\xe5D\xa5\x03\x1b\x00\t\tNXL66528\x02\n\x0c\r\x03\x0c\x11\n\x11\x0b\x11\x0e\x11\x1f\x11\x1e\x11')
2026-09-23 23:30:28,920 BTPWorkerThread-10968 (_rx_task) root DEBUG btp.py                    736   event_handler             : Header(svc_id=1, op=129, ctrl_index=0, data_len=38) (b'\xe0S\x00L\x17\xe5D\xa5\x03\x1b\x00\t\tNXL66528\x02\n\x0c\r\x03\x0c\x11\n\x11\x0b\x11\x0e\x11\x1f\x11\x1e\x11',)
2026-09-23 23:30:28,921 BTPWorkerThread-10968 (_rx_task) root DEBUG gap.py                    193   gap_device_found_ev_      : b'\xe0S\x00L\x17\xe5D\xa5\x03\x1b\x00\t\tNXL66528\x02\n\x0c\r\x03\x0c\x11\n\x11\x0b\x11\x0e\x11\x1f\x11\x1e\x11'
2026-09-23 23:30:28,921 BTPWorkerThread-10968 (_rx_task) root DEBUG gap.py                    207   gap_device_found_ev_      : found '44e5174c0053' type 224 eir b'\t\tNXL66528\x02\n\x0c\r\x03\x0c\x11\n\x11\x0b\x11\x0e\x11\x1f\x11\x1e\x11'
2026-09-23 23:30:29,060 BTPWorkerThread-10968 (_rx_task) root DEBUG iutctl_common.py          123   read                      : Read 5 bytes
2026-09-23 23:30:29,060 BTPWorkerThread-10968 (_rx_task) root DEBUG iutctl_common.py          131   read                      : Received: hdr: Header(svc_id=0x01, op=0x81, ctrl_index=0x00, data_len=0x1a) bytearray(b'\x01\x81\x00\x1a\x00')
2026-09-23 23:30:29,060 BTPWorkerThread-10968 (_rx_task) root DEBUG iutctl_common.py          139   read                      : Read 26 bytes data
2026-09-23 23:30:29,061 BTPWorkerThread-10968 (_rx_task) root DEBUG iutctl_common.py          154   read                      : Received data: {'e0 4e e4 08 dc 1b 00 d3 03 0f 00 0e 09 50 54 53 2d 47 41 50 2d 45 34 34 45 00'}, bytearray(b'\xe0N\xe4\x08\xdc\x1b\x00\xd3\x03\x0f\x00\x0e\tPTS-GAP-E44E\x00')
2026-09-23 23:30:29,061 BTPWorkerThread-10968 (_rx_task) root DEBUG btp.py                    736   event_handler             : Header(svc_id=1, op=129, ctrl_index=0, data_len=26) (b'\xe0N\xe4\x08\xdc\x1b\x00\xd3\x03\x0f\x00\x0e\tPTS-GAP-E44E\x00',)
2026-09-23 23:30:29,061 BTPWorkerThread-10968 (_rx_task) root DEBUG gap.py                    193   gap_device_found_ev_      : b'\xe0N\xe4\x08\xdc\x1b\x00\xd3\x03\x0f\x00\x0e\tPTS-GAP-E44E\x00'
2026-09-23 23:30:29,061 BTPWorkerThread-10968 (_rx_task) root DEBUG gap.py                    207   gap_device_found_ev_      : found '001bdc08e44e' type 224 eir b'\x0e\tPTS-GAP-E44E\x00'
2026-09-23 23:30:29,146 BTPWorkerThread-10968 (_rx_task) root DEBUG iutctl_common.py          123   read                      : Read 5 bytes
2026-09-23 23:30:29,146 BTPWorkerThread-10968 (_rx_task) root DEBUG iutctl_common.py          131   read                      : Received: hdr: Header(svc_id=0x01, op=0x81, ctrl_index=0x00, data_len=0x26) bytearray(b'\x01\x81\x00&\x00')
2026-09-23 23:30:29,146 BTPWorkerThread-10968 (_rx_task) root DEBUG iutctl_common.py          139   read                      : Read 38 bytes data
2026-09-23 23:30:29,147 BTPWorkerThread-10968 (_rx_task) root DEBUG iutctl_common.py          154   read                      : Received data: {'e0 53 00 4c 17 e5 44 b1 03 1b 00 09 09 4e 58 4c 36 36 35 32 38 02 0a 0c 0d 03 0c 11 0a 11 0b 11 0e 11 1f 11 1e 11'}, bytearray(b'\xe0S\x00L\x17\xe5D\xb1\x03\x1b\x00\t\tNXL66528\x02\n\x0c\r\x03\x0c\x11\n\x11\x0b\x11\x0e\x11\x1f\x11\x1e\x11')
2026-09-23 23:30:29,147 BTPWorkerThread-10968 (_rx_task) root DEBUG btp.py                    736   event_handler             : Header(svc_id=1, op=129, ctrl_index=0, data_len=38) (b'\xe0S\x00L\x17\xe5D\xb1\x03\x1b\x00\t\tNXL66528\x02\n\x0c\r\x03\x0c\x11\n\x11\x0b\x11\x0e\x11\x1f\x11\x1e\x11',)
2026-09-23 23:30:29,147 BTPWorkerThread-10968 (_rx_task) root DEBUG gap.py                    193   gap_device_found_ev_      : b'\xe0S\x00L\x17\xe5D\xb1\x03\x1b\x00\t\tNXL66528\x02\n\x0c\r\x03\x0c\x11\n\x11\x0b\x11\x0e\x11\x1f\x11\x1e\x11'
2026-09-23 23:30:29,147 BTPWorkerThread-10968 (_rx_task) root DEBUG gap.py                    207   gap_device_found_ev_      : found '44e5174c0053' type 224 eir b'\t\tNXL66528\x02\n\x0c\r\x03\x0c\x11\n\x11\x0b\x11\x0e\x11\x1f\x11\x1e\x11'
2026-09-23 23:30:29,510 BTPWorkerThread-10968 (_rx_task) root DEBUG iutctl_common.py          123   read                      : Read 5 bytes
2026-09-23 23:30:29,510 BTPWorkerThread-10968 (_rx_task) root DEBUG iutctl_common.py          131   read                      : Received: hdr: Header(svc_id=0x01, op=0x81, ctrl_index=0x00, data_len=0x26) bytearray(b'\x01\x81\x00&\x00')
2026-09-23 23:30:29,510 BTPWorkerThread-10968 (_rx_task) root DEBUG iutctl_common.py          139   read                      : Read 18 bytes data
2026-09-23 23:30:29,521 BTPWorkerThread-10968 (_rx_task) root DEBUG iutctl_common.py          139   read                      : Read 20 bytes data
2026-09-23 23:30:29,521 BTPWorkerThread-10968 (_rx_task) root DEBUG iutctl_common.py          154   read                      : Received data: {'e0 53 00 4c 17 e5 44 b1 03 1b 00 09 09 4e 58 4c 36 36 35 32 38 02 0a 0c 0d 03 0c 11 0a 11 0b 11 0e 11 1f 11 1e 11'}, bytearray(b'\xe0S\x00L\x17\xe5D\xb1\x03\x1b\x00\t\tNXL66528\x02\n\x0c\r\x03\x0c\x11\n\x11\x0b\x11\x0e\x11\x1f\x11\x1e\x11')
2026-09-23 23:30:29,521 BTPWorkerThread-10968 (_rx_task) root DEBUG btp.py                    736   event_handler             : Header(svc_id=1, op=129, ctrl_index=0, data_len=38) (b'\xe0S\x00L\x17\xe5D\xb1\x03\x1b\x00\t\tNXL66528\x02\n\x0c\r\x03\x0c\x11\n\x11\x0b\x11\x0e\x11\x1f\x11\x1e\x11',)
2026-09-23 23:30:29,521 BTPWorkerThread-10968 (_rx_task) root DEBUG gap.py                    193   gap_device_found_ev_      : b'\xe0S\x00L\x17\xe5D\xb1\x03\x1b\x00\t\tNXL66528\x02\n\x0c\r\x03\x0c\x11\n\x11\x0b\x11\x0e\x11\x1f\x11\x1e\x11'
2026-09-23 23:30:29,522 BTPWorkerThread-10968 (_rx_task) root DEBUG gap.py                    207   gap_device_found_ev_      : found '44e5174c0053' type 224 eir b'\t\tNXL66528\x02\n\x0c\r\x03\x0c\x11\n\x11\x0b\x11\x0e\x11\x1f\x11\x1e\x11'
2026-09-23 23:30:29,522 BTPWorkerThread-10968 (_rx_task) root DEBUG iutctl_common.py          123   read                      : Read 5 bytes
2026-09-23 23:30:29,522 BTPWorkerThread-10968 (_rx_task) root DEBUG iutctl_common.py          131   read                      : Received: hdr: Header(svc_id=0x01, op=0x81, ctrl_index=0x00, data_len=0x1a) bytearray(b'\x01\x81\x00\x1a\x00')
2026-09-23 23:30:29,522 BTPWorkerThread-10968 (_rx_task) root DEBUG iutctl_common.py          139   read                      : Read 26 bytes data
2026-09-23 23:30:29,522 BTPWorkerThread-10968 (_rx_task) root DEBUG iutctl_common.py          154   read                      : Received data: {'e0 4e e4 08 dc 1b 00 d2 03 0f 00 0e 09 50 54 53 2d 47 41 50 2d 45 34 34 45 00'}, bytearray(b'\xe0N\xe4\x08\xdc\x1b\x00\xd2\x03\x0f\x00\x0e\tPTS-GAP-E44E\x00')
2026-09-23 23:30:29,522 BTPWorkerThread-10968 (_rx_task) root DEBUG btp.py                    736   event_handler             : Header(svc_id=1, op=129, ctrl_index=0, data_len=26) (b'\xe0N\xe4\x08\xdc\x1b\x00\xd2\x03\x0f\x00\x0e\tPTS-GAP-E44E\x00',)
2026-09-23 23:30:29,522 BTPWorkerThread-10968 (_rx_task) root DEBUG gap.py                    193   gap_device_found_ev_      : b'\xe0N\xe4\x08\xdc\x1b\x00\xd2\x03\x0f\x00\x0e\tPTS-GAP-E44E\x00'
2026-09-23 23:30:29,522 BTPWorkerThread-10968 (_rx_task) root DEBUG gap.py                    207   gap_device_found_ev_      : found '001bdc08e44e' type 224 eir b'\x0e\tPTS-GAP-E44E\x00'
2026-09-23 23:30:29,651 BTPWorkerThread-10968 (_rx_task) root DEBUG iutctl_common.py          123   read                      : Read 5 bytes
2026-09-23 23:30:29,651 BTPWorkerThread-10968 (_rx_task) root DEBUG iutctl_common.py          131   read                      : Received: hdr: Header(svc_id=0x01, op=0x81, ctrl_index=0x00, data_len=0x26) bytearray(b'\x01\x81\x00&\x00')
2026-09-23 23:30:29,651 BTPWorkerThread-10968 (_rx_task) root DEBUG iutctl_common.py          139   read                      : Read 18 bytes data
2026-09-23 23:30:29,662 BTPWorkerThread-10968 (_rx_task) root DEBUG iutctl_common.py          139   read                      : Read 20 bytes data
2026-09-23 23:30:29,662 BTPWorkerThread-10968 (_rx_task) root DEBUG iutctl_common.py          154   read                      : Received data: {'e0 53 00 4c 17 e5 44 b1 03 1b 00 09 09 4e 58 4c 36 36 35 32 38 02 0a 0c 0d 03 0c 11 0a 11 0b 11 0e 11 1f 11 1e 11'}, bytearray(b'\xe0S\x00L\x17\xe5D\xb1\x03\x1b\x00\t\tNXL66528\x02\n\x0c\r\x03\x0c\x11\n\x11\x0b\x11\x0e\x11\x1f\x11\x1e\x11')
2026-09-23 23:30:29,663 BTPWorkerThread-10968 (_rx_task) root DEBUG btp.py                    736   event_handler             : Header(svc_id=1, op=129, ctrl_index=0, data_len=38) (b'\xe0S\x00L\x17\xe5D\xb1\x03\x1b\x00\t\tNXL66528\x02\n\x0c\r\x03\x0c\x11\n\x11\x0b\x11\x0e\x11\x1f\x11\x1e\x11',)
2026-09-23 23:30:29,663 BTPWorkerThread-10968 (_rx_task) root DEBUG gap.py                    193   gap_device_found_ev_      : b'\xe0S\x00L\x17\xe5D\xb1\x03\x1b\x00\t\tNXL66528\x02\n\x0c\r\x03\x0c\x11\n\x11\x0b\x11\x0e\x11\x1f\x11\x1e\x11'
2026-09-23 23:30:29,663 BTPWorkerThread-10968 (_rx_task) root DEBUG gap.py                    207   gap_device_found_ev_      : found '44e5174c0053' type 224 eir b'\t\tNXL66528\x02\n\x0c\r\x03\x0c\x11\n\x11\x0b\x11\x0e\x11\x1f\x11\x1e\x11'
2026-09-23 23:30:29,782 BTPWorkerThread-10968 (_rx_task) root DEBUG iutctl_common.py          123   read                      : Read 5 bytes
2026-09-23 23:30:29,782 BTPWorkerThread-10968 (_rx_task) root DEBUG iutctl_common.py          131   read                      : Received: hdr: Header(svc_id=0x01, op=0x81, ctrl_index=0x00, data_len=0x26) bytearray(b'\x01\x81\x00&\x00')
2026-09-23 23:30:29,782 BTPWorkerThread-10968 (_rx_task) root DEBUG iutctl_common.py          139   read                      : Read 38 bytes data
2026-09-23 23:30:29,783 BTPWorkerThread-10968 (_rx_task) root DEBUG iutctl_common.py          154   read                      : Received data: {'e0 53 00 4c 17 e5 44 af 03 1b 00 09 09 4e 58 4c 36 36 35 32 38 02 0a 0c 0d 03 0c 11 0a 11 0b 11 0e 11 1f 11 1e 11'}, bytearray(b'\xe0S\x00L\x17\xe5D\xaf\x03\x1b\x00\t\tNXL66528\x02\n\x0c\r\x03\x0c\x11\n\x11\x0b\x11\x0e\x11\x1f\x11\x1e\x11')
2026-09-23 23:30:29,783 BTPWorkerThread-10968 (_rx_task) root DEBUG btp.py                    736   event_handler             : Header(svc_id=1, op=129, ctrl_index=0, data_len=38) (b'\xe0S\x00L\x17\xe5D\xaf\x03\x1b\x00\t\tNXL66528\x02\n\x0c\r\x03\x0c\x11\n\x11\x0b\x11\x0e\x11\x1f\x11\x1e\x11',)
2026-09-23 23:30:29,783 BTPWorkerThread-10968 (_rx_task) root DEBUG gap.py                    193   gap_device_found_ev_      : b'\xe0S\x00L\x17\xe5D\xaf\x03\x1b\x00\t\tNXL66528\x02\n\x0c\r\x03\x0c\x11\n\x11\x0b\x11\x0e\x11\x1f\x11\x1e\x11'
2026-09-23 23:30:29,783 BTPWorkerThread-10968 (_rx_task) root DEBUG gap.py                    207   gap_device_found_ev_      : found '44e5174c0053' type 224 eir b'\t\tNXL66528\x02\n\x0c\r\x03\x0c\x11\n\x11\x0b\x11\x0e\x11\x1f\x11\x1e\x11'
2026-09-23 23:30:30,150 BTPWorkerThread-10968 (_rx_task) root DEBUG iutctl_common.py          123   read                      : Read 5 bytes
2026-09-23 23:30:30,150 BTPWorkerThread-10968 (_rx_task) root DEBUG iutctl_common.py          131   read                      : Received: hdr: Header(svc_id=0x01, op=0x81, ctrl_index=0x00, data_len=0x1a) bytearray(b'\x01\x81\x00\x1a\x00')
2026-09-23 23:30:30,150 BTPWorkerThread-10968 (_rx_task) root DEBUG iutctl_common.py          139   read                      : Read 26 bytes data
2026-09-23 23:30:30,151 BTPWorkerThread-10968 (_rx_task) root DEBUG iutctl_common.py          154   read                      : Received data: {'e0 4e e4 08 dc 1b 00 d4 03 0f 00 0e 09 50 54 53 2d 47 41 50 2d 45 34 34 45 00'}, bytearray(b'\xe0N\xe4\x08\xdc\x1b\x00\xd4\x03\x0f\x00\x0e\tPTS-GAP-E44E\x00')
2026-09-23 23:30:30,151 BTPWorkerThread-10968 (_rx_task) root DEBUG btp.py                    736   event_handler             : Header(svc_id=1, op=129, ctrl_index=0, data_len=26) (b'\xe0N\xe4\x08\xdc\x1b\x00\xd4\x03\x0f\x00\x0e\tPTS-GAP-E44E\x00',)
2026-09-23 23:30:30,151 BTPWorkerThread-10968 (_rx_task) root DEBUG gap.py                    193   gap_device_found_ev_      : b'\xe0N\xe4\x08\xdc\x1b\x00\xd4\x03\x0f\x00\x0e\tPTS-GAP-E44E\x00'
2026-09-23 23:30:30,151 BTPWorkerThread-10968 (_rx_task) root DEBUG gap.py                    207   gap_device_found_ev_      : found '001bdc08e44e' type 224 eir b'\x0e\tPTS-GAP-E44E\x00'
2026-09-23 23:30:30,363 BTPWorkerThread-10968 (_rx_task) root DEBUG iutctl_common.py          123   read                      : Read 5 bytes
2026-09-23 23:30:30,363 BTPWorkerThread-10968 (_rx_task) root DEBUG iutctl_common.py          131   read                      : Received: hdr: Header(svc_id=0x01, op=0x81, ctrl_index=0x00, data_len=0x1a) bytearray(b'\x01\x81\x00\x1a\x00')
2026-09-23 23:30:30,363 BTPWorkerThread-10968 (_rx_task) root DEBUG iutctl_common.py          139   read                      : Read 26 bytes data
2026-09-23 23:30:30,364 BTPWorkerThread-10968 (_rx_task) root DEBUG iutctl_common.py          154   read                      : Received data: {'e0 4e e4 08 dc 1b 00 d2 03 0f 00 0e 09 50 54 53 2d 47 41 50 2d 45 34 34 45 00'}, bytearray(b'\xe0N\xe4\x08\xdc\x1b\x00\xd2\x03\x0f\x00\x0e\tPTS-GAP-E44E\x00')
2026-09-23 23:30:30,364 BTPWorkerThread-10968 (_rx_task) root DEBUG btp.py                    736   event_handler             : Header(svc_id=1, op=129, ctrl_index=0, data_len=26) (b'\xe0N\xe4\x08\xdc\x1b\x00\xd2\x03\x0f\x00\x0e\tPTS-GAP-E44E\x00',)
2026-09-23 23:30:30,364 BTPWorkerThread-10968 (_rx_task) root DEBUG gap.py                    193   gap_device_found_ev_      : b'\xe0N\xe4\x08\xdc\x1b\x00\xd2\x03\x0f\x00\x0e\tPTS-GAP-E44E\x00'
2026-09-23 23:30:30,364 BTPWorkerThread-10968 (_rx_task) root DEBUG gap.py                    207   gap_device_found_ev_      : found '001bdc08e44e' type 224 eir b'\x0e\tPTS-GAP-E44E\x00'
2026-09-23 23:30:30,830 LT1-thread root DEBUG gap.py                    1150  gap_stop_discovery        : 
2026-09-23 23:30:30,830 LT1-thread root DEBUG iutctl_common.py          161   send                      : 1 13 0 ''
2026-09-23 23:30:30,830 LT1-thread root DEBUG iutctl_common.py          166   send                      : sending frame '010d000000'
2026-09-23 23:30:30,830 LT1-thread root DEBUG gap.py                    1229  gap_command_rsp_succ      : 
2026-09-23 23:30:30,830 LT1-thread root DEBUG iutctl_common.py          339   read                      : 
2026-09-23 23:30:30,861 BTPWorkerThread-10968 (_rx_task) root DEBUG iutctl_common.py          123   read                      : Read 5 bytes
2026-09-23 23:30:30,873 BTPWorkerThread-10968 (_rx_task) root DEBUG iutctl_common.py          131   read                      : Received: hdr: Header(svc_id=0x01, op=0x0d, ctrl_index=0x00, data_len=0x00) bytearray(b'\x01\r\x00\x00\x00')
2026-09-23 23:30:30,884 BTPWorkerThread-10968 (_rx_task) root DEBUG iutctl_common.py          154   read                      : Received data: {''}, bytearray(b'')
2026-09-23 23:30:30,895 LT1-thread root DEBUG gap.py                    1234  gap_command_rsp_succ      : received Header(svc_id=1, op=13, ctrl_index=0, data_len=0) (b'',)
2026-09-23 23:30:30,895 LT1-thread root DEBUG gap.py                    1510  check_discovery_results   : 224 '001bdc08e44e' True None
2026-09-23 23:30:30,895 LT1-thread root DEBUG gap.py                    1519  check_discovery_results   : matching LeAdv(addr_type=224, addr='001bdc08e44e', rssi=207, flags=3, eir=b'\x0e\tPTS-GAP-E44E\x00')
2026-09-23 23:30:30,895 LT1-thread root DEBUG gap.py                    762   gap_connect               : None 224
2026-09-23 23:30:30,895 LT1-thread root DEBUG iutctl_common.py          161   send                      : 1 14 0 "bytearray(b'\\xe0N\\xe4\\x08\\xdc\\x1b\\x00\\x00')"
2026-09-23 23:30:30,895 LT1-thread root DEBUG iutctl_common.py          166   send                      : sending frame '010e000800e04ee408dc1b0000'
2026-09-23 23:30:30,896 LT1-thread root DEBUG iutctl_common.py          339   read                      : 
2026-09-23 23:30:30,926 BTPWorkerThread-10968 (_rx_task) root DEBUG iutctl_common.py          123   read                      : Read 5 bytes
2026-09-23 23:30:30,931 BTPWorkerThread-10968 (_rx_task) root DEBUG iutctl_common.py          131   read                      : Received: hdr: Header(svc_id=0x01, op=0x0e, ctrl_index=0x00, data_len=0x00) bytearray(b'\x01\x0e\x00\x00\x00')
2026-09-23 23:30:30,931 BTPWorkerThread-10968 (_rx_task) root DEBUG iutctl_common.py          154   read                      : Received data: {''}, bytearray(b'')
2026-09-23 23:30:33,513 BTPWorkerThread-10968 (_rx_task) root DEBUG iutctl_common.py          123   read                      : Read 5 bytes
2026-09-23 23:30:33,513 BTPWorkerThread-10968 (_rx_task) root DEBUG iutctl_common.py          131   read                      : Received: hdr: Header(svc_id=0x01, op=0x82, ctrl_index=0x00, data_len=0x0d) bytearray(b'\x01\x82\x00\r\x00')
2026-09-23 23:30:33,513 BTPWorkerThread-10968 (_rx_task) root DEBUG iutctl_common.py          139   read                      : Read 13 bytes data
2026-09-23 23:30:33,513 BTPWorkerThread-10968 (_rx_task) root DEBUG iutctl_common.py          154   read                      : Received data: {'e0 4e e4 08 dc 1b 00 00 00 00 00 00 00'}, bytearray(b'\xe0N\xe4\x08\xdc\x1b\x00\x00\x00\x00\x00\x00\x00')
2026-09-23 23:30:33,514 BTPWorkerThread-10968 (_rx_task) root DEBUG btp.py                    736   event_handler             : Header(svc_id=1, op=130, ctrl_index=0, data_len=13) (b'\xe0N\xe4\x08\xdc\x1b\x00\x00\x00\x00\x00\x00\x00',)
2026-09-23 23:30:33,514 BTPWorkerThread-10968 (_rx_task) root DEBUG gap.py                    215   gap_connected_ev_         : b'\xe0N\xe4\x08\xdc\x1b\x00\x00\x00\x00\x00\x00\x00'
2026-09-23 23:30:33,547 LT1-thread root DEBUG gap.py                    873   gap_pair                  : None 224
2026-09-23 23:30:33,547 LT1-thread root DEBUG iutctl_common.py          161   send                      : 1 17 0 "bytearray(b'\\xe0N\\xe4\\x08\\xdc\\x1b\\x00')"
2026-09-23 23:30:33,547 LT1-thread root DEBUG iutctl_common.py          166   send                      : sending frame '0111000700e04ee408dc1b00'
2026-09-23 23:30:33,547 LT1-thread root DEBUG gap.py                    1229  gap_command_rsp_succ      : 
2026-09-23 23:30:33,547 LT1-thread root DEBUG iutctl_common.py          339   read                      : 
2026-09-23 23:30:33,590 BTPWorkerThread-10968 (_rx_task) root DEBUG iutctl_common.py          123   read                      : Read 5 bytes
2026-09-23 23:30:33,602 BTPWorkerThread-10968 (_rx_task) root DEBUG iutctl_common.py          131   read                      : Received: hdr: Header(svc_id=0x01, op=0x11, ctrl_index=0x00, data_len=0x00) bytearray(b'\x01\x11\x00\x00\x00')
2026-09-23 23:30:33,608 BTPWorkerThread-10968 (_rx_task) root DEBUG iutctl_common.py          154   read                      : Received data: {''}, bytearray(b'')
2026-09-23 23:30:33,608 BTPWorkerThread-10968 (_rx_task) root DEBUG iutctl_common.py          123   read                      : Read 5 bytes
2026-09-23 23:30:33,608 BTPWorkerThread-10968 (_rx_task) root DEBUG iutctl_common.py          131   read                      : Received: hdr: Header(svc_id=0x01, op=0x91, ctrl_index=0x00, data_len=0x09) bytearray(b'\x01\x91\x00\t\x00')
2026-09-23 23:30:33,608 BTPWorkerThread-10968 (_rx_task) root DEBUG iutctl_common.py          139   read                      : Read 9 bytes data
2026-09-23 23:30:33,608 LT1-thread root DEBUG gap.py                    1234  gap_command_rsp_succ      : received Header(svc_id=1, op=17, ctrl_index=0, data_len=0) (b'',)
2026-09-23 23:30:33,608 LT1-thread root DEBUG testcase.py               722   run_wid                   : Sending response 'OK' to wid 102 test case GAP/SEC/SEM/BI-05-C
2026-09-23 23:30:33,608 BTPWorkerThread-10968 (_rx_task) root DEBUG iutctl_common.py          154   read                      : Received data: {'e0 4e e4 08 dc 1b 00 00 00'}, bytearray(b'\xe0N\xe4\x08\xdc\x1b\x00\x00\x00')
2026-09-23 23:30:33,608 BTPWorkerThread-10968 (_rx_task) root DEBUG btp.py                    736   event_handler             : Header(svc_id=1, op=145, ctrl_index=0, data_len=9) (b'\xe0N\xe4\x08\xdc\x1b\x00\x00\x00',)
2026-09-23 23:30:33,608 BTPWorkerThread-10968 (_rx_task) root DEBUG gap.py                    494   gap_encryption_change_ev_ : 
2026-09-23 23:30:33,608 BTPWorkerThread-10968 (_rx_task) root DEBUG gap.py                    496   gap_encryption_change_ev_ : enc change received b'\xe0N\xe4\x08\xdc\x1b\x00\x00\x00'
2026-09-23 23:30:33,608 BTPWorkerThread-10968 (_rx_task) root DEBUG gap.py                    505   gap_encryption_change_ev_ : received (224, '001bdc08e44e', 0, 0)
2026-09-23 23:30:33,610 LT1-thread root DEBUG client.py                 276   get_result                : ClientCallback.get_result run_test_case
2026-09-23 23:30:33,612 LT1-callback ClientCallback.on_implicit_send INFO client.py                 223   on_implicit_send          : 
    ********************
    BEGIN OnImplicitSend:
    project_name: GAP
    wid: 222
    test_case_name: GAP/SEC/SEM/BI-05-C
    description: Please initiate a BR/EDR security authentication and pairing with interaction of HCI commands.

Press OK to continue.
    style: MMI_Style_Ok 0x11040
2026-09-23 23:30:33,612 LT1-callback ClientCallback.on_implicit_send INFO client.py                 236   on_implicit_send          : Calling test cases on_implicit_send
2026-09-23 23:30:33,612 LT1-callback ClientCallback.on_implicit_send INFO client.py                 249   on_implicit_send          : 
    on_implicit_send returned response: WAIT
    END OnImplicitSend
    ********************
2026-09-23 23:30:34,611 LT1-thread root DEBUG testcase.py               679   run_wid                   : GAP GAP/SEC/SEM/BI-05-C on_implicit_send
2026-09-23 23:30:34,611 LT1-thread root DEBUG gap_wid.py                26    gap_wid_hdl               : gap_wid_hdl, 222, Please initiate a BR/EDR security authentication and pairing with interaction of HCI commands.

Press OK to continue., GAP/SEC/SEM/BI-05-C
2026-09-23 23:30:34,611 LT1-thread root DEBUG testcase.py               722   run_wid                   : Sending response 'Ok' to wid 222 test case GAP/SEC/SEM/BI-05-C
2026-09-23 23:30:34,612 LT1-thread root DEBUG client.py                 276   get_result                : ClientCallback.get_result run_test_case
2026-09-23 23:30:38,715 BTPWorkerThread-10968 (_rx_task) root DEBUG iutctl_common.py          123   read                      : Read 5 bytes
2026-09-23 23:30:38,715 BTPWorkerThread-10968 (_rx_task) root DEBUG iutctl_common.py          131   read                      : Received: hdr: Header(svc_id=0x01, op=0x83, ctrl_index=0x00, data_len=0x07) bytearray(b'\x01\x83\x00\x07\x00')
2026-09-23 23:30:38,715 BTPWorkerThread-10968 (_rx_task) root DEBUG iutctl_common.py          139   read                      : Read 7 bytes data
2026-09-23 23:30:38,716 BTPWorkerThread-10968 (_rx_task) root DEBUG iutctl_common.py          154   read                      : Received data: {'e0 4e e4 08 dc 1b 00'}, bytearray(b'\xe0N\xe4\x08\xdc\x1b\x00')
2026-09-23 23:30:38,716 BTPWorkerThread-10968 (_rx_task) root DEBUG btp.py                    736   event_handler             : Header(svc_id=1, op=131, ctrl_index=0, data_len=7) (b'\xe0N\xe4\x08\xdc\x1b\x00',)
2026-09-23 23:30:38,716 BTPWorkerThread-10968 (_rx_task) root DEBUG gap.py                    228   gap_disconnected_ev_      : b'\xe0N\xe4\x08\xdc\x1b\x00'
2026-09-23 23:30:39,157 LT1-callback ClientCallback.on_implicit_send INFO client.py                 223   on_implicit_send          : 
    ********************
    BEGIN OnImplicitSend:
    project_name: GAP
    wid: 266
    test_case_name: GAP/SEC/SEM/BI-05-C
    description: Please confirm that the IUT signals to the Upper Tester that the channel establishment failure after link encryption.

Click 'Yes' If there is channel establishment failure otherwise click 'No'.
    style: MMI_Style_Yes_No1 0x11044
2026-09-23 23:30:39,158 LT1-callback ClientCallback.on_implicit_send INFO client.py                 236   on_implicit_send          : Calling test cases on_implicit_send
2026-09-23 23:30:39,158 LT1-callback ClientCallback.on_implicit_send INFO client.py                 249   on_implicit_send          : 
    on_implicit_send returned response: WAIT
    END OnImplicitSend
    ********************
2026-09-23 23:30:39,615 LT1-thread root DEBUG testcase.py               679   run_wid                   : GAP GAP/SEC/SEM/BI-05-C on_implicit_send
2026-09-23 23:30:39,615 LT1-thread root DEBUG gap_wid.py                26    gap_wid_hdl               : gap_wid_hdl, 266, Please confirm that the IUT signals to the Upper Tester that the channel establishment failure after link encryption.

Click 'Yes' If there is channel establishment failure otherwise click 'No'., GAP/SEC/SEM/BI-05-C
2026-09-23 23:30:39,615 LT1-thread root DEBUG testcase.py               722   run_wid                   : Sending response 'Yes' to wid 266 test case GAP/SEC/SEM/BI-05-C
2026-09-23 23:30:39,617 LT1-thread root DEBUG client.py                 276   get_result                : ClientCallback.get_result run_test_case
2026-09-23 23:30:39,628 LT1-callback ClientCallback.on_implicit_send INFO client.py                 223   on_implicit_send          : 
    ********************
    BEGIN OnImplicitSend:
    project_name: GAP
    wid: 102
    test_case_name: GAP/SEC/SEM/BI-05-C
    description: Please send an HCI connect request to establish a basic rate connection after the IUT discovers the Lower Tester over BR and LE.
    style: MMI_Style_Ok_Cancel2 0x11141
2026-09-23 23:30:39,628 LT1-callback ClientCallback.on_implicit_send INFO client.py                 236   on_implicit_send          : Calling test cases on_implicit_send
2026-09-23 23:30:39,628 LT1-callback ClientCallback.on_implicit_send INFO client.py                 249   on_implicit_send          : 
    on_implicit_send returned response: WAIT
    END OnImplicitSend
    ********************
2026-09-23 23:30:40,617 LT1-thread root DEBUG testcase.py               679   run_wid                   : GAP GAP/SEC/SEM/BI-05-C on_implicit_send
2026-09-23 23:30:40,617 LT1-thread root DEBUG gap_wid.py                26    gap_wid_hdl               : gap_wid_hdl, 102, Please send an HCI connect request to establish a basic rate connection after the IUT discovers the Lower Tester over BR and LE., GAP/SEC/SEM/BI-05-C
2026-09-23 23:30:40,617 LT1-thread root DEBUG gap.py                    1122  gap_start_discovery       : 
2026-09-23 23:30:40,618 LT1-thread root DEBUG iutctl_common.py          161   send                      : 1 12 0 '\x02'
2026-09-23 23:30:40,618 LT1-thread root DEBUG iutctl_common.py          166   send                      : sending frame '010c00010002'
2026-09-23 23:30:40,618 LT1-thread root DEBUG gap.py                    1229  gap_command_rsp_succ      : 
2026-09-23 23:30:40,618 LT1-thread root DEBUG iutctl_common.py          339   read                      : 
2026-09-23 23:30:40,659 BTPWorkerThread-10968 (_rx_task) root DEBUG iutctl_common.py          123   read                      : Read 5 bytes
2026-09-23 23:30:40,670 BTPWorkerThread-10968 (_rx_task) root DEBUG iutctl_common.py          131   read                      : Received: hdr: Header(svc_id=0x01, op=0x0c, ctrl_index=0x00, data_len=0x00) bytearray(b'\x01\x0c\x00\x00\x00')
2026-09-23 23:30:40,670 BTPWorkerThread-10968 (_rx_task) root DEBUG iutctl_common.py          154   read                      : Received data: {''}, bytearray(b'')
2026-09-23 23:30:40,676 BTPWorkerThread-10968 (_rx_task) root DEBUG iutctl_common.py          123   read                      : Read 5 bytes
2026-09-23 23:30:40,676 LT1-thread root DEBUG gap.py                    1234  gap_command_rsp_succ      : received Header(svc_id=1, op=12, ctrl_index=0, data_len=0) (b'',)
2026-09-23 23:30:40,676 BTPWorkerThread-10968 (_rx_task) root DEBUG iutctl_common.py          131   read                      : Received: hdr: Header(svc_id=0x01, op=0x81, ctrl_index=0x00, data_len=0x26) bytearray(b'\x01\x81\x00&\x00')
2026-09-23 23:30:40,676 BTPWorkerThread-10968 (_rx_task) root DEBUG iutctl_common.py          139   read                      : Read 38 bytes data
2026-09-23 23:30:40,676 BTPWorkerThread-10968 (_rx_task) root DEBUG iutctl_common.py          154   read                      : Received data: {'e0 53 00 4c 17 e5 44 af 03 1b 00 09 09 4e 58 4c 36 36 35 32 38 02 0a 0c 0d 03 0c 11 0a 11 0b 11 0e 11 1f 11 1e 11'}, bytearray(b'\xe0S\x00L\x17\xe5D\xaf\x03\x1b\x00\t\tNXL66528\x02\n\x0c\r\x03\x0c\x11\n\x11\x0b\x11\x0e\x11\x1f\x11\x1e\x11')
2026-09-23 23:30:40,677 BTPWorkerThread-10968 (_rx_task) root DEBUG btp.py                    736   event_handler             : Header(svc_id=1, op=129, ctrl_index=0, data_len=38) (b'\xe0S\x00L\x17\xe5D\xaf\x03\x1b\x00\t\tNXL66528\x02\n\x0c\r\x03\x0c\x11\n\x11\x0b\x11\x0e\x11\x1f\x11\x1e\x11',)
2026-09-23 23:30:40,677 BTPWorkerThread-10968 (_rx_task) root DEBUG gap.py                    193   gap_device_found_ev_      : b'\xe0S\x00L\x17\xe5D\xaf\x03\x1b\x00\t\tNXL66528\x02\n\x0c\r\x03\x0c\x11\n\x11\x0b\x11\x0e\x11\x1f\x11\x1e\x11'
2026-09-23 23:30:40,677 BTPWorkerThread-10968 (_rx_task) root DEBUG gap.py                    207   gap_device_found_ev_      : found '44e5174c0053' type 224 eir b'\t\tNXL66528\x02\n\x0c\r\x03\x0c\x11\n\x11\x0b\x11\x0e\x11\x1f\x11\x1e\x11'
2026-09-23 23:30:40,875 BTPWorkerThread-10968 (_rx_task) root DEBUG iutctl_common.py          123   read                      : Read 5 bytes
2026-09-23 23:30:40,875 BTPWorkerThread-10968 (_rx_task) root DEBUG iutctl_common.py          131   read                      : Received: hdr: Header(svc_id=0x01, op=0x81, ctrl_index=0x00, data_len=0x26) bytearray(b'\x01\x81\x00&\x00')
2026-09-23 23:30:40,876 BTPWorkerThread-10968 (_rx_task) root DEBUG iutctl_common.py          139   read                      : Read 38 bytes data
2026-09-23 23:30:40,876 BTPWorkerThread-10968 (_rx_task) root DEBUG iutctl_common.py          154   read                      : Received data: {'e0 53 00 4c 17 e5 44 a5 03 1b 00 09 09 4e 58 4c 36 36 35 32 38 02 0a 0c 0d 03 0c 11 0a 11 0b 11 0e 11 1f 11 1e 11'}, bytearray(b'\xe0S\x00L\x17\xe5D\xa5\x03\x1b\x00\t\tNXL66528\x02\n\x0c\r\x03\x0c\x11\n\x11\x0b\x11\x0e\x11\x1f\x11\x1e\x11')
2026-09-23 23:30:40,876 BTPWorkerThread-10968 (_rx_task) root DEBUG btp.py                    736   event_handler             : Header(svc_id=1, op=129, ctrl_index=0, data_len=38) (b'\xe0S\x00L\x17\xe5D\xa5\x03\x1b\x00\t\tNXL66528\x02\n\x0c\r\x03\x0c\x11\n\x11\x0b\x11\x0e\x11\x1f\x11\x1e\x11',)
2026-09-23 23:30:40,876 BTPWorkerThread-10968 (_rx_task) root DEBUG gap.py                    193   gap_device_found_ev_      : b'\xe0S\x00L\x17\xe5D\xa5\x03\x1b\x00\t\tNXL66528\x02\n\x0c\r\x03\x0c\x11\n\x11\x0b\x11\x0e\x11\x1f\x11\x1e\x11'
2026-09-23 23:30:40,876 BTPWorkerThread-10968 (_rx_task) root DEBUG gap.py                    207   gap_device_found_ev_      : found '44e5174c0053' type 224 eir b'\t\tNXL66528\x02\n\x0c\r\x03\x0c\x11\n\x11\x0b\x11\x0e\x11\x1f\x11\x1e\x11'
2026-09-23 23:30:41,087 BTPWorkerThread-10968 (_rx_task) root DEBUG iutctl_common.py          123   read                      : Read 5 bytes
2026-09-23 23:30:41,087 BTPWorkerThread-10968 (_rx_task) root DEBUG iutctl_common.py          131   read                      : Received: hdr: Header(svc_id=0x01, op=0x81, ctrl_index=0x00, data_len=0x2a) bytearray(b'\x01\x81\x00*\x00')
2026-09-23 23:30:41,087 BTPWorkerThread-10968 (_rx_task) root DEBUG iutctl_common.py          139   read                      : Read 20 bytes data
2026-09-23 23:30:41,098 BTPWorkerThread-10968 (_rx_task) root DEBUG iutctl_common.py          139   read                      : Read 22 bytes data
2026-09-23 23:30:41,098 BTPWorkerThread-10968 (_rx_task) root DEBUG iutctl_common.py          154   read                      : Received data: {'e0 4d 65 9b 70 f3 5c a3 03 1f 00 1e 09 48 46 50 20 41 47 20 44 65 6d 6f 20 35 43 3a 46 33 3a 37 30 3a 39 42 3a 36 35 3a 34 44'}, bytearray(b'\xe0Me\x9bp\xf3\\\xa3\x03\x1f\x00\x1e\tHFP AG Demo 5C:F3:70:9B:65:4D')
2026-09-23 23:30:41,098 BTPWorkerThread-10968 (_rx_task) root DEBUG btp.py                    736   event_handler             : Header(svc_id=1, op=129, ctrl_index=0, data_len=42) (b'\xe0Me\x9bp\xf3\\\xa3\x03\x1f\x00\x1e\tHFP AG Demo 5C:F3:70:9B:65:4D',)
2026-09-23 23:30:41,099 BTPWorkerThread-10968 (_rx_task) root DEBUG gap.py                    193   gap_device_found_ev_      : b'\xe0Me\x9bp\xf3\\\xa3\x03\x1f\x00\x1e\tHFP AG Demo 5C:F3:70:9B:65:4D'
2026-09-23 23:30:41,099 BTPWorkerThread-10968 (_rx_task) root DEBUG gap.py                    207   gap_device_found_ev_      : found '5cf3709b654d' type 224 eir b'\x1e\tHFP AG Demo 5C:F3:70:9B:65:4D'
2026-09-23 23:30:41,141 BTPWorkerThread-10968 (_rx_task) root DEBUG iutctl_common.py          123   read                      : Read 5 bytes
2026-09-23 23:30:41,141 BTPWorkerThread-10968 (_rx_task) root DEBUG iutctl_common.py          131   read                      : Received: hdr: Header(svc_id=0x01, op=0x81, ctrl_index=0x00, data_len=0x1a) bytearray(b'\x01\x81\x00\x1a\x00')
2026-09-23 23:30:41,141 BTPWorkerThread-10968 (_rx_task) root DEBUG iutctl_common.py          139   read                      : Read 26 bytes data
2026-09-23 23:30:41,142 BTPWorkerThread-10968 (_rx_task) root DEBUG iutctl_common.py          154   read                      : Received data: {'e0 4e e4 08 dc 1b 00 d2 03 0f 00 0e 09 50 54 53 2d 47 41 50 2d 45 34 34 45 00'}, bytearray(b'\xe0N\xe4\x08\xdc\x1b\x00\xd2\x03\x0f\x00\x0e\tPTS-GAP-E44E\x00')
2026-09-23 23:30:41,142 BTPWorkerThread-10968 (_rx_task) root DEBUG btp.py                    736   event_handler             : Header(svc_id=1, op=129, ctrl_index=0, data_len=26) (b'\xe0N\xe4\x08\xdc\x1b\x00\xd2\x03\x0f\x00\x0e\tPTS-GAP-E44E\x00',)
2026-09-23 23:30:41,142 BTPWorkerThread-10968 (_rx_task) root DEBUG gap.py                    193   gap_device_found_ev_      : b'\xe0N\xe4\x08\xdc\x1b\x00\xd2\x03\x0f\x00\x0e\tPTS-GAP-E44E\x00'
2026-09-23 23:30:41,142 BTPWorkerThread-10968 (_rx_task) root DEBUG gap.py                    207   gap_device_found_ev_      : found '001bdc08e44e' type 224 eir b'\x0e\tPTS-GAP-E44E\x00'
2026-09-23 23:30:41,366 BTPWorkerThread-10968 (_rx_task) root DEBUG iutctl_common.py          123   read                      : Read 2 bytes
2026-09-23 23:30:41,377 BTPWorkerThread-10968 (_rx_task) root DEBUG iutctl_common.py          123   read                      : Read 3 bytes
2026-09-23 23:30:41,377 BTPWorkerThread-10968 (_rx_task) root DEBUG iutctl_common.py          131   read                      : Received: hdr: Header(svc_id=0x01, op=0x81, ctrl_index=0x00, data_len=0x2a) bytearray(b'\x01\x81\x00*\x00')
2026-09-23 23:30:41,377 BTPWorkerThread-10968 (_rx_task) root DEBUG iutctl_common.py          139   read                      : Read 42 bytes data
2026-09-23 23:30:41,378 BTPWorkerThread-10968 (_rx_task) root DEBUG iutctl_common.py          154   read                      : Received data: {'e0 4d 65 9b 70 f3 5c a5 03 1f 00 1e 09 48 46 50 20 41 47 20 44 65 6d 6f 20 35 43 3a 46 33 3a 37 30 3a 39 42 3a 36 35 3a 34 44'}, bytearray(b'\xe0Me\x9bp\xf3\\\xa5\x03\x1f\x00\x1e\tHFP AG Demo 5C:F3:70:9B:65:4D')
2026-09-23 23:30:41,378 BTPWorkerThread-10968 (_rx_task) root DEBUG btp.py                    736   event_handler             : Header(svc_id=1, op=129, ctrl_index=0, data_len=42) (b'\xe0Me\x9bp\xf3\\\xa5\x03\x1f\x00\x1e\tHFP AG Demo 5C:F3:70:9B:65:4D',)
2026-09-23 23:30:41,378 BTPWorkerThread-10968 (_rx_task) root DEBUG gap.py                    193   gap_device_found_ev_      : b'\xe0Me\x9bp\xf3\\\xa5\x03\x1f\x00\x1e\tHFP AG Demo 5C:F3:70:9B:65:4D'
2026-09-23 23:30:41,378 BTPWorkerThread-10968 (_rx_task) root DEBUG gap.py                    207   gap_device_found_ev_      : found '5cf3709b654d' type 224 eir b'\x1e\tHFP AG Demo 5C:F3:70:9B:65:4D'
2026-09-23 23:30:41,463 BTPWorkerThread-10968 (_rx_task) root DEBUG iutctl_common.py          123   read                      : Read 5 bytes
2026-09-23 23:30:41,463 BTPWorkerThread-10968 (_rx_task) root DEBUG iutctl_common.py          131   read                      : Received: hdr: Header(svc_id=0x01, op=0x81, ctrl_index=0x00, data_len=0x1a) bytearray(b'\x01\x81\x00\x1a\x00')
2026-09-23 23:30:41,463 BTPWorkerThread-10968 (_rx_task) root DEBUG iutctl_common.py          139   read                      : Read 26 bytes data
2026-09-23 23:30:41,464 BTPWorkerThread-10968 (_rx_task) root DEBUG iutctl_common.py          154   read                      : Received data: {'e0 4e e4 08 dc 1b 00 ce 03 0f 00 0e 09 50 54 53 2d 47 41 50 2d 45 34 34 45 00'}, bytearray(b'\xe0N\xe4\x08\xdc\x1b\x00\xce\x03\x0f\x00\x0e\tPTS-GAP-E44E\x00')
2026-09-23 23:30:41,464 BTPWorkerThread-10968 (_rx_task) root DEBUG btp.py                    736   event_handler             : Header(svc_id=1, op=129, ctrl_index=0, data_len=26) (b'\xe0N\xe4\x08\xdc\x1b\x00\xce\x03\x0f\x00\x0e\tPTS-GAP-E44E\x00',)
2026-09-23 23:30:41,464 BTPWorkerThread-10968 (_rx_task) root DEBUG gap.py                    193   gap_device_found_ev_      : b'\xe0N\xe4\x08\xdc\x1b\x00\xce\x03\x0f\x00\x0e\tPTS-GAP-E44E\x00'
2026-09-23 23:30:41,464 BTPWorkerThread-10968 (_rx_task) root DEBUG gap.py                    207   gap_device_found_ev_      : found '001bdc08e44e' type 224 eir b'\x0e\tPTS-GAP-E44E\x00'
2026-09-23 23:30:41,927 BTPWorkerThread-10968 (_rx_task) root DEBUG iutctl_common.py          123   read                      : Read 5 bytes
2026-09-23 23:30:41,927 BTPWorkerThread-10968 (_rx_task) root DEBUG iutctl_common.py          131   read                      : Received: hdr: Header(svc_id=0x01, op=0x81, ctrl_index=0x00, data_len=0x26) bytearray(b'\x01\x81\x00&\x00')
2026-09-23 23:30:41,928 BTPWorkerThread-10968 (_rx_task) root DEBUG iutctl_common.py          139   read                      : Read 38 bytes data
2026-09-23 23:30:41,928 BTPWorkerThread-10968 (_rx_task) root DEBUG iutctl_common.py          154   read                      : Received data: {'e0 53 00 4c 17 e5 44 b0 03 1b 00 09 09 4e 58 4c 36 36 35 32 38 02 0a 0c 0d 03 0c 11 0a 11 0b 11 0e 11 1f 11 1e 11'}, bytearray(b'\xe0S\x00L\x17\xe5D\xb0\x03\x1b\x00\t\tNXL66528\x02\n\x0c\r\x03\x0c\x11\n\x11\x0b\x11\x0e\x11\x1f\x11\x1e\x11')
2026-09-23 23:30:41,928 BTPWorkerThread-10968 (_rx_task) root DEBUG btp.py                    736   event_handler             : Header(svc_id=1, op=129, ctrl_index=0, data_len=38) (b'\xe0S\x00L\x17\xe5D\xb0\x03\x1b\x00\t\tNXL66528\x02\n\x0c\r\x03\x0c\x11\n\x11\x0b\x11\x0e\x11\x1f\x11\x1e\x11',)
2026-09-23 23:30:41,928 BTPWorkerThread-10968 (_rx_task) root DEBUG gap.py                    193   gap_device_found_ev_      : b'\xe0S\x00L\x17\xe5D\xb0\x03\x1b\x00\t\tNXL66528\x02\n\x0c\r\x03\x0c\x11\n\x11\x0b\x11\x0e\x11\x1f\x11\x1e\x11'
2026-09-23 23:30:41,928 BTPWorkerThread-10968 (_rx_task) root DEBUG gap.py                    207   gap_device_found_ev_      : found '44e5174c0053' type 224 eir b'\t\tNXL66528\x02\n\x0c\r\x03\x0c\x11\n\x11\x0b\x11\x0e\x11\x1f\x11\x1e\x11'
2026-09-23 23:30:42,103 BTPWorkerThread-10968 (_rx_task) root DEBUG iutctl_common.py          123   read                      : Read 5 bytes
2026-09-23 23:30:42,103 BTPWorkerThread-10968 (_rx_task) root DEBUG iutctl_common.py          131   read                      : Received: hdr: Header(svc_id=0x01, op=0x81, ctrl_index=0x00, data_len=0x1a) bytearray(b'\x01\x81\x00\x1a\x00')
2026-09-23 23:30:42,103 BTPWorkerThread-10968 (_rx_task) root DEBUG iutctl_common.py          139   read                      : Read 26 bytes data
2026-09-23 23:30:42,104 BTPWorkerThread-10968 (_rx_task) root DEBUG iutctl_common.py          154   read                      : Received data: {'e0 4e e4 08 dc 1b 00 d2 03 0f 00 0e 09 50 54 53 2d 47 41 50 2d 45 34 34 45 00'}, bytearray(b'\xe0N\xe4\x08\xdc\x1b\x00\xd2\x03\x0f\x00\x0e\tPTS-GAP-E44E\x00')
2026-09-23 23:30:42,104 BTPWorkerThread-10968 (_rx_task) root DEBUG btp.py                    736   event_handler             : Header(svc_id=1, op=129, ctrl_index=0, data_len=26) (b'\xe0N\xe4\x08\xdc\x1b\x00\xd2\x03\x0f\x00\x0e\tPTS-GAP-E44E\x00',)
2026-09-23 23:30:42,104 BTPWorkerThread-10968 (_rx_task) root DEBUG gap.py                    193   gap_device_found_ev_      : b'\xe0N\xe4\x08\xdc\x1b\x00\xd2\x03\x0f\x00\x0e\tPTS-GAP-E44E\x00'
2026-09-23 23:30:42,104 BTPWorkerThread-10968 (_rx_task) root DEBUG gap.py                    207   gap_device_found_ev_      : found '001bdc08e44e' type 224 eir b'\x0e\tPTS-GAP-E44E\x00'
2026-09-23 23:30:42,340 BTPWorkerThread-10968 (_rx_task) root DEBUG iutctl_common.py          123   read                      : Read 5 bytes
2026-09-23 23:30:42,340 BTPWorkerThread-10968 (_rx_task) root DEBUG iutctl_common.py          131   read                      : Received: hdr: Header(svc_id=0x01, op=0x81, ctrl_index=0x00, data_len=0x26) bytearray(b'\x01\x81\x00&\x00')
2026-09-23 23:30:42,340 BTPWorkerThread-10968 (_rx_task) root DEBUG iutctl_common.py          139   read                      : Read 6 bytes data
2026-09-23 23:30:42,351 BTPWorkerThread-10968 (_rx_task) root DEBUG iutctl_common.py          139   read                      : Read 32 bytes data
2026-09-23 23:30:42,351 BTPWorkerThread-10968 (_rx_task) root DEBUG iutctl_common.py          154   read                      : Received data: {'e0 53 00 4c 17 e5 44 ae 03 1b 00 09 09 4e 58 4c 36 36 35 32 38 02 0a 0c 0d 03 0c 11 0a 11 0b 11 0e 11 1f 11 1e 11'}, bytearray(b'\xe0S\x00L\x17\xe5D\xae\x03\x1b\x00\t\tNXL66528\x02\n\x0c\r\x03\x0c\x11\n\x11\x0b\x11\x0e\x11\x1f\x11\x1e\x11')
2026-09-23 23:30:42,351 BTPWorkerThread-10968 (_rx_task) root DEBUG btp.py                    736   event_handler             : Header(svc_id=1, op=129, ctrl_index=0, data_len=38) (b'\xe0S\x00L\x17\xe5D\xae\x03\x1b\x00\t\tNXL66528\x02\n\x0c\r\x03\x0c\x11\n\x11\x0b\x11\x0e\x11\x1f\x11\x1e\x11',)
2026-09-23 23:30:42,352 BTPWorkerThread-10968 (_rx_task) root DEBUG gap.py                    193   gap_device_found_ev_      : b'\xe0S\x00L\x17\xe5D\xae\x03\x1b\x00\t\tNXL66528\x02\n\x0c\r\x03\x0c\x11\n\x11\x0b\x11\x0e\x11\x1f\x11\x1e\x11'
2026-09-23 23:30:42,352 BTPWorkerThread-10968 (_rx_task) root DEBUG gap.py                    207   gap_device_found_ev_      : found '44e5174c0053' type 224 eir b'\t\tNXL66528\x02\n\x0c\r\x03\x0c\x11\n\x11\x0b\x11\x0e\x11\x1f\x11\x1e\x11'
2026-09-23 23:30:42,352 BTPWorkerThread-10968 (_rx_task) root DEBUG iutctl_common.py          123   read                      : Read 5 bytes
2026-09-23 23:30:42,352 BTPWorkerThread-10968 (_rx_task) root DEBUG iutctl_common.py          131   read                      : Received: hdr: Header(svc_id=0x01, op=0x81, ctrl_index=0x00, data_len=0x1a) bytearray(b'\x01\x81\x00\x1a\x00')
2026-09-23 23:30:42,352 BTPWorkerThread-10968 (_rx_task) root DEBUG iutctl_common.py          139   read                      : Read 26 bytes data
2026-09-23 23:30:42,352 BTPWorkerThread-10968 (_rx_task) root DEBUG iutctl_common.py          154   read                      : Received data: {'e0 4e e4 08 dc 1b 00 d0 03 0f 00 0e 09 50 54 53 2d 47 41 50 2d 45 34 34 45 00'}, bytearray(b'\xe0N\xe4\x08\xdc\x1b\x00\xd0\x03\x0f\x00\x0e\tPTS-GAP-E44E\x00')
2026-09-23 23:30:42,352 BTPWorkerThread-10968 (_rx_task) root DEBUG btp.py                    736   event_handler             : Header(svc_id=1, op=129, ctrl_index=0, data_len=26) (b'\xe0N\xe4\x08\xdc\x1b\x00\xd0\x03\x0f\x00\x0e\tPTS-GAP-E44E\x00',)
2026-09-23 23:30:42,352 BTPWorkerThread-10968 (_rx_task) root DEBUG gap.py                    193   gap_device_found_ev_      : b'\xe0N\xe4\x08\xdc\x1b\x00\xd0\x03\x0f\x00\x0e\tPTS-GAP-E44E\x00'
2026-09-23 23:30:42,352 BTPWorkerThread-10968 (_rx_task) root DEBUG gap.py                    207   gap_device_found_ev_      : found '001bdc08e44e' type 224 eir b'\x0e\tPTS-GAP-E44E\x00'
2026-09-23 23:30:42,695 BTPWorkerThread-10968 (_rx_task) root DEBUG iutctl_common.py          123   read                      : Read 5 bytes
2026-09-23 23:30:42,696 BTPWorkerThread-10968 (_rx_task) root DEBUG iutctl_common.py          131   read                      : Received: hdr: Header(svc_id=0x01, op=0x81, ctrl_index=0x00, data_len=0x26) bytearray(b'\x01\x81\x00&\x00')
2026-09-23 23:30:42,696 BTPWorkerThread-10968 (_rx_task) root DEBUG iutctl_common.py          139   read                      : Read 38 bytes data
2026-09-23 23:30:42,696 BTPWorkerThread-10968 (_rx_task) root DEBUG iutctl_common.py          154   read                      : Received data: {'e0 53 00 4c 17 e5 44 b1 03 1b 00 09 09 4e 58 4c 36 36 35 32 38 02 0a 0c 0d 03 0c 11 0a 11 0b 11 0e 11 1f 11 1e 11'}, bytearray(b'\xe0S\x00L\x17\xe5D\xb1\x03\x1b\x00\t\tNXL66528\x02\n\x0c\r\x03\x0c\x11\n\x11\x0b\x11\x0e\x11\x1f\x11\x1e\x11')
2026-09-23 23:30:42,696 BTPWorkerThread-10968 (_rx_task) root DEBUG btp.py                    736   event_handler             : Header(svc_id=1, op=129, ctrl_index=0, data_len=38) (b'\xe0S\x00L\x17\xe5D\xb1\x03\x1b\x00\t\tNXL66528\x02\n\x0c\r\x03\x0c\x11\n\x11\x0b\x11\x0e\x11\x1f\x11\x1e\x11',)
2026-09-23 23:30:42,696 BTPWorkerThread-10968 (_rx_task) root DEBUG gap.py                    193   gap_device_found_ev_      : b'\xe0S\x00L\x17\xe5D\xb1\x03\x1b\x00\t\tNXL66528\x02\n\x0c\r\x03\x0c\x11\n\x11\x0b\x11\x0e\x11\x1f\x11\x1e\x11'
2026-09-23 23:30:42,696 BTPWorkerThread-10968 (_rx_task) root DEBUG gap.py                    207   gap_device_found_ev_      : found '44e5174c0053' type 224 eir b'\t\tNXL66528\x02\n\x0c\r\x03\x0c\x11\n\x11\x0b\x11\x0e\x11\x1f\x11\x1e\x11'
2026-09-23 23:30:42,867 BTPWorkerThread-10968 (_rx_task) root DEBUG iutctl_common.py          123   read                      : Read 5 bytes
2026-09-23 23:30:42,867 BTPWorkerThread-10968 (_rx_task) root DEBUG iutctl_common.py          131   read                      : Received: hdr: Header(svc_id=0x01, op=0x81, ctrl_index=0x00, data_len=0x2a) bytearray(b'\x01\x81\x00*\x00')
2026-09-23 23:30:42,868 BTPWorkerThread-10968 (_rx_task) root DEBUG iutctl_common.py          139   read                      : Read 42 bytes data
2026-09-23 23:30:42,868 BTPWorkerThread-10968 (_rx_task) root DEBUG iutctl_common.py          154   read                      : Received data: {'e0 95 83 06 dc 1b 00 ad 03 1f 00 1e 09 48 46 50 20 41 47 20 44 65 6d 6f 20 30 30 3a 31 42 3a 44 43 3a 30 36 3a 38 33 3a 39 35'}, bytearray(b'\xe0\x95\x83\x06\xdc\x1b\x00\xad\x03\x1f\x00\x1e\tHFP AG Demo 00:1B:DC:06:83:95')
2026-09-23 23:30:42,868 BTPWorkerThread-10968 (_rx_task) root DEBUG btp.py                    736   event_handler             : Header(svc_id=1, op=129, ctrl_index=0, data_len=42) (b'\xe0\x95\x83\x06\xdc\x1b\x00\xad\x03\x1f\x00\x1e\tHFP AG Demo 00:1B:DC:06:83:95',)
2026-09-23 23:30:42,868 BTPWorkerThread-10968 (_rx_task) root DEBUG gap.py                    193   gap_device_found_ev_      : b'\xe0\x95\x83\x06\xdc\x1b\x00\xad\x03\x1f\x00\x1e\tHFP AG Demo 00:1B:DC:06:83:95'
2026-09-23 23:30:42,868 BTPWorkerThread-10968 (_rx_task) root DEBUG gap.py                    207   gap_device_found_ev_      : found '001bdc068395' type 224 eir b'\x1e\tHFP AG Demo 00:1B:DC:06:83:95'
2026-09-23 23:30:42,868 BTPWorkerThread-10968 (_rx_task) root DEBUG iutctl_common.py          123   read                      : Read 5 bytes
2026-09-23 23:30:42,868 BTPWorkerThread-10968 (_rx_task) root DEBUG iutctl_common.py          131   read                      : Received: hdr: Header(svc_id=0x01, op=0x81, ctrl_index=0x00, data_len=0x1a) bytearray(b'\x01\x81\x00\x1a\x00')
2026-09-23 23:30:42,868 BTPWorkerThread-10968 (_rx_task) root DEBUG iutctl_common.py          139   read                      : Read 24 bytes data
2026-09-23 23:30:42,878 BTPWorkerThread-10968 (_rx_task) root DEBUG iutctl_common.py          139   read                      : Read 2 bytes data
2026-09-23 23:30:42,878 BTPWorkerThread-10968 (_rx_task) root DEBUG iutctl_common.py          154   read                      : Received data: {'e0 4e e4 08 dc 1b 00 cf 03 0f 00 0e 09 50 54 53 2d 47 41 50 2d 45 34 34 45 00'}, bytearray(b'\xe0N\xe4\x08\xdc\x1b\x00\xcf\x03\x0f\x00\x0e\tPTS-GAP-E44E\x00')
2026-09-23 23:30:42,879 BTPWorkerThread-10968 (_rx_task) root DEBUG btp.py                    736   event_handler             : Header(svc_id=1, op=129, ctrl_index=0, data_len=26) (b'\xe0N\xe4\x08\xdc\x1b\x00\xcf\x03\x0f\x00\x0e\tPTS-GAP-E44E\x00',)
2026-09-23 23:30:42,879 BTPWorkerThread-10968 (_rx_task) root DEBUG gap.py                    193   gap_device_found_ev_      : b'\xe0N\xe4\x08\xdc\x1b\x00\xcf\x03\x0f\x00\x0e\tPTS-GAP-E44E\x00'
2026-09-23 23:30:42,879 BTPWorkerThread-10968 (_rx_task) root DEBUG gap.py                    207   gap_device_found_ev_      : found '001bdc08e44e' type 224 eir b'\x0e\tPTS-GAP-E44E\x00'
2026-09-23 23:30:43,006 BTPWorkerThread-10968 (_rx_task) root DEBUG iutctl_common.py          123   read                      : Read 5 bytes
2026-09-23 23:30:43,006 BTPWorkerThread-10968 (_rx_task) root DEBUG iutctl_common.py          131   read                      : Received: hdr: Header(svc_id=0x01, op=0x81, ctrl_index=0x00, data_len=0x26) bytearray(b'\x01\x81\x00&\x00')
2026-09-23 23:30:43,007 BTPWorkerThread-10968 (_rx_task) root DEBUG iutctl_common.py          139   read                      : Read 38 bytes data
2026-09-23 23:30:43,007 BTPWorkerThread-10968 (_rx_task) root DEBUG iutctl_common.py          154   read                      : Received data: {'e0 53 00 4c 17 e5 44 af 03 1b 00 09 09 4e 58 4c 36 36 35 32 38 02 0a 0c 0d 03 0c 11 0a 11 0b 11 0e 11 1f 11 1e 11'}, bytearray(b'\xe0S\x00L\x17\xe5D\xaf\x03\x1b\x00\t\tNXL66528\x02\n\x0c\r\x03\x0c\x11\n\x11\x0b\x11\x0e\x11\x1f\x11\x1e\x11')
2026-09-23 23:30:43,007 BTPWorkerThread-10968 (_rx_task) root DEBUG btp.py                    736   event_handler             : Header(svc_id=1, op=129, ctrl_index=0, data_len=38) (b'\xe0S\x00L\x17\xe5D\xaf\x03\x1b\x00\t\tNXL66528\x02\n\x0c\r\x03\x0c\x11\n\x11\x0b\x11\x0e\x11\x1f\x11\x1e\x11',)
2026-09-23 23:30:43,007 BTPWorkerThread-10968 (_rx_task) root DEBUG gap.py                    193   gap_device_found_ev_      : b'\xe0S\x00L\x17\xe5D\xaf\x03\x1b\x00\t\tNXL66528\x02\n\x0c\r\x03\x0c\x11\n\x11\x0b\x11\x0e\x11\x1f\x11\x1e\x11'
2026-09-23 23:30:43,007 BTPWorkerThread-10968 (_rx_task) root DEBUG gap.py                    207   gap_device_found_ev_      : found '44e5174c0053' type 224 eir b'\t\tNXL66528\x02\n\x0c\r\x03\x0c\x11\n\x11\x0b\x11\x0e\x11\x1f\x11\x1e\x11'
2026-09-23 23:30:43,039 BTPWorkerThread-10968 (_rx_task) root DEBUG iutctl_common.py          123   read                      : Read 5 bytes
2026-09-23 23:30:43,040 BTPWorkerThread-10968 (_rx_task) root DEBUG iutctl_common.py          131   read                      : Received: hdr: Header(svc_id=0x01, op=0x81, ctrl_index=0x00, data_len=0x2a) bytearray(b'\x01\x81\x00*\x00')
2026-09-23 23:30:43,040 BTPWorkerThread-10968 (_rx_task) root DEBUG iutctl_common.py          139   read                      : Read 42 bytes data
2026-09-23 23:30:43,040 BTPWorkerThread-10968 (_rx_task) root DEBUG iutctl_common.py          154   read                      : Received data: {'e0 95 83 06 dc 1b 00 ab 03 1f 00 1e 09 48 46 50 20 41 47 20 44 65 6d 6f 20 30 30 3a 31 42 3a 44 43 3a 30 36 3a 38 33 3a 39 35'}, bytearray(b'\xe0\x95\x83\x06\xdc\x1b\x00\xab\x03\x1f\x00\x1e\tHFP AG Demo 00:1B:DC:06:83:95')
2026-09-23 23:30:43,040 BTPWorkerThread-10968 (_rx_task) root DEBUG btp.py                    736   event_handler             : Header(svc_id=1, op=129, ctrl_index=0, data_len=42) (b'\xe0\x95\x83\x06\xdc\x1b\x00\xab\x03\x1f\x00\x1e\tHFP AG Demo 00:1B:DC:06:83:95',)
2026-09-23 23:30:43,040 BTPWorkerThread-10968 (_rx_task) root DEBUG gap.py                    193   gap_device_found_ev_      : b'\xe0\x95\x83\x06\xdc\x1b\x00\xab\x03\x1f\x00\x1e\tHFP AG Demo 00:1B:DC:06:83:95'
2026-09-23 23:30:43,040 BTPWorkerThread-10968 (_rx_task) root DEBUG gap.py                    207   gap_device_found_ev_      : found '001bdc068395' type 224 eir b'\x1e\tHFP AG Demo 00:1B:DC:06:83:95'
2026-09-23 23:30:43,157 BTPWorkerThread-10968 (_rx_task) root DEBUG iutctl_common.py          123   read                      : Read 5 bytes
2026-09-23 23:30:43,157 BTPWorkerThread-10968 (_rx_task) root DEBUG iutctl_common.py          131   read                      : Received: hdr: Header(svc_id=0x01, op=0x81, ctrl_index=0x00, data_len=0x1a) bytearray(b'\x01\x81\x00\x1a\x00')
2026-09-23 23:30:43,157 BTPWorkerThread-10968 (_rx_task) root DEBUG iutctl_common.py          139   read                      : Read 26 bytes data
2026-09-23 23:30:43,158 BTPWorkerThread-10968 (_rx_task) root DEBUG iutctl_common.py          154   read                      : Received data: {'e0 4e e4 08 dc 1b 00 d0 03 0f 00 0e 09 50 54 53 2d 47 41 50 2d 45 34 34 45 00'}, bytearray(b'\xe0N\xe4\x08\xdc\x1b\x00\xd0\x03\x0f\x00\x0e\tPTS-GAP-E44E\x00')
2026-09-23 23:30:43,158 BTPWorkerThread-10968 (_rx_task) root DEBUG btp.py                    736   event_handler             : Header(svc_id=1, op=129, ctrl_index=0, data_len=26) (b'\xe0N\xe4\x08\xdc\x1b\x00\xd0\x03\x0f\x00\x0e\tPTS-GAP-E44E\x00',)
2026-09-23 23:30:43,158 BTPWorkerThread-10968 (_rx_task) root DEBUG gap.py                    193   gap_device_found_ev_      : b'\xe0N\xe4\x08\xdc\x1b\x00\xd0\x03\x0f\x00\x0e\tPTS-GAP-E44E\x00'
2026-09-23 23:30:43,158 BTPWorkerThread-10968 (_rx_task) root DEBUG gap.py                    207   gap_device_found_ev_      : found '001bdc08e44e' type 224 eir b'\x0e\tPTS-GAP-E44E\x00'
2026-09-23 23:30:43,277 BTPWorkerThread-10968 (_rx_task) root DEBUG iutctl_common.py          123   read                      : Read 5 bytes
2026-09-23 23:30:43,277 BTPWorkerThread-10968 (_rx_task) root DEBUG iutctl_common.py          131   read                      : Received: hdr: Header(svc_id=0x01, op=0x81, ctrl_index=0x00, data_len=0x0b) bytearray(b'\x01\x81\x00\x0b\x00')
2026-09-23 23:30:43,277 BTPWorkerThread-10968 (_rx_task) root DEBUG iutctl_common.py          139   read                      : Read 11 bytes data
2026-09-23 23:30:43,278 BTPWorkerThread-10968 (_rx_task) root DEBUG iutctl_common.py          154   read                      : Received data: {'e0 53 00 4c 17 e5 44 b0 03 00 00'}, bytearray(b'\xe0S\x00L\x17\xe5D\xb0\x03\x00\x00')
2026-09-23 23:30:43,278 BTPWorkerThread-10968 (_rx_task) root DEBUG btp.py                    736   event_handler             : Header(svc_id=1, op=129, ctrl_index=0, data_len=11) (b'\xe0S\x00L\x17\xe5D\xb0\x03\x00\x00',)
2026-09-23 23:30:43,278 BTPWorkerThread-10968 (_rx_task) root DEBUG gap.py                    193   gap_device_found_ev_      : b'\xe0S\x00L\x17\xe5D\xb0\x03\x00\x00'
2026-09-23 23:30:43,278 BTPWorkerThread-10968 (_rx_task) root DEBUG gap.py                    207   gap_device_found_ev_      : found '44e5174c0053' type 224 eir b''
2026-09-23 23:30:43,419 BTPWorkerThread-10968 (_rx_task) root DEBUG iutctl_common.py          123   read                      : Read 5 bytes
2026-09-23 23:30:43,419 BTPWorkerThread-10968 (_rx_task) root DEBUG iutctl_common.py          131   read                      : Received: hdr: Header(svc_id=0x01, op=0x81, ctrl_index=0x00, data_len=0x26) bytearray(b'\x01\x81\x00&\x00')
2026-09-23 23:30:43,419 BTPWorkerThread-10968 (_rx_task) root DEBUG iutctl_common.py          139   read                      : Read 38 bytes data
2026-09-23 23:30:43,420 BTPWorkerThread-10968 (_rx_task) root DEBUG iutctl_common.py          154   read                      : Received data: {'e0 53 00 4c 17 e5 44 a7 03 1b 00 09 09 4e 58 4c 36 36 35 32 38 02 0a 0c 0d 03 0c 11 0a 11 0b 11 0e 11 1f 11 1e 11'}, bytearray(b'\xe0S\x00L\x17\xe5D\xa7\x03\x1b\x00\t\tNXL66528\x02\n\x0c\r\x03\x0c\x11\n\x11\x0b\x11\x0e\x11\x1f\x11\x1e\x11')
2026-09-23 23:30:43,420 BTPWorkerThread-10968 (_rx_task) root DEBUG btp.py                    736   event_handler             : Header(svc_id=1, op=129, ctrl_index=0, data_len=38) (b'\xe0S\x00L\x17\xe5D\xa7\x03\x1b\x00\t\tNXL66528\x02\n\x0c\r\x03\x0c\x11\n\x11\x0b\x11\x0e\x11\x1f\x11\x1e\x11',)
2026-09-23 23:30:43,420 BTPWorkerThread-10968 (_rx_task) root DEBUG gap.py                    193   gap_device_found_ev_      : b'\xe0S\x00L\x17\xe5D\xa7\x03\x1b\x00\t\tNXL66528\x02\n\x0c\r\x03\x0c\x11\n\x11\x0b\x11\x0e\x11\x1f\x11\x1e\x11'
2026-09-23 23:30:43,420 BTPWorkerThread-10968 (_rx_task) root DEBUG gap.py                    207   gap_device_found_ev_      : found '44e5174c0053' type 224 eir b'\t\tNXL66528\x02\n\x0c\r\x03\x0c\x11\n\x11\x0b\x11\x0e\x11\x1f\x11\x1e\x11'
2026-09-23 23:30:43,678 BTPWorkerThread-10968 (_rx_task) root DEBUG iutctl_common.py          123   read                      : Read 5 bytes
2026-09-23 23:30:43,679 BTPWorkerThread-10968 (_rx_task) root DEBUG iutctl_common.py          131   read                      : Received: hdr: Header(svc_id=0x01, op=0x81, ctrl_index=0x00, data_len=0x0b) bytearray(b'\x01\x81\x00\x0b\x00')
2026-09-23 23:30:43,679 BTPWorkerThread-10968 (_rx_task) root DEBUG iutctl_common.py          139   read                      : Read 11 bytes data
2026-09-23 23:30:43,679 BTPWorkerThread-10968 (_rx_task) root DEBUG iutctl_common.py          154   read                      : Received data: {'e0 4d 65 9b 70 f3 5c a5 03 00 00'}, bytearray(b'\xe0Me\x9bp\xf3\\\xa5\x03\x00\x00')
2026-09-23 23:30:43,679 BTPWorkerThread-10968 (_rx_task) root DEBUG btp.py                    736   event_handler             : Header(svc_id=1, op=129, ctrl_index=0, data_len=11) (b'\xe0Me\x9bp\xf3\\\xa5\x03\x00\x00',)
2026-09-23 23:30:43,679 BTPWorkerThread-10968 (_rx_task) root DEBUG gap.py                    193   gap_device_found_ev_      : b'\xe0Me\x9bp\xf3\\\xa5\x03\x00\x00'
2026-09-23 23:30:43,679 BTPWorkerThread-10968 (_rx_task) root DEBUG gap.py                    207   gap_device_found_ev_      : found '5cf3709b654d' type 224 eir b''
2026-09-23 23:30:43,785 BTPWorkerThread-10968 (_rx_task) root DEBUG iutctl_common.py          123   read                      : Read 5 bytes
2026-09-23 23:30:43,785 BTPWorkerThread-10968 (_rx_task) root DEBUG iutctl_common.py          131   read                      : Received: hdr: Header(svc_id=0x01, op=0x81, ctrl_index=0x00, data_len=0x0b) bytearray(b'\x01\x81\x00\x0b\x00')
2026-09-23 23:30:43,786 BTPWorkerThread-10968 (_rx_task) root DEBUG iutctl_common.py          139   read                      : Read 11 bytes data
2026-09-23 23:30:43,786 BTPWorkerThread-10968 (_rx_task) root DEBUG iutctl_common.py          154   read                      : Received data: {'e0 53 00 4c 17 e5 44 b0 03 00 00'}, bytearray(b'\xe0S\x00L\x17\xe5D\xb0\x03\x00\x00')
2026-09-23 23:30:43,786 BTPWorkerThread-10968 (_rx_task) root DEBUG btp.py                    736   event_handler             : Header(svc_id=1, op=129, ctrl_index=0, data_len=11) (b'\xe0S\x00L\x17\xe5D\xb0\x03\x00\x00',)
2026-09-23 23:30:43,786 BTPWorkerThread-10968 (_rx_task) root DEBUG gap.py                    193   gap_device_found_ev_      : b'\xe0S\x00L\x17\xe5D\xb0\x03\x00\x00'
2026-09-23 23:30:43,786 BTPWorkerThread-10968 (_rx_task) root DEBUG gap.py                    207   gap_device_found_ev_      : found '44e5174c0053' type 224 eir b''
2026-09-23 23:30:43,807 BTPWorkerThread-10968 (_rx_task) root DEBUG iutctl_common.py          123   read                      : Read 5 bytes
2026-09-23 23:30:43,807 BTPWorkerThread-10968 (_rx_task) root DEBUG iutctl_common.py          131   read                      : Received: hdr: Header(svc_id=0x01, op=0x81, ctrl_index=0x00, data_len=0x26) bytearray(b'\x01\x81\x00&\x00')
2026-09-23 23:30:43,807 BTPWorkerThread-10968 (_rx_task) root DEBUG iutctl_common.py          139   read                      : Read 37 bytes data
2026-09-23 23:30:43,818 BTPWorkerThread-10968 (_rx_task) root DEBUG iutctl_common.py          139   read                      : Read 1 bytes data
2026-09-23 23:30:43,818 BTPWorkerThread-10968 (_rx_task) root DEBUG iutctl_common.py          154   read                      : Received data: {'e0 53 00 4c 17 e5 44 b2 03 1b 00 09 09 4e 58 4c 36 36 35 32 38 02 0a 0c 0d 03 0c 11 0a 11 0b 11 0e 11 1f 11 1e 11'}, bytearray(b'\xe0S\x00L\x17\xe5D\xb2\x03\x1b\x00\t\tNXL66528\x02\n\x0c\r\x03\x0c\x11\n\x11\x0b\x11\x0e\x11\x1f\x11\x1e\x11')
2026-09-23 23:30:43,818 BTPWorkerThread-10968 (_rx_task) root DEBUG btp.py                    736   event_handler             : Header(svc_id=1, op=129, ctrl_index=0, data_len=38) (b'\xe0S\x00L\x17\xe5D\xb2\x03\x1b\x00\t\tNXL66528\x02\n\x0c\r\x03\x0c\x11\n\x11\x0b\x11\x0e\x11\x1f\x11\x1e\x11',)
2026-09-23 23:30:43,819 BTPWorkerThread-10968 (_rx_task) root DEBUG gap.py                    193   gap_device_found_ev_      : b'\xe0S\x00L\x17\xe5D\xb2\x03\x1b\x00\t\tNXL66528\x02\n\x0c\r\x03\x0c\x11\n\x11\x0b\x11\x0e\x11\x1f\x11\x1e\x11'
2026-09-23 23:30:43,819 BTPWorkerThread-10968 (_rx_task) root DEBUG gap.py                    207   gap_device_found_ev_      : found '44e5174c0053' type 224 eir b'\t\tNXL66528\x02\n\x0c\r\x03\x0c\x11\n\x11\x0b\x11\x0e\x11\x1f\x11\x1e\x11'
2026-09-23 23:30:43,936 BTPWorkerThread-10968 (_rx_task) root DEBUG iutctl_common.py          123   read                      : Read 5 bytes
2026-09-23 23:30:43,936 BTPWorkerThread-10968 (_rx_task) root DEBUG iutctl_common.py          131   read                      : Received: hdr: Header(svc_id=0x01, op=0x81, ctrl_index=0x00, data_len=0x26) bytearray(b'\x01\x81\x00&\x00')
2026-09-23 23:30:43,937 BTPWorkerThread-10968 (_rx_task) root DEBUG iutctl_common.py          139   read                      : Read 19 bytes data
2026-09-23 23:30:43,937 BTPWorkerThread-10968 (_rx_task) root DEBUG iutctl_common.py          139   read                      : Read 1 bytes data
2026-09-23 23:30:43,947 BTPWorkerThread-10968 (_rx_task) root DEBUG iutctl_common.py          139   read                      : Read 18 bytes data
2026-09-23 23:30:43,947 BTPWorkerThread-10968 (_rx_task) root DEBUG iutctl_common.py          154   read                      : Received data: {'e0 53 00 4c 17 e5 44 ab 03 1b 00 09 09 4e 58 4c 36 36 35 32 38 02 0a 0c 0d 03 0c 11 0a 11 0b 11 0e 11 1f 11 1e 11'}, bytearray(b'\xe0S\x00L\x17\xe5D\xab\x03\x1b\x00\t\tNXL66528\x02\n\x0c\r\x03\x0c\x11\n\x11\x0b\x11\x0e\x11\x1f\x11\x1e\x11')
2026-09-23 23:30:43,948 BTPWorkerThread-10968 (_rx_task) root DEBUG btp.py                    736   event_handler             : Header(svc_id=1, op=129, ctrl_index=0, data_len=38) (b'\xe0S\x00L\x17\xe5D\xab\x03\x1b\x00\t\tNXL66528\x02\n\x0c\r\x03\x0c\x11\n\x11\x0b\x11\x0e\x11\x1f\x11\x1e\x11',)
2026-09-23 23:30:43,948 BTPWorkerThread-10968 (_rx_task) root DEBUG gap.py                    193   gap_device_found_ev_      : b'\xe0S\x00L\x17\xe5D\xab\x03\x1b\x00\t\tNXL66528\x02\n\x0c\r\x03\x0c\x11\n\x11\x0b\x11\x0e\x11\x1f\x11\x1e\x11'
2026-09-23 23:30:43,948 BTPWorkerThread-10968 (_rx_task) root DEBUG gap.py                    207   gap_device_found_ev_      : found '44e5174c0053' type 224 eir b'\t\tNXL66528\x02\n\x0c\r\x03\x0c\x11\n\x11\x0b\x11\x0e\x11\x1f\x11\x1e\x11'
2026-09-23 23:30:43,991 BTPWorkerThread-10968 (_rx_task) root DEBUG iutctl_common.py          123   read                      : Read 5 bytes
2026-09-23 23:30:43,991 BTPWorkerThread-10968 (_rx_task) root DEBUG iutctl_common.py          131   read                      : Received: hdr: Header(svc_id=0x01, op=0x81, ctrl_index=0x00, data_len=0x2a) bytearray(b'\x01\x81\x00*\x00')
2026-09-23 23:30:43,991 BTPWorkerThread-10968 (_rx_task) root DEBUG iutctl_common.py          139   read                      : Read 32 bytes data
2026-09-23 23:30:44,002 BTPWorkerThread-10968 (_rx_task) root DEBUG iutctl_common.py          139   read                      : Read 10 bytes data
2026-09-23 23:30:44,002 BTPWorkerThread-10968 (_rx_task) root DEBUG iutctl_common.py          154   read                      : Received data: {'e0 cd 83 06 dc 1b 00 ae 03 1f 00 1e 09 41 32 44 50 20 53 6f 75 72 63 65 20 30 30 3a 31 42 3a 44 43 3a 30 36 3a 38 33 3a 43 44'}, bytearray(b'\xe0\xcd\x83\x06\xdc\x1b\x00\xae\x03\x1f\x00\x1e\tA2DP Source 00:1B:DC:06:83:CD')
2026-09-23 23:30:44,002 BTPWorkerThread-10968 (_rx_task) root DEBUG btp.py                    736   event_handler             : Header(svc_id=1, op=129, ctrl_index=0, data_len=42) (b'\xe0\xcd\x83\x06\xdc\x1b\x00\xae\x03\x1f\x00\x1e\tA2DP Source 00:1B:DC:06:83:CD',)
2026-09-23 23:30:44,002 BTPWorkerThread-10968 (_rx_task) root DEBUG gap.py                    193   gap_device_found_ev_      : b'\xe0\xcd\x83\x06\xdc\x1b\x00\xae\x03\x1f\x00\x1e\tA2DP Source 00:1B:DC:06:83:CD'
2026-09-23 23:30:44,003 BTPWorkerThread-10968 (_rx_task) root DEBUG gap.py                    207   gap_device_found_ev_      : found '001bdc0683cd' type 224 eir b'\x1e\tA2DP Source 00:1B:DC:06:83:CD'
2026-09-23 23:30:44,013 BTPWorkerThread-10968 (_rx_task) root DEBUG iutctl_common.py          123   read                      : Read 5 bytes
2026-09-23 23:30:44,013 BTPWorkerThread-10968 (_rx_task) root DEBUG iutctl_common.py          131   read                      : Received: hdr: Header(svc_id=0x01, op=0x81, ctrl_index=0x00, data_len=0x26) bytearray(b'\x01\x81\x00&\x00')
2026-09-23 23:30:44,014 BTPWorkerThread-10968 (_rx_task) root DEBUG iutctl_common.py          139   read                      : Read 38 bytes data
2026-09-23 23:30:44,014 BTPWorkerThread-10968 (_rx_task) root DEBUG iutctl_common.py          154   read                      : Received data: {'e0 53 00 4c 17 e5 44 b2 03 1b 00 09 09 4e 58 4c 36 36 35 32 38 02 0a 0c 0d 03 0c 11 0a 11 0b 11 0e 11 1f 11 1e 11'}, bytearray(b'\xe0S\x00L\x17\xe5D\xb2\x03\x1b\x00\t\tNXL66528\x02\n\x0c\r\x03\x0c\x11\n\x11\x0b\x11\x0e\x11\x1f\x11\x1e\x11')
2026-09-23 23:30:44,014 BTPWorkerThread-10968 (_rx_task) root DEBUG btp.py                    736   event_handler             : Header(svc_id=1, op=129, ctrl_index=0, data_len=38) (b'\xe0S\x00L\x17\xe5D\xb2\x03\x1b\x00\t\tNXL66528\x02\n\x0c\r\x03\x0c\x11\n\x11\x0b\x11\x0e\x11\x1f\x11\x1e\x11',)
2026-09-23 23:30:44,014 BTPWorkerThread-10968 (_rx_task) root DEBUG gap.py                    193   gap_device_found_ev_      : b'\xe0S\x00L\x17\xe5D\xb2\x03\x1b\x00\t\tNXL66528\x02\n\x0c\r\x03\x0c\x11\n\x11\x0b\x11\x0e\x11\x1f\x11\x1e\x11'
2026-09-23 23:30:44,014 BTPWorkerThread-10968 (_rx_task) root DEBUG gap.py                    207   gap_device_found_ev_      : found '44e5174c0053' type 224 eir b'\t\tNXL66528\x02\n\x0c\r\x03\x0c\x11\n\x11\x0b\x11\x0e\x11\x1f\x11\x1e\x11'
2026-09-23 23:30:44,078 BTPWorkerThread-10968 (_rx_task) root DEBUG iutctl_common.py          123   read                      : Read 5 bytes
2026-09-23 23:30:44,078 BTPWorkerThread-10968 (_rx_task) root DEBUG iutctl_common.py          131   read                      : Received: hdr: Header(svc_id=0x01, op=0x81, ctrl_index=0x00, data_len=0x26) bytearray(b'\x01\x81\x00&\x00')
2026-09-23 23:30:44,079 BTPWorkerThread-10968 (_rx_task) root DEBUG iutctl_common.py          139   read                      : Read 27 bytes data
2026-09-23 23:30:44,089 BTPWorkerThread-10968 (_rx_task) root DEBUG iutctl_common.py          139   read                      : Read 11 bytes data
2026-09-23 23:30:44,089 BTPWorkerThread-10968 (_rx_task) root DEBUG iutctl_common.py          154   read                      : Received data: {'e0 53 00 4c 17 e5 44 a7 03 1b 00 09 09 4e 58 4c 36 36 35 32 38 02 0a 0c 0d 03 0c 11 0a 11 0b 11 0e 11 1f 11 1e 11'}, bytearray(b'\xe0S\x00L\x17\xe5D\xa7\x03\x1b\x00\t\tNXL66528\x02\n\x0c\r\x03\x0c\x11\n\x11\x0b\x11\x0e\x11\x1f\x11\x1e\x11')
2026-09-23 23:30:44,089 BTPWorkerThread-10968 (_rx_task) root DEBUG btp.py                    736   event_handler             : Header(svc_id=1, op=129, ctrl_index=0, data_len=38) (b'\xe0S\x00L\x17\xe5D\xa7\x03\x1b\x00\t\tNXL66528\x02\n\x0c\r\x03\x0c\x11\n\x11\x0b\x11\x0e\x11\x1f\x11\x1e\x11',)
2026-09-23 23:30:44,090 BTPWorkerThread-10968 (_rx_task) root DEBUG gap.py                    193   gap_device_found_ev_      : b'\xe0S\x00L\x17\xe5D\xa7\x03\x1b\x00\t\tNXL66528\x02\n\x0c\r\x03\x0c\x11\n\x11\x0b\x11\x0e\x11\x1f\x11\x1e\x11'
2026-09-23 23:30:44,090 BTPWorkerThread-10968 (_rx_task) root DEBUG gap.py                    207   gap_device_found_ev_      : found '44e5174c0053' type 224 eir b'\t\tNXL66528\x02\n\x0c\r\x03\x0c\x11\n\x11\x0b\x11\x0e\x11\x1f\x11\x1e\x11'
2026-09-23 23:30:44,100 BTPWorkerThread-10968 (_rx_task) root DEBUG iutctl_common.py          123   read                      : Read 5 bytes
2026-09-23 23:30:44,100 BTPWorkerThread-10968 (_rx_task) root DEBUG iutctl_common.py          131   read                      : Received: hdr: Header(svc_id=0x01, op=0x81, ctrl_index=0x00, data_len=0x2a) bytearray(b'\x01\x81\x00*\x00')
2026-09-23 23:30:44,111 BTPWorkerThread-10968 (_rx_task) root DEBUG iutctl_common.py          139   read                      : Read 42 bytes data
2026-09-23 23:30:44,111 BTPWorkerThread-10968 (_rx_task) root DEBUG iutctl_common.py          154   read                      : Received data: {'e0 eb b2 06 dc 1b 00 ac 03 1f 00 1e 09 41 32 44 50 20 53 6f 75 72 63 65 20 30 30 3a 31 42 3a 44 43 3a 30 36 3a 42 32 3a 45 42'}, bytearray(b'\xe0\xeb\xb2\x06\xdc\x1b\x00\xac\x03\x1f\x00\x1e\tA2DP Source 00:1B:DC:06:B2:EB')
2026-09-23 23:30:44,111 BTPWorkerThread-10968 (_rx_task) root DEBUG btp.py                    736   event_handler             : Header(svc_id=1, op=129, ctrl_index=0, data_len=42) (b'\xe0\xeb\xb2\x06\xdc\x1b\x00\xac\x03\x1f\x00\x1e\tA2DP Source 00:1B:DC:06:B2:EB',)
2026-09-23 23:30:44,112 BTPWorkerThread-10968 (_rx_task) root DEBUG gap.py                    193   gap_device_found_ev_      : b'\xe0\xeb\xb2\x06\xdc\x1b\x00\xac\x03\x1f\x00\x1e\tA2DP Source 00:1B:DC:06:B2:EB'
2026-09-23 23:30:44,112 BTPWorkerThread-10968 (_rx_task) root DEBUG gap.py                    207   gap_device_found_ev_      : found '001bdc06b2eb' type 224 eir b'\x1e\tA2DP Source 00:1B:DC:06:B2:EB'
2026-09-23 23:30:44,413 BTPWorkerThread-10968 (_rx_task) root DEBUG iutctl_common.py          123   read                      : Read 5 bytes
2026-09-23 23:30:44,413 BTPWorkerThread-10968 (_rx_task) root DEBUG iutctl_common.py          131   read                      : Received: hdr: Header(svc_id=0x01, op=0x81, ctrl_index=0x00, data_len=0x26) bytearray(b'\x01\x81\x00&\x00')
2026-09-23 23:30:44,413 BTPWorkerThread-10968 (_rx_task) root DEBUG iutctl_common.py          139   read                      : Read 38 bytes data
2026-09-23 23:30:44,414 BTPWorkerThread-10968 (_rx_task) root DEBUG iutctl_common.py          154   read                      : Received data: {'e0 53 00 4c 17 e5 44 af 03 1b 00 09 09 4e 58 4c 36 36 35 32 38 02 0a 0c 0d 03 0c 11 0a 11 0b 11 0e 11 1f 11 1e 11'}, bytearray(b'\xe0S\x00L\x17\xe5D\xaf\x03\x1b\x00\t\tNXL66528\x02\n\x0c\r\x03\x0c\x11\n\x11\x0b\x11\x0e\x11\x1f\x11\x1e\x11')
2026-09-23 23:30:44,414 BTPWorkerThread-10968 (_rx_task) root DEBUG btp.py                    736   event_handler             : Header(svc_id=1, op=129, ctrl_index=0, data_len=38) (b'\xe0S\x00L\x17\xe5D\xaf\x03\x1b\x00\t\tNXL66528\x02\n\x0c\r\x03\x0c\x11\n\x11\x0b\x11\x0e\x11\x1f\x11\x1e\x11',)
2026-09-23 23:30:44,414 BTPWorkerThread-10968 (_rx_task) root DEBUG gap.py                    193   gap_device_found_ev_      : b'\xe0S\x00L\x17\xe5D\xaf\x03\x1b\x00\t\tNXL66528\x02\n\x0c\r\x03\x0c\x11\n\x11\x0b\x11\x0e\x11\x1f\x11\x1e\x11'
2026-09-23 23:30:44,414 BTPWorkerThread-10968 (_rx_task) root DEBUG gap.py                    207   gap_device_found_ev_      : found '44e5174c0053' type 224 eir b'\t\tNXL66528\x02\n\x0c\r\x03\x0c\x11\n\x11\x0b\x11\x0e\x11\x1f\x11\x1e\x11'
2026-09-23 23:30:44,962 BTPWorkerThread-10968 (_rx_task) root DEBUG iutctl_common.py          123   read                      : Read 5 bytes
2026-09-23 23:30:44,962 BTPWorkerThread-10968 (_rx_task) root DEBUG iutctl_common.py          131   read                      : Received: hdr: Header(svc_id=0x01, op=0x81, ctrl_index=0x00, data_len=0x26) bytearray(b'\x01\x81\x00&\x00')
2026-09-23 23:30:44,962 BTPWorkerThread-10968 (_rx_task) root DEBUG iutctl_common.py          139   read                      : Read 38 bytes data
2026-09-23 23:30:44,963 BTPWorkerThread-10968 (_rx_task) root DEBUG iutctl_common.py          154   read                      : Received data: {'e0 53 00 4c 17 e5 44 b1 03 1b 00 09 09 4e 58 4c 36 36 35 32 38 02 0a 0c 0d 03 0c 11 0a 11 0b 11 0e 11 1f 11 1e 11'}, bytearray(b'\xe0S\x00L\x17\xe5D\xb1\x03\x1b\x00\t\tNXL66528\x02\n\x0c\r\x03\x0c\x11\n\x11\x0b\x11\x0e\x11\x1f\x11\x1e\x11')
2026-09-23 23:30:44,963 BTPWorkerThread-10968 (_rx_task) root DEBUG btp.py                    736   event_handler             : Header(svc_id=1, op=129, ctrl_index=0, data_len=38) (b'\xe0S\x00L\x17\xe5D\xb1\x03\x1b\x00\t\tNXL66528\x02\n\x0c\r\x03\x0c\x11\n\x11\x0b\x11\x0e\x11\x1f\x11\x1e\x11',)
2026-09-23 23:30:44,963 BTPWorkerThread-10968 (_rx_task) root DEBUG gap.py                    193   gap_device_found_ev_      : b'\xe0S\x00L\x17\xe5D\xb1\x03\x1b\x00\t\tNXL66528\x02\n\x0c\r\x03\x0c\x11\n\x11\x0b\x11\x0e\x11\x1f\x11\x1e\x11'
2026-09-23 23:30:44,963 BTPWorkerThread-10968 (_rx_task) root DEBUG gap.py                    207   gap_device_found_ev_      : found '44e5174c0053' type 224 eir b'\t\tNXL66528\x02\n\x0c\r\x03\x0c\x11\n\x11\x0b\x11\x0e\x11\x1f\x11\x1e\x11'
2026-09-23 23:30:45,455 BTPWorkerThread-10968 (_rx_task) root DEBUG iutctl_common.py          123   read                      : Read 5 bytes
2026-09-23 23:30:45,456 BTPWorkerThread-10968 (_rx_task) root DEBUG iutctl_common.py          131   read                      : Received: hdr: Header(svc_id=0x01, op=0x81, ctrl_index=0x00, data_len=0x26) bytearray(b'\x01\x81\x00&\x00')
2026-09-23 23:30:45,456 BTPWorkerThread-10968 (_rx_task) root DEBUG iutctl_common.py          139   read                      : Read 38 bytes data
2026-09-23 23:30:45,456 BTPWorkerThread-10968 (_rx_task) root DEBUG iutctl_common.py          154   read                      : Received data: {'e0 53 00 4c 17 e5 44 b0 03 1b 00 09 09 4e 58 4c 36 36 35 32 38 02 0a 0c 0d 03 0c 11 0a 11 0b 11 0e 11 1f 11 1e 11'}, bytearray(b'\xe0S\x00L\x17\xe5D\xb0\x03\x1b\x00\t\tNXL66528\x02\n\x0c\r\x03\x0c\x11\n\x11\x0b\x11\x0e\x11\x1f\x11\x1e\x11')
2026-09-23 23:30:45,456 BTPWorkerThread-10968 (_rx_task) root DEBUG btp.py                    736   event_handler             : Header(svc_id=1, op=129, ctrl_index=0, data_len=38) (b'\xe0S\x00L\x17\xe5D\xb0\x03\x1b\x00\t\tNXL66528\x02\n\x0c\r\x03\x0c\x11\n\x11\x0b\x11\x0e\x11\x1f\x11\x1e\x11',)
2026-09-23 23:30:45,456 BTPWorkerThread-10968 (_rx_task) root DEBUG gap.py                    193   gap_device_found_ev_      : b'\xe0S\x00L\x17\xe5D\xb0\x03\x1b\x00\t\tNXL66528\x02\n\x0c\r\x03\x0c\x11\n\x11\x0b\x11\x0e\x11\x1f\x11\x1e\x11'
2026-09-23 23:30:45,456 BTPWorkerThread-10968 (_rx_task) root DEBUG gap.py                    207   gap_device_found_ev_      : found '44e5174c0053' type 224 eir b'\t\tNXL66528\x02\n\x0c\r\x03\x0c\x11\n\x11\x0b\x11\x0e\x11\x1f\x11\x1e\x11'
2026-09-23 23:30:46,422 BTPWorkerThread-10968 (_rx_task) root DEBUG iutctl_common.py          123   read                      : Read 5 bytes
2026-09-23 23:30:46,422 BTPWorkerThread-10968 (_rx_task) root DEBUG iutctl_common.py          131   read                      : Received: hdr: Header(svc_id=0x01, op=0x81, ctrl_index=0x00, data_len=0x1a) bytearray(b'\x01\x81\x00\x1a\x00')
2026-09-23 23:30:46,422 BTPWorkerThread-10968 (_rx_task) root DEBUG iutctl_common.py          139   read                      : Read 26 bytes data
2026-09-23 23:30:46,422 BTPWorkerThread-10968 (_rx_task) root DEBUG iutctl_common.py          154   read                      : Received data: {'e0 4e e4 08 dc 1b 00 d2 03 0f 00 0e 09 50 54 53 2d 47 41 50 2d 45 34 34 45 00'}, bytearray(b'\xe0N\xe4\x08\xdc\x1b\x00\xd2\x03\x0f\x00\x0e\tPTS-GAP-E44E\x00')
2026-09-23 23:30:46,422 BTPWorkerThread-10968 (_rx_task) root DEBUG btp.py                    736   event_handler             : Header(svc_id=1, op=129, ctrl_index=0, data_len=26) (b'\xe0N\xe4\x08\xdc\x1b\x00\xd2\x03\x0f\x00\x0e\tPTS-GAP-E44E\x00',)
2026-09-23 23:30:46,422 BTPWorkerThread-10968 (_rx_task) root DEBUG gap.py                    193   gap_device_found_ev_      : b'\xe0N\xe4\x08\xdc\x1b\x00\xd2\x03\x0f\x00\x0e\tPTS-GAP-E44E\x00'
2026-09-23 23:30:46,422 BTPWorkerThread-10968 (_rx_task) root DEBUG gap.py                    207   gap_device_found_ev_      : found '001bdc08e44e' type 224 eir b'\x0e\tPTS-GAP-E44E\x00'
2026-09-23 23:30:46,592 BTPWorkerThread-10968 (_rx_task) root DEBUG iutctl_common.py          123   read                      : Read 5 bytes
2026-09-23 23:30:46,592 BTPWorkerThread-10968 (_rx_task) root DEBUG iutctl_common.py          131   read                      : Received: hdr: Header(svc_id=0x01, op=0x81, ctrl_index=0x00, data_len=0x1a) bytearray(b'\x01\x81\x00\x1a\x00')
2026-09-23 23:30:46,593 BTPWorkerThread-10968 (_rx_task) root DEBUG iutctl_common.py          139   read                      : Read 26 bytes data
2026-09-23 23:30:46,593 BTPWorkerThread-10968 (_rx_task) root DEBUG iutctl_common.py          154   read                      : Received data: {'e0 4e e4 08 dc 1b 00 d0 03 0f 00 0e 09 50 54 53 2d 47 41 50 2d 45 34 34 45 00'}, bytearray(b'\xe0N\xe4\x08\xdc\x1b\x00\xd0\x03\x0f\x00\x0e\tPTS-GAP-E44E\x00')
2026-09-23 23:30:46,593 BTPWorkerThread-10968 (_rx_task) root DEBUG btp.py                    736   event_handler             : Header(svc_id=1, op=129, ctrl_index=0, data_len=26) (b'\xe0N\xe4\x08\xdc\x1b\x00\xd0\x03\x0f\x00\x0e\tPTS-GAP-E44E\x00',)
2026-09-23 23:30:46,593 BTPWorkerThread-10968 (_rx_task) root DEBUG gap.py                    193   gap_device_found_ev_      : b'\xe0N\xe4\x08\xdc\x1b\x00\xd0\x03\x0f\x00\x0e\tPTS-GAP-E44E\x00'
2026-09-23 23:30:46,593 BTPWorkerThread-10968 (_rx_task) root DEBUG gap.py                    207   gap_device_found_ev_      : found '001bdc08e44e' type 224 eir b'\x0e\tPTS-GAP-E44E\x00'
2026-09-23 23:30:46,960 BTPWorkerThread-10968 (_rx_task) root DEBUG iutctl_common.py          123   read                      : Read 5 bytes
2026-09-23 23:30:46,961 BTPWorkerThread-10968 (_rx_task) root DEBUG iutctl_common.py          131   read                      : Received: hdr: Header(svc_id=0x01, op=0x81, ctrl_index=0x00, data_len=0x26) bytearray(b'\x01\x81\x00&\x00')
2026-09-23 23:30:46,961 BTPWorkerThread-10968 (_rx_task) root DEBUG iutctl_common.py          139   read                      : Read 38 bytes data
2026-09-23 23:30:46,961 BTPWorkerThread-10968 (_rx_task) root DEBUG iutctl_common.py          154   read                      : Received data: {'e0 53 00 4c 17 e5 44 ae 03 1b 00 09 09 4e 58 4c 36 36 35 32 38 02 0a 0c 0d 03 0c 11 0a 11 0b 11 0e 11 1f 11 1e 11'}, bytearray(b'\xe0S\x00L\x17\xe5D\xae\x03\x1b\x00\t\tNXL66528\x02\n\x0c\r\x03\x0c\x11\n\x11\x0b\x11\x0e\x11\x1f\x11\x1e\x11')
2026-09-23 23:30:46,961 BTPWorkerThread-10968 (_rx_task) root DEBUG btp.py                    736   event_handler             : Header(svc_id=1, op=129, ctrl_index=0, data_len=38) (b'\xe0S\x00L\x17\xe5D\xae\x03\x1b\x00\t\tNXL66528\x02\n\x0c\r\x03\x0c\x11\n\x11\x0b\x11\x0e\x11\x1f\x11\x1e\x11',)
2026-09-23 23:30:46,961 BTPWorkerThread-10968 (_rx_task) root DEBUG gap.py                    193   gap_device_found_ev_      : b'\xe0S\x00L\x17\xe5D\xae\x03\x1b\x00\t\tNXL66528\x02\n\x0c\r\x03\x0c\x11\n\x11\x0b\x11\x0e\x11\x1f\x11\x1e\x11'
2026-09-23 23:30:46,961 BTPWorkerThread-10968 (_rx_task) root DEBUG gap.py                    207   gap_device_found_ev_      : found '44e5174c0053' type 224 eir b'\t\tNXL66528\x02\n\x0c\r\x03\x0c\x11\n\x11\x0b\x11\x0e\x11\x1f\x11\x1e\x11'
2026-09-23 23:30:47,153 BTPWorkerThread-10968 (_rx_task) root DEBUG iutctl_common.py          123   read                      : Read 5 bytes
2026-09-23 23:30:47,153 BTPWorkerThread-10968 (_rx_task) root DEBUG iutctl_common.py          131   read                      : Received: hdr: Header(svc_id=0x01, op=0x81, ctrl_index=0x00, data_len=0x2a) bytearray(b'\x01\x81\x00*\x00')
2026-09-23 23:30:47,153 BTPWorkerThread-10968 (_rx_task) root DEBUG iutctl_common.py          139   read                      : Read 33 bytes data
2026-09-23 23:30:47,164 BTPWorkerThread-10968 (_rx_task) root DEBUG iutctl_common.py          139   read                      : Read 9 bytes data
2026-09-23 23:30:47,164 BTPWorkerThread-10968 (_rx_task) root DEBUG iutctl_common.py          154   read                      : Received data: {'e0 cd 83 06 dc 1b 00 ac 03 1f 00 1e 09 41 32 44 50 20 53 6f 75 72 63 65 20 30 30 3a 31 42 3a 44 43 3a 30 36 3a 38 33 3a 43 44'}, bytearray(b'\xe0\xcd\x83\x06\xdc\x1b\x00\xac\x03\x1f\x00\x1e\tA2DP Source 00:1B:DC:06:83:CD')
2026-09-23 23:30:47,164 BTPWorkerThread-10968 (_rx_task) root DEBUG btp.py                    736   event_handler             : Header(svc_id=1, op=129, ctrl_index=0, data_len=42) (b'\xe0\xcd\x83\x06\xdc\x1b\x00\xac\x03\x1f\x00\x1e\tA2DP Source 00:1B:DC:06:83:CD',)
2026-09-23 23:30:47,165 BTPWorkerThread-10968 (_rx_task) root DEBUG gap.py                    193   gap_device_found_ev_      : b'\xe0\xcd\x83\x06\xdc\x1b\x00\xac\x03\x1f\x00\x1e\tA2DP Source 00:1B:DC:06:83:CD'
2026-09-23 23:30:47,165 BTPWorkerThread-10968 (_rx_task) root DEBUG gap.py                    207   gap_device_found_ev_      : found '001bdc0683cd' type 224 eir b'\x1e\tA2DP Source 00:1B:DC:06:83:CD'
2026-09-23 23:30:47,317 BTPWorkerThread-10968 (_rx_task) root DEBUG iutctl_common.py          123   read                      : Read 5 bytes
2026-09-23 23:30:47,317 BTPWorkerThread-10968 (_rx_task) root DEBUG iutctl_common.py          131   read                      : Received: hdr: Header(svc_id=0x01, op=0x81, ctrl_index=0x00, data_len=0x2a) bytearray(b'\x01\x81\x00*\x00')
2026-09-23 23:30:47,318 BTPWorkerThread-10968 (_rx_task) root DEBUG iutctl_common.py          139   read                      : Read 42 bytes data
2026-09-23 23:30:47,318 BTPWorkerThread-10968 (_rx_task) root DEBUG iutctl_common.py          154   read                      : Received data: {'e0 cd 83 06 dc 1b 00 a8 03 1f 00 1e 09 41 32 44 50 20 53 6f 75 72 63 65 20 30 30 3a 31 42 3a 44 43 3a 30 36 3a 38 33 3a 43 44'}, bytearray(b'\xe0\xcd\x83\x06\xdc\x1b\x00\xa8\x03\x1f\x00\x1e\tA2DP Source 00:1B:DC:06:83:CD')
2026-09-23 23:30:47,318 BTPWorkerThread-10968 (_rx_task) root DEBUG btp.py                    736   event_handler             : Header(svc_id=1, op=129, ctrl_index=0, data_len=42) (b'\xe0\xcd\x83\x06\xdc\x1b\x00\xa8\x03\x1f\x00\x1e\tA2DP Source 00:1B:DC:06:83:CD',)
2026-09-23 23:30:47,318 BTPWorkerThread-10968 (_rx_task) root DEBUG gap.py                    193   gap_device_found_ev_      : b'\xe0\xcd\x83\x06\xdc\x1b\x00\xa8\x03\x1f\x00\x1e\tA2DP Source 00:1B:DC:06:83:CD'
2026-09-23 23:30:47,318 BTPWorkerThread-10968 (_rx_task) root DEBUG gap.py                    207   gap_device_found_ev_      : found '001bdc0683cd' type 224 eir b'\x1e\tA2DP Source 00:1B:DC:06:83:CD'
2026-09-23 23:30:47,414 BTPWorkerThread-10968 (_rx_task) root DEBUG iutctl_common.py          123   read                      : Read 5 bytes
2026-09-23 23:30:47,414 BTPWorkerThread-10968 (_rx_task) root DEBUG iutctl_common.py          131   read                      : Received: hdr: Header(svc_id=0x01, op=0x81, ctrl_index=0x00, data_len=0x2a) bytearray(b'\x01\x81\x00*\x00')
2026-09-23 23:30:47,414 BTPWorkerThread-10968 (_rx_task) root DEBUG iutctl_common.py          139   read                      : Read 30 bytes data
2026-09-23 23:30:47,425 BTPWorkerThread-10968 (_rx_task) root DEBUG iutctl_common.py          139   read                      : Read 12 bytes data
2026-09-23 23:30:47,425 BTPWorkerThread-10968 (_rx_task) root DEBUG iutctl_common.py          154   read                      : Received data: {'e0 cd 83 06 dc 1b 00 ac 03 1f 00 1e 09 41 32 44 50 20 53 6f 75 72 63 65 20 30 30 3a 31 42 3a 44 43 3a 30 36 3a 38 33 3a 43 44'}, bytearray(b'\xe0\xcd\x83\x06\xdc\x1b\x00\xac\x03\x1f\x00\x1e\tA2DP Source 00:1B:DC:06:83:CD')
2026-09-23 23:30:47,425 BTPWorkerThread-10968 (_rx_task) root DEBUG btp.py                    736   event_handler             : Header(svc_id=1, op=129, ctrl_index=0, data_len=42) (b'\xe0\xcd\x83\x06\xdc\x1b\x00\xac\x03\x1f\x00\x1e\tA2DP Source 00:1B:DC:06:83:CD',)
2026-09-23 23:30:47,425 BTPWorkerThread-10968 (_rx_task) root DEBUG gap.py                    193   gap_device_found_ev_      : b'\xe0\xcd\x83\x06\xdc\x1b\x00\xac\x03\x1f\x00\x1e\tA2DP Source 00:1B:DC:06:83:CD'
2026-09-23 23:30:47,425 BTPWorkerThread-10968 (_rx_task) root DEBUG gap.py                    207   gap_device_found_ev_      : found '001bdc0683cd' type 224 eir b'\x1e\tA2DP Source 00:1B:DC:06:83:CD'
2026-09-23 23:30:47,467 BTPWorkerThread-10968 (_rx_task) root DEBUG iutctl_common.py          123   read                      : Read 5 bytes
2026-09-23 23:30:47,467 BTPWorkerThread-10968 (_rx_task) root DEBUG iutctl_common.py          131   read                      : Received: hdr: Header(svc_id=0x01, op=0x81, ctrl_index=0x00, data_len=0x26) bytearray(b'\x01\x81\x00&\x00')
2026-09-23 23:30:47,467 BTPWorkerThread-10968 (_rx_task) root DEBUG iutctl_common.py          139   read                      : Read 38 bytes data
2026-09-23 23:30:47,468 BTPWorkerThread-10968 (_rx_task) root DEBUG iutctl_common.py          154   read                      : Received data: {'e0 53 00 4c 17 e5 44 af 03 1b 00 09 09 4e 58 4c 36 36 35 32 38 02 0a 0c 0d 03 0c 11 0a 11 0b 11 0e 11 1f 11 1e 11'}, bytearray(b'\xe0S\x00L\x17\xe5D\xaf\x03\x1b\x00\t\tNXL66528\x02\n\x0c\r\x03\x0c\x11\n\x11\x0b\x11\x0e\x11\x1f\x11\x1e\x11')
2026-09-23 23:30:47,468 BTPWorkerThread-10968 (_rx_task) root DEBUG btp.py                    736   event_handler             : Header(svc_id=1, op=129, ctrl_index=0, data_len=38) (b'\xe0S\x00L\x17\xe5D\xaf\x03\x1b\x00\t\tNXL66528\x02\n\x0c\r\x03\x0c\x11\n\x11\x0b\x11\x0e\x11\x1f\x11\x1e\x11',)
2026-09-23 23:30:47,468 BTPWorkerThread-10968 (_rx_task) root DEBUG gap.py                    193   gap_device_found_ev_      : b'\xe0S\x00L\x17\xe5D\xaf\x03\x1b\x00\t\tNXL66528\x02\n\x0c\r\x03\x0c\x11\n\x11\x0b\x11\x0e\x11\x1f\x11\x1e\x11'
2026-09-23 23:30:47,468 BTPWorkerThread-10968 (_rx_task) root DEBUG gap.py                    207   gap_device_found_ev_      : found '44e5174c0053' type 224 eir b'\t\tNXL66528\x02\n\x0c\r\x03\x0c\x11\n\x11\x0b\x11\x0e\x11\x1f\x11\x1e\x11'
2026-09-23 23:30:47,759 BTPWorkerThread-10968 (_rx_task) root DEBUG iutctl_common.py          123   read                      : Read 5 bytes
2026-09-23 23:30:47,759 BTPWorkerThread-10968 (_rx_task) root DEBUG iutctl_common.py          131   read                      : Received: hdr: Header(svc_id=0x01, op=0x81, ctrl_index=0x00, data_len=0x26) bytearray(b'\x01\x81\x00&\x00')
2026-09-23 23:30:47,760 BTPWorkerThread-10968 (_rx_task) root DEBUG iutctl_common.py          139   read                      : Read 38 bytes data
2026-09-23 23:30:47,760 BTPWorkerThread-10968 (_rx_task) root DEBUG iutctl_common.py          154   read                      : Received data: {'e0 53 00 4c 17 e5 44 af 03 1b 00 09 09 4e 58 4c 36 36 35 32 38 02 0a 0c 0d 03 0c 11 0a 11 0b 11 0e 11 1f 11 1e 11'}, bytearray(b'\xe0S\x00L\x17\xe5D\xaf\x03\x1b\x00\t\tNXL66528\x02\n\x0c\r\x03\x0c\x11\n\x11\x0b\x11\x0e\x11\x1f\x11\x1e\x11')
2026-09-23 23:30:47,760 BTPWorkerThread-10968 (_rx_task) root DEBUG btp.py                    736   event_handler             : Header(svc_id=1, op=129, ctrl_index=0, data_len=38) (b'\xe0S\x00L\x17\xe5D\xaf\x03\x1b\x00\t\tNXL66528\x02\n\x0c\r\x03\x0c\x11\n\x11\x0b\x11\x0e\x11\x1f\x11\x1e\x11',)
2026-09-23 23:30:47,760 BTPWorkerThread-10968 (_rx_task) root DEBUG gap.py                    193   gap_device_found_ev_      : b'\xe0S\x00L\x17\xe5D\xaf\x03\x1b\x00\t\tNXL66528\x02\n\x0c\r\x03\x0c\x11\n\x11\x0b\x11\x0e\x11\x1f\x11\x1e\x11'
2026-09-23 23:30:47,760 BTPWorkerThread-10968 (_rx_task) root DEBUG gap.py                    207   gap_device_found_ev_      : found '44e5174c0053' type 224 eir b'\t\tNXL66528\x02\n\x0c\r\x03\x0c\x11\n\x11\x0b\x11\x0e\x11\x1f\x11\x1e\x11'
2026-09-23 23:30:47,901 BTPWorkerThread-10968 (_rx_task) root DEBUG iutctl_common.py          123   read                      : Read 5 bytes
2026-09-23 23:30:47,901 BTPWorkerThread-10968 (_rx_task) root DEBUG iutctl_common.py          131   read                      : Received: hdr: Header(svc_id=0x01, op=0x81, ctrl_index=0x00, data_len=0x26) bytearray(b'\x01\x81\x00&\x00')
2026-09-23 23:30:47,901 BTPWorkerThread-10968 (_rx_task) root DEBUG iutctl_common.py          139   read                      : Read 38 bytes data
2026-09-23 23:30:47,902 BTPWorkerThread-10968 (_rx_task) root DEBUG iutctl_common.py          154   read                      : Received data: {'e0 53 00 4c 17 e5 44 af 03 1b 00 09 09 4e 58 4c 36 36 35 32 38 02 0a 0c 0d 03 0c 11 0a 11 0b 11 0e 11 1f 11 1e 11'}, bytearray(b'\xe0S\x00L\x17\xe5D\xaf\x03\x1b\x00\t\tNXL66528\x02\n\x0c\r\x03\x0c\x11\n\x11\x0b\x11\x0e\x11\x1f\x11\x1e\x11')
2026-09-23 23:30:47,902 BTPWorkerThread-10968 (_rx_task) root DEBUG btp.py                    736   event_handler             : Header(svc_id=1, op=129, ctrl_index=0, data_len=38) (b'\xe0S\x00L\x17\xe5D\xaf\x03\x1b\x00\t\tNXL66528\x02\n\x0c\r\x03\x0c\x11\n\x11\x0b\x11\x0e\x11\x1f\x11\x1e\x11',)
2026-09-23 23:30:47,902 BTPWorkerThread-10968 (_rx_task) root DEBUG gap.py                    193   gap_device_found_ev_      : b'\xe0S\x00L\x17\xe5D\xaf\x03\x1b\x00\t\tNXL66528\x02\n\x0c\r\x03\x0c\x11\n\x11\x0b\x11\x0e\x11\x1f\x11\x1e\x11'
2026-09-23 23:30:47,902 BTPWorkerThread-10968 (_rx_task) root DEBUG gap.py                    207   gap_device_found_ev_      : found '44e5174c0053' type 224 eir b'\t\tNXL66528\x02\n\x0c\r\x03\x0c\x11\n\x11\x0b\x11\x0e\x11\x1f\x11\x1e\x11'
2026-09-23 23:30:48,254 BTPWorkerThread-10968 (_rx_task) root DEBUG iutctl_common.py          123   read                      : Read 5 bytes
2026-09-23 23:30:48,254 BTPWorkerThread-10968 (_rx_task) root DEBUG iutctl_common.py          131   read                      : Received: hdr: Header(svc_id=0x01, op=0x81, ctrl_index=0x00, data_len=0x2a) bytearray(b'\x01\x81\x00*\x00')
2026-09-23 23:30:48,255 BTPWorkerThread-10968 (_rx_task) root DEBUG iutctl_common.py          139   read                      : Read 42 bytes data
2026-09-23 23:30:48,255 BTPWorkerThread-10968 (_rx_task) root DEBUG iutctl_common.py          154   read                      : Received data: {'e0 95 83 06 dc 1b 00 ab 03 1f 00 1e 09 48 46 50 20 41 47 20 44 65 6d 6f 20 30 30 3a 31 42 3a 44 43 3a 30 36 3a 38 33 3a 39 35'}, bytearray(b'\xe0\x95\x83\x06\xdc\x1b\x00\xab\x03\x1f\x00\x1e\tHFP AG Demo 00:1B:DC:06:83:95')
2026-09-23 23:30:48,255 BTPWorkerThread-10968 (_rx_task) root DEBUG btp.py                    736   event_handler             : Header(svc_id=1, op=129, ctrl_index=0, data_len=42) (b'\xe0\x95\x83\x06\xdc\x1b\x00\xab\x03\x1f\x00\x1e\tHFP AG Demo 00:1B:DC:06:83:95',)
2026-09-23 23:30:48,255 BTPWorkerThread-10968 (_rx_task) root DEBUG gap.py                    193   gap_device_found_ev_      : b'\xe0\x95\x83\x06\xdc\x1b\x00\xab\x03\x1f\x00\x1e\tHFP AG Demo 00:1B:DC:06:83:95'
2026-09-23 23:30:48,255 BTPWorkerThread-10968 (_rx_task) root DEBUG gap.py                    207   gap_device_found_ev_      : found '001bdc068395' type 224 eir b'\x1e\tHFP AG Demo 00:1B:DC:06:83:95'
2026-09-23 23:30:49,333 BTPWorkerThread-10968 (_rx_task) root DEBUG iutctl_common.py          123   read                      : Read 5 bytes
2026-09-23 23:30:49,333 BTPWorkerThread-10968 (_rx_task) root DEBUG iutctl_common.py          131   read                      : Received: hdr: Header(svc_id=0x01, op=0x81, ctrl_index=0x00, data_len=0x0b) bytearray(b'\x01\x81\x00\x0b\x00')
2026-09-23 23:30:49,333 BTPWorkerThread-10968 (_rx_task) root DEBUG iutctl_common.py          139   read                      : Read 11 bytes data
2026-09-23 23:30:49,333 BTPWorkerThread-10968 (_rx_task) root DEBUG iutctl_common.py          154   read                      : Received data: {'e0 4d 65 9b 70 f3 5c a2 03 00 00'}, bytearray(b'\xe0Me\x9bp\xf3\\\xa2\x03\x00\x00')
2026-09-23 23:30:49,333 BTPWorkerThread-10968 (_rx_task) root DEBUG btp.py                    736   event_handler             : Header(svc_id=1, op=129, ctrl_index=0, data_len=11) (b'\xe0Me\x9bp\xf3\\\xa2\x03\x00\x00',)
2026-09-23 23:30:49,333 BTPWorkerThread-10968 (_rx_task) root DEBUG gap.py                    193   gap_device_found_ev_      : b'\xe0Me\x9bp\xf3\\\xa2\x03\x00\x00'
2026-09-23 23:30:49,333 BTPWorkerThread-10968 (_rx_task) root DEBUG gap.py                    207   gap_device_found_ev_      : found '5cf3709b654d' type 224 eir b''
2026-09-23 23:30:49,814 BTPWorkerThread-10968 (_rx_task) root DEBUG iutctl_common.py          123   read                      : Read 5 bytes
2026-09-23 23:30:49,815 BTPWorkerThread-10968 (_rx_task) root DEBUG iutctl_common.py          131   read                      : Received: hdr: Header(svc_id=0x01, op=0x81, ctrl_index=0x00, data_len=0x26) bytearray(b'\x01\x81\x00&\x00')
2026-09-23 23:30:49,815 BTPWorkerThread-10968 (_rx_task) root DEBUG iutctl_common.py          139   read                      : Read 26 bytes data
2026-09-23 23:30:49,815 BTPWorkerThread-10968 (_rx_task) root DEBUG iutctl_common.py          139   read                      : Read 1 bytes data
2026-09-23 23:30:49,826 BTPWorkerThread-10968 (_rx_task) root DEBUG iutctl_common.py          139   read                      : Read 11 bytes data
2026-09-23 23:30:49,827 BTPWorkerThread-10968 (_rx_task) root DEBUG iutctl_common.py          154   read                      : Received data: {'e0 53 00 4c 17 e5 44 af 03 1b 00 09 09 4e 58 4c 36 36 35 32 38 02 0a 0c 0d 03 0c 11 0a 11 0b 11 0e 11 1f 11 1e 11'}, bytearray(b'\xe0S\x00L\x17\xe5D\xaf\x03\x1b\x00\t\tNXL66528\x02\n\x0c\r\x03\x0c\x11\n\x11\x0b\x11\x0e\x11\x1f\x11\x1e\x11')
2026-09-23 23:30:49,827 BTPWorkerThread-10968 (_rx_task) root DEBUG btp.py                    736   event_handler             : Header(svc_id=1, op=129, ctrl_index=0, data_len=38) (b'\xe0S\x00L\x17\xe5D\xaf\x03\x1b\x00\t\tNXL66528\x02\n\x0c\r\x03\x0c\x11\n\x11\x0b\x11\x0e\x11\x1f\x11\x1e\x11',)
2026-09-23 23:30:49,827 BTPWorkerThread-10968 (_rx_task) root DEBUG gap.py                    193   gap_device_found_ev_      : b'\xe0S\x00L\x17\xe5D\xaf\x03\x1b\x00\t\tNXL66528\x02\n\x0c\r\x03\x0c\x11\n\x11\x0b\x11\x0e\x11\x1f\x11\x1e\x11'
2026-09-23 23:30:49,827 BTPWorkerThread-10968 (_rx_task) root DEBUG gap.py                    207   gap_device_found_ev_      : found '44e5174c0053' type 224 eir b'\t\tNXL66528\x02\n\x0c\r\x03\x0c\x11\n\x11\x0b\x11\x0e\x11\x1f\x11\x1e\x11'
2026-09-23 23:30:50,189 BTPWorkerThread-10968 (_rx_task) root DEBUG iutctl_common.py          123   read                      : Read 5 bytes
2026-09-23 23:30:50,189 BTPWorkerThread-10968 (_rx_task) root DEBUG iutctl_common.py          131   read                      : Received: hdr: Header(svc_id=0x01, op=0x81, ctrl_index=0x00, data_len=0x1a) bytearray(b'\x01\x81\x00\x1a\x00')
2026-09-23 23:30:50,190 BTPWorkerThread-10968 (_rx_task) root DEBUG iutctl_common.py          139   read                      : Read 26 bytes data
2026-09-23 23:30:50,190 BTPWorkerThread-10968 (_rx_task) root DEBUG iutctl_common.py          154   read                      : Received data: {'e0 4e e4 08 dc 1b 00 d3 03 0f 00 0e 09 50 54 53 2d 47 41 50 2d 45 34 34 45 00'}, bytearray(b'\xe0N\xe4\x08\xdc\x1b\x00\xd3\x03\x0f\x00\x0e\tPTS-GAP-E44E\x00')
2026-09-23 23:30:50,190 BTPWorkerThread-10968 (_rx_task) root DEBUG btp.py                    736   event_handler             : Header(svc_id=1, op=129, ctrl_index=0, data_len=26) (b'\xe0N\xe4\x08\xdc\x1b\x00\xd3\x03\x0f\x00\x0e\tPTS-GAP-E44E\x00',)
2026-09-23 23:30:50,190 BTPWorkerThread-10968 (_rx_task) root DEBUG gap.py                    193   gap_device_found_ev_      : b'\xe0N\xe4\x08\xdc\x1b\x00\xd3\x03\x0f\x00\x0e\tPTS-GAP-E44E\x00'
2026-09-23 23:30:50,190 BTPWorkerThread-10968 (_rx_task) root DEBUG gap.py                    207   gap_device_found_ev_      : found '001bdc08e44e' type 224 eir b'\x0e\tPTS-GAP-E44E\x00'
2026-09-23 23:30:50,202 BTPWorkerThread-10968 (_rx_task) root DEBUG iutctl_common.py          123   read                      : Read 5 bytes
2026-09-23 23:30:50,202 BTPWorkerThread-10968 (_rx_task) root DEBUG iutctl_common.py          131   read                      : Received: hdr: Header(svc_id=0x01, op=0x81, ctrl_index=0x00, data_len=0x26) bytearray(b'\x01\x81\x00&\x00')
2026-09-23 23:30:50,203 BTPWorkerThread-10968 (_rx_task) root DEBUG iutctl_common.py          139   read                      : Read 38 bytes data
2026-09-23 23:30:50,203 BTPWorkerThread-10968 (_rx_task) root DEBUG iutctl_common.py          154   read                      : Received data: {'e0 53 00 4c 17 e5 44 ab 03 1b 00 09 09 4e 58 4c 36 36 35 32 38 02 0a 0c 0d 03 0c 11 0a 11 0b 11 0e 11 1f 11 1e 11'}, bytearray(b'\xe0S\x00L\x17\xe5D\xab\x03\x1b\x00\t\tNXL66528\x02\n\x0c\r\x03\x0c\x11\n\x11\x0b\x11\x0e\x11\x1f\x11\x1e\x11')
2026-09-23 23:30:50,203 BTPWorkerThread-10968 (_rx_task) root DEBUG btp.py                    736   event_handler             : Header(svc_id=1, op=129, ctrl_index=0, data_len=38) (b'\xe0S\x00L\x17\xe5D\xab\x03\x1b\x00\t\tNXL66528\x02\n\x0c\r\x03\x0c\x11\n\x11\x0b\x11\x0e\x11\x1f\x11\x1e\x11',)
2026-09-23 23:30:50,203 BTPWorkerThread-10968 (_rx_task) root DEBUG gap.py                    193   gap_device_found_ev_      : b'\xe0S\x00L\x17\xe5D\xab\x03\x1b\x00\t\tNXL66528\x02\n\x0c\r\x03\x0c\x11\n\x11\x0b\x11\x0e\x11\x1f\x11\x1e\x11'
2026-09-23 23:30:50,203 BTPWorkerThread-10968 (_rx_task) root DEBUG gap.py                    207   gap_device_found_ev_      : found '44e5174c0053' type 224 eir b'\t\tNXL66528\x02\n\x0c\r\x03\x0c\x11\n\x11\x0b\x11\x0e\x11\x1f\x11\x1e\x11'
2026-09-23 23:30:50,537 BTPWorkerThread-10968 (_rx_task) root DEBUG iutctl_common.py          123   read                      : Read 5 bytes
2026-09-23 23:30:50,537 BTPWorkerThread-10968 (_rx_task) root DEBUG iutctl_common.py          131   read                      : Received: hdr: Header(svc_id=0x01, op=0x81, ctrl_index=0x00, data_len=0x1a) bytearray(b'\x01\x81\x00\x1a\x00')
2026-09-23 23:30:50,537 BTPWorkerThread-10968 (_rx_task) root DEBUG iutctl_common.py          139   read                      : Read 26 bytes data
2026-09-23 23:30:50,537 BTPWorkerThread-10968 (_rx_task) root DEBUG iutctl_common.py          154   read                      : Received data: {'e0 4e e4 08 dc 1b 00 d3 03 0f 00 0e 09 50 54 53 2d 47 41 50 2d 45 34 34 45 00'}, bytearray(b'\xe0N\xe4\x08\xdc\x1b\x00\xd3\x03\x0f\x00\x0e\tPTS-GAP-E44E\x00')
2026-09-23 23:30:50,538 BTPWorkerThread-10968 (_rx_task) root DEBUG btp.py                    736   event_handler             : Header(svc_id=1, op=129, ctrl_index=0, data_len=26) (b'\xe0N\xe4\x08\xdc\x1b\x00\xd3\x03\x0f\x00\x0e\tPTS-GAP-E44E\x00',)
2026-09-23 23:30:50,538 BTPWorkerThread-10968 (_rx_task) root DEBUG gap.py                    193   gap_device_found_ev_      : b'\xe0N\xe4\x08\xdc\x1b\x00\xd3\x03\x0f\x00\x0e\tPTS-GAP-E44E\x00'
2026-09-23 23:30:50,538 BTPWorkerThread-10968 (_rx_task) root DEBUG gap.py                    207   gap_device_found_ev_      : found '001bdc08e44e' type 224 eir b'\x0e\tPTS-GAP-E44E\x00'
2026-09-23 23:30:50,677 LT1-thread root DEBUG gap.py                    1150  gap_stop_discovery        : 
2026-09-23 23:30:50,677 LT1-thread root DEBUG iutctl_common.py          161   send                      : 1 13 0 ''
2026-09-23 23:30:50,677 LT1-thread root DEBUG iutctl_common.py          166   send                      : sending frame '010d000000'
2026-09-23 23:30:50,677 LT1-thread root DEBUG gap.py                    1229  gap_command_rsp_succ      : 
2026-09-23 23:30:50,677 LT1-thread root DEBUG iutctl_common.py          339   read                      : 
2026-09-23 23:30:50,712 BTPWorkerThread-10968 (_rx_task) root DEBUG iutctl_common.py          123   read                      : Read 5 bytes
2026-09-23 23:30:50,717 BTPWorkerThread-10968 (_rx_task) root DEBUG iutctl_common.py          131   read                      : Received: hdr: Header(svc_id=0x01, op=0x0d, ctrl_index=0x00, data_len=0x00) bytearray(b'\x01\r\x00\x00\x00')
2026-09-23 23:30:50,717 BTPWorkerThread-10968 (_rx_task) root DEBUG iutctl_common.py          154   read                      : Received data: {''}, bytearray(b'')
2026-09-23 23:30:50,722 LT1-thread root DEBUG gap.py                    1234  gap_command_rsp_succ      : received Header(svc_id=1, op=13, ctrl_index=0, data_len=0) (b'',)
2026-09-23 23:30:50,722 LT1-thread root DEBUG gap.py                    1510  check_discovery_results   : 224 '001bdc08e44e' True None
2026-09-23 23:30:50,722 LT1-thread root DEBUG gap.py                    1519  check_discovery_results   : matching LeAdv(addr_type=224, addr='44e5174c0053', rssi=175, flags=3, eir=b'\t\tNXL66528\x02\n\x0c\r\x03\x0c\x11\n\x11\x0b\x11\x0e\x11\x1f\x11\x1e\x11')
2026-09-23 23:30:50,722 LT1-thread root DEBUG gap.py                    1519  check_discovery_results   : matching LeAdv(addr_type=224, addr='44e5174c0053', rssi=165, flags=3, eir=b'\t\tNXL66528\x02\n\x0c\r\x03\x0c\x11\n\x11\x0b\x11\x0e\x11\x1f\x11\x1e\x11')
2026-09-23 23:30:50,722 LT1-thread root DEBUG gap.py                    1519  check_discovery_results   : matching LeAdv(addr_type=224, addr='5cf3709b654d', rssi=163, flags=3, eir=b'\x1e\tHFP AG Demo 5C:F3:70:9B:65:4D')
2026-09-23 23:30:50,722 LT1-thread root DEBUG gap.py                    1519  check_discovery_results   : matching LeAdv(addr_type=224, addr='001bdc08e44e', rssi=210, flags=3, eir=b'\x0e\tPTS-GAP-E44E\x00')
2026-09-23 23:30:50,722 LT1-thread root DEBUG gap.py                    762   gap_connect               : None 224
2026-09-23 23:30:50,722 LT1-thread root DEBUG iutctl_common.py          161   send                      : 1 14 0 "bytearray(b'\\xe0N\\xe4\\x08\\xdc\\x1b\\x00\\x00')"
2026-09-23 23:30:50,723 LT1-thread root DEBUG iutctl_common.py          166   send                      : sending frame '010e000800e04ee408dc1b0000'
2026-09-23 23:30:50,723 LT1-thread root DEBUG iutctl_common.py          339   read                      : 
2026-09-23 23:30:50,768 BTPWorkerThread-10968 (_rx_task) root DEBUG iutctl_common.py          123   read                      : Read 5 bytes
2026-09-23 23:30:50,778 BTPWorkerThread-10968 (_rx_task) root DEBUG iutctl_common.py          131   read                      : Received: hdr: Header(svc_id=0x01, op=0x0e, ctrl_index=0x00, data_len=0x00) bytearray(b'\x01\x0e\x00\x00\x00')
2026-09-23 23:30:50,788 BTPWorkerThread-10968 (_rx_task) root DEBUG iutctl_common.py          154   read                      : Received data: {''}, bytearray(b'')
2026-09-23 23:30:53,631 BTPWorkerThread-10968 (_rx_task) root DEBUG iutctl_common.py          123   read                      : Read 5 bytes
2026-09-23 23:30:53,631 BTPWorkerThread-10968 (_rx_task) root DEBUG iutctl_common.py          131   read                      : Received: hdr: Header(svc_id=0x01, op=0x82, ctrl_index=0x00, data_len=0x0d) bytearray(b'\x01\x82\x00\r\x00')
2026-09-23 23:30:53,631 BTPWorkerThread-10968 (_rx_task) root DEBUG iutctl_common.py          139   read                      : Read 13 bytes data
2026-09-23 23:30:53,632 BTPWorkerThread-10968 (_rx_task) root DEBUG iutctl_common.py          154   read                      : Received data: {'e0 4e e4 08 dc 1b 00 00 00 00 00 00 00'}, bytearray(b'\xe0N\xe4\x08\xdc\x1b\x00\x00\x00\x00\x00\x00\x00')
2026-09-23 23:30:53,632 BTPWorkerThread-10968 (_rx_task) root DEBUG btp.py                    736   event_handler             : Header(svc_id=1, op=130, ctrl_index=0, data_len=13) (b'\xe0N\xe4\x08\xdc\x1b\x00\x00\x00\x00\x00\x00\x00',)
2026-09-23 23:30:53,632 BTPWorkerThread-10968 (_rx_task) root DEBUG gap.py                    215   gap_connected_ev_         : b'\xe0N\xe4\x08\xdc\x1b\x00\x00\x00\x00\x00\x00\x00'
2026-09-23 23:30:53,713 LT1-thread root DEBUG gap.py                    873   gap_pair                  : None 224
2026-09-23 23:30:53,714 LT1-thread root DEBUG iutctl_common.py          161   send                      : 1 17 0 "bytearray(b'\\xe0N\\xe4\\x08\\xdc\\x1b\\x00')"
2026-09-23 23:30:53,714 LT1-thread root DEBUG iutctl_common.py          166   send                      : sending frame '0111000700e04ee408dc1b00'
2026-09-23 23:30:53,714 LT1-thread root DEBUG gap.py                    1229  gap_command_rsp_succ      : 
2026-09-23 23:30:53,714 LT1-thread root DEBUG iutctl_common.py          339   read                      : 
2026-09-23 23:30:53,750 BTPWorkerThread-10968 (_rx_task) root DEBUG iutctl_common.py          123   read                      : Read 5 bytes
2026-09-23 23:30:53,762 BTPWorkerThread-10968 (_rx_task) root DEBUG iutctl_common.py          131   read                      : Received: hdr: Header(svc_id=0x01, op=0x11, ctrl_index=0x00, data_len=0x00) bytearray(b'\x01\x11\x00\x00\x00')
2026-09-23 23:30:53,767 BTPWorkerThread-10968 (_rx_task) root DEBUG iutctl_common.py          154   read                      : Received data: {''}, bytearray(b'')
2026-09-23 23:30:53,772 BTPWorkerThread-10968 (_rx_task) root DEBUG iutctl_common.py          123   read                      : Read 5 bytes
2026-09-23 23:30:53,772 BTPWorkerThread-10968 (_rx_task) root DEBUG iutctl_common.py          131   read                      : Received: hdr: Header(svc_id=0x01, op=0x91, ctrl_index=0x00, data_len=0x09) bytearray(b'\x01\x91\x00\t\x00')
2026-09-23 23:30:53,772 LT1-thread root DEBUG gap.py                    1234  gap_command_rsp_succ      : received Header(svc_id=1, op=17, ctrl_index=0, data_len=0) (b'',)
2026-09-23 23:30:53,772 LT1-thread root DEBUG testcase.py               722   run_wid                   : Sending response 'OK' to wid 102 test case GAP/SEC/SEM/BI-05-C
2026-09-23 23:30:53,773 BTPWorkerThread-10968 (_rx_task) root DEBUG iutctl_common.py          139   read                      : Read 9 bytes data
2026-09-23 23:30:53,773 BTPWorkerThread-10968 (_rx_task) root DEBUG iutctl_common.py          154   read                      : Received data: {'e0 4e e4 08 dc 1b 00 00 00'}, bytearray(b'\xe0N\xe4\x08\xdc\x1b\x00\x00\x00')
2026-09-23 23:30:53,773 BTPWorkerThread-10968 (_rx_task) root DEBUG btp.py                    736   event_handler             : Header(svc_id=1, op=145, ctrl_index=0, data_len=9) (b'\xe0N\xe4\x08\xdc\x1b\x00\x00\x00',)
2026-09-23 23:30:53,773 BTPWorkerThread-10968 (_rx_task) root DEBUG gap.py                    494   gap_encryption_change_ev_ : 
2026-09-23 23:30:53,773 BTPWorkerThread-10968 (_rx_task) root DEBUG gap.py                    496   gap_encryption_change_ev_ : enc change received b'\xe0N\xe4\x08\xdc\x1b\x00\x00\x00'
2026-09-23 23:30:53,774 BTPWorkerThread-10968 (_rx_task) root DEBUG gap.py                    505   gap_encryption_change_ev_ : received (224, '001bdc08e44e', 0, 0)
2026-09-23 23:30:53,775 LT1-thread root DEBUG client.py                 276   get_result                : ClientCallback.get_result run_test_case
2026-09-23 23:30:53,777 LT1-callback ClientCallback.on_implicit_send INFO client.py                 223   on_implicit_send          : 
    ********************
    BEGIN OnImplicitSend:
    project_name: GAP
    wid: 222
    test_case_name: GAP/SEC/SEM/BI-05-C
    description: Please initiate a BR/EDR security authentication and pairing with interaction of HCI commands.

Press OK to continue.
    style: MMI_Style_Ok 0x11040
2026-09-23 23:30:53,777 LT1-callback ClientCallback.on_implicit_send INFO client.py                 236   on_implicit_send          : Calling test cases on_implicit_send
2026-09-23 23:30:53,777 LT1-callback ClientCallback.on_implicit_send INFO client.py                 249   on_implicit_send          : 
    on_implicit_send returned response: WAIT
    END OnImplicitSend
    ********************
2026-09-23 23:30:54,775 LT1-thread root DEBUG testcase.py               679   run_wid                   : GAP GAP/SEC/SEM/BI-05-C on_implicit_send
2026-09-23 23:30:54,775 LT1-thread root DEBUG gap_wid.py                26    gap_wid_hdl               : gap_wid_hdl, 222, Please initiate a BR/EDR security authentication and pairing with interaction of HCI commands.

Press OK to continue., GAP/SEC/SEM/BI-05-C
2026-09-23 23:30:54,775 LT1-thread root DEBUG testcase.py               722   run_wid                   : Sending response 'Ok' to wid 222 test case GAP/SEC/SEM/BI-05-C
2026-09-23 23:30:54,778 LT1-thread root DEBUG client.py                 276   get_result                : ClientCallback.get_result run_test_case
2026-09-23 23:30:58,800 BTPWorkerThread-10968 (_rx_task) root DEBUG iutctl_common.py          123   read                      : Read 5 bytes
2026-09-23 23:30:58,800 BTPWorkerThread-10968 (_rx_task) root DEBUG iutctl_common.py          131   read                      : Received: hdr: Header(svc_id=0x01, op=0x83, ctrl_index=0x00, data_len=0x07) bytearray(b'\x01\x83\x00\x07\x00')
2026-09-23 23:30:58,800 BTPWorkerThread-10968 (_rx_task) root DEBUG iutctl_common.py          139   read                      : Read 7 bytes data
2026-09-23 23:30:58,801 BTPWorkerThread-10968 (_rx_task) root DEBUG iutctl_common.py          154   read                      : Received data: {'e0 4e e4 08 dc 1b 00'}, bytearray(b'\xe0N\xe4\x08\xdc\x1b\x00')
2026-09-23 23:30:58,801 BTPWorkerThread-10968 (_rx_task) root DEBUG btp.py                    736   event_handler             : Header(svc_id=1, op=131, ctrl_index=0, data_len=7) (b'\xe0N\xe4\x08\xdc\x1b\x00',)
2026-09-23 23:30:58,801 BTPWorkerThread-10968 (_rx_task) root DEBUG gap.py                    228   gap_disconnected_ev_      : b'\xe0N\xe4\x08\xdc\x1b\x00'
2026-09-23 23:30:59,241 LT1-callback ClientCallback.on_implicit_send INFO client.py                 223   on_implicit_send          : 
    ********************
    BEGIN OnImplicitSend:
    project_name: GAP
    wid: 266
    test_case_name: GAP/SEC/SEM/BI-05-C
    description: Please confirm that the IUT signals to the Upper Tester that the channel establishment failure after link encryption.

Click 'Yes' If there is channel establishment failure otherwise click 'No'.
    style: MMI_Style_Yes_No1 0x11044
2026-09-23 23:30:59,242 LT1-callback ClientCallback.on_implicit_send INFO client.py                 236   on_implicit_send          : Calling test cases on_implicit_send
2026-09-23 23:30:59,242 LT1-callback ClientCallback.on_implicit_send INFO client.py                 249   on_implicit_send          : 
    on_implicit_send returned response: WAIT
    END OnImplicitSend
    ********************
2026-09-23 23:30:59,781 LT1-thread root DEBUG testcase.py               679   run_wid                   : GAP GAP/SEC/SEM/BI-05-C on_implicit_send
2026-09-23 23:30:59,781 LT1-thread root DEBUG gap_wid.py                26    gap_wid_hdl               : gap_wid_hdl, 266, Please confirm that the IUT signals to the Upper Tester that the channel establishment failure after link encryption.

Click 'Yes' If there is channel establishment failure otherwise click 'No'., GAP/SEC/SEM/BI-05-C
2026-09-23 23:30:59,781 LT1-thread root DEBUG testcase.py               722   run_wid                   : Sending response 'Yes' to wid 266 test case GAP/SEC/SEM/BI-05-C
2026-09-23 23:30:59,783 LT1-thread root DEBUG client.py                 276   get_result                : ClientCallback.get_result run_test_case
2026-09-23 23:30:59,794 LT1-callback ClientCallback.on_implicit_send INFO client.py                 223   on_implicit_send          : 
    ********************
    BEGIN OnImplicitSend:
    project_name: GAP
    wid: 102
    test_case_name: GAP/SEC/SEM/BI-05-C
    description: Please send an HCI connect request to establish a basic rate connection after the IUT discovers the Lower Tester over BR and LE.
    style: MMI_Style_Ok_Cancel2 0x11141
2026-09-23 23:30:59,794 LT1-callback ClientCallback.on_implicit_send INFO client.py                 236   on_implicit_send          : Calling test cases on_implicit_send
2026-09-23 23:30:59,794 LT1-callback ClientCallback.on_implicit_send INFO client.py                 249   on_implicit_send          : 
    on_implicit_send returned response: WAIT
    END OnImplicitSend
    ********************
2026-09-23 23:31:00,784 LT1-thread root DEBUG testcase.py               679   run_wid                   : GAP GAP/SEC/SEM/BI-05-C on_implicit_send
2026-09-23 23:31:00,784 LT1-thread root DEBUG gap_wid.py                26    gap_wid_hdl               : gap_wid_hdl, 102, Please send an HCI connect request to establish a basic rate connection after the IUT discovers the Lower Tester over BR and LE., GAP/SEC/SEM/BI-05-C
2026-09-23 23:31:00,784 LT1-thread root DEBUG gap.py                    1122  gap_start_discovery       : 
2026-09-23 23:31:00,784 LT1-thread root DEBUG iutctl_common.py          161   send                      : 1 12 0 '\x02'
2026-09-23 23:31:00,784 LT1-thread root DEBUG iutctl_common.py          166   send                      : sending frame '010c00010002'
2026-09-23 23:31:00,784 LT1-thread root DEBUG gap.py                    1229  gap_command_rsp_succ      : 
2026-09-23 23:31:00,785 LT1-thread root DEBUG iutctl_common.py          339   read                      : 
2026-09-23 23:31:00,815 BTPWorkerThread-10968 (_rx_task) root DEBUG iutctl_common.py          123   read                      : Read 5 bytes
2026-09-23 23:31:00,826 BTPWorkerThread-10968 (_rx_task) root DEBUG iutctl_common.py          131   read                      : Received: hdr: Header(svc_id=0x01, op=0x0c, ctrl_index=0x00, data_len=0x00) bytearray(b'\x01\x0c\x00\x00\x00')
2026-09-23 23:31:00,831 BTPWorkerThread-10968 (_rx_task) root DEBUG iutctl_common.py          154   read                      : Received data: {''}, bytearray(b'')
2026-09-23 23:31:00,837 LT1-thread root DEBUG gap.py                    1234  gap_command_rsp_succ      : received Header(svc_id=1, op=12, ctrl_index=0, data_len=0) (b'',)
2026-09-23 23:31:01,262 BTPWorkerThread-10968 (_rx_task) root DEBUG iutctl_common.py          123   read                      : Read 5 bytes
2026-09-23 23:31:01,262 BTPWorkerThread-10968 (_rx_task) root DEBUG iutctl_common.py          131   read                      : Received: hdr: Header(svc_id=0x01, op=0x81, ctrl_index=0x00, data_len=0x1a) bytearray(b'\x01\x81\x00\x1a\x00')
2026-09-23 23:31:01,262 BTPWorkerThread-10968 (_rx_task) root DEBUG iutctl_common.py          139   read                      : Read 26 bytes data
2026-09-23 23:31:01,262 BTPWorkerThread-10968 (_rx_task) root DEBUG iutctl_common.py          154   read                      : Received data: {'e0 4e e4 08 dc 1b 00 d2 03 0f 00 0e 09 50 54 53 2d 47 41 50 2d 45 34 34 45 00'}, bytearray(b'\xe0N\xe4\x08\xdc\x1b\x00\xd2\x03\x0f\x00\x0e\tPTS-GAP-E44E\x00')
2026-09-23 23:31:01,263 BTPWorkerThread-10968 (_rx_task) root DEBUG btp.py                    736   event_handler             : Header(svc_id=1, op=129, ctrl_index=0, data_len=26) (b'\xe0N\xe4\x08\xdc\x1b\x00\xd2\x03\x0f\x00\x0e\tPTS-GAP-E44E\x00',)
2026-09-23 23:31:01,263 BTPWorkerThread-10968 (_rx_task) root DEBUG gap.py                    193   gap_device_found_ev_      : b'\xe0N\xe4\x08\xdc\x1b\x00\xd2\x03\x0f\x00\x0e\tPTS-GAP-E44E\x00'
2026-09-23 23:31:01,263 BTPWorkerThread-10968 (_rx_task) root DEBUG gap.py                    207   gap_device_found_ev_      : found '001bdc08e44e' type 224 eir b'\x0e\tPTS-GAP-E44E\x00'
2026-09-23 23:31:01,348 BTPWorkerThread-10968 (_rx_task) root DEBUG iutctl_common.py          123   read                      : Read 5 bytes
2026-09-23 23:31:01,348 BTPWorkerThread-10968 (_rx_task) root DEBUG iutctl_common.py          131   read                      : Received: hdr: Header(svc_id=0x01, op=0x81, ctrl_index=0x00, data_len=0x26) bytearray(b'\x01\x81\x00&\x00')
2026-09-23 23:31:01,348 BTPWorkerThread-10968 (_rx_task) root DEBUG iutctl_common.py          139   read                      : Read 38 bytes data
2026-09-23 23:31:01,348 BTPWorkerThread-10968 (_rx_task) root DEBUG iutctl_common.py          154   read                      : Received data: {'e0 53 00 4c 17 e5 44 b1 03 1b 00 09 09 4e 58 4c 36 36 35 32 38 02 0a 0c 0d 03 0c 11 0a 11 0b 11 0e 11 1f 11 1e 11'}, bytearray(b'\xe0S\x00L\x17\xe5D\xb1\x03\x1b\x00\t\tNXL66528\x02\n\x0c\r\x03\x0c\x11\n\x11\x0b\x11\x0e\x11\x1f\x11\x1e\x11')
2026-09-23 23:31:01,349 BTPWorkerThread-10968 (_rx_task) root DEBUG btp.py                    736   event_handler             : Header(svc_id=1, op=129, ctrl_index=0, data_len=38) (b'\xe0S\x00L\x17\xe5D\xb1\x03\x1b\x00\t\tNXL66528\x02\n\x0c\r\x03\x0c\x11\n\x11\x0b\x11\x0e\x11\x1f\x11\x1e\x11',)
2026-09-23 23:31:01,349 BTPWorkerThread-10968 (_rx_task) root DEBUG gap.py                    193   gap_device_found_ev_      : b'\xe0S\x00L\x17\xe5D\xb1\x03\x1b\x00\t\tNXL66528\x02\n\x0c\r\x03\x0c\x11\n\x11\x0b\x11\x0e\x11\x1f\x11\x1e\x11'
2026-09-23 23:31:01,349 BTPWorkerThread-10968 (_rx_task) root DEBUG gap.py                    207   gap_device_found_ev_      : found '44e5174c0053' type 224 eir b'\t\tNXL66528\x02\n\x0c\r\x03\x0c\x11\n\x11\x0b\x11\x0e\x11\x1f\x11\x1e\x11'
2026-09-23 23:31:01,541 BTPWorkerThread-10968 (_rx_task) root DEBUG iutctl_common.py          123   read                      : Read 5 bytes
2026-09-23 23:31:01,541 BTPWorkerThread-10968 (_rx_task) root DEBUG iutctl_common.py          131   read                      : Received: hdr: Header(svc_id=0x01, op=0x81, ctrl_index=0x00, data_len=0x1a) bytearray(b'\x01\x81\x00\x1a\x00')
2026-09-23 23:31:01,541 BTPWorkerThread-10968 (_rx_task) root DEBUG iutctl_common.py          139   read                      : Read 23 bytes data
2026-09-23 23:31:01,552 BTPWorkerThread-10968 (_rx_task) root DEBUG iutctl_common.py          139   read                      : Read 3 bytes data
2026-09-23 23:31:01,552 BTPWorkerThread-10968 (_rx_task) root DEBUG iutctl_common.py          154   read                      : Received data: {'e0 4e e4 08 dc 1b 00 d4 03 0f 00 0e 09 50 54 53 2d 47 41 50 2d 45 34 34 45 00'}, bytearray(b'\xe0N\xe4\x08\xdc\x1b\x00\xd4\x03\x0f\x00\x0e\tPTS-GAP-E44E\x00')
2026-09-23 23:31:01,552 BTPWorkerThread-10968 (_rx_task) root DEBUG btp.py                    736   event_handler             : Header(svc_id=1, op=129, ctrl_index=0, data_len=26) (b'\xe0N\xe4\x08\xdc\x1b\x00\xd4\x03\x0f\x00\x0e\tPTS-GAP-E44E\x00',)
2026-09-23 23:31:01,553 BTPWorkerThread-10968 (_rx_task) root DEBUG gap.py                    193   gap_device_found_ev_      : b'\xe0N\xe4\x08\xdc\x1b\x00\xd4\x03\x0f\x00\x0e\tPTS-GAP-E44E\x00'
2026-09-23 23:31:01,553 BTPWorkerThread-10968 (_rx_task) root DEBUG gap.py                    207   gap_device_found_ev_      : found '001bdc08e44e' type 224 eir b'\x0e\tPTS-GAP-E44E\x00'
2026-09-23 23:31:01,649 BTPWorkerThread-10968 (_rx_task) root DEBUG iutctl_common.py          123   read                      : Read 5 bytes
2026-09-23 23:31:01,649 BTPWorkerThread-10968 (_rx_task) root DEBUG iutctl_common.py          131   read                      : Received: hdr: Header(svc_id=0x01, op=0x81, ctrl_index=0x00, data_len=0x2a) bytearray(b'\x01\x81\x00*\x00')
2026-09-23 23:31:01,649 BTPWorkerThread-10968 (_rx_task) root DEBUG iutctl_common.py          139   read                      : Read 42 bytes data
2026-09-23 23:31:01,650 BTPWorkerThread-10968 (_rx_task) root DEBUG iutctl_common.py          154   read                      : Received data: {'e0 4d 65 9b 70 f3 5c a8 03 1f 00 1e 09 48 46 50 20 41 47 20 44 65 6d 6f 20 35 43 3a 46 33 3a 37 30 3a 39 42 3a 36 35 3a 34 44'}, bytearray(b'\xe0Me\x9bp\xf3\\\xa8\x03\x1f\x00\x1e\tHFP AG Demo 5C:F3:70:9B:65:4D')
2026-09-23 23:31:01,650 BTPWorkerThread-10968 (_rx_task) root DEBUG btp.py                    736   event_handler             : Header(svc_id=1, op=129, ctrl_index=0, data_len=42) (b'\xe0Me\x9bp\xf3\\\xa8\x03\x1f\x00\x1e\tHFP AG Demo 5C:F3:70:9B:65:4D',)
2026-09-23 23:31:01,650 BTPWorkerThread-10968 (_rx_task) root DEBUG gap.py                    193   gap_device_found_ev_      : b'\xe0Me\x9bp\xf3\\\xa8\x03\x1f\x00\x1e\tHFP AG Demo 5C:F3:70:9B:65:4D'
2026-09-23 23:31:01,650 BTPWorkerThread-10968 (_rx_task) root DEBUG gap.py                    207   gap_device_found_ev_      : found '5cf3709b654d' type 224 eir b'\x1e\tHFP AG Demo 5C:F3:70:9B:65:4D'
2026-09-23 23:31:01,897 BTPWorkerThread-10968 (_rx_task) root DEBUG iutctl_common.py          123   read                      : Read 5 bytes
2026-09-23 23:31:01,897 BTPWorkerThread-10968 (_rx_task) root DEBUG iutctl_common.py          131   read                      : Received: hdr: Header(svc_id=0x01, op=0x81, ctrl_index=0x00, data_len=0x26) bytearray(b'\x01\x81\x00&\x00')
2026-09-23 23:31:01,898 BTPWorkerThread-10968 (_rx_task) root DEBUG iutctl_common.py          139   read                      : Read 38 bytes data
2026-09-23 23:31:01,898 BTPWorkerThread-10968 (_rx_task) root DEBUG iutctl_common.py          154   read                      : Received data: {'e0 53 00 4c 17 e5 44 af 03 1b 00 09 09 4e 58 4c 36 36 35 32 38 02 0a 0c 0d 03 0c 11 0a 11 0b 11 0e 11 1f 11 1e 11'}, bytearray(b'\xe0S\x00L\x17\xe5D\xaf\x03\x1b\x00\t\tNXL66528\x02\n\x0c\r\x03\x0c\x11\n\x11\x0b\x11\x0e\x11\x1f\x11\x1e\x11')
2026-09-23 23:31:01,898 BTPWorkerThread-10968 (_rx_task) root DEBUG btp.py                    736   event_handler             : Header(svc_id=1, op=129, ctrl_index=0, data_len=38) (b'\xe0S\x00L\x17\xe5D\xaf\x03\x1b\x00\t\tNXL66528\x02\n\x0c\r\x03\x0c\x11\n\x11\x0b\x11\x0e\x11\x1f\x11\x1e\x11',)
2026-09-23 23:31:01,898 BTPWorkerThread-10968 (_rx_task) root DEBUG gap.py                    193   gap_device_found_ev_      : b'\xe0S\x00L\x17\xe5D\xaf\x03\x1b\x00\t\tNXL66528\x02\n\x0c\r\x03\x0c\x11\n\x11\x0b\x11\x0e\x11\x1f\x11\x1e\x11'
2026-09-23 23:31:01,898 BTPWorkerThread-10968 (_rx_task) root DEBUG gap.py                    207   gap_device_found_ev_      : found '44e5174c0053' type 224 eir b'\t\tNXL66528\x02\n\x0c\r\x03\x0c\x11\n\x11\x0b\x11\x0e\x11\x1f\x11\x1e\x11'
2026-09-23 23:31:02,058 BTPWorkerThread-10968 (_rx_task) root DEBUG iutctl_common.py          123   read                      : Read 5 bytes
2026-09-23 23:31:02,058 BTPWorkerThread-10968 (_rx_task) root DEBUG iutctl_common.py          131   read                      : Received: hdr: Header(svc_id=0x01, op=0x81, ctrl_index=0x00, data_len=0x1a) bytearray(b'\x01\x81\x00\x1a\x00')
2026-09-23 23:31:02,058 BTPWorkerThread-10968 (_rx_task) root DEBUG iutctl_common.py          139   read                      : Read 26 bytes data
2026-09-23 23:31:02,059 BTPWorkerThread-10968 (_rx_task) root DEBUG iutctl_common.py          154   read                      : Received data: {'e0 4e e4 08 dc 1b 00 d0 03 0f 00 0e 09 50 54 53 2d 47 41 50 2d 45 34 34 45 00'}, bytearray(b'\xe0N\xe4\x08\xdc\x1b\x00\xd0\x03\x0f\x00\x0e\tPTS-GAP-E44E\x00')
2026-09-23 23:31:02,059 BTPWorkerThread-10968 (_rx_task) root DEBUG btp.py                    736   event_handler             : Header(svc_id=1, op=129, ctrl_index=0, data_len=26) (b'\xe0N\xe4\x08\xdc\x1b\x00\xd0\x03\x0f\x00\x0e\tPTS-GAP-E44E\x00',)
2026-09-23 23:31:02,059 BTPWorkerThread-10968 (_rx_task) root DEBUG gap.py                    193   gap_device_found_ev_      : b'\xe0N\xe4\x08\xdc\x1b\x00\xd0\x03\x0f\x00\x0e\tPTS-GAP-E44E\x00'
2026-09-23 23:31:02,059 BTPWorkerThread-10968 (_rx_task) root DEBUG gap.py                    207   gap_device_found_ev_      : found '001bdc08e44e' type 224 eir b'\x0e\tPTS-GAP-E44E\x00'
2026-09-23 23:31:02,360 BTPWorkerThread-10968 (_rx_task) root DEBUG iutctl_common.py          123   read                      : Read 5 bytes
2026-09-23 23:31:02,361 BTPWorkerThread-10968 (_rx_task) root DEBUG iutctl_common.py          131   read                      : Received: hdr: Header(svc_id=0x01, op=0x81, ctrl_index=0x00, data_len=0x26) bytearray(b'\x01\x81\x00&\x00')
2026-09-23 23:31:02,361 BTPWorkerThread-10968 (_rx_task) root DEBUG iutctl_common.py          139   read                      : Read 38 bytes data
2026-09-23 23:31:02,361 BTPWorkerThread-10968 (_rx_task) root DEBUG iutctl_common.py          154   read                      : Received data: {'e0 53 00 4c 17 e5 44 af 03 1b 00 09 09 4e 58 4c 36 36 35 32 38 02 0a 0c 0d 03 0c 11 0a 11 0b 11 0e 11 1f 11 1e 11'}, bytearray(b'\xe0S\x00L\x17\xe5D\xaf\x03\x1b\x00\t\tNXL66528\x02\n\x0c\r\x03\x0c\x11\n\x11\x0b\x11\x0e\x11\x1f\x11\x1e\x11')
2026-09-23 23:31:02,361 BTPWorkerThread-10968 (_rx_task) root DEBUG btp.py                    736   event_handler             : Header(svc_id=1, op=129, ctrl_index=0, data_len=38) (b'\xe0S\x00L\x17\xe5D\xaf\x03\x1b\x00\t\tNXL66528\x02\n\x0c\r\x03\x0c\x11\n\x11\x0b\x11\x0e\x11\x1f\x11\x1e\x11',)
2026-09-23 23:31:02,361 BTPWorkerThread-10968 (_rx_task) root DEBUG gap.py                    193   gap_device_found_ev_      : b'\xe0S\x00L\x17\xe5D\xaf\x03\x1b\x00\t\tNXL66528\x02\n\x0c\r\x03\x0c\x11\n\x11\x0b\x11\x0e\x11\x1f\x11\x1e\x11'
2026-09-23 23:31:02,361 BTPWorkerThread-10968 (_rx_task) root DEBUG gap.py                    207   gap_device_found_ev_      : found '44e5174c0053' type 224 eir b'\t\tNXL66528\x02\n\x0c\r\x03\x0c\x11\n\x11\x0b\x11\x0e\x11\x1f\x11\x1e\x11'
2026-09-23 23:31:02,423 BTPWorkerThread-10968 (_rx_task) root DEBUG iutctl_common.py          123   read                      : Read 5 bytes
2026-09-23 23:31:02,424 BTPWorkerThread-10968 (_rx_task) root DEBUG iutctl_common.py          131   read                      : Received: hdr: Header(svc_id=0x01, op=0x81, ctrl_index=0x00, data_len=0x0b) bytearray(b'\x01\x81\x00\x0b\x00')
2026-09-23 23:31:02,424 BTPWorkerThread-10968 (_rx_task) root DEBUG iutctl_common.py          139   read                      : Read 11 bytes data
2026-09-23 23:31:02,424 BTPWorkerThread-10968 (_rx_task) root DEBUG iutctl_common.py          154   read                      : Received data: {'e0 eb b2 06 dc 1b 00 ab 03 00 00'}, bytearray(b'\xe0\xeb\xb2\x06\xdc\x1b\x00\xab\x03\x00\x00')
2026-09-23 23:31:02,424 BTPWorkerThread-10968 (_rx_task) root DEBUG btp.py                    736   event_handler             : Header(svc_id=1, op=129, ctrl_index=0, data_len=11) (b'\xe0\xeb\xb2\x06\xdc\x1b\x00\xab\x03\x00\x00',)
2026-09-23 23:31:02,424 BTPWorkerThread-10968 (_rx_task) root DEBUG gap.py                    193   gap_device_found_ev_      : b'\xe0\xeb\xb2\x06\xdc\x1b\x00\xab\x03\x00\x00'
2026-09-23 23:31:02,424 BTPWorkerThread-10968 (_rx_task) root DEBUG gap.py                    207   gap_device_found_ev_      : found '001bdc06b2eb' type 224 eir b''
2026-09-23 23:31:02,657 BTPWorkerThread-10968 (_rx_task) root DEBUG iutctl_common.py          123   read                      : Read 5 bytes
2026-09-23 23:31:02,657 BTPWorkerThread-10968 (_rx_task) root DEBUG iutctl_common.py          131   read                      : Received: hdr: Header(svc_id=0x01, op=0x81, ctrl_index=0x00, data_len=0x2a) bytearray(b'\x01\x81\x00*\x00')
2026-09-23 23:31:02,658 BTPWorkerThread-10968 (_rx_task) root DEBUG iutctl_common.py          139   read                      : Read 42 bytes data
2026-09-23 23:31:02,658 BTPWorkerThread-10968 (_rx_task) root DEBUG iutctl_common.py          154   read                      : Received data: {'e0 eb b2 06 dc 1b 00 a3 03 1f 00 1e 09 41 32 44 50 20 53 6f 75 72 63 65 20 30 30 3a 31 42 3a 44 43 3a 30 36 3a 42 32 3a 45 42'}, bytearray(b'\xe0\xeb\xb2\x06\xdc\x1b\x00\xa3\x03\x1f\x00\x1e\tA2DP Source 00:1B:DC:06:B2:EB')
2026-09-23 23:31:02,658 BTPWorkerThread-10968 (_rx_task) root DEBUG btp.py                    736   event_handler             : Header(svc_id=1, op=129, ctrl_index=0, data_len=42) (b'\xe0\xeb\xb2\x06\xdc\x1b\x00\xa3\x03\x1f\x00\x1e\tA2DP Source 00:1B:DC:06:B2:EB',)
2026-09-23 23:31:02,658 BTPWorkerThread-10968 (_rx_task) root DEBUG gap.py                    193   gap_device_found_ev_      : b'\xe0\xeb\xb2\x06\xdc\x1b\x00\xa3\x03\x1f\x00\x1e\tA2DP Source 00:1B:DC:06:B2:EB'
2026-09-23 23:31:02,658 BTPWorkerThread-10968 (_rx_task) root DEBUG gap.py                    207   gap_device_found_ev_      : found '001bdc06b2eb' type 224 eir b'\x1e\tA2DP Source 00:1B:DC:06:B2:EB'
2026-09-23 23:31:02,743 BTPWorkerThread-10968 (_rx_task) root DEBUG iutctl_common.py          123   read                      : Read 5 bytes
2026-09-23 23:31:02,743 BTPWorkerThread-10968 (_rx_task) root DEBUG iutctl_common.py          131   read                      : Received: hdr: Header(svc_id=0x01, op=0x81, ctrl_index=0x00, data_len=0x26) bytearray(b'\x01\x81\x00&\x00')
2026-09-23 23:31:02,743 BTPWorkerThread-10968 (_rx_task) root DEBUG iutctl_common.py          139   read                      : Read 38 bytes data
2026-09-23 23:31:02,744 BTPWorkerThread-10968 (_rx_task) root DEBUG iutctl_common.py          154   read                      : Received data: {'e0 53 00 4c 17 e5 44 a8 03 1b 00 09 09 4e 58 4c 36 36 35 32 38 02 0a 0c 0d 03 0c 11 0a 11 0b 11 0e 11 1f 11 1e 11'}, bytearray(b'\xe0S\x00L\x17\xe5D\xa8\x03\x1b\x00\t\tNXL66528\x02\n\x0c\r\x03\x0c\x11\n\x11\x0b\x11\x0e\x11\x1f\x11\x1e\x11')
2026-09-23 23:31:02,744 BTPWorkerThread-10968 (_rx_task) root DEBUG btp.py                    736   event_handler             : Header(svc_id=1, op=129, ctrl_index=0, data_len=38) (b'\xe0S\x00L\x17\xe5D\xa8\x03\x1b\x00\t\tNXL66528\x02\n\x0c\r\x03\x0c\x11\n\x11\x0b\x11\x0e\x11\x1f\x11\x1e\x11',)
2026-09-23 23:31:02,744 BTPWorkerThread-10968 (_rx_task) root DEBUG gap.py                    193   gap_device_found_ev_      : b'\xe0S\x00L\x17\xe5D\xa8\x03\x1b\x00\t\tNXL66528\x02\n\x0c\r\x03\x0c\x11\n\x11\x0b\x11\x0e\x11\x1f\x11\x1e\x11'
2026-09-23 23:31:02,744 BTPWorkerThread-10968 (_rx_task) root DEBUG gap.py                    207   gap_device_found_ev_      : found '44e5174c0053' type 224 eir b'\t\tNXL66528\x02\n\x0c\r\x03\x0c\x11\n\x11\x0b\x11\x0e\x11\x1f\x11\x1e\x11'
2026-09-23 23:31:02,984 BTPWorkerThread-10968 (_rx_task) root DEBUG iutctl_common.py          123   read                      : Read 5 bytes
2026-09-23 23:31:02,984 BTPWorkerThread-10968 (_rx_task) root DEBUG iutctl_common.py          131   read                      : Received: hdr: Header(svc_id=0x01, op=0x81, ctrl_index=0x00, data_len=0x0b) bytearray(b'\x01\x81\x00\x0b\x00')
2026-09-23 23:31:02,984 BTPWorkerThread-10968 (_rx_task) root DEBUG iutctl_common.py          139   read                      : Read 11 bytes data
2026-09-23 23:31:02,985 BTPWorkerThread-10968 (_rx_task) root DEBUG iutctl_common.py          154   read                      : Received data: {'e0 4d 65 9b 70 f3 5c a3 03 00 00'}, bytearray(b'\xe0Me\x9bp\xf3\\\xa3\x03\x00\x00')
2026-09-23 23:31:02,985 BTPWorkerThread-10968 (_rx_task) root DEBUG btp.py                    736   event_handler             : Header(svc_id=1, op=129, ctrl_index=0, data_len=11) (b'\xe0Me\x9bp\xf3\\\xa3\x03\x00\x00',)
2026-09-23 23:31:02,985 BTPWorkerThread-10968 (_rx_task) root DEBUG gap.py                    193   gap_device_found_ev_      : b'\xe0Me\x9bp\xf3\\\xa3\x03\x00\x00'
2026-09-23 23:31:02,985 BTPWorkerThread-10968 (_rx_task) root DEBUG gap.py                    207   gap_device_found_ev_      : found '5cf3709b654d' type 224 eir b''
2026-09-23 23:31:03,294 BTPWorkerThread-10968 (_rx_task) root DEBUG iutctl_common.py          123   read                      : Read 5 bytes
2026-09-23 23:31:03,294 BTPWorkerThread-10968 (_rx_task) root DEBUG iutctl_common.py          131   read                      : Received: hdr: Header(svc_id=0x01, op=0x81, ctrl_index=0x00, data_len=0x2a) bytearray(b'\x01\x81\x00*\x00')
2026-09-23 23:31:03,294 BTPWorkerThread-10968 (_rx_task) root DEBUG iutctl_common.py          139   read                      : Read 42 bytes data
2026-09-23 23:31:03,295 BTPWorkerThread-10968 (_rx_task) root DEBUG iutctl_common.py          154   read                      : Received data: {'e0 4d 65 9b 70 f3 5c a5 03 1f 00 1e 09 48 46 50 20 41 47 20 44 65 6d 6f 20 35 43 3a 46 33 3a 37 30 3a 39 42 3a 36 35 3a 34 44'}, bytearray(b'\xe0Me\x9bp\xf3\\\xa5\x03\x1f\x00\x1e\tHFP AG Demo 5C:F3:70:9B:65:4D')
2026-09-23 23:31:03,295 BTPWorkerThread-10968 (_rx_task) root DEBUG btp.py                    736   event_handler             : Header(svc_id=1, op=129, ctrl_index=0, data_len=42) (b'\xe0Me\x9bp\xf3\\\xa5\x03\x1f\x00\x1e\tHFP AG Demo 5C:F3:70:9B:65:4D',)
2026-09-23 23:31:03,295 BTPWorkerThread-10968 (_rx_task) root DEBUG gap.py                    193   gap_device_found_ev_      : b'\xe0Me\x9bp\xf3\\\xa5\x03\x1f\x00\x1e\tHFP AG Demo 5C:F3:70:9B:65:4D'
2026-09-23 23:31:03,295 BTPWorkerThread-10968 (_rx_task) root DEBUG gap.py                    207   gap_device_found_ev_      : found '5cf3709b654d' type 224 eir b'\x1e\tHFP AG Demo 5C:F3:70:9B:65:4D'
2026-09-23 23:31:03,587 BTPWorkerThread-10968 (_rx_task) root DEBUG iutctl_common.py          123   read                      : Read 5 bytes
2026-09-23 23:31:03,587 BTPWorkerThread-10968 (_rx_task) root DEBUG iutctl_common.py          131   read                      : Received: hdr: Header(svc_id=0x01, op=0x81, ctrl_index=0x00, data_len=0x26) bytearray(b'\x01\x81\x00&\x00')
2026-09-23 23:31:03,588 BTPWorkerThread-10968 (_rx_task) root DEBUG iutctl_common.py          139   read                      : Read 17 bytes data
2026-09-23 23:31:03,598 BTPWorkerThread-10968 (_rx_task) root DEBUG iutctl_common.py          139   read                      : Read 21 bytes data
2026-09-23 23:31:03,598 BTPWorkerThread-10968 (_rx_task) root DEBUG iutctl_common.py          154   read                      : Received data: {'e0 53 00 4c 17 e5 44 ab 03 1b 00 09 09 4e 58 4c 36 36 35 32 38 02 0a 0c 0d 03 0c 11 0a 11 0b 11 0e 11 1f 11 1e 11'}, bytearray(b'\xe0S\x00L\x17\xe5D\xab\x03\x1b\x00\t\tNXL66528\x02\n\x0c\r\x03\x0c\x11\n\x11\x0b\x11\x0e\x11\x1f\x11\x1e\x11')
2026-09-23 23:31:03,598 BTPWorkerThread-10968 (_rx_task) root DEBUG btp.py                    736   event_handler             : Header(svc_id=1, op=129, ctrl_index=0, data_len=38) (b'\xe0S\x00L\x17\xe5D\xab\x03\x1b\x00\t\tNXL66528\x02\n\x0c\r\x03\x0c\x11\n\x11\x0b\x11\x0e\x11\x1f\x11\x1e\x11',)
2026-09-23 23:31:03,599 BTPWorkerThread-10968 (_rx_task) root DEBUG gap.py                    193   gap_device_found_ev_      : b'\xe0S\x00L\x17\xe5D\xab\x03\x1b\x00\t\tNXL66528\x02\n\x0c\r\x03\x0c\x11\n\x11\x0b\x11\x0e\x11\x1f\x11\x1e\x11'
2026-09-23 23:31:03,599 BTPWorkerThread-10968 (_rx_task) root DEBUG gap.py                    207   gap_device_found_ev_      : found '44e5174c0053' type 224 eir b'\t\tNXL66528\x02\n\x0c\r\x03\x0c\x11\n\x11\x0b\x11\x0e\x11\x1f\x11\x1e\x11'
2026-09-23 23:31:03,822 BTPWorkerThread-10968 (_rx_task) root DEBUG iutctl_common.py          123   read                      : Read 5 bytes
2026-09-23 23:31:03,822 BTPWorkerThread-10968 (_rx_task) root DEBUG iutctl_common.py          131   read                      : Received: hdr: Header(svc_id=0x01, op=0x81, ctrl_index=0x00, data_len=0x26) bytearray(b'\x01\x81\x00&\x00')
2026-09-23 23:31:03,822 BTPWorkerThread-10968 (_rx_task) root DEBUG iutctl_common.py          139   read                      : Read 38 bytes data
2026-09-23 23:31:03,823 BTPWorkerThread-10968 (_rx_task) root DEBUG iutctl_common.py          154   read                      : Received data: {'e0 53 00 4c 17 e5 44 b2 03 1b 00 09 09 4e 58 4c 36 36 35 32 38 02 0a 0c 0d 03 0c 11 0a 11 0b 11 0e 11 1f 11 1e 11'}, bytearray(b'\xe0S\x00L\x17\xe5D\xb2\x03\x1b\x00\t\tNXL66528\x02\n\x0c\r\x03\x0c\x11\n\x11\x0b\x11\x0e\x11\x1f\x11\x1e\x11')
2026-09-23 23:31:03,823 BTPWorkerThread-10968 (_rx_task) root DEBUG btp.py                    736   event_handler             : Header(svc_id=1, op=129, ctrl_index=0, data_len=38) (b'\xe0S\x00L\x17\xe5D\xb2\x03\x1b\x00\t\tNXL66528\x02\n\x0c\r\x03\x0c\x11\n\x11\x0b\x11\x0e\x11\x1f\x11\x1e\x11',)
2026-09-23 23:31:03,823 BTPWorkerThread-10968 (_rx_task) root DEBUG gap.py                    193   gap_device_found_ev_      : b'\xe0S\x00L\x17\xe5D\xb2\x03\x1b\x00\t\tNXL66528\x02\n\x0c\r\x03\x0c\x11\n\x11\x0b\x11\x0e\x11\x1f\x11\x1e\x11'
2026-09-23 23:31:03,823 BTPWorkerThread-10968 (_rx_task) root DEBUG gap.py                    207   gap_device_found_ev_      : found '44e5174c0053' type 224 eir b'\t\tNXL66528\x02\n\x0c\r\x03\x0c\x11\n\x11\x0b\x11\x0e\x11\x1f\x11\x1e\x11'
2026-09-23 23:31:03,865 BTPWorkerThread-10968 (_rx_task) root DEBUG iutctl_common.py          123   read                      : Read 5 bytes
2026-09-23 23:31:03,865 BTPWorkerThread-10968 (_rx_task) root DEBUG iutctl_common.py          131   read                      : Received: hdr: Header(svc_id=0x01, op=0x81, ctrl_index=0x00, data_len=0x0b) bytearray(b'\x01\x81\x00\x0b\x00')
2026-09-23 23:31:03,865 BTPWorkerThread-10968 (_rx_task) root DEBUG iutctl_common.py          139   read                      : Read 11 bytes data
2026-09-23 23:31:03,866 BTPWorkerThread-10968 (_rx_task) root DEBUG iutctl_common.py          154   read                      : Received data: {'e0 95 83 06 dc 1b 00 a8 03 00 00'}, bytearray(b'\xe0\x95\x83\x06\xdc\x1b\x00\xa8\x03\x00\x00')
2026-09-23 23:31:03,866 BTPWorkerThread-10968 (_rx_task) root DEBUG btp.py                    736   event_handler             : Header(svc_id=1, op=129, ctrl_index=0, data_len=11) (b'\xe0\x95\x83\x06\xdc\x1b\x00\xa8\x03\x00\x00',)
2026-09-23 23:31:03,866 BTPWorkerThread-10968 (_rx_task) root DEBUG gap.py                    193   gap_device_found_ev_      : b'\xe0\x95\x83\x06\xdc\x1b\x00\xa8\x03\x00\x00'
2026-09-23 23:31:03,866 BTPWorkerThread-10968 (_rx_task) root DEBUG gap.py                    207   gap_device_found_ev_      : found '001bdc068395' type 224 eir b''
2026-09-23 23:31:04,266 BTPWorkerThread-10968 (_rx_task) root DEBUG iutctl_common.py          123   read                      : Read 5 bytes
2026-09-23 23:31:04,266 BTPWorkerThread-10968 (_rx_task) root DEBUG iutctl_common.py          131   read                      : Received: hdr: Header(svc_id=0x01, op=0x81, ctrl_index=0x00, data_len=0x2a) bytearray(b'\x01\x81\x00*\x00')
2026-09-23 23:31:04,266 BTPWorkerThread-10968 (_rx_task) root DEBUG iutctl_common.py          139   read                      : Read 29 bytes data
2026-09-23 23:31:04,278 BTPWorkerThread-10968 (_rx_task) root DEBUG iutctl_common.py          139   read                      : Read 13 bytes data
2026-09-23 23:31:04,278 BTPWorkerThread-10968 (_rx_task) root DEBUG iutctl_common.py          154   read                      : Received data: {'e0 95 83 06 dc 1b 00 b1 03 1f 00 1e 09 48 46 50 20 41 47 20 44 65 6d 6f 20 30 30 3a 31 42 3a 44 43 3a 30 36 3a 38 33 3a 39 35'}, bytearray(b'\xe0\x95\x83\x06\xdc\x1b\x00\xb1\x03\x1f\x00\x1e\tHFP AG Demo 00:1B:DC:06:83:95')
2026-09-23 23:31:04,278 BTPWorkerThread-10968 (_rx_task) root DEBUG btp.py                    736   event_handler             : Header(svc_id=1, op=129, ctrl_index=0, data_len=42) (b'\xe0\x95\x83\x06\xdc\x1b\x00\xb1\x03\x1f\x00\x1e\tHFP AG Demo 00:1B:DC:06:83:95',)
2026-09-23 23:31:04,279 BTPWorkerThread-10968 (_rx_task) root DEBUG gap.py                    193   gap_device_found_ev_      : b'\xe0\x95\x83\x06\xdc\x1b\x00\xb1\x03\x1f\x00\x1e\tHFP AG Demo 00:1B:DC:06:83:95'
2026-09-23 23:31:04,279 BTPWorkerThread-10968 (_rx_task) root DEBUG gap.py                    207   gap_device_found_ev_      : found '001bdc068395' type 224 eir b'\x1e\tHFP AG Demo 00:1B:DC:06:83:95'
2026-09-23 23:31:04,289 BTPWorkerThread-10968 (_rx_task) root DEBUG iutctl_common.py          123   read                      : Read 5 bytes
2026-09-23 23:31:04,289 BTPWorkerThread-10968 (_rx_task) root DEBUG iutctl_common.py          131   read                      : Received: hdr: Header(svc_id=0x01, op=0x81, ctrl_index=0x00, data_len=0x2a) bytearray(b'\x01\x81\x00*\x00')
2026-09-23 23:31:04,289 BTPWorkerThread-10968 (_rx_task) root DEBUG iutctl_common.py          139   read                      : Read 42 bytes data
2026-09-23 23:31:04,290 BTPWorkerThread-10968 (_rx_task) root DEBUG iutctl_common.py          154   read                      : Received data: {'e0 cd 83 06 dc 1b 00 a6 03 1f 00 1e 09 41 32 44 50 20 53 6f 75 72 63 65 20 30 30 3a 31 42 3a 44 43 3a 30 36 3a 38 33 3a 43 44'}, bytearray(b'\xe0\xcd\x83\x06\xdc\x1b\x00\xa6\x03\x1f\x00\x1e\tA2DP Source 00:1B:DC:06:83:CD')
2026-09-23 23:31:04,290 BTPWorkerThread-10968 (_rx_task) root DEBUG btp.py                    736   event_handler             : Header(svc_id=1, op=129, ctrl_index=0, data_len=42) (b'\xe0\xcd\x83\x06\xdc\x1b\x00\xa6\x03\x1f\x00\x1e\tA2DP Source 00:1B:DC:06:83:CD',)
2026-09-23 23:31:04,290 BTPWorkerThread-10968 (_rx_task) root DEBUG gap.py                    193   gap_device_found_ev_      : b'\xe0\xcd\x83\x06\xdc\x1b\x00\xa6\x03\x1f\x00\x1e\tA2DP Source 00:1B:DC:06:83:CD'
2026-09-23 23:31:04,290 BTPWorkerThread-10968 (_rx_task) root DEBUG gap.py                    207   gap_device_found_ev_      : found '001bdc0683cd' type 224 eir b'\x1e\tA2DP Source 00:1B:DC:06:83:CD'
2026-09-23 23:31:04,492 BTPWorkerThread-10968 (_rx_task) root DEBUG iutctl_common.py          123   read                      : Read 5 bytes
2026-09-23 23:31:04,492 BTPWorkerThread-10968 (_rx_task) root DEBUG iutctl_common.py          131   read                      : Received: hdr: Header(svc_id=0x01, op=0x81, ctrl_index=0x00, data_len=0x26) bytearray(b'\x01\x81\x00&\x00')
2026-09-23 23:31:04,492 BTPWorkerThread-10968 (_rx_task) root DEBUG iutctl_common.py          139   read                      : Read 38 bytes data
2026-09-23 23:31:04,493 BTPWorkerThread-10968 (_rx_task) root DEBUG iutctl_common.py          154   read                      : Received data: {'e0 53 00 4c 17 e5 44 a4 03 1b 00 09 09 4e 58 4c 36 36 35 32 38 02 0a 0c 0d 03 0c 11 0a 11 0b 11 0e 11 1f 11 1e 11'}, bytearray(b'\xe0S\x00L\x17\xe5D\xa4\x03\x1b\x00\t\tNXL66528\x02\n\x0c\r\x03\x0c\x11\n\x11\x0b\x11\x0e\x11\x1f\x11\x1e\x11')
2026-09-23 23:31:04,493 BTPWorkerThread-10968 (_rx_task) root DEBUG btp.py                    736   event_handler             : Header(svc_id=1, op=129, ctrl_index=0, data_len=38) (b'\xe0S\x00L\x17\xe5D\xa4\x03\x1b\x00\t\tNXL66528\x02\n\x0c\r\x03\x0c\x11\n\x11\x0b\x11\x0e\x11\x1f\x11\x1e\x11',)
2026-09-23 23:31:04,493 BTPWorkerThread-10968 (_rx_task) root DEBUG gap.py                    193   gap_device_found_ev_      : b'\xe0S\x00L\x17\xe5D\xa4\x03\x1b\x00\t\tNXL66528\x02\n\x0c\r\x03\x0c\x11\n\x11\x0b\x11\x0e\x11\x1f\x11\x1e\x11'
2026-09-23 23:31:04,493 BTPWorkerThread-10968 (_rx_task) root DEBUG gap.py                    207   gap_device_found_ev_      : found '44e5174c0053' type 224 eir b'\t\tNXL66528\x02\n\x0c\r\x03\x0c\x11\n\x11\x0b\x11\x0e\x11\x1f\x11\x1e\x11'
2026-09-23 23:31:04,665 BTPWorkerThread-10968 (_rx_task) root DEBUG iutctl_common.py          123   read                      : Read 5 bytes
2026-09-23 23:31:04,665 BTPWorkerThread-10968 (_rx_task) root DEBUG iutctl_common.py          131   read                      : Received: hdr: Header(svc_id=0x01, op=0x81, ctrl_index=0x00, data_len=0x0b) bytearray(b'\x01\x81\x00\x0b\x00')
2026-09-23 23:31:04,665 BTPWorkerThread-10968 (_rx_task) root DEBUG iutctl_common.py          139   read                      : Read 11 bytes data
2026-09-23 23:31:04,666 BTPWorkerThread-10968 (_rx_task) root DEBUG iutctl_common.py          154   read                      : Received data: {'e0 cd 83 06 dc 1b 00 a5 03 00 00'}, bytearray(b'\xe0\xcd\x83\x06\xdc\x1b\x00\xa5\x03\x00\x00')
2026-09-23 23:31:04,666 BTPWorkerThread-10968 (_rx_task) root DEBUG btp.py                    736   event_handler             : Header(svc_id=1, op=129, ctrl_index=0, data_len=11) (b'\xe0\xcd\x83\x06\xdc\x1b\x00\xa5\x03\x00\x00',)
2026-09-23 23:31:04,666 BTPWorkerThread-10968 (_rx_task) root DEBUG gap.py                    193   gap_device_found_ev_      : b'\xe0\xcd\x83\x06\xdc\x1b\x00\xa5\x03\x00\x00'
2026-09-23 23:31:04,666 BTPWorkerThread-10968 (_rx_task) root DEBUG gap.py                    207   gap_device_found_ev_      : found '001bdc0683cd' type 224 eir b''
2026-09-23 23:31:04,966 BTPWorkerThread-10968 (_rx_task) root DEBUG iutctl_common.py          123   read                      : Read 5 bytes
2026-09-23 23:31:04,966 BTPWorkerThread-10968 (_rx_task) root DEBUG iutctl_common.py          131   read                      : Received: hdr: Header(svc_id=0x01, op=0x81, ctrl_index=0x00, data_len=0x26) bytearray(b'\x01\x81\x00&\x00')
2026-09-23 23:31:04,966 BTPWorkerThread-10968 (_rx_task) root DEBUG iutctl_common.py          139   read                      : Read 38 bytes data
2026-09-23 23:31:04,966 BTPWorkerThread-10968 (_rx_task) root DEBUG iutctl_common.py          154   read                      : Received data: {'e0 53 00 4c 17 e5 44 b1 03 1b 00 09 09 4e 58 4c 36 36 35 32 38 02 0a 0c 0d 03 0c 11 0a 11 0b 11 0e 11 1f 11 1e 11'}, bytearray(b'\xe0S\x00L\x17\xe5D\xb1\x03\x1b\x00\t\tNXL66528\x02\n\x0c\r\x03\x0c\x11\n\x11\x0b\x11\x0e\x11\x1f\x11\x1e\x11')
2026-09-23 23:31:04,966 BTPWorkerThread-10968 (_rx_task) root DEBUG btp.py                    736   event_handler             : Header(svc_id=1, op=129, ctrl_index=0, data_len=38) (b'\xe0S\x00L\x17\xe5D\xb1\x03\x1b\x00\t\tNXL66528\x02\n\x0c\r\x03\x0c\x11\n\x11\x0b\x11\x0e\x11\x1f\x11\x1e\x11',)
2026-09-23 23:31:04,966 BTPWorkerThread-10968 (_rx_task) root DEBUG gap.py                    193   gap_device_found_ev_      : b'\xe0S\x00L\x17\xe5D\xb1\x03\x1b\x00\t\tNXL66528\x02\n\x0c\r\x03\x0c\x11\n\x11\x0b\x11\x0e\x11\x1f\x11\x1e\x11'
2026-09-23 23:31:04,966 BTPWorkerThread-10968 (_rx_task) root DEBUG gap.py                    207   gap_device_found_ev_      : found '44e5174c0053' type 224 eir b'\t\tNXL66528\x02\n\x0c\r\x03\x0c\x11\n\x11\x0b\x11\x0e\x11\x1f\x11\x1e\x11'
2026-09-23 23:31:05,075 BTPWorkerThread-10968 (_rx_task) root DEBUG iutctl_common.py          123   read                      : Read 5 bytes
2026-09-23 23:31:05,075 BTPWorkerThread-10968 (_rx_task) root DEBUG iutctl_common.py          131   read                      : Received: hdr: Header(svc_id=0x01, op=0x81, ctrl_index=0x00, data_len=0x2a) bytearray(b'\x01\x81\x00*\x00')
2026-09-23 23:31:05,075 BTPWorkerThread-10968 (_rx_task) root DEBUG iutctl_common.py          139   read                      : Read 24 bytes data
2026-09-23 23:31:05,086 BTPWorkerThread-10968 (_rx_task) root DEBUG iutctl_common.py          139   read                      : Read 18 bytes data
2026-09-23 23:31:05,087 BTPWorkerThread-10968 (_rx_task) root DEBUG iutctl_common.py          154   read                      : Received data: {'e0 cd 83 06 dc 1b 00 af 03 1f 00 1e 09 41 32 44 50 20 53 6f 75 72 63 65 20 30 30 3a 31 42 3a 44 43 3a 30 36 3a 38 33 3a 43 44'}, bytearray(b'\xe0\xcd\x83\x06\xdc\x1b\x00\xaf\x03\x1f\x00\x1e\tA2DP Source 00:1B:DC:06:83:CD')
2026-09-23 23:31:05,087 BTPWorkerThread-10968 (_rx_task) root DEBUG btp.py                    736   event_handler             : Header(svc_id=1, op=129, ctrl_index=0, data_len=42) (b'\xe0\xcd\x83\x06\xdc\x1b\x00\xaf\x03\x1f\x00\x1e\tA2DP Source 00:1B:DC:06:83:CD',)
2026-09-23 23:31:05,087 BTPWorkerThread-10968 (_rx_task) root DEBUG gap.py                    193   gap_device_found_ev_      : b'\xe0\xcd\x83\x06\xdc\x1b\x00\xaf\x03\x1f\x00\x1e\tA2DP Source 00:1B:DC:06:83:CD'
2026-09-23 23:31:05,087 BTPWorkerThread-10968 (_rx_task) root DEBUG gap.py                    207   gap_device_found_ev_      : found '001bdc0683cd' type 224 eir b'\x1e\tA2DP Source 00:1B:DC:06:83:CD'
2026-09-23 23:31:05,475 BTPWorkerThread-10968 (_rx_task) root DEBUG iutctl_common.py          123   read                      : Read 5 bytes
2026-09-23 23:31:05,475 BTPWorkerThread-10968 (_rx_task) root DEBUG iutctl_common.py          131   read                      : Received: hdr: Header(svc_id=0x01, op=0x81, ctrl_index=0x00, data_len=0x2a) bytearray(b'\x01\x81\x00*\x00')
2026-09-23 23:31:05,475 BTPWorkerThread-10968 (_rx_task) root DEBUG iutctl_common.py          139   read                      : Read 14 bytes data
2026-09-23 23:31:05,486 BTPWorkerThread-10968 (_rx_task) root DEBUG iutctl_common.py          139   read                      : Read 28 bytes data
2026-09-23 23:31:05,486 BTPWorkerThread-10968 (_rx_task) root DEBUG iutctl_common.py          154   read                      : Received data: {'e0 cd 83 06 dc 1b 00 ad 03 1f 00 1e 09 41 32 44 50 20 53 6f 75 72 63 65 20 30 30 3a 31 42 3a 44 43 3a 30 36 3a 38 33 3a 43 44'}, bytearray(b'\xe0\xcd\x83\x06\xdc\x1b\x00\xad\x03\x1f\x00\x1e\tA2DP Source 00:1B:DC:06:83:CD')
2026-09-23 23:31:05,486 BTPWorkerThread-10968 (_rx_task) root DEBUG btp.py                    736   event_handler             : Header(svc_id=1, op=129, ctrl_index=0, data_len=42) (b'\xe0\xcd\x83\x06\xdc\x1b\x00\xad\x03\x1f\x00\x1e\tA2DP Source 00:1B:DC:06:83:CD',)
2026-09-23 23:31:05,486 BTPWorkerThread-10968 (_rx_task) root DEBUG gap.py                    193   gap_device_found_ev_      : b'\xe0\xcd\x83\x06\xdc\x1b\x00\xad\x03\x1f\x00\x1e\tA2DP Source 00:1B:DC:06:83:CD'
2026-09-23 23:31:05,487 BTPWorkerThread-10968 (_rx_task) root DEBUG gap.py                    207   gap_device_found_ev_      : found '001bdc0683cd' type 224 eir b'\x1e\tA2DP Source 00:1B:DC:06:83:CD'
2026-09-23 23:31:06,479 BTPWorkerThread-10968 (_rx_task) root DEBUG iutctl_common.py          123   read                      : Read 5 bytes
2026-09-23 23:31:06,479 BTPWorkerThread-10968 (_rx_task) root DEBUG iutctl_common.py          131   read                      : Received: hdr: Header(svc_id=0x01, op=0x81, ctrl_index=0x00, data_len=0x26) bytearray(b'\x01\x81\x00&\x00')
2026-09-23 23:31:06,479 BTPWorkerThread-10968 (_rx_task) root DEBUG iutctl_common.py          139   read                      : Read 38 bytes data
2026-09-23 23:31:06,480 BTPWorkerThread-10968 (_rx_task) root DEBUG iutctl_common.py          154   read                      : Received data: {'e0 53 00 4c 17 e5 44 b1 03 1b 00 09 09 4e 58 4c 36 36 35 32 38 02 0a 0c 0d 03 0c 11 0a 11 0b 11 0e 11 1f 11 1e 11'}, bytearray(b'\xe0S\x00L\x17\xe5D\xb1\x03\x1b\x00\t\tNXL66528\x02\n\x0c\r\x03\x0c\x11\n\x11\x0b\x11\x0e\x11\x1f\x11\x1e\x11')
2026-09-23 23:31:06,480 BTPWorkerThread-10968 (_rx_task) root DEBUG btp.py                    736   event_handler             : Header(svc_id=1, op=129, ctrl_index=0, data_len=38) (b'\xe0S\x00L\x17\xe5D\xb1\x03\x1b\x00\t\tNXL66528\x02\n\x0c\r\x03\x0c\x11\n\x11\x0b\x11\x0e\x11\x1f\x11\x1e\x11',)
2026-09-23 23:31:06,480 BTPWorkerThread-10968 (_rx_task) root DEBUG gap.py                    193   gap_device_found_ev_      : b'\xe0S\x00L\x17\xe5D\xb1\x03\x1b\x00\t\tNXL66528\x02\n\x0c\r\x03\x0c\x11\n\x11\x0b\x11\x0e\x11\x1f\x11\x1e\x11'
2026-09-23 23:31:06,480 BTPWorkerThread-10968 (_rx_task) root DEBUG gap.py                    207   gap_device_found_ev_      : found '44e5174c0053' type 224 eir b'\t\tNXL66528\x02\n\x0c\r\x03\x0c\x11\n\x11\x0b\x11\x0e\x11\x1f\x11\x1e\x11'
2026-09-23 23:31:06,780 BTPWorkerThread-10968 (_rx_task) root DEBUG iutctl_common.py          123   read                      : Read 5 bytes
2026-09-23 23:31:06,781 BTPWorkerThread-10968 (_rx_task) root DEBUG iutctl_common.py          131   read                      : Received: hdr: Header(svc_id=0x01, op=0x81, ctrl_index=0x00, data_len=0x26) bytearray(b'\x01\x81\x00&\x00')
2026-09-23 23:31:06,781 BTPWorkerThread-10968 (_rx_task) root DEBUG iutctl_common.py          139   read                      : Read 7 bytes data
2026-09-23 23:31:06,792 BTPWorkerThread-10968 (_rx_task) root DEBUG iutctl_common.py          139   read                      : Read 31 bytes data
2026-09-23 23:31:06,792 BTPWorkerThread-10968 (_rx_task) root DEBUG iutctl_common.py          154   read                      : Received data: {'e0 53 00 4c 17 e5 44 b1 03 1b 00 09 09 4e 58 4c 36 36 35 32 38 02 0a 0c 0d 03 0c 11 0a 11 0b 11 0e 11 1f 11 1e 11'}, bytearray(b'\xe0S\x00L\x17\xe5D\xb1\x03\x1b\x00\t\tNXL66528\x02\n\x0c\r\x03\x0c\x11\n\x11\x0b\x11\x0e\x11\x1f\x11\x1e\x11')
2026-09-23 23:31:06,793 BTPWorkerThread-10968 (_rx_task) root DEBUG btp.py                    736   event_handler             : Header(svc_id=1, op=129, ctrl_index=0, data_len=38) (b'\xe0S\x00L\x17\xe5D\xb1\x03\x1b\x00\t\tNXL66528\x02\n\x0c\r\x03\x0c\x11\n\x11\x0b\x11\x0e\x11\x1f\x11\x1e\x11',)
2026-09-23 23:31:06,793 BTPWorkerThread-10968 (_rx_task) root DEBUG gap.py                    193   gap_device_found_ev_      : b'\xe0S\x00L\x17\xe5D\xb1\x03\x1b\x00\t\tNXL66528\x02\n\x0c\r\x03\x0c\x11\n\x11\x0b\x11\x0e\x11\x1f\x11\x1e\x11'
2026-09-23 23:31:06,793 BTPWorkerThread-10968 (_rx_task) root DEBUG gap.py                    207   gap_device_found_ev_      : found '44e5174c0053' type 224 eir b'\t\tNXL66528\x02\n\x0c\r\x03\x0c\x11\n\x11\x0b\x11\x0e\x11\x1f\x11\x1e\x11'
2026-09-23 23:31:06,997 BTPWorkerThread-10968 (_rx_task) root DEBUG iutctl_common.py          123   read                      : Read 5 bytes
2026-09-23 23:31:06,997 BTPWorkerThread-10968 (_rx_task) root DEBUG iutctl_common.py          131   read                      : Received: hdr: Header(svc_id=0x01, op=0x81, ctrl_index=0x00, data_len=0x2a) bytearray(b'\x01\x81\x00*\x00')
2026-09-23 23:31:06,997 BTPWorkerThread-10968 (_rx_task) root DEBUG iutctl_common.py          139   read                      : Read 42 bytes data
2026-09-23 23:31:06,998 BTPWorkerThread-10968 (_rx_task) root DEBUG iutctl_common.py          154   read                      : Received data: {'e0 4d 65 9b 70 f3 5c a2 03 1f 00 1e 09 48 46 50 20 41 47 20 44 65 6d 6f 20 35 43 3a 46 33 3a 37 30 3a 39 42 3a 36 35 3a 34 44'}, bytearray(b'\xe0Me\x9bp\xf3\\\xa2\x03\x1f\x00\x1e\tHFP AG Demo 5C:F3:70:9B:65:4D')
2026-09-23 23:31:06,998 BTPWorkerThread-10968 (_rx_task) root DEBUG btp.py                    736   event_handler             : Header(svc_id=1, op=129, ctrl_index=0, data_len=42) (b'\xe0Me\x9bp\xf3\\\xa2\x03\x1f\x00\x1e\tHFP AG Demo 5C:F3:70:9B:65:4D',)
2026-09-23 23:31:06,998 BTPWorkerThread-10968 (_rx_task) root DEBUG gap.py                    193   gap_device_found_ev_      : b'\xe0Me\x9bp\xf3\\\xa2\x03\x1f\x00\x1e\tHFP AG Demo 5C:F3:70:9B:65:4D'
2026-09-23 23:31:06,998 BTPWorkerThread-10968 (_rx_task) root DEBUG gap.py                    207   gap_device_found_ev_      : found '5cf3709b654d' type 224 eir b'\x1e\tHFP AG Demo 5C:F3:70:9B:65:4D'
2026-09-23 23:31:07,138 BTPWorkerThread-10968 (_rx_task) root DEBUG iutctl_common.py          123   read                      : Read 5 bytes
2026-09-23 23:31:07,138 BTPWorkerThread-10968 (_rx_task) root DEBUG iutctl_common.py          131   read                      : Received: hdr: Header(svc_id=0x01, op=0x81, ctrl_index=0x00, data_len=0x26) bytearray(b'\x01\x81\x00&\x00')
2026-09-23 23:31:07,138 BTPWorkerThread-10968 (_rx_task) root DEBUG iutctl_common.py          139   read                      : Read 38 bytes data
2026-09-23 23:31:07,139 BTPWorkerThread-10968 (_rx_task) root DEBUG iutctl_common.py          154   read                      : Received data: {'e0 53 00 4c 17 e5 44 af 03 1b 00 09 09 4e 58 4c 36 36 35 32 38 02 0a 0c 0d 03 0c 11 0a 11 0b 11 0e 11 1f 11 1e 11'}, bytearray(b'\xe0S\x00L\x17\xe5D\xaf\x03\x1b\x00\t\tNXL66528\x02\n\x0c\r\x03\x0c\x11\n\x11\x0b\x11\x0e\x11\x1f\x11\x1e\x11')
2026-09-23 23:31:07,139 BTPWorkerThread-10968 (_rx_task) root DEBUG btp.py                    736   event_handler             : Header(svc_id=1, op=129, ctrl_index=0, data_len=38) (b'\xe0S\x00L\x17\xe5D\xaf\x03\x1b\x00\t\tNXL66528\x02\n\x0c\r\x03\x0c\x11\n\x11\x0b\x11\x0e\x11\x1f\x11\x1e\x11',)
2026-09-23 23:31:07,139 BTPWorkerThread-10968 (_rx_task) root DEBUG gap.py                    193   gap_device_found_ev_      : b'\xe0S\x00L\x17\xe5D\xaf\x03\x1b\x00\t\tNXL66528\x02\n\x0c\r\x03\x0c\x11\n\x11\x0b\x11\x0e\x11\x1f\x11\x1e\x11'
2026-09-23 23:31:07,139 BTPWorkerThread-10968 (_rx_task) root DEBUG gap.py                    207   gap_device_found_ev_      : found '44e5174c0053' type 224 eir b'\t\tNXL66528\x02\n\x0c\r\x03\x0c\x11\n\x11\x0b\x11\x0e\x11\x1f\x11\x1e\x11'
2026-09-23 23:31:07,224 BTPWorkerThread-10968 (_rx_task) root DEBUG iutctl_common.py          123   read                      : Read 5 bytes
2026-09-23 23:31:07,224 BTPWorkerThread-10968 (_rx_task) root DEBUG iutctl_common.py          131   read                      : Received: hdr: Header(svc_id=0x01, op=0x81, ctrl_index=0x00, data_len=0x26) bytearray(b'\x01\x81\x00&\x00')
2026-09-23 23:31:07,224 BTPWorkerThread-10968 (_rx_task) root DEBUG iutctl_common.py          139   read                      : Read 33 bytes data
2026-09-23 23:31:07,235 BTPWorkerThread-10968 (_rx_task) root DEBUG iutctl_common.py          139   read                      : Read 5 bytes data
2026-09-23 23:31:07,235 BTPWorkerThread-10968 (_rx_task) root DEBUG iutctl_common.py          154   read                      : Received data: {'e0 53 00 4c 17 e5 44 af 03 1b 00 09 09 4e 58 4c 36 36 35 32 38 02 0a 0c 0d 03 0c 11 0a 11 0b 11 0e 11 1f 11 1e 11'}, bytearray(b'\xe0S\x00L\x17\xe5D\xaf\x03\x1b\x00\t\tNXL66528\x02\n\x0c\r\x03\x0c\x11\n\x11\x0b\x11\x0e\x11\x1f\x11\x1e\x11')
2026-09-23 23:31:07,236 BTPWorkerThread-10968 (_rx_task) root DEBUG btp.py                    736   event_handler             : Header(svc_id=1, op=129, ctrl_index=0, data_len=38) (b'\xe0S\x00L\x17\xe5D\xaf\x03\x1b\x00\t\tNXL66528\x02\n\x0c\r\x03\x0c\x11\n\x11\x0b\x11\x0e\x11\x1f\x11\x1e\x11',)
2026-09-23 23:31:07,236 BTPWorkerThread-10968 (_rx_task) root DEBUG gap.py                    193   gap_device_found_ev_      : b'\xe0S\x00L\x17\xe5D\xaf\x03\x1b\x00\t\tNXL66528\x02\n\x0c\r\x03\x0c\x11\n\x11\x0b\x11\x0e\x11\x1f\x11\x1e\x11'
2026-09-23 23:31:07,236 BTPWorkerThread-10968 (_rx_task) root DEBUG gap.py                    207   gap_device_found_ev_      : found '44e5174c0053' type 224 eir b'\t\tNXL66528\x02\n\x0c\r\x03\x0c\x11\n\x11\x0b\x11\x0e\x11\x1f\x11\x1e\x11'
2026-09-23 23:31:07,548 BTPWorkerThread-10968 (_rx_task) root DEBUG iutctl_common.py          123   read                      : Read 5 bytes
2026-09-23 23:31:07,548 BTPWorkerThread-10968 (_rx_task) root DEBUG iutctl_common.py          131   read                      : Received: hdr: Header(svc_id=0x01, op=0x81, ctrl_index=0x00, data_len=0x1a) bytearray(b'\x01\x81\x00\x1a\x00')
2026-09-23 23:31:07,548 BTPWorkerThread-10968 (_rx_task) root DEBUG iutctl_common.py          139   read                      : Read 26 bytes data
2026-09-23 23:31:07,549 BTPWorkerThread-10968 (_rx_task) root DEBUG iutctl_common.py          154   read                      : Received data: {'e0 4e e4 08 dc 1b 00 d2 03 0f 00 0e 09 50 54 53 2d 47 41 50 2d 45 34 34 45 00'}, bytearray(b'\xe0N\xe4\x08\xdc\x1b\x00\xd2\x03\x0f\x00\x0e\tPTS-GAP-E44E\x00')
2026-09-23 23:31:07,549 BTPWorkerThread-10968 (_rx_task) root DEBUG btp.py                    736   event_handler             : Header(svc_id=1, op=129, ctrl_index=0, data_len=26) (b'\xe0N\xe4\x08\xdc\x1b\x00\xd2\x03\x0f\x00\x0e\tPTS-GAP-E44E\x00',)
2026-09-23 23:31:07,549 BTPWorkerThread-10968 (_rx_task) root DEBUG gap.py                    193   gap_device_found_ev_      : b'\xe0N\xe4\x08\xdc\x1b\x00\xd2\x03\x0f\x00\x0e\tPTS-GAP-E44E\x00'
2026-09-23 23:31:07,549 BTPWorkerThread-10968 (_rx_task) root DEBUG gap.py                    207   gap_device_found_ev_      : found '001bdc08e44e' type 224 eir b'\x0e\tPTS-GAP-E44E\x00'
2026-09-23 23:31:07,783 BTPWorkerThread-10968 (_rx_task) root DEBUG iutctl_common.py          123   read                      : Read 5 bytes
2026-09-23 23:31:07,783 BTPWorkerThread-10968 (_rx_task) root DEBUG iutctl_common.py          131   read                      : Received: hdr: Header(svc_id=0x01, op=0x81, ctrl_index=0x00, data_len=0x1a) bytearray(b'\x01\x81\x00\x1a\x00')
2026-09-23 23:31:07,783 BTPWorkerThread-10968 (_rx_task) root DEBUG iutctl_common.py          139   read                      : Read 26 bytes data
2026-09-23 23:31:07,784 BTPWorkerThread-10968 (_rx_task) root DEBUG iutctl_common.py          154   read                      : Received data: {'e0 4e e4 08 dc 1b 00 cf 03 0f 00 0e 09 50 54 53 2d 47 41 50 2d 45 34 34 45 00'}, bytearray(b'\xe0N\xe4\x08\xdc\x1b\x00\xcf\x03\x0f\x00\x0e\tPTS-GAP-E44E\x00')
2026-09-23 23:31:07,784 BTPWorkerThread-10968 (_rx_task) root DEBUG btp.py                    736   event_handler             : Header(svc_id=1, op=129, ctrl_index=0, data_len=26) (b'\xe0N\xe4\x08\xdc\x1b\x00\xcf\x03\x0f\x00\x0e\tPTS-GAP-E44E\x00',)
2026-09-23 23:31:07,784 BTPWorkerThread-10968 (_rx_task) root DEBUG gap.py                    193   gap_device_found_ev_      : b'\xe0N\xe4\x08\xdc\x1b\x00\xcf\x03\x0f\x00\x0e\tPTS-GAP-E44E\x00'
2026-09-23 23:31:07,784 BTPWorkerThread-10968 (_rx_task) root DEBUG gap.py                    207   gap_device_found_ev_      : found '001bdc08e44e' type 224 eir b'\x0e\tPTS-GAP-E44E\x00'
2026-09-23 23:31:07,806 BTPWorkerThread-10968 (_rx_task) root DEBUG iutctl_common.py          123   read                      : Read 5 bytes
2026-09-23 23:31:07,806 BTPWorkerThread-10968 (_rx_task) root DEBUG iutctl_common.py          131   read                      : Received: hdr: Header(svc_id=0x01, op=0x81, ctrl_index=0x00, data_len=0x26) bytearray(b'\x01\x81\x00&\x00')
2026-09-23 23:31:07,806 BTPWorkerThread-10968 (_rx_task) root DEBUG iutctl_common.py          139   read                      : Read 36 bytes data
2026-09-23 23:31:07,817 BTPWorkerThread-10968 (_rx_task) root DEBUG iutctl_common.py          139   read                      : Read 2 bytes data
2026-09-23 23:31:07,817 BTPWorkerThread-10968 (_rx_task) root DEBUG iutctl_common.py          154   read                      : Received data: {'e0 53 00 4c 17 e5 44 b2 03 1b 00 09 09 4e 58 4c 36 36 35 32 38 02 0a 0c 0d 03 0c 11 0a 11 0b 11 0e 11 1f 11 1e 11'}, bytearray(b'\xe0S\x00L\x17\xe5D\xb2\x03\x1b\x00\t\tNXL66528\x02\n\x0c\r\x03\x0c\x11\n\x11\x0b\x11\x0e\x11\x1f\x11\x1e\x11')
2026-09-23 23:31:07,818 BTPWorkerThread-10968 (_rx_task) root DEBUG btp.py                    736   event_handler             : Header(svc_id=1, op=129, ctrl_index=0, data_len=38) (b'\xe0S\x00L\x17\xe5D\xb2\x03\x1b\x00\t\tNXL66528\x02\n\x0c\r\x03\x0c\x11\n\x11\x0b\x11\x0e\x11\x1f\x11\x1e\x11',)
2026-09-23 23:31:07,818 BTPWorkerThread-10968 (_rx_task) root DEBUG gap.py                    193   gap_device_found_ev_      : b'\xe0S\x00L\x17\xe5D\xb2\x03\x1b\x00\t\tNXL66528\x02\n\x0c\r\x03\x0c\x11\n\x11\x0b\x11\x0e\x11\x1f\x11\x1e\x11'
2026-09-23 23:31:07,818 BTPWorkerThread-10968 (_rx_task) root DEBUG gap.py                    207   gap_device_found_ev_      : found '44e5174c0053' type 224 eir b'\t\tNXL66528\x02\n\x0c\r\x03\x0c\x11\n\x11\x0b\x11\x0e\x11\x1f\x11\x1e\x11'
2026-09-23 23:31:07,828 BTPWorkerThread-10968 (_rx_task) root DEBUG iutctl_common.py          123   read                      : Read 5 bytes
2026-09-23 23:31:07,828 BTPWorkerThread-10968 (_rx_task) root DEBUG iutctl_common.py          131   read                      : Received: hdr: Header(svc_id=0x01, op=0x81, ctrl_index=0x00, data_len=0x0b) bytearray(b'\x01\x81\x00\x0b\x00')
2026-09-23 23:31:07,829 BTPWorkerThread-10968 (_rx_task) root DEBUG iutctl_common.py          139   read                      : Read 11 bytes data
2026-09-23 23:31:07,829 BTPWorkerThread-10968 (_rx_task) root DEBUG iutctl_common.py          154   read                      : Received data: {'e0 53 00 4c 17 e5 44 a7 03 00 00'}, bytearray(b'\xe0S\x00L\x17\xe5D\xa7\x03\x00\x00')
2026-09-23 23:31:07,829 BTPWorkerThread-10968 (_rx_task) root DEBUG btp.py                    736   event_handler             : Header(svc_id=1, op=129, ctrl_index=0, data_len=11) (b'\xe0S\x00L\x17\xe5D\xa7\x03\x00\x00',)
2026-09-23 23:31:07,829 BTPWorkerThread-10968 (_rx_task) root DEBUG gap.py                    193   gap_device_found_ev_      : b'\xe0S\x00L\x17\xe5D\xa7\x03\x00\x00'
2026-09-23 23:31:07,829 BTPWorkerThread-10968 (_rx_task) root DEBUG gap.py                    207   gap_device_found_ev_      : found '44e5174c0053' type 224 eir b''
2026-09-23 23:31:08,046 BTPWorkerThread-10968 (_rx_task) root DEBUG iutctl_common.py          123   read                      : Read 5 bytes
2026-09-23 23:31:08,046 BTPWorkerThread-10968 (_rx_task) root DEBUG iutctl_common.py          131   read                      : Received: hdr: Header(svc_id=0x01, op=0x81, ctrl_index=0x00, data_len=0x1a) bytearray(b'\x01\x81\x00\x1a\x00')
2026-09-23 23:31:08,046 BTPWorkerThread-10968 (_rx_task) root DEBUG iutctl_common.py          139   read                      : Read 4 bytes data
2026-09-23 23:31:08,057 BTPWorkerThread-10968 (_rx_task) root DEBUG iutctl_common.py          139   read                      : Read 22 bytes data
2026-09-23 23:31:08,057 BTPWorkerThread-10968 (_rx_task) root DEBUG iutctl_common.py          154   read                      : Received data: {'e0 4e e4 08 dc 1b 00 d0 03 0f 00 0e 09 50 54 53 2d 47 41 50 2d 45 34 34 45 00'}, bytearray(b'\xe0N\xe4\x08\xdc\x1b\x00\xd0\x03\x0f\x00\x0e\tPTS-GAP-E44E\x00')
2026-09-23 23:31:08,058 BTPWorkerThread-10968 (_rx_task) root DEBUG btp.py                    736   event_handler             : Header(svc_id=1, op=129, ctrl_index=0, data_len=26) (b'\xe0N\xe4\x08\xdc\x1b\x00\xd0\x03\x0f\x00\x0e\tPTS-GAP-E44E\x00',)
2026-09-23 23:31:08,058 BTPWorkerThread-10968 (_rx_task) root DEBUG gap.py                    193   gap_device_found_ev_      : b'\xe0N\xe4\x08\xdc\x1b\x00\xd0\x03\x0f\x00\x0e\tPTS-GAP-E44E\x00'
2026-09-23 23:31:08,058 BTPWorkerThread-10968 (_rx_task) root DEBUG gap.py                    207   gap_device_found_ev_      : found '001bdc08e44e' type 224 eir b'\x0e\tPTS-GAP-E44E\x00'
2026-09-23 23:31:08,185 BTPWorkerThread-10968 (_rx_task) root DEBUG iutctl_common.py          123   read                      : Read 5 bytes
2026-09-23 23:31:08,185 BTPWorkerThread-10968 (_rx_task) root DEBUG iutctl_common.py          131   read                      : Received: hdr: Header(svc_id=0x01, op=0x81, ctrl_index=0x00, data_len=0x26) bytearray(b'\x01\x81\x00&\x00')
2026-09-23 23:31:08,185 BTPWorkerThread-10968 (_rx_task) root DEBUG iutctl_common.py          139   read                      : Read 16 bytes data
2026-09-23 23:31:08,196 BTPWorkerThread-10968 (_rx_task) root DEBUG iutctl_common.py          139   read                      : Read 22 bytes data
2026-09-23 23:31:08,196 BTPWorkerThread-10968 (_rx_task) root DEBUG iutctl_common.py          154   read                      : Received data: {'e0 53 00 4c 17 e5 44 b3 03 1b 00 09 09 4e 58 4c 36 36 35 32 38 02 0a 0c 0d 03 0c 11 0a 11 0b 11 0e 11 1f 11 1e 11'}, bytearray(b'\xe0S\x00L\x17\xe5D\xb3\x03\x1b\x00\t\tNXL66528\x02\n\x0c\r\x03\x0c\x11\n\x11\x0b\x11\x0e\x11\x1f\x11\x1e\x11')
2026-09-23 23:31:08,196 BTPWorkerThread-10968 (_rx_task) root DEBUG btp.py                    736   event_handler             : Header(svc_id=1, op=129, ctrl_index=0, data_len=38) (b'\xe0S\x00L\x17\xe5D\xb3\x03\x1b\x00\t\tNXL66528\x02\n\x0c\r\x03\x0c\x11\n\x11\x0b\x11\x0e\x11\x1f\x11\x1e\x11',)
2026-09-23 23:31:08,197 BTPWorkerThread-10968 (_rx_task) root DEBUG gap.py                    193   gap_device_found_ev_      : b'\xe0S\x00L\x17\xe5D\xb3\x03\x1b\x00\t\tNXL66528\x02\n\x0c\r\x03\x0c\x11\n\x11\x0b\x11\x0e\x11\x1f\x11\x1e\x11'
2026-09-23 23:31:08,197 BTPWorkerThread-10968 (_rx_task) root DEBUG gap.py                    207   gap_device_found_ev_      : found '44e5174c0053' type 224 eir b'\t\tNXL66528\x02\n\x0c\r\x03\x0c\x11\n\x11\x0b\x11\x0e\x11\x1f\x11\x1e\x11'
2026-09-23 23:31:08,614 BTPWorkerThread-10968 (_rx_task) root DEBUG iutctl_common.py          123   read                      : Read 5 bytes
2026-09-23 23:31:08,614 BTPWorkerThread-10968 (_rx_task) root DEBUG iutctl_common.py          131   read                      : Received: hdr: Header(svc_id=0x01, op=0x81, ctrl_index=0x00, data_len=0x2a) bytearray(b'\x01\x81\x00*\x00')
2026-09-23 23:31:08,615 BTPWorkerThread-10968 (_rx_task) root DEBUG iutctl_common.py          139   read                      : Read 42 bytes data
2026-09-23 23:31:08,615 BTPWorkerThread-10968 (_rx_task) root DEBUG iutctl_common.py          154   read                      : Received data: {'e0 cd 83 06 dc 1b 00 a6 03 1f 00 1e 09 41 32 44 50 20 53 6f 75 72 63 65 20 30 30 3a 31 42 3a 44 43 3a 30 36 3a 38 33 3a 43 44'}, bytearray(b'\xe0\xcd\x83\x06\xdc\x1b\x00\xa6\x03\x1f\x00\x1e\tA2DP Source 00:1B:DC:06:83:CD')
2026-09-23 23:31:08,615 BTPWorkerThread-10968 (_rx_task) root DEBUG btp.py                    736   event_handler             : Header(svc_id=1, op=129, ctrl_index=0, data_len=42) (b'\xe0\xcd\x83\x06\xdc\x1b\x00\xa6\x03\x1f\x00\x1e\tA2DP Source 00:1B:DC:06:83:CD',)
2026-09-23 23:31:08,615 BTPWorkerThread-10968 (_rx_task) root DEBUG gap.py                    193   gap_device_found_ev_      : b'\xe0\xcd\x83\x06\xdc\x1b\x00\xa6\x03\x1f\x00\x1e\tA2DP Source 00:1B:DC:06:83:CD'
2026-09-23 23:31:08,615 BTPWorkerThread-10968 (_rx_task) root DEBUG gap.py                    207   gap_device_found_ev_      : found '001bdc0683cd' type 224 eir b'\x1e\tA2DP Source 00:1B:DC:06:83:CD'
2026-09-23 23:31:09,048 BTPWorkerThread-10968 (_rx_task) root DEBUG iutctl_common.py          123   read                      : Read 5 bytes
2026-09-23 23:31:09,048 BTPWorkerThread-10968 (_rx_task) root DEBUG iutctl_common.py          131   read                      : Received: hdr: Header(svc_id=0x01, op=0x81, ctrl_index=0x00, data_len=0x2a) bytearray(b'\x01\x81\x00*\x00')
2026-09-23 23:31:09,049 BTPWorkerThread-10968 (_rx_task) root DEBUG iutctl_common.py          139   read                      : Read 42 bytes data
2026-09-23 23:31:09,049 BTPWorkerThread-10968 (_rx_task) root DEBUG iutctl_common.py          154   read                      : Received data: {'e0 cd 83 06 dc 1b 00 a7 03 1f 00 1e 09 41 32 44 50 20 53 6f 75 72 63 65 20 30 30 3a 31 42 3a 44 43 3a 30 36 3a 38 33 3a 43 44'}, bytearray(b'\xe0\xcd\x83\x06\xdc\x1b\x00\xa7\x03\x1f\x00\x1e\tA2DP Source 00:1B:DC:06:83:CD')
2026-09-23 23:31:09,049 BTPWorkerThread-10968 (_rx_task) root DEBUG btp.py                    736   event_handler             : Header(svc_id=1, op=129, ctrl_index=0, data_len=42) (b'\xe0\xcd\x83\x06\xdc\x1b\x00\xa7\x03\x1f\x00\x1e\tA2DP Source 00:1B:DC:06:83:CD',)
2026-09-23 23:31:09,049 BTPWorkerThread-10968 (_rx_task) root DEBUG gap.py                    193   gap_device_found_ev_      : b'\xe0\xcd\x83\x06\xdc\x1b\x00\xa7\x03\x1f\x00\x1e\tA2DP Source 00:1B:DC:06:83:CD'
2026-09-23 23:31:09,049 BTPWorkerThread-10968 (_rx_task) root DEBUG gap.py                    207   gap_device_found_ev_      : found '001bdc0683cd' type 224 eir b'\x1e\tA2DP Source 00:1B:DC:06:83:CD'
2026-09-23 23:31:09,391 BTPWorkerThread-10968 (_rx_task) root DEBUG iutctl_common.py          123   read                      : Read 5 bytes
2026-09-23 23:31:09,392 BTPWorkerThread-10968 (_rx_task) root DEBUG iutctl_common.py          131   read                      : Received: hdr: Header(svc_id=0x01, op=0x81, ctrl_index=0x00, data_len=0x0b) bytearray(b'\x01\x81\x00\x0b\x00')
2026-09-23 23:31:09,392 BTPWorkerThread-10968 (_rx_task) root DEBUG iutctl_common.py          139   read                      : Read 11 bytes data
2026-09-23 23:31:09,392 BTPWorkerThread-10968 (_rx_task) root DEBUG iutctl_common.py          154   read                      : Received data: {'e0 4d 65 9b 70 f3 5c a3 03 00 00'}, bytearray(b'\xe0Me\x9bp\xf3\\\xa3\x03\x00\x00')
2026-09-23 23:31:09,392 BTPWorkerThread-10968 (_rx_task) root DEBUG btp.py                    736   event_handler             : Header(svc_id=1, op=129, ctrl_index=0, data_len=11) (b'\xe0Me\x9bp\xf3\\\xa3\x03\x00\x00',)
2026-09-23 23:31:09,392 BTPWorkerThread-10968 (_rx_task) root DEBUG gap.py                    193   gap_device_found_ev_      : b'\xe0Me\x9bp\xf3\\\xa3\x03\x00\x00'
2026-09-23 23:31:09,392 BTPWorkerThread-10968 (_rx_task) root DEBUG gap.py                    207   gap_device_found_ev_      : found '5cf3709b654d' type 224 eir b''
2026-09-23 23:31:09,596 BTPWorkerThread-10968 (_rx_task) root DEBUG iutctl_common.py          123   read                      : Read 5 bytes
2026-09-23 23:31:09,596 BTPWorkerThread-10968 (_rx_task) root DEBUG iutctl_common.py          131   read                      : Received: hdr: Header(svc_id=0x01, op=0x81, ctrl_index=0x00, data_len=0x0b) bytearray(b'\x01\x81\x00\x0b\x00')
2026-09-23 23:31:09,597 BTPWorkerThread-10968 (_rx_task) root DEBUG iutctl_common.py          139   read                      : Read 11 bytes data
2026-09-23 23:31:09,597 BTPWorkerThread-10968 (_rx_task) root DEBUG iutctl_common.py          154   read                      : Received data: {'e0 cd 83 06 dc 1b 00 ad 03 00 00'}, bytearray(b'\xe0\xcd\x83\x06\xdc\x1b\x00\xad\x03\x00\x00')
2026-09-23 23:31:09,597 BTPWorkerThread-10968 (_rx_task) root DEBUG btp.py                    736   event_handler             : Header(svc_id=1, op=129, ctrl_index=0, data_len=11) (b'\xe0\xcd\x83\x06\xdc\x1b\x00\xad\x03\x00\x00',)
2026-09-23 23:31:09,597 BTPWorkerThread-10968 (_rx_task) root DEBUG gap.py                    193   gap_device_found_ev_      : b'\xe0\xcd\x83\x06\xdc\x1b\x00\xad\x03\x00\x00'
2026-09-23 23:31:09,597 BTPWorkerThread-10968 (_rx_task) root DEBUG gap.py                    207   gap_device_found_ev_      : found '001bdc0683cd' type 224 eir b''
2026-09-23 23:31:09,661 BTPWorkerThread-10968 (_rx_task) root DEBUG iutctl_common.py          123   read                      : Read 5 bytes
2026-09-23 23:31:09,661 BTPWorkerThread-10968 (_rx_task) root DEBUG iutctl_common.py          131   read                      : Received: hdr: Header(svc_id=0x01, op=0x81, ctrl_index=0x00, data_len=0x2a) bytearray(b'\x01\x81\x00*\x00')
2026-09-23 23:31:09,662 BTPWorkerThread-10968 (_rx_task) root DEBUG iutctl_common.py          139   read                      : Read 29 bytes data
2026-09-23 23:31:09,672 BTPWorkerThread-10968 (_rx_task) root DEBUG iutctl_common.py          139   read                      : Read 13 bytes data
2026-09-23 23:31:09,672 BTPWorkerThread-10968 (_rx_task) root DEBUG iutctl_common.py          154   read                      : Received data: {'e0 cd 83 06 dc 1b 00 ae 03 1f 00 1e 09 41 32 44 50 20 53 6f 75 72 63 65 20 30 30 3a 31 42 3a 44 43 3a 30 36 3a 38 33 3a 43 44'}, bytearray(b'\xe0\xcd\x83\x06\xdc\x1b\x00\xae\x03\x1f\x00\x1e\tA2DP Source 00:1B:DC:06:83:CD')
2026-09-23 23:31:09,672 BTPWorkerThread-10968 (_rx_task) root DEBUG btp.py                    736   event_handler             : Header(svc_id=1, op=129, ctrl_index=0, data_len=42) (b'\xe0\xcd\x83\x06\xdc\x1b\x00\xae\x03\x1f\x00\x1e\tA2DP Source 00:1B:DC:06:83:CD',)
2026-09-23 23:31:09,672 BTPWorkerThread-10968 (_rx_task) root DEBUG gap.py                    193   gap_device_found_ev_      : b'\xe0\xcd\x83\x06\xdc\x1b\x00\xae\x03\x1f\x00\x1e\tA2DP Source 00:1B:DC:06:83:CD'
2026-09-23 23:31:09,672 BTPWorkerThread-10968 (_rx_task) root DEBUG gap.py                    207   gap_device_found_ev_      : found '001bdc0683cd' type 224 eir b'\x1e\tA2DP Source 00:1B:DC:06:83:CD'
2026-09-23 23:31:09,693 BTPWorkerThread-10968 (_rx_task) root DEBUG iutctl_common.py          123   read                      : Read 5 bytes
2026-09-23 23:31:09,694 BTPWorkerThread-10968 (_rx_task) root DEBUG iutctl_common.py          131   read                      : Received: hdr: Header(svc_id=0x01, op=0x81, ctrl_index=0x00, data_len=0x2a) bytearray(b'\x01\x81\x00*\x00')
2026-09-23 23:31:09,694 BTPWorkerThread-10968 (_rx_task) root DEBUG iutctl_common.py          139   read                      : Read 32 bytes data
2026-09-23 23:31:09,704 BTPWorkerThread-10968 (_rx_task) root DEBUG iutctl_common.py          139   read                      : Read 10 bytes data
2026-09-23 23:31:09,704 BTPWorkerThread-10968 (_rx_task) root DEBUG iutctl_common.py          154   read                      : Received data: {'e0 cd 83 06 dc 1b 00 ac 03 1f 00 1e 09 41 32 44 50 20 53 6f 75 72 63 65 20 30 30 3a 31 42 3a 44 43 3a 30 36 3a 38 33 3a 43 44'}, bytearray(b'\xe0\xcd\x83\x06\xdc\x1b\x00\xac\x03\x1f\x00\x1e\tA2DP Source 00:1B:DC:06:83:CD')
2026-09-23 23:31:09,704 BTPWorkerThread-10968 (_rx_task) root DEBUG btp.py                    736   event_handler             : Header(svc_id=1, op=129, ctrl_index=0, data_len=42) (b'\xe0\xcd\x83\x06\xdc\x1b\x00\xac\x03\x1f\x00\x1e\tA2DP Source 00:1B:DC:06:83:CD',)
2026-09-23 23:31:09,704 BTPWorkerThread-10968 (_rx_task) root DEBUG gap.py                    193   gap_device_found_ev_      : b'\xe0\xcd\x83\x06\xdc\x1b\x00\xac\x03\x1f\x00\x1e\tA2DP Source 00:1B:DC:06:83:CD'
2026-09-23 23:31:09,705 BTPWorkerThread-10968 (_rx_task) root DEBUG gap.py                    207   gap_device_found_ev_      : found '001bdc0683cd' type 224 eir b'\x1e\tA2DP Source 00:1B:DC:06:83:CD'
2026-09-23 23:31:09,737 BTPWorkerThread-10968 (_rx_task) root DEBUG iutctl_common.py          123   read                      : Read 5 bytes
2026-09-23 23:31:09,737 BTPWorkerThread-10968 (_rx_task) root DEBUG iutctl_common.py          131   read                      : Received: hdr: Header(svc_id=0x01, op=0x81, ctrl_index=0x00, data_len=0x0b) bytearray(b'\x01\x81\x00\x0b\x00')
2026-09-23 23:31:09,737 BTPWorkerThread-10968 (_rx_task) root DEBUG iutctl_common.py          139   read                      : Read 11 bytes data
2026-09-23 23:31:09,738 BTPWorkerThread-10968 (_rx_task) root DEBUG iutctl_common.py          154   read                      : Received data: {'e0 4d 65 9b 70 f3 5c a5 03 00 00'}, bytearray(b'\xe0Me\x9bp\xf3\\\xa5\x03\x00\x00')
2026-09-23 23:31:09,738 BTPWorkerThread-10968 (_rx_task) root DEBUG btp.py                    736   event_handler             : Header(svc_id=1, op=129, ctrl_index=0, data_len=11) (b'\xe0Me\x9bp\xf3\\\xa5\x03\x00\x00',)
2026-09-23 23:31:09,738 BTPWorkerThread-10968 (_rx_task) root DEBUG gap.py                    193   gap_device_found_ev_      : b'\xe0Me\x9bp\xf3\\\xa5\x03\x00\x00'
2026-09-23 23:31:09,738 BTPWorkerThread-10968 (_rx_task) root DEBUG gap.py                    207   gap_device_found_ev_      : found '5cf3709b654d' type 224 eir b''
2026-09-23 23:31:09,910 BTPWorkerThread-10968 (_rx_task) root DEBUG iutctl_common.py          123   read                      : Read 5 bytes
2026-09-23 23:31:09,910 BTPWorkerThread-10968 (_rx_task) root DEBUG iutctl_common.py          131   read                      : Received: hdr: Header(svc_id=0x01, op=0x81, ctrl_index=0x00, data_len=0x2a) bytearray(b'\x01\x81\x00*\x00')
2026-09-23 23:31:09,910 BTPWorkerThread-10968 (_rx_task) root DEBUG iutctl_common.py          139   read                      : Read 42 bytes data
2026-09-23 23:31:09,910 BTPWorkerThread-10968 (_rx_task) root DEBUG iutctl_common.py          154   read                      : Received data: {'e0 4d 65 9b 70 f3 5c a2 03 1f 00 1e 09 48 46 50 20 41 47 20 44 65 6d 6f 20 35 43 3a 46 33 3a 37 30 3a 39 42 3a 36 35 3a 34 44'}, bytearray(b'\xe0Me\x9bp\xf3\\\xa2\x03\x1f\x00\x1e\tHFP AG Demo 5C:F3:70:9B:65:4D')
2026-09-23 23:31:09,910 BTPWorkerThread-10968 (_rx_task) root DEBUG btp.py                    736   event_handler             : Header(svc_id=1, op=129, ctrl_index=0, data_len=42) (b'\xe0Me\x9bp\xf3\\\xa2\x03\x1f\x00\x1e\tHFP AG Demo 5C:F3:70:9B:65:4D',)
2026-09-23 23:31:09,910 BTPWorkerThread-10968 (_rx_task) root DEBUG gap.py                    193   gap_device_found_ev_      : b'\xe0Me\x9bp\xf3\\\xa2\x03\x1f\x00\x1e\tHFP AG Demo 5C:F3:70:9B:65:4D'
2026-09-23 23:31:09,910 BTPWorkerThread-10968 (_rx_task) root DEBUG gap.py                    207   gap_device_found_ev_      : found '5cf3709b654d' type 224 eir b'\x1e\tHFP AG Demo 5C:F3:70:9B:65:4D'
2026-09-23 23:31:09,943 BTPWorkerThread-10968 (_rx_task) root DEBUG iutctl_common.py          123   read                      : Read 5 bytes
2026-09-23 23:31:09,943 BTPWorkerThread-10968 (_rx_task) root DEBUG iutctl_common.py          131   read                      : Received: hdr: Header(svc_id=0x01, op=0x81, ctrl_index=0x00, data_len=0x26) bytearray(b'\x01\x81\x00&\x00')
2026-09-23 23:31:09,943 BTPWorkerThread-10968 (_rx_task) root DEBUG iutctl_common.py          139   read                      : Read 38 bytes data
2026-09-23 23:31:09,943 BTPWorkerThread-10968 (_rx_task) root DEBUG iutctl_common.py          154   read                      : Received data: {'e0 53 00 4c 17 e5 44 b2 03 1b 00 09 09 4e 58 4c 36 36 35 32 38 02 0a 0c 0d 03 0c 11 0a 11 0b 11 0e 11 1f 11 1e 11'}, bytearray(b'\xe0S\x00L\x17\xe5D\xb2\x03\x1b\x00\t\tNXL66528\x02\n\x0c\r\x03\x0c\x11\n\x11\x0b\x11\x0e\x11\x1f\x11\x1e\x11')
2026-09-23 23:31:09,943 BTPWorkerThread-10968 (_rx_task) root DEBUG btp.py                    736   event_handler             : Header(svc_id=1, op=129, ctrl_index=0, data_len=38) (b'\xe0S\x00L\x17\xe5D\xb2\x03\x1b\x00\t\tNXL66528\x02\n\x0c\r\x03\x0c\x11\n\x11\x0b\x11\x0e\x11\x1f\x11\x1e\x11',)
2026-09-23 23:31:09,943 BTPWorkerThread-10968 (_rx_task) root DEBUG gap.py                    193   gap_device_found_ev_      : b'\xe0S\x00L\x17\xe5D\xb2\x03\x1b\x00\t\tNXL66528\x02\n\x0c\r\x03\x0c\x11\n\x11\x0b\x11\x0e\x11\x1f\x11\x1e\x11'
2026-09-23 23:31:09,943 BTPWorkerThread-10968 (_rx_task) root DEBUG gap.py                    207   gap_device_found_ev_      : found '44e5174c0053' type 224 eir b'\t\tNXL66528\x02\n\x0c\r\x03\x0c\x11\n\x11\x0b\x11\x0e\x11\x1f\x11\x1e\x11'
2026-09-23 23:31:10,297 BTPWorkerThread-10968 (_rx_task) root DEBUG iutctl_common.py          123   read                      : Read 5 bytes
2026-09-23 23:31:10,297 BTPWorkerThread-10968 (_rx_task) root DEBUG iutctl_common.py          131   read                      : Received: hdr: Header(svc_id=0x01, op=0x81, ctrl_index=0x00, data_len=0x26) bytearray(b'\x01\x81\x00&\x00')
2026-09-23 23:31:10,297 BTPWorkerThread-10968 (_rx_task) root DEBUG iutctl_common.py          139   read                      : Read 16 bytes data
2026-09-23 23:31:10,309 BTPWorkerThread-10968 (_rx_task) root DEBUG iutctl_common.py          139   read                      : Read 22 bytes data
2026-09-23 23:31:10,309 BTPWorkerThread-10968 (_rx_task) root DEBUG iutctl_common.py          154   read                      : Received data: {'e0 53 00 4c 17 e5 44 af 03 1b 00 09 09 4e 58 4c 36 36 35 32 38 02 0a 0c 0d 03 0c 11 0a 11 0b 11 0e 11 1f 11 1e 11'}, bytearray(b'\xe0S\x00L\x17\xe5D\xaf\x03\x1b\x00\t\tNXL66528\x02\n\x0c\r\x03\x0c\x11\n\x11\x0b\x11\x0e\x11\x1f\x11\x1e\x11')
2026-09-23 23:31:10,310 BTPWorkerThread-10968 (_rx_task) root DEBUG btp.py                    736   event_handler             : Header(svc_id=1, op=129, ctrl_index=0, data_len=38) (b'\xe0S\x00L\x17\xe5D\xaf\x03\x1b\x00\t\tNXL66528\x02\n\x0c\r\x03\x0c\x11\n\x11\x0b\x11\x0e\x11\x1f\x11\x1e\x11',)
2026-09-23 23:31:10,310 BTPWorkerThread-10968 (_rx_task) root DEBUG gap.py                    193   gap_device_found_ev_      : b'\xe0S\x00L\x17\xe5D\xaf\x03\x1b\x00\t\tNXL66528\x02\n\x0c\r\x03\x0c\x11\n\x11\x0b\x11\x0e\x11\x1f\x11\x1e\x11'
2026-09-23 23:31:10,310 BTPWorkerThread-10968 (_rx_task) root DEBUG gap.py                    207   gap_device_found_ev_      : found '44e5174c0053' type 224 eir b'\t\tNXL66528\x02\n\x0c\r\x03\x0c\x11\n\x11\x0b\x11\x0e\x11\x1f\x11\x1e\x11'
2026-09-23 23:31:10,384 BTPWorkerThread-10968 (_rx_task) root DEBUG iutctl_common.py          123   read                      : Read 5 bytes
2026-09-23 23:31:10,384 BTPWorkerThread-10968 (_rx_task) root DEBUG iutctl_common.py          131   read                      : Received: hdr: Header(svc_id=0x01, op=0x81, ctrl_index=0x00, data_len=0x0b) bytearray(b'\x01\x81\x00\x0b\x00')
2026-09-23 23:31:10,384 BTPWorkerThread-10968 (_rx_task) root DEBUG iutctl_common.py          139   read                      : Read 11 bytes data
2026-09-23 23:31:10,384 BTPWorkerThread-10968 (_rx_task) root DEBUG iutctl_common.py          154   read                      : Received data: {'e0 4d 65 9b 70 f3 5c a3 03 00 00'}, bytearray(b'\xe0Me\x9bp\xf3\\\xa3\x03\x00\x00')
2026-09-23 23:31:10,385 BTPWorkerThread-10968 (_rx_task) root DEBUG btp.py                    736   event_handler             : Header(svc_id=1, op=129, ctrl_index=0, data_len=11) (b'\xe0Me\x9bp\xf3\\\xa3\x03\x00\x00',)
2026-09-23 23:31:10,385 BTPWorkerThread-10968 (_rx_task) root DEBUG gap.py                    193   gap_device_found_ev_      : b'\xe0Me\x9bp\xf3\\\xa3\x03\x00\x00'
2026-09-23 23:31:10,385 BTPWorkerThread-10968 (_rx_task) root DEBUG gap.py                    207   gap_device_found_ev_      : found '5cf3709b654d' type 224 eir b''
2026-09-23 23:31:10,671 BTPWorkerThread-10968 (_rx_task) root DEBUG iutctl_common.py          123   read                      : Read 5 bytes
2026-09-23 23:31:10,671 BTPWorkerThread-10968 (_rx_task) root DEBUG iutctl_common.py          131   read                      : Received: hdr: Header(svc_id=0x01, op=0x81, ctrl_index=0x00, data_len=0x2a) bytearray(b'\x01\x81\x00*\x00')
2026-09-23 23:31:10,671 BTPWorkerThread-10968 (_rx_task) root DEBUG iutctl_common.py          139   read                      : Read 42 bytes data
2026-09-23 23:31:10,672 BTPWorkerThread-10968 (_rx_task) root DEBUG iutctl_common.py          154   read                      : Received data: {'e0 4d 65 9b 70 f3 5c a3 03 1f 00 1e 09 48 46 50 20 41 47 20 44 65 6d 6f 20 35 43 3a 46 33 3a 37 30 3a 39 42 3a 36 35 3a 34 44'}, bytearray(b'\xe0Me\x9bp\xf3\\\xa3\x03\x1f\x00\x1e\tHFP AG Demo 5C:F3:70:9B:65:4D')
2026-09-23 23:31:10,672 BTPWorkerThread-10968 (_rx_task) root DEBUG btp.py                    736   event_handler             : Header(svc_id=1, op=129, ctrl_index=0, data_len=42) (b'\xe0Me\x9bp\xf3\\\xa3\x03\x1f\x00\x1e\tHFP AG Demo 5C:F3:70:9B:65:4D',)
2026-09-23 23:31:10,672 BTPWorkerThread-10968 (_rx_task) root DEBUG gap.py                    193   gap_device_found_ev_      : b'\xe0Me\x9bp\xf3\\\xa3\x03\x1f\x00\x1e\tHFP AG Demo 5C:F3:70:9B:65:4D'
2026-09-23 23:31:10,672 BTPWorkerThread-10968 (_rx_task) root DEBUG gap.py                    207   gap_device_found_ev_      : found '5cf3709b654d' type 224 eir b'\x1e\tHFP AG Demo 5C:F3:70:9B:65:4D'
2026-09-23 23:31:10,756 BTPWorkerThread-10968 (_rx_task) root DEBUG iutctl_common.py          123   read                      : Read 5 bytes
2026-09-23 23:31:10,756 BTPWorkerThread-10968 (_rx_task) root DEBUG iutctl_common.py          131   read                      : Received: hdr: Header(svc_id=0x01, op=0x81, ctrl_index=0x00, data_len=0x26) bytearray(b'\x01\x81\x00&\x00')
2026-09-23 23:31:10,757 BTPWorkerThread-10968 (_rx_task) root DEBUG iutctl_common.py          139   read                      : Read 38 bytes data
2026-09-23 23:31:10,757 BTPWorkerThread-10968 (_rx_task) root DEBUG iutctl_common.py          154   read                      : Received data: {'e0 53 00 4c 17 e5 44 b1 03 1b 00 09 09 4e 58 4c 36 36 35 32 38 02 0a 0c 0d 03 0c 11 0a 11 0b 11 0e 11 1f 11 1e 11'}, bytearray(b'\xe0S\x00L\x17\xe5D\xb1\x03\x1b\x00\t\tNXL66528\x02\n\x0c\r\x03\x0c\x11\n\x11\x0b\x11\x0e\x11\x1f\x11\x1e\x11')
2026-09-23 23:31:10,757 BTPWorkerThread-10968 (_rx_task) root DEBUG btp.py                    736   event_handler             : Header(svc_id=1, op=129, ctrl_index=0, data_len=38) (b'\xe0S\x00L\x17\xe5D\xb1\x03\x1b\x00\t\tNXL66528\x02\n\x0c\r\x03\x0c\x11\n\x11\x0b\x11\x0e\x11\x1f\x11\x1e\x11',)
2026-09-23 23:31:10,757 BTPWorkerThread-10968 (_rx_task) root DEBUG gap.py                    193   gap_device_found_ev_      : b'\xe0S\x00L\x17\xe5D\xb1\x03\x1b\x00\t\tNXL66528\x02\n\x0c\r\x03\x0c\x11\n\x11\x0b\x11\x0e\x11\x1f\x11\x1e\x11'
2026-09-23 23:31:10,757 BTPWorkerThread-10968 (_rx_task) root DEBUG gap.py                    207   gap_device_found_ev_      : found '44e5174c0053' type 224 eir b'\t\tNXL66528\x02\n\x0c\r\x03\x0c\x11\n\x11\x0b\x11\x0e\x11\x1f\x11\x1e\x11'
2026-09-23 23:31:10,838 LT1-thread root DEBUG gap.py                    1150  gap_stop_discovery        : 
2026-09-23 23:31:10,838 LT1-thread root DEBUG iutctl_common.py          161   send                      : 1 13 0 ''
2026-09-23 23:31:10,838 LT1-thread root DEBUG iutctl_common.py          166   send                      : sending frame '010d000000'
2026-09-23 23:31:10,838 LT1-thread root DEBUG gap.py                    1229  gap_command_rsp_succ      : 
2026-09-23 23:31:10,838 LT1-thread root DEBUG iutctl_common.py          339   read                      : 
2026-09-23 23:31:10,877 BTPWorkerThread-10968 (_rx_task) root DEBUG iutctl_common.py          123   read                      : Read 5 bytes
2026-09-23 23:31:10,888 BTPWorkerThread-10968 (_rx_task) root DEBUG iutctl_common.py          131   read                      : Received: hdr: Header(svc_id=0x01, op=0x0d, ctrl_index=0x00, data_len=0x00) bytearray(b'\x01\r\x00\x00\x00')
2026-09-23 23:31:10,894 BTPWorkerThread-10968 (_rx_task) root DEBUG iutctl_common.py          154   read                      : Received data: {''}, bytearray(b'')
2026-09-23 23:31:10,905 LT1-thread root DEBUG gap.py                    1234  gap_command_rsp_succ      : received Header(svc_id=1, op=13, ctrl_index=0, data_len=0) (b'',)
2026-09-23 23:31:10,905 LT1-thread root DEBUG gap.py                    1510  check_discovery_results   : 224 '001bdc08e44e' True None
2026-09-23 23:31:10,905 LT1-thread root DEBUG gap.py                    1519  check_discovery_results   : matching LeAdv(addr_type=224, addr='001bdc08e44e', rssi=210, flags=3, eir=b'\x0e\tPTS-GAP-E44E\x00')
2026-09-23 23:31:10,905 LT1-thread root DEBUG gap.py                    762   gap_connect               : None 224
2026-09-23 23:31:10,905 LT1-thread root DEBUG iutctl_common.py          161   send                      : 1 14 0 "bytearray(b'\\xe0N\\xe4\\x08\\xdc\\x1b\\x00\\x00')"
2026-09-23 23:31:10,905 LT1-thread root DEBUG iutctl_common.py          166   send                      : sending frame '010e000800e04ee408dc1b0000'
2026-09-23 23:31:10,906 LT1-thread root DEBUG iutctl_common.py          339   read                      : 
2026-09-23 23:31:10,937 BTPWorkerThread-10968 (_rx_task) root DEBUG iutctl_common.py          123   read                      : Read 5 bytes
2026-09-23 23:31:10,949 BTPWorkerThread-10968 (_rx_task) root DEBUG iutctl_common.py          131   read                      : Received: hdr: Header(svc_id=0x01, op=0x0e, ctrl_index=0x00, data_len=0x00) bytearray(b'\x01\x0e\x00\x00\x00')
2026-09-23 23:31:10,949 BTPWorkerThread-10968 (_rx_task) root DEBUG iutctl_common.py          154   read                      : Received data: {''}, bytearray(b'')
2026-09-23 23:31:14,446 BTPWorkerThread-10968 (_rx_task) root DEBUG iutctl_common.py          123   read                      : Read 5 bytes
2026-09-23 23:31:14,446 BTPWorkerThread-10968 (_rx_task) root DEBUG iutctl_common.py          131   read                      : Received: hdr: Header(svc_id=0x01, op=0x82, ctrl_index=0x00, data_len=0x0d) bytearray(b'\x01\x82\x00\r\x00')
2026-09-23 23:31:14,447 BTPWorkerThread-10968 (_rx_task) root DEBUG iutctl_common.py          139   read                      : Read 13 bytes data
2026-09-23 23:31:14,447 BTPWorkerThread-10968 (_rx_task) root DEBUG iutctl_common.py          154   read                      : Received data: {'e0 4e e4 08 dc 1b 00 00 00 00 00 00 00'}, bytearray(b'\xe0N\xe4\x08\xdc\x1b\x00\x00\x00\x00\x00\x00\x00')
2026-09-23 23:31:14,447 BTPWorkerThread-10968 (_rx_task) root DEBUG btp.py                    736   event_handler             : Header(svc_id=1, op=130, ctrl_index=0, data_len=13) (b'\xe0N\xe4\x08\xdc\x1b\x00\x00\x00\x00\x00\x00\x00',)
2026-09-23 23:31:14,447 BTPWorkerThread-10968 (_rx_task) root DEBUG gap.py                    215   gap_connected_ev_         : b'\xe0N\xe4\x08\xdc\x1b\x00\x00\x00\x00\x00\x00\x00'
2026-09-23 23:31:14,475 LT1-thread root DEBUG gap.py                    873   gap_pair                  : None 224
2026-09-23 23:31:14,475 LT1-thread root DEBUG iutctl_common.py          161   send                      : 1 17 0 "bytearray(b'\\xe0N\\xe4\\x08\\xdc\\x1b\\x00')"
2026-09-23 23:31:14,475 LT1-thread root DEBUG iutctl_common.py          166   send                      : sending frame '0111000700e04ee408dc1b00'
2026-09-23 23:31:14,475 LT1-thread root DEBUG gap.py                    1229  gap_command_rsp_succ      : 
2026-09-23 23:31:14,476 LT1-thread root DEBUG iutctl_common.py          339   read                      : 
2026-09-23 23:31:14,512 BTPWorkerThread-10968 (_rx_task) root DEBUG iutctl_common.py          123   read                      : Read 5 bytes
2026-09-23 23:31:14,517 BTPWorkerThread-10968 (_rx_task) root DEBUG iutctl_common.py          131   read                      : Received: hdr: Header(svc_id=0x01, op=0x11, ctrl_index=0x00, data_len=0x00) bytearray(b'\x01\x11\x00\x00\x00')
2026-09-23 23:31:14,522 BTPWorkerThread-10968 (_rx_task) root DEBUG iutctl_common.py          154   read                      : Received data: {''}, bytearray(b'')
2026-09-23 23:31:14,533 LT1-thread root DEBUG gap.py                    1234  gap_command_rsp_succ      : received Header(svc_id=1, op=17, ctrl_index=0, data_len=0) (b'',)
2026-09-23 23:31:14,533 LT1-thread root DEBUG testcase.py               722   run_wid                   : Sending response 'OK' to wid 102 test case GAP/SEC/SEM/BI-05-C
2026-09-23 23:31:14,534 BTPWorkerThread-10968 (_rx_task) root DEBUG iutctl_common.py          123   read                      : Read 5 bytes
2026-09-23 23:31:14,534 BTPWorkerThread-10968 (_rx_task) root DEBUG iutctl_common.py          131   read                      : Received: hdr: Header(svc_id=0x01, op=0x91, ctrl_index=0x00, data_len=0x09) bytearray(b'\x01\x91\x00\t\x00')
2026-09-23 23:31:14,534 BTPWorkerThread-10968 (_rx_task) root DEBUG iutctl_common.py          139   read                      : Read 9 bytes data
2026-09-23 23:31:14,535 BTPWorkerThread-10968 (_rx_task) root DEBUG iutctl_common.py          154   read                      : Received data: {'e0 4e e4 08 dc 1b 00 00 00'}, bytearray(b'\xe0N\xe4\x08\xdc\x1b\x00\x00\x00')
2026-09-23 23:31:14,535 BTPWorkerThread-10968 (_rx_task) root DEBUG btp.py                    736   event_handler             : Header(svc_id=1, op=145, ctrl_index=0, data_len=9) (b'\xe0N\xe4\x08\xdc\x1b\x00\x00\x00',)
2026-09-23 23:31:14,535 LT1-thread root DEBUG client.py                 276   get_result                : ClientCallback.get_result run_test_case
2026-09-23 23:31:14,536 BTPWorkerThread-10968 (_rx_task) root DEBUG gap.py                    494   gap_encryption_change_ev_ : 
2026-09-23 23:31:14,536 BTPWorkerThread-10968 (_rx_task) root DEBUG gap.py                    496   gap_encryption_change_ev_ : enc change received b'\xe0N\xe4\x08\xdc\x1b\x00\x00\x00'
2026-09-23 23:31:14,536 BTPWorkerThread-10968 (_rx_task) root DEBUG gap.py                    505   gap_encryption_change_ev_ : received (224, '001bdc08e44e', 0, 0)
2026-09-23 23:31:14,538 LT1-callback ClientCallback.on_implicit_send INFO client.py                 223   on_implicit_send          : 
    ********************
    BEGIN OnImplicitSend:
    project_name: GAP
    wid: 222
    test_case_name: GAP/SEC/SEM/BI-05-C
    description: Please initiate a BR/EDR security authentication and pairing with interaction of HCI commands.

Press OK to continue.
    style: MMI_Style_Ok 0x11040
2026-09-23 23:31:14,538 LT1-callback ClientCallback.on_implicit_send INFO client.py                 236   on_implicit_send          : Calling test cases on_implicit_send
2026-09-23 23:31:14,538 LT1-callback ClientCallback.on_implicit_send INFO client.py                 249   on_implicit_send          : 
    on_implicit_send returned response: WAIT
    END OnImplicitSend
    ********************
2026-09-23 23:31:15,537 LT1-thread root DEBUG testcase.py               679   run_wid                   : GAP GAP/SEC/SEM/BI-05-C on_implicit_send
2026-09-23 23:31:15,537 LT1-thread root DEBUG gap_wid.py                26    gap_wid_hdl               : gap_wid_hdl, 222, Please initiate a BR/EDR security authentication and pairing with interaction of HCI commands.

Press OK to continue., GAP/SEC/SEM/BI-05-C
2026-09-23 23:31:15,537 LT1-thread root DEBUG testcase.py               722   run_wid                   : Sending response 'Ok' to wid 222 test case GAP/SEC/SEM/BI-05-C
2026-09-23 23:31:15,539 LT1-thread root DEBUG client.py                 276   get_result                : ClientCallback.get_result run_test_case
2026-09-23 23:31:19,642 BTPWorkerThread-10968 (_rx_task) root DEBUG iutctl_common.py          123   read                      : Read 5 bytes
2026-09-23 23:31:19,642 BTPWorkerThread-10968 (_rx_task) root DEBUG iutctl_common.py          131   read                      : Received: hdr: Header(svc_id=0x01, op=0x83, ctrl_index=0x00, data_len=0x07) bytearray(b'\x01\x83\x00\x07\x00')
2026-09-23 23:31:19,642 BTPWorkerThread-10968 (_rx_task) root DEBUG iutctl_common.py          139   read                      : Read 7 bytes data
2026-09-23 23:31:19,642 BTPWorkerThread-10968 (_rx_task) root DEBUG iutctl_common.py          154   read                      : Received data: {'e0 4e e4 08 dc 1b 00'}, bytearray(b'\xe0N\xe4\x08\xdc\x1b\x00')
2026-09-23 23:31:19,642 BTPWorkerThread-10968 (_rx_task) root DEBUG btp.py                    736   event_handler             : Header(svc_id=1, op=131, ctrl_index=0, data_len=7) (b'\xe0N\xe4\x08\xdc\x1b\x00',)
2026-09-23 23:31:19,642 BTPWorkerThread-10968 (_rx_task) root DEBUG gap.py                    228   gap_disconnected_ev_      : b'\xe0N\xe4\x08\xdc\x1b\x00'
2026-09-23 23:31:20,091 LT1-callback ClientCallback.on_implicit_send INFO client.py                 223   on_implicit_send          : 
    ********************
    BEGIN OnImplicitSend:
    project_name: GAP
    wid: 266
    test_case_name: GAP/SEC/SEM/BI-05-C
    description: Please confirm that the IUT signals to the Upper Tester that the channel establishment failure after link encryption.

Click 'Yes' If there is channel establishment failure otherwise click 'No'.
    style: MMI_Style_Yes_No1 0x11044
2026-09-23 23:31:20,091 LT1-callback ClientCallback.on_implicit_send INFO client.py                 236   on_implicit_send          : Calling test cases on_implicit_send
2026-09-23 23:31:20,091 LT1-callback ClientCallback.on_implicit_send INFO client.py                 249   on_implicit_send          : 
    on_implicit_send returned response: WAIT
    END OnImplicitSend
    ********************
2026-09-23 23:31:20,541 LT1-thread root DEBUG testcase.py               679   run_wid                   : GAP GAP/SEC/SEM/BI-05-C on_implicit_send
2026-09-23 23:31:20,541 LT1-thread root DEBUG gap_wid.py                26    gap_wid_hdl               : gap_wid_hdl, 266, Please confirm that the IUT signals to the Upper Tester that the channel establishment failure after link encryption.

Click 'Yes' If there is channel establishment failure otherwise click 'No'., GAP/SEC/SEM/BI-05-C
2026-09-23 23:31:20,541 LT1-thread root DEBUG testcase.py               722   run_wid                   : Sending response 'Yes' to wid 266 test case GAP/SEC/SEM/BI-05-C
2026-09-23 23:31:20,543 LT1-thread root DEBUG client.py                 276   get_result                : ClientCallback.get_result run_test_case
2026-09-23 23:31:23,493 LT1-callback ClientCallback.log INFO client.py                 200   log                       : PTS_LOGTYPE_START_TEST Start Test Case 

+390 ms
 GAP/SEC/SEM/BI-05-C GAP/SEC/SEM/BI-05-C

2026-09-23 23:31:24,193 LT1-callback ClientCallback.log INFO client.py                 200   log                       : PTS_LOGTYPE_FINAL_VERDICT Final Verdict 

+125187 ms
 GAP/SEC/SEM/BI-05-C PASS

2026-09-23 23:31:24,197 LT1-callback ClientCallback.log INFO client.py                 200   log                       : PTS_LOGTYPE_FINAL_VERDICT Encrypted Verdict 

+125187 ms
 GAP/SEC/SEM/BI-05-C A1#ZWY4MzQ5MDg3MmQwNTIxOGQzMzQ5YjY2ODA5M2MzNjQ5ZDY4NmY0Yjc2MzIzM2VkNTUyNTFhNGU4Mjg1MjI0NA==#gLl5CRHt7sHKM7/a359Pjh0vho6S2Frp46H9vdBSYeurX8dmo7bTCkdlyuY+cF1l

2026-09-23 23:31:24,202 LT1-callback ClientCallback.log INFO client.py                 200   log                       : PTS_LOGTYPE_END_TEST Test Case Ended 

+125187 ms
 GAP/SEC/SEM/BI-05-C GAP/SEC/SEM/BI-05-C

2026-09-23 23:31:24,316 LT1-callback root DEBUG client.py                 261   set_result                : ClientCallback, set_result, run_test_case, PASS
2026-09-23 23:31:24,316 LT1-thread root DEBUG client.py                 1186  _run_test_case            : After run_test_case error_code=0 status='PASS'
2026-09-23 23:31:24,317 LT1-thread root DEBUG testcase.py               766   post_run                  : post_run GAP GAP/SEC/SEM/BI-05-C 0
2026-09-23 23:31:24,317 LT1-thread root DEBUG testcase.py               254   start                     : Starting test function: class=<class 'autopts.ptsprojects.testcase.TestFuncCleanUp'>, func=<bound method ZTestCase._test_case_cleanup of <autopts.ptsprojects.zephyr.ztestcase.ZTestCase object at 0x000001E0BD84A060>> start_wid=None stop_wid=None post_wid=None skip_call=None call_count=1 args=() kwds={}
2026-09-23 23:31:24,317 LT1-thread root DEBUG testcase.py               266   start                     : Test function parameters: args=(), kwds={}
2026-09-23 23:31:24,317 LT1-thread root DEBUG iutctl.py                 415   stop                      : <class 'autopts.ptsprojects.zephyr.iutctl.create_zephyr_ctl_class.<locals>.ZephyrCtl'>.stop
2026-09-23 23:31:24,317 LT1-thread root DEBUG __init__.py               51    reset                     : About to reset DUT: JLink -CommandFile reset.jlink -usb 1063214216 -device MIMXRT1176XXXA_M7
2026-09-23 23:31:24,658 BTPWorkerThread-10968 (_rx_task) root DEBUG iutctl_common.py          123   read                      : Read 5 bytes
2026-09-23 23:31:24,658 BTPWorkerThread-10968 (_rx_task) root DEBUG iutctl_common.py          131   read                      : Received: hdr: Header(svc_id=0x00, op=0x80, ctrl_index=0xff, data_len=0x00) bytearray(b'\x00\x80\xff\x00\x00')
2026-09-23 23:31:24,659 BTPWorkerThread-10968 (_rx_task) root DEBUG iutctl_common.py          154   read                      : Received data: {''}, bytearray(b'')
2026-09-23 23:31:24,659 BTPWorkerThread-10968 (_rx_task) root DEBUG btp.py                    736   event_handler             : Header(svc_id=0, op=128, ctrl_index=255, data_len=0) (b'',)
2026-09-23 23:31:24,659 BTPWorkerThread-10968 (_rx_task) root DEBUG core.py                   23    core_iut_ready_ev         : 
2026-09-23 23:31:24,726 LT1-thread root DEBUG iutctl.py                 436   _stop_tty_mode            : IUT ready event received OK
2026-09-23 23:31:24,726 LT1-thread root DEBUG iutctl_common.py          416   close                     : Waiting for _rx_worker to finish ...
2026-09-23 23:31:25,660 BTPWorkerThread-10968 (_rx_task) root DEBUG iutctl_common.py          332   _rx_task                  : BTPWorkerThread-10968 (_rx_task) finishing...
2026-09-23 23:31:28,666 LT1-thread root DEBUG testcase.py               794   post_run                  : post_run, cleanup running post test case script
2026-09-23 23:31:28,666 LT1-thread root DEBUG testcase.py               802   post_run                  : post_run, run post test case script
2026-09-23 23:31:28,745 LT1-thread root DEBUG client.py                 1220  _run_test_case            : Done TestCase _run_test_case GAP GAP/SEC/SEM/BI-05-C
