2026-09-23 23:01:46,117 LT1-thread root DEBUG client.py                 1099  _run_test_case            : Starting TestCase _run_test_case GAP GAP/SEC/SEM/BV-09-C
2026-09-23 23:01:46,118 LT1-thread root DEBUG testcase.py               727   pre_run                   : pre_run GAP GAP/SEC/SEM/BV-09-C
2026-09-23 23:01:46,118 LT1-thread root DEBUG testcase.py               729   pre_run                   : About to run test case GAP GAP/SEC/SEM/BV-09-C with commands:
2026-09-23 23:01:46,118 LT1-thread root DEBUG testcase.py               731   pre_run                   : 0) class=<class 'autopts.ptsprojects.testcase.TestFunc'>, func=<bound method ZTestCase._test_case_start of <autopts.ptsprojects.zephyr.ztestcase.ZTestCase object at 0x000001E0BD80B350>> start_wid=None stop_wid=None post_wid=None skip_call=None call_count=0 args=() kwds={}
2026-09-23 23:01:46,118 LT1-thread root DEBUG testcase.py               731   pre_run                   : 1) class=<class 'autopts.ptsprojects.testcase.TestFunc'>, func=<function core_reg_svc_gap at 0x000001E0BA25E160> start_wid=None stop_wid=None post_wid=None skip_call=None call_count=85 args=() kwds={}
2026-09-23 23:01:46,119 LT1-thread root DEBUG testcase.py               731   pre_run                   : 2) class=<class 'autopts.ptsprojects.testcase.TestFunc'>, func=<bound method Stack.gap_init of <autopts.ptsprojects.stack.stack.Stack object at 0x000001E0B9424A70>> start_wid=None stop_wid=None post_wid=None skip_call=None call_count=85 args=(b'Tester_08E44E', 'ABCD', '1111', '1111', '11', '1111', b'\x17github.com/auto-pts', (8, 'PADV_Tester'), 'FF') kwds={}
2026-09-23 23:01:46,119 LT1-thread root DEBUG testcase.py               731   pre_run                   : 3) class=<class 'autopts.ptsprojects.testcase.TestFunc'>, func=<function gap_read_controller_info at 0x000001E0BA29EB60> start_wid=None stop_wid=None post_wid=None skip_call=None call_count=85 args=() kwds={}
2026-09-23 23:01:46,119 LT1-thread root DEBUG testcase.py               731   pre_run                   : 4) class=<class 'autopts.ptsprojects.testcase.TestFunc'>, func=<function test_cases.<locals>.<lambda> at 0x000001E0BD7C6DE0> start_wid=None stop_wid=None post_wid=None skip_call=None call_count=85 args=() kwds={}
2026-09-23 23:01:46,119 LT1-thread root DEBUG testcase.py               731   pre_run                   : 5) class=<class 'autopts.ptsprojects.testcase.TestFunc'>, func=<function test_cases.<locals>.<lambda> at 0x000001E0BD7C5120> start_wid=None stop_wid=None post_wid=None skip_call=None call_count=85 args=() kwds={}
2026-09-23 23:01:46,119 LT1-thread root DEBUG testcase.py               731   pre_run                   : 6) class=<class 'autopts.ptsprojects.testcase.TestFunc'>, func=<function test_cases.<locals>.<lambda> at 0x000001E0BD7C6E80> start_wid=None stop_wid=None post_wid=None skip_call=None call_count=85 args=() kwds={}
2026-09-23 23:01:46,119 LT1-thread root DEBUG testcase.py               731   pre_run                   : 7) class=<class 'autopts.ptsprojects.testcase.TestFunc'>, func=<function test_cases.<locals>.<lambda> at 0x000001E0BD7C6F20> start_wid=None stop_wid=None post_wid=None skip_call=None call_count=85 args=() kwds={}
2026-09-23 23:01:46,119 LT1-thread root DEBUG testcase.py               731   pre_run                   : 8) class=<class 'autopts.ptsprojects.testcase.TestFunc'>, func=<function test_cases.<locals>.<lambda> at 0x000001E0BD7C6FC0> start_wid=None stop_wid=None post_wid=None skip_call=None call_count=85 args=() kwds={}
2026-09-23 23:01:46,119 LT1-thread root DEBUG testcase.py               731   pre_run                   : 9) class=<class 'autopts.ptsprojects.testcase.TestFunc'>, func=<function test_cases.<locals>.<lambda> at 0x000001E0BD7C7060> start_wid=None stop_wid=None post_wid=None skip_call=None call_count=85 args=() kwds={}
2026-09-23 23:01:46,119 LT1-thread root DEBUG testcase.py               731   pre_run                   : 10) class=<class 'autopts.ptsprojects.testcase.TestFunc'>, func=<function test_cases.<locals>.<lambda> at 0x000001E0BD7C7100> start_wid=None stop_wid=None post_wid=None skip_call=None call_count=85 args=() kwds={}
2026-09-23 23:01:46,119 LT1-thread root DEBUG testcase.py               731   pre_run                   : 11) class=<class 'autopts.ptsprojects.testcase.TestFunc'>, func=<function test_cases.<locals>.<lambda> at 0x000001E0BD7C71A0> start_wid=None stop_wid=None post_wid=None skip_call=None call_count=85 args=() kwds={}
2026-09-23 23:01:46,119 LT1-thread root DEBUG testcase.py               731   pre_run                   : 12) class=<class 'autopts.ptsprojects.testcase.TestFunc'>, func=<function test_cases.<locals>.<lambda> at 0x000001E0BD7C7240> start_wid=None stop_wid=None post_wid=None skip_call=None call_count=85 args=() kwds={}
2026-09-23 23:01:46,119 LT1-thread root DEBUG testcase.py               731   pre_run                   : 13) class=<class 'autopts.ptsprojects.testcase.TestFunc'>, func=<function test_cases.<locals>.<lambda> at 0x000001E0BD7C72E0> start_wid=None stop_wid=None post_wid=None skip_call=None call_count=85 args=() kwds={}
2026-09-23 23:01:46,119 LT1-thread root DEBUG testcase.py               731   pre_run                   : 14) class=<class 'autopts.ptsprojects.testcase.TestFunc'>, func=<function core_reg_svc_gatt at 0x000001E0BA25E2A0> start_wid=None stop_wid=None post_wid=None skip_call=None call_count=85 args=() kwds={}
2026-09-23 23:01:46,119 LT1-thread root DEBUG testcase.py               731   pre_run                   : 15) class=<class 'autopts.ptsprojects.testcase.TestFunc'>, func=<bound method Stack.gatt_init of <autopts.ptsprojects.stack.stack.Stack object at 0x000001E0B9424A70>> start_wid=None stop_wid=None post_wid=None skip_call=None call_count=85 args=() kwds={}
2026-09-23 23:01:46,120 LT1-thread root DEBUG testcase.py               731   pre_run                   : 16) class=<class 'autopts.ptsprojects.testcase.TestFunc'>, func=<function gap_set_io_capability at 0x000001E0BA29E020> start_wid=None stop_wid=None post_wid=None skip_call=None call_count=85 args=(4,) kwds={}
2026-09-23 23:01:46,120 LT1-thread root DEBUG testcase.py               731   pre_run                   : 17) class=<class 'autopts.ptsprojects.testcase.TestFunc'>, func=<function gap_set_broadcast_code at 0x000001E0BA2A4220> start_wid=None stop_wid=None post_wid=None skip_call=None call_count=85 args=('0102680553F1415AA265BBAFC6EA03B8',) kwds={}
2026-09-23 23:01:46,120 LT1-thread root DEBUG testcase.py               731   pre_run                   : 18) class=<class 'autopts.ptsprojects.testcase.TestFunc'>, func=<function set_pts_addr at 0x000001E0BA25DD00> start_wid=None stop_wid=None post_wid=None skip_call=None call_count=85 args=('00:1B:DC:08:E4:4E', 0) kwds={}
2026-09-23 23:01:46,120 LT1-thread root DEBUG testcase.py               731   pre_run                   : 19) class=<class 'autopts.ptsprojects.testcase.TestFunc'>, func=<function test_cases.<locals>.<lambda> at 0x000001E0BD7C7380> start_wid=None stop_wid=None post_wid=None skip_call=None call_count=17 args=() kwds={}
2026-09-23 23:01:46,120 LT1-thread root DEBUG testcase.py               731   pre_run                   : 20) class=<class 'autopts.ptsprojects.testcase.TestFunc'>, func=<function test_cases.<locals>.<lambda> at 0x000001E0BD7C7420> start_wid=None stop_wid=None post_wid=None skip_call=None call_count=17 args=() kwds={}
2026-09-23 23:01:46,120 LT1-thread root DEBUG testcase.py               731   pre_run                   : 21) class=<class 'autopts.ptsprojects.testcase.TestFunc'>, func=<function test_cases.<locals>.<lambda> at 0x000001E0BD7C74C0> start_wid=None stop_wid=None post_wid=None skip_call=None call_count=17 args=() kwds={}
2026-09-23 23:01:46,120 LT1-thread root DEBUG testcase.py               731   pre_run                   : 22) class=<class 'autopts.ptsprojects.testcase.TestFunc'>, func=<function test_cases.<locals>.<lambda> at 0x000001E0BD7C7560> start_wid=None stop_wid=None post_wid=None skip_call=None call_count=17 args=() kwds={}
2026-09-23 23:01:46,120 LT1-thread root DEBUG testcase.py               731   pre_run                   : 23) class=<class 'autopts.ptsprojects.testcase.TestFunc'>, func=<function test_cases.<locals>.<lambda> at 0x000001E0BD7C7600> start_wid=None stop_wid=None post_wid=None skip_call=None call_count=17 args=() kwds={}
2026-09-23 23:01:46,120 LT1-thread root DEBUG testcase.py               731   pre_run                   : 24) class=<class 'autopts.ptsprojects.testcase.TestFunc'>, func=<function test_cases.<locals>.<lambda> at 0x000001E0BD7C76A0> start_wid=None stop_wid=None post_wid=None skip_call=None call_count=17 args=() kwds={}
2026-09-23 23:01:46,120 LT1-thread root DEBUG testcase.py               731   pre_run                   : 25) class=<class 'autopts.ptsprojects.testcase.TestFunc'>, func=<function test_cases.<locals>.<lambda> at 0x000001E0BD7C7740> start_wid=None stop_wid=None post_wid=None skip_call=None call_count=17 args=() kwds={}
2026-09-23 23:01:46,120 LT1-thread root DEBUG testcase.py               731   pre_run                   : 26) class=<class 'autopts.ptsprojects.testcase.TestFunc'>, func=<function gap_set_io_capability at 0x000001E0BA29E020> start_wid=None stop_wid=None post_wid=None skip_call=None call_count=17 args=(3,) kwds={}
2026-09-23 23:01:46,120 LT1-thread root DEBUG testcase.py               731   pre_run                   : 27) class=<class 'autopts.ptsprojects.testcase.TestFunc'>, func=<function core_reg_svc_l2cap at 0x000001E0BA25E3E0> start_wid=None stop_wid=None post_wid=None skip_call=None call_count=14 args=() kwds={}
2026-09-23 23:01:46,120 LT1-thread root DEBUG testcase.py               731   pre_run                   : 28) class=<class 'autopts.ptsprojects.testcase.TestFunc'>, func=<bound method Stack.l2cap_init of <autopts.ptsprojects.stack.stack.Stack object at 0x000001E0B9424A70>> start_wid=None stop_wid=None post_wid=None skip_call=None call_count=14 args=(4097, 120) kwds={}
2026-09-23 23:01:46,120 LT1-thread root DEBUG testcase.py               731   pre_run                   : 29) class=<class 'autopts.ptsprojects.testcase.TestFunc'>, func=<function gap_set_bondable_off at 0x000001E0BA29E980> start_wid=None stop_wid=None post_wid=None skip_call=None call_count=0 args=() kwds={}
2026-09-23 23:01:46,121 LT1-thread root DEBUG testcase.py               731   pre_run                   : 30) class=<class 'autopts.ptsprojects.testcase.TestFunc'>, func=<function gap_set_io_capability at 0x000001E0BA29E020> start_wid=None stop_wid=None post_wid=None skip_call=None call_count=0 args=(1,) kwds={}
2026-09-23 23:01:46,121 LT1-thread root DEBUG testcase.py               731   pre_run                   : 31) class=<class 'autopts.ptsprojects.testcase.TestFuncCleanUp'>, func=<bound method ZTestCase._test_case_cleanup of <autopts.ptsprojects.zephyr.ztestcase.ZTestCase object at 0x000001E0BD80B350>> start_wid=None stop_wid=None post_wid=None skip_call=None call_count=0 args=() kwds={}
2026-09-23 23:01:46,121 LT1-thread root DEBUG testcase.py               738   pre_run                   : pre_run, run pre test case script
2026-09-23 23:01:46,128 LT1-thread root DEBUG testcase.py               254   start                     : Starting test function: class=<class 'autopts.ptsprojects.testcase.TestFunc'>, func=<bound method ZTestCase._test_case_start of <autopts.ptsprojects.zephyr.ztestcase.ZTestCase object at 0x000001E0BD80B350>> start_wid=None stop_wid=None post_wid=None skip_call=None call_count=1 args=() kwds={}
2026-09-23 23:01:46,129 LT1-thread root DEBUG testcase.py               266   start                     : Test function parameters: args=(), kwds={}
2026-09-23 23:01:46,129 LT1-thread root DEBUG iutctl.py                 172   start                     : <class 'autopts.ptsprojects.zephyr.iutctl.create_zephyr_ctl_class.<locals>.ZephyrCtl'>.start
2026-09-23 23:01:46,129 LT1-thread root DEBUG iutctl.py                 325   flush_serial              : <class 'autopts.ptsprojects.zephyr.iutctl.create_zephyr_ctl_class.<locals>.ZephyrCtl'>.flush_serial
2026-09-23 23:01:47,315 LT1-thread root DEBUG iutctl.py                 249   _start_tty_mode           : Starting socat process: socat.exe -x -v tcp:10.17.12.9:52311,retry=100,interval=1 /dev/ttyS2,raw,b115200,
2026-09-23 23:01:47,323 LT1-thread root DEBUG iutctl_common.py          402   accept                    : 
2026-09-23 23:01:47,396 BTPWorkerThread-10052 (_rx_task) root DEBUG iutctl_common.py          299   _rx_task                  : BTPWorkerThread-10052 (_rx_task) started
2026-09-23 23:01:47,397 LT1-thread root DEBUG iutctl.py                 395   wait_iut_ready_event      : IUT ready event received OK
2026-09-23 23:01:47,397 LT1-thread root DEBUG btp.py                    51    read_supp_svcs            : 
2026-09-23 23:01:47,397 LT1-thread root DEBUG iutctl_common.py          161   send                      : 0 2 255 ''
2026-09-23 23:01:47,397 LT1-thread root DEBUG iutctl_common.py          166   send                      : sending frame '0002ff0000'
2026-09-23 23:01:47,397 LT1-thread root DEBUG iutctl_common.py          339   read                      : 
2026-09-23 23:01:47,415 BTPWorkerThread-10052 (_rx_task) root DEBUG iutctl_common.py          123   read                      : Read 5 bytes
2026-09-23 23:01:47,427 BTPWorkerThread-10052 (_rx_task) root DEBUG iutctl_common.py          131   read                      : Received: hdr: Header(svc_id=0x00, op=0x02, ctrl_index=0xff, data_len=0x06) bytearray(b'\x00\x02\xff\x06\x00')
2026-09-23 23:01:47,432 BTPWorkerThread-10052 (_rx_task) root DEBUG iutctl_common.py          139   read                      : Read 6 bytes data
2026-09-23 23:01:47,437 BTPWorkerThread-10052 (_rx_task) root DEBUG iutctl_common.py          154   read                      : Received data: {'0f 00 00 a0 ff 03'}, bytearray(b'\x0f\x00\x00\xa0\xff\x03')
2026-09-23 23:01:47,443 LT1-thread root DEBUG btp.py                    62    read_supp_svcs            : received Header(svc_id=0, op=2, ctrl_index=255, data_len=6) (b'\x0f\x00\x00\xa0\xff\x03',)
2026-09-23 23:01:47,443 LT1-thread root DEBUG testcase.py               254   start                     : Starting test function: class=<class 'autopts.ptsprojects.testcase.TestFunc'>, func=<function core_reg_svc_gap at 0x000001E0BA25E160> start_wid=None stop_wid=None post_wid=None skip_call=None call_count=86 args=() kwds={}
2026-09-23 23:01:47,443 LT1-thread root DEBUG testcase.py               266   start                     : Test function parameters: args=(), kwds={}
2026-09-23 23:01:47,443 LT1-thread root DEBUG btp.py                    117   core_reg_svc_univ         : core_reg_svc_univ: gap_reg (GAP)
2026-09-23 23:01:47,443 LT1-thread root DEBUG iutctl_common.py          161   send                      : 0 3 255 '1'
2026-09-23 23:01:47,443 LT1-thread root DEBUG iutctl_common.py          166   send                      : sending frame '0003ff010001'
2026-09-23 23:01:47,443 LT1-thread root DEBUG btp.py                    654   core_reg_svc_rsp_succ     : 
2026-09-23 23:01:47,443 LT1-thread root DEBUG iutctl_common.py          339   read                      : 
2026-09-23 23:01:51,553 BTPWorkerThread-10052 (_rx_task) root DEBUG iutctl_common.py          123   read                      : Read 5 bytes
2026-09-23 23:01:51,565 BTPWorkerThread-10052 (_rx_task) root DEBUG iutctl_common.py          131   read                      : Received: hdr: Header(svc_id=0x00, op=0x03, ctrl_index=0xff, data_len=0x00) bytearray(b'\x00\x03\xff\x00\x00')
2026-09-23 23:01:51,576 BTPWorkerThread-10052 (_rx_task) root DEBUG iutctl_common.py          154   read                      : Received data: {''}, bytearray(b'')
2026-09-23 23:01:51,587 LT1-thread root DEBUG btp.py                    665   core_reg_svc_rsp_succ     : received Header(svc_id=0, op=3, ctrl_index=255, data_len=0) (b'',)
2026-09-23 23:01:51,587 LT1-thread root DEBUG btp.py                    666   core_reg_svc_rsp_succ     : expected ((0, 3, 255, 0), (b'',))
2026-09-23 23:01:51,587 LT1-thread root DEBUG btp.py                    671   core_reg_svc_rsp_succ     : response is valid
2026-09-23 23:01:51,587 LT1-thread root DEBUG btp.py                    674   core_reg_svc_rsp_succ     : Reading supported commands for service: GAP
2026-09-23 23:01:51,587 LT1-thread root DEBUG iutctl_common.py          161   send                      : 1 1 255 ''
2026-09-23 23:01:51,587 LT1-thread root DEBUG iutctl_common.py          166   send                      : sending frame '0101ff0000'
2026-09-23 23:01:51,588 LT1-thread root DEBUG iutctl_common.py          339   read                      : 
2026-09-23 23:01:51,625 BTPWorkerThread-10052 (_rx_task) root DEBUG iutctl_common.py          123   read                      : Read 5 bytes
2026-09-23 23:01:51,636 BTPWorkerThread-10052 (_rx_task) root DEBUG iutctl_common.py          131   read                      : Received: hdr: Header(svc_id=0x01, op=0x01, ctrl_index=0xff, data_len=0x07) bytearray(b'\x01\x01\xff\x07\x00')
2026-09-23 23:01:51,642 BTPWorkerThread-10052 (_rx_task) root DEBUG iutctl_common.py          139   read                      : Read 7 bytes data
2026-09-23 23:01:51,647 BTPWorkerThread-10052 (_rx_task) root DEBUG iutctl_common.py          154   read                      : Received data: {'6e ff 7f 1f fe ff 2e'}, bytearray(b'n\xff\x7f\x1f\xfe\xff.')
2026-09-23 23:01:51,659 LT1-thread root DEBUG testcase.py               254   start                     : Starting test function: class=<class 'autopts.ptsprojects.testcase.TestFunc'>, func=<bound method Stack.gap_init of <autopts.ptsprojects.stack.stack.Stack object at 0x000001E0B9424A70>> start_wid=None stop_wid=None post_wid=None skip_call=None call_count=86 args=(b'Tester_08E44E', 'ABCD', '1111', '1111', '11', '1111', b'\x17github.com/auto-pts', (8, 'PADV_Tester'), 'FF') kwds={}
2026-09-23 23:01:51,659 LT1-thread root DEBUG testcase.py               266   start                     : Test function parameters: args=(b'Tester_08E44E', 'ABCD', '1111', '1111', '11', '1111', b'\x17github.com/auto-pts', (8, 'PADV_Tester'), 'FF'), kwds={}
2026-09-23 23:01:51,659 LT1-thread root DEBUG testcase.py               254   start                     : Starting test function: class=<class 'autopts.ptsprojects.testcase.TestFunc'>, func=<function gap_read_controller_info at 0x000001E0BA29EB60> start_wid=None stop_wid=None post_wid=None skip_call=None call_count=86 args=() kwds={}
2026-09-23 23:01:51,659 LT1-thread root DEBUG testcase.py               266   start                     : Test function parameters: args=(), kwds={}
2026-09-23 23:01:51,659 LT1-thread root DEBUG gap.py                    1163  gap_read_controller_info  : 
2026-09-23 23:01:51,659 LT1-thread root DEBUG iutctl_common.py          161   send                      : 1 3 0 ''
2026-09-23 23:01:51,659 LT1-thread root DEBUG iutctl_common.py          166   send                      : sending frame '0103000000'
2026-09-23 23:01:51,659 LT1-thread root DEBUG iutctl_common.py          339   read                      : 
2026-09-23 23:01:51,691 BTPWorkerThread-10052 (_rx_task) root DEBUG iutctl_common.py          123   read                      : Read 5 bytes
2026-09-23 23:01:51,702 BTPWorkerThread-10052 (_rx_task) root DEBUG iutctl_common.py          131   read                      : Received: hdr: Header(svc_id=0x01, op=0x03, ctrl_index=0x00, data_len=0x115) bytearray(b'\x01\x03\x00\x15\x01')
2026-09-23 23:01:51,702 BTPWorkerThread-10052 (_rx_task) root DEBUG iutctl_common.py          139   read                      : Read 231 bytes data
2026-09-23 23:01:51,714 BTPWorkerThread-10052 (_rx_task) root DEBUG iutctl_common.py          139   read                      : Read 46 bytes data
2026-09-23 23:01:51,724 BTPWorkerThread-10052 (_rx_task) root DEBUG iutctl_common.py          154   read                      : Received data: {'19 78 ee 69 17 d0 d3 06 02 00 13 02 00 00 00 00 00 62 74 70 5f 74 65 73 74 65 72 00 00 00 00 00 00 00 00 00 00 00 00 00 00 00 00 00 00 00 00 00 00 00 00 00 00 00 00 00 00 00 00 00 00 00 00 00 00 00 00 00 00 00 00 00 00 00 00 00 00 00 00 00 00 00 00 00 00 00 00 00 00 00 00 00 00 00 00 00 00 00 00 00 00 00 00 00 00 00 00 00 00 00 00 00 00 00 00 00 00 00 00 00 00 00 00 00 00 00 00 00 00 00 00 00 00 00 00 00 00 00 00 00 00 00 00 00 00 00 00 00 00 00 00 00 00 00 00 00 00 00 00 00 00 00 00 00 00 00 00 00 00 00 00 00 00 00 00 00 00 00 00 00 00 00 00 00 00 00 00 00 00 00 00 00 00 00 00 00 00 00 00 00 00 00 00 00 00 00 00 00 00 00 00 00 00 00 00 00 00 00 00 00 00 00 00 00 00 00 00 00 00 00 00 00 00 00 00 00 00 00 00 00 00 00 00 00 00 00 00 00 00 00 00 00 00 00 00 00 00 00 00 00 00 00 00 00 00 00 00 00 00 00 00 00 00 00 00 00 00'}, bytearray(b'\x19x\xeei\x17\xd0\xd3\x06\x02\x00\x13\x02\x00\x00\x00\x00\x00btp_tester\x00\x00\x00\x00\x00\x00\x00\x00\x00\x00\x00\x00\x00\x00\x00\x00\x00\x00\x00\x00\x00\x00\x00\x00\x00\x00\x00\x00\x00\x00\x00\x00\x00\x00\x00\x00\x00\x00\x00\x00\x00\x00\x00\x00\x00\x00\x00\x00\x00\x00\x00\x00\x00\x00\x00\x00\x00\x00\x00\x00\x00\x00\x00\x00\x00\x00\x00\x00\x00\x00\x00\x00\x00\x00\x00\x00\x00\x00\x00\x00\x00\x00\x00\x00\x00\x00\x00\x00\x00\x00\x00\x00\x00\x00\x00\x00\x00\x00\x00\x00\x00\x00\x00\x00\x00\x00\x00\x00\x00\x00\x00\x00\x00\x00\x00\x00\x00\x00\x00\x00\x00\x00\x00\x00\x00\x00\x00\x00\x00\x00\x00\x00\x00\x00\x00\x00\x00\x00\x00\x00\x00\x00\x00\x00\x00\x00\x00\x00\x00\x00\x00\x00\x00\x00\x00\x00\x00\x00\x00\x00\x00\x00\x00\x00\x00\x00\x00\x00\x00\x00\x00\x00\x00\x00\x00\x00\x00\x00\x00\x00\x00\x00\x00\x00\x00\x00\x00\x00\x00\x00\x00\x00\x00\x00\x00\x00\x00\x00\x00\x00\x00\x00\x00\x00\x00\x00\x00\x00\x00\x00\x00\x00\x00\x00\x00\x00\x00\x00\x00\x00\x00\x00\x00\x00\x00\x00\x00\x00\x00\x00\x00\x00\x00\x00\x00\x00\x00\x00\x00\x00\x00\x00\x00\x00\x00\x00\x00\x00\x00\x00')
2026-09-23 23:01:51,729 LT1-thread root DEBUG gap.py                    1170  gap_read_controller_info  : received Header(svc_id=1, op=3, ctrl_index=0, data_len=277) (b'\x19x\xeei\x17\xd0\xd3\x06\x02\x00\x13\x02\x00\x00\x00\x00\x00btp_tester\x00\x00\x00\x00\x00\x00\x00\x00\x00\x00\x00\x00\x00\x00\x00\x00\x00\x00\x00\x00\x00\x00\x00\x00\x00\x00\x00\x00\x00\x00\x00\x00\x00\x00\x00\x00\x00\x00\x00\x00\x00\x00\x00\x00\x00\x00\x00\x00\x00\x00\x00\x00\x00\x00\x00\x00\x00\x00\x00\x00\x00\x00\x00\x00\x00\x00\x00\x00\x00\x00\x00\x00\x00\x00\x00\x00\x00\x00\x00\x00\x00\x00\x00\x00\x00\x00\x00\x00\x00\x00\x00\x00\x00\x00\x00\x00\x00\x00\x00\x00\x00\x00\x00\x00\x00\x00\x00\x00\x00\x00\x00\x00\x00\x00\x00\x00\x00\x00\x00\x00\x00\x00\x00\x00\x00\x00\x00\x00\x00\x00\x00\x00\x00\x00\x00\x00\x00\x00\x00\x00\x00\x00\x00\x00\x00\x00\x00\x00\x00\x00\x00\x00\x00\x00\x00\x00\x00\x00\x00\x00\x00\x00\x00\x00\x00\x00\x00\x00\x00\x00\x00\x00\x00\x00\x00\x00\x00\x00\x00\x00\x00\x00\x00\x00\x00\x00\x00\x00\x00\x00\x00\x00\x00\x00\x00\x00\x00\x00\x00\x00\x00\x00\x00\x00\x00\x00\x00\x00\x00\x00\x00\x00\x00\x00\x00\x00\x00\x00\x00\x00\x00\x00\x00\x00\x00\x00\x00\x00\x00\x00\x00\x00\x00\x00\x00\x00\x00\x00\x00\x00\x00\x00\x00\x00\x00\x00\x00\x00\x00\x00',)
2026-09-23 23:01:51,729 LT1-thread root DEBUG gap.py                    1191  gap_read_controller_info  : IUT address 'd01769ee7819' 'public'
2026-09-23 23:01:51,729 LT1-thread root DEBUG gap.py                    596   __gap_current_settings_update : 531
2026-09-23 23:01:51,729 LT1-thread root DEBUG testcase.py               254   start                     : Starting test function: class=<class 'autopts.ptsprojects.testcase.TestFunc'>, func=<function test_cases.<locals>.<lambda> at 0x000001E0BD7C6DE0> start_wid=None stop_wid=None post_wid=None skip_call=None call_count=86 args=() kwds={}
2026-09-23 23:01:51,729 LT1-thread root DEBUG testcase.py               266   start                     : Test function parameters: args=(), kwds={}
2026-09-23 23:01:51,739 LT1-thread root DEBUG testcase.py               254   start                     : Starting test function: class=<class 'autopts.ptsprojects.testcase.TestFunc'>, func=<function test_cases.<locals>.<lambda> at 0x000001E0BD7C5120> start_wid=None stop_wid=None post_wid=None skip_call=None call_count=86 args=() kwds={}
2026-09-23 23:01:51,739 LT1-thread root DEBUG testcase.py               266   start                     : Test function parameters: args=(), kwds={}
2026-09-23 23:01:51,746 LT1-thread root DEBUG testcase.py               254   start                     : Starting test function: class=<class 'autopts.ptsprojects.testcase.TestFunc'>, func=<function test_cases.<locals>.<lambda> at 0x000001E0BD7C6E80> start_wid=None stop_wid=None post_wid=None skip_call=None call_count=86 args=() kwds={}
2026-09-23 23:01:51,748 LT1-thread root DEBUG testcase.py               266   start                     : Test function parameters: args=(), kwds={}
2026-09-23 23:01:51,755 LT1-thread root DEBUG testcase.py               254   start                     : Starting test function: class=<class 'autopts.ptsprojects.testcase.TestFunc'>, func=<function test_cases.<locals>.<lambda> at 0x000001E0BD7C6F20> start_wid=None stop_wid=None post_wid=None skip_call=None call_count=86 args=() kwds={}
2026-09-23 23:01:51,755 LT1-thread root DEBUG testcase.py               266   start                     : Test function parameters: args=(), kwds={}
2026-09-23 23:01:51,764 LT1-thread root DEBUG testcase.py               254   start                     : Starting test function: class=<class 'autopts.ptsprojects.testcase.TestFunc'>, func=<function test_cases.<locals>.<lambda> at 0x000001E0BD7C6FC0> start_wid=None stop_wid=None post_wid=None skip_call=None call_count=86 args=() kwds={}
2026-09-23 23:01:51,764 LT1-thread root DEBUG testcase.py               266   start                     : Test function parameters: args=(), kwds={}
2026-09-23 23:01:51,772 LT1-thread root DEBUG testcase.py               254   start                     : Starting test function: class=<class 'autopts.ptsprojects.testcase.TestFunc'>, func=<function test_cases.<locals>.<lambda> at 0x000001E0BD7C7060> start_wid=None stop_wid=None post_wid=None skip_call=None call_count=86 args=() kwds={}
2026-09-23 23:01:51,772 LT1-thread root DEBUG testcase.py               266   start                     : Test function parameters: args=(), kwds={}
2026-09-23 23:01:51,781 LT1-thread root DEBUG testcase.py               254   start                     : Starting test function: class=<class 'autopts.ptsprojects.testcase.TestFunc'>, func=<function test_cases.<locals>.<lambda> at 0x000001E0BD7C7100> start_wid=None stop_wid=None post_wid=None skip_call=None call_count=86 args=() kwds={}
2026-09-23 23:01:51,781 LT1-thread root DEBUG testcase.py               266   start                     : Test function parameters: args=(), kwds={}
2026-09-23 23:01:51,789 LT1-thread root DEBUG testcase.py               254   start                     : Starting test function: class=<class 'autopts.ptsprojects.testcase.TestFunc'>, func=<function test_cases.<locals>.<lambda> at 0x000001E0BD7C71A0> start_wid=None stop_wid=None post_wid=None skip_call=None call_count=86 args=() kwds={}
2026-09-23 23:01:51,789 LT1-thread root DEBUG testcase.py               266   start                     : Test function parameters: args=(), kwds={}
2026-09-23 23:01:51,798 LT1-thread root DEBUG testcase.py               254   start                     : Starting test function: class=<class 'autopts.ptsprojects.testcase.TestFunc'>, func=<function test_cases.<locals>.<lambda> at 0x000001E0BD7C7240> start_wid=None stop_wid=None post_wid=None skip_call=None call_count=86 args=() kwds={}
2026-09-23 23:01:51,798 LT1-thread root DEBUG testcase.py               266   start                     : Test function parameters: args=(), kwds={}
2026-09-23 23:01:51,806 LT1-thread root DEBUG testcase.py               254   start                     : Starting test function: class=<class 'autopts.ptsprojects.testcase.TestFunc'>, func=<function test_cases.<locals>.<lambda> at 0x000001E0BD7C72E0> start_wid=None stop_wid=None post_wid=None skip_call=None call_count=86 args=() kwds={}
2026-09-23 23:01:51,806 LT1-thread root DEBUG testcase.py               266   start                     : Test function parameters: args=(), kwds={}
2026-09-23 23:01:51,814 LT1-thread root DEBUG testcase.py               254   start                     : Starting test function: class=<class 'autopts.ptsprojects.testcase.TestFunc'>, func=<function core_reg_svc_gatt at 0x000001E0BA25E2A0> start_wid=None stop_wid=None post_wid=None skip_call=None call_count=86 args=() kwds={}
2026-09-23 23:01:51,814 LT1-thread root DEBUG testcase.py               266   start                     : Test function parameters: args=(), kwds={}
2026-09-23 23:01:51,814 LT1-thread root DEBUG btp.py                    117   core_reg_svc_univ         : core_reg_svc_univ: gatt_reg (GATT)
2026-09-23 23:01:51,814 LT1-thread root DEBUG iutctl_common.py          161   send                      : 0 3 255 '2'
2026-09-23 23:01:51,814 LT1-thread root DEBUG iutctl_common.py          166   send                      : sending frame '0003ff010002'
2026-09-23 23:01:51,814 LT1-thread root DEBUG btp.py                    654   core_reg_svc_rsp_succ     : 
2026-09-23 23:01:51,816 LT1-thread root DEBUG iutctl_common.py          339   read                      : 
2026-09-23 23:01:51,851 BTPWorkerThread-10052 (_rx_task) root DEBUG iutctl_common.py          123   read                      : Read 5 bytes
2026-09-23 23:01:51,862 BTPWorkerThread-10052 (_rx_task) root DEBUG iutctl_common.py          131   read                      : Received: hdr: Header(svc_id=0x00, op=0x03, ctrl_index=0xff, data_len=0x00) bytearray(b'\x00\x03\xff\x00\x00')
2026-09-23 23:01:51,873 BTPWorkerThread-10052 (_rx_task) root DEBUG iutctl_common.py          154   read                      : Received data: {''}, bytearray(b'')
2026-09-23 23:01:51,883 LT1-thread root DEBUG btp.py                    665   core_reg_svc_rsp_succ     : received Header(svc_id=0, op=3, ctrl_index=255, data_len=0) (b'',)
2026-09-23 23:01:51,883 LT1-thread root DEBUG btp.py                    666   core_reg_svc_rsp_succ     : expected ((0, 3, 255, 0), (b'',))
2026-09-23 23:01:51,883 LT1-thread root DEBUG btp.py                    671   core_reg_svc_rsp_succ     : response is valid
2026-09-23 23:01:51,883 LT1-thread root DEBUG btp.py                    674   core_reg_svc_rsp_succ     : Reading supported commands for service: GATT
2026-09-23 23:01:51,883 LT1-thread root DEBUG iutctl_common.py          161   send                      : 2 1 255 ''
2026-09-23 23:01:51,883 LT1-thread root DEBUG iutctl_common.py          166   send                      : sending frame '0201ff0000'
2026-09-23 23:01:51,884 LT1-thread root DEBUG iutctl_common.py          339   read                      : 
2026-09-23 23:01:51,921 BTPWorkerThread-10052 (_rx_task) root DEBUG iutctl_common.py          123   read                      : Read 5 bytes
2026-09-23 23:01:51,932 BTPWorkerThread-10052 (_rx_task) root DEBUG iutctl_common.py          131   read                      : Received: hdr: Header(svc_id=0x02, op=0x01, ctrl_index=0xff, data_len=0x05) bytearray(b'\x02\x01\xff\x05\x00')
2026-09-23 23:01:51,954 BTPWorkerThread-10052 (_rx_task) root DEBUG iutctl_common.py          139   read                      : Read 5 bytes data
2026-09-23 23:01:51,965 BTPWorkerThread-10052 (_rx_task) root DEBUG iutctl_common.py          154   read                      : Received data: {'fe fe bf fd 0f'}, bytearray(b'\xfe\xfe\xbf\xfd\x0f')
2026-09-23 23:01:51,976 LT1-thread root DEBUG testcase.py               254   start                     : Starting test function: class=<class 'autopts.ptsprojects.testcase.TestFunc'>, func=<bound method Stack.gatt_init of <autopts.ptsprojects.stack.stack.Stack object at 0x000001E0B9424A70>> start_wid=None stop_wid=None post_wid=None skip_call=None call_count=86 args=() kwds={}
2026-09-23 23:01:51,976 LT1-thread root DEBUG testcase.py               266   start                     : Test function parameters: args=(), kwds={}
2026-09-23 23:01:51,976 LT1-thread root DEBUG testcase.py               254   start                     : Starting test function: class=<class 'autopts.ptsprojects.testcase.TestFunc'>, func=<function gap_set_io_capability at 0x000001E0BA29E020> start_wid=None stop_wid=None post_wid=None skip_call=None call_count=86 args=(4,) kwds={}
2026-09-23 23:01:51,976 LT1-thread root DEBUG testcase.py               266   start                     : Test function parameters: args=(4,), kwds={}
2026-09-23 23:01:51,976 LT1-thread root DEBUG gap.py                    861   gap_set_io_capability     : 4
2026-09-23 23:01:51,976 LT1-thread root DEBUG iutctl_common.py          161   send                      : 1 16 0 '\x04'
2026-09-23 23:01:51,976 LT1-thread root DEBUG iutctl_common.py          166   send                      : sending frame '011000010004'
2026-09-23 23:01:51,976 LT1-thread root DEBUG gap.py                    1229  gap_command_rsp_succ      : 
2026-09-23 23:01:51,976 LT1-thread root DEBUG iutctl_common.py          339   read                      : 
2026-09-23 23:01:52,016 BTPWorkerThread-10052 (_rx_task) root DEBUG iutctl_common.py          123   read                      : Read 5 bytes
2026-09-23 23:01:52,026 BTPWorkerThread-10052 (_rx_task) root DEBUG iutctl_common.py          131   read                      : Received: hdr: Header(svc_id=0x01, op=0x10, ctrl_index=0x00, data_len=0x00) bytearray(b'\x01\x10\x00\x00\x00')
2026-09-23 23:01:52,039 BTPWorkerThread-10052 (_rx_task) root DEBUG iutctl_common.py          154   read                      : Received data: {''}, bytearray(b'')
2026-09-23 23:01:52,050 LT1-thread root DEBUG gap.py                    1234  gap_command_rsp_succ      : received Header(svc_id=1, op=16, ctrl_index=0, data_len=0) (b'',)
2026-09-23 23:01:52,050 LT1-thread root DEBUG testcase.py               254   start                     : Starting test function: class=<class 'autopts.ptsprojects.testcase.TestFunc'>, func=<function gap_set_broadcast_code at 0x000001E0BA2A4220> start_wid=None stop_wid=None post_wid=None skip_call=None call_count=86 args=('0102680553F1415AA265BBAFC6EA03B8',) kwds={}
2026-09-23 23:01:52,050 LT1-thread root DEBUG testcase.py               266   start                     : Test function parameters: args=('0102680553F1415AA265BBAFC6EA03B8',), kwds={}
2026-09-23 23:01:52,050 LT1-thread root DEBUG gap.py                    1891  gap_set_broadcast_code    : '0102680553F1415AA265BBAFC6EA03B8'
2026-09-23 23:01:52,050 LT1-thread root DEBUG testcase.py               254   start                     : Starting test function: class=<class 'autopts.ptsprojects.testcase.TestFunc'>, func=<function set_pts_addr at 0x000001E0BA25DD00> start_wid=None stop_wid=None post_wid=None skip_call=None call_count=86 args=('00:1B:DC:08:E4:4E', 0) kwds={}
2026-09-23 23:01:52,050 LT1-thread root DEBUG testcase.py               266   start                     : Test function parameters: args=('00:1B:DC:08:E4:4E', 0), kwds={}
2026-09-23 23:01:52,050 LT1-thread root DEBUG testcase.py               254   start                     : Starting test function: class=<class 'autopts.ptsprojects.testcase.TestFunc'>, func=<function test_cases.<locals>.<lambda> at 0x000001E0BD7C7380> start_wid=None stop_wid=None post_wid=None skip_call=None call_count=18 args=() kwds={}
2026-09-23 23:01:52,052 LT1-thread root DEBUG testcase.py               266   start                     : Test function parameters: args=(), kwds={}
2026-09-23 23:01:52,060 LT1-thread root DEBUG testcase.py               254   start                     : Starting test function: class=<class 'autopts.ptsprojects.testcase.TestFunc'>, func=<function test_cases.<locals>.<lambda> at 0x000001E0BD7C7420> start_wid=None stop_wid=None post_wid=None skip_call=None call_count=18 args=() kwds={}
2026-09-23 23:01:52,060 LT1-thread root DEBUG testcase.py               266   start                     : Test function parameters: args=(), kwds={}
2026-09-23 23:01:52,068 LT1-thread root DEBUG testcase.py               254   start                     : Starting test function: class=<class 'autopts.ptsprojects.testcase.TestFunc'>, func=<function test_cases.<locals>.<lambda> at 0x000001E0BD7C74C0> start_wid=None stop_wid=None post_wid=None skip_call=None call_count=18 args=() kwds={}
2026-09-23 23:01:52,069 LT1-thread root DEBUG testcase.py               266   start                     : Test function parameters: args=(), kwds={}
2026-09-23 23:01:52,077 LT1-thread root DEBUG testcase.py               254   start                     : Starting test function: class=<class 'autopts.ptsprojects.testcase.TestFunc'>, func=<function test_cases.<locals>.<lambda> at 0x000001E0BD7C7560> start_wid=None stop_wid=None post_wid=None skip_call=None call_count=18 args=() kwds={}
2026-09-23 23:01:52,078 LT1-thread root DEBUG testcase.py               266   start                     : Test function parameters: args=(), kwds={}
2026-09-23 23:01:52,086 LT1-thread root DEBUG testcase.py               254   start                     : Starting test function: class=<class 'autopts.ptsprojects.testcase.TestFunc'>, func=<function test_cases.<locals>.<lambda> at 0x000001E0BD7C7600> start_wid=None stop_wid=None post_wid=None skip_call=None call_count=18 args=() kwds={}
2026-09-23 23:01:52,086 LT1-thread root DEBUG testcase.py               266   start                     : Test function parameters: args=(), kwds={}
2026-09-23 23:01:52,095 LT1-thread root DEBUG testcase.py               254   start                     : Starting test function: class=<class 'autopts.ptsprojects.testcase.TestFunc'>, func=<function test_cases.<locals>.<lambda> at 0x000001E0BD7C76A0> start_wid=None stop_wid=None post_wid=None skip_call=None call_count=18 args=() kwds={}
2026-09-23 23:01:52,096 LT1-thread root DEBUG testcase.py               266   start                     : Test function parameters: args=(), kwds={}
2026-09-23 23:01:52,104 LT1-thread root DEBUG testcase.py               254   start                     : Starting test function: class=<class 'autopts.ptsprojects.testcase.TestFunc'>, func=<function test_cases.<locals>.<lambda> at 0x000001E0BD7C7740> start_wid=None stop_wid=None post_wid=None skip_call=None call_count=18 args=() kwds={}
2026-09-23 23:01:52,104 LT1-thread root DEBUG testcase.py               266   start                     : Test function parameters: args=(), kwds={}
2026-09-23 23:01:52,112 LT1-thread root DEBUG testcase.py               254   start                     : Starting test function: class=<class 'autopts.ptsprojects.testcase.TestFunc'>, func=<function gap_set_io_capability at 0x000001E0BA29E020> start_wid=None stop_wid=None post_wid=None skip_call=None call_count=18 args=(3,) kwds={}
2026-09-23 23:01:52,112 LT1-thread root DEBUG testcase.py               266   start                     : Test function parameters: args=(3,), kwds={}
2026-09-23 23:01:52,112 LT1-thread root DEBUG gap.py                    861   gap_set_io_capability     : 3
2026-09-23 23:01:52,112 LT1-thread root DEBUG iutctl_common.py          161   send                      : 1 16 0 '\x03'
2026-09-23 23:01:52,114 LT1-thread root DEBUG iutctl_common.py          166   send                      : sending frame '011000010003'
2026-09-23 23:01:52,114 LT1-thread root DEBUG gap.py                    1229  gap_command_rsp_succ      : 
2026-09-23 23:01:52,114 LT1-thread root DEBUG iutctl_common.py          339   read                      : 
2026-09-23 23:01:52,141 BTPWorkerThread-10052 (_rx_task) root DEBUG iutctl_common.py          123   read                      : Read 5 bytes
2026-09-23 23:01:52,151 BTPWorkerThread-10052 (_rx_task) root DEBUG iutctl_common.py          131   read                      : Received: hdr: Header(svc_id=0x01, op=0x10, ctrl_index=0x00, data_len=0x00) bytearray(b'\x01\x10\x00\x00\x00')
2026-09-23 23:01:52,151 BTPWorkerThread-10052 (_rx_task) root DEBUG iutctl_common.py          154   read                      : Received data: {''}, bytearray(b'')
2026-09-23 23:01:52,162 LT1-thread root DEBUG gap.py                    1234  gap_command_rsp_succ      : received Header(svc_id=1, op=16, ctrl_index=0, data_len=0) (b'',)
2026-09-23 23:01:52,162 LT1-thread root DEBUG testcase.py               254   start                     : Starting test function: class=<class 'autopts.ptsprojects.testcase.TestFunc'>, func=<function core_reg_svc_l2cap at 0x000001E0BA25E3E0> start_wid=None stop_wid=None post_wid=None skip_call=None call_count=15 args=() kwds={}
2026-09-23 23:01:52,162 LT1-thread root DEBUG testcase.py               266   start                     : Test function parameters: args=(), kwds={}
2026-09-23 23:01:52,162 LT1-thread root DEBUG btp.py                    117   core_reg_svc_univ         : core_reg_svc_univ: l2cap_reg (L2CAP)
2026-09-23 23:01:52,162 LT1-thread root DEBUG iutctl_common.py          161   send                      : 0 3 255 '3'
2026-09-23 23:01:52,162 LT1-thread root DEBUG iutctl_common.py          166   send                      : sending frame '0003ff010003'
2026-09-23 23:01:52,162 LT1-thread root DEBUG btp.py                    654   core_reg_svc_rsp_succ     : 
2026-09-23 23:01:52,162 LT1-thread root DEBUG iutctl_common.py          339   read                      : 
2026-09-23 23:01:52,195 BTPWorkerThread-10052 (_rx_task) root DEBUG iutctl_common.py          123   read                      : Read 5 bytes
2026-09-23 23:01:52,206 BTPWorkerThread-10052 (_rx_task) root DEBUG iutctl_common.py          131   read                      : Received: hdr: Header(svc_id=0x00, op=0x03, ctrl_index=0xff, data_len=0x00) bytearray(b'\x00\x03\xff\x00\x00')
2026-09-23 23:01:52,211 BTPWorkerThread-10052 (_rx_task) root DEBUG iutctl_common.py          154   read                      : Received data: {''}, bytearray(b'')
2026-09-23 23:01:52,222 LT1-thread root DEBUG btp.py                    665   core_reg_svc_rsp_succ     : received Header(svc_id=0, op=3, ctrl_index=255, data_len=0) (b'',)
2026-09-23 23:01:52,222 LT1-thread root DEBUG btp.py                    666   core_reg_svc_rsp_succ     : expected ((0, 3, 255, 0), (b'',))
2026-09-23 23:01:52,222 LT1-thread root DEBUG btp.py                    671   core_reg_svc_rsp_succ     : response is valid
2026-09-23 23:01:52,222 LT1-thread root DEBUG btp.py                    674   core_reg_svc_rsp_succ     : Reading supported commands for service: L2CAP
2026-09-23 23:01:52,222 LT1-thread root DEBUG iutctl_common.py          161   send                      : 3 1 255 ''
2026-09-23 23:01:52,222 LT1-thread root DEBUG iutctl_common.py          166   send                      : sending frame '0301ff0000'
2026-09-23 23:01:52,223 LT1-thread root DEBUG iutctl_common.py          339   read                      : 
2026-09-23 23:01:52,266 BTPWorkerThread-10052 (_rx_task) root DEBUG iutctl_common.py          123   read                      : Read 5 bytes
2026-09-23 23:01:52,276 BTPWorkerThread-10052 (_rx_task) root DEBUG iutctl_common.py          131   read                      : Received: hdr: Header(svc_id=0x03, op=0x01, ctrl_index=0xff, data_len=0x02) bytearray(b'\x03\x01\xff\x02\x00')
2026-09-23 23:01:52,281 BTPWorkerThread-10052 (_rx_task) root DEBUG iutctl_common.py          139   read                      : Read 2 bytes data
2026-09-23 23:01:52,293 BTPWorkerThread-10052 (_rx_task) root DEBUG iutctl_common.py          154   read                      : Received data: {'be 1f'}, bytearray(b'\xbe\x1f')
2026-09-23 23:01:52,298 LT1-thread root DEBUG testcase.py               254   start                     : Starting test function: class=<class 'autopts.ptsprojects.testcase.TestFunc'>, func=<bound method Stack.l2cap_init of <autopts.ptsprojects.stack.stack.Stack object at 0x000001E0B9424A70>> start_wid=None stop_wid=None post_wid=None skip_call=None call_count=15 args=(4097, 120) kwds={}
2026-09-23 23:01:52,298 LT1-thread root DEBUG testcase.py               266   start                     : Test function parameters: args=(4097, 120), kwds={}
2026-09-23 23:01:52,298 LT1-thread root DEBUG testcase.py               254   start                     : Starting test function: class=<class 'autopts.ptsprojects.testcase.TestFunc'>, func=<function gap_set_bondable_off at 0x000001E0BA29E980> start_wid=None stop_wid=None post_wid=None skip_call=None call_count=1 args=() kwds={}
2026-09-23 23:01:52,298 LT1-thread root DEBUG testcase.py               266   start                     : Test function parameters: args=(), kwds={}
2026-09-23 23:01:52,298 LT1-thread root DEBUG gap.py                    1096  gap_set_bondable_off      : 
2026-09-23 23:01:52,298 LT1-thread root DEBUG iutctl_common.py          161   send                      : 1 9 0 '0'
2026-09-23 23:01:52,299 LT1-thread root DEBUG iutctl_common.py          166   send                      : sending frame '010900010000'
2026-09-23 23:01:52,299 LT1-thread root DEBUG gap.py                    1229  gap_command_rsp_succ      : 
2026-09-23 23:01:52,299 LT1-thread root DEBUG iutctl_common.py          339   read                      : 
2026-09-23 23:01:52,343 BTPWorkerThread-10052 (_rx_task) root DEBUG iutctl_common.py          123   read                      : Read 5 bytes
2026-09-23 23:01:52,355 BTPWorkerThread-10052 (_rx_task) root DEBUG iutctl_common.py          131   read                      : Received: hdr: Header(svc_id=0x01, op=0x09, ctrl_index=0x00, data_len=0x04) bytearray(b'\x01\t\x00\x04\x00')
2026-09-23 23:01:52,381 BTPWorkerThread-10052 (_rx_task) root DEBUG iutctl_common.py          139   read                      : Read 4 bytes data
2026-09-23 23:01:52,398 BTPWorkerThread-10052 (_rx_task) root DEBUG iutctl_common.py          154   read                      : Received data: {'03 02 00 00'}, bytearray(b'\x03\x02\x00\x00')
2026-09-23 23:01:52,403 LT1-thread root DEBUG gap.py                    1234  gap_command_rsp_succ      : received Header(svc_id=1, op=9, ctrl_index=0, data_len=4) (b'\x03\x02\x00\x00',)
2026-09-23 23:01:52,403 LT1-thread root DEBUG gap.py                    596   __gap_current_settings_update : (b'\x03\x02\x00\x00',)
2026-09-23 23:01:52,403 LT1-thread root DEBUG testcase.py               254   start                     : Starting test function: class=<class 'autopts.ptsprojects.testcase.TestFunc'>, func=<function gap_set_io_capability at 0x000001E0BA29E020> start_wid=None stop_wid=None post_wid=None skip_call=None call_count=1 args=(1,) kwds={}
2026-09-23 23:01:52,404 LT1-thread root DEBUG testcase.py               266   start                     : Test function parameters: args=(1,), kwds={}
2026-09-23 23:01:52,404 LT1-thread root DEBUG gap.py                    861   gap_set_io_capability     : 1
2026-09-23 23:01:52,404 LT1-thread root DEBUG iutctl_common.py          161   send                      : 1 16 0 '\x01'
2026-09-23 23:01:52,404 LT1-thread root DEBUG iutctl_common.py          166   send                      : sending frame '011000010001'
2026-09-23 23:01:52,404 LT1-thread root DEBUG gap.py                    1229  gap_command_rsp_succ      : 
2026-09-23 23:01:52,404 LT1-thread root DEBUG iutctl_common.py          339   read                      : 
2026-09-23 23:01:52,442 BTPWorkerThread-10052 (_rx_task) root DEBUG iutctl_common.py          123   read                      : Read 5 bytes
2026-09-23 23:01:52,453 BTPWorkerThread-10052 (_rx_task) root DEBUG iutctl_common.py          131   read                      : Received: hdr: Header(svc_id=0x01, op=0x10, ctrl_index=0x00, data_len=0x00) bytearray(b'\x01\x10\x00\x00\x00')
2026-09-23 23:01:52,458 BTPWorkerThread-10052 (_rx_task) root DEBUG iutctl_common.py          154   read                      : Received data: {''}, bytearray(b'')
2026-09-23 23:01:52,470 LT1-thread root DEBUG gap.py                    1234  gap_command_rsp_succ      : received Header(svc_id=1, op=16, ctrl_index=0, data_len=0) (b'',)
2026-09-23 23:01:52,471 LT1-thread root DEBUG client.py                 276   get_result                : ClientCallback.get_result run_test_case
2026-09-23 23:01:53,398 LT1-callback ClientCallback.on_implicit_send INFO client.py                 223   on_implicit_send          : 
    ********************
    BEGIN OnImplicitSend:
    project_name: GAP
    wid: 166
    test_case_name: GAP/SEC/SEM/BV-09-C
    description: Please order the IUT to go in connectable mode and in security mode 4. Press OK to continue.
    style: MMI_Style_Ok_Cancel1 0x11041
2026-09-23 23:01:53,399 LT1-callback ClientCallback.on_implicit_send INFO client.py                 236   on_implicit_send          : Calling test cases on_implicit_send
2026-09-23 23:01:53,399 LT1-callback ClientCallback.on_implicit_send INFO client.py                 249   on_implicit_send          : 
    on_implicit_send returned response: WAIT
    END OnImplicitSend
    ********************
2026-09-23 23:01:53,472 LT1-thread root DEBUG testcase.py               679   run_wid                   : GAP GAP/SEC/SEM/BV-09-C on_implicit_send
2026-09-23 23:01:53,472 LT1-thread root DEBUG gap_wid.py                26    gap_wid_hdl               : gap_wid_hdl, 166, Please order the IUT to go in connectable mode and in security mode 4. Press OK to continue., GAP/SEC/SEM/BV-09-C
2026-09-23 23:01:53,472 LT1-thread root DEBUG testcase.py               722   run_wid                   : Sending response 'OK' to wid 166 test case GAP/SEC/SEM/BV-09-C
2026-09-23 23:01:53,474 LT1-thread root DEBUG client.py                 276   get_result                : ClientCallback.get_result run_test_case
2026-09-23 23:01:54,688 LT1-callback ClientCallback.on_implicit_send INFO client.py                 223   on_implicit_send          : 
    ********************
    BEGIN OnImplicitSend:
    project_name: GAP
    wid: 102
    test_case_name: GAP/SEC/SEM/BV-09-C
    description: Please send an HCI connect request to establish a basic rate connection after the IUT discovers the Lower Tester over BR and LE.
    style: MMI_Style_Ok_Cancel2 0x11141
2026-09-23 23:01:54,688 LT1-callback ClientCallback.on_implicit_send INFO client.py                 236   on_implicit_send          : Calling test cases on_implicit_send
2026-09-23 23:01:54,688 LT1-callback ClientCallback.on_implicit_send INFO client.py                 249   on_implicit_send          : 
    on_implicit_send returned response: WAIT
    END OnImplicitSend
    ********************
2026-09-23 23:01:55,474 LT1-thread root DEBUG testcase.py               679   run_wid                   : GAP GAP/SEC/SEM/BV-09-C on_implicit_send
2026-09-23 23:01:55,474 LT1-thread root DEBUG gap_wid.py                26    gap_wid_hdl               : gap_wid_hdl, 102, Please send an HCI connect request to establish a basic rate connection after the IUT discovers the Lower Tester over BR and LE., GAP/SEC/SEM/BV-09-C
2026-09-23 23:01:55,474 LT1-thread root DEBUG gap.py                    1122  gap_start_discovery       : 
2026-09-23 23:01:55,474 LT1-thread root DEBUG iutctl_common.py          161   send                      : 1 12 0 '\x02'
2026-09-23 23:01:55,475 LT1-thread root DEBUG iutctl_common.py          166   send                      : sending frame '010c00010002'
2026-09-23 23:01:55,475 LT1-thread root DEBUG gap.py                    1229  gap_command_rsp_succ      : 
2026-09-23 23:01:55,475 LT1-thread root DEBUG iutctl_common.py          339   read                      : 
2026-09-23 23:01:55,511 BTPWorkerThread-10052 (_rx_task) root DEBUG iutctl_common.py          123   read                      : Read 5 bytes
2026-09-23 23:01:55,516 BTPWorkerThread-10052 (_rx_task) root DEBUG iutctl_common.py          131   read                      : Received: hdr: Header(svc_id=0x01, op=0x0c, ctrl_index=0x00, data_len=0x00) bytearray(b'\x01\x0c\x00\x00\x00')
2026-09-23 23:01:55,522 BTPWorkerThread-10052 (_rx_task) root DEBUG iutctl_common.py          154   read                      : Received data: {''}, bytearray(b'')
2026-09-23 23:01:55,527 LT1-thread root DEBUG gap.py                    1234  gap_command_rsp_succ      : received Header(svc_id=1, op=12, ctrl_index=0, data_len=0) (b'',)
2026-09-23 23:01:56,773 BTPWorkerThread-10052 (_rx_task) root DEBUG iutctl_common.py          123   read                      : Read 5 bytes
2026-09-23 23:01:56,773 BTPWorkerThread-10052 (_rx_task) root DEBUG iutctl_common.py          131   read                      : Received: hdr: Header(svc_id=0x01, op=0x81, ctrl_index=0x00, data_len=0x26) bytearray(b'\x01\x81\x00&\x00')
2026-09-23 23:01:56,773 BTPWorkerThread-10052 (_rx_task) root DEBUG iutctl_common.py          139   read                      : Read 38 bytes data
2026-09-23 23:01:56,774 BTPWorkerThread-10052 (_rx_task) root DEBUG iutctl_common.py          154   read                      : Received data: {'e0 53 00 4c 17 e5 44 af 03 1b 00 09 09 4e 58 4c 36 36 35 32 38 02 0a 0c 0d 03 0c 11 0a 11 0b 11 0e 11 1f 11 1e 11'}, bytearray(b'\xe0S\x00L\x17\xe5D\xaf\x03\x1b\x00\t\tNXL66528\x02\n\x0c\r\x03\x0c\x11\n\x11\x0b\x11\x0e\x11\x1f\x11\x1e\x11')
2026-09-23 23:01:56,774 BTPWorkerThread-10052 (_rx_task) root DEBUG btp.py                    736   event_handler             : Header(svc_id=1, op=129, ctrl_index=0, data_len=38) (b'\xe0S\x00L\x17\xe5D\xaf\x03\x1b\x00\t\tNXL66528\x02\n\x0c\r\x03\x0c\x11\n\x11\x0b\x11\x0e\x11\x1f\x11\x1e\x11',)
2026-09-23 23:01:56,774 BTPWorkerThread-10052 (_rx_task) root DEBUG gap.py                    193   gap_device_found_ev_      : b'\xe0S\x00L\x17\xe5D\xaf\x03\x1b\x00\t\tNXL66528\x02\n\x0c\r\x03\x0c\x11\n\x11\x0b\x11\x0e\x11\x1f\x11\x1e\x11'
2026-09-23 23:01:56,774 BTPWorkerThread-10052 (_rx_task) root DEBUG gap.py                    207   gap_device_found_ev_      : found '44e5174c0053' type 224 eir b'\t\tNXL66528\x02\n\x0c\r\x03\x0c\x11\n\x11\x0b\x11\x0e\x11\x1f\x11\x1e\x11'
2026-09-23 23:01:56,934 BTPWorkerThread-10052 (_rx_task) root DEBUG iutctl_common.py          123   read                      : Read 5 bytes
2026-09-23 23:01:56,934 BTPWorkerThread-10052 (_rx_task) root DEBUG iutctl_common.py          131   read                      : Received: hdr: Header(svc_id=0x01, op=0x81, ctrl_index=0x00, data_len=0x2a) bytearray(b'\x01\x81\x00*\x00')
2026-09-23 23:01:56,935 BTPWorkerThread-10052 (_rx_task) root DEBUG iutctl_common.py          139   read                      : Read 32 bytes data
2026-09-23 23:01:56,945 BTPWorkerThread-10052 (_rx_task) root DEBUG iutctl_common.py          139   read                      : Read 10 bytes data
2026-09-23 23:01:56,945 BTPWorkerThread-10052 (_rx_task) root DEBUG iutctl_common.py          154   read                      : Received data: {'e0 95 83 06 dc 1b 00 ad 03 1f 00 1e 09 48 46 50 20 41 47 20 44 65 6d 6f 20 30 30 3a 31 42 3a 44 43 3a 30 36 3a 38 33 3a 39 35'}, bytearray(b'\xe0\x95\x83\x06\xdc\x1b\x00\xad\x03\x1f\x00\x1e\tHFP AG Demo 00:1B:DC:06:83:95')
2026-09-23 23:01:56,945 BTPWorkerThread-10052 (_rx_task) root DEBUG btp.py                    736   event_handler             : Header(svc_id=1, op=129, ctrl_index=0, data_len=42) (b'\xe0\x95\x83\x06\xdc\x1b\x00\xad\x03\x1f\x00\x1e\tHFP AG Demo 00:1B:DC:06:83:95',)
2026-09-23 23:01:56,945 BTPWorkerThread-10052 (_rx_task) root DEBUG gap.py                    193   gap_device_found_ev_      : b'\xe0\x95\x83\x06\xdc\x1b\x00\xad\x03\x1f\x00\x1e\tHFP AG Demo 00:1B:DC:06:83:95'
2026-09-23 23:01:56,946 BTPWorkerThread-10052 (_rx_task) root DEBUG gap.py                    207   gap_device_found_ev_      : found '001bdc068395' type 224 eir b'\x1e\tHFP AG Demo 00:1B:DC:06:83:95'
2026-09-23 23:01:57,235 BTPWorkerThread-10052 (_rx_task) root DEBUG iutctl_common.py          123   read                      : Read 5 bytes
2026-09-23 23:01:57,235 BTPWorkerThread-10052 (_rx_task) root DEBUG iutctl_common.py          131   read                      : Received: hdr: Header(svc_id=0x01, op=0x81, ctrl_index=0x00, data_len=0x1a) bytearray(b'\x01\x81\x00\x1a\x00')
2026-09-23 23:01:57,235 BTPWorkerThread-10052 (_rx_task) root DEBUG iutctl_common.py          139   read                      : Read 26 bytes data
2026-09-23 23:01:57,236 BTPWorkerThread-10052 (_rx_task) root DEBUG iutctl_common.py          154   read                      : Received data: {'e0 4e e4 08 dc 1b 00 ce 03 0f 00 0e 09 50 54 53 2d 47 41 50 2d 45 34 34 45 00'}, bytearray(b'\xe0N\xe4\x08\xdc\x1b\x00\xce\x03\x0f\x00\x0e\tPTS-GAP-E44E\x00')
2026-09-23 23:01:57,236 BTPWorkerThread-10052 (_rx_task) root DEBUG btp.py                    736   event_handler             : Header(svc_id=1, op=129, ctrl_index=0, data_len=26) (b'\xe0N\xe4\x08\xdc\x1b\x00\xce\x03\x0f\x00\x0e\tPTS-GAP-E44E\x00',)
2026-09-23 23:01:57,236 BTPWorkerThread-10052 (_rx_task) root DEBUG gap.py                    193   gap_device_found_ev_      : b'\xe0N\xe4\x08\xdc\x1b\x00\xce\x03\x0f\x00\x0e\tPTS-GAP-E44E\x00'
2026-09-23 23:01:57,236 BTPWorkerThread-10052 (_rx_task) root DEBUG gap.py                    207   gap_device_found_ev_      : found '001bdc08e44e' type 224 eir b'\x0e\tPTS-GAP-E44E\x00'
2026-09-23 23:01:57,310 BTPWorkerThread-10052 (_rx_task) root DEBUG iutctl_common.py          123   read                      : Read 5 bytes
2026-09-23 23:01:57,310 BTPWorkerThread-10052 (_rx_task) root DEBUG iutctl_common.py          131   read                      : Received: hdr: Header(svc_id=0x01, op=0x81, ctrl_index=0x00, data_len=0x2a) bytearray(b'\x01\x81\x00*\x00')
2026-09-23 23:01:57,310 BTPWorkerThread-10052 (_rx_task) root DEBUG iutctl_common.py          139   read                      : Read 42 bytes data
2026-09-23 23:01:57,311 BTPWorkerThread-10052 (_rx_task) root DEBUG iutctl_common.py          154   read                      : Received data: {'e0 95 83 06 dc 1b 00 ad 03 1f 00 1e 09 48 46 50 20 41 47 20 44 65 6d 6f 20 30 30 3a 31 42 3a 44 43 3a 30 36 3a 38 33 3a 39 35'}, bytearray(b'\xe0\x95\x83\x06\xdc\x1b\x00\xad\x03\x1f\x00\x1e\tHFP AG Demo 00:1B:DC:06:83:95')
2026-09-23 23:01:57,311 BTPWorkerThread-10052 (_rx_task) root DEBUG btp.py                    736   event_handler             : Header(svc_id=1, op=129, ctrl_index=0, data_len=42) (b'\xe0\x95\x83\x06\xdc\x1b\x00\xad\x03\x1f\x00\x1e\tHFP AG Demo 00:1B:DC:06:83:95',)
2026-09-23 23:01:57,311 BTPWorkerThread-10052 (_rx_task) root DEBUG gap.py                    193   gap_device_found_ev_      : b'\xe0\x95\x83\x06\xdc\x1b\x00\xad\x03\x1f\x00\x1e\tHFP AG Demo 00:1B:DC:06:83:95'
2026-09-23 23:01:57,311 BTPWorkerThread-10052 (_rx_task) root DEBUG gap.py                    207   gap_device_found_ev_      : found '001bdc068395' type 224 eir b'\x1e\tHFP AG Demo 00:1B:DC:06:83:95'
2026-09-23 23:01:57,416 BTPWorkerThread-10052 (_rx_task) root DEBUG iutctl_common.py          123   read                      : Read 5 bytes
2026-09-23 23:01:57,416 BTPWorkerThread-10052 (_rx_task) root DEBUG iutctl_common.py          131   read                      : Received: hdr: Header(svc_id=0x01, op=0x81, ctrl_index=0x00, data_len=0x2a) bytearray(b'\x01\x81\x00*\x00')
2026-09-23 23:01:57,416 BTPWorkerThread-10052 (_rx_task) root DEBUG iutctl_common.py          139   read                      : Read 38 bytes data
2026-09-23 23:01:57,427 BTPWorkerThread-10052 (_rx_task) root DEBUG iutctl_common.py          139   read                      : Read 4 bytes data
2026-09-23 23:01:57,427 BTPWorkerThread-10052 (_rx_task) root DEBUG iutctl_common.py          154   read                      : Received data: {'e0 95 83 06 dc 1b 00 ab 03 1f 00 1e 09 48 46 50 20 41 47 20 44 65 6d 6f 20 30 30 3a 31 42 3a 44 43 3a 30 36 3a 38 33 3a 39 35'}, bytearray(b'\xe0\x95\x83\x06\xdc\x1b\x00\xab\x03\x1f\x00\x1e\tHFP AG Demo 00:1B:DC:06:83:95')
2026-09-23 23:01:57,427 BTPWorkerThread-10052 (_rx_task) root DEBUG btp.py                    736   event_handler             : Header(svc_id=1, op=129, ctrl_index=0, data_len=42) (b'\xe0\x95\x83\x06\xdc\x1b\x00\xab\x03\x1f\x00\x1e\tHFP AG Demo 00:1B:DC:06:83:95',)
2026-09-23 23:01:57,427 BTPWorkerThread-10052 (_rx_task) root DEBUG gap.py                    193   gap_device_found_ev_      : b'\xe0\x95\x83\x06\xdc\x1b\x00\xab\x03\x1f\x00\x1e\tHFP AG Demo 00:1B:DC:06:83:95'
2026-09-23 23:01:57,427 BTPWorkerThread-10052 (_rx_task) root DEBUG gap.py                    207   gap_device_found_ev_      : found '001bdc068395' type 224 eir b'\x1e\tHFP AG Demo 00:1B:DC:06:83:95'
2026-09-23 23:01:57,459 BTPWorkerThread-10052 (_rx_task) root DEBUG iutctl_common.py          123   read                      : Read 5 bytes
2026-09-23 23:01:57,460 BTPWorkerThread-10052 (_rx_task) root DEBUG iutctl_common.py          131   read                      : Received: hdr: Header(svc_id=0x01, op=0x81, ctrl_index=0x00, data_len=0x2a) bytearray(b'\x01\x81\x00*\x00')
2026-09-23 23:01:57,460 BTPWorkerThread-10052 (_rx_task) root DEBUG iutctl_common.py          139   read                      : Read 42 bytes data
2026-09-23 23:01:57,460 BTPWorkerThread-10052 (_rx_task) root DEBUG iutctl_common.py          154   read                      : Received data: {'e0 95 83 06 dc 1b 00 ad 03 1f 00 1e 09 48 46 50 20 41 47 20 44 65 6d 6f 20 30 30 3a 31 42 3a 44 43 3a 30 36 3a 38 33 3a 39 35'}, bytearray(b'\xe0\x95\x83\x06\xdc\x1b\x00\xad\x03\x1f\x00\x1e\tHFP AG Demo 00:1B:DC:06:83:95')
2026-09-23 23:01:57,460 BTPWorkerThread-10052 (_rx_task) root DEBUG btp.py                    736   event_handler             : Header(svc_id=1, op=129, ctrl_index=0, data_len=42) (b'\xe0\x95\x83\x06\xdc\x1b\x00\xad\x03\x1f\x00\x1e\tHFP AG Demo 00:1B:DC:06:83:95',)
2026-09-23 23:01:57,460 BTPWorkerThread-10052 (_rx_task) root DEBUG gap.py                    193   gap_device_found_ev_      : b'\xe0\x95\x83\x06\xdc\x1b\x00\xad\x03\x1f\x00\x1e\tHFP AG Demo 00:1B:DC:06:83:95'
2026-09-23 23:01:57,460 BTPWorkerThread-10052 (_rx_task) root DEBUG gap.py                    207   gap_device_found_ev_      : found '001bdc068395' type 224 eir b'\x1e\tHFP AG Demo 00:1B:DC:06:83:95'
2026-09-23 23:01:57,491 BTPWorkerThread-10052 (_rx_task) root DEBUG iutctl_common.py          123   read                      : Read 5 bytes
2026-09-23 23:01:57,491 BTPWorkerThread-10052 (_rx_task) root DEBUG iutctl_common.py          131   read                      : Received: hdr: Header(svc_id=0x01, op=0x81, ctrl_index=0x00, data_len=0x2a) bytearray(b'\x01\x81\x00*\x00')
2026-09-23 23:01:57,491 BTPWorkerThread-10052 (_rx_task) root DEBUG iutctl_common.py          139   read                      : Read 42 bytes data
2026-09-23 23:01:57,491 BTPWorkerThread-10052 (_rx_task) root DEBUG iutctl_common.py          154   read                      : Received data: {'e0 95 83 06 dc 1b 00 af 03 1f 00 1e 09 48 46 50 20 41 47 20 44 65 6d 6f 20 30 30 3a 31 42 3a 44 43 3a 30 36 3a 38 33 3a 39 35'}, bytearray(b'\xe0\x95\x83\x06\xdc\x1b\x00\xaf\x03\x1f\x00\x1e\tHFP AG Demo 00:1B:DC:06:83:95')
2026-09-23 23:01:57,492 BTPWorkerThread-10052 (_rx_task) root DEBUG btp.py                    736   event_handler             : Header(svc_id=1, op=129, ctrl_index=0, data_len=42) (b'\xe0\x95\x83\x06\xdc\x1b\x00\xaf\x03\x1f\x00\x1e\tHFP AG Demo 00:1B:DC:06:83:95',)
2026-09-23 23:01:57,492 BTPWorkerThread-10052 (_rx_task) root DEBUG gap.py                    193   gap_device_found_ev_      : b'\xe0\x95\x83\x06\xdc\x1b\x00\xaf\x03\x1f\x00\x1e\tHFP AG Demo 00:1B:DC:06:83:95'
2026-09-23 23:01:57,492 BTPWorkerThread-10052 (_rx_task) root DEBUG gap.py                    207   gap_device_found_ev_      : found '001bdc068395' type 224 eir b'\x1e\tHFP AG Demo 00:1B:DC:06:83:95'
2026-09-23 23:01:57,654 BTPWorkerThread-10052 (_rx_task) root DEBUG iutctl_common.py          123   read                      : Read 5 bytes
2026-09-23 23:01:57,654 BTPWorkerThread-10052 (_rx_task) root DEBUG iutctl_common.py          131   read                      : Received: hdr: Header(svc_id=0x01, op=0x81, ctrl_index=0x00, data_len=0x2a) bytearray(b'\x01\x81\x00*\x00')
2026-09-23 23:01:57,654 BTPWorkerThread-10052 (_rx_task) root DEBUG iutctl_common.py          139   read                      : Read 42 bytes data
2026-09-23 23:01:57,655 BTPWorkerThread-10052 (_rx_task) root DEBUG iutctl_common.py          154   read                      : Received data: {'e0 4d 65 9b 70 f3 5c a2 03 1f 00 1e 09 48 46 50 20 41 47 20 44 65 6d 6f 20 35 43 3a 46 33 3a 37 30 3a 39 42 3a 36 35 3a 34 44'}, bytearray(b'\xe0Me\x9bp\xf3\\\xa2\x03\x1f\x00\x1e\tHFP AG Demo 5C:F3:70:9B:65:4D')
2026-09-23 23:01:57,655 BTPWorkerThread-10052 (_rx_task) root DEBUG btp.py                    736   event_handler             : Header(svc_id=1, op=129, ctrl_index=0, data_len=42) (b'\xe0Me\x9bp\xf3\\\xa2\x03\x1f\x00\x1e\tHFP AG Demo 5C:F3:70:9B:65:4D',)
2026-09-23 23:01:57,655 BTPWorkerThread-10052 (_rx_task) root DEBUG gap.py                    193   gap_device_found_ev_      : b'\xe0Me\x9bp\xf3\\\xa2\x03\x1f\x00\x1e\tHFP AG Demo 5C:F3:70:9B:65:4D'
2026-09-23 23:01:57,655 BTPWorkerThread-10052 (_rx_task) root DEBUG gap.py                    207   gap_device_found_ev_      : found '5cf3709b654d' type 224 eir b'\x1e\tHFP AG Demo 5C:F3:70:9B:65:4D'
2026-09-23 23:01:57,784 BTPWorkerThread-10052 (_rx_task) root DEBUG iutctl_common.py          123   read                      : Read 5 bytes
2026-09-23 23:01:57,784 BTPWorkerThread-10052 (_rx_task) root DEBUG iutctl_common.py          131   read                      : Received: hdr: Header(svc_id=0x01, op=0x81, ctrl_index=0x00, data_len=0x2a) bytearray(b'\x01\x81\x00*\x00')
2026-09-23 23:01:57,785 BTPWorkerThread-10052 (_rx_task) root DEBUG iutctl_common.py          139   read                      : Read 42 bytes data
2026-09-23 23:01:57,785 BTPWorkerThread-10052 (_rx_task) root DEBUG iutctl_common.py          154   read                      : Received data: {'e0 95 83 06 dc 1b 00 af 03 1f 00 1e 09 48 46 50 20 41 47 20 44 65 6d 6f 20 30 30 3a 31 42 3a 44 43 3a 30 36 3a 38 33 3a 39 35'}, bytearray(b'\xe0\x95\x83\x06\xdc\x1b\x00\xaf\x03\x1f\x00\x1e\tHFP AG Demo 00:1B:DC:06:83:95')
2026-09-23 23:01:57,785 BTPWorkerThread-10052 (_rx_task) root DEBUG btp.py                    736   event_handler             : Header(svc_id=1, op=129, ctrl_index=0, data_len=42) (b'\xe0\x95\x83\x06\xdc\x1b\x00\xaf\x03\x1f\x00\x1e\tHFP AG Demo 00:1B:DC:06:83:95',)
2026-09-23 23:01:57,785 BTPWorkerThread-10052 (_rx_task) root DEBUG gap.py                    193   gap_device_found_ev_      : b'\xe0\x95\x83\x06\xdc\x1b\x00\xaf\x03\x1f\x00\x1e\tHFP AG Demo 00:1B:DC:06:83:95'
2026-09-23 23:01:57,785 BTPWorkerThread-10052 (_rx_task) root DEBUG gap.py                    207   gap_device_found_ev_      : found '001bdc068395' type 224 eir b'\x1e\tHFP AG Demo 00:1B:DC:06:83:95'
2026-09-23 23:01:57,912 BTPWorkerThread-10052 (_rx_task) root DEBUG iutctl_common.py          123   read                      : Read 5 bytes
2026-09-23 23:01:57,912 BTPWorkerThread-10052 (_rx_task) root DEBUG iutctl_common.py          131   read                      : Received: hdr: Header(svc_id=0x01, op=0x81, ctrl_index=0x00, data_len=0x26) bytearray(b'\x01\x81\x00&\x00')
2026-09-23 23:01:57,913 BTPWorkerThread-10052 (_rx_task) root DEBUG iutctl_common.py          139   read                      : Read 38 bytes data
2026-09-23 23:01:57,913 BTPWorkerThread-10052 (_rx_task) root DEBUG iutctl_common.py          154   read                      : Received data: {'e0 53 00 4c 17 e5 44 af 03 1b 00 09 09 4e 58 4c 36 36 35 32 38 02 0a 0c 0d 03 0c 11 0a 11 0b 11 0e 11 1f 11 1e 11'}, bytearray(b'\xe0S\x00L\x17\xe5D\xaf\x03\x1b\x00\t\tNXL66528\x02\n\x0c\r\x03\x0c\x11\n\x11\x0b\x11\x0e\x11\x1f\x11\x1e\x11')
2026-09-23 23:01:57,913 BTPWorkerThread-10052 (_rx_task) root DEBUG btp.py                    736   event_handler             : Header(svc_id=1, op=129, ctrl_index=0, data_len=38) (b'\xe0S\x00L\x17\xe5D\xaf\x03\x1b\x00\t\tNXL66528\x02\n\x0c\r\x03\x0c\x11\n\x11\x0b\x11\x0e\x11\x1f\x11\x1e\x11',)
2026-09-23 23:01:57,913 BTPWorkerThread-10052 (_rx_task) root DEBUG gap.py                    193   gap_device_found_ev_      : b'\xe0S\x00L\x17\xe5D\xaf\x03\x1b\x00\t\tNXL66528\x02\n\x0c\r\x03\x0c\x11\n\x11\x0b\x11\x0e\x11\x1f\x11\x1e\x11'
2026-09-23 23:01:57,913 BTPWorkerThread-10052 (_rx_task) root DEBUG gap.py                    207   gap_device_found_ev_      : found '44e5174c0053' type 224 eir b'\t\tNXL66528\x02\n\x0c\r\x03\x0c\x11\n\x11\x0b\x11\x0e\x11\x1f\x11\x1e\x11'
2026-09-23 23:01:59,654 BTPWorkerThread-10052 (_rx_task) root DEBUG iutctl_common.py          123   read                      : Read 5 bytes
2026-09-23 23:01:59,654 BTPWorkerThread-10052 (_rx_task) root DEBUG iutctl_common.py          131   read                      : Received: hdr: Header(svc_id=0x01, op=0x81, ctrl_index=0x00, data_len=0x26) bytearray(b'\x01\x81\x00&\x00')
2026-09-23 23:01:59,654 BTPWorkerThread-10052 (_rx_task) root DEBUG iutctl_common.py          139   read                      : Read 38 bytes data
2026-09-23 23:01:59,654 BTPWorkerThread-10052 (_rx_task) root DEBUG iutctl_common.py          154   read                      : Received data: {'e0 53 00 4c 17 e5 44 b2 03 1b 00 09 09 4e 58 4c 36 36 35 32 38 02 0a 0c 0d 03 0c 11 0a 11 0b 11 0e 11 1f 11 1e 11'}, bytearray(b'\xe0S\x00L\x17\xe5D\xb2\x03\x1b\x00\t\tNXL66528\x02\n\x0c\r\x03\x0c\x11\n\x11\x0b\x11\x0e\x11\x1f\x11\x1e\x11')
2026-09-23 23:01:59,655 BTPWorkerThread-10052 (_rx_task) root DEBUG btp.py                    736   event_handler             : Header(svc_id=1, op=129, ctrl_index=0, data_len=38) (b'\xe0S\x00L\x17\xe5D\xb2\x03\x1b\x00\t\tNXL66528\x02\n\x0c\r\x03\x0c\x11\n\x11\x0b\x11\x0e\x11\x1f\x11\x1e\x11',)
2026-09-23 23:01:59,655 BTPWorkerThread-10052 (_rx_task) root DEBUG gap.py                    193   gap_device_found_ev_      : b'\xe0S\x00L\x17\xe5D\xb2\x03\x1b\x00\t\tNXL66528\x02\n\x0c\r\x03\x0c\x11\n\x11\x0b\x11\x0e\x11\x1f\x11\x1e\x11'
2026-09-23 23:01:59,655 BTPWorkerThread-10052 (_rx_task) root DEBUG gap.py                    207   gap_device_found_ev_      : found '44e5174c0053' type 224 eir b'\t\tNXL66528\x02\n\x0c\r\x03\x0c\x11\n\x11\x0b\x11\x0e\x11\x1f\x11\x1e\x11'
2026-09-23 23:02:00,096 BTPWorkerThread-10052 (_rx_task) root DEBUG iutctl_common.py          123   read                      : Read 5 bytes
2026-09-23 23:02:00,096 BTPWorkerThread-10052 (_rx_task) root DEBUG iutctl_common.py          131   read                      : Received: hdr: Header(svc_id=0x01, op=0x81, ctrl_index=0x00, data_len=0x26) bytearray(b'\x01\x81\x00&\x00')
2026-09-23 23:02:00,096 BTPWorkerThread-10052 (_rx_task) root DEBUG iutctl_common.py          139   read                      : Read 38 bytes data
2026-09-23 23:02:00,097 BTPWorkerThread-10052 (_rx_task) root DEBUG iutctl_common.py          154   read                      : Received data: {'e0 53 00 4c 17 e5 44 ab 03 1b 00 09 09 4e 58 4c 36 36 35 32 38 02 0a 0c 0d 03 0c 11 0a 11 0b 11 0e 11 1f 11 1e 11'}, bytearray(b'\xe0S\x00L\x17\xe5D\xab\x03\x1b\x00\t\tNXL66528\x02\n\x0c\r\x03\x0c\x11\n\x11\x0b\x11\x0e\x11\x1f\x11\x1e\x11')
2026-09-23 23:02:00,097 BTPWorkerThread-10052 (_rx_task) root DEBUG btp.py                    736   event_handler             : Header(svc_id=1, op=129, ctrl_index=0, data_len=38) (b'\xe0S\x00L\x17\xe5D\xab\x03\x1b\x00\t\tNXL66528\x02\n\x0c\r\x03\x0c\x11\n\x11\x0b\x11\x0e\x11\x1f\x11\x1e\x11',)
2026-09-23 23:02:00,097 BTPWorkerThread-10052 (_rx_task) root DEBUG gap.py                    193   gap_device_found_ev_      : b'\xe0S\x00L\x17\xe5D\xab\x03\x1b\x00\t\tNXL66528\x02\n\x0c\r\x03\x0c\x11\n\x11\x0b\x11\x0e\x11\x1f\x11\x1e\x11'
2026-09-23 23:02:00,097 BTPWorkerThread-10052 (_rx_task) root DEBUG gap.py                    207   gap_device_found_ev_      : found '44e5174c0053' type 224 eir b'\t\tNXL66528\x02\n\x0c\r\x03\x0c\x11\n\x11\x0b\x11\x0e\x11\x1f\x11\x1e\x11'
2026-09-23 23:02:00,193 BTPWorkerThread-10052 (_rx_task) root DEBUG iutctl_common.py          123   read                      : Read 5 bytes
2026-09-23 23:02:00,193 BTPWorkerThread-10052 (_rx_task) root DEBUG iutctl_common.py          131   read                      : Received: hdr: Header(svc_id=0x01, op=0x81, ctrl_index=0x00, data_len=0x26) bytearray(b'\x01\x81\x00&\x00')
2026-09-23 23:02:00,194 BTPWorkerThread-10052 (_rx_task) root DEBUG iutctl_common.py          139   read                      : Read 38 bytes data
2026-09-23 23:02:00,194 BTPWorkerThread-10052 (_rx_task) root DEBUG iutctl_common.py          154   read                      : Received data: {'e0 53 00 4c 17 e5 44 b2 03 1b 00 09 09 4e 58 4c 36 36 35 32 38 02 0a 0c 0d 03 0c 11 0a 11 0b 11 0e 11 1f 11 1e 11'}, bytearray(b'\xe0S\x00L\x17\xe5D\xb2\x03\x1b\x00\t\tNXL66528\x02\n\x0c\r\x03\x0c\x11\n\x11\x0b\x11\x0e\x11\x1f\x11\x1e\x11')
2026-09-23 23:02:00,194 BTPWorkerThread-10052 (_rx_task) root DEBUG btp.py                    736   event_handler             : Header(svc_id=1, op=129, ctrl_index=0, data_len=38) (b'\xe0S\x00L\x17\xe5D\xb2\x03\x1b\x00\t\tNXL66528\x02\n\x0c\r\x03\x0c\x11\n\x11\x0b\x11\x0e\x11\x1f\x11\x1e\x11',)
2026-09-23 23:02:00,194 BTPWorkerThread-10052 (_rx_task) root DEBUG gap.py                    193   gap_device_found_ev_      : b'\xe0S\x00L\x17\xe5D\xb2\x03\x1b\x00\t\tNXL66528\x02\n\x0c\r\x03\x0c\x11\n\x11\x0b\x11\x0e\x11\x1f\x11\x1e\x11'
2026-09-23 23:02:00,194 BTPWorkerThread-10052 (_rx_task) root DEBUG gap.py                    207   gap_device_found_ev_      : found '44e5174c0053' type 224 eir b'\t\tNXL66528\x02\n\x0c\r\x03\x0c\x11\n\x11\x0b\x11\x0e\x11\x1f\x11\x1e\x11'
2026-09-23 23:02:00,280 BTPWorkerThread-10052 (_rx_task) root DEBUG iutctl_common.py          123   read                      : Read 5 bytes
2026-09-23 23:02:00,280 BTPWorkerThread-10052 (_rx_task) root DEBUG iutctl_common.py          131   read                      : Received: hdr: Header(svc_id=0x01, op=0x81, ctrl_index=0x00, data_len=0x26) bytearray(b'\x01\x81\x00&\x00')
2026-09-23 23:02:00,280 BTPWorkerThread-10052 (_rx_task) root DEBUG iutctl_common.py          139   read                      : Read 38 bytes data
2026-09-23 23:02:00,281 BTPWorkerThread-10052 (_rx_task) root DEBUG iutctl_common.py          154   read                      : Received data: {'e0 53 00 4c 17 e5 44 a7 03 1b 00 09 09 4e 58 4c 36 36 35 32 38 02 0a 0c 0d 03 0c 11 0a 11 0b 11 0e 11 1f 11 1e 11'}, bytearray(b'\xe0S\x00L\x17\xe5D\xa7\x03\x1b\x00\t\tNXL66528\x02\n\x0c\r\x03\x0c\x11\n\x11\x0b\x11\x0e\x11\x1f\x11\x1e\x11')
2026-09-23 23:02:00,281 BTPWorkerThread-10052 (_rx_task) root DEBUG btp.py                    736   event_handler             : Header(svc_id=1, op=129, ctrl_index=0, data_len=38) (b'\xe0S\x00L\x17\xe5D\xa7\x03\x1b\x00\t\tNXL66528\x02\n\x0c\r\x03\x0c\x11\n\x11\x0b\x11\x0e\x11\x1f\x11\x1e\x11',)
2026-09-23 23:02:00,281 BTPWorkerThread-10052 (_rx_task) root DEBUG gap.py                    193   gap_device_found_ev_      : b'\xe0S\x00L\x17\xe5D\xa7\x03\x1b\x00\t\tNXL66528\x02\n\x0c\r\x03\x0c\x11\n\x11\x0b\x11\x0e\x11\x1f\x11\x1e\x11'
2026-09-23 23:02:00,281 BTPWorkerThread-10052 (_rx_task) root DEBUG gap.py                    207   gap_device_found_ev_      : found '44e5174c0053' type 224 eir b'\t\tNXL66528\x02\n\x0c\r\x03\x0c\x11\n\x11\x0b\x11\x0e\x11\x1f\x11\x1e\x11'
2026-09-23 23:02:00,759 BTPWorkerThread-10052 (_rx_task) root DEBUG iutctl_common.py          123   read                      : Read 5 bytes
2026-09-23 23:02:00,760 BTPWorkerThread-10052 (_rx_task) root DEBUG iutctl_common.py          131   read                      : Received: hdr: Header(svc_id=0x01, op=0x81, ctrl_index=0x00, data_len=0x26) bytearray(b'\x01\x81\x00&\x00')
2026-09-23 23:02:00,760 BTPWorkerThread-10052 (_rx_task) root DEBUG iutctl_common.py          139   read                      : Read 38 bytes data
2026-09-23 23:02:00,760 BTPWorkerThread-10052 (_rx_task) root DEBUG iutctl_common.py          154   read                      : Received data: {'e0 53 00 4c 17 e5 44 af 03 1b 00 09 09 4e 58 4c 36 36 35 32 38 02 0a 0c 0d 03 0c 11 0a 11 0b 11 0e 11 1f 11 1e 11'}, bytearray(b'\xe0S\x00L\x17\xe5D\xaf\x03\x1b\x00\t\tNXL66528\x02\n\x0c\r\x03\x0c\x11\n\x11\x0b\x11\x0e\x11\x1f\x11\x1e\x11')
2026-09-23 23:02:00,760 BTPWorkerThread-10052 (_rx_task) root DEBUG btp.py                    736   event_handler             : Header(svc_id=1, op=129, ctrl_index=0, data_len=38) (b'\xe0S\x00L\x17\xe5D\xaf\x03\x1b\x00\t\tNXL66528\x02\n\x0c\r\x03\x0c\x11\n\x11\x0b\x11\x0e\x11\x1f\x11\x1e\x11',)
2026-09-23 23:02:00,760 BTPWorkerThread-10052 (_rx_task) root DEBUG gap.py                    193   gap_device_found_ev_      : b'\xe0S\x00L\x17\xe5D\xaf\x03\x1b\x00\t\tNXL66528\x02\n\x0c\r\x03\x0c\x11\n\x11\x0b\x11\x0e\x11\x1f\x11\x1e\x11'
2026-09-23 23:02:00,761 BTPWorkerThread-10052 (_rx_task) root DEBUG gap.py                    207   gap_device_found_ev_      : found '44e5174c0053' type 224 eir b'\t\tNXL66528\x02\n\x0c\r\x03\x0c\x11\n\x11\x0b\x11\x0e\x11\x1f\x11\x1e\x11'
2026-09-23 23:02:00,989 BTPWorkerThread-10052 (_rx_task) root DEBUG iutctl_common.py          123   read                      : Read 5 bytes
2026-09-23 23:02:00,989 BTPWorkerThread-10052 (_rx_task) root DEBUG iutctl_common.py          131   read                      : Received: hdr: Header(svc_id=0x01, op=0x81, ctrl_index=0x00, data_len=0x26) bytearray(b'\x01\x81\x00&\x00')
2026-09-23 23:02:00,989 BTPWorkerThread-10052 (_rx_task) root DEBUG iutctl_common.py          139   read                      : Read 4 bytes data
2026-09-23 23:02:01,000 BTPWorkerThread-10052 (_rx_task) root DEBUG iutctl_common.py          139   read                      : Read 34 bytes data
2026-09-23 23:02:01,000 BTPWorkerThread-10052 (_rx_task) root DEBUG iutctl_common.py          154   read                      : Received data: {'e0 53 00 4c 17 e5 44 b0 03 1b 00 09 09 4e 58 4c 36 36 35 32 38 02 0a 0c 0d 03 0c 11 0a 11 0b 11 0e 11 1f 11 1e 11'}, bytearray(b'\xe0S\x00L\x17\xe5D\xb0\x03\x1b\x00\t\tNXL66528\x02\n\x0c\r\x03\x0c\x11\n\x11\x0b\x11\x0e\x11\x1f\x11\x1e\x11')
2026-09-23 23:02:01,000 BTPWorkerThread-10052 (_rx_task) root DEBUG btp.py                    736   event_handler             : Header(svc_id=1, op=129, ctrl_index=0, data_len=38) (b'\xe0S\x00L\x17\xe5D\xb0\x03\x1b\x00\t\tNXL66528\x02\n\x0c\r\x03\x0c\x11\n\x11\x0b\x11\x0e\x11\x1f\x11\x1e\x11',)
2026-09-23 23:02:01,001 BTPWorkerThread-10052 (_rx_task) root DEBUG gap.py                    193   gap_device_found_ev_      : b'\xe0S\x00L\x17\xe5D\xb0\x03\x1b\x00\t\tNXL66528\x02\n\x0c\r\x03\x0c\x11\n\x11\x0b\x11\x0e\x11\x1f\x11\x1e\x11'
2026-09-23 23:02:01,001 BTPWorkerThread-10052 (_rx_task) root DEBUG gap.py                    207   gap_device_found_ev_      : found '44e5174c0053' type 224 eir b'\t\tNXL66528\x02\n\x0c\r\x03\x0c\x11\n\x11\x0b\x11\x0e\x11\x1f\x11\x1e\x11'
2026-09-23 23:02:01,118 BTPWorkerThread-10052 (_rx_task) root DEBUG iutctl_common.py          123   read                      : Read 5 bytes
2026-09-23 23:02:01,118 BTPWorkerThread-10052 (_rx_task) root DEBUG iutctl_common.py          131   read                      : Received: hdr: Header(svc_id=0x01, op=0x81, ctrl_index=0x00, data_len=0x26) bytearray(b'\x01\x81\x00&\x00')
2026-09-23 23:02:01,118 BTPWorkerThread-10052 (_rx_task) root DEBUG iutctl_common.py          139   read                      : Read 38 bytes data
2026-09-23 23:02:01,119 BTPWorkerThread-10052 (_rx_task) root DEBUG iutctl_common.py          154   read                      : Received data: {'e0 53 00 4c 17 e5 44 a8 03 1b 00 09 09 4e 58 4c 36 36 35 32 38 02 0a 0c 0d 03 0c 11 0a 11 0b 11 0e 11 1f 11 1e 11'}, bytearray(b'\xe0S\x00L\x17\xe5D\xa8\x03\x1b\x00\t\tNXL66528\x02\n\x0c\r\x03\x0c\x11\n\x11\x0b\x11\x0e\x11\x1f\x11\x1e\x11')
2026-09-23 23:02:01,119 BTPWorkerThread-10052 (_rx_task) root DEBUG btp.py                    736   event_handler             : Header(svc_id=1, op=129, ctrl_index=0, data_len=38) (b'\xe0S\x00L\x17\xe5D\xa8\x03\x1b\x00\t\tNXL66528\x02\n\x0c\r\x03\x0c\x11\n\x11\x0b\x11\x0e\x11\x1f\x11\x1e\x11',)
2026-09-23 23:02:01,119 BTPWorkerThread-10052 (_rx_task) root DEBUG gap.py                    193   gap_device_found_ev_      : b'\xe0S\x00L\x17\xe5D\xa8\x03\x1b\x00\t\tNXL66528\x02\n\x0c\r\x03\x0c\x11\n\x11\x0b\x11\x0e\x11\x1f\x11\x1e\x11'
2026-09-23 23:02:01,119 BTPWorkerThread-10052 (_rx_task) root DEBUG gap.py                    207   gap_device_found_ev_      : found '44e5174c0053' type 224 eir b'\t\tNXL66528\x02\n\x0c\r\x03\x0c\x11\n\x11\x0b\x11\x0e\x11\x1f\x11\x1e\x11'
2026-09-23 23:02:01,236 BTPWorkerThread-10052 (_rx_task) root DEBUG iutctl_common.py          123   read                      : Read 5 bytes
2026-09-23 23:02:01,236 BTPWorkerThread-10052 (_rx_task) root DEBUG iutctl_common.py          131   read                      : Received: hdr: Header(svc_id=0x01, op=0x81, ctrl_index=0x00, data_len=0x1a) bytearray(b'\x01\x81\x00\x1a\x00')
2026-09-23 23:02:01,236 BTPWorkerThread-10052 (_rx_task) root DEBUG iutctl_common.py          139   read                      : Read 26 bytes data
2026-09-23 23:02:01,237 BTPWorkerThread-10052 (_rx_task) root DEBUG iutctl_common.py          154   read                      : Received data: {'e0 4e e4 08 dc 1b 00 d0 03 0f 00 0e 09 50 54 53 2d 47 41 50 2d 45 34 34 45 00'}, bytearray(b'\xe0N\xe4\x08\xdc\x1b\x00\xd0\x03\x0f\x00\x0e\tPTS-GAP-E44E\x00')
2026-09-23 23:02:01,237 BTPWorkerThread-10052 (_rx_task) root DEBUG btp.py                    736   event_handler             : Header(svc_id=1, op=129, ctrl_index=0, data_len=26) (b'\xe0N\xe4\x08\xdc\x1b\x00\xd0\x03\x0f\x00\x0e\tPTS-GAP-E44E\x00',)
2026-09-23 23:02:01,237 BTPWorkerThread-10052 (_rx_task) root DEBUG gap.py                    193   gap_device_found_ev_      : b'\xe0N\xe4\x08\xdc\x1b\x00\xd0\x03\x0f\x00\x0e\tPTS-GAP-E44E\x00'
2026-09-23 23:02:01,237 BTPWorkerThread-10052 (_rx_task) root DEBUG gap.py                    207   gap_device_found_ev_      : found '001bdc08e44e' type 224 eir b'\x0e\tPTS-GAP-E44E\x00'
2026-09-23 23:02:01,237 BTPWorkerThread-10052 (_rx_task) root DEBUG iutctl_common.py          123   read                      : Read 5 bytes
2026-09-23 23:02:01,237 BTPWorkerThread-10052 (_rx_task) root DEBUG iutctl_common.py          131   read                      : Received: hdr: Header(svc_id=0x01, op=0x81, ctrl_index=0x00, data_len=0x26) bytearray(b'\x01\x81\x00&\x00')
2026-09-23 23:02:01,237 BTPWorkerThread-10052 (_rx_task) root DEBUG iutctl_common.py          139   read                      : Read 38 bytes data
2026-09-23 23:02:01,238 BTPWorkerThread-10052 (_rx_task) root DEBUG iutctl_common.py          154   read                      : Received data: {'e0 53 00 4c 17 e5 44 b3 03 1b 00 09 09 4e 58 4c 36 36 35 32 38 02 0a 0c 0d 03 0c 11 0a 11 0b 11 0e 11 1f 11 1e 11'}, bytearray(b'\xe0S\x00L\x17\xe5D\xb3\x03\x1b\x00\t\tNXL66528\x02\n\x0c\r\x03\x0c\x11\n\x11\x0b\x11\x0e\x11\x1f\x11\x1e\x11')
2026-09-23 23:02:01,238 BTPWorkerThread-10052 (_rx_task) root DEBUG btp.py                    736   event_handler             : Header(svc_id=1, op=129, ctrl_index=0, data_len=38) (b'\xe0S\x00L\x17\xe5D\xb3\x03\x1b\x00\t\tNXL66528\x02\n\x0c\r\x03\x0c\x11\n\x11\x0b\x11\x0e\x11\x1f\x11\x1e\x11',)
2026-09-23 23:02:01,238 BTPWorkerThread-10052 (_rx_task) root DEBUG gap.py                    193   gap_device_found_ev_      : b'\xe0S\x00L\x17\xe5D\xb3\x03\x1b\x00\t\tNXL66528\x02\n\x0c\r\x03\x0c\x11\n\x11\x0b\x11\x0e\x11\x1f\x11\x1e\x11'
2026-09-23 23:02:01,238 BTPWorkerThread-10052 (_rx_task) root DEBUG gap.py                    207   gap_device_found_ev_      : found '44e5174c0053' type 224 eir b'\t\tNXL66528\x02\n\x0c\r\x03\x0c\x11\n\x11\x0b\x11\x0e\x11\x1f\x11\x1e\x11'
2026-09-23 23:02:01,248 BTPWorkerThread-10052 (_rx_task) root DEBUG iutctl_common.py          123   read                      : Read 5 bytes
2026-09-23 23:02:01,248 BTPWorkerThread-10052 (_rx_task) root DEBUG iutctl_common.py          131   read                      : Received: hdr: Header(svc_id=0x01, op=0x81, ctrl_index=0x00, data_len=0x1a) bytearray(b'\x01\x81\x00\x1a\x00')
2026-09-23 23:02:01,249 BTPWorkerThread-10052 (_rx_task) root DEBUG iutctl_common.py          139   read                      : Read 8 bytes data
2026-09-23 23:02:01,259 BTPWorkerThread-10052 (_rx_task) root DEBUG iutctl_common.py          139   read                      : Read 18 bytes data
2026-09-23 23:02:01,259 BTPWorkerThread-10052 (_rx_task) root DEBUG iutctl_common.py          154   read                      : Received data: {'e0 4e e4 08 dc 1b 00 ce 03 0f 00 0e 09 50 54 53 2d 47 41 50 2d 45 34 34 45 00'}, bytearray(b'\xe0N\xe4\x08\xdc\x1b\x00\xce\x03\x0f\x00\x0e\tPTS-GAP-E44E\x00')
2026-09-23 23:02:01,259 BTPWorkerThread-10052 (_rx_task) root DEBUG btp.py                    736   event_handler             : Header(svc_id=1, op=129, ctrl_index=0, data_len=26) (b'\xe0N\xe4\x08\xdc\x1b\x00\xce\x03\x0f\x00\x0e\tPTS-GAP-E44E\x00',)
2026-09-23 23:02:01,259 BTPWorkerThread-10052 (_rx_task) root DEBUG gap.py                    193   gap_device_found_ev_      : b'\xe0N\xe4\x08\xdc\x1b\x00\xce\x03\x0f\x00\x0e\tPTS-GAP-E44E\x00'
2026-09-23 23:02:01,260 BTPWorkerThread-10052 (_rx_task) root DEBUG gap.py                    207   gap_device_found_ev_      : found '001bdc08e44e' type 224 eir b'\x0e\tPTS-GAP-E44E\x00'
2026-09-23 23:02:01,364 BTPWorkerThread-10052 (_rx_task) root DEBUG iutctl_common.py          123   read                      : Read 5 bytes
2026-09-23 23:02:01,364 BTPWorkerThread-10052 (_rx_task) root DEBUG iutctl_common.py          131   read                      : Received: hdr: Header(svc_id=0x01, op=0x81, ctrl_index=0x00, data_len=0x1a) bytearray(b'\x01\x81\x00\x1a\x00')
2026-09-23 23:02:01,364 BTPWorkerThread-10052 (_rx_task) root DEBUG iutctl_common.py          139   read                      : Read 26 bytes data
2026-09-23 23:02:01,365 BTPWorkerThread-10052 (_rx_task) root DEBUG iutctl_common.py          154   read                      : Received data: {'e0 4e e4 08 dc 1b 00 d2 03 0f 00 0e 09 50 54 53 2d 47 41 50 2d 45 34 34 45 00'}, bytearray(b'\xe0N\xe4\x08\xdc\x1b\x00\xd2\x03\x0f\x00\x0e\tPTS-GAP-E44E\x00')
2026-09-23 23:02:01,365 BTPWorkerThread-10052 (_rx_task) root DEBUG btp.py                    736   event_handler             : Header(svc_id=1, op=129, ctrl_index=0, data_len=26) (b'\xe0N\xe4\x08\xdc\x1b\x00\xd2\x03\x0f\x00\x0e\tPTS-GAP-E44E\x00',)
2026-09-23 23:02:01,365 BTPWorkerThread-10052 (_rx_task) root DEBUG gap.py                    193   gap_device_found_ev_      : b'\xe0N\xe4\x08\xdc\x1b\x00\xd2\x03\x0f\x00\x0e\tPTS-GAP-E44E\x00'
2026-09-23 23:02:01,365 BTPWorkerThread-10052 (_rx_task) root DEBUG gap.py                    207   gap_device_found_ev_      : found '001bdc08e44e' type 224 eir b'\x0e\tPTS-GAP-E44E\x00'
2026-09-23 23:02:01,824 BTPWorkerThread-10052 (_rx_task) root DEBUG iutctl_common.py          123   read                      : Read 5 bytes
2026-09-23 23:02:01,824 BTPWorkerThread-10052 (_rx_task) root DEBUG iutctl_common.py          131   read                      : Received: hdr: Header(svc_id=0x01, op=0x81, ctrl_index=0x00, data_len=0x0b) bytearray(b'\x01\x81\x00\x0b\x00')
2026-09-23 23:02:01,824 BTPWorkerThread-10052 (_rx_task) root DEBUG iutctl_common.py          139   read                      : Read 11 bytes data
2026-09-23 23:02:01,824 BTPWorkerThread-10052 (_rx_task) root DEBUG iutctl_common.py          154   read                      : Received data: {'e0 53 00 4c 17 e5 44 b2 03 00 00'}, bytearray(b'\xe0S\x00L\x17\xe5D\xb2\x03\x00\x00')
2026-09-23 23:02:01,824 BTPWorkerThread-10052 (_rx_task) root DEBUG btp.py                    736   event_handler             : Header(svc_id=1, op=129, ctrl_index=0, data_len=11) (b'\xe0S\x00L\x17\xe5D\xb2\x03\x00\x00',)
2026-09-23 23:02:01,824 BTPWorkerThread-10052 (_rx_task) root DEBUG gap.py                    193   gap_device_found_ev_      : b'\xe0S\x00L\x17\xe5D\xb2\x03\x00\x00'
2026-09-23 23:02:01,824 BTPWorkerThread-10052 (_rx_task) root DEBUG gap.py                    207   gap_device_found_ev_      : found '44e5174c0053' type 224 eir b''
2026-09-23 23:02:02,333 BTPWorkerThread-10052 (_rx_task) root DEBUG iutctl_common.py          123   read                      : Read 5 bytes
2026-09-23 23:02:02,333 BTPWorkerThread-10052 (_rx_task) root DEBUG iutctl_common.py          131   read                      : Received: hdr: Header(svc_id=0x01, op=0x81, ctrl_index=0x00, data_len=0x1a) bytearray(b'\x01\x81\x00\x1a\x00')
2026-09-23 23:02:02,333 BTPWorkerThread-10052 (_rx_task) root DEBUG iutctl_common.py          139   read                      : Read 26 bytes data
2026-09-23 23:02:02,333 BTPWorkerThread-10052 (_rx_task) root DEBUG iutctl_common.py          154   read                      : Received data: {'e0 4e e4 08 dc 1b 00 d4 03 0f 00 0e 09 50 54 53 2d 47 41 50 2d 45 34 34 45 00'}, bytearray(b'\xe0N\xe4\x08\xdc\x1b\x00\xd4\x03\x0f\x00\x0e\tPTS-GAP-E44E\x00')
2026-09-23 23:02:02,333 BTPWorkerThread-10052 (_rx_task) root DEBUG btp.py                    736   event_handler             : Header(svc_id=1, op=129, ctrl_index=0, data_len=26) (b'\xe0N\xe4\x08\xdc\x1b\x00\xd4\x03\x0f\x00\x0e\tPTS-GAP-E44E\x00',)
2026-09-23 23:02:02,333 BTPWorkerThread-10052 (_rx_task) root DEBUG gap.py                    193   gap_device_found_ev_      : b'\xe0N\xe4\x08\xdc\x1b\x00\xd4\x03\x0f\x00\x0e\tPTS-GAP-E44E\x00'
2026-09-23 23:02:02,334 BTPWorkerThread-10052 (_rx_task) root DEBUG gap.py                    207   gap_device_found_ev_      : found '001bdc08e44e' type 224 eir b'\x0e\tPTS-GAP-E44E\x00'
2026-09-23 23:02:02,600 BTPWorkerThread-10052 (_rx_task) root DEBUG iutctl_common.py          123   read                      : Read 5 bytes
2026-09-23 23:02:02,600 BTPWorkerThread-10052 (_rx_task) root DEBUG iutctl_common.py          131   read                      : Received: hdr: Header(svc_id=0x01, op=0x81, ctrl_index=0x00, data_len=0x1a) bytearray(b'\x01\x81\x00\x1a\x00')
2026-09-23 23:02:02,600 BTPWorkerThread-10052 (_rx_task) root DEBUG iutctl_common.py          139   read                      : Read 26 bytes data
2026-09-23 23:02:02,600 BTPWorkerThread-10052 (_rx_task) root DEBUG iutctl_common.py          154   read                      : Received data: {'e0 4e e4 08 dc 1b 00 d0 03 0f 00 0e 09 50 54 53 2d 47 41 50 2d 45 34 34 45 00'}, bytearray(b'\xe0N\xe4\x08\xdc\x1b\x00\xd0\x03\x0f\x00\x0e\tPTS-GAP-E44E\x00')
2026-09-23 23:02:02,600 BTPWorkerThread-10052 (_rx_task) root DEBUG btp.py                    736   event_handler             : Header(svc_id=1, op=129, ctrl_index=0, data_len=26) (b'\xe0N\xe4\x08\xdc\x1b\x00\xd0\x03\x0f\x00\x0e\tPTS-GAP-E44E\x00',)
2026-09-23 23:02:02,601 BTPWorkerThread-10052 (_rx_task) root DEBUG gap.py                    193   gap_device_found_ev_      : b'\xe0N\xe4\x08\xdc\x1b\x00\xd0\x03\x0f\x00\x0e\tPTS-GAP-E44E\x00'
2026-09-23 23:02:02,601 BTPWorkerThread-10052 (_rx_task) root DEBUG gap.py                    207   gap_device_found_ev_      : found '001bdc08e44e' type 224 eir b'\x0e\tPTS-GAP-E44E\x00'
2026-09-23 23:02:02,632 BTPWorkerThread-10052 (_rx_task) root DEBUG iutctl_common.py          123   read                      : Read 5 bytes
2026-09-23 23:02:02,632 BTPWorkerThread-10052 (_rx_task) root DEBUG iutctl_common.py          131   read                      : Received: hdr: Header(svc_id=0x01, op=0x81, ctrl_index=0x00, data_len=0x1a) bytearray(b'\x01\x81\x00\x1a\x00')
2026-09-23 23:02:02,632 BTPWorkerThread-10052 (_rx_task) root DEBUG iutctl_common.py          139   read                      : Read 14 bytes data
2026-09-23 23:02:02,643 BTPWorkerThread-10052 (_rx_task) root DEBUG iutctl_common.py          139   read                      : Read 12 bytes data
2026-09-23 23:02:02,644 BTPWorkerThread-10052 (_rx_task) root DEBUG iutctl_common.py          154   read                      : Received data: {'e0 4e e4 08 dc 1b 00 d0 03 0f 00 0e 09 50 54 53 2d 47 41 50 2d 45 34 34 45 00'}, bytearray(b'\xe0N\xe4\x08\xdc\x1b\x00\xd0\x03\x0f\x00\x0e\tPTS-GAP-E44E\x00')
2026-09-23 23:02:02,644 BTPWorkerThread-10052 (_rx_task) root DEBUG btp.py                    736   event_handler             : Header(svc_id=1, op=129, ctrl_index=0, data_len=26) (b'\xe0N\xe4\x08\xdc\x1b\x00\xd0\x03\x0f\x00\x0e\tPTS-GAP-E44E\x00',)
2026-09-23 23:02:02,644 BTPWorkerThread-10052 (_rx_task) root DEBUG gap.py                    193   gap_device_found_ev_      : b'\xe0N\xe4\x08\xdc\x1b\x00\xd0\x03\x0f\x00\x0e\tPTS-GAP-E44E\x00'
2026-09-23 23:02:02,644 BTPWorkerThread-10052 (_rx_task) root DEBUG gap.py                    207   gap_device_found_ev_      : found '001bdc08e44e' type 224 eir b'\x0e\tPTS-GAP-E44E\x00'
2026-09-23 23:02:02,676 BTPWorkerThread-10052 (_rx_task) root DEBUG iutctl_common.py          123   read                      : Read 5 bytes
2026-09-23 23:02:02,676 BTPWorkerThread-10052 (_rx_task) root DEBUG iutctl_common.py          131   read                      : Received: hdr: Header(svc_id=0x01, op=0x81, ctrl_index=0x00, data_len=0x1a) bytearray(b'\x01\x81\x00\x1a\x00')
2026-09-23 23:02:02,676 BTPWorkerThread-10052 (_rx_task) root DEBUG iutctl_common.py          139   read                      : Read 26 bytes data
2026-09-23 23:02:02,677 BTPWorkerThread-10052 (_rx_task) root DEBUG iutctl_common.py          154   read                      : Received data: {'e0 4e e4 08 dc 1b 00 d2 03 0f 00 0e 09 50 54 53 2d 47 41 50 2d 45 34 34 45 00'}, bytearray(b'\xe0N\xe4\x08\xdc\x1b\x00\xd2\x03\x0f\x00\x0e\tPTS-GAP-E44E\x00')
2026-09-23 23:02:02,677 BTPWorkerThread-10052 (_rx_task) root DEBUG btp.py                    736   event_handler             : Header(svc_id=1, op=129, ctrl_index=0, data_len=26) (b'\xe0N\xe4\x08\xdc\x1b\x00\xd2\x03\x0f\x00\x0e\tPTS-GAP-E44E\x00',)
2026-09-23 23:02:02,677 BTPWorkerThread-10052 (_rx_task) root DEBUG gap.py                    193   gap_device_found_ev_      : b'\xe0N\xe4\x08\xdc\x1b\x00\xd2\x03\x0f\x00\x0e\tPTS-GAP-E44E\x00'
2026-09-23 23:02:02,677 BTPWorkerThread-10052 (_rx_task) root DEBUG gap.py                    207   gap_device_found_ev_      : found '001bdc08e44e' type 224 eir b'\x0e\tPTS-GAP-E44E\x00'
2026-09-23 23:02:03,677 BTPWorkerThread-10052 (_rx_task) root DEBUG iutctl_common.py          123   read                      : Read 5 bytes
2026-09-23 23:02:03,677 BTPWorkerThread-10052 (_rx_task) root DEBUG iutctl_common.py          131   read                      : Received: hdr: Header(svc_id=0x01, op=0x81, ctrl_index=0x00, data_len=0x26) bytearray(b'\x01\x81\x00&\x00')
2026-09-23 23:02:03,677 BTPWorkerThread-10052 (_rx_task) root DEBUG iutctl_common.py          139   read                      : Read 38 bytes data
2026-09-23 23:02:03,678 BTPWorkerThread-10052 (_rx_task) root DEBUG iutctl_common.py          154   read                      : Received data: {'e0 53 00 4c 17 e5 44 af 03 1b 00 09 09 4e 58 4c 36 36 35 32 38 02 0a 0c 0d 03 0c 11 0a 11 0b 11 0e 11 1f 11 1e 11'}, bytearray(b'\xe0S\x00L\x17\xe5D\xaf\x03\x1b\x00\t\tNXL66528\x02\n\x0c\r\x03\x0c\x11\n\x11\x0b\x11\x0e\x11\x1f\x11\x1e\x11')
2026-09-23 23:02:03,678 BTPWorkerThread-10052 (_rx_task) root DEBUG btp.py                    736   event_handler             : Header(svc_id=1, op=129, ctrl_index=0, data_len=38) (b'\xe0S\x00L\x17\xe5D\xaf\x03\x1b\x00\t\tNXL66528\x02\n\x0c\r\x03\x0c\x11\n\x11\x0b\x11\x0e\x11\x1f\x11\x1e\x11',)
2026-09-23 23:02:03,678 BTPWorkerThread-10052 (_rx_task) root DEBUG gap.py                    193   gap_device_found_ev_      : b'\xe0S\x00L\x17\xe5D\xaf\x03\x1b\x00\t\tNXL66528\x02\n\x0c\r\x03\x0c\x11\n\x11\x0b\x11\x0e\x11\x1f\x11\x1e\x11'
2026-09-23 23:02:03,678 BTPWorkerThread-10052 (_rx_task) root DEBUG gap.py                    207   gap_device_found_ev_      : found '44e5174c0053' type 224 eir b'\t\tNXL66528\x02\n\x0c\r\x03\x0c\x11\n\x11\x0b\x11\x0e\x11\x1f\x11\x1e\x11'
2026-09-23 23:02:03,752 BTPWorkerThread-10052 (_rx_task) root DEBUG iutctl_common.py          123   read                      : Read 5 bytes
2026-09-23 23:02:03,752 BTPWorkerThread-10052 (_rx_task) root DEBUG iutctl_common.py          131   read                      : Received: hdr: Header(svc_id=0x01, op=0x81, ctrl_index=0x00, data_len=0x2a) bytearray(b'\x01\x81\x00*\x00')
2026-09-23 23:02:03,753 BTPWorkerThread-10052 (_rx_task) root DEBUG iutctl_common.py          139   read                      : Read 12 bytes data
2026-09-23 23:02:03,763 BTPWorkerThread-10052 (_rx_task) root DEBUG iutctl_common.py          139   read                      : Read 30 bytes data
2026-09-23 23:02:03,763 BTPWorkerThread-10052 (_rx_task) root DEBUG iutctl_common.py          154   read                      : Received data: {'e0 cd 83 06 dc 1b 00 a8 03 1f 00 1e 09 41 32 44 50 20 53 6f 75 72 63 65 20 30 30 3a 31 42 3a 44 43 3a 30 36 3a 38 33 3a 43 44'}, bytearray(b'\xe0\xcd\x83\x06\xdc\x1b\x00\xa8\x03\x1f\x00\x1e\tA2DP Source 00:1B:DC:06:83:CD')
2026-09-23 23:02:03,763 BTPWorkerThread-10052 (_rx_task) root DEBUG btp.py                    736   event_handler             : Header(svc_id=1, op=129, ctrl_index=0, data_len=42) (b'\xe0\xcd\x83\x06\xdc\x1b\x00\xa8\x03\x1f\x00\x1e\tA2DP Source 00:1B:DC:06:83:CD',)
2026-09-23 23:02:03,764 BTPWorkerThread-10052 (_rx_task) root DEBUG gap.py                    193   gap_device_found_ev_      : b'\xe0\xcd\x83\x06\xdc\x1b\x00\xa8\x03\x1f\x00\x1e\tA2DP Source 00:1B:DC:06:83:CD'
2026-09-23 23:02:03,764 BTPWorkerThread-10052 (_rx_task) root DEBUG gap.py                    207   gap_device_found_ev_      : found '001bdc0683cd' type 224 eir b'\x1e\tA2DP Source 00:1B:DC:06:83:CD'
2026-09-23 23:02:04,168 BTPWorkerThread-10052 (_rx_task) root DEBUG iutctl_common.py          123   read                      : Read 5 bytes
2026-09-23 23:02:04,168 BTPWorkerThread-10052 (_rx_task) root DEBUG iutctl_common.py          131   read                      : Received: hdr: Header(svc_id=0x01, op=0x81, ctrl_index=0x00, data_len=0x0b) bytearray(b'\x01\x81\x00\x0b\x00')
2026-09-23 23:02:04,168 BTPWorkerThread-10052 (_rx_task) root DEBUG iutctl_common.py          139   read                      : Read 11 bytes data
2026-09-23 23:02:04,169 BTPWorkerThread-10052 (_rx_task) root DEBUG iutctl_common.py          154   read                      : Received data: {'e0 cd 83 06 dc 1b 00 a3 03 00 00'}, bytearray(b'\xe0\xcd\x83\x06\xdc\x1b\x00\xa3\x03\x00\x00')
2026-09-23 23:02:04,169 BTPWorkerThread-10052 (_rx_task) root DEBUG btp.py                    736   event_handler             : Header(svc_id=1, op=129, ctrl_index=0, data_len=11) (b'\xe0\xcd\x83\x06\xdc\x1b\x00\xa3\x03\x00\x00',)
2026-09-23 23:02:04,169 BTPWorkerThread-10052 (_rx_task) root DEBUG gap.py                    193   gap_device_found_ev_      : b'\xe0\xcd\x83\x06\xdc\x1b\x00\xa3\x03\x00\x00'
2026-09-23 23:02:04,169 BTPWorkerThread-10052 (_rx_task) root DEBUG gap.py                    207   gap_device_found_ev_      : found '001bdc0683cd' type 224 eir b''
2026-09-23 23:02:04,307 BTPWorkerThread-10052 (_rx_task) root DEBUG iutctl_common.py          123   read                      : Read 5 bytes
2026-09-23 23:02:04,307 BTPWorkerThread-10052 (_rx_task) root DEBUG iutctl_common.py          131   read                      : Received: hdr: Header(svc_id=0x01, op=0x81, ctrl_index=0x00, data_len=0x0b) bytearray(b'\x01\x81\x00\x0b\x00')
2026-09-23 23:02:04,307 BTPWorkerThread-10052 (_rx_task) root DEBUG iutctl_common.py          139   read                      : Read 11 bytes data
2026-09-23 23:02:04,308 BTPWorkerThread-10052 (_rx_task) root DEBUG iutctl_common.py          154   read                      : Received data: {'e0 53 00 4c 17 e5 44 a8 03 00 00'}, bytearray(b'\xe0S\x00L\x17\xe5D\xa8\x03\x00\x00')
2026-09-23 23:02:04,308 BTPWorkerThread-10052 (_rx_task) root DEBUG btp.py                    736   event_handler             : Header(svc_id=1, op=129, ctrl_index=0, data_len=11) (b'\xe0S\x00L\x17\xe5D\xa8\x03\x00\x00',)
2026-09-23 23:02:04,308 BTPWorkerThread-10052 (_rx_task) root DEBUG gap.py                    193   gap_device_found_ev_      : b'\xe0S\x00L\x17\xe5D\xa8\x03\x00\x00'
2026-09-23 23:02:04,308 BTPWorkerThread-10052 (_rx_task) root DEBUG gap.py                    207   gap_device_found_ev_      : found '44e5174c0053' type 224 eir b''
2026-09-23 23:02:04,696 BTPWorkerThread-10052 (_rx_task) root DEBUG iutctl_common.py          123   read                      : Read 5 bytes
2026-09-23 23:02:04,697 BTPWorkerThread-10052 (_rx_task) root DEBUG iutctl_common.py          131   read                      : Received: hdr: Header(svc_id=0x01, op=0x81, ctrl_index=0x00, data_len=0x26) bytearray(b'\x01\x81\x00&\x00')
2026-09-23 23:02:04,697 BTPWorkerThread-10052 (_rx_task) root DEBUG iutctl_common.py          139   read                      : Read 21 bytes data
2026-09-23 23:02:04,707 BTPWorkerThread-10052 (_rx_task) root DEBUG iutctl_common.py          139   read                      : Read 17 bytes data
2026-09-23 23:02:04,707 BTPWorkerThread-10052 (_rx_task) root DEBUG iutctl_common.py          154   read                      : Received data: {'e0 53 00 4c 17 e5 44 b0 03 1b 00 09 09 4e 58 4c 36 36 35 32 38 02 0a 0c 0d 03 0c 11 0a 11 0b 11 0e 11 1f 11 1e 11'}, bytearray(b'\xe0S\x00L\x17\xe5D\xb0\x03\x1b\x00\t\tNXL66528\x02\n\x0c\r\x03\x0c\x11\n\x11\x0b\x11\x0e\x11\x1f\x11\x1e\x11')
2026-09-23 23:02:04,707 BTPWorkerThread-10052 (_rx_task) root DEBUG btp.py                    736   event_handler             : Header(svc_id=1, op=129, ctrl_index=0, data_len=38) (b'\xe0S\x00L\x17\xe5D\xb0\x03\x1b\x00\t\tNXL66528\x02\n\x0c\r\x03\x0c\x11\n\x11\x0b\x11\x0e\x11\x1f\x11\x1e\x11',)
2026-09-23 23:02:04,707 BTPWorkerThread-10052 (_rx_task) root DEBUG gap.py                    193   gap_device_found_ev_      : b'\xe0S\x00L\x17\xe5D\xb0\x03\x1b\x00\t\tNXL66528\x02\n\x0c\r\x03\x0c\x11\n\x11\x0b\x11\x0e\x11\x1f\x11\x1e\x11'
2026-09-23 23:02:04,708 BTPWorkerThread-10052 (_rx_task) root DEBUG gap.py                    207   gap_device_found_ev_      : found '44e5174c0053' type 224 eir b'\t\tNXL66528\x02\n\x0c\r\x03\x0c\x11\n\x11\x0b\x11\x0e\x11\x1f\x11\x1e\x11'
2026-09-23 23:02:04,847 BTPWorkerThread-10052 (_rx_task) root DEBUG iutctl_common.py          123   read                      : Read 5 bytes
2026-09-23 23:02:04,847 BTPWorkerThread-10052 (_rx_task) root DEBUG iutctl_common.py          131   read                      : Received: hdr: Header(svc_id=0x01, op=0x81, ctrl_index=0x00, data_len=0x26) bytearray(b'\x01\x81\x00&\x00')
2026-09-23 23:02:04,847 BTPWorkerThread-10052 (_rx_task) root DEBUG iutctl_common.py          139   read                      : Read 25 bytes data
2026-09-23 23:02:04,858 BTPWorkerThread-10052 (_rx_task) root DEBUG iutctl_common.py          139   read                      : Read 13 bytes data
2026-09-23 23:02:04,858 BTPWorkerThread-10052 (_rx_task) root DEBUG iutctl_common.py          154   read                      : Received data: {'e0 53 00 4c 17 e5 44 b2 03 1b 00 09 09 4e 58 4c 36 36 35 32 38 02 0a 0c 0d 03 0c 11 0a 11 0b 11 0e 11 1f 11 1e 11'}, bytearray(b'\xe0S\x00L\x17\xe5D\xb2\x03\x1b\x00\t\tNXL66528\x02\n\x0c\r\x03\x0c\x11\n\x11\x0b\x11\x0e\x11\x1f\x11\x1e\x11')
2026-09-23 23:02:04,858 BTPWorkerThread-10052 (_rx_task) root DEBUG btp.py                    736   event_handler             : Header(svc_id=1, op=129, ctrl_index=0, data_len=38) (b'\xe0S\x00L\x17\xe5D\xb2\x03\x1b\x00\t\tNXL66528\x02\n\x0c\r\x03\x0c\x11\n\x11\x0b\x11\x0e\x11\x1f\x11\x1e\x11',)
2026-09-23 23:02:04,858 BTPWorkerThread-10052 (_rx_task) root DEBUG gap.py                    193   gap_device_found_ev_      : b'\xe0S\x00L\x17\xe5D\xb2\x03\x1b\x00\t\tNXL66528\x02\n\x0c\r\x03\x0c\x11\n\x11\x0b\x11\x0e\x11\x1f\x11\x1e\x11'
2026-09-23 23:02:04,859 BTPWorkerThread-10052 (_rx_task) root DEBUG gap.py                    207   gap_device_found_ev_      : found '44e5174c0053' type 224 eir b'\t\tNXL66528\x02\n\x0c\r\x03\x0c\x11\n\x11\x0b\x11\x0e\x11\x1f\x11\x1e\x11'
2026-09-23 23:02:05,283 BTPWorkerThread-10052 (_rx_task) root DEBUG iutctl_common.py          123   read                      : Read 5 bytes
2026-09-23 23:02:05,283 BTPWorkerThread-10052 (_rx_task) root DEBUG iutctl_common.py          131   read                      : Received: hdr: Header(svc_id=0x01, op=0x81, ctrl_index=0x00, data_len=0x2a) bytearray(b'\x01\x81\x00*\x00')
2026-09-23 23:02:05,283 BTPWorkerThread-10052 (_rx_task) root DEBUG iutctl_common.py          139   read                      : Read 16 bytes data
2026-09-23 23:02:05,295 BTPWorkerThread-10052 (_rx_task) root DEBUG iutctl_common.py          139   read                      : Read 26 bytes data
2026-09-23 23:02:05,295 BTPWorkerThread-10052 (_rx_task) root DEBUG iutctl_common.py          154   read                      : Received data: {'e0 eb b2 06 dc 1b 00 a3 03 1f 00 1e 09 41 32 44 50 20 53 6f 75 72 63 65 20 30 30 3a 31 42 3a 44 43 3a 30 36 3a 42 32 3a 45 42'}, bytearray(b'\xe0\xeb\xb2\x06\xdc\x1b\x00\xa3\x03\x1f\x00\x1e\tA2DP Source 00:1B:DC:06:B2:EB')
2026-09-23 23:02:05,295 BTPWorkerThread-10052 (_rx_task) root DEBUG btp.py                    736   event_handler             : Header(svc_id=1, op=129, ctrl_index=0, data_len=42) (b'\xe0\xeb\xb2\x06\xdc\x1b\x00\xa3\x03\x1f\x00\x1e\tA2DP Source 00:1B:DC:06:B2:EB',)
2026-09-23 23:02:05,295 BTPWorkerThread-10052 (_rx_task) root DEBUG gap.py                    193   gap_device_found_ev_      : b'\xe0\xeb\xb2\x06\xdc\x1b\x00\xa3\x03\x1f\x00\x1e\tA2DP Source 00:1B:DC:06:B2:EB'
2026-09-23 23:02:05,295 BTPWorkerThread-10052 (_rx_task) root DEBUG gap.py                    207   gap_device_found_ev_      : found '001bdc06b2eb' type 224 eir b'\x1e\tA2DP Source 00:1B:DC:06:B2:EB'
2026-09-23 23:02:05,371 BTPWorkerThread-10052 (_rx_task) root DEBUG iutctl_common.py          123   read                      : Read 5 bytes
2026-09-23 23:02:05,371 BTPWorkerThread-10052 (_rx_task) root DEBUG iutctl_common.py          131   read                      : Received: hdr: Header(svc_id=0x01, op=0x81, ctrl_index=0x00, data_len=0x26) bytearray(b'\x01\x81\x00&\x00')
2026-09-23 23:02:05,371 BTPWorkerThread-10052 (_rx_task) root DEBUG iutctl_common.py          139   read                      : Read 38 bytes data
2026-09-23 23:02:05,372 BTPWorkerThread-10052 (_rx_task) root DEBUG iutctl_common.py          154   read                      : Received data: {'e0 53 00 4c 17 e5 44 ab 03 1b 00 09 09 4e 58 4c 36 36 35 32 38 02 0a 0c 0d 03 0c 11 0a 11 0b 11 0e 11 1f 11 1e 11'}, bytearray(b'\xe0S\x00L\x17\xe5D\xab\x03\x1b\x00\t\tNXL66528\x02\n\x0c\r\x03\x0c\x11\n\x11\x0b\x11\x0e\x11\x1f\x11\x1e\x11')
2026-09-23 23:02:05,372 BTPWorkerThread-10052 (_rx_task) root DEBUG btp.py                    736   event_handler             : Header(svc_id=1, op=129, ctrl_index=0, data_len=38) (b'\xe0S\x00L\x17\xe5D\xab\x03\x1b\x00\t\tNXL66528\x02\n\x0c\r\x03\x0c\x11\n\x11\x0b\x11\x0e\x11\x1f\x11\x1e\x11',)
2026-09-23 23:02:05,372 BTPWorkerThread-10052 (_rx_task) root DEBUG gap.py                    193   gap_device_found_ev_      : b'\xe0S\x00L\x17\xe5D\xab\x03\x1b\x00\t\tNXL66528\x02\n\x0c\r\x03\x0c\x11\n\x11\x0b\x11\x0e\x11\x1f\x11\x1e\x11'
2026-09-23 23:02:05,372 BTPWorkerThread-10052 (_rx_task) root DEBUG gap.py                    207   gap_device_found_ev_      : found '44e5174c0053' type 224 eir b'\t\tNXL66528\x02\n\x0c\r\x03\x0c\x11\n\x11\x0b\x11\x0e\x11\x1f\x11\x1e\x11'
2026-09-23 23:02:05,478 BTPWorkerThread-10052 (_rx_task) root DEBUG iutctl_common.py          123   read                      : Read 5 bytes
2026-09-23 23:02:05,478 BTPWorkerThread-10052 (_rx_task) root DEBUG iutctl_common.py          131   read                      : Received: hdr: Header(svc_id=0x01, op=0x81, ctrl_index=0x00, data_len=0x26) bytearray(b'\x01\x81\x00&\x00')
2026-09-23 23:02:05,478 BTPWorkerThread-10052 (_rx_task) root DEBUG iutctl_common.py          139   read                      : Read 28 bytes data
2026-09-23 23:02:05,490 BTPWorkerThread-10052 (_rx_task) root DEBUG iutctl_common.py          139   read                      : Read 10 bytes data
2026-09-23 23:02:05,490 BTPWorkerThread-10052 (_rx_task) root DEBUG iutctl_common.py          154   read                      : Received data: {'e0 53 00 4c 17 e5 44 b2 03 1b 00 09 09 4e 58 4c 36 36 35 32 38 02 0a 0c 0d 03 0c 11 0a 11 0b 11 0e 11 1f 11 1e 11'}, bytearray(b'\xe0S\x00L\x17\xe5D\xb2\x03\x1b\x00\t\tNXL66528\x02\n\x0c\r\x03\x0c\x11\n\x11\x0b\x11\x0e\x11\x1f\x11\x1e\x11')
2026-09-23 23:02:05,490 BTPWorkerThread-10052 (_rx_task) root DEBUG btp.py                    736   event_handler             : Header(svc_id=1, op=129, ctrl_index=0, data_len=38) (b'\xe0S\x00L\x17\xe5D\xb2\x03\x1b\x00\t\tNXL66528\x02\n\x0c\r\x03\x0c\x11\n\x11\x0b\x11\x0e\x11\x1f\x11\x1e\x11',)
2026-09-23 23:02:05,490 BTPWorkerThread-10052 (_rx_task) root DEBUG gap.py                    193   gap_device_found_ev_      : b'\xe0S\x00L\x17\xe5D\xb2\x03\x1b\x00\t\tNXL66528\x02\n\x0c\r\x03\x0c\x11\n\x11\x0b\x11\x0e\x11\x1f\x11\x1e\x11'
2026-09-23 23:02:05,491 BTPWorkerThread-10052 (_rx_task) root DEBUG gap.py                    207   gap_device_found_ev_      : found '44e5174c0053' type 224 eir b'\t\tNXL66528\x02\n\x0c\r\x03\x0c\x11\n\x11\x0b\x11\x0e\x11\x1f\x11\x1e\x11'
2026-09-23 23:02:05,528 LT1-thread root DEBUG gap.py                    1150  gap_stop_discovery        : 
2026-09-23 23:02:05,528 LT1-thread root DEBUG iutctl_common.py          161   send                      : 1 13 0 ''
2026-09-23 23:02:05,528 LT1-thread root DEBUG iutctl_common.py          166   send                      : sending frame '010d000000'
2026-09-23 23:02:05,528 LT1-thread root DEBUG gap.py                    1229  gap_command_rsp_succ      : 
2026-09-23 23:02:05,528 LT1-thread root DEBUG iutctl_common.py          339   read                      : 
2026-09-23 23:02:05,560 BTPWorkerThread-10052 (_rx_task) root DEBUG iutctl_common.py          123   read                      : Read 5 bytes
2026-09-23 23:02:05,565 BTPWorkerThread-10052 (_rx_task) root DEBUG iutctl_common.py          131   read                      : Received: hdr: Header(svc_id=0x01, op=0x0d, ctrl_index=0x00, data_len=0x00) bytearray(b'\x01\r\x00\x00\x00')
2026-09-23 23:02:05,565 BTPWorkerThread-10052 (_rx_task) root DEBUG iutctl_common.py          154   read                      : Received data: {''}, bytearray(b'')
2026-09-23 23:02:05,571 LT1-thread root DEBUG gap.py                    1234  gap_command_rsp_succ      : received Header(svc_id=1, op=13, ctrl_index=0, data_len=0) (b'',)
2026-09-23 23:02:05,571 LT1-thread root DEBUG gap.py                    1510  check_discovery_results   : 224 '001bdc08e44e' True None
2026-09-23 23:02:05,571 LT1-thread root DEBUG gap.py                    1519  check_discovery_results   : matching LeAdv(addr_type=224, addr='44e5174c0053', rssi=175, flags=3, eir=b'\t\tNXL66528\x02\n\x0c\r\x03\x0c\x11\n\x11\x0b\x11\x0e\x11\x1f\x11\x1e\x11')
2026-09-23 23:02:05,571 LT1-thread root DEBUG gap.py                    1519  check_discovery_results   : matching LeAdv(addr_type=224, addr='001bdc068395', rssi=173, flags=3, eir=b'\x1e\tHFP AG Demo 00:1B:DC:06:83:95')
2026-09-23 23:02:05,571 LT1-thread root DEBUG gap.py                    1519  check_discovery_results   : matching LeAdv(addr_type=224, addr='001bdc08e44e', rssi=206, flags=3, eir=b'\x0e\tPTS-GAP-E44E\x00')
2026-09-23 23:02:05,571 LT1-thread root DEBUG gap.py                    762   gap_connect               : None 224
2026-09-23 23:02:05,571 LT1-thread root DEBUG iutctl_common.py          161   send                      : 1 14 0 "bytearray(b'\\xe0N\\xe4\\x08\\xdc\\x1b\\x00\\x00')"
2026-09-23 23:02:05,571 LT1-thread root DEBUG iutctl_common.py          166   send                      : sending frame '010e000800e04ee408dc1b0000'
2026-09-23 23:02:05,572 LT1-thread root DEBUG iutctl_common.py          339   read                      : 
2026-09-23 23:02:05,610 BTPWorkerThread-10052 (_rx_task) root DEBUG iutctl_common.py          123   read                      : Read 5 bytes
2026-09-23 23:02:05,621 BTPWorkerThread-10052 (_rx_task) root DEBUG iutctl_common.py          131   read                      : Received: hdr: Header(svc_id=0x01, op=0x0e, ctrl_index=0x00, data_len=0x00) bytearray(b'\x01\x0e\x00\x00\x00')
2026-09-23 23:02:05,626 BTPWorkerThread-10052 (_rx_task) root DEBUG iutctl_common.py          154   read                      : Received data: {''}, bytearray(b'')
2026-09-23 23:02:08,383 BTPWorkerThread-10052 (_rx_task) root DEBUG iutctl_common.py          123   read                      : Read 5 bytes
2026-09-23 23:02:08,383 BTPWorkerThread-10052 (_rx_task) root DEBUG iutctl_common.py          131   read                      : Received: hdr: Header(svc_id=0x01, op=0x82, ctrl_index=0x00, data_len=0x0d) bytearray(b'\x01\x82\x00\r\x00')
2026-09-23 23:02:08,383 BTPWorkerThread-10052 (_rx_task) root DEBUG iutctl_common.py          139   read                      : Read 13 bytes data
2026-09-23 23:02:08,384 BTPWorkerThread-10052 (_rx_task) root DEBUG iutctl_common.py          154   read                      : Received data: {'e0 4e e4 08 dc 1b 00 00 00 00 00 00 00'}, bytearray(b'\xe0N\xe4\x08\xdc\x1b\x00\x00\x00\x00\x00\x00\x00')
2026-09-23 23:02:08,384 BTPWorkerThread-10052 (_rx_task) root DEBUG btp.py                    736   event_handler             : Header(svc_id=1, op=130, ctrl_index=0, data_len=13) (b'\xe0N\xe4\x08\xdc\x1b\x00\x00\x00\x00\x00\x00\x00',)
2026-09-23 23:02:08,384 BTPWorkerThread-10052 (_rx_task) root DEBUG gap.py                    215   gap_connected_ev_         : b'\xe0N\xe4\x08\xdc\x1b\x00\x00\x00\x00\x00\x00\x00'
2026-09-23 23:02:08,451 LT1-thread root DEBUG testcase.py               722   run_wid                   : Sending response 'OK' to wid 102 test case GAP/SEC/SEM/BV-09-C
2026-09-23 23:02:08,453 LT1-thread root DEBUG client.py                 276   get_result                : ClientCallback.get_result run_test_case
2026-09-23 23:02:08,455 LT1-callback ClientCallback.on_implicit_send INFO client.py                 223   on_implicit_send          : 
    ********************
    BEGIN OnImplicitSend:
    project_name: GAP
    wid: 103
    test_case_name: GAP/SEC/SEM/BV-09-C
    description: Please initiate BR/EDR security authentication and pairing to establish a service level enforced security!
After that, please create the service channel using L2CAP Connection Request.

Press OK to continue.
    style: MMI_Style_Ok 0x11040
2026-09-23 23:02:08,455 LT1-callback ClientCallback.on_implicit_send INFO client.py                 236   on_implicit_send          : Calling test cases on_implicit_send
2026-09-23 23:02:08,455 LT1-callback ClientCallback.on_implicit_send INFO client.py                 249   on_implicit_send          : 
    on_implicit_send returned response: WAIT
    END OnImplicitSend
    ********************
2026-09-23 23:02:09,454 LT1-thread root DEBUG testcase.py               679   run_wid                   : GAP GAP/SEC/SEM/BV-09-C on_implicit_send
2026-09-23 23:02:09,454 LT1-thread root DEBUG gap_wid.py                26    gap_wid_hdl               : gap_wid_hdl, 103, Please initiate BR/EDR security authentication and pairing to establish a service level enforced security!
After that, please create the service channel using L2CAP Connection Request.

Press OK to continue., GAP/SEC/SEM/BV-09-C
2026-09-23 23:02:09,454 LT1-thread root DEBUG gap.py                    873   gap_pair                  : None 224
2026-09-23 23:02:09,454 LT1-thread root DEBUG iutctl_common.py          161   send                      : 1 17 0 "bytearray(b'\\xe0N\\xe4\\x08\\xdc\\x1b\\x00')"
2026-09-23 23:02:09,454 LT1-thread root DEBUG iutctl_common.py          166   send                      : sending frame '0111000700e04ee408dc1b00'
2026-09-23 23:02:09,454 LT1-thread root DEBUG gap.py                    1229  gap_command_rsp_succ      : 
2026-09-23 23:02:09,454 LT1-thread root DEBUG iutctl_common.py          339   read                      : 
2026-09-23 23:02:09,484 BTPWorkerThread-10052 (_rx_task) root DEBUG iutctl_common.py          123   read                      : Read 5 bytes
2026-09-23 23:02:09,484 BTPWorkerThread-10052 (_rx_task) root DEBUG iutctl_common.py          131   read                      : Received: hdr: Header(svc_id=0x01, op=0x11, ctrl_index=0x00, data_len=0x00) bytearray(b'\x01\x11\x00\x00\x00')
2026-09-23 23:02:09,489 BTPWorkerThread-10052 (_rx_task) root DEBUG iutctl_common.py          154   read                      : Received data: {''}, bytearray(b'')
2026-09-23 23:02:09,500 LT1-thread root DEBUG gap.py                    1234  gap_command_rsp_succ      : received Header(svc_id=1, op=17, ctrl_index=0, data_len=0) (b'',)
2026-09-23 23:02:11,302 BTPWorkerThread-10052 (_rx_task) root DEBUG iutctl_common.py          123   read                      : Read 5 bytes
2026-09-23 23:02:11,302 BTPWorkerThread-10052 (_rx_task) root DEBUG iutctl_common.py          131   read                      : Received: hdr: Header(svc_id=0x01, op=0x91, ctrl_index=0x00, data_len=0x09) bytearray(b'\x01\x91\x00\t\x00')
2026-09-23 23:02:11,302 BTPWorkerThread-10052 (_rx_task) root DEBUG iutctl_common.py          139   read                      : Read 9 bytes data
2026-09-23 23:02:11,302 BTPWorkerThread-10052 (_rx_task) root DEBUG iutctl_common.py          154   read                      : Received data: {'e0 4e e4 08 dc 1b 00 01 10'}, bytearray(b'\xe0N\xe4\x08\xdc\x1b\x00\x01\x10')
2026-09-23 23:02:11,302 BTPWorkerThread-10052 (_rx_task) root DEBUG btp.py                    736   event_handler             : Header(svc_id=1, op=145, ctrl_index=0, data_len=9) (b'\xe0N\xe4\x08\xdc\x1b\x00\x01\x10',)
2026-09-23 23:02:11,302 BTPWorkerThread-10052 (_rx_task) root DEBUG gap.py                    494   gap_encryption_change_ev_ : 
2026-09-23 23:02:11,302 BTPWorkerThread-10052 (_rx_task) root DEBUG gap.py                    496   gap_encryption_change_ev_ : enc change received b'\xe0N\xe4\x08\xdc\x1b\x00\x01\x10'
2026-09-23 23:02:11,302 BTPWorkerThread-10052 (_rx_task) root DEBUG gap.py                    505   gap_encryption_change_ev_ : received (224, '001bdc08e44e', 1, 16)
2026-09-23 23:02:11,302 BTPWorkerThread-10052 (_rx_task) root DEBUG iutctl_common.py          123   read                      : Read 5 bytes
2026-09-23 23:02:11,303 BTPWorkerThread-10052 (_rx_task) root DEBUG iutctl_common.py          131   read                      : Received: hdr: Header(svc_id=0x01, op=0x89, ctrl_index=0x00, data_len=0x08) bytearray(b'\x01\x89\x00\x08\x00')
2026-09-23 23:02:11,303 BTPWorkerThread-10052 (_rx_task) root DEBUG iutctl_common.py          139   read                      : Read 8 bytes data
2026-09-23 23:02:11,303 BTPWorkerThread-10052 (_rx_task) root DEBUG iutctl_common.py          154   read                      : Received data: {'e0 4e e4 08 dc 1b 00 02'}, bytearray(b'\xe0N\xe4\x08\xdc\x1b\x00\x02')
2026-09-23 23:02:11,303 BTPWorkerThread-10052 (_rx_task) root DEBUG btp.py                    736   event_handler             : Header(svc_id=1, op=137, ctrl_index=0, data_len=8) (b'\xe0N\xe4\x08\xdc\x1b\x00\x02',)
2026-09-23 23:02:11,303 BTPWorkerThread-10052 (_rx_task) root DEBUG gap.py                    300   gap_sec_level_changed_ev_ : 
2026-09-23 23:02:11,303 BTPWorkerThread-10052 (_rx_task) root DEBUG gap.py                    302   gap_sec_level_changed_ev_ : received b'\xe0N\xe4\x08\xdc\x1b\x00\x02'
2026-09-23 23:02:11,303 BTPWorkerThread-10052 (_rx_task) root DEBUG gap.py                    313   gap_sec_level_changed_ev_ : received (224, '001bdc08e44e', 2)
2026-09-23 23:02:14,501 EventTimerThread-10071 root ERROR common.py                 44    timeout_cb                : Timeout after 5 seconds while waiting for event <threading.Event at 0x1e0bdcea000: set> with condition             wait_for_event(timeout, lambda: self.passkey.data)

2026-09-23 23:02:14,521 LT1-thread root DEBUG l2cap.py                  67    l2cap_conn                : None 224 8193
2026-09-23 23:02:14,521 LT1-thread root DEBUG iutctl_common.py          161   send                      : 3 2 0 "bytearray(b'\\xe0N\\xe4\\x08\\xdc\\x1b\\x00\\x01 x\\x00\\x01\\x00')"
2026-09-23 23:02:14,521 LT1-thread root DEBUG iutctl_common.py          166   send                      : sending frame '0302000d00e04ee408dc1b00012078000100'
2026-09-23 23:02:14,521 LT1-thread root DEBUG l2cap.py                  170   l2cap_conn_rsp            : 
2026-09-23 23:02:14,521 LT1-thread root DEBUG iutctl_common.py          339   read                      : 
2026-09-23 23:02:14,554 BTPWorkerThread-10052 (_rx_task) root DEBUG iutctl_common.py          123   read                      : Read 5 bytes
2026-09-23 23:02:14,565 BTPWorkerThread-10052 (_rx_task) root DEBUG iutctl_common.py          131   read                      : Received: hdr: Header(svc_id=0x03, op=0x02, ctrl_index=0x00, data_len=0x02) bytearray(b'\x03\x02\x00\x02\x00')
2026-09-23 23:02:14,576 BTPWorkerThread-10052 (_rx_task) root DEBUG iutctl_common.py          139   read                      : Read 2 bytes data
2026-09-23 23:02:14,582 BTPWorkerThread-10052 (_rx_task) root DEBUG iutctl_common.py          154   read                      : Received data: {'01 02'}, bytearray(b'\x01\x02')
2026-09-23 23:02:14,587 LT1-thread root DEBUG l2cap.py                  175   l2cap_conn_rsp            : received Header(svc_id=3, op=2, ctrl_index=0, data_len=2) (b'\x01\x02',)
2026-09-23 23:02:14,587 LT1-thread root DEBUG l2cap.py                  97    l2cap_conn                : id [2]
2026-09-23 23:02:14,587 LT1-thread root DEBUG testcase.py               722   run_wid                   : Sending response 'Ok' to wid 103 test case GAP/SEC/SEM/BV-09-C
2026-09-23 23:02:14,588 LT1-thread root DEBUG client.py                 276   get_result                : ClientCallback.get_result run_test_case
2026-09-23 23:02:15,576 LT1-callback ClientCallback.on_implicit_send INFO client.py                 223   on_implicit_send          : 
    ********************
    BEGIN OnImplicitSend:
    project_name: GAP
    wid: 103
    test_case_name: GAP/SEC/SEM/BV-09-C
    description: Please initiate BR/EDR security authentication and pairing to establish a service level enforced security!
After that, please create the service channel using L2CAP Connection Request.

Press OK to continue.
    style: MMI_Style_Ok 0x11040
2026-09-23 23:02:15,576 LT1-callback ClientCallback.on_implicit_send INFO client.py                 236   on_implicit_send          : Calling test cases on_implicit_send
2026-09-23 23:02:15,576 LT1-callback ClientCallback.on_implicit_send INFO client.py                 249   on_implicit_send          : 
    on_implicit_send returned response: WAIT
    END OnImplicitSend
    ********************
2026-09-23 23:02:15,587 BTPWorkerThread-10052 (_rx_task) root DEBUG iutctl_common.py          123   read                      : Read 5 bytes
2026-09-23 23:02:15,587 BTPWorkerThread-10052 (_rx_task) root DEBUG iutctl_common.py          131   read                      : Received: hdr: Header(svc_id=0x03, op=0x81, ctrl_index=0x00, data_len=0x12) bytearray(b'\x03\x81\x00\x12\x00')
2026-09-23 23:02:15,587 BTPWorkerThread-10052 (_rx_task) root DEBUG iutctl_common.py          139   read                      : Read 18 bytes data
2026-09-23 23:02:15,588 BTPWorkerThread-10052 (_rx_task) root DEBUG iutctl_common.py          154   read                      : Received data: {'02 64 00 a0 02 a0 02 78 00 78 00 e0 4e e4 08 dc 1b 00'}, bytearray(b'\x02d\x00\xa0\x02\xa0\x02x\x00x\x00\xe0N\xe4\x08\xdc\x1b\x00')
2026-09-23 23:02:15,588 BTPWorkerThread-10052 (_rx_task) root DEBUG btp.py                    736   event_handler             : Header(svc_id=3, op=129, ctrl_index=0, data_len=18) (b'\x02d\x00\xa0\x02\xa0\x02x\x00x\x00\xe0N\xe4\x08\xdc\x1b\x00',)
2026-09-23 23:02:15,588 BTPWorkerThread-10052 (_rx_task) root DEBUG l2cap.py                  384   l2cap_connected_ev        : b'\x02d\x00\xa0\x02\xa0\x02x\x00x\x00\xe0N\xe4\x08\xdc\x1b\x00' 18
2026-09-23 23:02:15,588 BTPWorkerThread-10052 (_rx_task) root DEBUG l2cap.py                  392   l2cap_connected_ev        : id:2 on psm:100, peer_mtu:672, peer_mps:672, our_mtu:120, our_mps:120, addr b'N\xe4\x08\xdc\x1b\x00' type 224
2026-09-23 23:02:15,589 LT1-thread root DEBUG testcase.py               679   run_wid                   : GAP GAP/SEC/SEM/BV-09-C on_implicit_send
2026-09-23 23:02:15,589 LT1-thread root DEBUG gap_wid.py                26    gap_wid_hdl               : gap_wid_hdl, 103, Please initiate BR/EDR security authentication and pairing to establish a service level enforced security!
After that, please create the service channel using L2CAP Connection Request.

Press OK to continue., GAP/SEC/SEM/BV-09-C
2026-09-23 23:02:15,589 LT1-thread root DEBUG gap.py                    892   gap_pair_v2               : None 224 4 3 0
2026-09-23 23:02:15,589 LT1-thread root DEBUG iutctl_common.py          161   send                      : 1 42 0 "bytearray(b'\\xe0N\\xe4\\x08\\xdc\\x1b\\x00\\x04\\x03\\x00')"
2026-09-23 23:02:15,590 LT1-thread root DEBUG iutctl_common.py          166   send                      : sending frame '012a000a00e04ee408dc1b00040300'
2026-09-23 23:02:15,590 LT1-thread root DEBUG gap.py                    1229  gap_command_rsp_succ      : 
2026-09-23 23:02:15,590 LT1-thread root DEBUG iutctl_common.py          339   read                      : 
2026-09-23 23:02:15,631 BTPWorkerThread-10052 (_rx_task) root DEBUG iutctl_common.py          123   read                      : Read 5 bytes
2026-09-23 23:02:15,643 BTPWorkerThread-10052 (_rx_task) root DEBUG iutctl_common.py          131   read                      : Received: hdr: Header(svc_id=0x01, op=0x2a, ctrl_index=0x00, data_len=0x00) bytearray(b'\x01*\x00\x00\x00')
2026-09-23 23:02:15,648 BTPWorkerThread-10052 (_rx_task) root DEBUG iutctl_common.py          154   read                      : Received data: {''}, bytearray(b'')
2026-09-23 23:02:15,659 LT1-thread root DEBUG gap.py                    1234  gap_command_rsp_succ      : received Header(svc_id=1, op=42, ctrl_index=0, data_len=0) (b'',)
2026-09-23 23:02:15,659 BTPWorkerThread-10052 (_rx_task) root DEBUG iutctl_common.py          123   read                      : Read 5 bytes
2026-09-23 23:02:15,659 LT1-thread root DEBUG l2cap.py                  67    l2cap_conn                : None 224 4097
2026-09-23 23:02:15,660 LT1-thread root DEBUG iutctl_common.py          161   send                      : 3 2 0 "bytearray(b'\\xe0N\\xe4\\x08\\xdc\\x1b\\x00\\x01\\x10x\\x00\\x01\\x00')"
2026-09-23 23:02:15,660 LT1-thread root DEBUG iutctl_common.py          166   send                      : sending frame '0302000d00e04ee408dc1b00011078000100'
2026-09-23 23:02:15,660 BTPWorkerThread-10052 (_rx_task) root DEBUG iutctl_common.py          131   read                      : Received: hdr: Header(svc_id=0x01, op=0x8b, ctrl_index=0x00, data_len=0x07) bytearray(b'\x01\x8b\x00\x07\x00')
2026-09-23 23:02:15,660 LT1-thread root DEBUG l2cap.py                  170   l2cap_conn_rsp            : 
2026-09-23 23:02:15,660 LT1-thread root DEBUG iutctl_common.py          339   read                      : 
2026-09-23 23:02:15,661 BTPWorkerThread-10052 (_rx_task) root DEBUG iutctl_common.py          139   read                      : Read 7 bytes data
2026-09-23 23:02:15,661 BTPWorkerThread-10052 (_rx_task) root DEBUG iutctl_common.py          154   read                      : Received data: {'e0 4e e4 08 dc 1b 00'}, bytearray(b'\xe0N\xe4\x08\xdc\x1b\x00')
2026-09-23 23:02:15,672 BTPWorkerThread-10052 (_rx_task) root DEBUG btp.py                    736   event_handler             : Header(svc_id=1, op=139, ctrl_index=0, data_len=7) (b'\xe0N\xe4\x08\xdc\x1b\x00',)
2026-09-23 23:02:15,684 BTPWorkerThread-10052 (_rx_task) root DEBUG gap.py                    350   gap_bond_lost_ev_         : 
2026-09-23 23:02:15,689 BTPWorkerThread-10052 (_rx_task) root DEBUG gap.py                    352   gap_bond_lost_ev_         : received b'\xe0N\xe4\x08\xdc\x1b\x00'
2026-09-23 23:02:15,695 BTPWorkerThread-10052 (_rx_task) root DEBUG gap.py                    361   gap_bond_lost_ev_         : received (224, '001bdc08e44e')
2026-09-23 23:02:15,705 BTPWorkerThread-10052 (_rx_task) root DEBUG iutctl_common.py          123   read                      : Read 5 bytes
2026-09-23 23:02:15,711 BTPWorkerThread-10052 (_rx_task) root DEBUG iutctl_common.py          131   read                      : Received: hdr: Header(svc_id=0x03, op=0x02, ctrl_index=0x00, data_len=0x02) bytearray(b'\x03\x02\x00\x02\x00')
2026-09-23 23:02:15,716 BTPWorkerThread-10052 (_rx_task) root DEBUG iutctl_common.py          139   read                      : Read 2 bytes data
2026-09-23 23:02:15,716 BTPWorkerThread-10052 (_rx_task) root DEBUG iutctl_common.py          154   read                      : Received data: {'01 03'}, bytearray(b'\x01\x03')
2026-09-23 23:02:15,721 BTPWorkerThread-10052 (_rx_task) root DEBUG iutctl_common.py          123   read                      : Read 5 bytes
2026-09-23 23:02:15,721 LT1-thread root DEBUG l2cap.py                  175   l2cap_conn_rsp            : received Header(svc_id=3, op=2, ctrl_index=0, data_len=2) (b'\x01\x03',)
2026-09-23 23:02:15,721 BTPWorkerThread-10052 (_rx_task) root DEBUG iutctl_common.py          131   read                      : Received: hdr: Header(svc_id=0x01, op=0x86, ctrl_index=0x00, data_len=0x0b) bytearray(b'\x01\x86\x00\x0b\x00')
2026-09-23 23:02:15,721 BTPWorkerThread-10052 (_rx_task) root DEBUG iutctl_common.py          139   read                      : Read 11 bytes data
2026-09-23 23:02:15,722 LT1-thread root DEBUG l2cap.py                  97    l2cap_conn                : id [3]
2026-09-23 23:02:15,722 LT1-thread root DEBUG testcase.py               722   run_wid                   : Sending response 'Ok' to wid 103 test case GAP/SEC/SEM/BV-09-C
2026-09-23 23:02:15,722 BTPWorkerThread-10052 (_rx_task) root DEBUG iutctl_common.py          154   read                      : Received data: {'e0 4e e4 08 dc 1b 00 73 30 00 00'}, bytearray(b'\xe0N\xe4\x08\xdc\x1b\x00s0\x00\x00')
2026-09-23 23:02:15,722 BTPWorkerThread-10052 (_rx_task) root DEBUG btp.py                    736   event_handler             : Header(svc_id=1, op=134, ctrl_index=0, data_len=11) (b'\xe0N\xe4\x08\xdc\x1b\x00s0\x00\x00',)
2026-09-23 23:02:15,722 BTPWorkerThread-10052 (_rx_task) root DEBUG gap.py                    462   gap_passkey_confirm_req_ev_ : 
2026-09-23 23:02:15,722 BTPWorkerThread-10052 (_rx_task) root DEBUG gap.py                    474   gap_passkey_confirm_req_ev_ : passkey = '012403'
2026-09-23 23:02:15,724 LT1-thread root DEBUG client.py                 276   get_result                : ClientCallback.get_result run_test_case
2026-09-23 23:02:15,726 LT1-callback ClientCallback.on_implicit_send INFO client.py                 223   on_implicit_send          : 
    ********************
    BEGIN OnImplicitSend:
    project_name: GAP
    wid: 2001
    test_case_name: GAP/SEC/SEM/BV-09-C
    description: Please verify the passKey is correct: 012403
    style: MMI_Style_Yes_No1 0x11044
2026-09-23 23:02:15,726 LT1-callback ClientCallback.on_implicit_send INFO client.py                 236   on_implicit_send          : Calling test cases on_implicit_send
2026-09-23 23:02:15,726 LT1-callback ClientCallback.on_implicit_send INFO client.py                 249   on_implicit_send          : 
    on_implicit_send returned response: WAIT
    END OnImplicitSend
    ********************
2026-09-23 23:02:16,725 LT1-thread root DEBUG testcase.py               679   run_wid                   : GAP GAP/SEC/SEM/BV-09-C on_implicit_send
2026-09-23 23:02:16,725 LT1-thread root DEBUG gap_wid.py                26    gap_wid_hdl               : gap_wid_hdl, 2001, Please verify the passKey is correct: 012403, GAP/SEC/SEM/BV-09-C
2026-09-23 23:02:16,725 LT1-thread root DEBUG gap.py                    952   gap_passkey_confirm_response : '001bdc08e44e' 224
2026-09-23 23:02:16,725 LT1-thread root DEBUG iutctl_common.py          161   send                      : 1 20 0 "bytearray(b'\\xe0N\\xe4\\x08\\xdc\\x1b\\x00\\x01')"
2026-09-23 23:02:16,725 LT1-thread root DEBUG iutctl_common.py          166   send                      : sending frame '0114000800e04ee408dc1b0001'
2026-09-23 23:02:16,725 LT1-thread root DEBUG gap.py                    1229  gap_command_rsp_succ      : 
2026-09-23 23:02:16,725 LT1-thread root DEBUG iutctl_common.py          339   read                      : 
2026-09-23 23:02:16,764 BTPWorkerThread-10052 (_rx_task) root DEBUG iutctl_common.py          123   read                      : Read 5 bytes
2026-09-23 23:02:16,769 BTPWorkerThread-10052 (_rx_task) root DEBUG iutctl_common.py          131   read                      : Received: hdr: Header(svc_id=0x01, op=0x14, ctrl_index=0x00, data_len=0x00) bytearray(b'\x01\x14\x00\x00\x00')
2026-09-23 23:02:16,774 BTPWorkerThread-10052 (_rx_task) root DEBUG iutctl_common.py          154   read                      : Received data: {''}, bytearray(b'')
2026-09-23 23:02:16,791 LT1-thread root DEBUG gap.py                    1234  gap_command_rsp_succ      : received Header(svc_id=1, op=20, ctrl_index=0, data_len=0) (b'',)
2026-09-23 23:02:16,791 LT1-thread root DEBUG testcase.py               722   run_wid                   : Sending response 'Yes' to wid 2001 test case GAP/SEC/SEM/BV-09-C
2026-09-23 23:02:16,793 LT1-thread root DEBUG client.py                 276   get_result                : ClientCallback.get_result run_test_case
2026-09-23 23:02:16,850 BTPWorkerThread-10052 (_rx_task) root DEBUG iutctl_common.py          123   read                      : Read 5 bytes
2026-09-23 23:02:16,850 BTPWorkerThread-10052 (_rx_task) root DEBUG iutctl_common.py          131   read                      : Received: hdr: Header(svc_id=0x01, op=0x91, ctrl_index=0x00, data_len=0x09) bytearray(b'\x01\x91\x00\t\x00')
2026-09-23 23:02:16,850 BTPWorkerThread-10052 (_rx_task) root DEBUG iutctl_common.py          139   read                      : Read 9 bytes data
2026-09-23 23:02:16,851 BTPWorkerThread-10052 (_rx_task) root DEBUG iutctl_common.py          154   read                      : Received data: {'e0 4e e4 08 dc 1b 00 01 10'}, bytearray(b'\xe0N\xe4\x08\xdc\x1b\x00\x01\x10')
2026-09-23 23:02:16,851 BTPWorkerThread-10052 (_rx_task) root DEBUG btp.py                    736   event_handler             : Header(svc_id=1, op=145, ctrl_index=0, data_len=9) (b'\xe0N\xe4\x08\xdc\x1b\x00\x01\x10',)
2026-09-23 23:02:16,851 BTPWorkerThread-10052 (_rx_task) root DEBUG gap.py                    494   gap_encryption_change_ev_ : 
2026-09-23 23:02:16,851 BTPWorkerThread-10052 (_rx_task) root DEBUG gap.py                    496   gap_encryption_change_ev_ : enc change received b'\xe0N\xe4\x08\xdc\x1b\x00\x01\x10'
2026-09-23 23:02:16,851 BTPWorkerThread-10052 (_rx_task) root DEBUG gap.py                    505   gap_encryption_change_ev_ : received (224, '001bdc08e44e', 1, 16)
2026-09-23 23:02:16,852 BTPWorkerThread-10052 (_rx_task) root DEBUG iutctl_common.py          123   read                      : Read 5 bytes
2026-09-23 23:02:16,852 BTPWorkerThread-10052 (_rx_task) root DEBUG iutctl_common.py          131   read                      : Received: hdr: Header(svc_id=0x01, op=0x89, ctrl_index=0x00, data_len=0x08) bytearray(b'\x01\x89\x00\x08\x00')
2026-09-23 23:02:16,852 BTPWorkerThread-10052 (_rx_task) root DEBUG iutctl_common.py          139   read                      : Read 8 bytes data
2026-09-23 23:02:16,852 BTPWorkerThread-10052 (_rx_task) root DEBUG iutctl_common.py          154   read                      : Received data: {'e0 4e e4 08 dc 1b 00 04'}, bytearray(b'\xe0N\xe4\x08\xdc\x1b\x00\x04')
2026-09-23 23:02:16,852 BTPWorkerThread-10052 (_rx_task) root DEBUG btp.py                    736   event_handler             : Header(svc_id=1, op=137, ctrl_index=0, data_len=8) (b'\xe0N\xe4\x08\xdc\x1b\x00\x04',)
2026-09-23 23:02:16,852 BTPWorkerThread-10052 (_rx_task) root DEBUG gap.py                    300   gap_sec_level_changed_ev_ : 
2026-09-23 23:02:16,852 BTPWorkerThread-10052 (_rx_task) root DEBUG gap.py                    302   gap_sec_level_changed_ev_ : received b'\xe0N\xe4\x08\xdc\x1b\x00\x04'
2026-09-23 23:02:16,852 BTPWorkerThread-10052 (_rx_task) root DEBUG gap.py                    313   gap_sec_level_changed_ev_ : received (224, '001bdc08e44e', 4)
2026-09-23 23:02:22,842 LT1-callback ClientCallback.on_implicit_send INFO client.py                 223   on_implicit_send          : 
    ********************
    BEGIN OnImplicitSend:
    project_name: GAP
    wid: 77
    test_case_name: GAP/SEC/SEM/BV-09-C
    description: Please send a disconnect request to terminate connection.
    style: MMI_Style_Ok_Cancel2 0x11141
2026-09-23 23:02:22,842 LT1-callback ClientCallback.on_implicit_send INFO client.py                 236   on_implicit_send          : Calling test cases on_implicit_send
2026-09-23 23:02:22,842 LT1-callback ClientCallback.on_implicit_send INFO client.py                 249   on_implicit_send          : 
    on_implicit_send returned response: WAIT
    END OnImplicitSend
    ********************
2026-09-23 23:02:23,797 LT1-thread root DEBUG testcase.py               679   run_wid                   : GAP GAP/SEC/SEM/BV-09-C on_implicit_send
2026-09-23 23:02:23,797 LT1-thread root DEBUG gap_wid.py                26    gap_wid_hdl               : gap_wid_hdl, 77, Please send a disconnect request to terminate connection., GAP/SEC/SEM/BV-09-C
2026-09-23 23:02:23,797 LT1-thread root DEBUG gap.py                    834   gap_disconnect            : None 224
2026-09-23 23:02:23,797 LT1-thread root DEBUG iutctl_common.py          161   send                      : 1 15 0 "bytearray(b'\\xe0N\\xe4\\x08\\xdc\\x1b\\x00')"
2026-09-23 23:02:23,797 LT1-thread root DEBUG iutctl_common.py          166   send                      : sending frame '010f000700e04ee408dc1b00'
2026-09-23 23:02:23,797 LT1-thread root DEBUG iutctl_common.py          339   read                      : 
2026-09-23 23:02:23,837 BTPWorkerThread-10052 (_rx_task) root DEBUG iutctl_common.py          123   read                      : Read 5 bytes
2026-09-23 23:02:23,847 BTPWorkerThread-10052 (_rx_task) root DEBUG iutctl_common.py          131   read                      : Received: hdr: Header(svc_id=0x01, op=0x0f, ctrl_index=0x00, data_len=0x00) bytearray(b'\x01\x0f\x00\x00\x00')
2026-09-23 23:02:23,853 BTPWorkerThread-10052 (_rx_task) root DEBUG iutctl_common.py          154   read                      : Received data: {''}, bytearray(b'')
2026-09-23 23:02:23,871 BTPWorkerThread-10052 (_rx_task) root DEBUG iutctl_common.py          123   read                      : Read 5 bytes
2026-09-23 23:02:23,871 BTPWorkerThread-10052 (_rx_task) root DEBUG iutctl_common.py          131   read                      : Received: hdr: Header(svc_id=0x03, op=0x82, ctrl_index=0x00, data_len=0x0c) bytearray(b'\x03\x82\x00\x0c\x00')
2026-09-23 23:02:23,871 BTPWorkerThread-10052 (_rx_task) root DEBUG iutctl_common.py          139   read                      : Read 12 bytes data
2026-09-23 23:02:23,872 BTPWorkerThread-10052 (_rx_task) root DEBUG iutctl_common.py          154   read                      : Received data: {'00 00 02 00 00 e0 4e e4 08 dc 1b 00'}, bytearray(b'\x00\x00\x02\x00\x00\xe0N\xe4\x08\xdc\x1b\x00')
2026-09-23 23:02:23,872 BTPWorkerThread-10052 (_rx_task) root DEBUG btp.py                    736   event_handler             : Header(svc_id=3, op=130, ctrl_index=0, data_len=12) (b'\x00\x00\x02\x00\x00\xe0N\xe4\x08\xdc\x1b\x00',)
2026-09-23 23:02:23,872 BTPWorkerThread-10052 (_rx_task) root DEBUG l2cap.py                  399   l2cap_disconnected_ev     : b'\x00\x00\x02\x00\x00\xe0N\xe4\x08\xdc\x1b\x00' 12
2026-09-23 23:02:23,872 BTPWorkerThread-10052 (_rx_task) root WARNING l2cap.py                  193   disconnected              : Disconnect event for unregistered channel 2
2026-09-23 23:02:23,872 BTPWorkerThread-10052 (_rx_task) root DEBUG l2cap.py                  406   l2cap_disconnected_ev     : id:2 on psm:0, addr b'N\xe4\x08\xdc\x1b\x00' type 224, res 'Success'
2026-09-23 23:02:23,872 BTPWorkerThread-10052 (_rx_task) root DEBUG iutctl_common.py          123   read                      : Read 5 bytes
2026-09-23 23:02:23,872 BTPWorkerThread-10052 (_rx_task) root DEBUG iutctl_common.py          131   read                      : Received: hdr: Header(svc_id=0x03, op=0x82, ctrl_index=0x00, data_len=0x0c) bytearray(b'\x03\x82\x00\x0c\x00')
2026-09-23 23:02:23,872 BTPWorkerThread-10052 (_rx_task) root DEBUG iutctl_common.py          139   read                      : Read 12 bytes data
2026-09-23 23:02:23,872 BTPWorkerThread-10052 (_rx_task) root DEBUG iutctl_common.py          154   read                      : Received data: {'00 00 03 00 00 e0 4e e4 08 dc 1b 00'}, bytearray(b'\x00\x00\x03\x00\x00\xe0N\xe4\x08\xdc\x1b\x00')
2026-09-23 23:02:23,872 BTPWorkerThread-10052 (_rx_task) root DEBUG btp.py                    736   event_handler             : Header(svc_id=3, op=130, ctrl_index=0, data_len=12) (b'\x00\x00\x03\x00\x00\xe0N\xe4\x08\xdc\x1b\x00',)
2026-09-23 23:02:23,873 BTPWorkerThread-10052 (_rx_task) root DEBUG l2cap.py                  399   l2cap_disconnected_ev     : b'\x00\x00\x03\x00\x00\xe0N\xe4\x08\xdc\x1b\x00' 12
2026-09-23 23:02:23,873 BTPWorkerThread-10052 (_rx_task) root WARNING l2cap.py                  193   disconnected              : Disconnect event for unregistered channel 3
2026-09-23 23:02:23,873 BTPWorkerThread-10052 (_rx_task) root DEBUG l2cap.py                  406   l2cap_disconnected_ev     : id:3 on psm:0, addr b'N\xe4\x08\xdc\x1b\x00' type 224, res 'Success'
2026-09-23 23:02:23,873 BTPWorkerThread-10052 (_rx_task) root DEBUG iutctl_common.py          123   read                      : Read 5 bytes
2026-09-23 23:02:23,873 BTPWorkerThread-10052 (_rx_task) root DEBUG iutctl_common.py          131   read                      : Received: hdr: Header(svc_id=0x01, op=0x83, ctrl_index=0x00, data_len=0x07) bytearray(b'\x01\x83\x00\x07\x00')
2026-09-23 23:02:23,873 BTPWorkerThread-10052 (_rx_task) root DEBUG iutctl_common.py          139   read                      : Read 7 bytes data
2026-09-23 23:02:23,873 BTPWorkerThread-10052 (_rx_task) root DEBUG iutctl_common.py          154   read                      : Received data: {'e0 4e e4 08 dc 1b 00'}, bytearray(b'\xe0N\xe4\x08\xdc\x1b\x00')
2026-09-23 23:02:23,873 BTPWorkerThread-10052 (_rx_task) root DEBUG btp.py                    736   event_handler             : Header(svc_id=1, op=131, ctrl_index=0, data_len=7) (b'\xe0N\xe4\x08\xdc\x1b\x00',)
2026-09-23 23:02:23,873 BTPWorkerThread-10052 (_rx_task) root DEBUG gap.py                    228   gap_disconnected_ev_      : b'\xe0N\xe4\x08\xdc\x1b\x00'
2026-09-23 23:02:23,954 LT1-thread root DEBUG testcase.py               722   run_wid                   : Sending response 'OK' to wid 77 test case GAP/SEC/SEM/BV-09-C
2026-09-23 23:02:23,956 LT1-thread root DEBUG client.py                 276   get_result                : ClientCallback.get_result run_test_case
2026-09-23 23:02:28,957 LT1-callback ClientCallback.log INFO client.py                 200   log                       : PTS_LOGTYPE_START_TEST Start Test Case 

+234 ms
 GAP/SEC/SEM/BV-09-C GAP/SEC/SEM/BV-09-C

2026-09-23 23:02:29,287 LT1-callback ClientCallback.log INFO client.py                 200   log                       : PTS_LOGTYPE_FINAL_VERDICT Final Verdict 

+35703 ms
 GAP/SEC/SEM/BV-09-C PASS

2026-09-23 23:02:29,292 LT1-callback ClientCallback.log INFO client.py                 200   log                       : PTS_LOGTYPE_FINAL_VERDICT Encrypted Verdict 

+35703 ms
 GAP/SEC/SEM/BV-09-C A1#ZWY4MzQ5MDg3MmQwNTIxOGQzMzQ5YjY2ODA5M2MzNjQ5ZDY4NmY0Yjc2MzIzM2VkNTUyNTFhNGU4Mjg1MjI0NA==#gLl5CRHt7sGrVnkREvkOLK5dnEgV26t64R06R3cZTvxc3evbLgWlZKsNYMr/YCMX

2026-09-23 23:02:29,296 LT1-callback ClientCallback.log INFO client.py                 200   log                       : PTS_LOGTYPE_END_TEST Test Case Ended 

+35703 ms
 GAP/SEC/SEM/BV-09-C GAP/SEC/SEM/BV-09-C

2026-09-23 23:02:29,458 LT1-callback root DEBUG client.py                 261   set_result                : ClientCallback, set_result, run_test_case, PASS
2026-09-23 23:02:29,458 LT1-thread root DEBUG client.py                 1186  _run_test_case            : After run_test_case error_code=0 status='PASS'
2026-09-23 23:02:29,458 LT1-thread root DEBUG testcase.py               766   post_run                  : post_run GAP GAP/SEC/SEM/BV-09-C 0
2026-09-23 23:02:29,459 LT1-thread root DEBUG testcase.py               254   start                     : Starting test function: class=<class 'autopts.ptsprojects.testcase.TestFuncCleanUp'>, func=<bound method ZTestCase._test_case_cleanup of <autopts.ptsprojects.zephyr.ztestcase.ZTestCase object at 0x000001E0BD80B350>> start_wid=None stop_wid=None post_wid=None skip_call=None call_count=1 args=() kwds={}
2026-09-23 23:02:29,459 LT1-thread root DEBUG testcase.py               266   start                     : Test function parameters: args=(), kwds={}
2026-09-23 23:02:29,459 LT1-thread root DEBUG iutctl.py                 415   stop                      : <class 'autopts.ptsprojects.zephyr.iutctl.create_zephyr_ctl_class.<locals>.ZephyrCtl'>.stop
2026-09-23 23:02:29,459 LT1-thread root DEBUG __init__.py               51    reset                     : About to reset DUT: JLink -CommandFile reset.jlink -usb 1063214216 -device MIMXRT1176XXXA_M7
2026-09-23 23:02:29,764 BTPWorkerThread-10052 (_rx_task) root DEBUG iutctl_common.py          123   read                      : Read 5 bytes
2026-09-23 23:02:29,764 BTPWorkerThread-10052 (_rx_task) root DEBUG iutctl_common.py          131   read                      : Received: hdr: Header(svc_id=0x00, op=0x80, ctrl_index=0xff, data_len=0x00) bytearray(b'\x00\x80\xff\x00\x00')
2026-09-23 23:02:29,765 BTPWorkerThread-10052 (_rx_task) root DEBUG iutctl_common.py          154   read                      : Received data: {''}, bytearray(b'')
2026-09-23 23:02:29,765 BTPWorkerThread-10052 (_rx_task) root DEBUG btp.py                    736   event_handler             : Header(svc_id=0, op=128, ctrl_index=255, data_len=0) (b'',)
2026-09-23 23:02:29,765 BTPWorkerThread-10052 (_rx_task) root DEBUG core.py                   23    core_iut_ready_ev         : 
2026-09-23 23:02:29,828 LT1-thread root DEBUG iutctl.py                 436   _stop_tty_mode            : IUT ready event received OK
2026-09-23 23:02:29,828 LT1-thread root DEBUG iutctl_common.py          416   close                     : Waiting for _rx_worker to finish ...
2026-09-23 23:02:30,765 BTPWorkerThread-10052 (_rx_task) root DEBUG iutctl_common.py          332   _rx_task                  : BTPWorkerThread-10052 (_rx_task) finishing...
2026-09-23 23:02:33,771 LT1-thread root DEBUG testcase.py               794   post_run                  : post_run, cleanup running post test case script
2026-09-23 23:02:33,772 LT1-thread root DEBUG testcase.py               802   post_run                  : post_run, run post test case script
2026-09-23 23:02:33,846 LT1-thread root DEBUG client.py                 1220  _run_test_case            : Done TestCase _run_test_case GAP GAP/SEC/SEM/BV-09-C
