2026-09-21 15:16:58,257 LT1-thread root DEBUG client.py                 1099  _run_test_case            : Starting TestCase _run_test_case FTP FTP/CL/GOEP/SRM/BV-05-C
2026-09-21 15:16:58,257 LT1-thread root DEBUG testcase.py               727   pre_run                   : pre_run FTP FTP/CL/GOEP/SRM/BV-05-C
2026-09-21 15:16:58,257 LT1-thread root DEBUG testcase.py               729   pre_run                   : About to run test case FTP FTP/CL/GOEP/SRM/BV-05-C with commands:
2026-09-21 15:16:58,257 LT1-thread root DEBUG testcase.py               731   pre_run                   : 0) class=<class 'autopts.ptsprojects.testcase.TestFunc'>, func=<bound method ZTestCase._test_case_start of <autopts.ptsprojects.zephyr.ztestcase.ZTestCase object at 0x000001D20B9D63F0>> start_wid=None stop_wid=None post_wid=None skip_call=None call_count=0 args=() kwds={}
2026-09-21 15:16:58,259 LT1-thread root DEBUG testcase.py               731   pre_run                   : 1) class=<class 'autopts.ptsprojects.testcase.TestFunc'>, func=<function core_reg_svc_gap at 0x000001D2091834C0> start_wid=None stop_wid=None post_wid=None skip_call=None call_count=6 args=() kwds={}
2026-09-21 15:16:58,259 LT1-thread root DEBUG testcase.py               731   pre_run                   : 2) class=<class 'autopts.ptsprojects.testcase.TestFunc'>, func=<bound method Stack.gap_init of <autopts.ptsprojects.stack.stack.Stack object at 0x000001D20B64E300>> start_wid=None stop_wid=None post_wid=None skip_call=None call_count=6 args=(b'Tester_08E44E',) kwds={}
2026-09-21 15:16:58,259 LT1-thread root DEBUG testcase.py               731   pre_run                   : 3) class=<class 'autopts.ptsprojects.testcase.TestFunc'>, func=<function gap_read_controller_info at 0x000001D2091B63E0> start_wid=None stop_wid=None post_wid=None skip_call=None call_count=6 args=() kwds={}
2026-09-21 15:16:58,259 LT1-thread root DEBUG testcase.py               731   pre_run                   : 4) class=<class 'autopts.ptsprojects.testcase.TestFunc'>, func=<function test_cases.<locals>.<lambda> at 0x000001D20B949C60> start_wid=None stop_wid=None post_wid=None skip_call=None call_count=6 args=() kwds={}
2026-09-21 15:16:58,259 LT1-thread root DEBUG testcase.py               731   pre_run                   : 5) class=<class 'autopts.ptsprojects.testcase.TestFunc'>, func=<function set_pts_addr at 0x000001D209183060> start_wid=None stop_wid=None post_wid=None skip_call=None call_count=6 args=('00:1B:DC:08:E4:4E', 0) kwds={}
2026-09-21 15:16:58,259 LT1-thread root DEBUG testcase.py               731   pre_run                   : 6) class=<class 'autopts.ptsprojects.testcase.TestFunc'>, func=<function core_reg_svc_gatt at 0x000001D209183600> start_wid=None stop_wid=None post_wid=None skip_call=None call_count=6 args=() kwds={}
2026-09-21 15:16:58,259 LT1-thread root DEBUG testcase.py               731   pre_run                   : 7) class=<class 'autopts.ptsprojects.testcase.TestFunc'>, func=<bound method Stack.gatt_init of <autopts.ptsprojects.stack.stack.Stack object at 0x000001D20B64E300>> start_wid=None stop_wid=None post_wid=None skip_call=None call_count=6 args=() kwds={}
2026-09-21 15:16:58,259 LT1-thread root DEBUG testcase.py               731   pre_run                   : 8) class=<class 'autopts.ptsprojects.testcase.TestFunc'>, func=<function core_reg_svc_ftp at 0x000001D20915CC20> start_wid=None stop_wid=None post_wid=None skip_call=None call_count=6 args=() kwds={}
2026-09-21 15:16:58,259 LT1-thread root DEBUG testcase.py               731   pre_run                   : 9) class=<class 'autopts.ptsprojects.testcase.TestFunc'>, func=<bound method Stack.ftp_init of <autopts.ptsprojects.stack.stack.Stack object at 0x000001D20B64E300>> start_wid=None stop_wid=None post_wid=None skip_call=None call_count=6 args=() kwds={}
2026-09-21 15:16:58,259 LT1-thread root DEBUG testcase.py               731   pre_run                   : 10) class=<class 'autopts.ptsprojects.testcase.TestFunc'>, func=<function gap_set_connectable at 0x000001D2091B5D00> start_wid=None stop_wid=None post_wid=None skip_call=None call_count=6 args=() kwds={}
2026-09-21 15:16:58,259 LT1-thread root DEBUG testcase.py               731   pre_run                   : 11) class=<class 'autopts.ptsprojects.testcase.TestFunc'>, func=<function gap_set_general_discoverable at 0x000001D2091B5EE0> start_wid=None stop_wid=None post_wid=None skip_call=None call_count=6 args=() kwds={}
2026-09-21 15:16:58,259 LT1-thread root DEBUG testcase.py               731   pre_run                   : 12) class=<class 'autopts.ptsprojects.testcase.TestFuncCleanUp'>, func=<bound method ZTestCase._test_case_cleanup of <autopts.ptsprojects.zephyr.ztestcase.ZTestCase object at 0x000001D20B9D63F0>> start_wid=None stop_wid=None post_wid=None skip_call=None call_count=0 args=() kwds={}
2026-09-21 15:16:58,259 LT1-thread root DEBUG testcase.py               738   pre_run                   : pre_run, run pre test case script
2026-09-21 15:16:58,267 LT1-thread root DEBUG testcase.py               254   start                     : Starting test function: class=<class 'autopts.ptsprojects.testcase.TestFunc'>, func=<bound method ZTestCase._test_case_start of <autopts.ptsprojects.zephyr.ztestcase.ZTestCase object at 0x000001D20B9D63F0>> start_wid=None stop_wid=None post_wid=None skip_call=None call_count=1 args=() kwds={}
2026-09-21 15:16:58,267 LT1-thread root DEBUG testcase.py               266   start                     : Test function parameters: args=(), kwds={}
2026-09-21 15:16:58,267 LT1-thread root DEBUG iutctl.py                 172   start                     : <class 'autopts.ptsprojects.zephyr.iutctl.create_zephyr_ctl_class.<locals>.ZephyrCtl'>.start
2026-09-21 15:16:58,267 LT1-thread root DEBUG iutctl.py                 325   flush_serial              : <class 'autopts.ptsprojects.zephyr.iutctl.create_zephyr_ctl_class.<locals>.ZephyrCtl'>.flush_serial
2026-09-21 15:16:59,445 LT1-thread root DEBUG iutctl.py                 249   _start_tty_mode           : Starting socat process: socat.exe -x -v tcp:10.17.12.9:54939,retry=100,interval=1 /dev/ttyS2,raw,b115200,
2026-09-21 15:16:59,453 LT1-thread root DEBUG iutctl_common.py          402   accept                    : 
2026-09-21 15:16:59,528 BTPWorkerThread-219 (_rx_task) root DEBUG iutctl_common.py          299   _rx_task                  : BTPWorkerThread-219 (_rx_task) started
2026-09-21 15:16:59,529 LT1-thread root DEBUG iutctl.py                 395   wait_iut_ready_event      : IUT ready event received OK
2026-09-21 15:16:59,529 LT1-thread root DEBUG btp.py                    51    read_supp_svcs            : 
2026-09-21 15:16:59,529 LT1-thread root DEBUG iutctl_common.py          161   send                      : 0 2 255 ''
2026-09-21 15:16:59,529 LT1-thread root DEBUG iutctl_common.py          166   send                      : sending frame '0002ff0000'
2026-09-21 15:16:59,529 LT1-thread root DEBUG iutctl_common.py          339   read                      : 
2026-09-21 15:16:59,541 BTPWorkerThread-219 (_rx_task) root DEBUG iutctl_common.py          123   read                      : Read 5 bytes
2026-09-21 15:16:59,552 BTPWorkerThread-219 (_rx_task) root DEBUG iutctl_common.py          131   read                      : Received: hdr: Header(svc_id=0x00, op=0x02, ctrl_index=0xff, data_len=0x06) bytearray(b'\x00\x02\xff\x06\x00')
2026-09-21 15:16:59,552 BTPWorkerThread-219 (_rx_task) root DEBUG iutctl_common.py          139   read                      : Read 6 bytes data
2026-09-21 15:16:59,552 BTPWorkerThread-219 (_rx_task) root DEBUG iutctl_common.py          154   read                      : Received data: {'0f 00 00 a0 01 04'}, bytearray(b'\x0f\x00\x00\xa0\x01\x04')
2026-09-21 15:16:59,557 LT1-thread root DEBUG btp.py                    62    read_supp_svcs            : received Header(svc_id=0, op=2, ctrl_index=255, data_len=6) (b'\x0f\x00\x00\xa0\x01\x04',)
2026-09-21 15:16:59,557 LT1-thread root DEBUG testcase.py               254   start                     : Starting test function: class=<class 'autopts.ptsprojects.testcase.TestFunc'>, func=<function core_reg_svc_gap at 0x000001D2091834C0> start_wid=None stop_wid=None post_wid=None skip_call=None call_count=7 args=() kwds={}
2026-09-21 15:16:59,557 LT1-thread root DEBUG testcase.py               266   start                     : Test function parameters: args=(), kwds={}
2026-09-21 15:16:59,557 LT1-thread root DEBUG btp.py                    117   core_reg_svc_univ         : core_reg_svc_univ: gap_reg (GAP)
2026-09-21 15:16:59,557 LT1-thread root DEBUG iutctl_common.py          161   send                      : 0 3 255 '1'
2026-09-21 15:16:59,559 LT1-thread root DEBUG iutctl_common.py          166   send                      : sending frame '0003ff010001'
2026-09-21 15:16:59,559 LT1-thread root DEBUG btp.py                    622   core_reg_svc_rsp_succ     : 
2026-09-21 15:16:59,559 LT1-thread root DEBUG iutctl_common.py          339   read                      : 
2026-09-21 15:17:03,683 BTPWorkerThread-219 (_rx_task) root DEBUG iutctl_common.py          123   read                      : Read 5 bytes
2026-09-21 15:17:03,688 BTPWorkerThread-219 (_rx_task) root DEBUG iutctl_common.py          131   read                      : Received: hdr: Header(svc_id=0x00, op=0x03, ctrl_index=0xff, data_len=0x00) bytearray(b'\x00\x03\xff\x00\x00')
2026-09-21 15:17:03,694 BTPWorkerThread-219 (_rx_task) root DEBUG iutctl_common.py          154   read                      : Received data: {''}, bytearray(b'')
2026-09-21 15:17:03,700 LT1-thread root DEBUG btp.py                    633   core_reg_svc_rsp_succ     : received Header(svc_id=0, op=3, ctrl_index=255, data_len=0) (b'',)
2026-09-21 15:17:03,700 LT1-thread root DEBUG btp.py                    634   core_reg_svc_rsp_succ     : expected ((0, 3, 255, 0), (b'',))
2026-09-21 15:17:03,700 LT1-thread root DEBUG btp.py                    639   core_reg_svc_rsp_succ     : response is valid
2026-09-21 15:17:03,700 LT1-thread root DEBUG btp.py                    642   core_reg_svc_rsp_succ     : Reading supported commands for service: GAP
2026-09-21 15:17:03,700 LT1-thread root DEBUG iutctl_common.py          161   send                      : 1 1 255 ''
2026-09-21 15:17:03,700 LT1-thread root DEBUG iutctl_common.py          166   send                      : sending frame '0101ff0000'
2026-09-21 15:17:03,700 LT1-thread root DEBUG iutctl_common.py          339   read                      : 
2026-09-21 15:17:03,738 BTPWorkerThread-219 (_rx_task) root DEBUG iutctl_common.py          123   read                      : Read 5 bytes
2026-09-21 15:17:03,743 BTPWorkerThread-219 (_rx_task) root DEBUG iutctl_common.py          131   read                      : Received: hdr: Header(svc_id=0x01, op=0x01, ctrl_index=0xff, data_len=0x07) bytearray(b'\x01\x01\xff\x07\x00')
2026-09-21 15:17:03,749 BTPWorkerThread-219 (_rx_task) root DEBUG iutctl_common.py          139   read                      : Read 7 bytes data
2026-09-21 15:17:03,749 BTPWorkerThread-219 (_rx_task) root DEBUG iutctl_common.py          154   read                      : Received data: {'6e ff 7f 1f fe ff 0e'}, bytearray(b'n\xff\x7f\x1f\xfe\xff\x0e')
2026-09-21 15:17:03,749 LT1-thread root DEBUG testcase.py               254   start                     : Starting test function: class=<class 'autopts.ptsprojects.testcase.TestFunc'>, func=<bound method Stack.gap_init of <autopts.ptsprojects.stack.stack.Stack object at 0x000001D20B64E300>> start_wid=None stop_wid=None post_wid=None skip_call=None call_count=7 args=(b'Tester_08E44E',) kwds={}
2026-09-21 15:17:03,749 LT1-thread root DEBUG testcase.py               266   start                     : Test function parameters: args=(b'Tester_08E44E',), kwds={}
2026-09-21 15:17:03,749 LT1-thread root DEBUG testcase.py               254   start                     : Starting test function: class=<class 'autopts.ptsprojects.testcase.TestFunc'>, func=<function gap_read_controller_info at 0x000001D2091B63E0> start_wid=None stop_wid=None post_wid=None skip_call=None call_count=7 args=() kwds={}
2026-09-21 15:17:03,749 LT1-thread root DEBUG testcase.py               266   start                     : Test function parameters: args=(), kwds={}
2026-09-21 15:17:03,749 LT1-thread root DEBUG gap.py                    1161  gap_read_controller_info  : 
2026-09-21 15:17:03,749 LT1-thread root DEBUG iutctl_common.py          161   send                      : 1 3 0 ''
2026-09-21 15:17:03,749 LT1-thread root DEBUG iutctl_common.py          166   send                      : sending frame '0103000000'
2026-09-21 15:17:03,749 LT1-thread root DEBUG iutctl_common.py          339   read                      : 
2026-09-21 15:17:03,798 BTPWorkerThread-219 (_rx_task) root DEBUG iutctl_common.py          123   read                      : Read 5 bytes
2026-09-21 15:17:03,809 BTPWorkerThread-219 (_rx_task) root DEBUG iutctl_common.py          131   read                      : Received: hdr: Header(svc_id=0x01, op=0x03, ctrl_index=0x00, data_len=0x115) bytearray(b'\x01\x03\x00\x15\x01')
2026-09-21 15:17:03,815 BTPWorkerThread-219 (_rx_task) root DEBUG iutctl_common.py          139   read                      : Read 277 bytes data
2026-09-21 15:17:03,820 BTPWorkerThread-219 (_rx_task) root DEBUG iutctl_common.py          154   read                      : Received data: {'19 78 ee 69 17 d0 d3 06 02 00 13 02 00 00 00 00 00 62 74 70 5f 74 65 73 74 65 72 00 00 00 00 00 00 00 00 00 00 00 00 00 00 00 00 00 00 00 00 00 00 00 00 00 00 00 00 00 00 00 00 00 00 00 00 00 00 00 00 00 00 00 00 00 00 00 00 00 00 00 00 00 00 00 00 00 00 00 00 00 00 00 00 00 00 00 00 00 00 00 00 00 00 00 00 00 00 00 00 00 00 00 00 00 00 00 00 00 00 00 00 00 00 00 00 00 00 00 00 00 00 00 00 00 00 00 00 00 00 00 00 00 00 00 00 00 00 00 00 00 00 00 00 00 00 00 00 00 00 00 00 00 00 00 00 00 00 00 00 00 00 00 00 00 00 00 00 00 00 00 00 00 00 00 00 00 00 00 00 00 00 00 00 00 00 00 00 00 00 00 00 00 00 00 00 00 00 00 00 00 00 00 00 00 00 00 00 00 00 00 00 00 00 00 00 00 00 00 00 00 00 00 00 00 00 00 00 00 00 00 00 00 00 00 00 00 00 00 00 00 00 00 00 00 00 00 00 00 00 00 00 00 00 00 00 00 00 00 00 00 00 00 00 00 00 00 00 00 00'}, bytearray(b'\x19x\xeei\x17\xd0\xd3\x06\x02\x00\x13\x02\x00\x00\x00\x00\x00btp_tester\x00\x00\x00\x00\x00\x00\x00\x00\x00\x00\x00\x00\x00\x00\x00\x00\x00\x00\x00\x00\x00\x00\x00\x00\x00\x00\x00\x00\x00\x00\x00\x00\x00\x00\x00\x00\x00\x00\x00\x00\x00\x00\x00\x00\x00\x00\x00\x00\x00\x00\x00\x00\x00\x00\x00\x00\x00\x00\x00\x00\x00\x00\x00\x00\x00\x00\x00\x00\x00\x00\x00\x00\x00\x00\x00\x00\x00\x00\x00\x00\x00\x00\x00\x00\x00\x00\x00\x00\x00\x00\x00\x00\x00\x00\x00\x00\x00\x00\x00\x00\x00\x00\x00\x00\x00\x00\x00\x00\x00\x00\x00\x00\x00\x00\x00\x00\x00\x00\x00\x00\x00\x00\x00\x00\x00\x00\x00\x00\x00\x00\x00\x00\x00\x00\x00\x00\x00\x00\x00\x00\x00\x00\x00\x00\x00\x00\x00\x00\x00\x00\x00\x00\x00\x00\x00\x00\x00\x00\x00\x00\x00\x00\x00\x00\x00\x00\x00\x00\x00\x00\x00\x00\x00\x00\x00\x00\x00\x00\x00\x00\x00\x00\x00\x00\x00\x00\x00\x00\x00\x00\x00\x00\x00\x00\x00\x00\x00\x00\x00\x00\x00\x00\x00\x00\x00\x00\x00\x00\x00\x00\x00\x00\x00\x00\x00\x00\x00\x00\x00\x00\x00\x00\x00\x00\x00\x00\x00\x00\x00\x00\x00\x00\x00\x00\x00\x00\x00\x00\x00\x00\x00\x00\x00\x00\x00\x00\x00\x00\x00\x00')
2026-09-21 15:17:03,820 LT1-thread root DEBUG gap.py                    1168  gap_read_controller_info  : received Header(svc_id=1, op=3, ctrl_index=0, data_len=277) (b'\x19x\xeei\x17\xd0\xd3\x06\x02\x00\x13\x02\x00\x00\x00\x00\x00btp_tester\x00\x00\x00\x00\x00\x00\x00\x00\x00\x00\x00\x00\x00\x00\x00\x00\x00\x00\x00\x00\x00\x00\x00\x00\x00\x00\x00\x00\x00\x00\x00\x00\x00\x00\x00\x00\x00\x00\x00\x00\x00\x00\x00\x00\x00\x00\x00\x00\x00\x00\x00\x00\x00\x00\x00\x00\x00\x00\x00\x00\x00\x00\x00\x00\x00\x00\x00\x00\x00\x00\x00\x00\x00\x00\x00\x00\x00\x00\x00\x00\x00\x00\x00\x00\x00\x00\x00\x00\x00\x00\x00\x00\x00\x00\x00\x00\x00\x00\x00\x00\x00\x00\x00\x00\x00\x00\x00\x00\x00\x00\x00\x00\x00\x00\x00\x00\x00\x00\x00\x00\x00\x00\x00\x00\x00\x00\x00\x00\x00\x00\x00\x00\x00\x00\x00\x00\x00\x00\x00\x00\x00\x00\x00\x00\x00\x00\x00\x00\x00\x00\x00\x00\x00\x00\x00\x00\x00\x00\x00\x00\x00\x00\x00\x00\x00\x00\x00\x00\x00\x00\x00\x00\x00\x00\x00\x00\x00\x00\x00\x00\x00\x00\x00\x00\x00\x00\x00\x00\x00\x00\x00\x00\x00\x00\x00\x00\x00\x00\x00\x00\x00\x00\x00\x00\x00\x00\x00\x00\x00\x00\x00\x00\x00\x00\x00\x00\x00\x00\x00\x00\x00\x00\x00\x00\x00\x00\x00\x00\x00\x00\x00\x00\x00\x00\x00\x00\x00\x00\x00\x00\x00\x00\x00\x00\x00\x00\x00\x00\x00\x00',)
2026-09-21 15:17:03,821 LT1-thread root DEBUG gap.py                    1189  gap_read_controller_info  : IUT address 'd01769ee7819' 'public'
2026-09-21 15:17:03,821 LT1-thread root DEBUG gap.py                    594   __gap_current_settings_update : 531
2026-09-21 15:17:03,821 LT1-thread root DEBUG testcase.py               254   start                     : Starting test function: class=<class 'autopts.ptsprojects.testcase.TestFunc'>, func=<function test_cases.<locals>.<lambda> at 0x000001D20B949C60> start_wid=None stop_wid=None post_wid=None skip_call=None call_count=7 args=() kwds={}
2026-09-21 15:17:03,821 LT1-thread root DEBUG testcase.py               266   start                     : Test function parameters: args=(), kwds={}
2026-09-21 15:17:03,824 LT1-thread root DEBUG testcase.py               254   start                     : Starting test function: class=<class 'autopts.ptsprojects.testcase.TestFunc'>, func=<function set_pts_addr at 0x000001D209183060> start_wid=None stop_wid=None post_wid=None skip_call=None call_count=7 args=('00:1B:DC:08:E4:4E', 0) kwds={}
2026-09-21 15:17:03,824 LT1-thread root DEBUG testcase.py               266   start                     : Test function parameters: args=('00:1B:DC:08:E4:4E', 0), kwds={}
2026-09-21 15:17:03,825 LT1-thread root DEBUG testcase.py               254   start                     : Starting test function: class=<class 'autopts.ptsprojects.testcase.TestFunc'>, func=<function core_reg_svc_gatt at 0x000001D209183600> start_wid=None stop_wid=None post_wid=None skip_call=None call_count=7 args=() kwds={}
2026-09-21 15:17:03,825 LT1-thread root DEBUG testcase.py               266   start                     : Test function parameters: args=(), kwds={}
2026-09-21 15:17:03,825 LT1-thread root DEBUG btp.py                    117   core_reg_svc_univ         : core_reg_svc_univ: gatt_reg (GATT)
2026-09-21 15:17:03,825 LT1-thread root DEBUG iutctl_common.py          161   send                      : 0 3 255 '2'
2026-09-21 15:17:03,825 LT1-thread root DEBUG iutctl_common.py          166   send                      : sending frame '0003ff010002'
2026-09-21 15:17:03,825 LT1-thread root DEBUG btp.py                    622   core_reg_svc_rsp_succ     : 
2026-09-21 15:17:03,825 LT1-thread root DEBUG iutctl_common.py          339   read                      : 
2026-09-21 15:17:03,870 BTPWorkerThread-219 (_rx_task) root DEBUG iutctl_common.py          123   read                      : Read 5 bytes
2026-09-21 15:17:03,875 BTPWorkerThread-219 (_rx_task) root DEBUG iutctl_common.py          131   read                      : Received: hdr: Header(svc_id=0x00, op=0x03, ctrl_index=0xff, data_len=0x00) bytearray(b'\x00\x03\xff\x00\x00')
2026-09-21 15:17:03,875 BTPWorkerThread-219 (_rx_task) root DEBUG iutctl_common.py          154   read                      : Received data: {''}, bytearray(b'')
2026-09-21 15:17:03,880 LT1-thread root DEBUG btp.py                    633   core_reg_svc_rsp_succ     : received Header(svc_id=0, op=3, ctrl_index=255, data_len=0) (b'',)
2026-09-21 15:17:03,880 LT1-thread root DEBUG btp.py                    634   core_reg_svc_rsp_succ     : expected ((0, 3, 255, 0), (b'',))
2026-09-21 15:17:03,880 LT1-thread root DEBUG btp.py                    639   core_reg_svc_rsp_succ     : response is valid
2026-09-21 15:17:03,880 LT1-thread root DEBUG btp.py                    642   core_reg_svc_rsp_succ     : Reading supported commands for service: GATT
2026-09-21 15:17:03,880 LT1-thread root DEBUG iutctl_common.py          161   send                      : 2 1 255 ''
2026-09-21 15:17:03,880 LT1-thread root DEBUG iutctl_common.py          166   send                      : sending frame '0201ff0000'
2026-09-21 15:17:03,880 LT1-thread root DEBUG iutctl_common.py          339   read                      : 
2026-09-21 15:17:03,913 BTPWorkerThread-219 (_rx_task) root DEBUG iutctl_common.py          123   read                      : Read 5 bytes
2026-09-21 15:17:03,924 BTPWorkerThread-219 (_rx_task) root DEBUG iutctl_common.py          131   read                      : Received: hdr: Header(svc_id=0x02, op=0x01, ctrl_index=0xff, data_len=0x05) bytearray(b'\x02\x01\xff\x05\x00')
2026-09-21 15:17:03,930 BTPWorkerThread-219 (_rx_task) root DEBUG iutctl_common.py          139   read                      : Read 5 bytes data
2026-09-21 15:17:03,935 BTPWorkerThread-219 (_rx_task) root DEBUG iutctl_common.py          154   read                      : Received data: {'fe fe bf fd 0f'}, bytearray(b'\xfe\xfe\xbf\xfd\x0f')
2026-09-21 15:17:03,935 LT1-thread root DEBUG testcase.py               254   start                     : Starting test function: class=<class 'autopts.ptsprojects.testcase.TestFunc'>, func=<bound method Stack.gatt_init of <autopts.ptsprojects.stack.stack.Stack object at 0x000001D20B64E300>> start_wid=None stop_wid=None post_wid=None skip_call=None call_count=7 args=() kwds={}
2026-09-21 15:17:03,935 LT1-thread root DEBUG testcase.py               266   start                     : Test function parameters: args=(), kwds={}
2026-09-21 15:17:03,936 LT1-thread root DEBUG testcase.py               254   start                     : Starting test function: class=<class 'autopts.ptsprojects.testcase.TestFunc'>, func=<function core_reg_svc_ftp at 0x000001D20915CC20> start_wid=None stop_wid=None post_wid=None skip_call=None call_count=7 args=() kwds={}
2026-09-21 15:17:03,936 LT1-thread root DEBUG testcase.py               266   start                     : Test function parameters: args=(), kwds={}
2026-09-21 15:17:03,936 LT1-thread root DEBUG btp.py                    117   core_reg_svc_univ         : core_reg_svc_univ: ftp_reg (FTP)
2026-09-21 15:17:03,936 LT1-thread root DEBUG iutctl_common.py          161   send                      : 0 3 255 '42'
2026-09-21 15:17:03,936 LT1-thread root DEBUG iutctl_common.py          166   send                      : sending frame '0003ff01002a'
2026-09-21 15:17:03,936 LT1-thread root DEBUG btp.py                    622   core_reg_svc_rsp_succ     : 
2026-09-21 15:17:03,936 LT1-thread root DEBUG iutctl_common.py          339   read                      : 
2026-09-21 15:17:03,970 BTPWorkerThread-219 (_rx_task) root DEBUG iutctl_common.py          123   read                      : Read 5 bytes
2026-09-21 15:17:03,981 BTPWorkerThread-219 (_rx_task) root DEBUG iutctl_common.py          131   read                      : Received: hdr: Header(svc_id=0x00, op=0x03, ctrl_index=0xff, data_len=0x00) bytearray(b'\x00\x03\xff\x00\x00')
2026-09-21 15:17:03,992 BTPWorkerThread-219 (_rx_task) root DEBUG iutctl_common.py          154   read                      : Received data: {''}, bytearray(b'')
2026-09-21 15:17:03,992 LT1-thread root DEBUG btp.py                    633   core_reg_svc_rsp_succ     : received Header(svc_id=0, op=3, ctrl_index=255, data_len=0) (b'',)
2026-09-21 15:17:03,992 LT1-thread root DEBUG btp.py                    634   core_reg_svc_rsp_succ     : expected ((0, 3, 255, 0), (b'',))
2026-09-21 15:17:03,992 LT1-thread root DEBUG btp.py                    639   core_reg_svc_rsp_succ     : response is valid
2026-09-21 15:17:03,994 LT1-thread root DEBUG btp.py                    642   core_reg_svc_rsp_succ     : Reading supported commands for service: FTP
2026-09-21 15:17:03,994 LT1-thread root DEBUG iutctl_common.py          161   send                      : 42 1 255 ''
2026-09-21 15:17:03,994 LT1-thread root DEBUG iutctl_common.py          166   send                      : sending frame '2a01ff0000'
2026-09-21 15:17:03,994 LT1-thread root DEBUG iutctl_common.py          339   read                      : 
2026-09-21 15:17:04,034 BTPWorkerThread-219 (_rx_task) root DEBUG iutctl_common.py          123   read                      : Read 5 bytes
2026-09-21 15:17:04,046 BTPWorkerThread-219 (_rx_task) root DEBUG iutctl_common.py          131   read                      : Received: hdr: Header(svc_id=0x2a, op=0x01, ctrl_index=0xff, data_len=0x04) bytearray(b'*\x01\xff\x04\x00')
2026-09-21 15:17:04,051 BTPWorkerThread-219 (_rx_task) root DEBUG iutctl_common.py          139   read                      : Read 4 bytes data
2026-09-21 15:17:04,057 BTPWorkerThread-219 (_rx_task) root DEBUG iutctl_common.py          154   read                      : Received data: {'fe ff ff 3f'}, bytearray(b'\xfe\xff\xff?')
2026-09-21 15:17:04,057 LT1-thread root DEBUG testcase.py               254   start                     : Starting test function: class=<class 'autopts.ptsprojects.testcase.TestFunc'>, func=<bound method Stack.ftp_init of <autopts.ptsprojects.stack.stack.Stack object at 0x000001D20B64E300>> start_wid=None stop_wid=None post_wid=None skip_call=None call_count=7 args=() kwds={}
2026-09-21 15:17:04,057 LT1-thread root DEBUG testcase.py               266   start                     : Test function parameters: args=(), kwds={}
2026-09-21 15:17:04,057 LT1-thread root DEBUG ftp.py                    668   __init__                  : FTP: storage initialized
2026-09-21 15:17:04,057 LT1-thread root DEBUG ftp.py                    1861  start                     : FTP event handler started
2026-09-21 15:17:04,058 LT1-thread root DEBUG testcase.py               254   start                     : Starting test function: class=<class 'autopts.ptsprojects.testcase.TestFunc'>, func=<function gap_set_connectable at 0x000001D2091B5D00> start_wid=None stop_wid=None post_wid=None skip_call=None call_count=7 args=() kwds={}
2026-09-21 15:17:04,058 LT1-thread root DEBUG testcase.py               266   start                     : Test function parameters: args=(), kwds={}
2026-09-21 15:17:04,058 LT1-thread root DEBUG gap.py                    982   gap_set_connectable       : 
2026-09-21 15:17:04,058 LT1-thread root DEBUG testcase.py               254   start                     : Starting test function: class=<class 'autopts.ptsprojects.testcase.TestFunc'>, func=<function gap_set_general_discoverable at 0x000001D2091B5EE0> start_wid=None stop_wid=None post_wid=None skip_call=None call_count=7 args=() kwds={}
2026-09-21 15:17:04,058 LT1-thread root DEBUG testcase.py               266   start                     : Test function parameters: args=(), kwds={}
2026-09-21 15:17:04,058 LT1-thread root DEBUG gap.py                    1033  gap_set_general_discoverable : 
2026-09-21 15:17:04,058 LT1-thread root DEBUG iutctl_common.py          161   send                      : 1 8 0 '1'
2026-09-21 15:17:04,058 LT1-thread root DEBUG iutctl_common.py          166   send                      : sending frame '010800010001'
2026-09-21 15:17:04,058 LT1-thread root DEBUG gap.py                    1227  gap_command_rsp_succ      : 
2026-09-21 15:17:04,058 LT1-thread root DEBUG iutctl_common.py          339   read                      : 
2026-09-21 15:17:04,118 BTPWorkerThread-219 (_rx_task) root DEBUG iutctl_common.py          123   read                      : Read 5 bytes
2026-09-21 15:17:04,129 BTPWorkerThread-219 (_rx_task) root DEBUG iutctl_common.py          131   read                      : Received: hdr: Header(svc_id=0x01, op=0x08, ctrl_index=0x00, data_len=0x04) bytearray(b'\x01\x08\x00\x04\x00')
2026-09-21 15:17:04,153 BTPWorkerThread-219 (_rx_task) root DEBUG iutctl_common.py          139   read                      : Read 4 bytes data
2026-09-21 15:17:04,164 BTPWorkerThread-219 (_rx_task) root DEBUG iutctl_common.py          154   read                      : Received data: {'1b 02 00 00'}, bytearray(b'\x1b\x02\x00\x00')
2026-09-21 15:17:04,181 LT1-thread root DEBUG gap.py                    1232  gap_command_rsp_succ      : received Header(svc_id=1, op=8, ctrl_index=0, data_len=4) (b'\x1b\x02\x00\x00',)
2026-09-21 15:17:04,181 LT1-thread root DEBUG gap.py                    594   __gap_current_settings_update : (b'\x1b\x02\x00\x00',)
2026-09-21 15:17:04,183 LT1-thread root DEBUG client.py                 276   get_result                : ClientCallback.get_result run_test_case
2026-09-21 15:17:10,648 LT1-callback ClientCallback.on_implicit_send INFO client.py                 223   on_implicit_send          : 
    ********************
    BEGIN OnImplicitSend:
    project_name: FTP
    wid: 4047
    test_case_name: FTP/CL/GOEP/SRM/BV-05-C
    description:  Take action to create an l2cap channel for an OBEX connection.
    style: MMI_Style_Ok_Cancel1 0x11041
2026-09-21 15:17:10,649 LT1-callback ClientCallback.on_implicit_send INFO client.py                 236   on_implicit_send          : Calling test cases on_implicit_send
2026-09-21 15:17:10,649 LT1-callback ClientCallback.on_implicit_send INFO client.py                 249   on_implicit_send          : 
    on_implicit_send returned response: WAIT
    END OnImplicitSend
    ********************
2026-09-21 15:17:11,187 LT1-thread root DEBUG testcase.py               679   run_wid                   : FTP FTP/CL/GOEP/SRM/BV-05-C on_implicit_send
2026-09-21 15:17:11,187 LT1-thread root DEBUG ftp_wid.py                25    ftp_wid_hdl               : ftp_wid_hdl, 4047,  Take action to create an l2cap channel for an OBEX connection., FTP/CL/GOEP/SRM/BV-05-C
2026-09-21 15:17:11,187 LT1-thread root DEBUG gap.py                    760   gap_connect               : None 224
2026-09-21 15:17:11,187 LT1-thread root DEBUG iutctl_common.py          161   send                      : 1 14 0 "bytearray(b'\\xe0N\\xe4\\x08\\xdc\\x1b\\x00\\x00')"
2026-09-21 15:17:11,187 LT1-thread root DEBUG iutctl_common.py          166   send                      : sending frame '010e000800e04ee408dc1b0000'
2026-09-21 15:17:11,187 LT1-thread root DEBUG iutctl_common.py          339   read                      : 
2026-09-21 15:17:11,220 BTPWorkerThread-219 (_rx_task) root DEBUG iutctl_common.py          123   read                      : Read 5 bytes
2026-09-21 15:17:11,231 BTPWorkerThread-219 (_rx_task) root DEBUG iutctl_common.py          131   read                      : Received: hdr: Header(svc_id=0x01, op=0x0e, ctrl_index=0x00, data_len=0x00) bytearray(b'\x01\x0e\x00\x00\x00')
2026-09-21 15:17:11,236 BTPWorkerThread-219 (_rx_task) root DEBUG iutctl_common.py          154   read                      : Received data: {''}, bytearray(b'')
2026-09-21 15:17:13,972 BTPWorkerThread-219 (_rx_task) root DEBUG iutctl_common.py          123   read                      : Read 5 bytes
2026-09-21 15:17:13,973 BTPWorkerThread-219 (_rx_task) root DEBUG iutctl_common.py          131   read                      : Received: hdr: Header(svc_id=0x01, op=0x82, ctrl_index=0x00, data_len=0x0d) bytearray(b'\x01\x82\x00\r\x00')
2026-09-21 15:17:13,973 BTPWorkerThread-219 (_rx_task) root DEBUG iutctl_common.py          139   read                      : Read 13 bytes data
2026-09-21 15:17:13,973 BTPWorkerThread-219 (_rx_task) root DEBUG iutctl_common.py          154   read                      : Received data: {'e0 4e e4 08 dc 1b 00 00 00 00 00 00 00'}, bytearray(b'\xe0N\xe4\x08\xdc\x1b\x00\x00\x00\x00\x00\x00\x00')
2026-09-21 15:17:13,973 BTPWorkerThread-219 (_rx_task) root DEBUG btp.py                    704   event_handler             : Header(svc_id=1, op=130, ctrl_index=0, data_len=13) (b'\xe0N\xe4\x08\xdc\x1b\x00\x00\x00\x00\x00\x00\x00',)
2026-09-21 15:17:13,973 BTPWorkerThread-219 (_rx_task) root DEBUG gap.py                    213   gap_connected_ev_         : b'\xe0N\xe4\x08\xdc\x1b\x00\x00\x00\x00\x00\x00\x00'
2026-09-21 15:17:14,050 LT1-thread root DEBUG ftp.py                    378   ftp_client_l2cap_connect  : ftp_client_l2cap_connect None
2026-09-21 15:17:14,050 LT1-thread root DEBUG iutctl_common.py          161   send                      : 42 4 0 "bytearray(b'\\xe0N\\xe4\\x08\\xdc\\x1b\\x00')"
2026-09-21 15:17:14,050 LT1-thread root DEBUG iutctl_common.py          166   send                      : sending frame '2a04000700e04ee408dc1b00'
2026-09-21 15:17:14,050 LT1-thread root DEBUG ftp.py                    284   ftp_command_rsp_succ      : ftp_command_rsp_succ
2026-09-21 15:17:14,051 LT1-thread root DEBUG iutctl_common.py          339   read                      : 
2026-09-21 15:17:14,087 BTPWorkerThread-219 (_rx_task) root DEBUG iutctl_common.py          123   read                      : Read 5 bytes
2026-09-21 15:17:14,092 BTPWorkerThread-219 (_rx_task) root DEBUG iutctl_common.py          131   read                      : Received: hdr: Header(svc_id=0x2a, op=0x04, ctrl_index=0x00, data_len=0x00) bytearray(b'*\x04\x00\x00\x00')
2026-09-21 15:17:14,097 BTPWorkerThread-219 (_rx_task) root DEBUG iutctl_common.py          154   read                      : Received data: {''}, bytearray(b'')
2026-09-21 15:17:14,097 LT1-thread root DEBUG ftp.py                    287   ftp_command_rsp_succ      : received Header(svc_id=42, op=4, ctrl_index=0, data_len=0) (b'',)
2026-09-21 15:17:15,882 BTPWorkerThread-219 (_rx_task) root DEBUG iutctl_common.py          123   read                      : Read 5 bytes
2026-09-21 15:17:15,883 BTPWorkerThread-219 (_rx_task) root DEBUG iutctl_common.py          131   read                      : Received: hdr: Header(svc_id=0x01, op=0x91, ctrl_index=0x00, data_len=0x09) bytearray(b'\x01\x91\x00\t\x00')
2026-09-21 15:17:15,883 BTPWorkerThread-219 (_rx_task) root DEBUG iutctl_common.py          139   read                      : Read 9 bytes data
2026-09-21 15:17:15,883 BTPWorkerThread-219 (_rx_task) root DEBUG iutctl_common.py          154   read                      : Received data: {'e0 4e e4 08 dc 1b 00 01 10'}, bytearray(b'\xe0N\xe4\x08\xdc\x1b\x00\x01\x10')
2026-09-21 15:17:15,883 BTPWorkerThread-219 (_rx_task) root DEBUG btp.py                    704   event_handler             : Header(svc_id=1, op=145, ctrl_index=0, data_len=9) (b'\xe0N\xe4\x08\xdc\x1b\x00\x01\x10',)
2026-09-21 15:17:15,883 BTPWorkerThread-219 (_rx_task) root DEBUG gap.py                    492   gap_encryption_change_ev_ : 
2026-09-21 15:17:15,883 BTPWorkerThread-219 (_rx_task) root DEBUG gap.py                    494   gap_encryption_change_ev_ : enc change received b'\xe0N\xe4\x08\xdc\x1b\x00\x01\x10'
2026-09-21 15:17:15,883 BTPWorkerThread-219 (_rx_task) root DEBUG gap.py                    503   gap_encryption_change_ev_ : received (224, '001bdc08e44e', 1, 16)
2026-09-21 15:17:15,883 BTPWorkerThread-219 (_rx_task) root DEBUG iutctl_common.py          123   read                      : Read 5 bytes
2026-09-21 15:17:15,884 BTPWorkerThread-219 (_rx_task) root DEBUG iutctl_common.py          131   read                      : Received: hdr: Header(svc_id=0x01, op=0x89, ctrl_index=0x00, data_len=0x08) bytearray(b'\x01\x89\x00\x08\x00')
2026-09-21 15:17:15,884 BTPWorkerThread-219 (_rx_task) root DEBUG iutctl_common.py          139   read                      : Read 8 bytes data
2026-09-21 15:17:15,884 BTPWorkerThread-219 (_rx_task) root DEBUG iutctl_common.py          154   read                      : Received data: {'e0 4e e4 08 dc 1b 00 02'}, bytearray(b'\xe0N\xe4\x08\xdc\x1b\x00\x02')
2026-09-21 15:17:15,884 BTPWorkerThread-219 (_rx_task) root DEBUG btp.py                    704   event_handler             : Header(svc_id=1, op=137, ctrl_index=0, data_len=8) (b'\xe0N\xe4\x08\xdc\x1b\x00\x02',)
2026-09-21 15:17:15,884 BTPWorkerThread-219 (_rx_task) root DEBUG gap.py                    298   gap_sec_level_changed_ev_ : 
2026-09-21 15:17:15,884 BTPWorkerThread-219 (_rx_task) root DEBUG gap.py                    300   gap_sec_level_changed_ev_ : received b'\xe0N\xe4\x08\xdc\x1b\x00\x02'
2026-09-21 15:17:15,884 BTPWorkerThread-219 (_rx_task) root DEBUG gap.py                    311   gap_sec_level_changed_ev_ : received (224, '001bdc08e44e', 2)
2026-09-21 15:17:15,904 BTPWorkerThread-219 (_rx_task) root DEBUG iutctl_common.py          123   read                      : Read 5 bytes
2026-09-21 15:17:15,905 BTPWorkerThread-219 (_rx_task) root DEBUG iutctl_common.py          131   read                      : Received: hdr: Header(svc_id=0x2a, op=0x82, ctrl_index=0x00, data_len=0x07) bytearray(b'*\x82\x00\x07\x00')
2026-09-21 15:17:15,905 BTPWorkerThread-219 (_rx_task) root DEBUG iutctl_common.py          139   read                      : Read 7 bytes data
2026-09-21 15:17:15,905 BTPWorkerThread-219 (_rx_task) root DEBUG iutctl_common.py          154   read                      : Received data: {'e0 4e e4 08 dc 1b 00'}, bytearray(b'\xe0N\xe4\x08\xdc\x1b\x00')
2026-09-21 15:17:15,905 BTPWorkerThread-219 (_rx_task) root DEBUG btp.py                    704   event_handler             : Header(svc_id=42, op=130, ctrl_index=0, data_len=7) (b'\xe0N\xe4\x08\xdc\x1b\x00',)
2026-09-21 15:17:15,905 Thread-229 (_process_events) root DEBUG ftp.py                    1064  _ftp_client_l2cap_connected_ev : _ftp_client_l2cap_connected_ev b'\xe0N\xe4\x08\xdc\x1b\x00'
2026-09-21 15:17:15,905 Thread-229 (_process_events) root DEBUG ftp.py                    713   add_connection            : FTP: created new connection addr=001bdc08e44e
2026-09-21 15:17:15,905 Thread-229 (_process_events) root DEBUG ftp.py                    724   add_connection            : FTP: add_connection addr=001bdc08e44e type=0x82
2026-09-21 15:17:15,907 LT1-thread root DEBUG ftp.py                    408   ftp_client_connect        : ftp_client_connect None
2026-09-21 15:17:15,907 LT1-thread root DEBUG iutctl_common.py          161   send                      : 42 6 0 "bytearray(b'\\xe0N\\xe4\\x08\\xdc\\x1b\\x00\\x13\\x00F\\x00\\x13\\xf9\\xec{\\xc4\\x95<\\x11\\xd2\\x98NRT\\x00\\xdc\\x9e\\t')"
2026-09-21 15:17:15,907 LT1-thread root DEBUG iutctl_common.py          166   send                      : sending frame '2a06001c00e04ee408dc1b001300460013f9ec7bc4953c11d2984e525400dc9e09'
2026-09-21 15:17:15,907 LT1-thread root DEBUG ftp.py                    284   ftp_command_rsp_succ      : ftp_command_rsp_succ
2026-09-21 15:17:15,908 LT1-thread root DEBUG iutctl_common.py          339   read                      : 
2026-09-21 15:17:15,943 BTPWorkerThread-219 (_rx_task) root DEBUG iutctl_common.py          123   read                      : Read 5 bytes
2026-09-21 15:17:15,953 BTPWorkerThread-219 (_rx_task) root DEBUG iutctl_common.py          131   read                      : Received: hdr: Header(svc_id=0x2a, op=0x06, ctrl_index=0x00, data_len=0x00) bytearray(b'*\x06\x00\x00\x00')
2026-09-21 15:17:15,959 BTPWorkerThread-219 (_rx_task) root DEBUG iutctl_common.py          154   read                      : Received data: {''}, bytearray(b'')
2026-09-21 15:17:15,959 LT1-thread root DEBUG ftp.py                    287   ftp_command_rsp_succ      : received Header(svc_id=42, op=6, ctrl_index=0, data_len=0) (b'',)
2026-09-21 15:17:15,960 BTPWorkerThread-219 (_rx_task) root DEBUG iutctl_common.py          123   read                      : Read 5 bytes
2026-09-21 15:17:15,960 BTPWorkerThread-219 (_rx_task) root DEBUG iutctl_common.py          131   read                      : Received: hdr: Header(svc_id=0x2a, op=0x84, ctrl_index=0x00, data_len=0x25) bytearray(b'*\x84\x00%\x00')
2026-09-21 15:17:15,961 BTPWorkerThread-219 (_rx_task) root DEBUG iutctl_common.py          139   read                      : Read 37 bytes data
2026-09-21 15:17:15,961 BTPWorkerThread-219 (_rx_task) root DEBUG iutctl_common.py          154   read                      : Received data: {'e0 4e e4 08 dc 1b 00 a0 10 0a 01 18 00 4a 00 13 f9 ec 7b c4 95 3c 11 d2 98 4e 52 54 00 dc 9e 09 cb 14 7f 3e d8'}, bytearray(b'\xe0N\xe4\x08\xdc\x1b\x00\xa0\x10\n\x01\x18\x00J\x00\x13\xf9\xec{\xc4\x95<\x11\xd2\x98NRT\x00\xdc\x9e\t\xcb\x14\x7f>\xd8')
2026-09-21 15:17:15,961 BTPWorkerThread-219 (_rx_task) root DEBUG btp.py                    704   event_handler             : Header(svc_id=42, op=132, ctrl_index=0, data_len=37) (b'\xe0N\xe4\x08\xdc\x1b\x00\xa0\x10\n\x01\x18\x00J\x00\x13\xf9\xec{\xc4\x95<\x11\xd2\x98NRT\x00\xdc\x9e\t\xcb\x14\x7f>\xd8',)
2026-09-21 15:17:15,962 Thread-229 (_process_events) root DEBUG ftp.py                    1105  _ftp_client_connect_ev    : _ftp_client_connect_ev b'\xe0N\xe4\x08\xdc\x1b\x00\xa0\x10\n\x01\x18\x00J\x00\x13\xf9\xec{\xc4\x95<\x11\xd2\x98NRT\x00\xdc\x9e\t\xcb\x14\x7f>\xd8'
2026-09-21 15:17:15,962 Thread-229 (_process_events) root DEBUG ftp.py                    724   add_connection            : FTP: add_connection addr=001bdc08e44e type=0x84
2026-09-21 15:17:16,062 LT1-thread root DEBUG testcase.py               722   run_wid                   : Sending response 'OK' to wid 4047 test case FTP/CL/GOEP/SRM/BV-05-C
2026-09-21 15:17:16,064 LT1-thread root DEBUG client.py                 276   get_result                : ClientCallback.get_result run_test_case
2026-09-21 15:17:16,066 LT1-callback ClientCallback.on_implicit_send INFO client.py                 223   on_implicit_send          : 
    ********************
    BEGIN OnImplicitSend:
    project_name: FTP
    wid: 4035
    test_case_name: FTP/CL/GOEP/SRM/BV-05-C
    description: Take action to send a GET request with an SRM ENABLED header.  Then allow the operation to complete as normal.
    style: MMI_Style_Ok_Cancel1 0x11041
2026-09-21 15:17:16,066 LT1-callback ClientCallback.on_implicit_send INFO client.py                 236   on_implicit_send          : Calling test cases on_implicit_send
2026-09-21 15:17:16,066 LT1-callback ClientCallback.on_implicit_send INFO client.py                 249   on_implicit_send          : 
    on_implicit_send returned response: WAIT
    END OnImplicitSend
    ********************
2026-09-21 15:17:17,065 LT1-thread root DEBUG testcase.py               679   run_wid                   : FTP FTP/CL/GOEP/SRM/BV-05-C on_implicit_send
2026-09-21 15:17:17,065 LT1-thread root DEBUG ftp_wid.py                25    ftp_wid_hdl               : ftp_wid_hdl, 4035, Take action to send a GET request with an SRM ENABLED header.  Then allow the operation to complete as normal., FTP/CL/GOEP/SRM/BV-05-C
2026-09-21 15:17:17,065 LT1-thread root DEBUG ftp.py                    511   ftp_client_pull_file      : ftp_client_pull_file final=True None
2026-09-21 15:17:17,065 LT1-thread root DEBUG iutctl_common.py          161   send                      : 42 12 0 "bytearray(b'\\xe0N\\xe4\\x08\\xdc\\x1b\\x00\\x01\\x1a\\x00\\xcb\\x14\\x7f>\\xd8\\x97\\x01\\x01\\x00\\x13\\x00g\\x00e\\x00t\\x00.\\x00t\\x00x\\x00t\\x00\\x00')"
2026-09-21 15:17:17,065 LT1-thread root DEBUG iutctl_common.py          166   send                      : sending frame '2a0c002400e04ee408dc1b00011a00cb147f3ed89701010013006700650074002e0074007800740000'
2026-09-21 15:17:17,066 LT1-thread root DEBUG ftp.py                    284   ftp_command_rsp_succ      : ftp_command_rsp_succ
2026-09-21 15:17:17,066 LT1-thread root DEBUG iutctl_common.py          339   read                      : 
2026-09-21 15:17:17,102 BTPWorkerThread-219 (_rx_task) root DEBUG iutctl_common.py          123   read                      : Read 5 bytes
2026-09-21 15:17:17,113 BTPWorkerThread-219 (_rx_task) root DEBUG iutctl_common.py          131   read                      : Received: hdr: Header(svc_id=0x2a, op=0x0c, ctrl_index=0x00, data_len=0x00) bytearray(b'*\x0c\x00\x00\x00')
2026-09-21 15:17:17,124 BTPWorkerThread-219 (_rx_task) root DEBUG iutctl_common.py          154   read                      : Received data: {''}, bytearray(b'')
2026-09-21 15:17:17,141 BTPWorkerThread-219 (_rx_task) root DEBUG iutctl_common.py          123   read                      : Read 5 bytes
2026-09-21 15:17:17,141 LT1-thread root DEBUG ftp.py                    287   ftp_command_rsp_succ      : received Header(svc_id=42, op=12, ctrl_index=0, data_len=0) (b'',)
2026-09-21 15:17:17,142 BTPWorkerThread-219 (_rx_task) root DEBUG iutctl_common.py          131   read                      : Received: hdr: Header(svc_id=0x2a, op=0x8a, ctrl_index=0x00, data_len=0x104) bytearray(b'*\x8a\x00\x04\x01')
2026-09-21 15:17:17,142 BTPWorkerThread-219 (_rx_task) root DEBUG iutctl_common.py          139   read                      : Read 260 bytes data
2026-09-21 15:17:17,143 BTPWorkerThread-219 (_rx_task) root DEBUG iutctl_common.py          154   read                      : Received data: {'e0 4e e4 08 dc 1b 00 90 fa 00 48 00 fa 46 69 6c 6c 65 72 20 54 65 78 74 20 46 69 6c 6c 65 72 20 54 65 78 74 20 46 69 6c 6c 65 72 20 54 65 78 74 20 46 69 6c 6c 65 72 20 54 65 78 74 20 46 69 6c 6c 65 72 20 54 65 78 74 20 46 69 6c 6c 65 72 20 54 65 78 74 20 46 69 6c 6c 65 72 20 54 65 78 74 20 46 69 6c 6c 65 72 20 54 65 78 74 20 46 69 6c 6c 65 72 20 54 65 78 74 20 46 69 6c 6c 65 72 20 54 65 78 74 20 46 69 6c 6c 65 72 20 54 65 78 74 20 46 69 6c 6c 65 72 20 54 65 78 74 20 0d 0a 46 69 6c 6c 65 72 20 54 65 78 74 20 46 69 6c 6c 65 72 20 54 65 78 74 20 46 69 6c 6c 65 72 20 54 65 78 74 20 46 69 6c 6c 65 72 20 54 65 78 74 20 46 69 6c 6c 65 72 20 54 65 78 74 20 46 69 6c 6c 65 72 20 54 65 78 74 20 46 69 6c 6c 65 72 20 54 65 78 74 20 46 69 6c 6c 65 72 20 54 65 78 74 20 46 69 6c 6c 65'}, bytearray(b'\xe0N\xe4\x08\xdc\x1b\x00\x90\xfa\x00H\x00\xfaFiller Text Filler Text Filler Text Filler Text Filler Text Filler Text Filler Text Filler Text Filler Text Filler Text Filler Text Filler Text \r\nFiller Text Filler Text Filler Text Filler Text Filler Text Filler Text Filler Text Filler Text Fille')
2026-09-21 15:17:17,143 BTPWorkerThread-219 (_rx_task) root DEBUG btp.py                    704   event_handler             : Header(svc_id=42, op=138, ctrl_index=0, data_len=260) (b'\xe0N\xe4\x08\xdc\x1b\x00\x90\xfa\x00H\x00\xfaFiller Text Filler Text Filler Text Filler Text Filler Text Filler Text Filler Text Filler Text Filler Text Filler Text Filler Text Filler Text \r\nFiller Text Filler Text Filler Text Filler Text Filler Text Filler Text Filler Text Filler Text Fille',)
2026-09-21 15:17:17,143 Thread-229 (_process_events) root DEBUG ftp.py                    1294  _ftp_client_pull_file_ev  : _ftp_client_pull_file_ev b'\xe0N\xe4\x08\xdc\x1b\x00\x90\xfa\x00H\x00\xfaFiller Text Filler Text Filler Text Filler Text Filler Text Filler Text Filler Text Filler Text Filler Text Filler Text Filler Text Filler Text \r\nFiller Text Filler Text Filler Text Filler Text Filler Text Filler Text Filler Text Filler Text Fille'
2026-09-21 15:17:17,143 Thread-229 (_process_events) root DEBUG ftp.py                    511   ftp_client_pull_file      : ftp_client_pull_file final=True '001bdc08e44e'
2026-09-21 15:17:17,144 Thread-229 (_process_events) root DEBUG iutctl_common.py          161   send                      : 42 12 0 "bytearray(b'\\xe0N\\xe4\\x08\\xdc\\x1b\\x00\\x01\\x00\\x00')"
2026-09-21 15:17:17,144 Thread-229 (_process_events) root DEBUG iutctl_common.py          166   send                      : sending frame '2a0c000a00e04ee408dc1b00010000'
2026-09-21 15:17:17,144 Thread-229 (_process_events) root DEBUG ftp.py                    284   ftp_command_rsp_succ      : ftp_command_rsp_succ
2026-09-21 15:17:17,144 Thread-229 (_process_events) root DEBUG iutctl_common.py          339   read                      : 
2026-09-21 15:17:17,180 BTPWorkerThread-219 (_rx_task) root DEBUG iutctl_common.py          123   read                      : Read 5 bytes
2026-09-21 15:17:17,191 BTPWorkerThread-219 (_rx_task) root DEBUG iutctl_common.py          131   read                      : Received: hdr: Header(svc_id=0x2a, op=0x0c, ctrl_index=0x00, data_len=0x00) bytearray(b'*\x0c\x00\x00\x00')
2026-09-21 15:17:17,202 BTPWorkerThread-219 (_rx_task) root DEBUG iutctl_common.py          154   read                      : Received data: {''}, bytearray(b'')
2026-09-21 15:17:17,212 Thread-229 (_process_events) root DEBUG ftp.py                    287   ftp_command_rsp_succ      : received Header(svc_id=42, op=12, ctrl_index=0, data_len=0) (b'',)
2026-09-21 15:17:17,212 BTPWorkerThread-219 (_rx_task) root DEBUG iutctl_common.py          123   read                      : Read 5 bytes
2026-09-21 15:17:17,212 BTPWorkerThread-219 (_rx_task) root DEBUG iutctl_common.py          131   read                      : Received: hdr: Header(svc_id=0x2a, op=0x8a, ctrl_index=0x00, data_len=0x104) bytearray(b'*\x8a\x00\x04\x01')
2026-09-21 15:17:17,213 BTPWorkerThread-219 (_rx_task) root DEBUG iutctl_common.py          139   read                      : Read 260 bytes data
2026-09-21 15:17:17,213 BTPWorkerThread-219 (_rx_task) root DEBUG iutctl_common.py          154   read                      : Received data: {'e0 4e e4 08 dc 1b 00 90 fa 00 48 00 fa 72 20 54 65 78 74 20 46 69 6c 6c 65 72 20 54 65 78 74 20 46 69 6c 6c 65 72 20 54 65 78 74 20 46 69 6c 6c 65 72 20 54 65 78 74 20 0d 0a 46 69 6c 6c 65 72 20 54 65 78 74 20 46 69 6c 6c 65 72 20 54 65 78 74 20 46 69 6c 6c 65 72 20 54 65 78 74 20 46 69 6c 6c 65 72 20 54 65 78 74 20 46 69 6c 6c 65 72 20 54 65 78 74 20 46 69 6c 6c 65 72 20 54 65 78 74 20 46 69 6c 6c 65 72 20 54 65 78 74 20 46 69 6c 6c 65 72 20 54 65 78 74 20 46 69 6c 6c 65 72 20 54 65 78 74 20 46 69 6c 6c 65 72 20 54 65 78 74 20 46 69 6c 6c 65 72 20 54 65 78 74 20 46 69 6c 6c 65 72 20 54 65 78 74 20 0d 0a 46 69 6c 6c 65 72 20 54 65 78 74 20 46 69 6c 6c 65 72 20 54 65 78 74 20 46 69 6c 6c 65 72 20 54 65 78 74 20 46 69 6c 6c 65 72 20 54 65 78 74 20 46 69 6c 6c 65 72 20 54'}, bytearray(b'\xe0N\xe4\x08\xdc\x1b\x00\x90\xfa\x00H\x00\xfar Text Filler Text Filler Text Filler Text \r\nFiller Text Filler Text Filler Text Filler Text Filler Text Filler Text Filler Text Filler Text Filler Text Filler Text Filler Text Filler Text \r\nFiller Text Filler Text Filler Text Filler Text Filler T')
2026-09-21 15:17:17,213 BTPWorkerThread-219 (_rx_task) root DEBUG btp.py                    704   event_handler             : Header(svc_id=42, op=138, ctrl_index=0, data_len=260) (b'\xe0N\xe4\x08\xdc\x1b\x00\x90\xfa\x00H\x00\xfar Text Filler Text Filler Text Filler Text \r\nFiller Text Filler Text Filler Text Filler Text Filler Text Filler Text Filler Text Filler Text Filler Text Filler Text Filler Text Filler Text \r\nFiller Text Filler Text Filler Text Filler Text Filler T',)
2026-09-21 15:17:17,213 Thread-229 (_process_events) root DEBUG ftp.py                    1294  _ftp_client_pull_file_ev  : _ftp_client_pull_file_ev b'\xe0N\xe4\x08\xdc\x1b\x00\x90\xfa\x00H\x00\xfar Text Filler Text Filler Text Filler Text \r\nFiller Text Filler Text Filler Text Filler Text Filler Text Filler Text Filler Text Filler Text Filler Text Filler Text Filler Text Filler Text \r\nFiller Text Filler Text Filler Text Filler Text Filler T'
2026-09-21 15:17:17,213 Thread-229 (_process_events) root DEBUG ftp.py                    511   ftp_client_pull_file      : ftp_client_pull_file final=True '001bdc08e44e'
2026-09-21 15:17:17,214 Thread-229 (_process_events) root DEBUG iutctl_common.py          161   send                      : 42 12 0 "bytearray(b'\\xe0N\\xe4\\x08\\xdc\\x1b\\x00\\x01\\x00\\x00')"
2026-09-21 15:17:17,214 Thread-229 (_process_events) root DEBUG iutctl_common.py          166   send                      : sending frame '2a0c000a00e04ee408dc1b00010000'
2026-09-21 15:17:17,214 Thread-229 (_process_events) root DEBUG ftp.py                    284   ftp_command_rsp_succ      : ftp_command_rsp_succ
2026-09-21 15:17:17,214 Thread-229 (_process_events) root DEBUG iutctl_common.py          339   read                      : 
2026-09-21 15:17:17,239 BTPWorkerThread-219 (_rx_task) root DEBUG iutctl_common.py          123   read                      : Read 5 bytes
2026-09-21 15:17:17,251 BTPWorkerThread-219 (_rx_task) root DEBUG iutctl_common.py          131   read                      : Received: hdr: Header(svc_id=0x2a, op=0x0c, ctrl_index=0x00, data_len=0x00) bytearray(b'*\x0c\x00\x00\x00')
2026-09-21 15:17:17,262 BTPWorkerThread-219 (_rx_task) root DEBUG iutctl_common.py          154   read                      : Received data: {''}, bytearray(b'')
2026-09-21 15:17:17,278 Thread-229 (_process_events) root DEBUG ftp.py                    287   ftp_command_rsp_succ      : received Header(svc_id=42, op=12, ctrl_index=0, data_len=0) (b'',)
2026-09-21 15:17:17,278 BTPWorkerThread-219 (_rx_task) root DEBUG iutctl_common.py          123   read                      : Read 5 bytes
2026-09-21 15:17:17,278 BTPWorkerThread-219 (_rx_task) root DEBUG iutctl_common.py          131   read                      : Received: hdr: Header(svc_id=0x2a, op=0x8a, ctrl_index=0x00, data_len=0x104) bytearray(b'*\x8a\x00\x04\x01')
2026-09-21 15:17:17,279 BTPWorkerThread-219 (_rx_task) root DEBUG iutctl_common.py          139   read                      : Read 260 bytes data
2026-09-21 15:17:17,279 BTPWorkerThread-219 (_rx_task) root DEBUG iutctl_common.py          154   read                      : Received data: {'e0 4e e4 08 dc 1b 00 90 fa 00 48 00 fa 65 78 74 20 46 69 6c 6c 65 72 20 54 65 78 74 20 46 69 6c 6c 65 72 20 54 65 78 74 20 46 69 6c 6c 65 72 20 54 65 78 74 20 46 69 6c 6c 65 72 20 54 65 78 74 20 46 69 6c 6c 65 72 20 54 65 78 74 20 46 69 6c 6c 65 72 20 54 65 78 74 20 46 69 6c 6c 65 72 20 54 65 78 74 20 0d 0a 46 69 6c 6c 65 72 20 54 65 78 74 20 46 69 6c 6c 65 72 20 54 65 78 74 20 46 69 6c 6c 65 72 20 54 65 78 74 20 46 69 6c 6c 65 72 20 54 65 78 74 20 46 69 6c 6c 65 72 20 54 65 78 74 20 46 69 6c 6c 65 72 20 54 65 78 74 20 46 69 6c 6c 65 72 20 54 65 78 74 20 46 69 6c 6c 65 72 20 54 65 78 74 20 46 69 6c 6c 65 72 20 54 65 78 74 20 46 69 6c 6c 65 72 20 54 65 78 74 20 46 69 6c 6c 65 72 20 54 65 78 74 20 46 69 6c 6c 65 72 20 54 65 78 74 20 0d 0a 46 69 6c 6c 65 72 20 54 65 78 74'}, bytearray(b'\xe0N\xe4\x08\xdc\x1b\x00\x90\xfa\x00H\x00\xfaext Filler Text Filler Text Filler Text Filler Text Filler Text Filler Text Filler Text \r\nFiller Text Filler Text Filler Text Filler Text Filler Text Filler Text Filler Text Filler Text Filler Text Filler Text Filler Text Filler Text \r\nFiller Text')
2026-09-21 15:17:17,279 BTPWorkerThread-219 (_rx_task) root DEBUG btp.py                    704   event_handler             : Header(svc_id=42, op=138, ctrl_index=0, data_len=260) (b'\xe0N\xe4\x08\xdc\x1b\x00\x90\xfa\x00H\x00\xfaext Filler Text Filler Text Filler Text Filler Text Filler Text Filler Text Filler Text \r\nFiller Text Filler Text Filler Text Filler Text Filler Text Filler Text Filler Text Filler Text Filler Text Filler Text Filler Text Filler Text \r\nFiller Text',)
2026-09-21 15:17:17,279 Thread-229 (_process_events) root DEBUG ftp.py                    1294  _ftp_client_pull_file_ev  : _ftp_client_pull_file_ev b'\xe0N\xe4\x08\xdc\x1b\x00\x90\xfa\x00H\x00\xfaext Filler Text Filler Text Filler Text Filler Text Filler Text Filler Text Filler Text \r\nFiller Text Filler Text Filler Text Filler Text Filler Text Filler Text Filler Text Filler Text Filler Text Filler Text Filler Text Filler Text \r\nFiller Text'
2026-09-21 15:17:17,280 Thread-229 (_process_events) root DEBUG ftp.py                    511   ftp_client_pull_file      : ftp_client_pull_file final=True '001bdc08e44e'
2026-09-21 15:17:17,280 Thread-229 (_process_events) root DEBUG iutctl_common.py          161   send                      : 42 12 0 "bytearray(b'\\xe0N\\xe4\\x08\\xdc\\x1b\\x00\\x01\\x00\\x00')"
2026-09-21 15:17:17,280 Thread-229 (_process_events) root DEBUG iutctl_common.py          166   send                      : sending frame '2a0c000a00e04ee408dc1b00010000'
2026-09-21 15:17:17,280 Thread-229 (_process_events) root DEBUG ftp.py                    284   ftp_command_rsp_succ      : ftp_command_rsp_succ
2026-09-21 15:17:17,280 Thread-229 (_process_events) root DEBUG iutctl_common.py          339   read                      : 
2026-09-21 15:17:17,326 BTPWorkerThread-219 (_rx_task) root DEBUG iutctl_common.py          123   read                      : Read 5 bytes
2026-09-21 15:17:17,337 BTPWorkerThread-219 (_rx_task) root DEBUG iutctl_common.py          131   read                      : Received: hdr: Header(svc_id=0x2a, op=0x0c, ctrl_index=0x00, data_len=0x00) bytearray(b'*\x0c\x00\x00\x00')
2026-09-21 15:17:17,348 BTPWorkerThread-219 (_rx_task) root DEBUG iutctl_common.py          154   read                      : Received data: {''}, bytearray(b'')
2026-09-21 15:17:17,359 BTPWorkerThread-219 (_rx_task) root DEBUG iutctl_common.py          123   read                      : Read 5 bytes
2026-09-21 15:17:17,359 Thread-229 (_process_events) root DEBUG ftp.py                    287   ftp_command_rsp_succ      : received Header(svc_id=42, op=12, ctrl_index=0, data_len=0) (b'',)
2026-09-21 15:17:17,360 BTPWorkerThread-219 (_rx_task) root DEBUG iutctl_common.py          131   read                      : Received: hdr: Header(svc_id=0x2a, op=0x8a, ctrl_index=0x00, data_len=0x104) bytearray(b'*\x8a\x00\x04\x01')
2026-09-21 15:17:17,360 BTPWorkerThread-219 (_rx_task) root DEBUG iutctl_common.py          139   read                      : Read 260 bytes data
2026-09-21 15:17:17,360 BTPWorkerThread-219 (_rx_task) root DEBUG iutctl_common.py          154   read                      : Received data: {'e0 4e e4 08 dc 1b 00 90 fa 00 48 00 fa 65 72 20 54 65 78 74 20 46 69 6c 6c 65 72 20 54 65 78 74 20 46 69 6c 6c 65 72 20 54 65 78 74 20 0d 0a 46 69 6c 6c 65 72 20 54 65 78 74 20 46 69 6c 6c 65 72 20 54 65 78 74 20 46 69 6c 6c 65 72 20 54 65 78 74 20 46 69 6c 6c 65 72 20 54 65 78 74 20 46 69 6c 6c 65 72 20 54 65 78 74 20 46 69 6c 6c 65 72 20 54 65 78 74 20 46 69 6c 6c 65 72 20 54 65 78 74 20 46 69 6c 6c 65 72 20 54 65 78 74 20 46 69 6c 6c 65 72 20 54 65 78 74 20 46 69 6c 6c 65 72 20 54 65 78 74 20 46 69 6c 6c 65 72 20 54 65 78 74 20 46 69 6c 6c 65 72 20 54 65 78 74 20 0d 0a 46 69 6c 6c 65 72 20 54 65 78 74 20 46 69 6c 6c 65 72 20 54 65 78 74 20 46 69 6c 6c 65 72 20 54 65 78 74 20 46 69 6c 6c 65 72 20 54 65 78 74 20 46 69 6c 6c 65 72 20 54 65 78 74 20 46 69 6c 6c 65 72 20'}, bytearray(b'\xe0N\xe4\x08\xdc\x1b\x00\x90\xfa\x00H\x00\xfaer Text Filler Text Filler Text \r\nFiller Text Filler Text Filler Text Filler Text Filler Text Filler Text Filler Text Filler Text Filler Text Filler Text Filler Text Filler Text \r\nFiller Text Filler Text Filler Text Filler Text Filler Text Filler ')
2026-09-21 15:17:17,360 BTPWorkerThread-219 (_rx_task) root DEBUG btp.py                    704   event_handler             : Header(svc_id=42, op=138, ctrl_index=0, data_len=260) (b'\xe0N\xe4\x08\xdc\x1b\x00\x90\xfa\x00H\x00\xfaer Text Filler Text Filler Text \r\nFiller Text Filler Text Filler Text Filler Text Filler Text Filler Text Filler Text Filler Text Filler Text Filler Text Filler Text Filler Text \r\nFiller Text Filler Text Filler Text Filler Text Filler Text Filler ',)
2026-09-21 15:17:17,361 Thread-229 (_process_events) root DEBUG ftp.py                    1294  _ftp_client_pull_file_ev  : _ftp_client_pull_file_ev b'\xe0N\xe4\x08\xdc\x1b\x00\x90\xfa\x00H\x00\xfaer Text Filler Text Filler Text \r\nFiller Text Filler Text Filler Text Filler Text Filler Text Filler Text Filler Text Filler Text Filler Text Filler Text Filler Text Filler Text \r\nFiller Text Filler Text Filler Text Filler Text Filler Text Filler '
2026-09-21 15:17:17,361 Thread-229 (_process_events) root DEBUG ftp.py                    511   ftp_client_pull_file      : ftp_client_pull_file final=True '001bdc08e44e'
2026-09-21 15:17:17,361 Thread-229 (_process_events) root DEBUG iutctl_common.py          161   send                      : 42 12 0 "bytearray(b'\\xe0N\\xe4\\x08\\xdc\\x1b\\x00\\x01\\x00\\x00')"
2026-09-21 15:17:17,361 Thread-229 (_process_events) root DEBUG iutctl_common.py          166   send                      : sending frame '2a0c000a00e04ee408dc1b00010000'
2026-09-21 15:17:17,361 Thread-229 (_process_events) root DEBUG ftp.py                    284   ftp_command_rsp_succ      : ftp_command_rsp_succ
2026-09-21 15:17:17,361 Thread-229 (_process_events) root DEBUG iutctl_common.py          339   read                      : 
2026-09-21 15:17:17,399 BTPWorkerThread-219 (_rx_task) root DEBUG iutctl_common.py          123   read                      : Read 5 bytes
2026-09-21 15:17:17,409 BTPWorkerThread-219 (_rx_task) root DEBUG iutctl_common.py          131   read                      : Received: hdr: Header(svc_id=0x2a, op=0x0c, ctrl_index=0x00, data_len=0x00) bytearray(b'*\x0c\x00\x00\x00')
2026-09-21 15:17:17,420 BTPWorkerThread-219 (_rx_task) root DEBUG iutctl_common.py          154   read                      : Received data: {''}, bytearray(b'')
2026-09-21 15:17:17,425 Thread-229 (_process_events) root DEBUG ftp.py                    287   ftp_command_rsp_succ      : received Header(svc_id=42, op=12, ctrl_index=0, data_len=0) (b'',)
2026-09-21 15:17:17,425 BTPWorkerThread-219 (_rx_task) root DEBUG iutctl_common.py          123   read                      : Read 5 bytes
2026-09-21 15:17:17,426 BTPWorkerThread-219 (_rx_task) root DEBUG iutctl_common.py          131   read                      : Received: hdr: Header(svc_id=0x2a, op=0x8a, ctrl_index=0x00, data_len=0x104) bytearray(b'*\x8a\x00\x04\x01')
2026-09-21 15:17:17,426 BTPWorkerThread-219 (_rx_task) root DEBUG iutctl_common.py          139   read                      : Read 260 bytes data
2026-09-21 15:17:17,426 BTPWorkerThread-219 (_rx_task) root DEBUG iutctl_common.py          154   read                      : Received data: {'e0 4e e4 08 dc 1b 00 90 fa 00 48 00 fa 54 65 78 74 20 46 69 6c 6c 65 72 20 54 65 78 74 20 46 69 6c 6c 65 72 20 54 65 78 74 20 46 69 6c 6c 65 72 20 54 65 78 74 20 46 69 6c 6c 65 72 20 54 65 78 74 20 46 69 6c 6c 65 72 20 54 65 78 74 20 46 69 6c 6c 65 72 20 54 65 78 74 20 0d 0a 46 69 6c 6c 65 72 20 54 65 78 74 20 46 69 6c 6c 65 72 20 54 65 78 74 20 46 69 6c 6c 65 72 20 54 65 78 74 20 46 69 6c 6c 65 72 20 54 65 78 74 20 46 69 6c 6c 65 72 20 54 65 78 74 20 46 69 6c 6c 65 72 20 54 65 78 74 20 46 69 6c 6c 65 72 20 54 65 78 74 20 46 69 6c 6c 65 72 20 54 65 78 74 20 46 69 6c 6c 65 72 20 54 65 78 74 20 46 69 6c 6c 65 72 20 54 65 78 74 20 46 69 6c 6c 65 72 20 54 65 78 74 20 46 69 6c 6c 65 72 20 54 65 78 74 20 0d 0a 46 69 6c 6c 65 72 20 54 65 78 74 20 46 69 6c 6c 65 72 20 54 65 78'}, bytearray(b'\xe0N\xe4\x08\xdc\x1b\x00\x90\xfa\x00H\x00\xfaText Filler Text Filler Text Filler Text Filler Text Filler Text Filler Text \r\nFiller Text Filler Text Filler Text Filler Text Filler Text Filler Text Filler Text Filler Text Filler Text Filler Text Filler Text Filler Text \r\nFiller Text Filler Tex')
2026-09-21 15:17:17,426 BTPWorkerThread-219 (_rx_task) root DEBUG btp.py                    704   event_handler             : Header(svc_id=42, op=138, ctrl_index=0, data_len=260) (b'\xe0N\xe4\x08\xdc\x1b\x00\x90\xfa\x00H\x00\xfaText Filler Text Filler Text Filler Text Filler Text Filler Text Filler Text \r\nFiller Text Filler Text Filler Text Filler Text Filler Text Filler Text Filler Text Filler Text Filler Text Filler Text Filler Text Filler Text \r\nFiller Text Filler Tex',)
2026-09-21 15:17:17,426 Thread-229 (_process_events) root DEBUG ftp.py                    1294  _ftp_client_pull_file_ev  : _ftp_client_pull_file_ev b'\xe0N\xe4\x08\xdc\x1b\x00\x90\xfa\x00H\x00\xfaText Filler Text Filler Text Filler Text Filler Text Filler Text Filler Text \r\nFiller Text Filler Text Filler Text Filler Text Filler Text Filler Text Filler Text Filler Text Filler Text Filler Text Filler Text Filler Text \r\nFiller Text Filler Tex'
2026-09-21 15:17:17,427 Thread-229 (_process_events) root DEBUG ftp.py                    511   ftp_client_pull_file      : ftp_client_pull_file final=True '001bdc08e44e'
2026-09-21 15:17:17,427 Thread-229 (_process_events) root DEBUG iutctl_common.py          161   send                      : 42 12 0 "bytearray(b'\\xe0N\\xe4\\x08\\xdc\\x1b\\x00\\x01\\x00\\x00')"
2026-09-21 15:17:17,427 Thread-229 (_process_events) root DEBUG iutctl_common.py          166   send                      : sending frame '2a0c000a00e04ee408dc1b00010000'
2026-09-21 15:17:17,427 Thread-229 (_process_events) root DEBUG ftp.py                    284   ftp_command_rsp_succ      : ftp_command_rsp_succ
2026-09-21 15:17:17,427 Thread-229 (_process_events) root DEBUG iutctl_common.py          339   read                      : 
2026-09-21 15:17:17,464 BTPWorkerThread-219 (_rx_task) root DEBUG iutctl_common.py          123   read                      : Read 5 bytes
2026-09-21 15:17:17,476 BTPWorkerThread-219 (_rx_task) root DEBUG iutctl_common.py          131   read                      : Received: hdr: Header(svc_id=0x2a, op=0x0c, ctrl_index=0x00, data_len=0x00) bytearray(b'*\x0c\x00\x00\x00')
2026-09-21 15:17:17,488 BTPWorkerThread-219 (_rx_task) root DEBUG iutctl_common.py          154   read                      : Received data: {''}, bytearray(b'')
2026-09-21 15:17:17,504 Thread-229 (_process_events) root DEBUG ftp.py                    287   ftp_command_rsp_succ      : received Header(svc_id=42, op=12, ctrl_index=0, data_len=0) (b'',)
2026-09-21 15:17:17,504 BTPWorkerThread-219 (_rx_task) root DEBUG iutctl_common.py          123   read                      : Read 5 bytes
2026-09-21 15:17:17,504 BTPWorkerThread-219 (_rx_task) root DEBUG iutctl_common.py          131   read                      : Received: hdr: Header(svc_id=0x2a, op=0x8a, ctrl_index=0x00, data_len=0x104) bytearray(b'*\x8a\x00\x04\x01')
2026-09-21 15:17:17,504 BTPWorkerThread-219 (_rx_task) root DEBUG iutctl_common.py          139   read                      : Read 260 bytes data
2026-09-21 15:17:17,505 BTPWorkerThread-219 (_rx_task) root DEBUG iutctl_common.py          154   read                      : Received data: {'e0 4e e4 08 dc 1b 00 90 fa 00 48 00 fa 74 20 46 69 6c 6c 65 72 20 54 65 78 74 20 46 69 6c 6c 65 72 20 54 65 78 74 20 46 69 6c 6c 65 72 20 54 65 78 74 20 46 69 6c 6c 65 72 20 54 65 78 74 20 46 69 6c 6c 65 72 20 54 65 78 74 20 46 69 6c 6c 65 72 20 54 65 78 74 20 46 69 6c 6c 65 72 20 54 65 78 74 20 46 69 6c 6c 65 72 20 54 65 78 74 20 46 69 6c 6c 65 72 20 54 65 78 74 20 46 69 6c 6c 65 72 20 54 65 78 74 20 0d 0a 46 69 6c 6c 65 72 20 54 65 78 74 20 46 69 6c 6c 65 72 20 54 65 78 74 20 46 69 6c 6c 65 72 20 54 65 78 74 20 46 69 6c 6c 65 72 20 54 65 78 74 20 46 69 6c 6c 65 72 20 54 65 78 74 20 46 69 6c 6c 65 72 20 54 65 78 74 20 46 69 6c 6c 65 72 20 54 65 78 74 20 46 69 6c 6c 65 72 20 54 65 78 74 20 46 69 6c 6c 65 72 20 54 65 78 74 20 46 69 6c 6c 65 72 20 54 65 78 74 20 46 69 6c'}, bytearray(b'\xe0N\xe4\x08\xdc\x1b\x00\x90\xfa\x00H\x00\xfat Filler Text Filler Text Filler Text Filler Text Filler Text Filler Text Filler Text Filler Text Filler Text Filler Text \r\nFiller Text Filler Text Filler Text Filler Text Filler Text Filler Text Filler Text Filler Text Filler Text Filler Text Fil')
2026-09-21 15:17:17,505 BTPWorkerThread-219 (_rx_task) root DEBUG btp.py                    704   event_handler             : Header(svc_id=42, op=138, ctrl_index=0, data_len=260) (b'\xe0N\xe4\x08\xdc\x1b\x00\x90\xfa\x00H\x00\xfat Filler Text Filler Text Filler Text Filler Text Filler Text Filler Text Filler Text Filler Text Filler Text Filler Text \r\nFiller Text Filler Text Filler Text Filler Text Filler Text Filler Text Filler Text Filler Text Filler Text Filler Text Fil',)
2026-09-21 15:17:17,505 Thread-229 (_process_events) root DEBUG ftp.py                    1294  _ftp_client_pull_file_ev  : _ftp_client_pull_file_ev b'\xe0N\xe4\x08\xdc\x1b\x00\x90\xfa\x00H\x00\xfat Filler Text Filler Text Filler Text Filler Text Filler Text Filler Text Filler Text Filler Text Filler Text Filler Text \r\nFiller Text Filler Text Filler Text Filler Text Filler Text Filler Text Filler Text Filler Text Filler Text Filler Text Fil'
2026-09-21 15:17:17,506 Thread-229 (_process_events) root DEBUG ftp.py                    511   ftp_client_pull_file      : ftp_client_pull_file final=True '001bdc08e44e'
2026-09-21 15:17:17,506 Thread-229 (_process_events) root DEBUG iutctl_common.py          161   send                      : 42 12 0 "bytearray(b'\\xe0N\\xe4\\x08\\xdc\\x1b\\x00\\x01\\x00\\x00')"
2026-09-21 15:17:17,506 Thread-229 (_process_events) root DEBUG iutctl_common.py          166   send                      : sending frame '2a0c000a00e04ee408dc1b00010000'
2026-09-21 15:17:17,506 Thread-229 (_process_events) root DEBUG ftp.py                    284   ftp_command_rsp_succ      : ftp_command_rsp_succ
2026-09-21 15:17:17,506 Thread-229 (_process_events) root DEBUG iutctl_common.py          339   read                      : 
2026-09-21 15:17:17,542 BTPWorkerThread-219 (_rx_task) root DEBUG iutctl_common.py          123   read                      : Read 5 bytes
2026-09-21 15:17:17,548 BTPWorkerThread-219 (_rx_task) root DEBUG iutctl_common.py          131   read                      : Received: hdr: Header(svc_id=0x2a, op=0x0c, ctrl_index=0x00, data_len=0x00) bytearray(b'*\x0c\x00\x00\x00')
2026-09-21 15:17:17,559 BTPWorkerThread-219 (_rx_task) root DEBUG iutctl_common.py          154   read                      : Received data: {''}, bytearray(b'')
2026-09-21 15:17:17,569 BTPWorkerThread-219 (_rx_task) root DEBUG iutctl_common.py          123   read                      : Read 5 bytes
2026-09-21 15:17:17,569 Thread-229 (_process_events) root DEBUG ftp.py                    287   ftp_command_rsp_succ      : received Header(svc_id=42, op=12, ctrl_index=0, data_len=0) (b'',)
2026-09-21 15:17:17,570 BTPWorkerThread-219 (_rx_task) root DEBUG iutctl_common.py          131   read                      : Received: hdr: Header(svc_id=0x2a, op=0x8a, ctrl_index=0x00, data_len=0x104) bytearray(b'*\x8a\x00\x04\x01')
2026-09-21 15:17:17,570 BTPWorkerThread-219 (_rx_task) root DEBUG iutctl_common.py          139   read                      : Read 260 bytes data
2026-09-21 15:17:17,570 BTPWorkerThread-219 (_rx_task) root DEBUG iutctl_common.py          154   read                      : Received data: {'e0 4e e4 08 dc 1b 00 90 fa 00 48 00 fa 6c 65 72 20 54 65 78 74 20 46 69 6c 6c 65 72 20 54 65 78 74 20 0d 0a 46 69 6c 6c 65 72 20 54 65 78 74 20 46 69 6c 6c 65 72 20 54 65 78 74 20 46 69 6c 6c 65 72 20 54 65 78 74 20 46 69 6c 6c 65 72 20 54 65 78 74 20 46 69 6c 6c 65 72 20 54 65 78 74 20 46 69 6c 6c 65 72 20 54 65 78 74 20 46 69 6c 6c 65 72 20 54 65 78 74 20 46 69 6c 6c 65 72 20 54 65 78 74 20 46 69 6c 6c 65 72 20 54 65 78 74 20 46 69 6c 6c 65 72 20 54 65 78 74 20 46 69 6c 6c 65 72 20 54 65 78 74 20 46 69 6c 6c 65 72 20 54 65 78 74 20 0d 0a 46 69 6c 6c 65 72 20 54 65 78 74 20 46 69 6c 6c 65 72 20 54 65 78 74 20 46 69 6c 6c 65 72 20 54 65 78 74 20 46 69 6c 6c 65 72 20 54 65 78 74 20 46 69 6c 6c 65 72 20 54 65 78 74 20 46 69 6c 6c 65 72 20 54 65 78 74 20 46 69 6c 6c 65 72'}, bytearray(b'\xe0N\xe4\x08\xdc\x1b\x00\x90\xfa\x00H\x00\xfaler Text Filler Text \r\nFiller Text Filler Text Filler Text Filler Text Filler Text Filler Text Filler Text Filler Text Filler Text Filler Text Filler Text Filler Text \r\nFiller Text Filler Text Filler Text Filler Text Filler Text Filler Text Filler')
2026-09-21 15:17:17,571 BTPWorkerThread-219 (_rx_task) root DEBUG btp.py                    704   event_handler             : Header(svc_id=42, op=138, ctrl_index=0, data_len=260) (b'\xe0N\xe4\x08\xdc\x1b\x00\x90\xfa\x00H\x00\xfaler Text Filler Text \r\nFiller Text Filler Text Filler Text Filler Text Filler Text Filler Text Filler Text Filler Text Filler Text Filler Text Filler Text Filler Text \r\nFiller Text Filler Text Filler Text Filler Text Filler Text Filler Text Filler',)
2026-09-21 15:17:17,571 Thread-229 (_process_events) root DEBUG ftp.py                    1294  _ftp_client_pull_file_ev  : _ftp_client_pull_file_ev b'\xe0N\xe4\x08\xdc\x1b\x00\x90\xfa\x00H\x00\xfaler Text Filler Text \r\nFiller Text Filler Text Filler Text Filler Text Filler Text Filler Text Filler Text Filler Text Filler Text Filler Text Filler Text Filler Text \r\nFiller Text Filler Text Filler Text Filler Text Filler Text Filler Text Filler'
2026-09-21 15:17:17,571 Thread-229 (_process_events) root DEBUG ftp.py                    511   ftp_client_pull_file      : ftp_client_pull_file final=True '001bdc08e44e'
2026-09-21 15:17:17,571 Thread-229 (_process_events) root DEBUG iutctl_common.py          161   send                      : 42 12 0 "bytearray(b'\\xe0N\\xe4\\x08\\xdc\\x1b\\x00\\x01\\x00\\x00')"
2026-09-21 15:17:17,571 Thread-229 (_process_events) root DEBUG iutctl_common.py          166   send                      : sending frame '2a0c000a00e04ee408dc1b00010000'
2026-09-21 15:17:17,571 Thread-229 (_process_events) root DEBUG ftp.py                    284   ftp_command_rsp_succ      : ftp_command_rsp_succ
2026-09-21 15:17:17,571 Thread-229 (_process_events) root DEBUG iutctl_common.py          339   read                      : 
2026-09-21 15:17:17,602 BTPWorkerThread-219 (_rx_task) root DEBUG iutctl_common.py          123   read                      : Read 5 bytes
2026-09-21 15:17:17,614 BTPWorkerThread-219 (_rx_task) root DEBUG iutctl_common.py          131   read                      : Received: hdr: Header(svc_id=0x2a, op=0x0c, ctrl_index=0x00, data_len=0x00) bytearray(b'*\x0c\x00\x00\x00')
2026-09-21 15:17:17,614 BTPWorkerThread-219 (_rx_task) root DEBUG iutctl_common.py          154   read                      : Received data: {''}, bytearray(b'')
2026-09-21 15:17:17,614 BTPWorkerThread-219 (_rx_task) root DEBUG iutctl_common.py          123   read                      : Read 5 bytes
2026-09-21 15:17:17,615 Thread-229 (_process_events) root DEBUG ftp.py                    287   ftp_command_rsp_succ      : received Header(svc_id=42, op=12, ctrl_index=0, data_len=0) (b'',)
2026-09-21 15:17:17,615 BTPWorkerThread-219 (_rx_task) root DEBUG iutctl_common.py          131   read                      : Received: hdr: Header(svc_id=0x2a, op=0x8a, ctrl_index=0x00, data_len=0x104) bytearray(b'*\x8a\x00\x04\x01')
2026-09-21 15:17:17,615 BTPWorkerThread-219 (_rx_task) root DEBUG iutctl_common.py          139   read                      : Read 98 bytes data
2026-09-21 15:17:17,619 BTPWorkerThread-219 (_rx_task) root DEBUG iutctl_common.py          139   read                      : Read 131 bytes data
2026-09-21 15:17:17,619 BTPWorkerThread-219 (_rx_task) root DEBUG iutctl_common.py          139   read                      : Read 1 bytes data
2026-09-21 15:17:17,630 BTPWorkerThread-219 (_rx_task) root DEBUG iutctl_common.py          139   read                      : Read 30 bytes data
2026-09-21 15:17:17,630 BTPWorkerThread-219 (_rx_task) root DEBUG iutctl_common.py          154   read                      : Received data: {'e0 4e e4 08 dc 1b 00 90 fa 00 48 00 fa 20 54 65 78 74 20 46 69 6c 6c 65 72 20 54 65 78 74 20 46 69 6c 6c 65 72 20 54 65 78 74 20 46 69 6c 6c 65 72 20 54 65 78 74 20 46 69 6c 6c 65 72 20 54 65 78 74 20 46 69 6c 6c 65 72 20 54 65 78 74 20 0d 0a 46 69 6c 6c 65 72 20 54 65 78 74 20 46 69 6c 6c 65 72 20 54 65 78 74 20 46 69 6c 6c 65 72 20 54 65 78 74 20 46 69 6c 6c 65 72 20 54 65 78 74 20 46 69 6c 6c 65 72 20 54 65 78 74 20 46 69 6c 6c 65 72 20 54 65 78 74 20 46 69 6c 6c 65 72 20 54 65 78 74 20 46 69 6c 6c 65 72 20 54 65 78 74 20 46 69 6c 6c 65 72 20 54 65 78 74 20 46 69 6c 6c 65 72 20 54 65 78 74 20 46 69 6c 6c 65 72 20 54 65 78 74 20 46 69 6c 6c 65 72 20 54 65 78 74 20 0d 0a 46 69 6c 6c 65 72 20 54 65 78 74 20 46 69 6c 6c 65 72 20 54 65 78 74 20 46 69 6c 6c 65 72 20 54 65'}, bytearray(b'\xe0N\xe4\x08\xdc\x1b\x00\x90\xfa\x00H\x00\xfa Text Filler Text Filler Text Filler Text Filler Text Filler Text \r\nFiller Text Filler Text Filler Text Filler Text Filler Text Filler Text Filler Text Filler Text Filler Text Filler Text Filler Text Filler Text \r\nFiller Text Filler Text Filler Te')
2026-09-21 15:17:17,630 BTPWorkerThread-219 (_rx_task) root DEBUG btp.py                    704   event_handler             : Header(svc_id=42, op=138, ctrl_index=0, data_len=260) (b'\xe0N\xe4\x08\xdc\x1b\x00\x90\xfa\x00H\x00\xfa Text Filler Text Filler Text Filler Text Filler Text Filler Text \r\nFiller Text Filler Text Filler Text Filler Text Filler Text Filler Text Filler Text Filler Text Filler Text Filler Text Filler Text Filler Text \r\nFiller Text Filler Text Filler Te',)
2026-09-21 15:17:17,631 Thread-229 (_process_events) root DEBUG ftp.py                    1294  _ftp_client_pull_file_ev  : _ftp_client_pull_file_ev b'\xe0N\xe4\x08\xdc\x1b\x00\x90\xfa\x00H\x00\xfa Text Filler Text Filler Text Filler Text Filler Text Filler Text \r\nFiller Text Filler Text Filler Text Filler Text Filler Text Filler Text Filler Text Filler Text Filler Text Filler Text Filler Text Filler Text \r\nFiller Text Filler Text Filler Te'
2026-09-21 15:17:17,631 Thread-229 (_process_events) root DEBUG ftp.py                    511   ftp_client_pull_file      : ftp_client_pull_file final=True '001bdc08e44e'
2026-09-21 15:17:17,631 Thread-229 (_process_events) root DEBUG iutctl_common.py          161   send                      : 42 12 0 "bytearray(b'\\xe0N\\xe4\\x08\\xdc\\x1b\\x00\\x01\\x00\\x00')"
2026-09-21 15:17:17,631 Thread-229 (_process_events) root DEBUG iutctl_common.py          166   send                      : sending frame '2a0c000a00e04ee408dc1b00010000'
2026-09-21 15:17:17,631 Thread-229 (_process_events) root DEBUG ftp.py                    284   ftp_command_rsp_succ      : ftp_command_rsp_succ
2026-09-21 15:17:17,631 Thread-229 (_process_events) root DEBUG iutctl_common.py          339   read                      : 
2026-09-21 15:17:17,668 BTPWorkerThread-219 (_rx_task) root DEBUG iutctl_common.py          123   read                      : Read 5 bytes
2026-09-21 15:17:17,673 BTPWorkerThread-219 (_rx_task) root DEBUG iutctl_common.py          131   read                      : Received: hdr: Header(svc_id=0x2a, op=0x0c, ctrl_index=0x00, data_len=0x00) bytearray(b'*\x0c\x00\x00\x00')
2026-09-21 15:17:17,679 BTPWorkerThread-219 (_rx_task) root DEBUG iutctl_common.py          154   read                      : Received data: {''}, bytearray(b'')
2026-09-21 15:17:17,679 Thread-229 (_process_events) root DEBUG ftp.py                    287   ftp_command_rsp_succ      : received Header(svc_id=42, op=12, ctrl_index=0, data_len=0) (b'',)
2026-09-21 15:17:17,680 BTPWorkerThread-219 (_rx_task) root DEBUG iutctl_common.py          123   read                      : Read 5 bytes
2026-09-21 15:17:17,680 BTPWorkerThread-219 (_rx_task) root DEBUG iutctl_common.py          131   read                      : Received: hdr: Header(svc_id=0x2a, op=0x8a, ctrl_index=0x00, data_len=0x104) bytearray(b'*\x8a\x00\x04\x01')
2026-09-21 15:17:17,680 BTPWorkerThread-219 (_rx_task) root DEBUG iutctl_common.py          139   read                      : Read 98 bytes data
2026-09-21 15:17:17,684 BTPWorkerThread-219 (_rx_task) root DEBUG iutctl_common.py          139   read                      : Read 128 bytes data
2026-09-21 15:17:17,696 BTPWorkerThread-219 (_rx_task) root DEBUG iutctl_common.py          139   read                      : Read 34 bytes data
2026-09-21 15:17:17,697 BTPWorkerThread-219 (_rx_task) root DEBUG iutctl_common.py          154   read                      : Received data: {'e0 4e e4 08 dc 1b 00 90 fa 00 48 00 fa 78 74 20 46 69 6c 6c 65 72 20 54 65 78 74 20 46 69 6c 6c 65 72 20 54 65 78 74 20 46 69 6c 6c 65 72 20 54 65 78 74 20 46 69 6c 6c 65 72 20 54 65 78 74 20 46 69 6c 6c 65 72 20 54 65 78 74 20 46 69 6c 6c 65 72 20 54 65 78 74 20 46 69 6c 6c 65 72 20 54 65 78 74 20 46 69 6c 6c 65 72 20 54 65 78 74 20 46 69 6c 6c 65 72 20 54 65 78 74 20 0d 0a 46 69 6c 6c 65 72 20 54 65 78 74 20 46 69 6c 6c 65 72 20 54 65 78 74 20 46 69 6c 6c 65 72 20 54 65 78 74 20 46 69 6c 6c 65 72 20 54 65 78 74 20 46 69 6c 6c 65 72 20 54 65 78 74 20 46 69 6c 6c 65 72 20 54 65 78 74 20 46 69 6c 6c 65 72 20 54 65 78 74 20 46 69 6c 6c 65 72 20 54 65 78 74 20 46 69 6c 6c 65 72 20 54 65 78 74 20 46 69 6c 6c 65 72 20 54 65 78 74 20 46 69 6c 6c 65 72 20 54 65 78 74 20 46 69'}, bytearray(b'\xe0N\xe4\x08\xdc\x1b\x00\x90\xfa\x00H\x00\xfaxt Filler Text Filler Text Filler Text Filler Text Filler Text Filler Text Filler Text Filler Text Filler Text \r\nFiller Text Filler Text Filler Text Filler Text Filler Text Filler Text Filler Text Filler Text Filler Text Filler Text Filler Text Fi')
2026-09-21 15:17:17,697 BTPWorkerThread-219 (_rx_task) root DEBUG btp.py                    704   event_handler             : Header(svc_id=42, op=138, ctrl_index=0, data_len=260) (b'\xe0N\xe4\x08\xdc\x1b\x00\x90\xfa\x00H\x00\xfaxt Filler Text Filler Text Filler Text Filler Text Filler Text Filler Text Filler Text Filler Text Filler Text \r\nFiller Text Filler Text Filler Text Filler Text Filler Text Filler Text Filler Text Filler Text Filler Text Filler Text Filler Text Fi',)
2026-09-21 15:17:17,697 Thread-229 (_process_events) root DEBUG ftp.py                    1294  _ftp_client_pull_file_ev  : _ftp_client_pull_file_ev b'\xe0N\xe4\x08\xdc\x1b\x00\x90\xfa\x00H\x00\xfaxt Filler Text Filler Text Filler Text Filler Text Filler Text Filler Text Filler Text Filler Text Filler Text \r\nFiller Text Filler Text Filler Text Filler Text Filler Text Filler Text Filler Text Filler Text Filler Text Filler Text Filler Text Fi'
2026-09-21 15:17:17,697 Thread-229 (_process_events) root DEBUG ftp.py                    511   ftp_client_pull_file      : ftp_client_pull_file final=True '001bdc08e44e'
2026-09-21 15:17:17,697 Thread-229 (_process_events) root DEBUG iutctl_common.py          161   send                      : 42 12 0 "bytearray(b'\\xe0N\\xe4\\x08\\xdc\\x1b\\x00\\x01\\x00\\x00')"
2026-09-21 15:17:17,697 Thread-229 (_process_events) root DEBUG iutctl_common.py          166   send                      : sending frame '2a0c000a00e04ee408dc1b00010000'
2026-09-21 15:17:17,698 Thread-229 (_process_events) root DEBUG ftp.py                    284   ftp_command_rsp_succ      : ftp_command_rsp_succ
2026-09-21 15:17:17,698 Thread-229 (_process_events) root DEBUG iutctl_common.py          339   read                      : 
2026-09-21 15:17:17,740 BTPWorkerThread-219 (_rx_task) root DEBUG iutctl_common.py          123   read                      : Read 5 bytes
2026-09-21 15:17:17,750 BTPWorkerThread-219 (_rx_task) root DEBUG iutctl_common.py          131   read                      : Received: hdr: Header(svc_id=0x2a, op=0x0c, ctrl_index=0x00, data_len=0x00) bytearray(b'*\x0c\x00\x00\x00')
2026-09-21 15:17:17,765 BTPWorkerThread-219 (_rx_task) root DEBUG iutctl_common.py          154   read                      : Received data: {''}, bytearray(b'')
2026-09-21 15:17:17,765 BTPWorkerThread-219 (_rx_task) root DEBUG iutctl_common.py          123   read                      : Read 5 bytes
2026-09-21 15:17:17,766 Thread-229 (_process_events) root DEBUG ftp.py                    287   ftp_command_rsp_succ      : received Header(svc_id=42, op=12, ctrl_index=0, data_len=0) (b'',)
2026-09-21 15:17:17,766 BTPWorkerThread-219 (_rx_task) root DEBUG iutctl_common.py          131   read                      : Received: hdr: Header(svc_id=0x2a, op=0x8a, ctrl_index=0x00, data_len=0x104) bytearray(b'*\x8a\x00\x04\x01')
2026-09-21 15:17:17,766 BTPWorkerThread-219 (_rx_task) root DEBUG iutctl_common.py          139   read                      : Read 260 bytes data
2026-09-21 15:17:17,767 BTPWorkerThread-219 (_rx_task) root DEBUG iutctl_common.py          154   read                      : Received data: {'e0 4e e4 08 dc 1b 00 90 fa 00 48 00 fa 6c 6c 65 72 20 54 65 78 74 20 0d 0a 46 69 6c 6c 65 72 20 54 65 78 74 20 46 69 6c 6c 65 72 20 54 65 78 74 20 46 69 6c 6c 65 72 20 54 65 78 74 20 46 69 6c 6c 65 72 20 54 65 78 74 20 46 69 6c 6c 65 72 20 54 65 78 74 20 46 69 6c 6c 65 72 20 54 65 78 74 20 46 69 6c 6c 65 72 20 54 65 78 74 20 46 69 6c 6c 65 72 20 54 65 78 74 20 46 69 6c 6c 65 72 20 54 65 78 74 20 46 69 6c 6c 65 72 20 54 65 78 74 20 46 69 6c 6c 65 72 20 54 65 78 74 20 46 69 6c 6c 65 72 20 54 65 78 74 20 0d 0a 46 69 6c 6c 65 72 20 54 65 78 74 20 46 69 6c 6c 65 72 20 54 65 78 74 20 46 69 6c 6c 65 72 20 54 65 78 74 20 46 69 6c 6c 65 72 20 54 65 78 74 20 46 69 6c 6c 65 72 20 54 65 78 74 20 46 69 6c 6c 65 72 20 54 65 78 74 20 46 69 6c 6c 65 72 20 54 65 78 74 20 46 69 6c 6c 65'}, bytearray(b'\xe0N\xe4\x08\xdc\x1b\x00\x90\xfa\x00H\x00\xfaller Text \r\nFiller Text Filler Text Filler Text Filler Text Filler Text Filler Text Filler Text Filler Text Filler Text Filler Text Filler Text Filler Text \r\nFiller Text Filler Text Filler Text Filler Text Filler Text Filler Text Filler Text Fille')
2026-09-21 15:17:17,767 BTPWorkerThread-219 (_rx_task) root DEBUG btp.py                    704   event_handler             : Header(svc_id=42, op=138, ctrl_index=0, data_len=260) (b'\xe0N\xe4\x08\xdc\x1b\x00\x90\xfa\x00H\x00\xfaller Text \r\nFiller Text Filler Text Filler Text Filler Text Filler Text Filler Text Filler Text Filler Text Filler Text Filler Text Filler Text Filler Text \r\nFiller Text Filler Text Filler Text Filler Text Filler Text Filler Text Filler Text Fille',)
2026-09-21 15:17:17,767 Thread-229 (_process_events) root DEBUG ftp.py                    1294  _ftp_client_pull_file_ev  : _ftp_client_pull_file_ev b'\xe0N\xe4\x08\xdc\x1b\x00\x90\xfa\x00H\x00\xfaller Text \r\nFiller Text Filler Text Filler Text Filler Text Filler Text Filler Text Filler Text Filler Text Filler Text Filler Text Filler Text Filler Text \r\nFiller Text Filler Text Filler Text Filler Text Filler Text Filler Text Filler Text Fille'
2026-09-21 15:17:17,767 Thread-229 (_process_events) root DEBUG ftp.py                    511   ftp_client_pull_file      : ftp_client_pull_file final=True '001bdc08e44e'
2026-09-21 15:17:17,767 Thread-229 (_process_events) root DEBUG iutctl_common.py          161   send                      : 42 12 0 "bytearray(b'\\xe0N\\xe4\\x08\\xdc\\x1b\\x00\\x01\\x00\\x00')"
2026-09-21 15:17:17,767 Thread-229 (_process_events) root DEBUG iutctl_common.py          166   send                      : sending frame '2a0c000a00e04ee408dc1b00010000'
2026-09-21 15:17:17,768 Thread-229 (_process_events) root DEBUG ftp.py                    284   ftp_command_rsp_succ      : ftp_command_rsp_succ
2026-09-21 15:17:17,768 Thread-229 (_process_events) root DEBUG iutctl_common.py          339   read                      : 
2026-09-21 15:17:17,806 BTPWorkerThread-219 (_rx_task) root DEBUG iutctl_common.py          123   read                      : Read 5 bytes
2026-09-21 15:17:17,817 BTPWorkerThread-219 (_rx_task) root DEBUG iutctl_common.py          131   read                      : Received: hdr: Header(svc_id=0x2a, op=0x0c, ctrl_index=0x00, data_len=0x00) bytearray(b'*\x0c\x00\x00\x00')
2026-09-21 15:17:17,828 BTPWorkerThread-219 (_rx_task) root DEBUG iutctl_common.py          154   read                      : Received data: {''}, bytearray(b'')
2026-09-21 15:17:17,839 BTPWorkerThread-219 (_rx_task) root DEBUG iutctl_common.py          123   read                      : Read 5 bytes
2026-09-21 15:17:17,839 Thread-229 (_process_events) root DEBUG ftp.py                    287   ftp_command_rsp_succ      : received Header(svc_id=42, op=12, ctrl_index=0, data_len=0) (b'',)
2026-09-21 15:17:17,839 BTPWorkerThread-219 (_rx_task) root DEBUG iutctl_common.py          131   read                      : Received: hdr: Header(svc_id=0x2a, op=0x8a, ctrl_index=0x00, data_len=0x104) bytearray(b'*\x8a\x00\x04\x01')
2026-09-21 15:17:17,840 BTPWorkerThread-219 (_rx_task) root DEBUG iutctl_common.py          139   read                      : Read 260 bytes data
2026-09-21 15:17:17,840 BTPWorkerThread-219 (_rx_task) root DEBUG iutctl_common.py          154   read                      : Received data: {'e0 4e e4 08 dc 1b 00 90 fa 00 48 00 fa 72 20 54 65 78 74 20 46 69 6c 6c 65 72 20 54 65 78 74 20 46 69 6c 6c 65 72 20 54 65 78 74 20 46 69 6c 6c 65 72 20 54 65 78 74 20 46 69 6c 6c 65 72 20 54 65 78 74 20 0d 0a 46 69 6c 6c 65 72 20 54 65 78 74 20 46 69 6c 6c 65 72 20 54 65 78 74 20 46 69 6c 6c 65 72 20 54 65 78 74 20 46 69 6c 6c 65 72 20 54 65 78 74 20 46 69 6c 6c 65 72 20 54 65 78 74 20 46 69 6c 6c 65 72 20 54 65 78 74 20 46 69 6c 6c 65 72 20 54 65 78 74 20 46 69 6c 6c 65 72 20 54 65 78 74 20 46 69 6c 6c 65 72 20 54 65 78 74 20 46 69 6c 6c 65 72 20 54 65 78 74 20 46 69 6c 6c 65 72 20 54 65 78 74 20 46 69 6c 6c 65 72 20 54 65 78 74 20 0d 0a 46 69 6c 6c 65 72 20 54 65 78 74 20 46 69 6c 6c 65 72 20 54 65 78 74 20 46 69 6c 6c 65 72 20 54 65 78 74 20 46 69 6c 6c 65 72 20 54'}, bytearray(b'\xe0N\xe4\x08\xdc\x1b\x00\x90\xfa\x00H\x00\xfar Text Filler Text Filler Text Filler Text Filler Text \r\nFiller Text Filler Text Filler Text Filler Text Filler Text Filler Text Filler Text Filler Text Filler Text Filler Text Filler Text Filler Text \r\nFiller Text Filler Text Filler Text Filler T')
2026-09-21 15:17:17,840 BTPWorkerThread-219 (_rx_task) root DEBUG btp.py                    704   event_handler             : Header(svc_id=42, op=138, ctrl_index=0, data_len=260) (b'\xe0N\xe4\x08\xdc\x1b\x00\x90\xfa\x00H\x00\xfar Text Filler Text Filler Text Filler Text Filler Text \r\nFiller Text Filler Text Filler Text Filler Text Filler Text Filler Text Filler Text Filler Text Filler Text Filler Text Filler Text Filler Text \r\nFiller Text Filler Text Filler Text Filler T',)
2026-09-21 15:17:17,840 Thread-229 (_process_events) root DEBUG ftp.py                    1294  _ftp_client_pull_file_ev  : _ftp_client_pull_file_ev b'\xe0N\xe4\x08\xdc\x1b\x00\x90\xfa\x00H\x00\xfar Text Filler Text Filler Text Filler Text Filler Text \r\nFiller Text Filler Text Filler Text Filler Text Filler Text Filler Text Filler Text Filler Text Filler Text Filler Text Filler Text Filler Text \r\nFiller Text Filler Text Filler Text Filler T'
2026-09-21 15:17:17,840 Thread-229 (_process_events) root DEBUG ftp.py                    511   ftp_client_pull_file      : ftp_client_pull_file final=True '001bdc08e44e'
2026-09-21 15:17:17,840 Thread-229 (_process_events) root DEBUG iutctl_common.py          161   send                      : 42 12 0 "bytearray(b'\\xe0N\\xe4\\x08\\xdc\\x1b\\x00\\x01\\x00\\x00')"
2026-09-21 15:17:17,840 Thread-229 (_process_events) root DEBUG iutctl_common.py          166   send                      : sending frame '2a0c000a00e04ee408dc1b00010000'
2026-09-21 15:17:17,841 Thread-229 (_process_events) root DEBUG ftp.py                    284   ftp_command_rsp_succ      : ftp_command_rsp_succ
2026-09-21 15:17:17,841 Thread-229 (_process_events) root DEBUG iutctl_common.py          339   read                      : 
2026-09-21 15:17:17,896 BTPWorkerThread-219 (_rx_task) root DEBUG iutctl_common.py          123   read                      : Read 5 bytes
2026-09-21 15:17:17,907 BTPWorkerThread-219 (_rx_task) root DEBUG iutctl_common.py          131   read                      : Received: hdr: Header(svc_id=0x2a, op=0x0c, ctrl_index=0x00, data_len=0x00) bytearray(b'*\x0c\x00\x00\x00')
2026-09-21 15:17:17,918 BTPWorkerThread-219 (_rx_task) root DEBUG iutctl_common.py          154   read                      : Received data: {''}, bytearray(b'')
2026-09-21 15:17:17,934 Thread-229 (_process_events) root DEBUG ftp.py                    287   ftp_command_rsp_succ      : received Header(svc_id=42, op=12, ctrl_index=0, data_len=0) (b'',)
2026-09-21 15:17:17,934 BTPWorkerThread-219 (_rx_task) root DEBUG iutctl_common.py          123   read                      : Read 5 bytes
2026-09-21 15:17:17,934 BTPWorkerThread-219 (_rx_task) root DEBUG iutctl_common.py          131   read                      : Received: hdr: Header(svc_id=0x2a, op=0x8a, ctrl_index=0x00, data_len=0x104) bytearray(b'*\x8a\x00\x04\x01')
2026-09-21 15:17:17,934 BTPWorkerThread-219 (_rx_task) root DEBUG iutctl_common.py          139   read                      : Read 260 bytes data
2026-09-21 15:17:17,935 BTPWorkerThread-219 (_rx_task) root DEBUG iutctl_common.py          154   read                      : Received data: {'e0 4e e4 08 dc 1b 00 90 fa 00 48 00 fa 65 78 74 20 46 69 6c 6c 65 72 20 54 65 78 74 20 46 69 6c 6c 65 72 20 54 65 78 74 20 46 69 6c 6c 65 72 20 54 65 78 74 20 46 69 6c 6c 65 72 20 54 65 78 74 20 46 69 6c 6c 65 72 20 54 65 78 74 20 46 69 6c 6c 65 72 20 54 65 78 74 20 46 69 6c 6c 65 72 20 54 65 78 74 20 46 69 6c 6c 65 72 20 54 65 78 74 20 0d 0a 46 69 6c 6c 65 72 20 54 65 78 74 20 46 69 6c 6c 65 72 20 54 65 78 74 20 46 69 6c 6c 65 72 20 54 65 78 74 20 46 69 6c 6c 65 72 20 54 65 78 74 20 46 69 6c 6c 65 72 20 54 65 78 74 20 46 69 6c 6c 65 72 20 54 65 78 74 20 46 69 6c 6c 65 72 20 54 65 78 74 20 46 69 6c 6c 65 72 20 54 65 78 74 20 46 69 6c 6c 65 72 20 54 65 78 74 20 46 69 6c 6c 65 72 20 54 65 78 74 20 46 69 6c 6c 65 72 20 54 65 78 74 20 46 69 6c 6c 65 72 20 54 65 78 74 20 0d'}, bytearray(b'\xe0N\xe4\x08\xdc\x1b\x00\x90\xfa\x00H\x00\xfaext Filler Text Filler Text Filler Text Filler Text Filler Text Filler Text Filler Text Filler Text \r\nFiller Text Filler Text Filler Text Filler Text Filler Text Filler Text Filler Text Filler Text Filler Text Filler Text Filler Text Filler Text \r')
2026-09-21 15:17:17,935 BTPWorkerThread-219 (_rx_task) root DEBUG btp.py                    704   event_handler             : Header(svc_id=42, op=138, ctrl_index=0, data_len=260) (b'\xe0N\xe4\x08\xdc\x1b\x00\x90\xfa\x00H\x00\xfaext Filler Text Filler Text Filler Text Filler Text Filler Text Filler Text Filler Text Filler Text \r\nFiller Text Filler Text Filler Text Filler Text Filler Text Filler Text Filler Text Filler Text Filler Text Filler Text Filler Text Filler Text \r',)
2026-09-21 15:17:17,935 Thread-229 (_process_events) root DEBUG ftp.py                    1294  _ftp_client_pull_file_ev  : _ftp_client_pull_file_ev b'\xe0N\xe4\x08\xdc\x1b\x00\x90\xfa\x00H\x00\xfaext Filler Text Filler Text Filler Text Filler Text Filler Text Filler Text Filler Text Filler Text \r\nFiller Text Filler Text Filler Text Filler Text Filler Text Filler Text Filler Text Filler Text Filler Text Filler Text Filler Text Filler Text \r'
2026-09-21 15:17:17,935 Thread-229 (_process_events) root DEBUG ftp.py                    511   ftp_client_pull_file      : ftp_client_pull_file final=True '001bdc08e44e'
2026-09-21 15:17:17,935 Thread-229 (_process_events) root DEBUG iutctl_common.py          161   send                      : 42 12 0 "bytearray(b'\\xe0N\\xe4\\x08\\xdc\\x1b\\x00\\x01\\x00\\x00')"
2026-09-21 15:17:17,936 Thread-229 (_process_events) root DEBUG iutctl_common.py          166   send                      : sending frame '2a0c000a00e04ee408dc1b00010000'
2026-09-21 15:17:17,936 Thread-229 (_process_events) root DEBUG ftp.py                    284   ftp_command_rsp_succ      : ftp_command_rsp_succ
2026-09-21 15:17:17,936 Thread-229 (_process_events) root DEBUG iutctl_common.py          339   read                      : 
2026-09-21 15:17:17,982 BTPWorkerThread-219 (_rx_task) root DEBUG iutctl_common.py          123   read                      : Read 5 bytes
2026-09-21 15:17:17,993 BTPWorkerThread-219 (_rx_task) root DEBUG iutctl_common.py          131   read                      : Received: hdr: Header(svc_id=0x2a, op=0x0c, ctrl_index=0x00, data_len=0x00) bytearray(b'*\x0c\x00\x00\x00')
2026-09-21 15:17:18,004 BTPWorkerThread-219 (_rx_task) root DEBUG iutctl_common.py          154   read                      : Received data: {''}, bytearray(b'')
2026-09-21 15:17:18,020 Thread-229 (_process_events) root DEBUG ftp.py                    287   ftp_command_rsp_succ      : received Header(svc_id=42, op=12, ctrl_index=0, data_len=0) (b'',)
2026-09-21 15:17:18,020 BTPWorkerThread-219 (_rx_task) root DEBUG iutctl_common.py          123   read                      : Read 5 bytes
2026-09-21 15:17:18,020 BTPWorkerThread-219 (_rx_task) root DEBUG iutctl_common.py          131   read                      : Received: hdr: Header(svc_id=0x2a, op=0x8a, ctrl_index=0x00, data_len=0x104) bytearray(b'*\x8a\x00\x04\x01')
2026-09-21 15:17:18,020 BTPWorkerThread-219 (_rx_task) root DEBUG iutctl_common.py          139   read                      : Read 260 bytes data
2026-09-21 15:17:18,021 BTPWorkerThread-219 (_rx_task) root DEBUG iutctl_common.py          154   read                      : Received data: {'e0 4e e4 08 dc 1b 00 90 fa 00 48 00 fa 0a 46 69 6c 6c 65 72 20 54 65 78 74 20 46 69 6c 6c 65 72 20 54 65 78 74 20 46 69 6c 6c 65 72 20 54 65 78 74 20 46 69 6c 6c 65 72 20 54 65 78 74 20 46 69 6c 6c 65 72 20 54 65 78 74 20 46 69 6c 6c 65 72 20 54 65 78 74 20 46 69 6c 6c 65 72 20 54 65 78 74 20 46 69 6c 6c 65 72 20 54 65 78 74 20 46 69 6c 6c 65 72 20 54 65 78 74 20 46 69 6c 6c 65 72 20 54 65 78 74 20 46 69 6c 6c 65 72 20 54 65 78 74 20 46 69 6c 6c 65 72 20 54 65 78 74 20 0d 0a 46 69 6c 6c 65 72 20 54 65 78 74 20 46 69 6c 6c 65 72 20 54 65 78 74 20 46 69 6c 6c 65 72 20 54 65 78 74 20 46 69 6c 6c 65 72 20 54 65 78 74 20 46 69 6c 6c 65 72 20 54 65 78 74 20 46 69 6c 6c 65 72 20 54 65 78 74 20 46 69 6c 6c 65 72 20 54 65 78 74 20 46 69 6c 6c 65 72 20 54 65 78 74 20 46 69 6c 6c'}, bytearray(b'\xe0N\xe4\x08\xdc\x1b\x00\x90\xfa\x00H\x00\xfa\nFiller Text Filler Text Filler Text Filler Text Filler Text Filler Text Filler Text Filler Text Filler Text Filler Text Filler Text Filler Text \r\nFiller Text Filler Text Filler Text Filler Text Filler Text Filler Text Filler Text Filler Text Fill')
2026-09-21 15:17:18,021 BTPWorkerThread-219 (_rx_task) root DEBUG btp.py                    704   event_handler             : Header(svc_id=42, op=138, ctrl_index=0, data_len=260) (b'\xe0N\xe4\x08\xdc\x1b\x00\x90\xfa\x00H\x00\xfa\nFiller Text Filler Text Filler Text Filler Text Filler Text Filler Text Filler Text Filler Text Filler Text Filler Text Filler Text Filler Text \r\nFiller Text Filler Text Filler Text Filler Text Filler Text Filler Text Filler Text Filler Text Fill',)
2026-09-21 15:17:18,021 Thread-229 (_process_events) root DEBUG ftp.py                    1294  _ftp_client_pull_file_ev  : _ftp_client_pull_file_ev b'\xe0N\xe4\x08\xdc\x1b\x00\x90\xfa\x00H\x00\xfa\nFiller Text Filler Text Filler Text Filler Text Filler Text Filler Text Filler Text Filler Text Filler Text Filler Text Filler Text Filler Text \r\nFiller Text Filler Text Filler Text Filler Text Filler Text Filler Text Filler Text Filler Text Fill'
2026-09-21 15:17:18,021 Thread-229 (_process_events) root DEBUG ftp.py                    511   ftp_client_pull_file      : ftp_client_pull_file final=True '001bdc08e44e'
2026-09-21 15:17:18,021 Thread-229 (_process_events) root DEBUG iutctl_common.py          161   send                      : 42 12 0 "bytearray(b'\\xe0N\\xe4\\x08\\xdc\\x1b\\x00\\x01\\x00\\x00')"
2026-09-21 15:17:18,021 Thread-229 (_process_events) root DEBUG iutctl_common.py          166   send                      : sending frame '2a0c000a00e04ee408dc1b00010000'
2026-09-21 15:17:18,022 Thread-229 (_process_events) root DEBUG ftp.py                    284   ftp_command_rsp_succ      : ftp_command_rsp_succ
2026-09-21 15:17:18,022 Thread-229 (_process_events) root DEBUG iutctl_common.py          339   read                      : 
2026-09-21 15:17:18,060 BTPWorkerThread-219 (_rx_task) root DEBUG iutctl_common.py          123   read                      : Read 5 bytes
2026-09-21 15:17:18,070 BTPWorkerThread-219 (_rx_task) root DEBUG iutctl_common.py          131   read                      : Received: hdr: Header(svc_id=0x2a, op=0x0c, ctrl_index=0x00, data_len=0x00) bytearray(b'*\x0c\x00\x00\x00')
2026-09-21 15:17:18,070 BTPWorkerThread-219 (_rx_task) root DEBUG iutctl_common.py          154   read                      : Received data: {''}, bytearray(b'')
2026-09-21 15:17:18,070 BTPWorkerThread-219 (_rx_task) root DEBUG iutctl_common.py          123   read                      : Read 5 bytes
2026-09-21 15:17:18,070 BTPWorkerThread-219 (_rx_task) root DEBUG iutctl_common.py          131   read                      : Received: hdr: Header(svc_id=0x2a, op=0x8a, ctrl_index=0x00, data_len=0x104) bytearray(b'*\x8a\x00\x04\x01')
2026-09-21 15:17:18,070 Thread-229 (_process_events) root DEBUG ftp.py                    287   ftp_command_rsp_succ      : received Header(svc_id=42, op=12, ctrl_index=0, data_len=0) (b'',)
2026-09-21 15:17:18,070 BTPWorkerThread-219 (_rx_task) root DEBUG iutctl_common.py          139   read                      : Read 109 bytes data
2026-09-21 15:17:18,073 BTPWorkerThread-219 (_rx_task) root DEBUG iutctl_common.py          139   read                      : Read 126 bytes data
2026-09-21 15:17:18,084 BTPWorkerThread-219 (_rx_task) root DEBUG iutctl_common.py          139   read                      : Read 25 bytes data
2026-09-21 15:17:18,085 BTPWorkerThread-219 (_rx_task) root DEBUG iutctl_common.py          154   read                      : Received data: {'e0 4e e4 08 dc 1b 00 90 fa 00 48 00 fa 65 72 20 54 65 78 74 20 46 69 6c 6c 65 72 20 54 65 78 74 20 46 69 6c 6c 65 72 20 54 65 78 74 20 46 69 6c 6c 65 72 20 54 65 78 74 20 0d 0a 46 69 6c 6c 65 72 20 54 65 78 74 20 46 69 6c 6c 65 72 20 54 65 78 74 20 46 69 6c 6c 65 72 20 54 65 78 74 20 46 69 6c 6c 65 72 20 54 65 78 74 20 46 69 6c 6c 65 72 20 54 65 78 74 20 46 69 6c 6c 65 72 20 54 65 78 74 20 46 69 6c 6c 65 72 20 54 65 78 74 20 46 69 6c 6c 65 72 20 54 65 78 74 20 46 69 6c 6c 65 72 20 54 65 78 74 20 46 69 6c 6c 65 72 20 54 65 78 74 20 46 69 6c 6c 65 72 20 54 65 78 74 20 46 69 6c 6c 65 72 20 54 65 78 74 20 0d 0a 46 69 6c 6c 65 72 20 54 65 78 74 20 46 69 6c 6c 65 72 20 54 65 78 74 20 46 69 6c 6c 65 72 20 54 65 78 74 20 46 69 6c 6c 65 72 20 54 65 78 74 20 46 69 6c 6c 65 72 20'}, bytearray(b'\xe0N\xe4\x08\xdc\x1b\x00\x90\xfa\x00H\x00\xfaer Text Filler Text Filler Text Filler Text \r\nFiller Text Filler Text Filler Text Filler Text Filler Text Filler Text Filler Text Filler Text Filler Text Filler Text Filler Text Filler Text \r\nFiller Text Filler Text Filler Text Filler Text Filler ')
2026-09-21 15:17:18,085 BTPWorkerThread-219 (_rx_task) root DEBUG btp.py                    704   event_handler             : Header(svc_id=42, op=138, ctrl_index=0, data_len=260) (b'\xe0N\xe4\x08\xdc\x1b\x00\x90\xfa\x00H\x00\xfaer Text Filler Text Filler Text Filler Text \r\nFiller Text Filler Text Filler Text Filler Text Filler Text Filler Text Filler Text Filler Text Filler Text Filler Text Filler Text Filler Text \r\nFiller Text Filler Text Filler Text Filler Text Filler ',)
2026-09-21 15:17:18,085 Thread-229 (_process_events) root DEBUG ftp.py                    1294  _ftp_client_pull_file_ev  : _ftp_client_pull_file_ev b'\xe0N\xe4\x08\xdc\x1b\x00\x90\xfa\x00H\x00\xfaer Text Filler Text Filler Text Filler Text \r\nFiller Text Filler Text Filler Text Filler Text Filler Text Filler Text Filler Text Filler Text Filler Text Filler Text Filler Text Filler Text \r\nFiller Text Filler Text Filler Text Filler Text Filler '
2026-09-21 15:17:18,085 Thread-229 (_process_events) root DEBUG ftp.py                    511   ftp_client_pull_file      : ftp_client_pull_file final=True '001bdc08e44e'
2026-09-21 15:17:18,085 Thread-229 (_process_events) root DEBUG iutctl_common.py          161   send                      : 42 12 0 "bytearray(b'\\xe0N\\xe4\\x08\\xdc\\x1b\\x00\\x01\\x00\\x00')"
2026-09-21 15:17:18,086 Thread-229 (_process_events) root DEBUG iutctl_common.py          166   send                      : sending frame '2a0c000a00e04ee408dc1b00010000'
2026-09-21 15:17:18,086 Thread-229 (_process_events) root DEBUG ftp.py                    284   ftp_command_rsp_succ      : ftp_command_rsp_succ
2026-09-21 15:17:18,086 Thread-229 (_process_events) root DEBUG iutctl_common.py          339   read                      : 
2026-09-21 15:17:18,127 BTPWorkerThread-219 (_rx_task) root DEBUG iutctl_common.py          123   read                      : Read 5 bytes
2026-09-21 15:17:18,138 BTPWorkerThread-219 (_rx_task) root DEBUG iutctl_common.py          131   read                      : Received: hdr: Header(svc_id=0x2a, op=0x0c, ctrl_index=0x00, data_len=0x00) bytearray(b'*\x0c\x00\x00\x00')
2026-09-21 15:17:18,149 BTPWorkerThread-219 (_rx_task) root DEBUG iutctl_common.py          154   read                      : Received data: {''}, bytearray(b'')
2026-09-21 15:17:18,160 BTPWorkerThread-219 (_rx_task) root DEBUG iutctl_common.py          123   read                      : Read 5 bytes
2026-09-21 15:17:18,160 Thread-229 (_process_events) root DEBUG ftp.py                    287   ftp_command_rsp_succ      : received Header(svc_id=42, op=12, ctrl_index=0, data_len=0) (b'',)
2026-09-21 15:17:18,160 BTPWorkerThread-219 (_rx_task) root DEBUG iutctl_common.py          131   read                      : Received: hdr: Header(svc_id=0x2a, op=0x8a, ctrl_index=0x00, data_len=0x104) bytearray(b'*\x8a\x00\x04\x01')
2026-09-21 15:17:18,161 BTPWorkerThread-219 (_rx_task) root DEBUG iutctl_common.py          139   read                      : Read 260 bytes data
2026-09-21 15:17:18,161 BTPWorkerThread-219 (_rx_task) root DEBUG iutctl_common.py          154   read                      : Received data: {'e0 4e e4 08 dc 1b 00 90 fa 00 48 00 fa 54 65 78 74 20 46 69 6c 6c 65 72 20 54 65 78 74 20 46 69 6c 6c 65 72 20 54 65 78 74 20 46 69 6c 6c 65 72 20 54 65 78 74 20 46 69 6c 6c 65 72 20 54 65 78 74 20 46 69 6c 6c 65 72 20 54 65 78 74 20 46 69 6c 6c 65 72 20 54 65 78 74 20 46 69 6c 6c 65 72 20 54 65 78 74 20 0d 0a 46 69 6c 6c 65 72 20 54 65 78 74 20 46 69 6c 6c 65 72 20 54 65 78 74 20 46 69 6c 6c 65 72 20 54 65 78 74 20 46 69 6c 6c 65 72 20 54 65 78 74 20 46 69 6c 6c 65 72 20 54 65 78 74 20 46 69 6c 6c 65 72 20 54 65 78 74 20 46 69 6c 6c 65 72 20 54 65 78 74 20 46 69 6c 6c 65 72 20 54 65 78 74 20 46 69 6c 6c 65 72 20 54 65 78 74 20 46 69 6c 6c 65 72 20 54 65 78 74 20 46 69 6c 6c 65 72 20 54 65 78 74 20 46 69 6c 6c 65 72 20 54 65 78 74 20 0d 0a 46 69 6c 6c 65 72 20 54 65 78'}, bytearray(b'\xe0N\xe4\x08\xdc\x1b\x00\x90\xfa\x00H\x00\xfaText Filler Text Filler Text Filler Text Filler Text Filler Text Filler Text Filler Text \r\nFiller Text Filler Text Filler Text Filler Text Filler Text Filler Text Filler Text Filler Text Filler Text Filler Text Filler Text Filler Text \r\nFiller Tex')
2026-09-21 15:17:18,161 BTPWorkerThread-219 (_rx_task) root DEBUG btp.py                    704   event_handler             : Header(svc_id=42, op=138, ctrl_index=0, data_len=260) (b'\xe0N\xe4\x08\xdc\x1b\x00\x90\xfa\x00H\x00\xfaText Filler Text Filler Text Filler Text Filler Text Filler Text Filler Text Filler Text \r\nFiller Text Filler Text Filler Text Filler Text Filler Text Filler Text Filler Text Filler Text Filler Text Filler Text Filler Text Filler Text \r\nFiller Tex',)
2026-09-21 15:17:18,161 Thread-229 (_process_events) root DEBUG ftp.py                    1294  _ftp_client_pull_file_ev  : _ftp_client_pull_file_ev b'\xe0N\xe4\x08\xdc\x1b\x00\x90\xfa\x00H\x00\xfaText Filler Text Filler Text Filler Text Filler Text Filler Text Filler Text Filler Text \r\nFiller Text Filler Text Filler Text Filler Text Filler Text Filler Text Filler Text Filler Text Filler Text Filler Text Filler Text Filler Text \r\nFiller Tex'
2026-09-21 15:17:18,161 Thread-229 (_process_events) root DEBUG ftp.py                    511   ftp_client_pull_file      : ftp_client_pull_file final=True '001bdc08e44e'
2026-09-21 15:17:18,162 Thread-229 (_process_events) root DEBUG iutctl_common.py          161   send                      : 42 12 0 "bytearray(b'\\xe0N\\xe4\\x08\\xdc\\x1b\\x00\\x01\\x00\\x00')"
2026-09-21 15:17:18,162 Thread-229 (_process_events) root DEBUG iutctl_common.py          166   send                      : sending frame '2a0c000a00e04ee408dc1b00010000'
2026-09-21 15:17:18,162 Thread-229 (_process_events) root DEBUG ftp.py                    284   ftp_command_rsp_succ      : ftp_command_rsp_succ
2026-09-21 15:17:18,162 Thread-229 (_process_events) root DEBUG iutctl_common.py          339   read                      : 
2026-09-21 15:17:18,196 BTPWorkerThread-219 (_rx_task) root DEBUG iutctl_common.py          123   read                      : Read 5 bytes
2026-09-21 15:17:18,202 BTPWorkerThread-219 (_rx_task) root DEBUG iutctl_common.py          131   read                      : Received: hdr: Header(svc_id=0x2a, op=0x0c, ctrl_index=0x00, data_len=0x00) bytearray(b'*\x0c\x00\x00\x00')
2026-09-21 15:17:18,207 BTPWorkerThread-219 (_rx_task) root DEBUG iutctl_common.py          154   read                      : Received data: {''}, bytearray(b'')
2026-09-21 15:17:18,207 BTPWorkerThread-219 (_rx_task) root DEBUG iutctl_common.py          123   read                      : Read 5 bytes
2026-09-21 15:17:18,208 Thread-229 (_process_events) root DEBUG ftp.py                    287   ftp_command_rsp_succ      : received Header(svc_id=42, op=12, ctrl_index=0, data_len=0) (b'',)
2026-09-21 15:17:18,208 BTPWorkerThread-219 (_rx_task) root DEBUG iutctl_common.py          131   read                      : Received: hdr: Header(svc_id=0x2a, op=0x8a, ctrl_index=0x00, data_len=0x104) bytearray(b'*\x8a\x00\x04\x01')
2026-09-21 15:17:18,208 BTPWorkerThread-219 (_rx_task) root DEBUG iutctl_common.py          139   read                      : Read 100 bytes data
2026-09-21 15:17:18,214 BTPWorkerThread-219 (_rx_task) root DEBUG iutctl_common.py          139   read                      : Read 117 bytes data
2026-09-21 15:17:18,214 BTPWorkerThread-219 (_rx_task) root DEBUG iutctl_common.py          139   read                      : Read 11 bytes data
2026-09-21 15:17:18,226 BTPWorkerThread-219 (_rx_task) root DEBUG iutctl_common.py          139   read                      : Read 32 bytes data
2026-09-21 15:17:18,227 BTPWorkerThread-219 (_rx_task) root DEBUG iutctl_common.py          154   read                      : Received data: {'e0 4e e4 08 dc 1b 00 90 fa 00 48 00 fa 74 20 46 69 6c 6c 65 72 20 54 65 78 74 20 46 69 6c 6c 65 72 20 54 65 78 74 20 46 69 6c 6c 65 72 20 54 65 78 74 20 46 69 6c 6c 65 72 20 54 65 78 74 20 46 69 6c 6c 65 72 20 54 65 78 74 20 46 69 6c 6c 65 72 20 54 65 78 74 20 46 69 6c 6c 65 72 20 54 65 78 74 20 46 69 6c 6c 65 72 20 54 65 78 74 20 46 69 6c 6c 65 72 20 54 65 78 74 20 46 69 6c 6c 65 72 20 54 65 78 74 20 46 69 6c 6c 65 72 20 54 65 78 74 20 0d 0a 46 69 6c 6c 65 72 20 54 65 78 74 20 46 69 6c 6c 65 72 20 54 65 78 74 20 46 69 6c 6c 65 72 20 54 65 78 74 20 46 69 6c 6c 65 72 20 54 65 78 74 20 46 69 6c 6c 65 72 20 54 65 78 74 20 46 69 6c 6c 65 72 20 54 65 78 74 20 46 69 6c 6c 65 72 20 54 65 78 74 20 46 69 6c 6c 65 72 20 54 65 78 74 20 46 69 6c 6c 65 72 20 54 65 78 74 20 46 69 6c'}, bytearray(b'\xe0N\xe4\x08\xdc\x1b\x00\x90\xfa\x00H\x00\xfat Filler Text Filler Text Filler Text Filler Text Filler Text Filler Text Filler Text Filler Text Filler Text Filler Text Filler Text \r\nFiller Text Filler Text Filler Text Filler Text Filler Text Filler Text Filler Text Filler Text Filler Text Fil')
2026-09-21 15:17:18,227 BTPWorkerThread-219 (_rx_task) root DEBUG btp.py                    704   event_handler             : Header(svc_id=42, op=138, ctrl_index=0, data_len=260) (b'\xe0N\xe4\x08\xdc\x1b\x00\x90\xfa\x00H\x00\xfat Filler Text Filler Text Filler Text Filler Text Filler Text Filler Text Filler Text Filler Text Filler Text Filler Text Filler Text \r\nFiller Text Filler Text Filler Text Filler Text Filler Text Filler Text Filler Text Filler Text Filler Text Fil',)
2026-09-21 15:17:18,227 Thread-229 (_process_events) root DEBUG ftp.py                    1294  _ftp_client_pull_file_ev  : _ftp_client_pull_file_ev b'\xe0N\xe4\x08\xdc\x1b\x00\x90\xfa\x00H\x00\xfat Filler Text Filler Text Filler Text Filler Text Filler Text Filler Text Filler Text Filler Text Filler Text Filler Text Filler Text \r\nFiller Text Filler Text Filler Text Filler Text Filler Text Filler Text Filler Text Filler Text Filler Text Fil'
2026-09-21 15:17:18,227 Thread-229 (_process_events) root DEBUG ftp.py                    511   ftp_client_pull_file      : ftp_client_pull_file final=True '001bdc08e44e'
2026-09-21 15:17:18,227 Thread-229 (_process_events) root DEBUG iutctl_common.py          161   send                      : 42 12 0 "bytearray(b'\\xe0N\\xe4\\x08\\xdc\\x1b\\x00\\x01\\x00\\x00')"
2026-09-21 15:17:18,228 Thread-229 (_process_events) root DEBUG iutctl_common.py          166   send                      : sending frame '2a0c000a00e04ee408dc1b00010000'
2026-09-21 15:17:18,228 Thread-229 (_process_events) root DEBUG ftp.py                    284   ftp_command_rsp_succ      : ftp_command_rsp_succ
2026-09-21 15:17:18,228 Thread-229 (_process_events) root DEBUG iutctl_common.py          339   read                      : 
2026-09-21 15:17:18,264 BTPWorkerThread-219 (_rx_task) root DEBUG iutctl_common.py          123   read                      : Read 5 bytes
2026-09-21 15:17:18,276 BTPWorkerThread-219 (_rx_task) root DEBUG iutctl_common.py          131   read                      : Received: hdr: Header(svc_id=0x2a, op=0x0c, ctrl_index=0x00, data_len=0x00) bytearray(b'*\x0c\x00\x00\x00')
2026-09-21 15:17:18,276 BTPWorkerThread-219 (_rx_task) root DEBUG iutctl_common.py          154   read                      : Received data: {''}, bytearray(b'')
2026-09-21 15:17:18,276 BTPWorkerThread-219 (_rx_task) root DEBUG iutctl_common.py          123   read                      : Read 5 bytes
2026-09-21 15:17:18,277 Thread-229 (_process_events) root DEBUG ftp.py                    287   ftp_command_rsp_succ      : received Header(svc_id=42, op=12, ctrl_index=0, data_len=0) (b'',)
2026-09-21 15:17:18,277 BTPWorkerThread-219 (_rx_task) root DEBUG iutctl_common.py          131   read                      : Received: hdr: Header(svc_id=0x2a, op=0x8a, ctrl_index=0x00, data_len=0x104) bytearray(b'*\x8a\x00\x04\x01')
2026-09-21 15:17:18,277 BTPWorkerThread-219 (_rx_task) root DEBUG iutctl_common.py          139   read                      : Read 95 bytes data
2026-09-21 15:17:18,281 BTPWorkerThread-219 (_rx_task) root DEBUG iutctl_common.py          139   read                      : Read 133 bytes data
2026-09-21 15:17:18,282 BTPWorkerThread-219 (_rx_task) root DEBUG iutctl_common.py          139   read                      : Read 5 bytes data
2026-09-21 15:17:18,282 BTPWorkerThread-219 (_rx_task) root DEBUG iutctl_common.py          139   read                      : Read 1 bytes data
2026-09-21 15:17:18,293 BTPWorkerThread-219 (_rx_task) root DEBUG iutctl_common.py          139   read                      : Read 26 bytes data
2026-09-21 15:17:18,294 BTPWorkerThread-219 (_rx_task) root DEBUG iutctl_common.py          154   read                      : Received data: {'e0 4e e4 08 dc 1b 00 90 fa 00 48 00 fa 6c 65 72 20 54 65 78 74 20 46 69 6c 6c 65 72 20 54 65 78 74 20 46 69 6c 6c 65 72 20 54 65 78 74 20 0d 0a 46 69 6c 6c 65 72 20 54 65 78 74 20 46 69 6c 6c 65 72 20 54 65 78 74 20 46 69 6c 6c 65 72 20 54 65 78 74 20 46 69 6c 6c 65 72 20 54 65 78 74 20 46 69 6c 6c 65 72 20 54 65 78 74 20 46 69 6c 6c 65 72 20 54 65 78 74 20 46 69 6c 6c 65 72 20 54 65 78 74 20 46 69 6c 6c 65 72 20 54 65 78 74 20 46 69 6c 6c 65 72 20 54 65 78 74 20 46 69 6c 6c 65 72 20 54 65 78 74 20 46 69 6c 6c 65 72 20 54 65 78 74 20 46 69 6c 6c 65 72 20 54 65 78 74 20 0d 0a 46 69 6c 6c 65 72 20 54 65 78 74 20 46 69 6c 6c 65 72 20 54 65 78 74 20 46 69 6c 6c 65 72 20 54 65 78 74 20 46 69 6c 6c 65 72 20 54 65 78 74 20 46 69 6c 6c 65 72 20 54 65 78 74 20 46 69 6c 6c 65 72'}, bytearray(b'\xe0N\xe4\x08\xdc\x1b\x00\x90\xfa\x00H\x00\xfaler Text Filler Text Filler Text \r\nFiller Text Filler Text Filler Text Filler Text Filler Text Filler Text Filler Text Filler Text Filler Text Filler Text Filler Text Filler Text \r\nFiller Text Filler Text Filler Text Filler Text Filler Text Filler')
2026-09-21 15:17:18,294 BTPWorkerThread-219 (_rx_task) root DEBUG btp.py                    704   event_handler             : Header(svc_id=42, op=138, ctrl_index=0, data_len=260) (b'\xe0N\xe4\x08\xdc\x1b\x00\x90\xfa\x00H\x00\xfaler Text Filler Text Filler Text \r\nFiller Text Filler Text Filler Text Filler Text Filler Text Filler Text Filler Text Filler Text Filler Text Filler Text Filler Text Filler Text \r\nFiller Text Filler Text Filler Text Filler Text Filler Text Filler',)
2026-09-21 15:17:18,294 Thread-229 (_process_events) root DEBUG ftp.py                    1294  _ftp_client_pull_file_ev  : _ftp_client_pull_file_ev b'\xe0N\xe4\x08\xdc\x1b\x00\x90\xfa\x00H\x00\xfaler Text Filler Text Filler Text \r\nFiller Text Filler Text Filler Text Filler Text Filler Text Filler Text Filler Text Filler Text Filler Text Filler Text Filler Text Filler Text \r\nFiller Text Filler Text Filler Text Filler Text Filler Text Filler'
2026-09-21 15:17:18,294 Thread-229 (_process_events) root DEBUG ftp.py                    511   ftp_client_pull_file      : ftp_client_pull_file final=True '001bdc08e44e'
2026-09-21 15:17:18,295 Thread-229 (_process_events) root DEBUG iutctl_common.py          161   send                      : 42 12 0 "bytearray(b'\\xe0N\\xe4\\x08\\xdc\\x1b\\x00\\x01\\x00\\x00')"
2026-09-21 15:17:18,295 Thread-229 (_process_events) root DEBUG iutctl_common.py          166   send                      : sending frame '2a0c000a00e04ee408dc1b00010000'
2026-09-21 15:17:18,295 Thread-229 (_process_events) root DEBUG ftp.py                    284   ftp_command_rsp_succ      : ftp_command_rsp_succ
2026-09-21 15:17:18,295 Thread-229 (_process_events) root DEBUG iutctl_common.py          339   read                      : 
2026-09-21 15:17:18,337 BTPWorkerThread-219 (_rx_task) root DEBUG iutctl_common.py          123   read                      : Read 5 bytes
2026-09-21 15:17:18,343 BTPWorkerThread-219 (_rx_task) root DEBUG iutctl_common.py          131   read                      : Received: hdr: Header(svc_id=0x2a, op=0x0c, ctrl_index=0x00, data_len=0x00) bytearray(b'*\x0c\x00\x00\x00')
2026-09-21 15:17:18,343 BTPWorkerThread-219 (_rx_task) root DEBUG iutctl_common.py          154   read                      : Received data: {''}, bytearray(b'')
2026-09-21 15:17:18,344 BTPWorkerThread-219 (_rx_task) root DEBUG iutctl_common.py          123   read                      : Read 5 bytes
2026-09-21 15:17:18,344 Thread-229 (_process_events) root DEBUG ftp.py                    287   ftp_command_rsp_succ      : received Header(svc_id=42, op=12, ctrl_index=0, data_len=0) (b'',)
2026-09-21 15:17:18,345 BTPWorkerThread-219 (_rx_task) root DEBUG iutctl_common.py          131   read                      : Received: hdr: Header(svc_id=0x2a, op=0x8a, ctrl_index=0x00, data_len=0x104) bytearray(b'*\x8a\x00\x04\x01')
2026-09-21 15:17:18,345 BTPWorkerThread-219 (_rx_task) root DEBUG iutctl_common.py          139   read                      : Read 104 bytes data
2026-09-21 15:17:18,349 BTPWorkerThread-219 (_rx_task) root DEBUG iutctl_common.py          139   read                      : Read 128 bytes data
2026-09-21 15:17:18,360 BTPWorkerThread-219 (_rx_task) root DEBUG iutctl_common.py          139   read                      : Read 28 bytes data
2026-09-21 15:17:18,361 BTPWorkerThread-219 (_rx_task) root DEBUG iutctl_common.py          154   read                      : Received data: {'e0 4e e4 08 dc 1b 00 90 fa 00 48 00 fa 20 54 65 78 74 20 46 69 6c 6c 65 72 20 54 65 78 74 20 46 69 6c 6c 65 72 20 54 65 78 74 20 46 69 6c 6c 65 72 20 54 65 78 74 20 46 69 6c 6c 65 72 20 54 65 78 74 20 46 69 6c 6c 65 72 20 54 65 78 74 20 46 69 6c 6c 65 72 20 54 65 78 74 20 0d 0a 46 69 6c 6c 65 72 20 54 65 78 74 20 46 69 6c 6c 65 72 20 54 65 78 74 20 46 69 6c 6c 65 72 20 54 65 78 74 20 46 69 6c 6c 65 72 20 54 65 78 74 20 46 69 6c 6c 65 72 20 54 65 78 74 20 46 69 6c 6c 65 72 20 54 65 78 74 20 46 69 6c 6c 65 72 20 54 65 78 74 20 46 69 6c 6c 65 72 20 54 65 78 74 20 46 69 6c 6c 65 72 20 54 65 78 74 20 46 69 6c 6c 65 72 20 54 65 78 74 20 46 69 6c 6c 65 72 20 54 65 78 74 20 46 69 6c 6c 65 72 20 54 65 78 74 20 0d 0a 46 69 6c 6c 65 72 20 54 65 78 74 20 46 69 6c 6c 65 72 20 54 65'}, bytearray(b'\xe0N\xe4\x08\xdc\x1b\x00\x90\xfa\x00H\x00\xfa Text Filler Text Filler Text Filler Text Filler Text Filler Text Filler Text \r\nFiller Text Filler Text Filler Text Filler Text Filler Text Filler Text Filler Text Filler Text Filler Text Filler Text Filler Text Filler Text \r\nFiller Text Filler Te')
2026-09-21 15:17:18,361 BTPWorkerThread-219 (_rx_task) root DEBUG btp.py                    704   event_handler             : Header(svc_id=42, op=138, ctrl_index=0, data_len=260) (b'\xe0N\xe4\x08\xdc\x1b\x00\x90\xfa\x00H\x00\xfa Text Filler Text Filler Text Filler Text Filler Text Filler Text Filler Text \r\nFiller Text Filler Text Filler Text Filler Text Filler Text Filler Text Filler Text Filler Text Filler Text Filler Text Filler Text Filler Text \r\nFiller Text Filler Te',)
2026-09-21 15:17:18,361 Thread-229 (_process_events) root DEBUG ftp.py                    1294  _ftp_client_pull_file_ev  : _ftp_client_pull_file_ev b'\xe0N\xe4\x08\xdc\x1b\x00\x90\xfa\x00H\x00\xfa Text Filler Text Filler Text Filler Text Filler Text Filler Text Filler Text \r\nFiller Text Filler Text Filler Text Filler Text Filler Text Filler Text Filler Text Filler Text Filler Text Filler Text Filler Text Filler Text \r\nFiller Text Filler Te'
2026-09-21 15:17:18,361 Thread-229 (_process_events) root DEBUG ftp.py                    511   ftp_client_pull_file      : ftp_client_pull_file final=True '001bdc08e44e'
2026-09-21 15:17:18,361 Thread-229 (_process_events) root DEBUG iutctl_common.py          161   send                      : 42 12 0 "bytearray(b'\\xe0N\\xe4\\x08\\xdc\\x1b\\x00\\x01\\x00\\x00')"
2026-09-21 15:17:18,362 Thread-229 (_process_events) root DEBUG iutctl_common.py          166   send                      : sending frame '2a0c000a00e04ee408dc1b00010000'
2026-09-21 15:17:18,362 Thread-229 (_process_events) root DEBUG ftp.py                    284   ftp_command_rsp_succ      : ftp_command_rsp_succ
2026-09-21 15:17:18,362 Thread-229 (_process_events) root DEBUG iutctl_common.py          339   read                      : 
2026-09-21 15:17:18,383 BTPWorkerThread-219 (_rx_task) root DEBUG iutctl_common.py          123   read                      : Read 5 bytes
2026-09-21 15:17:18,395 BTPWorkerThread-219 (_rx_task) root DEBUG iutctl_common.py          131   read                      : Received: hdr: Header(svc_id=0x2a, op=0x0c, ctrl_index=0x00, data_len=0x00) bytearray(b'*\x0c\x00\x00\x00')
2026-09-21 15:17:18,401 BTPWorkerThread-219 (_rx_task) root DEBUG iutctl_common.py          154   read                      : Received data: {''}, bytearray(b'')
2026-09-21 15:17:18,401 BTPWorkerThread-219 (_rx_task) root DEBUG iutctl_common.py          123   read                      : Read 5 bytes
2026-09-21 15:17:18,401 BTPWorkerThread-219 (_rx_task) root DEBUG iutctl_common.py          131   read                      : Received: hdr: Header(svc_id=0x2a, op=0x8a, ctrl_index=0x00, data_len=0x104) bytearray(b'*\x8a\x00\x04\x01')
2026-09-21 15:17:18,402 Thread-229 (_process_events) root DEBUG ftp.py                    287   ftp_command_rsp_succ      : received Header(svc_id=42, op=12, ctrl_index=0, data_len=0) (b'',)
2026-09-21 15:17:18,402 BTPWorkerThread-219 (_rx_task) root DEBUG iutctl_common.py          139   read                      : Read 84 bytes data
2026-09-21 15:17:18,405 BTPWorkerThread-219 (_rx_task) root DEBUG iutctl_common.py          139   read                      : Read 138 bytes data
2026-09-21 15:17:18,417 BTPWorkerThread-219 (_rx_task) root DEBUG iutctl_common.py          139   read                      : Read 38 bytes data
2026-09-21 15:17:18,417 BTPWorkerThread-219 (_rx_task) root DEBUG iutctl_common.py          154   read                      : Received data: {'e0 4e e4 08 dc 1b 00 90 fa 00 48 00 fa 78 74 20 46 69 6c 6c 65 72 20 54 65 78 74 20 46 69 6c 6c 65 72 20 54 65 78 74 20 46 69 6c 6c 65 72 20 54 65 78 74 20 46 69 6c 6c 65 72 20 54 65 78 74 20 46 69 6c 6c 65 72 20 54 65 78 74 20 46 69 6c 6c 65 72 20 54 65 78 74 20 46 69 6c 6c 65 72 20 54 65 78 74 20 46 69 6c 6c 65 72 20 54 65 78 74 20 46 69 6c 6c 65 72 20 54 65 78 74 20 46 69 6c 6c 65 72 20 54 65 78 74 20 0d 0a 46 69 6c 6c 65 72 20 54 65 78 74 20 46 69 6c 6c 65 72 20 54 65 78 74 20 46 69 6c 6c 65 72 20 54 65 78 74 20 46 69 6c 6c 65 72 20 54 65 78 74 20 46 69 6c 6c 65 72 20 54 65 78 74 20 46 69 6c 6c 65 72 20 54 65 78 74 20 46 69 6c 6c 65 72 20 54 65 78 74 20 46 69 6c 6c 65 72 20 54 65 78 74 20 46 69 6c 6c 65 72 20 54 65 78 74 20 46 69 6c 6c 65 72 20 54 65 78 74 20 46 69'}, bytearray(b'\xe0N\xe4\x08\xdc\x1b\x00\x90\xfa\x00H\x00\xfaxt Filler Text Filler Text Filler Text Filler Text Filler Text Filler Text Filler Text Filler Text Filler Text Filler Text \r\nFiller Text Filler Text Filler Text Filler Text Filler Text Filler Text Filler Text Filler Text Filler Text Filler Text Fi')
2026-09-21 15:17:18,417 BTPWorkerThread-219 (_rx_task) root DEBUG btp.py                    704   event_handler             : Header(svc_id=42, op=138, ctrl_index=0, data_len=260) (b'\xe0N\xe4\x08\xdc\x1b\x00\x90\xfa\x00H\x00\xfaxt Filler Text Filler Text Filler Text Filler Text Filler Text Filler Text Filler Text Filler Text Filler Text Filler Text \r\nFiller Text Filler Text Filler Text Filler Text Filler Text Filler Text Filler Text Filler Text Filler Text Filler Text Fi',)
2026-09-21 15:17:18,417 Thread-229 (_process_events) root DEBUG ftp.py                    1294  _ftp_client_pull_file_ev  : _ftp_client_pull_file_ev b'\xe0N\xe4\x08\xdc\x1b\x00\x90\xfa\x00H\x00\xfaxt Filler Text Filler Text Filler Text Filler Text Filler Text Filler Text Filler Text Filler Text Filler Text Filler Text \r\nFiller Text Filler Text Filler Text Filler Text Filler Text Filler Text Filler Text Filler Text Filler Text Filler Text Fi'
2026-09-21 15:17:18,417 Thread-229 (_process_events) root DEBUG ftp.py                    511   ftp_client_pull_file      : ftp_client_pull_file final=True '001bdc08e44e'
2026-09-21 15:17:18,419 Thread-229 (_process_events) root DEBUG iutctl_common.py          161   send                      : 42 12 0 "bytearray(b'\\xe0N\\xe4\\x08\\xdc\\x1b\\x00\\x01\\x00\\x00')"
2026-09-21 15:17:18,419 Thread-229 (_process_events) root DEBUG iutctl_common.py          166   send                      : sending frame '2a0c000a00e04ee408dc1b00010000'
2026-09-21 15:17:18,419 Thread-229 (_process_events) root DEBUG ftp.py                    284   ftp_command_rsp_succ      : ftp_command_rsp_succ
2026-09-21 15:17:18,419 Thread-229 (_process_events) root DEBUG iutctl_common.py          339   read                      : 
2026-09-21 15:17:18,462 BTPWorkerThread-219 (_rx_task) root DEBUG iutctl_common.py          123   read                      : Read 5 bytes
2026-09-21 15:17:18,473 BTPWorkerThread-219 (_rx_task) root DEBUG iutctl_common.py          131   read                      : Received: hdr: Header(svc_id=0x2a, op=0x0c, ctrl_index=0x00, data_len=0x00) bytearray(b'*\x0c\x00\x00\x00')
2026-09-21 15:17:18,478 BTPWorkerThread-219 (_rx_task) root DEBUG iutctl_common.py          154   read                      : Received data: {''}, bytearray(b'')
2026-09-21 15:17:18,493 Thread-229 (_process_events) root DEBUG ftp.py                    287   ftp_command_rsp_succ      : received Header(svc_id=42, op=12, ctrl_index=0, data_len=0) (b'',)
2026-09-21 15:17:18,493 BTPWorkerThread-219 (_rx_task) root DEBUG iutctl_common.py          123   read                      : Read 5 bytes
2026-09-21 15:17:18,494 BTPWorkerThread-219 (_rx_task) root DEBUG iutctl_common.py          131   read                      : Received: hdr: Header(svc_id=0x2a, op=0x8a, ctrl_index=0x00, data_len=0x104) bytearray(b'*\x8a\x00\x04\x01')
2026-09-21 15:17:18,494 BTPWorkerThread-219 (_rx_task) root DEBUG iutctl_common.py          139   read                      : Read 260 bytes data
2026-09-21 15:17:18,494 BTPWorkerThread-219 (_rx_task) root DEBUG iutctl_common.py          154   read                      : Received data: {'e0 4e e4 08 dc 1b 00 90 fa 00 48 00 fa 6c 6c 65 72 20 54 65 78 74 20 46 69 6c 6c 65 72 20 54 65 78 74 20 0d 0a 46 69 6c 6c 65 72 20 54 65 78 74 20 46 69 6c 6c 65 72 20 54 65 78 74 20 46 69 6c 6c 65 72 20 54 65 78 74 20 46 69 6c 6c 65 72 20 54 65 78 74 20 46 69 6c 6c 65 72 20 54 65 78 74 20 46 69 6c 6c 65 72 20 54 65 78 74 20 46 69 6c 6c 65 72 20 54 65 78 74 20 46 69 6c 6c 65 72 20 54 65 78 74 20 46 69 6c 6c 65 72 20 54 65 78 74 20 46 69 6c 6c 65 72 20 54 65 78 74 20 46 69 6c 6c 65 72 20 54 65 78 74 20 46 69 6c 6c 65 72 20 54 65 78 74 20 0d 0a 46 69 6c 6c 65 72 20 54 65 78 74 20 46 69 6c 6c 65 72 20 54 65 78 74 20 46 69 6c 6c 65 72 20 54 65 78 74 20 46 69 6c 6c 65 72 20 54 65 78 74 20 46 69 6c 6c 65 72 20 54 65 78 74 20 46 69 6c 6c 65 72 20 54 65 78 74 20 46 69 6c 6c 65'}, bytearray(b'\xe0N\xe4\x08\xdc\x1b\x00\x90\xfa\x00H\x00\xfaller Text Filler Text \r\nFiller Text Filler Text Filler Text Filler Text Filler Text Filler Text Filler Text Filler Text Filler Text Filler Text Filler Text Filler Text \r\nFiller Text Filler Text Filler Text Filler Text Filler Text Filler Text Fille')
2026-09-21 15:17:18,494 BTPWorkerThread-219 (_rx_task) root DEBUG btp.py                    704   event_handler             : Header(svc_id=42, op=138, ctrl_index=0, data_len=260) (b'\xe0N\xe4\x08\xdc\x1b\x00\x90\xfa\x00H\x00\xfaller Text Filler Text \r\nFiller Text Filler Text Filler Text Filler Text Filler Text Filler Text Filler Text Filler Text Filler Text Filler Text Filler Text Filler Text \r\nFiller Text Filler Text Filler Text Filler Text Filler Text Filler Text Fille',)
2026-09-21 15:17:18,494 Thread-229 (_process_events) root DEBUG ftp.py                    1294  _ftp_client_pull_file_ev  : _ftp_client_pull_file_ev b'\xe0N\xe4\x08\xdc\x1b\x00\x90\xfa\x00H\x00\xfaller Text Filler Text \r\nFiller Text Filler Text Filler Text Filler Text Filler Text Filler Text Filler Text Filler Text Filler Text Filler Text Filler Text Filler Text \r\nFiller Text Filler Text Filler Text Filler Text Filler Text Filler Text Fille'
2026-09-21 15:17:18,495 Thread-229 (_process_events) root DEBUG ftp.py                    511   ftp_client_pull_file      : ftp_client_pull_file final=True '001bdc08e44e'
2026-09-21 15:17:18,495 Thread-229 (_process_events) root DEBUG iutctl_common.py          161   send                      : 42 12 0 "bytearray(b'\\xe0N\\xe4\\x08\\xdc\\x1b\\x00\\x01\\x00\\x00')"
2026-09-21 15:17:18,495 Thread-229 (_process_events) root DEBUG iutctl_common.py          166   send                      : sending frame '2a0c000a00e04ee408dc1b00010000'
2026-09-21 15:17:18,495 Thread-229 (_process_events) root DEBUG ftp.py                    284   ftp_command_rsp_succ      : ftp_command_rsp_succ
2026-09-21 15:17:18,495 Thread-229 (_process_events) root DEBUG iutctl_common.py          339   read                      : 
2026-09-21 15:17:18,529 BTPWorkerThread-219 (_rx_task) root DEBUG iutctl_common.py          123   read                      : Read 5 bytes
2026-09-21 15:17:18,535 BTPWorkerThread-219 (_rx_task) root DEBUG iutctl_common.py          131   read                      : Received: hdr: Header(svc_id=0x2a, op=0x0c, ctrl_index=0x00, data_len=0x00) bytearray(b'*\x0c\x00\x00\x00')
2026-09-21 15:17:18,540 BTPWorkerThread-219 (_rx_task) root DEBUG iutctl_common.py          154   read                      : Received data: {''}, bytearray(b'')
2026-09-21 15:17:18,540 Thread-229 (_process_events) root DEBUG ftp.py                    287   ftp_command_rsp_succ      : received Header(svc_id=42, op=12, ctrl_index=0, data_len=0) (b'',)
2026-09-21 15:17:18,541 BTPWorkerThread-219 (_rx_task) root DEBUG iutctl_common.py          123   read                      : Read 5 bytes
2026-09-21 15:17:18,541 BTPWorkerThread-219 (_rx_task) root DEBUG iutctl_common.py          131   read                      : Received: hdr: Header(svc_id=0x2a, op=0x8a, ctrl_index=0x00, data_len=0x104) bytearray(b'*\x8a\x00\x04\x01')
2026-09-21 15:17:18,541 BTPWorkerThread-219 (_rx_task) root DEBUG iutctl_common.py          139   read                      : Read 100 bytes data
2026-09-21 15:17:18,541 BTPWorkerThread-219 (_rx_task) root DEBUG iutctl_common.py          139   read                      : Read 133 bytes data
2026-09-21 15:17:18,541 BTPWorkerThread-219 (_rx_task) root DEBUG iutctl_common.py          139   read                      : Read 2 bytes data
2026-09-21 15:17:18,552 BTPWorkerThread-219 (_rx_task) root DEBUG iutctl_common.py          139   read                      : Read 25 bytes data
2026-09-21 15:17:18,553 BTPWorkerThread-219 (_rx_task) root DEBUG iutctl_common.py          154   read                      : Received data: {'e0 4e e4 08 dc 1b 00 90 fa 00 48 00 fa 72 20 54 65 78 74 20 46 69 6c 6c 65 72 20 54 65 78 74 20 46 69 6c 6c 65 72 20 54 65 78 74 20 46 69 6c 6c 65 72 20 54 65 78 74 20 46 69 6c 6c 65 72 20 54 65 78 74 20 46 69 6c 6c 65 72 20 54 65 78 74 20 0d 0a 46 69 6c 6c 65 72 20 54 65 78 74 20 46 69 6c 6c 65 72 20 54 65 78 74 20 46 69 6c 6c 65 72 20 54 65 78 74 20 46 69 6c 6c 65 72 20 54 65 78 74 20 46 69 6c 6c 65 72 20 54 65 78 74 20 46 69 6c 6c 65 72 20 54 65 78 74 20 46 69 6c 6c 65 72 20 54 65 78 74 20 46 69 6c 6c 65 72 20 54 65 78 74 20 46 69 6c 6c 65 72 20 54 65 78 74 20 46 69 6c 6c 65 72 20 54 65 78 74 20 46 69 6c 6c 65 72 20 54 65 78 74 20 46 69 6c 6c 65 72 20 54 65 78 74 20 0d 0a 46 69 6c 6c 65 72 20 54 65 78 74 20 46 69 6c 6c 65 72 20 54 65 78 74 20 46 69 6c 6c 65 72 20 54'}, bytearray(b'\xe0N\xe4\x08\xdc\x1b\x00\x90\xfa\x00H\x00\xfar Text Filler Text Filler Text Filler Text Filler Text Filler Text \r\nFiller Text Filler Text Filler Text Filler Text Filler Text Filler Text Filler Text Filler Text Filler Text Filler Text Filler Text Filler Text \r\nFiller Text Filler Text Filler T')
2026-09-21 15:17:18,553 BTPWorkerThread-219 (_rx_task) root DEBUG btp.py                    704   event_handler             : Header(svc_id=42, op=138, ctrl_index=0, data_len=260) (b'\xe0N\xe4\x08\xdc\x1b\x00\x90\xfa\x00H\x00\xfar Text Filler Text Filler Text Filler Text Filler Text Filler Text \r\nFiller Text Filler Text Filler Text Filler Text Filler Text Filler Text Filler Text Filler Text Filler Text Filler Text Filler Text Filler Text \r\nFiller Text Filler Text Filler T',)
2026-09-21 15:17:18,553 Thread-229 (_process_events) root DEBUG ftp.py                    1294  _ftp_client_pull_file_ev  : _ftp_client_pull_file_ev b'\xe0N\xe4\x08\xdc\x1b\x00\x90\xfa\x00H\x00\xfar Text Filler Text Filler Text Filler Text Filler Text Filler Text \r\nFiller Text Filler Text Filler Text Filler Text Filler Text Filler Text Filler Text Filler Text Filler Text Filler Text Filler Text Filler Text \r\nFiller Text Filler Text Filler T'
2026-09-21 15:17:18,553 Thread-229 (_process_events) root DEBUG ftp.py                    511   ftp_client_pull_file      : ftp_client_pull_file final=True '001bdc08e44e'
2026-09-21 15:17:18,553 Thread-229 (_process_events) root DEBUG iutctl_common.py          161   send                      : 42 12 0 "bytearray(b'\\xe0N\\xe4\\x08\\xdc\\x1b\\x00\\x01\\x00\\x00')"
2026-09-21 15:17:18,554 Thread-229 (_process_events) root DEBUG iutctl_common.py          166   send                      : sending frame '2a0c000a00e04ee408dc1b00010000'
2026-09-21 15:17:18,554 Thread-229 (_process_events) root DEBUG ftp.py                    284   ftp_command_rsp_succ      : ftp_command_rsp_succ
2026-09-21 15:17:18,554 Thread-229 (_process_events) root DEBUG iutctl_common.py          339   read                      : 
2026-09-21 15:17:18,596 BTPWorkerThread-219 (_rx_task) root DEBUG iutctl_common.py          123   read                      : Read 5 bytes
2026-09-21 15:17:18,607 BTPWorkerThread-219 (_rx_task) root DEBUG iutctl_common.py          131   read                      : Received: hdr: Header(svc_id=0x2a, op=0x0c, ctrl_index=0x00, data_len=0x00) bytearray(b'*\x0c\x00\x00\x00')
2026-09-21 15:17:18,612 BTPWorkerThread-219 (_rx_task) root DEBUG iutctl_common.py          154   read                      : Received data: {''}, bytearray(b'')
2026-09-21 15:17:18,623 Thread-229 (_process_events) root DEBUG ftp.py                    287   ftp_command_rsp_succ      : received Header(svc_id=42, op=12, ctrl_index=0, data_len=0) (b'',)
2026-09-21 15:17:18,623 BTPWorkerThread-219 (_rx_task) root DEBUG iutctl_common.py          123   read                      : Read 5 bytes
2026-09-21 15:17:18,624 BTPWorkerThread-219 (_rx_task) root DEBUG iutctl_common.py          131   read                      : Received: hdr: Header(svc_id=0x2a, op=0x8a, ctrl_index=0x00, data_len=0x104) bytearray(b'*\x8a\x00\x04\x01')
2026-09-21 15:17:18,624 BTPWorkerThread-219 (_rx_task) root DEBUG iutctl_common.py          139   read                      : Read 260 bytes data
2026-09-21 15:17:18,624 BTPWorkerThread-219 (_rx_task) root DEBUG iutctl_common.py          154   read                      : Received data: {'e0 4e e4 08 dc 1b 00 90 fa 00 48 00 fa 65 78 74 20 46 69 6c 6c 65 72 20 54 65 78 74 20 46 69 6c 6c 65 72 20 54 65 78 74 20 46 69 6c 6c 65 72 20 54 65 78 74 20 46 69 6c 6c 65 72 20 54 65 78 74 20 46 69 6c 6c 65 72 20 54 65 78 74 20 46 69 6c 6c 65 72 20 54 65 78 74 20 46 69 6c 6c 65 72 20 54 65 78 74 20 46 69 6c 6c 65 72 20 54 65 78 74 20 46 69 6c 6c 65 72 20 54 65 78 74 20 0d 0a 46 69 6c 6c 65 72 20 54 65 78 74 20 46 69 6c 6c 65 72 20 54 65 78 74 20 46 69 6c 6c 65 72 20 54 65 78 74 20 46 69 6c 6c 65 72 20 54 65 78 74 20 46 69 6c 6c 65 72 20 54 65 78 74 20 46 69 6c 6c 65 72 20 54 65 78 74 20 46 69 6c 6c 65 72 20 54 65 78 74 20 46 69 6c 6c 65 72 20 54 65 78 74 20 46 69 6c 6c 65 72 20 54 65 78 74 20 46 69 6c 6c 65 72 20 54 65 78 74 20 46 69 6c 6c 65 72 20 54 65 78 74 20 46'}, bytearray(b'\xe0N\xe4\x08\xdc\x1b\x00\x90\xfa\x00H\x00\xfaext Filler Text Filler Text Filler Text Filler Text Filler Text Filler Text Filler Text Filler Text Filler Text \r\nFiller Text Filler Text Filler Text Filler Text Filler Text Filler Text Filler Text Filler Text Filler Text Filler Text Filler Text F')
2026-09-21 15:17:18,625 BTPWorkerThread-219 (_rx_task) root DEBUG btp.py                    704   event_handler             : Header(svc_id=42, op=138, ctrl_index=0, data_len=260) (b'\xe0N\xe4\x08\xdc\x1b\x00\x90\xfa\x00H\x00\xfaext Filler Text Filler Text Filler Text Filler Text Filler Text Filler Text Filler Text Filler Text Filler Text \r\nFiller Text Filler Text Filler Text Filler Text Filler Text Filler Text Filler Text Filler Text Filler Text Filler Text Filler Text F',)
2026-09-21 15:17:18,625 Thread-229 (_process_events) root DEBUG ftp.py                    1294  _ftp_client_pull_file_ev  : _ftp_client_pull_file_ev b'\xe0N\xe4\x08\xdc\x1b\x00\x90\xfa\x00H\x00\xfaext Filler Text Filler Text Filler Text Filler Text Filler Text Filler Text Filler Text Filler Text Filler Text \r\nFiller Text Filler Text Filler Text Filler Text Filler Text Filler Text Filler Text Filler Text Filler Text Filler Text Filler Text F'
2026-09-21 15:17:18,625 Thread-229 (_process_events) root DEBUG ftp.py                    511   ftp_client_pull_file      : ftp_client_pull_file final=True '001bdc08e44e'
2026-09-21 15:17:18,625 Thread-229 (_process_events) root DEBUG iutctl_common.py          161   send                      : 42 12 0 "bytearray(b'\\xe0N\\xe4\\x08\\xdc\\x1b\\x00\\x01\\x00\\x00')"
2026-09-21 15:17:18,625 Thread-229 (_process_events) root DEBUG iutctl_common.py          166   send                      : sending frame '2a0c000a00e04ee408dc1b00010000'
2026-09-21 15:17:18,625 Thread-229 (_process_events) root DEBUG ftp.py                    284   ftp_command_rsp_succ      : ftp_command_rsp_succ
2026-09-21 15:17:18,625 Thread-229 (_process_events) root DEBUG iutctl_common.py          339   read                      : 
2026-09-21 15:17:18,646 BTPWorkerThread-219 (_rx_task) root DEBUG iutctl_common.py          123   read                      : Read 5 bytes
2026-09-21 15:17:18,657 BTPWorkerThread-219 (_rx_task) root DEBUG iutctl_common.py          131   read                      : Received: hdr: Header(svc_id=0x2a, op=0x0c, ctrl_index=0x00, data_len=0x00) bytearray(b'*\x0c\x00\x00\x00')
2026-09-21 15:17:18,668 BTPWorkerThread-219 (_rx_task) root DEBUG iutctl_common.py          154   read                      : Received data: {''}, bytearray(b'')
2026-09-21 15:17:18,678 BTPWorkerThread-219 (_rx_task) root DEBUG iutctl_common.py          123   read                      : Read 5 bytes
2026-09-21 15:17:18,678 Thread-229 (_process_events) root DEBUG ftp.py                    287   ftp_command_rsp_succ      : received Header(svc_id=42, op=12, ctrl_index=0, data_len=0) (b'',)
2026-09-21 15:17:18,679 BTPWorkerThread-219 (_rx_task) root DEBUG iutctl_common.py          131   read                      : Received: hdr: Header(svc_id=0x2a, op=0x8a, ctrl_index=0x00, data_len=0x104) bytearray(b'*\x8a\x00\x04\x01')
2026-09-21 15:17:18,679 BTPWorkerThread-219 (_rx_task) root DEBUG iutctl_common.py          139   read                      : Read 260 bytes data
2026-09-21 15:17:18,679 BTPWorkerThread-219 (_rx_task) root DEBUG iutctl_common.py          154   read                      : Received data: {'e0 4e e4 08 dc 1b 00 90 fa 00 48 00 fa 69 6c 6c 65 72 20 54 65 78 74 20 0d 0a 46 69 6c 6c 65 72 20 54 65 78 74 20 46 69 6c 6c 65 72 20 54 65 78 74 20 46 69 6c 6c 65 72 20 54 65 78 74 20 46 69 6c 6c 65 72 20 54 65 78 74 20 46 69 6c 6c 65 72 20 54 65 78 74 20 46 69 6c 6c 65 72 20 54 65 78 74 20 46 69 6c 6c 65 72 20 54 65 78 74 20 46 69 6c 6c 65 72 20 54 65 78 74 20 46 69 6c 6c 65 72 20 54 65 78 74 20 46 69 6c 6c 65 72 20 54 65 78 74 20 46 69 6c 6c 65 72 20 54 65 78 74 20 46 69 6c 6c 65 72 20 54 65 78 74 20 0d 0a 46 69 6c 6c 65 72 20 54 65 78 74 20 46 69 6c 6c 65 72 20 54 65 78 74 20 46 69 6c 6c 65 72 20 54 65 78 74 20 46 69 6c 6c 65 72 20 54 65 78 74 20 46 69 6c 6c 65 72 20 54 65 78 74 20 46 69 6c 6c 65 72 20 54 65 78 74 20 46 69 6c 6c 65 72 20 54 65 78 74 20 46 69 6c 6c'}, bytearray(b'\xe0N\xe4\x08\xdc\x1b\x00\x90\xfa\x00H\x00\xfailler Text \r\nFiller Text Filler Text Filler Text Filler Text Filler Text Filler Text Filler Text Filler Text Filler Text Filler Text Filler Text Filler Text \r\nFiller Text Filler Text Filler Text Filler Text Filler Text Filler Text Filler Text Fill')
2026-09-21 15:17:18,679 BTPWorkerThread-219 (_rx_task) root DEBUG btp.py                    704   event_handler             : Header(svc_id=42, op=138, ctrl_index=0, data_len=260) (b'\xe0N\xe4\x08\xdc\x1b\x00\x90\xfa\x00H\x00\xfailler Text \r\nFiller Text Filler Text Filler Text Filler Text Filler Text Filler Text Filler Text Filler Text Filler Text Filler Text Filler Text Filler Text \r\nFiller Text Filler Text Filler Text Filler Text Filler Text Filler Text Filler Text Fill',)
2026-09-21 15:17:18,680 Thread-229 (_process_events) root DEBUG ftp.py                    1294  _ftp_client_pull_file_ev  : _ftp_client_pull_file_ev b'\xe0N\xe4\x08\xdc\x1b\x00\x90\xfa\x00H\x00\xfailler Text \r\nFiller Text Filler Text Filler Text Filler Text Filler Text Filler Text Filler Text Filler Text Filler Text Filler Text Filler Text Filler Text \r\nFiller Text Filler Text Filler Text Filler Text Filler Text Filler Text Filler Text Fill'
2026-09-21 15:17:18,680 Thread-229 (_process_events) root DEBUG ftp.py                    511   ftp_client_pull_file      : ftp_client_pull_file final=True '001bdc08e44e'
2026-09-21 15:17:18,680 Thread-229 (_process_events) root DEBUG iutctl_common.py          161   send                      : 42 12 0 "bytearray(b'\\xe0N\\xe4\\x08\\xdc\\x1b\\x00\\x01\\x00\\x00')"
2026-09-21 15:17:18,680 Thread-229 (_process_events) root DEBUG iutctl_common.py          166   send                      : sending frame '2a0c000a00e04ee408dc1b00010000'
2026-09-21 15:17:18,680 Thread-229 (_process_events) root DEBUG ftp.py                    284   ftp_command_rsp_succ      : ftp_command_rsp_succ
2026-09-21 15:17:18,680 Thread-229 (_process_events) root DEBUG iutctl_common.py          339   read                      : 
2026-09-21 15:17:18,718 BTPWorkerThread-219 (_rx_task) root DEBUG iutctl_common.py          123   read                      : Read 5 bytes
2026-09-21 15:17:18,729 BTPWorkerThread-219 (_rx_task) root DEBUG iutctl_common.py          131   read                      : Received: hdr: Header(svc_id=0x2a, op=0x0c, ctrl_index=0x00, data_len=0x00) bytearray(b'*\x0c\x00\x00\x00')
2026-09-21 15:17:18,740 BTPWorkerThread-219 (_rx_task) root DEBUG iutctl_common.py          154   read                      : Received data: {''}, bytearray(b'')
2026-09-21 15:17:18,751 Thread-229 (_process_events) root DEBUG ftp.py                    287   ftp_command_rsp_succ      : received Header(svc_id=42, op=12, ctrl_index=0, data_len=0) (b'',)
2026-09-21 15:17:18,751 BTPWorkerThread-219 (_rx_task) root DEBUG iutctl_common.py          123   read                      : Read 5 bytes
2026-09-21 15:17:18,751 BTPWorkerThread-219 (_rx_task) root DEBUG iutctl_common.py          131   read                      : Received: hdr: Header(svc_id=0x2a, op=0x8a, ctrl_index=0x00, data_len=0x104) bytearray(b'*\x8a\x00\x04\x01')
2026-09-21 15:17:18,752 BTPWorkerThread-219 (_rx_task) root DEBUG iutctl_common.py          139   read                      : Read 260 bytes data
2026-09-21 15:17:18,752 BTPWorkerThread-219 (_rx_task) root DEBUG iutctl_common.py          154   read                      : Received data: {'e0 4e e4 08 dc 1b 00 90 fa 00 48 00 fa 65 72 20 54 65 78 74 20 46 69 6c 6c 65 72 20 54 65 78 74 20 46 69 6c 6c 65 72 20 54 65 78 74 20 46 69 6c 6c 65 72 20 54 65 78 74 20 46 69 6c 6c 65 72 20 54 65 78 74 20 0d 0a 46 69 6c 6c 65 72 20 54 65 78 74 20 46 69 6c 6c 65 72 20 54 65 78 74 20 46 69 6c 6c 65 72 20 54 65 78 74 20 46 69 6c 6c 65 72 20 54 65 78 74 20 46 69 6c 6c 65 72 20 54 65 78 74 20 46 69 6c 6c 65 72 20 54 65 78 74 20 46 69 6c 6c 65 72 20 54 65 78 74 20 46 69 6c 6c 65 72 20 54 65 78 74 20 46 69 6c 6c 65 72 20 54 65 78 74 20 46 69 6c 6c 65 72 20 54 65 78 74 20 46 69 6c 6c 65 72 20 54 65 78 74 20 46 69 6c 6c 65 72 20 54 65 78 74 20 0d 0a 46 69 6c 6c 65 72 20 54 65 78 74 20 46 69 6c 6c 65 72 20 54 65 78 74 20 46 69 6c 6c 65 72 20 54 65 78 74 20 46 69 6c 6c 65 72 20'}, bytearray(b'\xe0N\xe4\x08\xdc\x1b\x00\x90\xfa\x00H\x00\xfaer Text Filler Text Filler Text Filler Text Filler Text \r\nFiller Text Filler Text Filler Text Filler Text Filler Text Filler Text Filler Text Filler Text Filler Text Filler Text Filler Text Filler Text \r\nFiller Text Filler Text Filler Text Filler ')
2026-09-21 15:17:18,752 BTPWorkerThread-219 (_rx_task) root DEBUG btp.py                    704   event_handler             : Header(svc_id=42, op=138, ctrl_index=0, data_len=260) (b'\xe0N\xe4\x08\xdc\x1b\x00\x90\xfa\x00H\x00\xfaer Text Filler Text Filler Text Filler Text Filler Text \r\nFiller Text Filler Text Filler Text Filler Text Filler Text Filler Text Filler Text Filler Text Filler Text Filler Text Filler Text Filler Text \r\nFiller Text Filler Text Filler Text Filler ',)
2026-09-21 15:17:18,752 Thread-229 (_process_events) root DEBUG ftp.py                    1294  _ftp_client_pull_file_ev  : _ftp_client_pull_file_ev b'\xe0N\xe4\x08\xdc\x1b\x00\x90\xfa\x00H\x00\xfaer Text Filler Text Filler Text Filler Text Filler Text \r\nFiller Text Filler Text Filler Text Filler Text Filler Text Filler Text Filler Text Filler Text Filler Text Filler Text Filler Text Filler Text \r\nFiller Text Filler Text Filler Text Filler '
2026-09-21 15:17:18,752 Thread-229 (_process_events) root DEBUG ftp.py                    511   ftp_client_pull_file      : ftp_client_pull_file final=True '001bdc08e44e'
2026-09-21 15:17:18,753 Thread-229 (_process_events) root DEBUG iutctl_common.py          161   send                      : 42 12 0 "bytearray(b'\\xe0N\\xe4\\x08\\xdc\\x1b\\x00\\x01\\x00\\x00')"
2026-09-21 15:17:18,753 Thread-229 (_process_events) root DEBUG iutctl_common.py          166   send                      : sending frame '2a0c000a00e04ee408dc1b00010000'
2026-09-21 15:17:18,753 Thread-229 (_process_events) root DEBUG ftp.py                    284   ftp_command_rsp_succ      : ftp_command_rsp_succ
2026-09-21 15:17:18,753 Thread-229 (_process_events) root DEBUG iutctl_common.py          339   read                      : 
2026-09-21 15:17:18,790 BTPWorkerThread-219 (_rx_task) root DEBUG iutctl_common.py          123   read                      : Read 5 bytes
2026-09-21 15:17:18,806 BTPWorkerThread-219 (_rx_task) root DEBUG iutctl_common.py          131   read                      : Received: hdr: Header(svc_id=0x2a, op=0x0c, ctrl_index=0x00, data_len=0x00) bytearray(b'*\x0c\x00\x00\x00')
2026-09-21 15:17:18,811 BTPWorkerThread-219 (_rx_task) root DEBUG iutctl_common.py          154   read                      : Received data: {''}, bytearray(b'')
2026-09-21 15:17:18,822 BTPWorkerThread-219 (_rx_task) root DEBUG iutctl_common.py          123   read                      : Read 5 bytes
2026-09-21 15:17:18,822 BTPWorkerThread-219 (_rx_task) root DEBUG iutctl_common.py          131   read                      : Received: hdr: Header(svc_id=0x2a, op=0x8a, ctrl_index=0x00, data_len=0x104) bytearray(b'*\x8a\x00\x04\x01')
2026-09-21 15:17:18,822 Thread-229 (_process_events) root DEBUG ftp.py                    287   ftp_command_rsp_succ      : received Header(svc_id=42, op=12, ctrl_index=0, data_len=0) (b'',)
2026-09-21 15:17:18,823 BTPWorkerThread-219 (_rx_task) root DEBUG iutctl_common.py          139   read                      : Read 260 bytes data
2026-09-21 15:17:18,823 BTPWorkerThread-219 (_rx_task) root DEBUG iutctl_common.py          154   read                      : Received data: {'e0 4e e4 08 dc 1b 00 90 fa 00 48 00 fa 54 65 78 74 20 46 69 6c 6c 65 72 20 54 65 78 74 20 46 69 6c 6c 65 72 20 54 65 78 74 20 46 69 6c 6c 65 72 20 54 65 78 74 20 46 69 6c 6c 65 72 20 54 65 78 74 20 46 69 6c 6c 65 72 20 54 65 78 74 20 46 69 6c 6c 65 72 20 54 65 78 74 20 46 69 6c 6c 65 72 20 54 65 78 74 20 46 69 6c 6c 65 72 20 54 65 78 74 20 0d 0a 46 69 6c 6c 65 72 20 54 65 78 74 20 46 69 6c 6c 65 72 20 54 65 78 74 20 46 69 6c 6c 65 72 20 54 65 78 74 20 46 69 6c 6c 65 72 20 54 65 78 74 20 46 69 6c 6c 65 72 20 54 65 78 74 20 46 69 6c 6c 65 72 20 54 65 78 74 20 46 69 6c 6c 65 72 20 54 65 78 74 20 46 69 6c 6c 65 72 20 54 65 78 74 20 46 69 6c 6c 65 72 20 54 65 78 74 20 46 69 6c 6c 65 72 20 54 65 78 74 20 46 69 6c 6c 65 72 20 54 65 78 74 20 46 69 6c 6c 65 72 20 54 65 78 74 20'}, bytearray(b'\xe0N\xe4\x08\xdc\x1b\x00\x90\xfa\x00H\x00\xfaText Filler Text Filler Text Filler Text Filler Text Filler Text Filler Text Filler Text Filler Text \r\nFiller Text Filler Text Filler Text Filler Text Filler Text Filler Text Filler Text Filler Text Filler Text Filler Text Filler Text Filler Text ')
2026-09-21 15:17:18,823 BTPWorkerThread-219 (_rx_task) root DEBUG btp.py                    704   event_handler             : Header(svc_id=42, op=138, ctrl_index=0, data_len=260) (b'\xe0N\xe4\x08\xdc\x1b\x00\x90\xfa\x00H\x00\xfaText Filler Text Filler Text Filler Text Filler Text Filler Text Filler Text Filler Text Filler Text \r\nFiller Text Filler Text Filler Text Filler Text Filler Text Filler Text Filler Text Filler Text Filler Text Filler Text Filler Text Filler Text ',)
2026-09-21 15:17:18,823 Thread-229 (_process_events) root DEBUG ftp.py                    1294  _ftp_client_pull_file_ev  : _ftp_client_pull_file_ev b'\xe0N\xe4\x08\xdc\x1b\x00\x90\xfa\x00H\x00\xfaText Filler Text Filler Text Filler Text Filler Text Filler Text Filler Text Filler Text Filler Text \r\nFiller Text Filler Text Filler Text Filler Text Filler Text Filler Text Filler Text Filler Text Filler Text Filler Text Filler Text Filler Text '
2026-09-21 15:17:18,824 Thread-229 (_process_events) root DEBUG ftp.py                    511   ftp_client_pull_file      : ftp_client_pull_file final=True '001bdc08e44e'
2026-09-21 15:17:18,824 Thread-229 (_process_events) root DEBUG iutctl_common.py          161   send                      : 42 12 0 "bytearray(b'\\xe0N\\xe4\\x08\\xdc\\x1b\\x00\\x01\\x00\\x00')"
2026-09-21 15:17:18,824 Thread-229 (_process_events) root DEBUG iutctl_common.py          166   send                      : sending frame '2a0c000a00e04ee408dc1b00010000'
2026-09-21 15:17:18,824 Thread-229 (_process_events) root DEBUG ftp.py                    284   ftp_command_rsp_succ      : ftp_command_rsp_succ
2026-09-21 15:17:18,824 Thread-229 (_process_events) root DEBUG iutctl_common.py          339   read                      : 
2026-09-21 15:17:18,862 BTPWorkerThread-219 (_rx_task) root DEBUG iutctl_common.py          123   read                      : Read 5 bytes
2026-09-21 15:17:18,868 BTPWorkerThread-219 (_rx_task) root DEBUG iutctl_common.py          131   read                      : Received: hdr: Header(svc_id=0x2a, op=0x0c, ctrl_index=0x00, data_len=0x00) bytearray(b'*\x0c\x00\x00\x00')
2026-09-21 15:17:18,874 BTPWorkerThread-219 (_rx_task) root DEBUG iutctl_common.py          154   read                      : Received data: {''}, bytearray(b'')
2026-09-21 15:17:18,880 Thread-229 (_process_events) root DEBUG ftp.py                    287   ftp_command_rsp_succ      : received Header(svc_id=42, op=12, ctrl_index=0, data_len=0) (b'',)
2026-09-21 15:17:18,880 BTPWorkerThread-219 (_rx_task) root DEBUG iutctl_common.py          123   read                      : Read 5 bytes
2026-09-21 15:17:18,880 BTPWorkerThread-219 (_rx_task) root DEBUG iutctl_common.py          131   read                      : Received: hdr: Header(svc_id=0x2a, op=0x8a, ctrl_index=0x00, data_len=0x104) bytearray(b'*\x8a\x00\x04\x01')
2026-09-21 15:17:18,881 BTPWorkerThread-219 (_rx_task) root DEBUG iutctl_common.py          139   read                      : Read 225 bytes data
2026-09-21 15:17:18,884 BTPWorkerThread-219 (_rx_task) root DEBUG iutctl_common.py          139   read                      : Read 35 bytes data
2026-09-21 15:17:18,885 BTPWorkerThread-219 (_rx_task) root DEBUG iutctl_common.py          154   read                      : Received data: {'e0 4e e4 08 dc 1b 00 90 fa 00 48 00 fa 0d 0a 46 69 6c 6c 65 72 20 54 65 78 74 20 46 69 6c 6c 65 72 20 54 65 78 74 20 46 69 6c 6c 65 72 20 54 65 78 74 20 46 69 6c 6c 65 72 20 54 65 78 74 20 46 69 6c 6c 65 72 20 54 65 78 74 20 46 69 6c 6c 65 72 20 54 65 78 74 20 46 69 6c 6c 65 72 20 54 65 78 74 20 46 69 6c 6c 65 72 20 54 65 78 74 20 46 69 6c 6c 65 72 20 54 65 78 74 20 46 69 6c 6c 65 72 20 54 65 78 74 20 46 69 6c 6c 65 72 20 54 65 78 74 20 46 69 6c 6c 65 72 20 54 65 78 74 20 0d 0a 46 69 6c 6c 65 72 20 54 65 78 74 20 46 69 6c 6c 65 72 20 54 65 78 74 20 46 69 6c 6c 65 72 20 54 65 78 74 20 46 69 6c 6c 65 72 20 54 65 78 74 20 46 69 6c 6c 65 72 20 54 65 78 74 20 46 69 6c 6c 65 72 20 54 65 78 74 20 46 69 6c 6c 65 72 20 54 65 78 74 20 46 69 6c 6c 65 72 20 54 65 78 74 20 46 69 6c'}, bytearray(b'\xe0N\xe4\x08\xdc\x1b\x00\x90\xfa\x00H\x00\xfa\r\nFiller Text Filler Text Filler Text Filler Text Filler Text Filler Text Filler Text Filler Text Filler Text Filler Text Filler Text Filler Text \r\nFiller Text Filler Text Filler Text Filler Text Filler Text Filler Text Filler Text Filler Text Fil')
2026-09-21 15:17:18,885 BTPWorkerThread-219 (_rx_task) root DEBUG btp.py                    704   event_handler             : Header(svc_id=42, op=138, ctrl_index=0, data_len=260) (b'\xe0N\xe4\x08\xdc\x1b\x00\x90\xfa\x00H\x00\xfa\r\nFiller Text Filler Text Filler Text Filler Text Filler Text Filler Text Filler Text Filler Text Filler Text Filler Text Filler Text Filler Text \r\nFiller Text Filler Text Filler Text Filler Text Filler Text Filler Text Filler Text Filler Text Fil',)
2026-09-21 15:17:18,885 Thread-229 (_process_events) root DEBUG ftp.py                    1294  _ftp_client_pull_file_ev  : _ftp_client_pull_file_ev b'\xe0N\xe4\x08\xdc\x1b\x00\x90\xfa\x00H\x00\xfa\r\nFiller Text Filler Text Filler Text Filler Text Filler Text Filler Text Filler Text Filler Text Filler Text Filler Text Filler Text Filler Text \r\nFiller Text Filler Text Filler Text Filler Text Filler Text Filler Text Filler Text Filler Text Fil'
2026-09-21 15:17:18,885 Thread-229 (_process_events) root DEBUG ftp.py                    511   ftp_client_pull_file      : ftp_client_pull_file final=True '001bdc08e44e'
2026-09-21 15:17:18,885 Thread-229 (_process_events) root DEBUG iutctl_common.py          161   send                      : 42 12 0 "bytearray(b'\\xe0N\\xe4\\x08\\xdc\\x1b\\x00\\x01\\x00\\x00')"
2026-09-21 15:17:18,885 Thread-229 (_process_events) root DEBUG iutctl_common.py          166   send                      : sending frame '2a0c000a00e04ee408dc1b00010000'
2026-09-21 15:17:18,886 Thread-229 (_process_events) root DEBUG ftp.py                    284   ftp_command_rsp_succ      : ftp_command_rsp_succ
2026-09-21 15:17:18,886 Thread-229 (_process_events) root DEBUG iutctl_common.py          339   read                      : 
2026-09-21 15:17:18,906 BTPWorkerThread-219 (_rx_task) root DEBUG iutctl_common.py          123   read                      : Read 5 bytes
2026-09-21 15:17:18,906 BTPWorkerThread-219 (_rx_task) root DEBUG iutctl_common.py          131   read                      : Received: hdr: Header(svc_id=0x2a, op=0x0c, ctrl_index=0x00, data_len=0x00) bytearray(b'*\x0c\x00\x00\x00')
2026-09-21 15:17:18,906 BTPWorkerThread-219 (_rx_task) root DEBUG iutctl_common.py          154   read                      : Received data: {''}, bytearray(b'')
2026-09-21 15:17:18,907 Thread-229 (_process_events) root DEBUG ftp.py                    287   ftp_command_rsp_succ      : received Header(svc_id=42, op=12, ctrl_index=0, data_len=0) (b'',)
2026-09-21 15:17:18,917 BTPWorkerThread-219 (_rx_task) root DEBUG iutctl_common.py          123   read                      : Read 5 bytes
2026-09-21 15:17:18,918 BTPWorkerThread-219 (_rx_task) root DEBUG iutctl_common.py          131   read                      : Received: hdr: Header(svc_id=0x2a, op=0x8a, ctrl_index=0x00, data_len=0x104) bytearray(b'*\x8a\x00\x04\x01')
2026-09-21 15:17:18,918 BTPWorkerThread-219 (_rx_task) root DEBUG iutctl_common.py          139   read                      : Read 102 bytes data
2026-09-21 15:17:18,929 BTPWorkerThread-219 (_rx_task) root DEBUG iutctl_common.py          139   read                      : Read 131 bytes data
2026-09-21 15:17:18,930 BTPWorkerThread-219 (_rx_task) root DEBUG iutctl_common.py          139   read                      : Read 5 bytes data
2026-09-21 15:17:18,930 BTPWorkerThread-219 (_rx_task) root DEBUG iutctl_common.py          139   read                      : Read 5 bytes data
2026-09-21 15:17:18,941 BTPWorkerThread-219 (_rx_task) root DEBUG iutctl_common.py          139   read                      : Read 17 bytes data
2026-09-21 15:17:18,942 BTPWorkerThread-219 (_rx_task) root DEBUG iutctl_common.py          154   read                      : Received data: {'e0 4e e4 08 dc 1b 00 90 fa 00 48 00 fa 6c 65 72 20 54 65 78 74 20 46 69 6c 6c 65 72 20 54 65 78 74 20 46 69 6c 6c 65 72 20 54 65 78 74 20 46 69 6c 6c 65 72 20 54 65 78 74 20 0d 0a 46 69 6c 6c 65 72 20 54 65 78 74 20 46 69 6c 6c 65 72 20 54 65 78 74 20 46 69 6c 6c 65 72 20 54 65 78 74 20 46 69 6c 6c 65 72 20 54 65 78 74 20 46 69 6c 6c 65 72 20 54 65 78 74 20 46 69 6c 6c 65 72 20 54 65 78 74 20 46 69 6c 6c 65 72 20 54 65 78 74 20 46 69 6c 6c 65 72 20 54 65 78 74 20 46 69 6c 6c 65 72 20 54 65 78 74 20 46 69 6c 6c 65 72 20 54 65 78 74 20 46 69 6c 6c 65 72 20 54 65 78 74 20 46 69 6c 6c 65 72 20 54 65 78 74 20 0d 0a 46 69 6c 6c 65 72 20 54 65 78 74 20 46 69 6c 6c 65 72 20 54 65 78 74 20 46 69 6c 6c 65 72 20 54 65 78 74 20 46 69 6c 6c 65 72 20 54 65 78 74 20 46 69 6c 6c 65 72'}, bytearray(b'\xe0N\xe4\x08\xdc\x1b\x00\x90\xfa\x00H\x00\xfaler Text Filler Text Filler Text Filler Text \r\nFiller Text Filler Text Filler Text Filler Text Filler Text Filler Text Filler Text Filler Text Filler Text Filler Text Filler Text Filler Text \r\nFiller Text Filler Text Filler Text Filler Text Filler')
2026-09-21 15:17:18,942 BTPWorkerThread-219 (_rx_task) root DEBUG btp.py                    704   event_handler             : Header(svc_id=42, op=138, ctrl_index=0, data_len=260) (b'\xe0N\xe4\x08\xdc\x1b\x00\x90\xfa\x00H\x00\xfaler Text Filler Text Filler Text Filler Text \r\nFiller Text Filler Text Filler Text Filler Text Filler Text Filler Text Filler Text Filler Text Filler Text Filler Text Filler Text Filler Text \r\nFiller Text Filler Text Filler Text Filler Text Filler',)
2026-09-21 15:17:18,942 Thread-229 (_process_events) root DEBUG ftp.py                    1294  _ftp_client_pull_file_ev  : _ftp_client_pull_file_ev b'\xe0N\xe4\x08\xdc\x1b\x00\x90\xfa\x00H\x00\xfaler Text Filler Text Filler Text Filler Text \r\nFiller Text Filler Text Filler Text Filler Text Filler Text Filler Text Filler Text Filler Text Filler Text Filler Text Filler Text Filler Text \r\nFiller Text Filler Text Filler Text Filler Text Filler'
2026-09-21 15:17:18,942 Thread-229 (_process_events) root DEBUG ftp.py                    511   ftp_client_pull_file      : ftp_client_pull_file final=True '001bdc08e44e'
2026-09-21 15:17:18,943 Thread-229 (_process_events) root DEBUG iutctl_common.py          161   send                      : 42 12 0 "bytearray(b'\\xe0N\\xe4\\x08\\xdc\\x1b\\x00\\x01\\x00\\x00')"
2026-09-21 15:17:18,943 Thread-229 (_process_events) root DEBUG iutctl_common.py          166   send                      : sending frame '2a0c000a00e04ee408dc1b00010000'
2026-09-21 15:17:18,943 Thread-229 (_process_events) root DEBUG ftp.py                    284   ftp_command_rsp_succ      : ftp_command_rsp_succ
2026-09-21 15:17:18,943 Thread-229 (_process_events) root DEBUG iutctl_common.py          339   read                      : 
2026-09-21 15:17:18,975 BTPWorkerThread-219 (_rx_task) root DEBUG iutctl_common.py          123   read                      : Read 5 bytes
2026-09-21 15:17:18,986 BTPWorkerThread-219 (_rx_task) root DEBUG iutctl_common.py          131   read                      : Received: hdr: Header(svc_id=0x2a, op=0x0c, ctrl_index=0x00, data_len=0x00) bytearray(b'*\x0c\x00\x00\x00')
2026-09-21 15:17:18,992 BTPWorkerThread-219 (_rx_task) root DEBUG iutctl_common.py          154   read                      : Received data: {''}, bytearray(b'')
2026-09-21 15:17:19,002 BTPWorkerThread-219 (_rx_task) root DEBUG iutctl_common.py          123   read                      : Read 5 bytes
2026-09-21 15:17:19,002 Thread-229 (_process_events) root DEBUG ftp.py                    287   ftp_command_rsp_succ      : received Header(svc_id=42, op=12, ctrl_index=0, data_len=0) (b'',)
2026-09-21 15:17:19,002 BTPWorkerThread-219 (_rx_task) root DEBUG iutctl_common.py          131   read                      : Received: hdr: Header(svc_id=0x2a, op=0x8a, ctrl_index=0x00, data_len=0x104) bytearray(b'*\x8a\x00\x04\x01')
2026-09-21 15:17:19,003 BTPWorkerThread-219 (_rx_task) root DEBUG iutctl_common.py          139   read                      : Read 260 bytes data
2026-09-21 15:17:19,003 BTPWorkerThread-219 (_rx_task) root DEBUG iutctl_common.py          154   read                      : Received data: {'e0 4e e4 08 dc 1b 00 90 fa 00 48 00 fa 20 54 65 78 74 20 46 69 6c 6c 65 72 20 54 65 78 74 20 46 69 6c 6c 65 72 20 54 65 78 74 20 46 69 6c 6c 65 72 20 54 65 78 74 20 46 69 6c 6c 65 72 20 54 65 78 74 20 46 69 6c 6c 65 72 20 54 65 78 74 20 46 69 6c 6c 65 72 20 54 65 78 74 20 46 69 6c 6c 65 72 20 54 65 78 74 20 0d 0a 46 69 6c 6c 65 72 20 54 65 78 74 20 46 69 6c 6c 65 72 20 54 65 78 74 20 46 69 6c 6c 65 72 20 54 65 78 74 20 46 69 6c 6c 65 72 20 54 65 78 74 20 46 69 6c 6c 65 72 20 54 65 78 74 20 46 69 6c 6c 65 72 20 54 65 78 74 20 46 69 6c 6c 65 72 20 54 65 78 74 20 46 69 6c 6c 65 72 20 54 65 78 74 20 46 69 6c 6c 65 72 20 54 65 78 74 20 46 69 6c 6c 65 72 20 54 65 78 74 20 46 69 6c 6c 65 72 20 54 65 78 74 20 46 69 6c 6c 65 72 20 54 65 78 74 20 0d 0a 46 69 6c 6c 65 72 20 54 65'}, bytearray(b'\xe0N\xe4\x08\xdc\x1b\x00\x90\xfa\x00H\x00\xfa Text Filler Text Filler Text Filler Text Filler Text Filler Text Filler Text Filler Text \r\nFiller Text Filler Text Filler Text Filler Text Filler Text Filler Text Filler Text Filler Text Filler Text Filler Text Filler Text Filler Text \r\nFiller Te')
2026-09-21 15:17:19,003 BTPWorkerThread-219 (_rx_task) root DEBUG btp.py                    704   event_handler             : Header(svc_id=42, op=138, ctrl_index=0, data_len=260) (b'\xe0N\xe4\x08\xdc\x1b\x00\x90\xfa\x00H\x00\xfa Text Filler Text Filler Text Filler Text Filler Text Filler Text Filler Text Filler Text \r\nFiller Text Filler Text Filler Text Filler Text Filler Text Filler Text Filler Text Filler Text Filler Text Filler Text Filler Text Filler Text \r\nFiller Te',)
2026-09-21 15:17:19,004 Thread-229 (_process_events) root DEBUG ftp.py                    1294  _ftp_client_pull_file_ev  : _ftp_client_pull_file_ev b'\xe0N\xe4\x08\xdc\x1b\x00\x90\xfa\x00H\x00\xfa Text Filler Text Filler Text Filler Text Filler Text Filler Text Filler Text Filler Text \r\nFiller Text Filler Text Filler Text Filler Text Filler Text Filler Text Filler Text Filler Text Filler Text Filler Text Filler Text Filler Text \r\nFiller Te'
2026-09-21 15:17:19,004 Thread-229 (_process_events) root DEBUG ftp.py                    511   ftp_client_pull_file      : ftp_client_pull_file final=True '001bdc08e44e'
2026-09-21 15:17:19,004 Thread-229 (_process_events) root DEBUG iutctl_common.py          161   send                      : 42 12 0 "bytearray(b'\\xe0N\\xe4\\x08\\xdc\\x1b\\x00\\x01\\x00\\x00')"
2026-09-21 15:17:19,004 Thread-229 (_process_events) root DEBUG iutctl_common.py          166   send                      : sending frame '2a0c000a00e04ee408dc1b00010000'
2026-09-21 15:17:19,004 Thread-229 (_process_events) root DEBUG ftp.py                    284   ftp_command_rsp_succ      : ftp_command_rsp_succ
2026-09-21 15:17:19,004 Thread-229 (_process_events) root DEBUG iutctl_common.py          339   read                      : 
2026-09-21 15:17:19,039 BTPWorkerThread-219 (_rx_task) root DEBUG iutctl_common.py          123   read                      : Read 5 bytes
2026-09-21 15:17:19,050 BTPWorkerThread-219 (_rx_task) root DEBUG iutctl_common.py          131   read                      : Received: hdr: Header(svc_id=0x2a, op=0x0c, ctrl_index=0x00, data_len=0x00) bytearray(b'*\x0c\x00\x00\x00')
2026-09-21 15:17:19,061 BTPWorkerThread-219 (_rx_task) root DEBUG iutctl_common.py          154   read                      : Received data: {''}, bytearray(b'')
2026-09-21 15:17:19,078 BTPWorkerThread-219 (_rx_task) root DEBUG iutctl_common.py          123   read                      : Read 5 bytes
2026-09-21 15:17:19,078 Thread-229 (_process_events) root DEBUG ftp.py                    287   ftp_command_rsp_succ      : received Header(svc_id=42, op=12, ctrl_index=0, data_len=0) (b'',)
2026-09-21 15:17:19,079 BTPWorkerThread-219 (_rx_task) root DEBUG iutctl_common.py          131   read                      : Received: hdr: Header(svc_id=0x2a, op=0x8a, ctrl_index=0x00, data_len=0x104) bytearray(b'*\x8a\x00\x04\x01')
2026-09-21 15:17:19,079 BTPWorkerThread-219 (_rx_task) root DEBUG iutctl_common.py          139   read                      : Read 260 bytes data
2026-09-21 15:17:19,079 BTPWorkerThread-219 (_rx_task) root DEBUG iutctl_common.py          154   read                      : Received data: {'e0 4e e4 08 dc 1b 00 90 fa 00 48 00 fa 78 74 20 46 69 6c 6c 65 72 20 54 65 78 74 20 46 69 6c 6c 65 72 20 54 65 78 74 20 46 69 6c 6c 65 72 20 54 65 78 74 20 46 69 6c 6c 65 72 20 54 65 78 74 20 46 69 6c 6c 65 72 20 54 65 78 74 20 46 69 6c 6c 65 72 20 54 65 78 74 20 46 69 6c 6c 65 72 20 54 65 78 74 20 46 69 6c 6c 65 72 20 54 65 78 74 20 46 69 6c 6c 65 72 20 54 65 78 74 20 46 69 6c 6c 65 72 20 54 65 78 74 20 46 69 6c 6c 65 72 20 54 65 78 74 20 0d 0a 46 69 6c 6c 65 72 20 54 65 78 74 20 46 69 6c 6c 65 72 20 54 65 78 74 20 46 69 6c 6c 65 72 20 54 65 78 74 20 46 69 6c 6c 65 72 20 54 65 78 74 20 46 69 6c 6c 65 72 20 54 65 78 74 20 46 69 6c 6c 65 72 20 54 65 78 74 20 46 69 6c 6c 65 72 20 54 65 78 74 20 46 69 6c 6c 65 72 20 54 65 78 74 20 46 69 6c 6c 65 72 20 54 65 78 74 20 46 69'}, bytearray(b'\xe0N\xe4\x08\xdc\x1b\x00\x90\xfa\x00H\x00\xfaxt Filler Text Filler Text Filler Text Filler Text Filler Text Filler Text Filler Text Filler Text Filler Text Filler Text Filler Text \r\nFiller Text Filler Text Filler Text Filler Text Filler Text Filler Text Filler Text Filler Text Filler Text Fi')
2026-09-21 15:17:19,079 BTPWorkerThread-219 (_rx_task) root DEBUG btp.py                    704   event_handler             : Header(svc_id=42, op=138, ctrl_index=0, data_len=260) (b'\xe0N\xe4\x08\xdc\x1b\x00\x90\xfa\x00H\x00\xfaxt Filler Text Filler Text Filler Text Filler Text Filler Text Filler Text Filler Text Filler Text Filler Text Filler Text Filler Text \r\nFiller Text Filler Text Filler Text Filler Text Filler Text Filler Text Filler Text Filler Text Filler Text Fi',)
2026-09-21 15:17:19,079 Thread-229 (_process_events) root DEBUG ftp.py                    1294  _ftp_client_pull_file_ev  : _ftp_client_pull_file_ev b'\xe0N\xe4\x08\xdc\x1b\x00\x90\xfa\x00H\x00\xfaxt Filler Text Filler Text Filler Text Filler Text Filler Text Filler Text Filler Text Filler Text Filler Text Filler Text Filler Text \r\nFiller Text Filler Text Filler Text Filler Text Filler Text Filler Text Filler Text Filler Text Filler Text Fi'
2026-09-21 15:17:19,080 Thread-229 (_process_events) root DEBUG ftp.py                    511   ftp_client_pull_file      : ftp_client_pull_file final=True '001bdc08e44e'
2026-09-21 15:17:19,080 Thread-229 (_process_events) root DEBUG iutctl_common.py          161   send                      : 42 12 0 "bytearray(b'\\xe0N\\xe4\\x08\\xdc\\x1b\\x00\\x01\\x00\\x00')"
2026-09-21 15:17:19,080 Thread-229 (_process_events) root DEBUG iutctl_common.py          166   send                      : sending frame '2a0c000a00e04ee408dc1b00010000'
2026-09-21 15:17:19,080 Thread-229 (_process_events) root DEBUG ftp.py                    284   ftp_command_rsp_succ      : ftp_command_rsp_succ
2026-09-21 15:17:19,080 Thread-229 (_process_events) root DEBUG iutctl_common.py          339   read                      : 
2026-09-21 15:17:19,124 BTPWorkerThread-219 (_rx_task) root DEBUG iutctl_common.py          123   read                      : Read 5 bytes
2026-09-21 15:17:19,130 BTPWorkerThread-219 (_rx_task) root DEBUG iutctl_common.py          131   read                      : Received: hdr: Header(svc_id=0x2a, op=0x0c, ctrl_index=0x00, data_len=0x00) bytearray(b'*\x0c\x00\x00\x00')
2026-09-21 15:17:19,136 BTPWorkerThread-219 (_rx_task) root DEBUG iutctl_common.py          154   read                      : Received data: {''}, bytearray(b'')
2026-09-21 15:17:19,142 Thread-229 (_process_events) root DEBUG ftp.py                    287   ftp_command_rsp_succ      : received Header(svc_id=42, op=12, ctrl_index=0, data_len=0) (b'',)
2026-09-21 15:17:19,142 BTPWorkerThread-219 (_rx_task) root DEBUG iutctl_common.py          123   read                      : Read 5 bytes
2026-09-21 15:17:19,143 BTPWorkerThread-219 (_rx_task) root DEBUG iutctl_common.py          131   read                      : Received: hdr: Header(svc_id=0x2a, op=0x8a, ctrl_index=0x00, data_len=0x104) bytearray(b'*\x8a\x00\x04\x01')
2026-09-21 15:17:19,143 BTPWorkerThread-219 (_rx_task) root DEBUG iutctl_common.py          139   read                      : Read 219 bytes data
2026-09-21 15:17:19,149 BTPWorkerThread-219 (_rx_task) root DEBUG iutctl_common.py          139   read                      : Read 41 bytes data
2026-09-21 15:17:19,150 BTPWorkerThread-219 (_rx_task) root DEBUG iutctl_common.py          154   read                      : Received data: {'e0 4e e4 08 dc 1b 00 90 fa 00 48 00 fa 6c 6c 65 72 20 54 65 78 74 20 46 69 6c 6c 65 72 20 54 65 78 74 20 46 69 6c 6c 65 72 20 54 65 78 74 20 0d 0a 46 69 6c 6c 65 72 20 54 65 78 74 20 46 69 6c 6c 65 72 20 54 65 78 74 20 46 69 6c 6c 65 72 20 54 65 78 74 20 46 69 6c 6c 65 72 20 54 65 78 74 20 46 69 6c 6c 65 72 20 54 65 78 74 20 46 69 6c 6c 65 72 20 54 65 78 74 20 46 69 6c 6c 65 72 20 54 65 78 74 20 46 69 6c 6c 65 72 20 54 65 78 74 20 46 69 6c 6c 65 72 20 54 65 78 74 20 46 69 6c 6c 65 72 20 54 65 78 74 20 46 69 6c 6c 65 72 20 54 65 78 74 20 46 69 6c 6c 65 72 20 54 65 78 74 20 0d 0a 46 69 6c 6c 65 72 20 54 65 78 74 20 46 69 6c 6c 65 72 20 54 65 78 74 20 46 69 6c 6c 65 72 20 54 65 78 74 20 46 69 6c 6c 65 72 20 54 65 78 74 20 46 69 6c 6c 65 72 20 54 65 78 74 20 46 69 6c 6c 65'}, bytearray(b'\xe0N\xe4\x08\xdc\x1b\x00\x90\xfa\x00H\x00\xfaller Text Filler Text Filler Text \r\nFiller Text Filler Text Filler Text Filler Text Filler Text Filler Text Filler Text Filler Text Filler Text Filler Text Filler Text Filler Text \r\nFiller Text Filler Text Filler Text Filler Text Filler Text Fille')
2026-09-21 15:17:19,150 BTPWorkerThread-219 (_rx_task) root DEBUG btp.py                    704   event_handler             : Header(svc_id=42, op=138, ctrl_index=0, data_len=260) (b'\xe0N\xe4\x08\xdc\x1b\x00\x90\xfa\x00H\x00\xfaller Text Filler Text Filler Text \r\nFiller Text Filler Text Filler Text Filler Text Filler Text Filler Text Filler Text Filler Text Filler Text Filler Text Filler Text Filler Text \r\nFiller Text Filler Text Filler Text Filler Text Filler Text Fille',)
2026-09-21 15:17:19,150 Thread-229 (_process_events) root DEBUG ftp.py                    1294  _ftp_client_pull_file_ev  : _ftp_client_pull_file_ev b'\xe0N\xe4\x08\xdc\x1b\x00\x90\xfa\x00H\x00\xfaller Text Filler Text Filler Text \r\nFiller Text Filler Text Filler Text Filler Text Filler Text Filler Text Filler Text Filler Text Filler Text Filler Text Filler Text Filler Text \r\nFiller Text Filler Text Filler Text Filler Text Filler Text Fille'
2026-09-21 15:17:19,150 Thread-229 (_process_events) root DEBUG ftp.py                    511   ftp_client_pull_file      : ftp_client_pull_file final=True '001bdc08e44e'
2026-09-21 15:17:19,151 Thread-229 (_process_events) root DEBUG iutctl_common.py          161   send                      : 42 12 0 "bytearray(b'\\xe0N\\xe4\\x08\\xdc\\x1b\\x00\\x01\\x00\\x00')"
2026-09-21 15:17:19,151 Thread-229 (_process_events) root DEBUG iutctl_common.py          166   send                      : sending frame '2a0c000a00e04ee408dc1b00010000'
2026-09-21 15:17:19,151 Thread-229 (_process_events) root DEBUG ftp.py                    284   ftp_command_rsp_succ      : ftp_command_rsp_succ
2026-09-21 15:17:19,151 Thread-229 (_process_events) root DEBUG iutctl_common.py          339   read                      : 
2026-09-21 15:17:19,194 BTPWorkerThread-219 (_rx_task) root DEBUG iutctl_common.py          123   read                      : Read 5 bytes
2026-09-21 15:17:19,199 BTPWorkerThread-219 (_rx_task) root DEBUG iutctl_common.py          131   read                      : Received: hdr: Header(svc_id=0x2a, op=0x0c, ctrl_index=0x00, data_len=0x00) bytearray(b'*\x0c\x00\x00\x00')
2026-09-21 15:17:19,199 BTPWorkerThread-219 (_rx_task) root DEBUG iutctl_common.py          154   read                      : Received data: {''}, bytearray(b'')
2026-09-21 15:17:19,200 Thread-229 (_process_events) root DEBUG ftp.py                    287   ftp_command_rsp_succ      : received Header(svc_id=42, op=12, ctrl_index=0, data_len=0) (b'',)
2026-09-21 15:17:19,200 BTPWorkerThread-219 (_rx_task) root DEBUG iutctl_common.py          123   read                      : Read 5 bytes
2026-09-21 15:17:19,200 BTPWorkerThread-219 (_rx_task) root DEBUG iutctl_common.py          131   read                      : Received: hdr: Header(svc_id=0x2a, op=0x8a, ctrl_index=0x00, data_len=0x104) bytearray(b'*\x8a\x00\x04\x01')
2026-09-21 15:17:19,200 BTPWorkerThread-219 (_rx_task) root DEBUG iutctl_common.py          139   read                      : Read 98 bytes data
2026-09-21 15:17:19,204 BTPWorkerThread-219 (_rx_task) root DEBUG iutctl_common.py          139   read                      : Read 126 bytes data
2026-09-21 15:17:19,215 BTPWorkerThread-219 (_rx_task) root DEBUG iutctl_common.py          139   read                      : Read 36 bytes data
2026-09-21 15:17:19,216 BTPWorkerThread-219 (_rx_task) root DEBUG iutctl_common.py          154   read                      : Received data: {'e0 4e e4 08 dc 1b 00 90 fa 00 48 00 fa 72 20 54 65 78 74 20 46 69 6c 6c 65 72 20 54 65 78 74 20 46 69 6c 6c 65 72 20 54 65 78 74 20 46 69 6c 6c 65 72 20 54 65 78 74 20 46 69 6c 6c 65 72 20 54 65 78 74 20 46 69 6c 6c 65 72 20 54 65 78 74 20 46 69 6c 6c 65 72 20 54 65 78 74 20 0d 0a 46 69 6c 6c 65 72 20 54 65 78 74 20 46 69 6c 6c 65 72 20 54 65 78 74 20 46 69 6c 6c 65 72 20 54 65 78 74 20 46 69 6c 6c 65 72 20 54 65 78 74 20 46 69 6c 6c 65 72 20 54 65 78 74 20 46 69 6c 6c 65 72 20 54 65 78 74 20 46 69 6c 6c 65 72 20 54 65 78 74 20 46 69 6c 6c 65 72 20 54 65 78 74 20 46 69 6c 6c 65 72 20 54 65 78 74 20 46 69 6c 6c 65 72 20 54 65 78 74 20 46 69 6c 6c 65 72 20 54 65 78 74 20 46 69 6c 6c 65 72 20 54 65 78 74 20 0d 0a 46 69 6c 6c 65 72 20 54 65 78 74 20 46 69 6c 6c 65 72 20 54'}, bytearray(b'\xe0N\xe4\x08\xdc\x1b\x00\x90\xfa\x00H\x00\xfar Text Filler Text Filler Text Filler Text Filler Text Filler Text Filler Text \r\nFiller Text Filler Text Filler Text Filler Text Filler Text Filler Text Filler Text Filler Text Filler Text Filler Text Filler Text Filler Text \r\nFiller Text Filler T')
2026-09-21 15:17:19,216 BTPWorkerThread-219 (_rx_task) root DEBUG btp.py                    704   event_handler             : Header(svc_id=42, op=138, ctrl_index=0, data_len=260) (b'\xe0N\xe4\x08\xdc\x1b\x00\x90\xfa\x00H\x00\xfar Text Filler Text Filler Text Filler Text Filler Text Filler Text Filler Text \r\nFiller Text Filler Text Filler Text Filler Text Filler Text Filler Text Filler Text Filler Text Filler Text Filler Text Filler Text Filler Text \r\nFiller Text Filler T',)
2026-09-21 15:17:19,216 Thread-229 (_process_events) root DEBUG ftp.py                    1294  _ftp_client_pull_file_ev  : _ftp_client_pull_file_ev b'\xe0N\xe4\x08\xdc\x1b\x00\x90\xfa\x00H\x00\xfar Text Filler Text Filler Text Filler Text Filler Text Filler Text Filler Text \r\nFiller Text Filler Text Filler Text Filler Text Filler Text Filler Text Filler Text Filler Text Filler Text Filler Text Filler Text Filler Text \r\nFiller Text Filler T'
2026-09-21 15:17:19,216 Thread-229 (_process_events) root DEBUG ftp.py                    511   ftp_client_pull_file      : ftp_client_pull_file final=True '001bdc08e44e'
2026-09-21 15:17:19,217 Thread-229 (_process_events) root DEBUG iutctl_common.py          161   send                      : 42 12 0 "bytearray(b'\\xe0N\\xe4\\x08\\xdc\\x1b\\x00\\x01\\x00\\x00')"
2026-09-21 15:17:19,217 Thread-229 (_process_events) root DEBUG iutctl_common.py          166   send                      : sending frame '2a0c000a00e04ee408dc1b00010000'
2026-09-21 15:17:19,217 Thread-229 (_process_events) root DEBUG ftp.py                    284   ftp_command_rsp_succ      : ftp_command_rsp_succ
2026-09-21 15:17:19,217 Thread-229 (_process_events) root DEBUG iutctl_common.py          339   read                      : 
2026-09-21 15:17:19,255 BTPWorkerThread-219 (_rx_task) root DEBUG iutctl_common.py          123   read                      : Read 5 bytes
2026-09-21 15:17:19,265 BTPWorkerThread-219 (_rx_task) root DEBUG iutctl_common.py          131   read                      : Received: hdr: Header(svc_id=0x2a, op=0x0c, ctrl_index=0x00, data_len=0x00) bytearray(b'*\x0c\x00\x00\x00')
2026-09-21 15:17:19,265 BTPWorkerThread-219 (_rx_task) root DEBUG iutctl_common.py          154   read                      : Received data: {''}, bytearray(b'')
2026-09-21 15:17:19,265 BTPWorkerThread-219 (_rx_task) root DEBUG iutctl_common.py          123   read                      : Read 5 bytes
2026-09-21 15:17:19,265 BTPWorkerThread-219 (_rx_task) root DEBUG iutctl_common.py          131   read                      : Received: hdr: Header(svc_id=0x2a, op=0x8a, ctrl_index=0x00, data_len=0x104) bytearray(b'*\x8a\x00\x04\x01')
2026-09-21 15:17:19,265 BTPWorkerThread-219 (_rx_task) root DEBUG iutctl_common.py          139   read                      : Read 57 bytes data
2026-09-21 15:17:19,265 Thread-229 (_process_events) root DEBUG ftp.py                    287   ftp_command_rsp_succ      : received Header(svc_id=42, op=12, ctrl_index=0, data_len=0) (b'',)
2026-09-21 15:17:19,271 BTPWorkerThread-219 (_rx_task) root DEBUG iutctl_common.py          139   read                      : Read 128 bytes data
2026-09-21 15:17:19,271 BTPWorkerThread-219 (_rx_task) root DEBUG iutctl_common.py          139   read                      : Read 3 bytes data
2026-09-21 15:17:19,283 BTPWorkerThread-219 (_rx_task) root DEBUG iutctl_common.py          139   read                      : Read 72 bytes data
2026-09-21 15:17:19,283 BTPWorkerThread-219 (_rx_task) root DEBUG iutctl_common.py          154   read                      : Received data: {'e0 4e e4 08 dc 1b 00 90 fa 00 48 00 fa 65 78 74 20 46 69 6c 6c 65 72 20 54 65 78 74 20 46 69 6c 6c 65 72 20 54 65 78 74 20 46 69 6c 6c 65 72 20 54 65 78 74 20 46 69 6c 6c 65 72 20 54 65 78 74 20 46 69 6c 6c 65 72 20 54 65 78 74 20 46 69 6c 6c 65 72 20 54 65 78 74 20 46 69 6c 6c 65 72 20 54 65 78 74 20 46 69 6c 6c 65 72 20 54 65 78 74 20 46 69 6c 6c 65 72 20 54 65 78 74 20 46 69 6c 6c 65 72 20 54 65 78 74 20 0d 0a 46 69 6c 6c 65 72 20 54 65 78 74 20 46 69 6c 6c 65 72 20 54 65 78 74 20 46 69 6c 6c 65 72 20 54 65 78 74 20 46 69 6c 6c 65 72 20 54 65 78 74 20 46 69 6c 6c 65 72 20 54 65 78 74 20 46 69 6c 6c 65 72 20 54 65 78 74 20 46 69 6c 6c 65 72 20 54 65 78 74 20 46 69 6c 6c 65 72 20 54 65 78 74 20 46 69 6c 6c 65 72 20 54 65 78 74 20 46 69 6c 6c 65 72 20 54 65 78 74 20 46'}, bytearray(b'\xe0N\xe4\x08\xdc\x1b\x00\x90\xfa\x00H\x00\xfaext Filler Text Filler Text Filler Text Filler Text Filler Text Filler Text Filler Text Filler Text Filler Text Filler Text \r\nFiller Text Filler Text Filler Text Filler Text Filler Text Filler Text Filler Text Filler Text Filler Text Filler Text F')
2026-09-21 15:17:19,283 BTPWorkerThread-219 (_rx_task) root DEBUG btp.py                    704   event_handler             : Header(svc_id=42, op=138, ctrl_index=0, data_len=260) (b'\xe0N\xe4\x08\xdc\x1b\x00\x90\xfa\x00H\x00\xfaext Filler Text Filler Text Filler Text Filler Text Filler Text Filler Text Filler Text Filler Text Filler Text Filler Text \r\nFiller Text Filler Text Filler Text Filler Text Filler Text Filler Text Filler Text Filler Text Filler Text Filler Text F',)
2026-09-21 15:17:19,284 Thread-229 (_process_events) root DEBUG ftp.py                    1294  _ftp_client_pull_file_ev  : _ftp_client_pull_file_ev b'\xe0N\xe4\x08\xdc\x1b\x00\x90\xfa\x00H\x00\xfaext Filler Text Filler Text Filler Text Filler Text Filler Text Filler Text Filler Text Filler Text Filler Text Filler Text \r\nFiller Text Filler Text Filler Text Filler Text Filler Text Filler Text Filler Text Filler Text Filler Text Filler Text F'
2026-09-21 15:17:19,284 Thread-229 (_process_events) root DEBUG ftp.py                    511   ftp_client_pull_file      : ftp_client_pull_file final=True '001bdc08e44e'
2026-09-21 15:17:19,284 Thread-229 (_process_events) root DEBUG iutctl_common.py          161   send                      : 42 12 0 "bytearray(b'\\xe0N\\xe4\\x08\\xdc\\x1b\\x00\\x01\\x00\\x00')"
2026-09-21 15:17:19,284 Thread-229 (_process_events) root DEBUG iutctl_common.py          166   send                      : sending frame '2a0c000a00e04ee408dc1b00010000'
2026-09-21 15:17:19,284 Thread-229 (_process_events) root DEBUG ftp.py                    284   ftp_command_rsp_succ      : ftp_command_rsp_succ
2026-09-21 15:17:19,284 Thread-229 (_process_events) root DEBUG iutctl_common.py          339   read                      : 
2026-09-21 15:17:19,311 BTPWorkerThread-219 (_rx_task) root DEBUG iutctl_common.py          123   read                      : Read 5 bytes
2026-09-21 15:17:19,322 BTPWorkerThread-219 (_rx_task) root DEBUG iutctl_common.py          131   read                      : Received: hdr: Header(svc_id=0x2a, op=0x0c, ctrl_index=0x00, data_len=0x00) bytearray(b'*\x0c\x00\x00\x00')
2026-09-21 15:17:19,333 BTPWorkerThread-219 (_rx_task) root DEBUG iutctl_common.py          154   read                      : Received data: {''}, bytearray(b'')
2026-09-21 15:17:19,339 Thread-229 (_process_events) root DEBUG ftp.py                    287   ftp_command_rsp_succ      : received Header(svc_id=42, op=12, ctrl_index=0, data_len=0) (b'',)
2026-09-21 15:17:19,339 BTPWorkerThread-219 (_rx_task) root DEBUG iutctl_common.py          123   read                      : Read 5 bytes
2026-09-21 15:17:19,339 BTPWorkerThread-219 (_rx_task) root DEBUG iutctl_common.py          131   read                      : Received: hdr: Header(svc_id=0x2a, op=0x8a, ctrl_index=0x00, data_len=0x104) bytearray(b'*\x8a\x00\x04\x01')
2026-09-21 15:17:19,339 BTPWorkerThread-219 (_rx_task) root DEBUG iutctl_common.py          139   read                      : Read 260 bytes data
2026-09-21 15:17:19,340 BTPWorkerThread-219 (_rx_task) root DEBUG iutctl_common.py          154   read                      : Received data: {'e0 4e e4 08 dc 1b 00 90 fa 00 48 00 fa 69 6c 6c 65 72 20 54 65 78 74 20 46 69 6c 6c 65 72 20 54 65 78 74 20 0d 0a 46 69 6c 6c 65 72 20 54 65 78 74 20 46 69 6c 6c 65 72 20 54 65 78 74 20 46 69 6c 6c 65 72 20 54 65 78 74 20 46 69 6c 6c 65 72 20 54 65 78 74 20 46 69 6c 6c 65 72 20 54 65 78 74 20 46 69 6c 6c 65 72 20 54 65 78 74 20 46 69 6c 6c 65 72 20 54 65 78 74 20 46 69 6c 6c 65 72 20 54 65 78 74 20 46 69 6c 6c 65 72 20 54 65 78 74 20 46 69 6c 6c 65 72 20 54 65 78 74 20 46 69 6c 6c 65 72 20 54 65 78 74 20 46 69 6c 6c 65 72 20 54 65 78 74 20 0d 0a 46 69 6c 6c 65 72 20 54 65 78 74 20 46 69 6c 6c 65 72 20 54 65 78 74 20 46 69 6c 6c 65 72 20 54 65 78 74 20 46 69 6c 6c 65 72 20 54 65 78 74 20 46 69 6c 6c 65 72 20 54 65 78 74 20 46 69 6c 6c 65 72 20 54 65 78 74 20 46 69 6c 6c'}, bytearray(b'\xe0N\xe4\x08\xdc\x1b\x00\x90\xfa\x00H\x00\xfailler Text Filler Text \r\nFiller Text Filler Text Filler Text Filler Text Filler Text Filler Text Filler Text Filler Text Filler Text Filler Text Filler Text Filler Text \r\nFiller Text Filler Text Filler Text Filler Text Filler Text Filler Text Fill')
2026-09-21 15:17:19,340 BTPWorkerThread-219 (_rx_task) root DEBUG btp.py                    704   event_handler             : Header(svc_id=42, op=138, ctrl_index=0, data_len=260) (b'\xe0N\xe4\x08\xdc\x1b\x00\x90\xfa\x00H\x00\xfailler Text Filler Text \r\nFiller Text Filler Text Filler Text Filler Text Filler Text Filler Text Filler Text Filler Text Filler Text Filler Text Filler Text Filler Text \r\nFiller Text Filler Text Filler Text Filler Text Filler Text Filler Text Fill',)
2026-09-21 15:17:19,340 Thread-229 (_process_events) root DEBUG ftp.py                    1294  _ftp_client_pull_file_ev  : _ftp_client_pull_file_ev b'\xe0N\xe4\x08\xdc\x1b\x00\x90\xfa\x00H\x00\xfailler Text Filler Text \r\nFiller Text Filler Text Filler Text Filler Text Filler Text Filler Text Filler Text Filler Text Filler Text Filler Text Filler Text Filler Text \r\nFiller Text Filler Text Filler Text Filler Text Filler Text Filler Text Fill'
2026-09-21 15:17:19,340 Thread-229 (_process_events) root DEBUG ftp.py                    511   ftp_client_pull_file      : ftp_client_pull_file final=True '001bdc08e44e'
2026-09-21 15:17:19,340 Thread-229 (_process_events) root DEBUG iutctl_common.py          161   send                      : 42 12 0 "bytearray(b'\\xe0N\\xe4\\x08\\xdc\\x1b\\x00\\x01\\x00\\x00')"
2026-09-21 15:17:19,340 Thread-229 (_process_events) root DEBUG iutctl_common.py          166   send                      : sending frame '2a0c000a00e04ee408dc1b00010000'
2026-09-21 15:17:19,341 Thread-229 (_process_events) root DEBUG ftp.py                    284   ftp_command_rsp_succ      : ftp_command_rsp_succ
2026-09-21 15:17:19,341 Thread-229 (_process_events) root DEBUG iutctl_common.py          339   read                      : 
2026-09-21 15:17:19,377 BTPWorkerThread-219 (_rx_task) root DEBUG iutctl_common.py          123   read                      : Read 5 bytes
2026-09-21 15:17:19,388 BTPWorkerThread-219 (_rx_task) root DEBUG iutctl_common.py          131   read                      : Received: hdr: Header(svc_id=0x2a, op=0x0c, ctrl_index=0x00, data_len=0x00) bytearray(b'*\x0c\x00\x00\x00')
2026-09-21 15:17:19,388 BTPWorkerThread-219 (_rx_task) root DEBUG iutctl_common.py          154   read                      : Received data: {''}, bytearray(b'')
2026-09-21 15:17:19,389 Thread-229 (_process_events) root DEBUG ftp.py                    287   ftp_command_rsp_succ      : received Header(svc_id=42, op=12, ctrl_index=0, data_len=0) (b'',)
2026-09-21 15:17:19,389 BTPWorkerThread-219 (_rx_task) root DEBUG iutctl_common.py          123   read                      : Read 5 bytes
2026-09-21 15:17:19,389 BTPWorkerThread-219 (_rx_task) root DEBUG iutctl_common.py          131   read                      : Received: hdr: Header(svc_id=0x2a, op=0x8a, ctrl_index=0x00, data_len=0x104) bytearray(b'*\x8a\x00\x04\x01')
2026-09-21 15:17:19,389 BTPWorkerThread-219 (_rx_task) root DEBUG iutctl_common.py          139   read                      : Read 102 bytes data
2026-09-21 15:17:19,394 BTPWorkerThread-219 (_rx_task) root DEBUG iutctl_common.py          139   read                      : Read 130 bytes data
2026-09-21 15:17:19,394 BTPWorkerThread-219 (_rx_task) root DEBUG iutctl_common.py          139   read                      : Read 8 bytes data
2026-09-21 15:17:19,405 BTPWorkerThread-219 (_rx_task) root DEBUG iutctl_common.py          139   read                      : Read 20 bytes data
2026-09-21 15:17:19,406 BTPWorkerThread-219 (_rx_task) root DEBUG iutctl_common.py          154   read                      : Received data: {'e0 4e e4 08 dc 1b 00 90 fa 00 48 00 fa 65 72 20 54 65 78 74 20 46 69 6c 6c 65 72 20 54 65 78 74 20 46 69 6c 6c 65 72 20 54 65 78 74 20 46 69 6c 6c 65 72 20 54 65 78 74 20 46 69 6c 6c 65 72 20 54 65 78 74 20 46 69 6c 6c 65 72 20 54 65 78 74 20 0d 0a 46 69 6c 6c 65 72 20 54 65 78 74 20 46 69 6c 6c 65 72 20 54 65 78 74 20 46 69 6c 6c 65 72 20 54 65 78 74 20 46 69 6c 6c 65 72 20 54 65 78 74 20 46 69 6c 6c 65 72 20 54 65 78 74 20 46 69 6c 6c 65 72 20 54 65 78 74 20 46 69 6c 6c 65 72 20 54 65 78 74 20 46 69 6c 6c 65 72 20 54 65 78 74 20 46 69 6c 6c 65 72 20 54 65 78 74 20 46 69 6c 6c 65 72 20 54 65 78 74 20 46 69 6c 6c 65 72 20 54 65 78 74 20 46 69 6c 6c 65 72 20 54 65 78 74 20 0d 0a 46 69 6c 6c 65 72 20 54 65 78 74 20 46 69 6c 6c 65 72 20 54 65 78 74 20 46 69 6c 6c 65 72 20'}, bytearray(b'\xe0N\xe4\x08\xdc\x1b\x00\x90\xfa\x00H\x00\xfaer Text Filler Text Filler Text Filler Text Filler Text Filler Text \r\nFiller Text Filler Text Filler Text Filler Text Filler Text Filler Text Filler Text Filler Text Filler Text Filler Text Filler Text Filler Text \r\nFiller Text Filler Text Filler ')
2026-09-21 15:17:19,406 BTPWorkerThread-219 (_rx_task) root DEBUG btp.py                    704   event_handler             : Header(svc_id=42, op=138, ctrl_index=0, data_len=260) (b'\xe0N\xe4\x08\xdc\x1b\x00\x90\xfa\x00H\x00\xfaer Text Filler Text Filler Text Filler Text Filler Text Filler Text \r\nFiller Text Filler Text Filler Text Filler Text Filler Text Filler Text Filler Text Filler Text Filler Text Filler Text Filler Text Filler Text \r\nFiller Text Filler Text Filler ',)
2026-09-21 15:17:19,406 Thread-229 (_process_events) root DEBUG ftp.py                    1294  _ftp_client_pull_file_ev  : _ftp_client_pull_file_ev b'\xe0N\xe4\x08\xdc\x1b\x00\x90\xfa\x00H\x00\xfaer Text Filler Text Filler Text Filler Text Filler Text Filler Text \r\nFiller Text Filler Text Filler Text Filler Text Filler Text Filler Text Filler Text Filler Text Filler Text Filler Text Filler Text Filler Text \r\nFiller Text Filler Text Filler '
2026-09-21 15:17:19,407 Thread-229 (_process_events) root DEBUG ftp.py                    511   ftp_client_pull_file      : ftp_client_pull_file final=True '001bdc08e44e'
2026-09-21 15:17:19,407 Thread-229 (_process_events) root DEBUG iutctl_common.py          161   send                      : 42 12 0 "bytearray(b'\\xe0N\\xe4\\x08\\xdc\\x1b\\x00\\x01\\x00\\x00')"
2026-09-21 15:17:19,407 Thread-229 (_process_events) root DEBUG iutctl_common.py          166   send                      : sending frame '2a0c000a00e04ee408dc1b00010000'
2026-09-21 15:17:19,407 Thread-229 (_process_events) root DEBUG ftp.py                    284   ftp_command_rsp_succ      : ftp_command_rsp_succ
2026-09-21 15:17:19,407 Thread-229 (_process_events) root DEBUG iutctl_common.py          339   read                      : 
2026-09-21 15:17:19,449 BTPWorkerThread-219 (_rx_task) root DEBUG iutctl_common.py          123   read                      : Read 5 bytes
2026-09-21 15:17:19,461 BTPWorkerThread-219 (_rx_task) root DEBUG iutctl_common.py          131   read                      : Received: hdr: Header(svc_id=0x2a, op=0x0c, ctrl_index=0x00, data_len=0x00) bytearray(b'*\x0c\x00\x00\x00')
2026-09-21 15:17:19,466 BTPWorkerThread-219 (_rx_task) root DEBUG iutctl_common.py          154   read                      : Received data: {''}, bytearray(b'')
2026-09-21 15:17:19,466 BTPWorkerThread-219 (_rx_task) root DEBUG iutctl_common.py          123   read                      : Read 5 bytes
2026-09-21 15:17:19,466 BTPWorkerThread-219 (_rx_task) root DEBUG iutctl_common.py          131   read                      : Received: hdr: Header(svc_id=0x2a, op=0x8a, ctrl_index=0x00, data_len=0x104) bytearray(b'*\x8a\x00\x04\x01')
2026-09-21 15:17:19,466 Thread-229 (_process_events) root DEBUG ftp.py                    287   ftp_command_rsp_succ      : received Header(svc_id=42, op=12, ctrl_index=0, data_len=0) (b'',)
2026-09-21 15:17:19,467 BTPWorkerThread-219 (_rx_task) root DEBUG iutctl_common.py          139   read                      : Read 222 bytes data
2026-09-21 15:17:19,472 BTPWorkerThread-219 (_rx_task) root DEBUG iutctl_common.py          139   read                      : Read 38 bytes data
2026-09-21 15:17:19,473 BTPWorkerThread-219 (_rx_task) root DEBUG iutctl_common.py          154   read                      : Received data: {'e0 4e e4 08 dc 1b 00 90 fa 00 48 00 fa 54 65 78 74 20 46 69 6c 6c 65 72 20 54 65 78 74 20 46 69 6c 6c 65 72 20 54 65 78 74 20 46 69 6c 6c 65 72 20 54 65 78 74 20 46 69 6c 6c 65 72 20 54 65 78 74 20 46 69 6c 6c 65 72 20 54 65 78 74 20 46 69 6c 6c 65 72 20 54 65 78 74 20 46 69 6c 6c 65 72 20 54 65 78 74 20 46 69 6c 6c 65 72 20 54 65 78 74 20 46 69 6c 6c 65 72 20 54 65 78 74 20 0d 0a 46 69 6c 6c 65 72 20 54 65 78 74 20 46 69 6c 6c 65 72 20 54 65 78 74 20 46 69 6c 6c 65 72 20 54 65 78 74 20 46 69 6c 6c 65 72 20 54 65 78 74 20 46 69 6c 6c 65 72 20 54 65 78 74 20 46 69 6c 6c 65 72 20 54 65 78 74 20 46 69 6c 6c 65 72 20 54 65 78 74 20 46 69 6c 6c 65 72 20 54 65 78 74 20 46 69 6c 6c 65 72 20 54 65 78 74 20 46 69 6c 6c 65 72 20 54 65 78 74 20 46 69 6c 6c 65 72 20 54 65 78 74 20'}, bytearray(b'\xe0N\xe4\x08\xdc\x1b\x00\x90\xfa\x00H\x00\xfaText Filler Text Filler Text Filler Text Filler Text Filler Text Filler Text Filler Text Filler Text Filler Text \r\nFiller Text Filler Text Filler Text Filler Text Filler Text Filler Text Filler Text Filler Text Filler Text Filler Text Filler Text ')
2026-09-21 15:17:19,473 BTPWorkerThread-219 (_rx_task) root DEBUG btp.py                    704   event_handler             : Header(svc_id=42, op=138, ctrl_index=0, data_len=260) (b'\xe0N\xe4\x08\xdc\x1b\x00\x90\xfa\x00H\x00\xfaText Filler Text Filler Text Filler Text Filler Text Filler Text Filler Text Filler Text Filler Text Filler Text \r\nFiller Text Filler Text Filler Text Filler Text Filler Text Filler Text Filler Text Filler Text Filler Text Filler Text Filler Text ',)
2026-09-21 15:17:19,473 Thread-229 (_process_events) root DEBUG ftp.py                    1294  _ftp_client_pull_file_ev  : _ftp_client_pull_file_ev b'\xe0N\xe4\x08\xdc\x1b\x00\x90\xfa\x00H\x00\xfaText Filler Text Filler Text Filler Text Filler Text Filler Text Filler Text Filler Text Filler Text Filler Text \r\nFiller Text Filler Text Filler Text Filler Text Filler Text Filler Text Filler Text Filler Text Filler Text Filler Text Filler Text '
2026-09-21 15:17:19,473 Thread-229 (_process_events) root DEBUG ftp.py                    511   ftp_client_pull_file      : ftp_client_pull_file final=True '001bdc08e44e'
2026-09-21 15:17:19,473 Thread-229 (_process_events) root DEBUG iutctl_common.py          161   send                      : 42 12 0 "bytearray(b'\\xe0N\\xe4\\x08\\xdc\\x1b\\x00\\x01\\x00\\x00')"
2026-09-21 15:17:19,473 Thread-229 (_process_events) root DEBUG iutctl_common.py          166   send                      : sending frame '2a0c000a00e04ee408dc1b00010000'
2026-09-21 15:17:19,474 Thread-229 (_process_events) root DEBUG ftp.py                    284   ftp_command_rsp_succ      : ftp_command_rsp_succ
2026-09-21 15:17:19,474 Thread-229 (_process_events) root DEBUG iutctl_common.py          339   read                      : 
2026-09-21 15:17:19,510 BTPWorkerThread-219 (_rx_task) root DEBUG iutctl_common.py          123   read                      : Read 5 bytes
2026-09-21 15:17:19,526 BTPWorkerThread-219 (_rx_task) root DEBUG iutctl_common.py          131   read                      : Received: hdr: Header(svc_id=0x2a, op=0x0c, ctrl_index=0x00, data_len=0x00) bytearray(b'*\x0c\x00\x00\x00')
2026-09-21 15:17:19,531 BTPWorkerThread-219 (_rx_task) root DEBUG iutctl_common.py          154   read                      : Received data: {''}, bytearray(b'')
2026-09-21 15:17:19,531 Thread-229 (_process_events) root DEBUG ftp.py                    287   ftp_command_rsp_succ      : received Header(svc_id=42, op=12, ctrl_index=0, data_len=0) (b'',)
2026-09-21 15:17:19,532 BTPWorkerThread-219 (_rx_task) root DEBUG iutctl_common.py          123   read                      : Read 5 bytes
2026-09-21 15:17:19,532 BTPWorkerThread-219 (_rx_task) root DEBUG iutctl_common.py          131   read                      : Received: hdr: Header(svc_id=0x2a, op=0x8a, ctrl_index=0x00, data_len=0x104) bytearray(b'*\x8a\x00\x04\x01')
2026-09-21 15:17:19,532 BTPWorkerThread-219 (_rx_task) root DEBUG iutctl_common.py          139   read                      : Read 221 bytes data
2026-09-21 15:17:19,538 BTPWorkerThread-219 (_rx_task) root DEBUG iutctl_common.py          139   read                      : Read 39 bytes data
2026-09-21 15:17:19,539 BTPWorkerThread-219 (_rx_task) root DEBUG iutctl_common.py          154   read                      : Received data: {'e0 4e e4 08 dc 1b 00 90 fa 00 48 00 fa 46 69 6c 6c 65 72 20 54 65 78 74 20 0d 0a 46 69 6c 6c 65 72 20 54 65 78 74 20 46 69 6c 6c 65 72 20 54 65 78 74 20 46 69 6c 6c 65 72 20 54 65 78 74 20 46 69 6c 6c 65 72 20 54 65 78 74 20 46 69 6c 6c 65 72 20 54 65 78 74 20 46 69 6c 6c 65 72 20 54 65 78 74 20 46 69 6c 6c 65 72 20 54 65 78 74 20 46 69 6c 6c 65 72 20 54 65 78 74 20 46 69 6c 6c 65 72 20 54 65 78 74 20 46 69 6c 6c 65 72 20 54 65 78 74 20 46 69 6c 6c 65 72 20 54 65 78 74 20 46 69 6c 6c 65 72 20 54 65 78 74 20 0d 0a 46 69 6c 6c 65 72 20 54 65 78 74 20 46 69 6c 6c 65 72 20 54 65 78 74 20 46 69 6c 6c 65 72 20 54 65 78 74 20 46 69 6c 6c 65 72 20 54 65 78 74 20 46 69 6c 6c 65 72 20 54 65 78 74 20 46 69 6c 6c 65 72 20 54 65 78 74 20 46 69 6c 6c 65 72 20 54 65 78 74 20 46 69 6c'}, bytearray(b'\xe0N\xe4\x08\xdc\x1b\x00\x90\xfa\x00H\x00\xfaFiller Text \r\nFiller Text Filler Text Filler Text Filler Text Filler Text Filler Text Filler Text Filler Text Filler Text Filler Text Filler Text Filler Text \r\nFiller Text Filler Text Filler Text Filler Text Filler Text Filler Text Filler Text Fil')
2026-09-21 15:17:19,539 BTPWorkerThread-219 (_rx_task) root DEBUG btp.py                    704   event_handler             : Header(svc_id=42, op=138, ctrl_index=0, data_len=260) (b'\xe0N\xe4\x08\xdc\x1b\x00\x90\xfa\x00H\x00\xfaFiller Text \r\nFiller Text Filler Text Filler Text Filler Text Filler Text Filler Text Filler Text Filler Text Filler Text Filler Text Filler Text Filler Text \r\nFiller Text Filler Text Filler Text Filler Text Filler Text Filler Text Filler Text Fil',)
2026-09-21 15:17:19,540 Thread-229 (_process_events) root DEBUG ftp.py                    1294  _ftp_client_pull_file_ev  : _ftp_client_pull_file_ev b'\xe0N\xe4\x08\xdc\x1b\x00\x90\xfa\x00H\x00\xfaFiller Text \r\nFiller Text Filler Text Filler Text Filler Text Filler Text Filler Text Filler Text Filler Text Filler Text Filler Text Filler Text Filler Text \r\nFiller Text Filler Text Filler Text Filler Text Filler Text Filler Text Filler Text Fil'
2026-09-21 15:17:19,540 Thread-229 (_process_events) root DEBUG ftp.py                    511   ftp_client_pull_file      : ftp_client_pull_file final=True '001bdc08e44e'
2026-09-21 15:17:19,540 Thread-229 (_process_events) root DEBUG iutctl_common.py          161   send                      : 42 12 0 "bytearray(b'\\xe0N\\xe4\\x08\\xdc\\x1b\\x00\\x01\\x00\\x00')"
2026-09-21 15:17:19,540 Thread-229 (_process_events) root DEBUG iutctl_common.py          166   send                      : sending frame '2a0c000a00e04ee408dc1b00010000'
2026-09-21 15:17:19,540 Thread-229 (_process_events) root DEBUG ftp.py                    284   ftp_command_rsp_succ      : ftp_command_rsp_succ
2026-09-21 15:17:19,541 Thread-229 (_process_events) root DEBUG iutctl_common.py          339   read                      : 
2026-09-21 15:17:19,583 BTPWorkerThread-219 (_rx_task) root DEBUG iutctl_common.py          123   read                      : Read 5 bytes
2026-09-21 15:17:19,588 BTPWorkerThread-219 (_rx_task) root DEBUG iutctl_common.py          131   read                      : Received: hdr: Header(svc_id=0x2a, op=0x0c, ctrl_index=0x00, data_len=0x00) bytearray(b'*\x0c\x00\x00\x00')
2026-09-21 15:17:19,594 BTPWorkerThread-219 (_rx_task) root DEBUG iutctl_common.py          154   read                      : Received data: {''}, bytearray(b'')
2026-09-21 15:17:19,600 BTPWorkerThread-219 (_rx_task) root DEBUG iutctl_common.py          123   read                      : Read 5 bytes
2026-09-21 15:17:19,600 BTPWorkerThread-219 (_rx_task) root DEBUG iutctl_common.py          131   read                      : Received: hdr: Header(svc_id=0x2a, op=0x8a, ctrl_index=0x00, data_len=0x104) bytearray(b'*\x8a\x00\x04\x01')
2026-09-21 15:17:19,600 Thread-229 (_process_events) root DEBUG ftp.py                    287   ftp_command_rsp_succ      : received Header(svc_id=42, op=12, ctrl_index=0, data_len=0) (b'',)
2026-09-21 15:17:19,601 BTPWorkerThread-219 (_rx_task) root DEBUG iutctl_common.py          139   read                      : Read 213 bytes data
2026-09-21 15:17:19,605 BTPWorkerThread-219 (_rx_task) root DEBUG iutctl_common.py          139   read                      : Read 47 bytes data
2026-09-21 15:17:19,606 BTPWorkerThread-219 (_rx_task) root DEBUG iutctl_common.py          154   read                      : Received data: {'e0 4e e4 08 dc 1b 00 90 fa 00 48 00 fa 6c 65 72 20 54 65 78 74 20 46 69 6c 6c 65 72 20 54 65 78 74 20 46 69 6c 6c 65 72 20 54 65 78 74 20 46 69 6c 6c 65 72 20 54 65 78 74 20 46 69 6c 6c 65 72 20 54 65 78 74 20 0d 0a 46 69 6c 6c 65 72 20 54 65 78 74 20 46 69 6c 6c 65 72 20 54 65 78 74 20 46 69 6c 6c 65 72 20 54 65 78 74 20 46 69 6c 6c 65 72 20 54 65 78 74 20 46 69 6c 6c 65 72 20 54 65 78 74 20 46 69 6c 6c 65 72 20 54 65 78 74 20 46 69 6c 6c 65 72 20 54 65 78 74 20 46 69 6c 6c 65 72 20 54 65 78 74 20 46 69 6c 6c 65 72 20 54 65 78 74 20 46 69 6c 6c 65 72 20 54 65 78 74 20 46 69 6c 6c 65 72 20 54 65 78 74 20 46 69 6c 6c 65 72 20 54 65 78 74 20 0d 0a 46 69 6c 6c 65 72 20 54 65 78 74 20 46 69 6c 6c 65 72 20 54 65 78 74 20 46 69 6c 6c 65 72 20 54 65 78 74 20 46 69 6c 6c 65 72'}, bytearray(b'\xe0N\xe4\x08\xdc\x1b\x00\x90\xfa\x00H\x00\xfaler Text Filler Text Filler Text Filler Text Filler Text \r\nFiller Text Filler Text Filler Text Filler Text Filler Text Filler Text Filler Text Filler Text Filler Text Filler Text Filler Text Filler Text \r\nFiller Text Filler Text Filler Text Filler')
2026-09-21 15:17:19,606 BTPWorkerThread-219 (_rx_task) root DEBUG btp.py                    704   event_handler             : Header(svc_id=42, op=138, ctrl_index=0, data_len=260) (b'\xe0N\xe4\x08\xdc\x1b\x00\x90\xfa\x00H\x00\xfaler Text Filler Text Filler Text Filler Text Filler Text \r\nFiller Text Filler Text Filler Text Filler Text Filler Text Filler Text Filler Text Filler Text Filler Text Filler Text Filler Text Filler Text \r\nFiller Text Filler Text Filler Text Filler',)
2026-09-21 15:17:19,606 Thread-229 (_process_events) root DEBUG ftp.py                    1294  _ftp_client_pull_file_ev  : _ftp_client_pull_file_ev b'\xe0N\xe4\x08\xdc\x1b\x00\x90\xfa\x00H\x00\xfaler Text Filler Text Filler Text Filler Text Filler Text \r\nFiller Text Filler Text Filler Text Filler Text Filler Text Filler Text Filler Text Filler Text Filler Text Filler Text Filler Text Filler Text \r\nFiller Text Filler Text Filler Text Filler'
2026-09-21 15:17:19,607 Thread-229 (_process_events) root DEBUG ftp.py                    511   ftp_client_pull_file      : ftp_client_pull_file final=True '001bdc08e44e'
2026-09-21 15:17:19,607 Thread-229 (_process_events) root DEBUG iutctl_common.py          161   send                      : 42 12 0 "bytearray(b'\\xe0N\\xe4\\x08\\xdc\\x1b\\x00\\x01\\x00\\x00')"
2026-09-21 15:17:19,607 Thread-229 (_process_events) root DEBUG iutctl_common.py          166   send                      : sending frame '2a0c000a00e04ee408dc1b00010000'
2026-09-21 15:17:19,607 Thread-229 (_process_events) root DEBUG ftp.py                    284   ftp_command_rsp_succ      : ftp_command_rsp_succ
2026-09-21 15:17:19,607 Thread-229 (_process_events) root DEBUG iutctl_common.py          339   read                      : 
2026-09-21 15:17:19,642 BTPWorkerThread-219 (_rx_task) root DEBUG iutctl_common.py          123   read                      : Read 5 bytes
2026-09-21 15:17:19,647 BTPWorkerThread-219 (_rx_task) root DEBUG iutctl_common.py          131   read                      : Received: hdr: Header(svc_id=0x2a, op=0x0c, ctrl_index=0x00, data_len=0x00) bytearray(b'*\x0c\x00\x00\x00')
2026-09-21 15:17:19,648 BTPWorkerThread-219 (_rx_task) root DEBUG iutctl_common.py          154   read                      : Received data: {''}, bytearray(b'')
2026-09-21 15:17:19,659 Thread-229 (_process_events) root DEBUG ftp.py                    287   ftp_command_rsp_succ      : received Header(svc_id=42, op=12, ctrl_index=0, data_len=0) (b'',)
2026-09-21 15:17:19,659 BTPWorkerThread-219 (_rx_task) root DEBUG iutctl_common.py          123   read                      : Read 5 bytes
2026-09-21 15:17:19,660 BTPWorkerThread-219 (_rx_task) root DEBUG iutctl_common.py          131   read                      : Received: hdr: Header(svc_id=0x2a, op=0x8a, ctrl_index=0x00, data_len=0x104) bytearray(b'*\x8a\x00\x04\x01')
2026-09-21 15:17:19,660 BTPWorkerThread-219 (_rx_task) root DEBUG iutctl_common.py          139   read                      : Read 120 bytes data
2026-09-21 15:17:19,660 BTPWorkerThread-219 (_rx_task) root DEBUG iutctl_common.py          139   read                      : Read 131 bytes data
2026-09-21 15:17:19,671 BTPWorkerThread-219 (_rx_task) root DEBUG iutctl_common.py          139   read                      : Read 9 bytes data
2026-09-21 15:17:19,672 BTPWorkerThread-219 (_rx_task) root DEBUG iutctl_common.py          154   read                      : Received data: {'e0 4e e4 08 dc 1b 00 90 fa 00 48 00 fa 20 54 65 78 74 20 46 69 6c 6c 65 72 20 54 65 78 74 20 46 69 6c 6c 65 72 20 54 65 78 74 20 46 69 6c 6c 65 72 20 54 65 78 74 20 46 69 6c 6c 65 72 20 54 65 78 74 20 46 69 6c 6c 65 72 20 54 65 78 74 20 46 69 6c 6c 65 72 20 54 65 78 74 20 46 69 6c 6c 65 72 20 54 65 78 74 20 46 69 6c 6c 65 72 20 54 65 78 74 20 0d 0a 46 69 6c 6c 65 72 20 54 65 78 74 20 46 69 6c 6c 65 72 20 54 65 78 74 20 46 69 6c 6c 65 72 20 54 65 78 74 20 46 69 6c 6c 65 72 20 54 65 78 74 20 46 69 6c 6c 65 72 20 54 65 78 74 20 46 69 6c 6c 65 72 20 54 65 78 74 20 46 69 6c 6c 65 72 20 54 65 78 74 20 46 69 6c 6c 65 72 20 54 65 78 74 20 46 69 6c 6c 65 72 20 54 65 78 74 20 46 69 6c 6c 65 72 20 54 65 78 74 20 46 69 6c 6c 65 72 20 54 65 78 74 20 46 69 6c 6c 65 72 20 54 65 78 74'}, bytearray(b'\xe0N\xe4\x08\xdc\x1b\x00\x90\xfa\x00H\x00\xfa Text Filler Text Filler Text Filler Text Filler Text Filler Text Filler Text Filler Text Filler Text \r\nFiller Text Filler Text Filler Text Filler Text Filler Text Filler Text Filler Text Filler Text Filler Text Filler Text Filler Text Filler Text')
2026-09-21 15:17:19,672 BTPWorkerThread-219 (_rx_task) root DEBUG btp.py                    704   event_handler             : Header(svc_id=42, op=138, ctrl_index=0, data_len=260) (b'\xe0N\xe4\x08\xdc\x1b\x00\x90\xfa\x00H\x00\xfa Text Filler Text Filler Text Filler Text Filler Text Filler Text Filler Text Filler Text Filler Text \r\nFiller Text Filler Text Filler Text Filler Text Filler Text Filler Text Filler Text Filler Text Filler Text Filler Text Filler Text Filler Text',)
2026-09-21 15:17:19,672 Thread-229 (_process_events) root DEBUG ftp.py                    1294  _ftp_client_pull_file_ev  : _ftp_client_pull_file_ev b'\xe0N\xe4\x08\xdc\x1b\x00\x90\xfa\x00H\x00\xfa Text Filler Text Filler Text Filler Text Filler Text Filler Text Filler Text Filler Text Filler Text \r\nFiller Text Filler Text Filler Text Filler Text Filler Text Filler Text Filler Text Filler Text Filler Text Filler Text Filler Text Filler Text'
2026-09-21 15:17:19,672 Thread-229 (_process_events) root DEBUG ftp.py                    511   ftp_client_pull_file      : ftp_client_pull_file final=True '001bdc08e44e'
2026-09-21 15:17:19,672 Thread-229 (_process_events) root DEBUG iutctl_common.py          161   send                      : 42 12 0 "bytearray(b'\\xe0N\\xe4\\x08\\xdc\\x1b\\x00\\x01\\x00\\x00')"
2026-09-21 15:17:19,672 Thread-229 (_process_events) root DEBUG iutctl_common.py          166   send                      : sending frame '2a0c000a00e04ee408dc1b00010000'
2026-09-21 15:17:19,673 Thread-229 (_process_events) root DEBUG ftp.py                    284   ftp_command_rsp_succ      : ftp_command_rsp_succ
2026-09-21 15:17:19,673 Thread-229 (_process_events) root DEBUG iutctl_common.py          339   read                      : 
2026-09-21 15:17:19,714 BTPWorkerThread-219 (_rx_task) root DEBUG iutctl_common.py          123   read                      : Read 5 bytes
2026-09-21 15:17:19,726 BTPWorkerThread-219 (_rx_task) root DEBUG iutctl_common.py          131   read                      : Received: hdr: Header(svc_id=0x2a, op=0x0c, ctrl_index=0x00, data_len=0x00) bytearray(b'*\x0c\x00\x00\x00')
2026-09-21 15:17:19,736 BTPWorkerThread-219 (_rx_task) root DEBUG iutctl_common.py          154   read                      : Received data: {''}, bytearray(b'')
2026-09-21 15:17:19,737 Thread-229 (_process_events) root DEBUG ftp.py                    287   ftp_command_rsp_succ      : received Header(svc_id=42, op=12, ctrl_index=0, data_len=0) (b'',)
2026-09-21 15:17:19,737 BTPWorkerThread-219 (_rx_task) root DEBUG iutctl_common.py          123   read                      : Read 5 bytes
2026-09-21 15:17:19,737 BTPWorkerThread-219 (_rx_task) root DEBUG iutctl_common.py          131   read                      : Received: hdr: Header(svc_id=0x2a, op=0x8a, ctrl_index=0x00, data_len=0x104) bytearray(b'*\x8a\x00\x04\x01')
2026-09-21 15:17:19,737 BTPWorkerThread-219 (_rx_task) root DEBUG iutctl_common.py          139   read                      : Read 260 bytes data
2026-09-21 15:17:19,738 BTPWorkerThread-219 (_rx_task) root DEBUG iutctl_common.py          154   read                      : Received data: {'e0 4e e4 08 dc 1b 00 90 fa 00 48 00 fa 20 0d 0a 46 69 6c 6c 65 72 20 54 65 78 74 20 46 69 6c 6c 65 72 20 54 65 78 74 20 46 69 6c 6c 65 72 20 54 65 78 74 20 46 69 6c 6c 65 72 20 54 65 78 74 20 46 69 6c 6c 65 72 20 54 65 78 74 20 46 69 6c 6c 65 72 20 54 65 78 74 20 46 69 6c 6c 65 72 20 54 65 78 74 20 46 69 6c 6c 65 72 20 54 65 78 74 20 46 69 6c 6c 65 72 20 54 65 78 74 20 46 69 6c 6c 65 72 20 54 65 78 74 20 46 69 6c 6c 65 72 20 54 65 78 74 20 46 69 6c 6c 65 72 20 54 65 78 74 20 0d 0a 46 69 6c 6c 65 72 20 54 65 78 74 20 46 69 6c 6c 65 72 20 54 65 78 74 20 46 69 6c 6c 65 72 20 54 65 78 74 20 46 69 6c 6c 65 72 20 54 65 78 74 20 46 69 6c 6c 65 72 20 54 65 78 74 20 46 69 6c 6c 65 72 20 54 65 78 74 20 46 69 6c 6c 65 72 20 54 65 78 74 20 46 69 6c 6c 65 72 20 54 65 78 74 20 46 69'}, bytearray(b'\xe0N\xe4\x08\xdc\x1b\x00\x90\xfa\x00H\x00\xfa \r\nFiller Text Filler Text Filler Text Filler Text Filler Text Filler Text Filler Text Filler Text Filler Text Filler Text Filler Text Filler Text \r\nFiller Text Filler Text Filler Text Filler Text Filler Text Filler Text Filler Text Filler Text Fi')
2026-09-21 15:17:19,738 BTPWorkerThread-219 (_rx_task) root DEBUG btp.py                    704   event_handler             : Header(svc_id=42, op=138, ctrl_index=0, data_len=260) (b'\xe0N\xe4\x08\xdc\x1b\x00\x90\xfa\x00H\x00\xfa \r\nFiller Text Filler Text Filler Text Filler Text Filler Text Filler Text Filler Text Filler Text Filler Text Filler Text Filler Text Filler Text \r\nFiller Text Filler Text Filler Text Filler Text Filler Text Filler Text Filler Text Filler Text Fi',)
2026-09-21 15:17:19,738 Thread-229 (_process_events) root DEBUG ftp.py                    1294  _ftp_client_pull_file_ev  : _ftp_client_pull_file_ev b'\xe0N\xe4\x08\xdc\x1b\x00\x90\xfa\x00H\x00\xfa \r\nFiller Text Filler Text Filler Text Filler Text Filler Text Filler Text Filler Text Filler Text Filler Text Filler Text Filler Text Filler Text \r\nFiller Text Filler Text Filler Text Filler Text Filler Text Filler Text Filler Text Filler Text Fi'
2026-09-21 15:17:19,738 Thread-229 (_process_events) root DEBUG ftp.py                    511   ftp_client_pull_file      : ftp_client_pull_file final=True '001bdc08e44e'
2026-09-21 15:17:19,738 Thread-229 (_process_events) root DEBUG iutctl_common.py          161   send                      : 42 12 0 "bytearray(b'\\xe0N\\xe4\\x08\\xdc\\x1b\\x00\\x01\\x00\\x00')"
2026-09-21 15:17:19,738 Thread-229 (_process_events) root DEBUG iutctl_common.py          166   send                      : sending frame '2a0c000a00e04ee408dc1b00010000'
2026-09-21 15:17:19,739 Thread-229 (_process_events) root DEBUG ftp.py                    284   ftp_command_rsp_succ      : ftp_command_rsp_succ
2026-09-21 15:17:19,739 Thread-229 (_process_events) root DEBUG iutctl_common.py          339   read                      : 
2026-09-21 15:17:19,769 BTPWorkerThread-219 (_rx_task) root DEBUG iutctl_common.py          123   read                      : Read 5 bytes
2026-09-21 15:17:19,780 BTPWorkerThread-219 (_rx_task) root DEBUG iutctl_common.py          131   read                      : Received: hdr: Header(svc_id=0x2a, op=0x0c, ctrl_index=0x00, data_len=0x00) bytearray(b'*\x0c\x00\x00\x00')
2026-09-21 15:17:19,780 BTPWorkerThread-219 (_rx_task) root DEBUG iutctl_common.py          154   read                      : Received data: {''}, bytearray(b'')
2026-09-21 15:17:19,780 BTPWorkerThread-219 (_rx_task) root DEBUG iutctl_common.py          123   read                      : Read 5 bytes
2026-09-21 15:17:19,781 BTPWorkerThread-219 (_rx_task) root DEBUG iutctl_common.py          131   read                      : Received: hdr: Header(svc_id=0x2a, op=0x8a, ctrl_index=0x00, data_len=0x104) bytearray(b'*\x8a\x00\x04\x01')
2026-09-21 15:17:19,781 Thread-229 (_process_events) root DEBUG ftp.py                    287   ftp_command_rsp_succ      : received Header(svc_id=42, op=12, ctrl_index=0, data_len=0) (b'',)
2026-09-21 15:17:19,781 BTPWorkerThread-219 (_rx_task) root DEBUG iutctl_common.py          139   read                      : Read 222 bytes data
2026-09-21 15:17:19,793 BTPWorkerThread-219 (_rx_task) root DEBUG iutctl_common.py          139   read                      : Read 38 bytes data
2026-09-21 15:17:19,793 BTPWorkerThread-219 (_rx_task) root DEBUG iutctl_common.py          154   read                      : Received data: {'e0 4e e4 08 dc 1b 00 90 fa 00 48 00 fa 6c 6c 65 72 20 54 65 78 74 20 46 69 6c 6c 65 72 20 54 65 78 74 20 46 69 6c 6c 65 72 20 54 65 78 74 20 46 69 6c 6c 65 72 20 54 65 78 74 20 0d 0a 46 69 6c 6c 65 72 20 54 65 78 74 20 46 69 6c 6c 65 72 20 54 65 78 74 20 46 69 6c 6c 65 72 20 54 65 78 74 20 46 69 6c 6c 65 72 20 54 65 78 74 20 46 69 6c 6c 65 72 20 54 65 78 74 20 46 69 6c 6c 65 72 20 54 65 78 74 20 46 69 6c 6c 65 72 20 54 65 78 74 20 46 69 6c 6c 65 72 20 54 65 78 74 20 46 69 6c 6c 65 72 20 54 65 78 74 20 46 69 6c 6c 65 72 20 54 65 78 74 20 46 69 6c 6c 65 72 20 54 65 78 74 20 46 69 6c 6c 65 72 20 54 65 78 74 20 0d 0a 46 69 6c 6c 65 72 20 54 65 78 74 20 46 69 6c 6c 65 72 20 54 65 78 74 20 46 69 6c 6c 65 72 20 54 65 78 74 20 46 69 6c 6c 65 72 20 54 65 78 74 20 46 69 6c 6c 65'}, bytearray(b'\xe0N\xe4\x08\xdc\x1b\x00\x90\xfa\x00H\x00\xfaller Text Filler Text Filler Text Filler Text \r\nFiller Text Filler Text Filler Text Filler Text Filler Text Filler Text Filler Text Filler Text Filler Text Filler Text Filler Text Filler Text \r\nFiller Text Filler Text Filler Text Filler Text Fille')
2026-09-21 15:17:19,794 BTPWorkerThread-219 (_rx_task) root DEBUG btp.py                    704   event_handler             : Header(svc_id=42, op=138, ctrl_index=0, data_len=260) (b'\xe0N\xe4\x08\xdc\x1b\x00\x90\xfa\x00H\x00\xfaller Text Filler Text Filler Text Filler Text \r\nFiller Text Filler Text Filler Text Filler Text Filler Text Filler Text Filler Text Filler Text Filler Text Filler Text Filler Text Filler Text \r\nFiller Text Filler Text Filler Text Filler Text Fille',)
2026-09-21 15:17:19,794 Thread-229 (_process_events) root DEBUG ftp.py                    1294  _ftp_client_pull_file_ev  : _ftp_client_pull_file_ev b'\xe0N\xe4\x08\xdc\x1b\x00\x90\xfa\x00H\x00\xfaller Text Filler Text Filler Text Filler Text \r\nFiller Text Filler Text Filler Text Filler Text Filler Text Filler Text Filler Text Filler Text Filler Text Filler Text Filler Text Filler Text \r\nFiller Text Filler Text Filler Text Filler Text Fille'
2026-09-21 15:17:19,794 Thread-229 (_process_events) root DEBUG ftp.py                    511   ftp_client_pull_file      : ftp_client_pull_file final=True '001bdc08e44e'
2026-09-21 15:17:19,794 Thread-229 (_process_events) root DEBUG iutctl_common.py          161   send                      : 42 12 0 "bytearray(b'\\xe0N\\xe4\\x08\\xdc\\x1b\\x00\\x01\\x00\\x00')"
2026-09-21 15:17:19,794 Thread-229 (_process_events) root DEBUG iutctl_common.py          166   send                      : sending frame '2a0c000a00e04ee408dc1b00010000'
2026-09-21 15:17:19,794 Thread-229 (_process_events) root DEBUG ftp.py                    284   ftp_command_rsp_succ      : ftp_command_rsp_succ
2026-09-21 15:17:19,794 Thread-229 (_process_events) root DEBUG iutctl_common.py          339   read                      : 
2026-09-21 15:17:19,837 BTPWorkerThread-219 (_rx_task) root DEBUG iutctl_common.py          123   read                      : Read 5 bytes
2026-09-21 15:17:19,848 BTPWorkerThread-219 (_rx_task) root DEBUG iutctl_common.py          131   read                      : Received: hdr: Header(svc_id=0x2a, op=0x0c, ctrl_index=0x00, data_len=0x00) bytearray(b'*\x0c\x00\x00\x00')
2026-09-21 15:17:19,848 BTPWorkerThread-219 (_rx_task) root DEBUG iutctl_common.py          154   read                      : Received data: {''}, bytearray(b'')
2026-09-21 15:17:19,849 Thread-229 (_process_events) root DEBUG ftp.py                    287   ftp_command_rsp_succ      : received Header(svc_id=42, op=12, ctrl_index=0, data_len=0) (b'',)
2026-09-21 15:17:19,849 BTPWorkerThread-219 (_rx_task) root DEBUG iutctl_common.py          123   read                      : Read 5 bytes
2026-09-21 15:17:19,849 BTPWorkerThread-219 (_rx_task) root DEBUG iutctl_common.py          131   read                      : Received: hdr: Header(svc_id=0x2a, op=0x8a, ctrl_index=0x00, data_len=0x104) bytearray(b'*\x8a\x00\x04\x01')
2026-09-21 15:17:19,849 BTPWorkerThread-219 (_rx_task) root DEBUG iutctl_common.py          139   read                      : Read 148 bytes data
2026-09-21 15:17:19,859 BTPWorkerThread-219 (_rx_task) root DEBUG iutctl_common.py          139   read                      : Read 112 bytes data
2026-09-21 15:17:19,860 BTPWorkerThread-219 (_rx_task) root DEBUG iutctl_common.py          154   read                      : Received data: {'e0 4e e4 08 dc 1b 00 90 fa 00 48 00 fa 72 20 54 65 78 74 20 46 69 6c 6c 65 72 20 54 65 78 74 20 46 69 6c 6c 65 72 20 54 65 78 74 20 46 69 6c 6c 65 72 20 54 65 78 74 20 46 69 6c 6c 65 72 20 54 65 78 74 20 46 69 6c 6c 65 72 20 54 65 78 74 20 46 69 6c 6c 65 72 20 54 65 78 74 20 46 69 6c 6c 65 72 20 54 65 78 74 20 0d 0a 46 69 6c 6c 65 72 20 54 65 78 74 20 46 69 6c 6c 65 72 20 54 65 78 74 20 46 69 6c 6c 65 72 20 54 65 78 74 20 46 69 6c 6c 65 72 20 54 65 78 74 20 46 69 6c 6c 65 72 20 54 65 78 74 20 46 69 6c 6c 65 72 20 54 65 78 74 20 46 69 6c 6c 65 72 20 54 65 78 74 20 46 69 6c 6c 65 72 20 54 65 78 74 20 46 69 6c 6c 65 72 20 54 65 78 74 20 46 69 6c 6c 65 72 20 54 65 78 74 20 46 69 6c 6c 65 72 20 54 65 78 74 20 46 69 6c 6c 65 72 20 54 65 78 74 20 0d 0a 46 69 6c 6c 65 72 20 54'}, bytearray(b'\xe0N\xe4\x08\xdc\x1b\x00\x90\xfa\x00H\x00\xfar Text Filler Text Filler Text Filler Text Filler Text Filler Text Filler Text Filler Text \r\nFiller Text Filler Text Filler Text Filler Text Filler Text Filler Text Filler Text Filler Text Filler Text Filler Text Filler Text Filler Text \r\nFiller T')
2026-09-21 15:17:19,860 BTPWorkerThread-219 (_rx_task) root DEBUG btp.py                    704   event_handler             : Header(svc_id=42, op=138, ctrl_index=0, data_len=260) (b'\xe0N\xe4\x08\xdc\x1b\x00\x90\xfa\x00H\x00\xfar Text Filler Text Filler Text Filler Text Filler Text Filler Text Filler Text Filler Text \r\nFiller Text Filler Text Filler Text Filler Text Filler Text Filler Text Filler Text Filler Text Filler Text Filler Text Filler Text Filler Text \r\nFiller T',)
2026-09-21 15:17:19,860 Thread-229 (_process_events) root DEBUG ftp.py                    1294  _ftp_client_pull_file_ev  : _ftp_client_pull_file_ev b'\xe0N\xe4\x08\xdc\x1b\x00\x90\xfa\x00H\x00\xfar Text Filler Text Filler Text Filler Text Filler Text Filler Text Filler Text Filler Text \r\nFiller Text Filler Text Filler Text Filler Text Filler Text Filler Text Filler Text Filler Text Filler Text Filler Text Filler Text Filler Text \r\nFiller T'
2026-09-21 15:17:19,860 Thread-229 (_process_events) root DEBUG ftp.py                    511   ftp_client_pull_file      : ftp_client_pull_file final=True '001bdc08e44e'
2026-09-21 15:17:19,860 Thread-229 (_process_events) root DEBUG iutctl_common.py          161   send                      : 42 12 0 "bytearray(b'\\xe0N\\xe4\\x08\\xdc\\x1b\\x00\\x01\\x00\\x00')"
2026-09-21 15:17:19,860 Thread-229 (_process_events) root DEBUG iutctl_common.py          166   send                      : sending frame '2a0c000a00e04ee408dc1b00010000'
2026-09-21 15:17:19,861 Thread-229 (_process_events) root DEBUG ftp.py                    284   ftp_command_rsp_succ      : ftp_command_rsp_succ
2026-09-21 15:17:19,861 Thread-229 (_process_events) root DEBUG iutctl_common.py          339   read                      : 
2026-09-21 15:17:19,904 BTPWorkerThread-219 (_rx_task) root DEBUG iutctl_common.py          123   read                      : Read 5 bytes
2026-09-21 15:17:19,915 BTPWorkerThread-219 (_rx_task) root DEBUG iutctl_common.py          131   read                      : Received: hdr: Header(svc_id=0x2a, op=0x0c, ctrl_index=0x00, data_len=0x00) bytearray(b'*\x0c\x00\x00\x00')
2026-09-21 15:17:19,926 BTPWorkerThread-219 (_rx_task) root DEBUG iutctl_common.py          154   read                      : Received data: {''}, bytearray(b'')
2026-09-21 15:17:19,941 Thread-229 (_process_events) root DEBUG ftp.py                    287   ftp_command_rsp_succ      : received Header(svc_id=42, op=12, ctrl_index=0, data_len=0) (b'',)
2026-09-21 15:17:19,941 BTPWorkerThread-219 (_rx_task) root DEBUG iutctl_common.py          123   read                      : Read 5 bytes
2026-09-21 15:17:19,941 BTPWorkerThread-219 (_rx_task) root DEBUG iutctl_common.py          131   read                      : Received: hdr: Header(svc_id=0x2a, op=0x8a, ctrl_index=0x00, data_len=0x104) bytearray(b'*\x8a\x00\x04\x01')
2026-09-21 15:17:19,941 BTPWorkerThread-219 (_rx_task) root DEBUG iutctl_common.py          139   read                      : Read 260 bytes data
2026-09-21 15:17:19,942 BTPWorkerThread-219 (_rx_task) root DEBUG iutctl_common.py          154   read                      : Received data: {'e0 4e e4 08 dc 1b 00 90 fa 00 48 00 fa 65 78 74 20 46 69 6c 6c 65 72 20 54 65 78 74 20 46 69 6c 6c 65 72 20 54 65 78 74 20 46 69 6c 6c 65 72 20 54 65 78 74 20 46 69 6c 6c 65 72 20 54 65 78 74 20 46 69 6c 6c 65 72 20 54 65 78 74 20 46 69 6c 6c 65 72 20 54 65 78 74 20 46 69 6c 6c 65 72 20 54 65 78 74 20 46 69 6c 6c 65 72 20 54 65 78 74 20 46 69 6c 6c 65 72 20 54 65 78 74 20 46 69 6c 6c 65 72 20 54 65 78 74 20 46 69 6c 6c 65 72 20 54 65 78 74 20 0d 0a 46 69 6c 6c 65 72 20 54 65 78 74 20 46 69 6c 6c 65 72 20 54 65 78 74 20 46 69 6c 6c 65 72 20 54 65 78 74 20 46 69 6c 6c 65 72 20 54 65 78 74 20 46 69 6c 6c 65 72 20 54 65 78 74 20 46 69 6c 6c 65 72 20 54 65 78 74 20 46 69 6c 6c 65 72 20 54 65 78 74 20 46 69 6c 6c 65 72 20 54 65 78 74 20 46 69 6c 6c 65 72 20 54 65 78 74 20 46'}, bytearray(b'\xe0N\xe4\x08\xdc\x1b\x00\x90\xfa\x00H\x00\xfaext Filler Text Filler Text Filler Text Filler Text Filler Text Filler Text Filler Text Filler Text Filler Text Filler Text Filler Text \r\nFiller Text Filler Text Filler Text Filler Text Filler Text Filler Text Filler Text Filler Text Filler Text F')
2026-09-21 15:17:19,942 BTPWorkerThread-219 (_rx_task) root DEBUG btp.py                    704   event_handler             : Header(svc_id=42, op=138, ctrl_index=0, data_len=260) (b'\xe0N\xe4\x08\xdc\x1b\x00\x90\xfa\x00H\x00\xfaext Filler Text Filler Text Filler Text Filler Text Filler Text Filler Text Filler Text Filler Text Filler Text Filler Text Filler Text \r\nFiller Text Filler Text Filler Text Filler Text Filler Text Filler Text Filler Text Filler Text Filler Text F',)
2026-09-21 15:17:19,942 Thread-229 (_process_events) root DEBUG ftp.py                    1294  _ftp_client_pull_file_ev  : _ftp_client_pull_file_ev b'\xe0N\xe4\x08\xdc\x1b\x00\x90\xfa\x00H\x00\xfaext Filler Text Filler Text Filler Text Filler Text Filler Text Filler Text Filler Text Filler Text Filler Text Filler Text Filler Text \r\nFiller Text Filler Text Filler Text Filler Text Filler Text Filler Text Filler Text Filler Text Filler Text F'
2026-09-21 15:17:19,942 Thread-229 (_process_events) root DEBUG ftp.py                    511   ftp_client_pull_file      : ftp_client_pull_file final=True '001bdc08e44e'
2026-09-21 15:17:19,942 Thread-229 (_process_events) root DEBUG iutctl_common.py          161   send                      : 42 12 0 "bytearray(b'\\xe0N\\xe4\\x08\\xdc\\x1b\\x00\\x01\\x00\\x00')"
2026-09-21 15:17:19,943 Thread-229 (_process_events) root DEBUG iutctl_common.py          166   send                      : sending frame '2a0c000a00e04ee408dc1b00010000'
2026-09-21 15:17:19,943 Thread-229 (_process_events) root DEBUG ftp.py                    284   ftp_command_rsp_succ      : ftp_command_rsp_succ
2026-09-21 15:17:19,943 Thread-229 (_process_events) root DEBUG iutctl_common.py          339   read                      : 
2026-09-21 15:17:19,981 BTPWorkerThread-219 (_rx_task) root DEBUG iutctl_common.py          123   read                      : Read 5 bytes
2026-09-21 15:17:19,992 BTPWorkerThread-219 (_rx_task) root DEBUG iutctl_common.py          131   read                      : Received: hdr: Header(svc_id=0x2a, op=0x0c, ctrl_index=0x00, data_len=0x00) bytearray(b'*\x0c\x00\x00\x00')
2026-09-21 15:17:20,003 BTPWorkerThread-219 (_rx_task) root DEBUG iutctl_common.py          154   read                      : Received data: {''}, bytearray(b'')
2026-09-21 15:17:20,019 Thread-229 (_process_events) root DEBUG ftp.py                    287   ftp_command_rsp_succ      : received Header(svc_id=42, op=12, ctrl_index=0, data_len=0) (b'',)
2026-09-21 15:17:20,019 BTPWorkerThread-219 (_rx_task) root DEBUG iutctl_common.py          123   read                      : Read 5 bytes
2026-09-21 15:17:20,019 BTPWorkerThread-219 (_rx_task) root DEBUG iutctl_common.py          131   read                      : Received: hdr: Header(svc_id=0x2a, op=0x8a, ctrl_index=0x00, data_len=0x104) bytearray(b'*\x8a\x00\x04\x01')
2026-09-21 15:17:20,020 BTPWorkerThread-219 (_rx_task) root DEBUG iutctl_common.py          139   read                      : Read 260 bytes data
2026-09-21 15:17:20,020 BTPWorkerThread-219 (_rx_task) root DEBUG iutctl_common.py          154   read                      : Received data: {'e0 4e e4 08 dc 1b 00 90 fa 00 48 00 fa 69 6c 6c 65 72 20 54 65 78 74 20 46 69 6c 6c 65 72 20 54 65 78 74 20 46 69 6c 6c 65 72 20 54 65 78 74 20 0d 0a 46 69 6c 6c 65 72 20 54 65 78 74 20 46 69 6c 6c 65 72 20 54 65 78 74 20 46 69 6c 6c 65 72 20 54 65 78 74 20 46 69 6c 6c 65 72 20 54 65 78 74 20 46 69 6c 6c 65 72 20 54 65 78 74 20 46 69 6c 6c 65 72 20 54 65 78 74 20 46 69 6c 6c 65 72 20 54 65 78 74 20 46 69 6c 6c 65 72 20 54 65 78 74 20 46 69 6c 6c 65 72 20 54 65 78 74 20 46 69 6c 6c 65 72 20 54 65 78 74 20 46 69 6c 6c 65 72 20 54 65 78 74 20 46 69 6c 6c 65 72 20 54 65 78 74 20 0d 0a 46 69 6c 6c 65 72 20 54 65 78 74 20 46 69 6c 6c 65 72 20 54 65 78 74 20 46 69 6c 6c 65 72 20 54 65 78 74 20 46 69 6c 6c 65 72 20 54 65 78 74 20 46 69 6c 6c 65 72 20 54 65 78 74 20 46 69 6c 6c'}, bytearray(b'\xe0N\xe4\x08\xdc\x1b\x00\x90\xfa\x00H\x00\xfailler Text Filler Text Filler Text \r\nFiller Text Filler Text Filler Text Filler Text Filler Text Filler Text Filler Text Filler Text Filler Text Filler Text Filler Text Filler Text \r\nFiller Text Filler Text Filler Text Filler Text Filler Text Fill')
2026-09-21 15:17:20,020 BTPWorkerThread-219 (_rx_task) root DEBUG btp.py                    704   event_handler             : Header(svc_id=42, op=138, ctrl_index=0, data_len=260) (b'\xe0N\xe4\x08\xdc\x1b\x00\x90\xfa\x00H\x00\xfailler Text Filler Text Filler Text \r\nFiller Text Filler Text Filler Text Filler Text Filler Text Filler Text Filler Text Filler Text Filler Text Filler Text Filler Text Filler Text \r\nFiller Text Filler Text Filler Text Filler Text Filler Text Fill',)
2026-09-21 15:17:20,020 Thread-229 (_process_events) root DEBUG ftp.py                    1294  _ftp_client_pull_file_ev  : _ftp_client_pull_file_ev b'\xe0N\xe4\x08\xdc\x1b\x00\x90\xfa\x00H\x00\xfailler Text Filler Text Filler Text \r\nFiller Text Filler Text Filler Text Filler Text Filler Text Filler Text Filler Text Filler Text Filler Text Filler Text Filler Text Filler Text \r\nFiller Text Filler Text Filler Text Filler Text Filler Text Fill'
2026-09-21 15:17:20,020 Thread-229 (_process_events) root DEBUG ftp.py                    511   ftp_client_pull_file      : ftp_client_pull_file final=True '001bdc08e44e'
2026-09-21 15:17:20,020 Thread-229 (_process_events) root DEBUG iutctl_common.py          161   send                      : 42 12 0 "bytearray(b'\\xe0N\\xe4\\x08\\xdc\\x1b\\x00\\x01\\x00\\x00')"
2026-09-21 15:17:20,021 Thread-229 (_process_events) root DEBUG iutctl_common.py          166   send                      : sending frame '2a0c000a00e04ee408dc1b00010000'
2026-09-21 15:17:20,021 Thread-229 (_process_events) root DEBUG ftp.py                    284   ftp_command_rsp_succ      : ftp_command_rsp_succ
2026-09-21 15:17:20,021 Thread-229 (_process_events) root DEBUG iutctl_common.py          339   read                      : 
2026-09-21 15:17:20,048 BTPWorkerThread-219 (_rx_task) root DEBUG iutctl_common.py          123   read                      : Read 5 bytes
2026-09-21 15:17:20,065 BTPWorkerThread-219 (_rx_task) root DEBUG iutctl_common.py          131   read                      : Received: hdr: Header(svc_id=0x2a, op=0x0c, ctrl_index=0x00, data_len=0x00) bytearray(b'*\x0c\x00\x00\x00')
2026-09-21 15:17:20,075 BTPWorkerThread-219 (_rx_task) root DEBUG iutctl_common.py          154   read                      : Received data: {''}, bytearray(b'')
2026-09-21 15:17:20,075 Thread-229 (_process_events) root DEBUG ftp.py                    287   ftp_command_rsp_succ      : received Header(svc_id=42, op=12, ctrl_index=0, data_len=0) (b'',)
2026-09-21 15:17:20,075 BTPWorkerThread-219 (_rx_task) root DEBUG iutctl_common.py          123   read                      : Read 5 bytes
2026-09-21 15:17:20,076 BTPWorkerThread-219 (_rx_task) root DEBUG iutctl_common.py          131   read                      : Received: hdr: Header(svc_id=0x2a, op=0x8a, ctrl_index=0x00, data_len=0x5d) bytearray(b'*\x8a\x00]\x00')
2026-09-21 15:17:20,076 BTPWorkerThread-219 (_rx_task) root DEBUG iutctl_common.py          139   read                      : Read 93 bytes data
2026-09-21 15:17:20,076 BTPWorkerThread-219 (_rx_task) root DEBUG iutctl_common.py          154   read                      : Received data: {'e0 4e e4 08 dc 1b 00 a0 53 00 49 00 53 65 72 20 54 65 78 74 20 46 69 6c 6c 65 72 20 54 65 78 74 20 46 69 6c 6c 65 72 20 54 65 78 74 20 46 69 6c 6c 65 72 20 54 65 78 74 20 46 69 6c 6c 65 72 20 54 65 78 74 20 46 69 6c 6c 65 72 20 54 65 78 74 20 46 69 6c 6c 65 72 20 54 65 78 74 20'}, bytearray(b'\xe0N\xe4\x08\xdc\x1b\x00\xa0S\x00I\x00Ser Text Filler Text Filler Text Filler Text Filler Text Filler Text Filler Text ')
2026-09-21 15:17:20,076 BTPWorkerThread-219 (_rx_task) root DEBUG btp.py                    704   event_handler             : Header(svc_id=42, op=138, ctrl_index=0, data_len=93) (b'\xe0N\xe4\x08\xdc\x1b\x00\xa0S\x00I\x00Ser Text Filler Text Filler Text Filler Text Filler Text Filler Text Filler Text ',)
2026-09-21 15:17:20,076 Thread-229 (_process_events) root DEBUG ftp.py                    1294  _ftp_client_pull_file_ev  : _ftp_client_pull_file_ev b'\xe0N\xe4\x08\xdc\x1b\x00\xa0S\x00I\x00Ser Text Filler Text Filler Text Filler Text Filler Text Filler Text Filler Text '
2026-09-21 15:17:20,154 LT1-thread root DEBUG testcase.py               722   run_wid                   : Sending response 'OK' to wid 4035 test case FTP/CL/GOEP/SRM/BV-05-C
2026-09-21 15:17:20,156 LT1-thread root DEBUG client.py                 276   get_result                : ClientCallback.get_result run_test_case
2026-09-21 15:17:20,158 LT1-callback ClientCallback.on_implicit_send INFO client.py                 223   on_implicit_send          : 
    ********************
    BEGIN OnImplicitSend:
    project_name: FTP
    wid: 4025
    test_case_name: FTP/CL/GOEP/SRM/BV-05-C
    description:  Take action to initiate an OBEX CONNECT REQ for FTP.
    style: MMI_Style_Ok_Cancel1 0x11041
2026-09-21 15:17:20,159 LT1-callback ClientCallback.on_implicit_send INFO client.py                 236   on_implicit_send          : Calling test cases on_implicit_send
2026-09-21 15:17:20,159 LT1-callback ClientCallback.on_implicit_send INFO client.py                 249   on_implicit_send          : 
    on_implicit_send returned response: WAIT
    END OnImplicitSend
    ********************
2026-09-21 15:17:21,157 LT1-thread root DEBUG testcase.py               679   run_wid                   : FTP FTP/CL/GOEP/SRM/BV-05-C on_implicit_send
2026-09-21 15:17:21,157 LT1-thread root DEBUG ftp_wid.py                25    ftp_wid_hdl               : ftp_wid_hdl, 4025,  Take action to initiate an OBEX CONNECT REQ for FTP., FTP/CL/GOEP/SRM/BV-05-C
2026-09-21 15:17:21,157 LT1-thread root DEBUG testcase.py               722   run_wid                   : Sending response 'OK' to wid 4025 test case FTP/CL/GOEP/SRM/BV-05-C
2026-09-21 15:17:21,159 LT1-thread root DEBUG client.py                 276   get_result                : ClientCallback.get_result run_test_case
2026-09-21 15:17:25,061 BTPWorkerThread-219 (_rx_task) root DEBUG iutctl_common.py          123   read                      : Read 5 bytes
2026-09-21 15:17:25,061 BTPWorkerThread-219 (_rx_task) root DEBUG iutctl_common.py          131   read                      : Received: hdr: Header(svc_id=0x2a, op=0x83, ctrl_index=0x00, data_len=0x07) bytearray(b'*\x83\x00\x07\x00')
2026-09-21 15:17:25,061 BTPWorkerThread-219 (_rx_task) root DEBUG iutctl_common.py          139   read                      : Read 7 bytes data
2026-09-21 15:17:25,062 BTPWorkerThread-219 (_rx_task) root DEBUG iutctl_common.py          154   read                      : Received data: {'e0 4e e4 08 dc 1b 00'}, bytearray(b'\xe0N\xe4\x08\xdc\x1b\x00')
2026-09-21 15:17:25,062 BTPWorkerThread-219 (_rx_task) root DEBUG btp.py                    704   event_handler             : Header(svc_id=42, op=131, ctrl_index=0, data_len=7) (b'\xe0N\xe4\x08\xdc\x1b\x00',)
2026-09-21 15:17:25,062 BTPWorkerThread-219 (_rx_task) root DEBUG iutctl_common.py          123   read                      : Read 5 bytes
2026-09-21 15:17:25,062 BTPWorkerThread-219 (_rx_task) root DEBUG iutctl_common.py          131   read                      : Received: hdr: Header(svc_id=0x01, op=0x83, ctrl_index=0x00, data_len=0x07) bytearray(b'\x01\x83\x00\x07\x00')
2026-09-21 15:17:25,062 BTPWorkerThread-219 (_rx_task) root DEBUG iutctl_common.py          139   read                      : Read 7 bytes data
2026-09-21 15:17:25,062 BTPWorkerThread-219 (_rx_task) root DEBUG iutctl_common.py          154   read                      : Received data: {'e0 4e e4 08 dc 1b 00'}, bytearray(b'\xe0N\xe4\x08\xdc\x1b\x00')
2026-09-21 15:17:25,062 Thread-229 (_process_events) root DEBUG ftp.py                    1070  _ftp_client_l2cap_disconnected_ev : _ftp_client_l2cap_disconnected_ev b'\xe0N\xe4\x08\xdc\x1b\x00'
2026-09-21 15:17:25,062 BTPWorkerThread-219 (_rx_task) root DEBUG btp.py                    704   event_handler             : Header(svc_id=1, op=131, ctrl_index=0, data_len=7) (b'\xe0N\xe4\x08\xdc\x1b\x00',)
2026-09-21 15:17:25,063 BTPWorkerThread-219 (_rx_task) root DEBUG gap.py                    226   gap_disconnected_ev_      : b'\xe0N\xe4\x08\xdc\x1b\x00'
2026-09-21 15:17:25,063 Thread-229 (_process_events) root DEBUG ftp.py                    739   remove_connection         : FTP: removed connection addr=001bdc08e44e
2026-09-21 15:17:27,828 LT1-callback ClientCallback.log INFO client.py                 200   log                       : PTS_LOGTYPE_START_TEST Start Test Case 

+156 ms
 FTP/CL/GOEP/SRM/BV-05-C FTP/CL/GOEP/SRM/BV-05-C

2026-09-21 15:17:28,439 LT1-callback ClientCallback.log INFO client.py                 200   log                       : PTS_LOGTYPE_FINAL_VERDICT Final Verdict 

+22094 ms
 FTP/CL/GOEP/SRM/BV-05-C PASS

2026-09-21 15:17:28,443 LT1-callback ClientCallback.log INFO client.py                 200   log                       : PTS_LOGTYPE_FINAL_VERDICT Encrypted Verdict 

+22094 ms
 FTP/CL/GOEP/SRM/BV-05-C A1#ZWY4MzQ5MDg3MmQwNTIxOGQzMzQ5YjY2ODA5M2MzNjQ5ZDY4NmY0Yjc2MzIzM2VkNTUyNTFhNGU4Mjg1MjI0NA==#syE3gqkjOG+E1TGT7gUQsbVEqWye5NUwMoB/akaye/ghsCq7W6iJFSzmdluiOxz7

2026-09-21 15:17:28,448 LT1-callback ClientCallback.log INFO client.py                 200   log                       : PTS_LOGTYPE_END_TEST Test Case Ended 

+22094 ms
 FTP/CL/GOEP/SRM/BV-05-C FTP/CL/GOEP/SRM/BV-05-C

2026-09-21 15:17:28,506 LT1-callback root DEBUG client.py                 261   set_result                : ClientCallback, set_result, run_test_case, PASS
2026-09-21 15:17:28,506 LT1-thread root DEBUG client.py                 1186  _run_test_case            : After run_test_case error_code=0 status='PASS'
2026-09-21 15:17:28,507 LT1-thread root DEBUG testcase.py               766   post_run                  : post_run FTP FTP/CL/GOEP/SRM/BV-05-C 0
2026-09-21 15:17:28,507 LT1-thread root DEBUG testcase.py               254   start                     : Starting test function: class=<class 'autopts.ptsprojects.testcase.TestFuncCleanUp'>, func=<bound method ZTestCase._test_case_cleanup of <autopts.ptsprojects.zephyr.ztestcase.ZTestCase object at 0x000001D20B9D63F0>> start_wid=None stop_wid=None post_wid=None skip_call=None call_count=1 args=() kwds={}
2026-09-21 15:17:28,507 LT1-thread root DEBUG testcase.py               266   start                     : Test function parameters: args=(), kwds={}
2026-09-21 15:17:28,507 LT1-thread root DEBUG ftp.py                    668   __init__                  : FTP: storage initialized
2026-09-21 15:17:28,508 LT1-thread root DEBUG ftp.py                    1861  start                     : FTP event handler started
2026-09-21 15:17:28,508 LT1-thread root DEBUG iutctl.py                 415   stop                      : <class 'autopts.ptsprojects.zephyr.iutctl.create_zephyr_ctl_class.<locals>.ZephyrCtl'>.stop
2026-09-21 15:17:28,508 LT1-thread root DEBUG __init__.py               51    reset                     : About to reset DUT: JLink -CommandFile reset.jlink -usb 1063214216 -device MIMXRT1176XXXA_M7
2026-09-21 15:17:28,824 BTPWorkerThread-219 (_rx_task) root DEBUG iutctl_common.py          123   read                      : Read 5 bytes
2026-09-21 15:17:28,825 BTPWorkerThread-219 (_rx_task) root DEBUG iutctl_common.py          131   read                      : Received: hdr: Header(svc_id=0x00, op=0x80, ctrl_index=0xff, data_len=0x00) bytearray(b'\x00\x80\xff\x00\x00')
2026-09-21 15:17:28,825 BTPWorkerThread-219 (_rx_task) root DEBUG iutctl_common.py          154   read                      : Received data: {''}, bytearray(b'')
2026-09-21 15:17:28,825 BTPWorkerThread-219 (_rx_task) root DEBUG btp.py                    704   event_handler             : Header(svc_id=0, op=128, ctrl_index=255, data_len=0) (b'',)
2026-09-21 15:17:28,825 BTPWorkerThread-219 (_rx_task) root DEBUG core.py                   23    core_iut_ready_ev         : 
2026-09-21 15:17:28,882 LT1-thread root DEBUG iutctl.py                 436   _stop_tty_mode            : IUT ready event received OK
2026-09-21 15:17:28,882 LT1-thread root DEBUG iutctl_common.py          416   close                     : Waiting for _rx_worker to finish ...
2026-09-21 15:17:29,825 BTPWorkerThread-219 (_rx_task) root DEBUG iutctl_common.py          332   _rx_task                  : BTPWorkerThread-219 (_rx_task) finishing...
2026-09-21 15:17:32,832 LT1-thread root DEBUG testcase.py               794   post_run                  : post_run, cleanup running post test case script
2026-09-21 15:17:32,832 LT1-thread root DEBUG testcase.py               802   post_run                  : post_run, run post test case script
2026-09-21 15:17:32,909 LT1-thread root DEBUG client.py                 1220  _run_test_case            : Done TestCase _run_test_case FTP FTP/CL/GOEP/SRM/BV-05-C
