2026-09-16 21:18:38,074 LT1-thread root DEBUG client.py                 1099  _run_test_case            : Starting TestCase _run_test_case GAP GAP/SEC/SEM/BI-26-C
2026-09-16 21:18:38,075 LT1-thread root DEBUG testcase.py               727   pre_run                   : pre_run GAP GAP/SEC/SEM/BI-26-C
2026-09-16 21:18:38,075 LT1-thread root DEBUG testcase.py               729   pre_run                   : About to run test case GAP GAP/SEC/SEM/BI-26-C with commands:
2026-09-16 21:18:38,075 LT1-thread root DEBUG testcase.py               731   pre_run                   : 0) class=<class 'autopts.ptsprojects.testcase.TestFunc'>, func=<bound method ZTestCase._test_case_start of <autopts.ptsprojects.zephyr.ztestcase.ZTestCase object at 0x000002A769E81A30>> start_wid=None stop_wid=None post_wid=None skip_call=None call_count=0 args=() kwds={}
2026-09-16 21:18:38,076 LT1-thread root DEBUG testcase.py               731   pre_run                   : 1) class=<class 'autopts.ptsprojects.testcase.TestFunc'>, func=<function core_reg_svc_gap at 0x000002A7673C8720> start_wid=None stop_wid=None post_wid=None skip_call=None call_count=111 args=() kwds={}
2026-09-16 21:18:38,076 LT1-thread root DEBUG testcase.py               731   pre_run                   : 2) class=<class 'autopts.ptsprojects.testcase.TestFunc'>, func=<bound method Stack.gap_init of <autopts.ptsprojects.stack.stack.Stack object at 0x000002A768AF7AD0>> start_wid=None stop_wid=None post_wid=None skip_call=None call_count=111 args=(b'Tester_08E44E', 'ABCD', '1111', '1111', '11', '1111', b'\x17github.com/auto-pts', (8, 'PADV_Tester'), 'FF') kwds={}
2026-09-16 21:18:38,076 LT1-thread root DEBUG testcase.py               731   pre_run                   : 3) class=<class 'autopts.ptsprojects.testcase.TestFunc'>, func=<function gap_read_controller_info at 0x000002A7673E7560> start_wid=None stop_wid=None post_wid=None skip_call=None call_count=111 args=() kwds={}
2026-09-16 21:18:38,076 LT1-thread root DEBUG testcase.py               731   pre_run                   : 4) class=<class 'autopts.ptsprojects.testcase.TestFunc'>, func=<function test_cases.<locals>.<lambda> at 0x000002A769E5D6C0> start_wid=None stop_wid=None post_wid=None skip_call=None call_count=111 args=() kwds={}
2026-09-16 21:18:38,076 LT1-thread root DEBUG testcase.py               731   pre_run                   : 5) class=<class 'autopts.ptsprojects.testcase.TestFunc'>, func=<function test_cases.<locals>.<lambda> at 0x000002A769E5D760> start_wid=None stop_wid=None post_wid=None skip_call=None call_count=111 args=() kwds={}
2026-09-16 21:18:38,076 LT1-thread root DEBUG testcase.py               731   pre_run                   : 6) class=<class 'autopts.ptsprojects.testcase.TestFunc'>, func=<function test_cases.<locals>.<lambda> at 0x000002A769E5D800> start_wid=None stop_wid=None post_wid=None skip_call=None call_count=111 args=() kwds={}
2026-09-16 21:18:38,076 LT1-thread root DEBUG testcase.py               731   pre_run                   : 7) class=<class 'autopts.ptsprojects.testcase.TestFunc'>, func=<function test_cases.<locals>.<lambda> at 0x000002A769E5D8A0> start_wid=None stop_wid=None post_wid=None skip_call=None call_count=111 args=() kwds={}
2026-09-16 21:18:38,076 LT1-thread root DEBUG testcase.py               731   pre_run                   : 8) class=<class 'autopts.ptsprojects.testcase.TestFunc'>, func=<function test_cases.<locals>.<lambda> at 0x000002A769E5D940> start_wid=None stop_wid=None post_wid=None skip_call=None call_count=111 args=() kwds={}
2026-09-16 21:18:38,076 LT1-thread root DEBUG testcase.py               731   pre_run                   : 9) class=<class 'autopts.ptsprojects.testcase.TestFunc'>, func=<function test_cases.<locals>.<lambda> at 0x000002A769E5D9E0> start_wid=None stop_wid=None post_wid=None skip_call=None call_count=111 args=() kwds={}
2026-09-16 21:18:38,076 LT1-thread root DEBUG testcase.py               731   pre_run                   : 10) class=<class 'autopts.ptsprojects.testcase.TestFunc'>, func=<function test_cases.<locals>.<lambda> at 0x000002A769E5DA80> start_wid=None stop_wid=None post_wid=None skip_call=None call_count=111 args=() kwds={}
2026-09-16 21:18:38,077 LT1-thread root DEBUG testcase.py               731   pre_run                   : 11) class=<class 'autopts.ptsprojects.testcase.TestFunc'>, func=<function test_cases.<locals>.<lambda> at 0x000002A769E5DB20> start_wid=None stop_wid=None post_wid=None skip_call=None call_count=111 args=() kwds={}
2026-09-16 21:18:38,077 LT1-thread root DEBUG testcase.py               731   pre_run                   : 12) class=<class 'autopts.ptsprojects.testcase.TestFunc'>, func=<function test_cases.<locals>.<lambda> at 0x000002A769E5DBC0> start_wid=None stop_wid=None post_wid=None skip_call=None call_count=111 args=() kwds={}
2026-09-16 21:18:38,077 LT1-thread root DEBUG testcase.py               731   pre_run                   : 13) class=<class 'autopts.ptsprojects.testcase.TestFunc'>, func=<function test_cases.<locals>.<lambda> at 0x000002A769E5DC60> start_wid=None stop_wid=None post_wid=None skip_call=None call_count=111 args=() kwds={}
2026-09-16 21:18:38,077 LT1-thread root DEBUG testcase.py               731   pre_run                   : 14) class=<class 'autopts.ptsprojects.testcase.TestFunc'>, func=<function core_reg_svc_gatt at 0x000002A7673C8860> start_wid=None stop_wid=None post_wid=None skip_call=None call_count=111 args=() kwds={}
2026-09-16 21:18:38,077 LT1-thread root DEBUG testcase.py               731   pre_run                   : 15) class=<class 'autopts.ptsprojects.testcase.TestFunc'>, func=<bound method Stack.gatt_init of <autopts.ptsprojects.stack.stack.Stack object at 0x000002A768AF7AD0>> start_wid=None stop_wid=None post_wid=None skip_call=None call_count=111 args=() kwds={}
2026-09-16 21:18:38,077 LT1-thread root DEBUG testcase.py               731   pre_run                   : 16) class=<class 'autopts.ptsprojects.testcase.TestFunc'>, func=<function gap_set_io_capability at 0x000002A7673E6A20> start_wid=None stop_wid=None post_wid=None skip_call=None call_count=111 args=(4,) kwds={}
2026-09-16 21:18:38,077 LT1-thread root DEBUG testcase.py               731   pre_run                   : 17) class=<class 'autopts.ptsprojects.testcase.TestFunc'>, func=<function gap_set_broadcast_code at 0x000002A767408C20> start_wid=None stop_wid=None post_wid=None skip_call=None call_count=111 args=('0102680553F1415AA265BBAFC6EA03B8',) kwds={}
2026-09-16 21:18:38,077 LT1-thread root DEBUG testcase.py               731   pre_run                   : 18) class=<class 'autopts.ptsprojects.testcase.TestFunc'>, func=<function set_pts_addr at 0x000002A7673C82C0> start_wid=None stop_wid=None post_wid=None skip_call=None call_count=111 args=('00:1B:DC:08:E4:4E', 0) kwds={}
2026-09-16 21:18:38,077 LT1-thread root DEBUG testcase.py               731   pre_run                   : 19) class=<class 'autopts.ptsprojects.testcase.TestFunc'>, func=<function test_cases.<locals>.<lambda> at 0x000002A769E5DD00> start_wid=None stop_wid=None post_wid=None skip_call=None call_count=35 args=() kwds={}
2026-09-16 21:18:38,077 LT1-thread root DEBUG testcase.py               731   pre_run                   : 20) class=<class 'autopts.ptsprojects.testcase.TestFunc'>, func=<function test_cases.<locals>.<lambda> at 0x000002A769E5DDA0> start_wid=None stop_wid=None post_wid=None skip_call=None call_count=35 args=() kwds={}
2026-09-16 21:18:38,077 LT1-thread root DEBUG testcase.py               731   pre_run                   : 21) class=<class 'autopts.ptsprojects.testcase.TestFunc'>, func=<function test_cases.<locals>.<lambda> at 0x000002A769E5DE40> start_wid=None stop_wid=None post_wid=None skip_call=None call_count=35 args=() kwds={}
2026-09-16 21:18:38,077 LT1-thread root DEBUG testcase.py               731   pre_run                   : 22) class=<class 'autopts.ptsprojects.testcase.TestFunc'>, func=<function test_cases.<locals>.<lambda> at 0x000002A769E5DEE0> start_wid=None stop_wid=None post_wid=None skip_call=None call_count=35 args=() kwds={}
2026-09-16 21:18:38,077 LT1-thread root DEBUG testcase.py               731   pre_run                   : 23) class=<class 'autopts.ptsprojects.testcase.TestFunc'>, func=<function test_cases.<locals>.<lambda> at 0x000002A769E5DF80> start_wid=None stop_wid=None post_wid=None skip_call=None call_count=35 args=() kwds={}
2026-09-16 21:18:38,077 LT1-thread root DEBUG testcase.py               731   pre_run                   : 24) class=<class 'autopts.ptsprojects.testcase.TestFunc'>, func=<function test_cases.<locals>.<lambda> at 0x000002A769E5E020> start_wid=None stop_wid=None post_wid=None skip_call=None call_count=35 args=() kwds={}
2026-09-16 21:18:38,077 LT1-thread root DEBUG testcase.py               731   pre_run                   : 25) class=<class 'autopts.ptsprojects.testcase.TestFunc'>, func=<function test_cases.<locals>.<lambda> at 0x000002A769E5E0C0> start_wid=None stop_wid=None post_wid=None skip_call=None call_count=35 args=() kwds={}
2026-09-16 21:18:38,078 LT1-thread root DEBUG testcase.py               731   pre_run                   : 26) class=<class 'autopts.ptsprojects.testcase.TestFunc'>, func=<function gap_set_io_capability at 0x000002A7673E6A20> start_wid=None stop_wid=None post_wid=None skip_call=None call_count=35 args=(3,) kwds={}
2026-09-16 21:18:38,078 LT1-thread root DEBUG testcase.py               731   pre_run                   : 27) class=<class 'autopts.ptsprojects.testcase.TestFunc'>, func=<function core_reg_svc_l2cap at 0x000002A7673C89A0> start_wid=None stop_wid=None post_wid=None skip_call=None call_count=34 args=() kwds={}
2026-09-16 21:18:38,078 LT1-thread root DEBUG testcase.py               731   pre_run                   : 28) class=<class 'autopts.ptsprojects.testcase.TestFunc'>, func=<bound method Stack.l2cap_init of <autopts.ptsprojects.stack.stack.Stack object at 0x000002A768AF7AD0>> start_wid=None stop_wid=None post_wid=None skip_call=None call_count=34 args=(4097, 120) kwds={}
2026-09-16 21:18:38,078 LT1-thread root DEBUG testcase.py               731   pre_run                   : 29) class=<class 'autopts.ptsprojects.testcase.TestFunc'>, func=<function gap_set_io_capability at 0x000002A7673E6A20> start_wid=None stop_wid=None post_wid=None skip_call=None call_count=0 args=(1,) kwds={}
2026-09-16 21:18:38,078 LT1-thread root DEBUG testcase.py               731   pre_run                   : 30) class=<class 'autopts.ptsprojects.testcase.TestFuncCleanUp'>, func=<bound method ZTestCase._test_case_cleanup of <autopts.ptsprojects.zephyr.ztestcase.ZTestCase object at 0x000002A769E81A30>> start_wid=None stop_wid=None post_wid=None skip_call=None call_count=0 args=() kwds={}
2026-09-16 21:18:38,078 LT1-thread root DEBUG testcase.py               738   pre_run                   : pre_run, run pre test case script
2026-09-16 21:18:38,085 LT1-thread root DEBUG testcase.py               254   start                     : Starting test function: class=<class 'autopts.ptsprojects.testcase.TestFunc'>, func=<bound method ZTestCase._test_case_start of <autopts.ptsprojects.zephyr.ztestcase.ZTestCase object at 0x000002A769E81A30>> start_wid=None stop_wid=None post_wid=None skip_call=None call_count=1 args=() kwds={}
2026-09-16 21:18:38,086 LT1-thread root DEBUG testcase.py               266   start                     : Test function parameters: args=(), kwds={}
2026-09-16 21:18:38,086 LT1-thread root DEBUG iutctl.py                 172   start                     : <class 'autopts.ptsprojects.zephyr.iutctl.create_zephyr_ctl_class.<locals>.ZephyrCtl'>.start
2026-09-16 21:18:38,086 LT1-thread root DEBUG iutctl.py                 325   flush_serial              : <class 'autopts.ptsprojects.zephyr.iutctl.create_zephyr_ctl_class.<locals>.ZephyrCtl'>.flush_serial
2026-09-16 21:18:39,262 LT1-thread root DEBUG iutctl.py                 249   _start_tty_mode           : Starting socat process: socat.exe -x -v tcp:10.17.12.9:62300,retry=100,interval=1 /dev/ttyS2,raw,b115200,
2026-09-16 21:18:39,269 LT1-thread root DEBUG iutctl_common.py          402   accept                    : 
2026-09-16 21:18:39,345 BTPWorkerThread-2615 (_rx_task) root DEBUG iutctl_common.py          299   _rx_task                  : BTPWorkerThread-2615 (_rx_task) started
2026-09-16 21:18:39,346 LT1-thread root DEBUG iutctl.py                 395   wait_iut_ready_event      : IUT ready event received OK
2026-09-16 21:18:39,346 LT1-thread root DEBUG btp.py                    51    read_supp_svcs            : 
2026-09-16 21:18:39,346 LT1-thread root DEBUG iutctl_common.py          161   send                      : 0 2 255 ''
2026-09-16 21:18:39,346 LT1-thread root DEBUG iutctl_common.py          166   send                      : sending frame '0002ff0000'
2026-09-16 21:18:39,346 LT1-thread root DEBUG iutctl_common.py          339   read                      : 
2026-09-16 21:18:39,361 BTPWorkerThread-2615 (_rx_task) root DEBUG iutctl_common.py          123   read                      : Read 5 bytes
2026-09-16 21:18:39,373 BTPWorkerThread-2615 (_rx_task) root DEBUG iutctl_common.py          131   read                      : Received: hdr: Header(svc_id=0x00, op=0x02, ctrl_index=0xff, data_len=0x05) bytearray(b'\x00\x02\xff\x05\x00')
2026-09-16 21:18:39,379 BTPWorkerThread-2615 (_rx_task) root DEBUG iutctl_common.py          139   read                      : Read 5 bytes data
2026-09-16 21:18:39,384 BTPWorkerThread-2615 (_rx_task) root DEBUG iutctl_common.py          154   read                      : Received data: {'0f 00 00 a0 01'}, bytearray(b'\x0f\x00\x00\xa0\x01')
2026-09-16 21:18:39,390 LT1-thread root DEBUG btp.py                    62    read_supp_svcs            : received Header(svc_id=0, op=2, ctrl_index=255, data_len=5) (b'\x0f\x00\x00\xa0\x01',)
2026-09-16 21:18:39,390 LT1-thread root DEBUG testcase.py               254   start                     : Starting test function: class=<class 'autopts.ptsprojects.testcase.TestFunc'>, func=<function core_reg_svc_gap at 0x000002A7673C8720> start_wid=None stop_wid=None post_wid=None skip_call=None call_count=112 args=() kwds={}
2026-09-16 21:18:39,390 LT1-thread root DEBUG testcase.py               266   start                     : Test function parameters: args=(), kwds={}
2026-09-16 21:18:39,390 LT1-thread root DEBUG btp.py                    117   core_reg_svc_univ         : core_reg_svc_univ: gap_reg (GAP)
2026-09-16 21:18:39,390 LT1-thread root DEBUG iutctl_common.py          161   send                      : 0 3 255 '1'
2026-09-16 21:18:39,390 LT1-thread root DEBUG iutctl_common.py          166   send                      : sending frame '0003ff010001'
2026-09-16 21:18:39,391 LT1-thread root DEBUG btp.py                    618   core_reg_svc_rsp_succ     : 
2026-09-16 21:18:39,391 LT1-thread root DEBUG iutctl_common.py          339   read                      : 
2026-09-16 21:18:43,541 BTPWorkerThread-2615 (_rx_task) root DEBUG iutctl_common.py          123   read                      : Read 5 bytes
2026-09-16 21:18:43,552 BTPWorkerThread-2615 (_rx_task) root DEBUG iutctl_common.py          131   read                      : Received: hdr: Header(svc_id=0x00, op=0x03, ctrl_index=0xff, data_len=0x00) bytearray(b'\x00\x03\xff\x00\x00')
2026-09-16 21:18:43,552 BTPWorkerThread-2615 (_rx_task) root DEBUG iutctl_common.py          154   read                      : Received data: {''}, bytearray(b'')
2026-09-16 21:18:43,557 LT1-thread root DEBUG btp.py                    629   core_reg_svc_rsp_succ     : received Header(svc_id=0, op=3, ctrl_index=255, data_len=0) (b'',)
2026-09-16 21:18:43,557 LT1-thread root DEBUG btp.py                    630   core_reg_svc_rsp_succ     : expected ((0, 3, 255, 0), (b'',))
2026-09-16 21:18:43,557 LT1-thread root DEBUG btp.py                    635   core_reg_svc_rsp_succ     : response is valid
2026-09-16 21:18:43,557 LT1-thread root DEBUG btp.py                    638   core_reg_svc_rsp_succ     : Reading supported commands for service: GAP
2026-09-16 21:18:43,557 LT1-thread root DEBUG iutctl_common.py          161   send                      : 1 1 255 ''
2026-09-16 21:18:43,558 LT1-thread root DEBUG iutctl_common.py          166   send                      : sending frame '0101ff0000'
2026-09-16 21:18:43,558 LT1-thread root DEBUG iutctl_common.py          339   read                      : 
2026-09-16 21:18:43,594 BTPWorkerThread-2615 (_rx_task) root DEBUG iutctl_common.py          123   read                      : Read 5 bytes
2026-09-16 21:18:43,606 BTPWorkerThread-2615 (_rx_task) root DEBUG iutctl_common.py          131   read                      : Received: hdr: Header(svc_id=0x01, op=0x01, ctrl_index=0xff, data_len=0x07) bytearray(b'\x01\x01\xff\x07\x00')
2026-09-16 21:18:43,611 BTPWorkerThread-2615 (_rx_task) root DEBUG iutctl_common.py          139   read                      : Read 7 bytes data
2026-09-16 21:18:43,616 BTPWorkerThread-2615 (_rx_task) root DEBUG iutctl_common.py          154   read                      : Received data: {'6e ff 7f 1f fe ff 0e'}, bytearray(b'n\xff\x7f\x1f\xfe\xff\x0e')
2026-09-16 21:18:43,627 LT1-thread root DEBUG testcase.py               254   start                     : Starting test function: class=<class 'autopts.ptsprojects.testcase.TestFunc'>, func=<bound method Stack.gap_init of <autopts.ptsprojects.stack.stack.Stack object at 0x000002A768AF7AD0>> start_wid=None stop_wid=None post_wid=None skip_call=None call_count=112 args=(b'Tester_08E44E', 'ABCD', '1111', '1111', '11', '1111', b'\x17github.com/auto-pts', (8, 'PADV_Tester'), 'FF') kwds={}
2026-09-16 21:18:43,627 LT1-thread root DEBUG testcase.py               266   start                     : Test function parameters: args=(b'Tester_08E44E', 'ABCD', '1111', '1111', '11', '1111', b'\x17github.com/auto-pts', (8, 'PADV_Tester'), 'FF'), kwds={}
2026-09-16 21:18:43,628 LT1-thread root DEBUG testcase.py               254   start                     : Starting test function: class=<class 'autopts.ptsprojects.testcase.TestFunc'>, func=<function gap_read_controller_info at 0x000002A7673E7560> start_wid=None stop_wid=None post_wid=None skip_call=None call_count=112 args=() kwds={}
2026-09-16 21:18:43,628 LT1-thread root DEBUG testcase.py               266   start                     : Test function parameters: args=(), kwds={}
2026-09-16 21:18:43,628 LT1-thread root DEBUG gap.py                    1161  gap_read_controller_info  : 
2026-09-16 21:18:43,628 LT1-thread root DEBUG iutctl_common.py          161   send                      : 1 3 0 ''
2026-09-16 21:18:43,628 LT1-thread root DEBUG iutctl_common.py          166   send                      : sending frame '0103000000'
2026-09-16 21:18:43,628 LT1-thread root DEBUG iutctl_common.py          339   read                      : 
2026-09-16 21:18:43,666 BTPWorkerThread-2615 (_rx_task) root DEBUG iutctl_common.py          123   read                      : Read 5 bytes
2026-09-16 21:18:43,677 BTPWorkerThread-2615 (_rx_task) root DEBUG iutctl_common.py          131   read                      : Received: hdr: Header(svc_id=0x01, op=0x03, ctrl_index=0x00, data_len=0x115) bytearray(b'\x01\x03\x00\x15\x01')
2026-09-16 21:18:43,694 BTPWorkerThread-2615 (_rx_task) root DEBUG iutctl_common.py          139   read                      : Read 277 bytes data
2026-09-16 21:18:43,705 BTPWorkerThread-2615 (_rx_task) root DEBUG iutctl_common.py          154   read                      : Received data: {'19 78 ee 69 17 d0 d3 06 02 00 13 02 00 00 00 00 00 62 74 70 5f 74 65 73 74 65 72 00 00 00 00 00 00 00 00 00 00 00 00 00 00 00 00 00 00 00 00 00 00 00 00 00 00 00 00 00 00 00 00 00 00 00 00 00 00 00 00 00 00 00 00 00 00 00 00 00 00 00 00 00 00 00 00 00 00 00 00 00 00 00 00 00 00 00 00 00 00 00 00 00 00 00 00 00 00 00 00 00 00 00 00 00 00 00 00 00 00 00 00 00 00 00 00 00 00 00 00 00 00 00 00 00 00 00 00 00 00 00 00 00 00 00 00 00 00 00 00 00 00 00 00 00 00 00 00 00 00 00 00 00 00 00 00 00 00 00 00 00 00 00 00 00 00 00 00 00 00 00 00 00 00 00 00 00 00 00 00 00 00 00 00 00 00 00 00 00 00 00 00 00 00 00 00 00 00 00 00 00 00 00 00 00 00 00 00 00 00 00 00 00 00 00 00 00 00 00 00 00 00 00 00 00 00 00 00 00 00 00 00 00 00 00 00 00 00 00 00 00 00 00 00 00 00 00 00 00 00 00 00 00 00 00 00 00 00 00 00 00 00 00 00 00 00 00 00 00 00'}, bytearray(b'\x19x\xeei\x17\xd0\xd3\x06\x02\x00\x13\x02\x00\x00\x00\x00\x00btp_tester\x00\x00\x00\x00\x00\x00\x00\x00\x00\x00\x00\x00\x00\x00\x00\x00\x00\x00\x00\x00\x00\x00\x00\x00\x00\x00\x00\x00\x00\x00\x00\x00\x00\x00\x00\x00\x00\x00\x00\x00\x00\x00\x00\x00\x00\x00\x00\x00\x00\x00\x00\x00\x00\x00\x00\x00\x00\x00\x00\x00\x00\x00\x00\x00\x00\x00\x00\x00\x00\x00\x00\x00\x00\x00\x00\x00\x00\x00\x00\x00\x00\x00\x00\x00\x00\x00\x00\x00\x00\x00\x00\x00\x00\x00\x00\x00\x00\x00\x00\x00\x00\x00\x00\x00\x00\x00\x00\x00\x00\x00\x00\x00\x00\x00\x00\x00\x00\x00\x00\x00\x00\x00\x00\x00\x00\x00\x00\x00\x00\x00\x00\x00\x00\x00\x00\x00\x00\x00\x00\x00\x00\x00\x00\x00\x00\x00\x00\x00\x00\x00\x00\x00\x00\x00\x00\x00\x00\x00\x00\x00\x00\x00\x00\x00\x00\x00\x00\x00\x00\x00\x00\x00\x00\x00\x00\x00\x00\x00\x00\x00\x00\x00\x00\x00\x00\x00\x00\x00\x00\x00\x00\x00\x00\x00\x00\x00\x00\x00\x00\x00\x00\x00\x00\x00\x00\x00\x00\x00\x00\x00\x00\x00\x00\x00\x00\x00\x00\x00\x00\x00\x00\x00\x00\x00\x00\x00\x00\x00\x00\x00\x00\x00\x00\x00\x00\x00\x00\x00\x00\x00\x00\x00\x00\x00\x00\x00\x00\x00\x00\x00')
2026-09-16 21:18:43,716 LT1-thread root DEBUG gap.py                    1168  gap_read_controller_info  : received Header(svc_id=1, op=3, ctrl_index=0, data_len=277) (b'\x19x\xeei\x17\xd0\xd3\x06\x02\x00\x13\x02\x00\x00\x00\x00\x00btp_tester\x00\x00\x00\x00\x00\x00\x00\x00\x00\x00\x00\x00\x00\x00\x00\x00\x00\x00\x00\x00\x00\x00\x00\x00\x00\x00\x00\x00\x00\x00\x00\x00\x00\x00\x00\x00\x00\x00\x00\x00\x00\x00\x00\x00\x00\x00\x00\x00\x00\x00\x00\x00\x00\x00\x00\x00\x00\x00\x00\x00\x00\x00\x00\x00\x00\x00\x00\x00\x00\x00\x00\x00\x00\x00\x00\x00\x00\x00\x00\x00\x00\x00\x00\x00\x00\x00\x00\x00\x00\x00\x00\x00\x00\x00\x00\x00\x00\x00\x00\x00\x00\x00\x00\x00\x00\x00\x00\x00\x00\x00\x00\x00\x00\x00\x00\x00\x00\x00\x00\x00\x00\x00\x00\x00\x00\x00\x00\x00\x00\x00\x00\x00\x00\x00\x00\x00\x00\x00\x00\x00\x00\x00\x00\x00\x00\x00\x00\x00\x00\x00\x00\x00\x00\x00\x00\x00\x00\x00\x00\x00\x00\x00\x00\x00\x00\x00\x00\x00\x00\x00\x00\x00\x00\x00\x00\x00\x00\x00\x00\x00\x00\x00\x00\x00\x00\x00\x00\x00\x00\x00\x00\x00\x00\x00\x00\x00\x00\x00\x00\x00\x00\x00\x00\x00\x00\x00\x00\x00\x00\x00\x00\x00\x00\x00\x00\x00\x00\x00\x00\x00\x00\x00\x00\x00\x00\x00\x00\x00\x00\x00\x00\x00\x00\x00\x00\x00\x00\x00\x00\x00\x00\x00\x00\x00\x00\x00\x00\x00\x00\x00',)
2026-09-16 21:18:43,716 LT1-thread root DEBUG gap.py                    1189  gap_read_controller_info  : IUT address 'd01769ee7819' 'public'
2026-09-16 21:18:43,716 LT1-thread root DEBUG gap.py                    594   __gap_current_settings_update : 531
2026-09-16 21:18:43,716 LT1-thread root DEBUG testcase.py               254   start                     : Starting test function: class=<class 'autopts.ptsprojects.testcase.TestFunc'>, func=<function test_cases.<locals>.<lambda> at 0x000002A769E5D6C0> start_wid=None stop_wid=None post_wid=None skip_call=None call_count=112 args=() kwds={}
2026-09-16 21:18:43,717 LT1-thread root DEBUG testcase.py               266   start                     : Test function parameters: args=(), kwds={}
2026-09-16 21:18:43,725 LT1-thread root DEBUG testcase.py               254   start                     : Starting test function: class=<class 'autopts.ptsprojects.testcase.TestFunc'>, func=<function test_cases.<locals>.<lambda> at 0x000002A769E5D760> start_wid=None stop_wid=None post_wid=None skip_call=None call_count=112 args=() kwds={}
2026-09-16 21:18:43,725 LT1-thread root DEBUG testcase.py               266   start                     : Test function parameters: args=(), kwds={}
2026-09-16 21:18:43,734 LT1-thread root DEBUG testcase.py               254   start                     : Starting test function: class=<class 'autopts.ptsprojects.testcase.TestFunc'>, func=<function test_cases.<locals>.<lambda> at 0x000002A769E5D800> start_wid=None stop_wid=None post_wid=None skip_call=None call_count=112 args=() kwds={}
2026-09-16 21:18:43,734 LT1-thread root DEBUG testcase.py               266   start                     : Test function parameters: args=(), kwds={}
2026-09-16 21:18:43,742 LT1-thread root DEBUG testcase.py               254   start                     : Starting test function: class=<class 'autopts.ptsprojects.testcase.TestFunc'>, func=<function test_cases.<locals>.<lambda> at 0x000002A769E5D8A0> start_wid=None stop_wid=None post_wid=None skip_call=None call_count=112 args=() kwds={}
2026-09-16 21:18:43,742 LT1-thread root DEBUG testcase.py               266   start                     : Test function parameters: args=(), kwds={}
2026-09-16 21:18:43,751 LT1-thread root DEBUG testcase.py               254   start                     : Starting test function: class=<class 'autopts.ptsprojects.testcase.TestFunc'>, func=<function test_cases.<locals>.<lambda> at 0x000002A769E5D940> start_wid=None stop_wid=None post_wid=None skip_call=None call_count=112 args=() kwds={}
2026-09-16 21:18:43,751 LT1-thread root DEBUG testcase.py               266   start                     : Test function parameters: args=(), kwds={}
2026-09-16 21:18:43,759 LT1-thread root DEBUG testcase.py               254   start                     : Starting test function: class=<class 'autopts.ptsprojects.testcase.TestFunc'>, func=<function test_cases.<locals>.<lambda> at 0x000002A769E5D9E0> start_wid=None stop_wid=None post_wid=None skip_call=None call_count=112 args=() kwds={}
2026-09-16 21:18:43,759 LT1-thread root DEBUG testcase.py               266   start                     : Test function parameters: args=(), kwds={}
2026-09-16 21:18:43,768 LT1-thread root DEBUG testcase.py               254   start                     : Starting test function: class=<class 'autopts.ptsprojects.testcase.TestFunc'>, func=<function test_cases.<locals>.<lambda> at 0x000002A769E5DA80> start_wid=None stop_wid=None post_wid=None skip_call=None call_count=112 args=() kwds={}
2026-09-16 21:18:43,768 LT1-thread root DEBUG testcase.py               266   start                     : Test function parameters: args=(), kwds={}
2026-09-16 21:18:43,776 LT1-thread root DEBUG testcase.py               254   start                     : Starting test function: class=<class 'autopts.ptsprojects.testcase.TestFunc'>, func=<function test_cases.<locals>.<lambda> at 0x000002A769E5DB20> start_wid=None stop_wid=None post_wid=None skip_call=None call_count=112 args=() kwds={}
2026-09-16 21:18:43,777 LT1-thread root DEBUG testcase.py               266   start                     : Test function parameters: args=(), kwds={}
2026-09-16 21:18:43,785 LT1-thread root DEBUG testcase.py               254   start                     : Starting test function: class=<class 'autopts.ptsprojects.testcase.TestFunc'>, func=<function test_cases.<locals>.<lambda> at 0x000002A769E5DBC0> start_wid=None stop_wid=None post_wid=None skip_call=None call_count=112 args=() kwds={}
2026-09-16 21:18:43,785 LT1-thread root DEBUG testcase.py               266   start                     : Test function parameters: args=(), kwds={}
2026-09-16 21:18:43,794 LT1-thread root DEBUG testcase.py               254   start                     : Starting test function: class=<class 'autopts.ptsprojects.testcase.TestFunc'>, func=<function test_cases.<locals>.<lambda> at 0x000002A769E5DC60> start_wid=None stop_wid=None post_wid=None skip_call=None call_count=112 args=() kwds={}
2026-09-16 21:18:43,794 LT1-thread root DEBUG testcase.py               266   start                     : Test function parameters: args=(), kwds={}
2026-09-16 21:18:43,802 LT1-thread root DEBUG testcase.py               254   start                     : Starting test function: class=<class 'autopts.ptsprojects.testcase.TestFunc'>, func=<function core_reg_svc_gatt at 0x000002A7673C8860> start_wid=None stop_wid=None post_wid=None skip_call=None call_count=112 args=() kwds={}
2026-09-16 21:18:43,803 LT1-thread root DEBUG testcase.py               266   start                     : Test function parameters: args=(), kwds={}
2026-09-16 21:18:43,803 LT1-thread root DEBUG btp.py                    117   core_reg_svc_univ         : core_reg_svc_univ: gatt_reg (GATT)
2026-09-16 21:18:43,803 LT1-thread root DEBUG iutctl_common.py          161   send                      : 0 3 255 '2'
2026-09-16 21:18:43,803 LT1-thread root DEBUG iutctl_common.py          166   send                      : sending frame '0003ff010002'
2026-09-16 21:18:43,803 LT1-thread root DEBUG btp.py                    618   core_reg_svc_rsp_succ     : 
2026-09-16 21:18:43,803 LT1-thread root DEBUG iutctl_common.py          339   read                      : 
2026-09-16 21:18:43,846 BTPWorkerThread-2615 (_rx_task) root DEBUG iutctl_common.py          123   read                      : Read 5 bytes
2026-09-16 21:18:43,857 BTPWorkerThread-2615 (_rx_task) root DEBUG iutctl_common.py          131   read                      : Received: hdr: Header(svc_id=0x00, op=0x03, ctrl_index=0xff, data_len=0x00) bytearray(b'\x00\x03\xff\x00\x00')
2026-09-16 21:18:43,857 BTPWorkerThread-2615 (_rx_task) root DEBUG iutctl_common.py          154   read                      : Received data: {''}, bytearray(b'')
2026-09-16 21:18:43,862 LT1-thread root DEBUG btp.py                    629   core_reg_svc_rsp_succ     : received Header(svc_id=0, op=3, ctrl_index=255, data_len=0) (b'',)
2026-09-16 21:18:43,862 LT1-thread root DEBUG btp.py                    630   core_reg_svc_rsp_succ     : expected ((0, 3, 255, 0), (b'',))
2026-09-16 21:18:43,862 LT1-thread root DEBUG btp.py                    635   core_reg_svc_rsp_succ     : response is valid
2026-09-16 21:18:43,862 LT1-thread root DEBUG btp.py                    638   core_reg_svc_rsp_succ     : Reading supported commands for service: GATT
2026-09-16 21:18:43,862 LT1-thread root DEBUG iutctl_common.py          161   send                      : 2 1 255 ''
2026-09-16 21:18:43,862 LT1-thread root DEBUG iutctl_common.py          166   send                      : sending frame '0201ff0000'
2026-09-16 21:18:43,862 LT1-thread root DEBUG iutctl_common.py          339   read                      : 
2026-09-16 21:18:43,896 BTPWorkerThread-2615 (_rx_task) root DEBUG iutctl_common.py          123   read                      : Read 5 bytes
2026-09-16 21:18:43,906 BTPWorkerThread-2615 (_rx_task) root DEBUG iutctl_common.py          131   read                      : Received: hdr: Header(svc_id=0x02, op=0x01, ctrl_index=0xff, data_len=0x05) bytearray(b'\x02\x01\xff\x05\x00')
2026-09-16 21:18:43,917 BTPWorkerThread-2615 (_rx_task) root DEBUG iutctl_common.py          139   read                      : Read 5 bytes data
2026-09-16 21:18:43,917 BTPWorkerThread-2615 (_rx_task) root DEBUG iutctl_common.py          154   read                      : Received data: {'fe fe bf fd 0f'}, bytearray(b'\xfe\xfe\xbf\xfd\x0f')
2026-09-16 21:18:43,923 LT1-thread root DEBUG testcase.py               254   start                     : Starting test function: class=<class 'autopts.ptsprojects.testcase.TestFunc'>, func=<bound method Stack.gatt_init of <autopts.ptsprojects.stack.stack.Stack object at 0x000002A768AF7AD0>> start_wid=None stop_wid=None post_wid=None skip_call=None call_count=112 args=() kwds={}
2026-09-16 21:18:43,923 LT1-thread root DEBUG testcase.py               266   start                     : Test function parameters: args=(), kwds={}
2026-09-16 21:18:43,923 LT1-thread root DEBUG testcase.py               254   start                     : Starting test function: class=<class 'autopts.ptsprojects.testcase.TestFunc'>, func=<function gap_set_io_capability at 0x000002A7673E6A20> start_wid=None stop_wid=None post_wid=None skip_call=None call_count=112 args=(4,) kwds={}
2026-09-16 21:18:43,923 LT1-thread root DEBUG testcase.py               266   start                     : Test function parameters: args=(4,), kwds={}
2026-09-16 21:18:43,923 LT1-thread root DEBUG gap.py                    859   gap_set_io_capability     : 4
2026-09-16 21:18:43,924 LT1-thread root DEBUG iutctl_common.py          161   send                      : 1 16 0 '\x04'
2026-09-16 21:18:43,924 LT1-thread root DEBUG iutctl_common.py          166   send                      : sending frame '011000010004'
2026-09-16 21:18:43,924 LT1-thread root DEBUG gap.py                    1227  gap_command_rsp_succ      : 
2026-09-16 21:18:43,924 LT1-thread root DEBUG iutctl_common.py          339   read                      : 
2026-09-16 21:18:43,963 BTPWorkerThread-2615 (_rx_task) root DEBUG iutctl_common.py          123   read                      : Read 5 bytes
2026-09-16 21:18:43,968 BTPWorkerThread-2615 (_rx_task) root DEBUG iutctl_common.py          131   read                      : Received: hdr: Header(svc_id=0x01, op=0x10, ctrl_index=0x00, data_len=0x00) bytearray(b'\x01\x10\x00\x00\x00')
2026-09-16 21:18:43,973 BTPWorkerThread-2615 (_rx_task) root DEBUG iutctl_common.py          154   read                      : Received data: {''}, bytearray(b'')
2026-09-16 21:18:43,978 LT1-thread root DEBUG gap.py                    1232  gap_command_rsp_succ      : received Header(svc_id=1, op=16, ctrl_index=0, data_len=0) (b'',)
2026-09-16 21:18:43,978 LT1-thread root DEBUG testcase.py               254   start                     : Starting test function: class=<class 'autopts.ptsprojects.testcase.TestFunc'>, func=<function gap_set_broadcast_code at 0x000002A767408C20> start_wid=None stop_wid=None post_wid=None skip_call=None call_count=112 args=('0102680553F1415AA265BBAFC6EA03B8',) kwds={}
2026-09-16 21:18:43,978 LT1-thread root DEBUG testcase.py               266   start                     : Test function parameters: args=('0102680553F1415AA265BBAFC6EA03B8',), kwds={}
2026-09-16 21:18:43,978 LT1-thread root DEBUG gap.py                    1889  gap_set_broadcast_code    : '0102680553F1415AA265BBAFC6EA03B8'
2026-09-16 21:18:43,978 LT1-thread root DEBUG testcase.py               254   start                     : Starting test function: class=<class 'autopts.ptsprojects.testcase.TestFunc'>, func=<function set_pts_addr at 0x000002A7673C82C0> start_wid=None stop_wid=None post_wid=None skip_call=None call_count=112 args=('00:1B:DC:08:E4:4E', 0) kwds={}
2026-09-16 21:18:43,978 LT1-thread root DEBUG testcase.py               266   start                     : Test function parameters: args=('00:1B:DC:08:E4:4E', 0), kwds={}
2026-09-16 21:18:43,979 LT1-thread root DEBUG testcase.py               254   start                     : Starting test function: class=<class 'autopts.ptsprojects.testcase.TestFunc'>, func=<function test_cases.<locals>.<lambda> at 0x000002A769E5DD00> start_wid=None stop_wid=None post_wid=None skip_call=None call_count=36 args=() kwds={}
2026-09-16 21:18:43,979 LT1-thread root DEBUG testcase.py               266   start                     : Test function parameters: args=(), kwds={}
2026-09-16 21:18:43,987 LT1-thread root DEBUG testcase.py               254   start                     : Starting test function: class=<class 'autopts.ptsprojects.testcase.TestFunc'>, func=<function test_cases.<locals>.<lambda> at 0x000002A769E5DDA0> start_wid=None stop_wid=None post_wid=None skip_call=None call_count=36 args=() kwds={}
2026-09-16 21:18:43,987 LT1-thread root DEBUG testcase.py               266   start                     : Test function parameters: args=(), kwds={}
2026-09-16 21:18:43,996 LT1-thread root DEBUG testcase.py               254   start                     : Starting test function: class=<class 'autopts.ptsprojects.testcase.TestFunc'>, func=<function test_cases.<locals>.<lambda> at 0x000002A769E5DE40> start_wid=None stop_wid=None post_wid=None skip_call=None call_count=36 args=() kwds={}
2026-09-16 21:18:43,996 LT1-thread root DEBUG testcase.py               266   start                     : Test function parameters: args=(), kwds={}
2026-09-16 21:18:44,004 LT1-thread root DEBUG testcase.py               254   start                     : Starting test function: class=<class 'autopts.ptsprojects.testcase.TestFunc'>, func=<function test_cases.<locals>.<lambda> at 0x000002A769E5DEE0> start_wid=None stop_wid=None post_wid=None skip_call=None call_count=36 args=() kwds={}
2026-09-16 21:18:44,004 LT1-thread root DEBUG testcase.py               266   start                     : Test function parameters: args=(), kwds={}
2026-09-16 21:18:44,013 LT1-thread root DEBUG testcase.py               254   start                     : Starting test function: class=<class 'autopts.ptsprojects.testcase.TestFunc'>, func=<function test_cases.<locals>.<lambda> at 0x000002A769E5DF80> start_wid=None stop_wid=None post_wid=None skip_call=None call_count=36 args=() kwds={}
2026-09-16 21:18:44,013 LT1-thread root DEBUG testcase.py               266   start                     : Test function parameters: args=(), kwds={}
2026-09-16 21:18:44,022 LT1-thread root DEBUG testcase.py               254   start                     : Starting test function: class=<class 'autopts.ptsprojects.testcase.TestFunc'>, func=<function test_cases.<locals>.<lambda> at 0x000002A769E5E020> start_wid=None stop_wid=None post_wid=None skip_call=None call_count=36 args=() kwds={}
2026-09-16 21:18:44,022 LT1-thread root DEBUG testcase.py               266   start                     : Test function parameters: args=(), kwds={}
2026-09-16 21:18:44,030 LT1-thread root DEBUG testcase.py               254   start                     : Starting test function: class=<class 'autopts.ptsprojects.testcase.TestFunc'>, func=<function test_cases.<locals>.<lambda> at 0x000002A769E5E0C0> start_wid=None stop_wid=None post_wid=None skip_call=None call_count=36 args=() kwds={}
2026-09-16 21:18:44,030 LT1-thread root DEBUG testcase.py               266   start                     : Test function parameters: args=(), kwds={}
2026-09-16 21:18:44,039 LT1-thread root DEBUG testcase.py               254   start                     : Starting test function: class=<class 'autopts.ptsprojects.testcase.TestFunc'>, func=<function gap_set_io_capability at 0x000002A7673E6A20> start_wid=None stop_wid=None post_wid=None skip_call=None call_count=36 args=(3,) kwds={}
2026-09-16 21:18:44,039 LT1-thread root DEBUG testcase.py               266   start                     : Test function parameters: args=(3,), kwds={}
2026-09-16 21:18:44,039 LT1-thread root DEBUG gap.py                    859   gap_set_io_capability     : 3
2026-09-16 21:18:44,039 LT1-thread root DEBUG iutctl_common.py          161   send                      : 1 16 0 '\x03'
2026-09-16 21:18:44,039 LT1-thread root DEBUG iutctl_common.py          166   send                      : sending frame '011000010003'
2026-09-16 21:18:44,039 LT1-thread root DEBUG gap.py                    1227  gap_command_rsp_succ      : 
2026-09-16 21:18:44,039 LT1-thread root DEBUG iutctl_common.py          339   read                      : 
2026-09-16 21:18:44,079 BTPWorkerThread-2615 (_rx_task) root DEBUG iutctl_common.py          123   read                      : Read 5 bytes
2026-09-16 21:18:44,084 BTPWorkerThread-2615 (_rx_task) root DEBUG iutctl_common.py          131   read                      : Received: hdr: Header(svc_id=0x01, op=0x10, ctrl_index=0x00, data_len=0x00) bytearray(b'\x01\x10\x00\x00\x00')
2026-09-16 21:18:44,090 BTPWorkerThread-2615 (_rx_task) root DEBUG iutctl_common.py          154   read                      : Received data: {''}, bytearray(b'')
2026-09-16 21:18:44,090 LT1-thread root DEBUG gap.py                    1232  gap_command_rsp_succ      : received Header(svc_id=1, op=16, ctrl_index=0, data_len=0) (b'',)
2026-09-16 21:18:44,091 LT1-thread root DEBUG testcase.py               254   start                     : Starting test function: class=<class 'autopts.ptsprojects.testcase.TestFunc'>, func=<function core_reg_svc_l2cap at 0x000002A7673C89A0> start_wid=None stop_wid=None post_wid=None skip_call=None call_count=35 args=() kwds={}
2026-09-16 21:18:44,091 LT1-thread root DEBUG testcase.py               266   start                     : Test function parameters: args=(), kwds={}
2026-09-16 21:18:44,091 LT1-thread root DEBUG btp.py                    117   core_reg_svc_univ         : core_reg_svc_univ: l2cap_reg (L2CAP)
2026-09-16 21:18:44,091 LT1-thread root DEBUG iutctl_common.py          161   send                      : 0 3 255 '3'
2026-09-16 21:18:44,091 LT1-thread root DEBUG iutctl_common.py          166   send                      : sending frame '0003ff010003'
2026-09-16 21:18:44,091 LT1-thread root DEBUG btp.py                    618   core_reg_svc_rsp_succ     : 
2026-09-16 21:18:44,091 LT1-thread root DEBUG iutctl_common.py          339   read                      : 
2026-09-16 21:18:44,133 BTPWorkerThread-2615 (_rx_task) root DEBUG iutctl_common.py          123   read                      : Read 5 bytes
2026-09-16 21:18:44,144 BTPWorkerThread-2615 (_rx_task) root DEBUG iutctl_common.py          131   read                      : Received: hdr: Header(svc_id=0x00, op=0x03, ctrl_index=0xff, data_len=0x00) bytearray(b'\x00\x03\xff\x00\x00')
2026-09-16 21:18:44,155 BTPWorkerThread-2615 (_rx_task) root DEBUG iutctl_common.py          154   read                      : Received data: {''}, bytearray(b'')
2026-09-16 21:18:44,161 LT1-thread root DEBUG btp.py                    629   core_reg_svc_rsp_succ     : received Header(svc_id=0, op=3, ctrl_index=255, data_len=0) (b'',)
2026-09-16 21:18:44,161 LT1-thread root DEBUG btp.py                    630   core_reg_svc_rsp_succ     : expected ((0, 3, 255, 0), (b'',))
2026-09-16 21:18:44,161 LT1-thread root DEBUG btp.py                    635   core_reg_svc_rsp_succ     : response is valid
2026-09-16 21:18:44,161 LT1-thread root DEBUG btp.py                    638   core_reg_svc_rsp_succ     : Reading supported commands for service: L2CAP
2026-09-16 21:18:44,161 LT1-thread root DEBUG iutctl_common.py          161   send                      : 3 1 255 ''
2026-09-16 21:18:44,162 LT1-thread root DEBUG iutctl_common.py          166   send                      : sending frame '0301ff0000'
2026-09-16 21:18:44,162 LT1-thread root DEBUG iutctl_common.py          339   read                      : 
2026-09-16 21:18:44,193 BTPWorkerThread-2615 (_rx_task) root DEBUG iutctl_common.py          123   read                      : Read 5 bytes
2026-09-16 21:18:44,204 BTPWorkerThread-2615 (_rx_task) root DEBUG iutctl_common.py          131   read                      : Received: hdr: Header(svc_id=0x03, op=0x01, ctrl_index=0xff, data_len=0x02) bytearray(b'\x03\x01\xff\x02\x00')
2026-09-16 21:18:44,204 BTPWorkerThread-2615 (_rx_task) root DEBUG iutctl_common.py          139   read                      : Read 2 bytes data
2026-09-16 21:18:44,204 BTPWorkerThread-2615 (_rx_task) root DEBUG iutctl_common.py          154   read                      : Received data: {'be 1f'}, bytearray(b'\xbe\x1f')
2026-09-16 21:18:44,210 LT1-thread root DEBUG testcase.py               254   start                     : Starting test function: class=<class 'autopts.ptsprojects.testcase.TestFunc'>, func=<bound method Stack.l2cap_init of <autopts.ptsprojects.stack.stack.Stack object at 0x000002A768AF7AD0>> start_wid=None stop_wid=None post_wid=None skip_call=None call_count=35 args=(4097, 120) kwds={}
2026-09-16 21:18:44,210 LT1-thread root DEBUG testcase.py               266   start                     : Test function parameters: args=(4097, 120), kwds={}
2026-09-16 21:18:44,210 LT1-thread root DEBUG testcase.py               254   start                     : Starting test function: class=<class 'autopts.ptsprojects.testcase.TestFunc'>, func=<function gap_set_io_capability at 0x000002A7673E6A20> start_wid=None stop_wid=None post_wid=None skip_call=None call_count=1 args=(1,) kwds={}
2026-09-16 21:18:44,210 LT1-thread root DEBUG testcase.py               266   start                     : Test function parameters: args=(1,), kwds={}
2026-09-16 21:18:44,210 LT1-thread root DEBUG gap.py                    859   gap_set_io_capability     : 1
2026-09-16 21:18:44,210 LT1-thread root DEBUG iutctl_common.py          161   send                      : 1 16 0 '\x01'
2026-09-16 21:18:44,211 LT1-thread root DEBUG iutctl_common.py          166   send                      : sending frame '011000010001'
2026-09-16 21:18:44,211 LT1-thread root DEBUG gap.py                    1227  gap_command_rsp_succ      : 
2026-09-16 21:18:44,211 LT1-thread root DEBUG iutctl_common.py          339   read                      : 
2026-09-16 21:18:44,248 BTPWorkerThread-2615 (_rx_task) root DEBUG iutctl_common.py          123   read                      : Read 5 bytes
2026-09-16 21:18:44,270 BTPWorkerThread-2615 (_rx_task) root DEBUG iutctl_common.py          131   read                      : Received: hdr: Header(svc_id=0x01, op=0x10, ctrl_index=0x00, data_len=0x00) bytearray(b'\x01\x10\x00\x00\x00')
2026-09-16 21:18:44,270 BTPWorkerThread-2615 (_rx_task) root DEBUG iutctl_common.py          154   read                      : Received data: {''}, bytearray(b'')
2026-09-16 21:18:44,281 LT1-thread root DEBUG gap.py                    1232  gap_command_rsp_succ      : received Header(svc_id=1, op=16, ctrl_index=0, data_len=0) (b'',)
2026-09-16 21:18:44,283 LT1-thread root DEBUG client.py                 276   get_result                : ClientCallback.get_result run_test_case
2026-09-16 21:18:46,470 LT1-callback ClientCallback.on_implicit_send INFO client.py                 223   on_implicit_send          : 
    ********************
    BEGIN OnImplicitSend:
    project_name: GAP
    wid: 262
    test_case_name: GAP/SEC/SEM/BI-26-C
    description: Please bring IUT to Security Mode 4 level 3. Press OK to continue.
    style: MMI_Style_Ok_Cancel1 0x11041
2026-09-16 21:18:46,470 LT1-callback ClientCallback.on_implicit_send INFO client.py                 236   on_implicit_send          : Calling test cases on_implicit_send
2026-09-16 21:18:46,470 LT1-callback ClientCallback.on_implicit_send INFO client.py                 249   on_implicit_send          : 
    on_implicit_send returned response: WAIT
    END OnImplicitSend
    ********************
2026-09-16 21:18:47,284 LT1-thread root DEBUG testcase.py               679   run_wid                   : GAP GAP/SEC/SEM/BI-26-C on_implicit_send
2026-09-16 21:18:47,284 LT1-thread root DEBUG gap_wid.py                26    gap_wid_hdl               : gap_wid_hdl, 262, Please bring IUT to Security Mode 4 level 3. Press OK to continue., GAP/SEC/SEM/BI-26-C
2026-09-16 21:18:47,284 LT1-thread root DEBUG testcase.py               722   run_wid                   : Sending response 'OK' to wid 262 test case GAP/SEC/SEM/BI-26-C
2026-09-16 21:18:47,286 LT1-thread root DEBUG client.py                 276   get_result                : ClientCallback.get_result run_test_case
2026-09-16 21:18:51,848 LT1-callback ClientCallback.on_implicit_send INFO client.py                 223   on_implicit_send          : 
    ********************
    BEGIN OnImplicitSend:
    project_name: GAP
    wid: 102
    test_case_name: GAP/SEC/SEM/BI-26-C
    description: Please send an HCI connect request to establish a basic rate connection after the IUT discovers the Lower Tester over BR and LE.
    style: MMI_Style_Ok_Cancel2 0x11141
2026-09-16 21:18:51,848 LT1-callback ClientCallback.on_implicit_send INFO client.py                 236   on_implicit_send          : Calling test cases on_implicit_send
2026-09-16 21:18:51,848 LT1-callback ClientCallback.on_implicit_send INFO client.py                 249   on_implicit_send          : 
    on_implicit_send returned response: WAIT
    END OnImplicitSend
    ********************
2026-09-16 21:18:52,288 LT1-thread root DEBUG testcase.py               679   run_wid                   : GAP GAP/SEC/SEM/BI-26-C on_implicit_send
2026-09-16 21:18:52,288 LT1-thread root DEBUG gap_wid.py                26    gap_wid_hdl               : gap_wid_hdl, 102, Please send an HCI connect request to establish a basic rate connection after the IUT discovers the Lower Tester over BR and LE., GAP/SEC/SEM/BI-26-C
2026-09-16 21:18:52,288 LT1-thread root DEBUG gap.py                    1120  gap_start_discovery       : 
2026-09-16 21:18:52,288 LT1-thread root DEBUG iutctl_common.py          161   send                      : 1 12 0 '\x02'
2026-09-16 21:18:52,288 LT1-thread root DEBUG iutctl_common.py          166   send                      : sending frame '010c00010002'
2026-09-16 21:18:52,288 LT1-thread root DEBUG gap.py                    1227  gap_command_rsp_succ      : 
2026-09-16 21:18:52,289 LT1-thread root DEBUG iutctl_common.py          339   read                      : 
2026-09-16 21:18:52,327 BTPWorkerThread-2615 (_rx_task) root DEBUG iutctl_common.py          123   read                      : Read 5 bytes
2026-09-16 21:18:52,332 BTPWorkerThread-2615 (_rx_task) root DEBUG iutctl_common.py          131   read                      : Received: hdr: Header(svc_id=0x01, op=0x0c, ctrl_index=0x00, data_len=0x00) bytearray(b'\x01\x0c\x00\x00\x00')
2026-09-16 21:18:52,338 BTPWorkerThread-2615 (_rx_task) root DEBUG iutctl_common.py          154   read                      : Received data: {''}, bytearray(b'')
2026-09-16 21:18:52,349 LT1-thread root DEBUG gap.py                    1232  gap_command_rsp_succ      : received Header(svc_id=1, op=12, ctrl_index=0, data_len=0) (b'',)
2026-09-16 21:18:52,639 BTPWorkerThread-2615 (_rx_task) root DEBUG iutctl_common.py          123   read                      : Read 5 bytes
2026-09-16 21:18:52,639 BTPWorkerThread-2615 (_rx_task) root DEBUG iutctl_common.py          131   read                      : Received: hdr: Header(svc_id=0x01, op=0x81, ctrl_index=0x00, data_len=0x26) bytearray(b'\x01\x81\x00&\x00')
2026-09-16 21:18:52,639 BTPWorkerThread-2615 (_rx_task) root DEBUG iutctl_common.py          139   read                      : Read 38 bytes data
2026-09-16 21:18:52,640 BTPWorkerThread-2615 (_rx_task) root DEBUG iutctl_common.py          154   read                      : Received data: {'e0 53 00 4c 17 e5 44 b2 03 1b 00 09 09 4e 58 4c 36 36 35 32 38 02 0a 0c 0d 03 0c 11 0a 11 0b 11 0e 11 1f 11 1e 11'}, bytearray(b'\xe0S\x00L\x17\xe5D\xb2\x03\x1b\x00\t\tNXL66528\x02\n\x0c\r\x03\x0c\x11\n\x11\x0b\x11\x0e\x11\x1f\x11\x1e\x11')
2026-09-16 21:18:52,640 BTPWorkerThread-2615 (_rx_task) root DEBUG btp.py                    700   event_handler             : Header(svc_id=1, op=129, ctrl_index=0, data_len=38) (b'\xe0S\x00L\x17\xe5D\xb2\x03\x1b\x00\t\tNXL66528\x02\n\x0c\r\x03\x0c\x11\n\x11\x0b\x11\x0e\x11\x1f\x11\x1e\x11',)
2026-09-16 21:18:52,640 BTPWorkerThread-2615 (_rx_task) root DEBUG gap.py                    191   gap_device_found_ev_      : b'\xe0S\x00L\x17\xe5D\xb2\x03\x1b\x00\t\tNXL66528\x02\n\x0c\r\x03\x0c\x11\n\x11\x0b\x11\x0e\x11\x1f\x11\x1e\x11'
2026-09-16 21:18:52,640 BTPWorkerThread-2615 (_rx_task) root DEBUG gap.py                    205   gap_device_found_ev_      : found '44e5174c0053' type 224 eir b'\t\tNXL66528\x02\n\x0c\r\x03\x0c\x11\n\x11\x0b\x11\x0e\x11\x1f\x11\x1e\x11'
2026-09-16 21:18:53,501 BTPWorkerThread-2615 (_rx_task) root DEBUG iutctl_common.py          123   read                      : Read 5 bytes
2026-09-16 21:18:53,501 BTPWorkerThread-2615 (_rx_task) root DEBUG iutctl_common.py          131   read                      : Received: hdr: Header(svc_id=0x01, op=0x81, ctrl_index=0x00, data_len=0x26) bytearray(b'\x01\x81\x00&\x00')
2026-09-16 21:18:53,501 BTPWorkerThread-2615 (_rx_task) root DEBUG iutctl_common.py          139   read                      : Read 38 bytes data
2026-09-16 21:18:53,502 BTPWorkerThread-2615 (_rx_task) root DEBUG iutctl_common.py          154   read                      : Received data: {'e0 53 00 4c 17 e5 44 b3 03 1b 00 09 09 4e 58 4c 36 36 35 32 38 02 0a 0c 0d 03 0c 11 0a 11 0b 11 0e 11 1f 11 1e 11'}, bytearray(b'\xe0S\x00L\x17\xe5D\xb3\x03\x1b\x00\t\tNXL66528\x02\n\x0c\r\x03\x0c\x11\n\x11\x0b\x11\x0e\x11\x1f\x11\x1e\x11')
2026-09-16 21:18:53,502 BTPWorkerThread-2615 (_rx_task) root DEBUG btp.py                    700   event_handler             : Header(svc_id=1, op=129, ctrl_index=0, data_len=38) (b'\xe0S\x00L\x17\xe5D\xb3\x03\x1b\x00\t\tNXL66528\x02\n\x0c\r\x03\x0c\x11\n\x11\x0b\x11\x0e\x11\x1f\x11\x1e\x11',)
2026-09-16 21:18:53,502 BTPWorkerThread-2615 (_rx_task) root DEBUG gap.py                    191   gap_device_found_ev_      : b'\xe0S\x00L\x17\xe5D\xb3\x03\x1b\x00\t\tNXL66528\x02\n\x0c\r\x03\x0c\x11\n\x11\x0b\x11\x0e\x11\x1f\x11\x1e\x11'
2026-09-16 21:18:53,502 BTPWorkerThread-2615 (_rx_task) root DEBUG gap.py                    205   gap_device_found_ev_      : found '44e5174c0053' type 224 eir b'\t\tNXL66528\x02\n\x0c\r\x03\x0c\x11\n\x11\x0b\x11\x0e\x11\x1f\x11\x1e\x11'
2026-09-16 21:18:53,983 BTPWorkerThread-2615 (_rx_task) root DEBUG iutctl_common.py          123   read                      : Read 5 bytes
2026-09-16 21:18:53,984 BTPWorkerThread-2615 (_rx_task) root DEBUG iutctl_common.py          131   read                      : Received: hdr: Header(svc_id=0x01, op=0x81, ctrl_index=0x00, data_len=0x26) bytearray(b'\x01\x81\x00&\x00')
2026-09-16 21:18:53,984 BTPWorkerThread-2615 (_rx_task) root DEBUG iutctl_common.py          139   read                      : Read 38 bytes data
2026-09-16 21:18:53,984 BTPWorkerThread-2615 (_rx_task) root DEBUG iutctl_common.py          154   read                      : Received data: {'e0 53 00 4c 17 e5 44 b0 03 1b 00 09 09 4e 58 4c 36 36 35 32 38 02 0a 0c 0d 03 0c 11 0a 11 0b 11 0e 11 1f 11 1e 11'}, bytearray(b'\xe0S\x00L\x17\xe5D\xb0\x03\x1b\x00\t\tNXL66528\x02\n\x0c\r\x03\x0c\x11\n\x11\x0b\x11\x0e\x11\x1f\x11\x1e\x11')
2026-09-16 21:18:53,984 BTPWorkerThread-2615 (_rx_task) root DEBUG btp.py                    700   event_handler             : Header(svc_id=1, op=129, ctrl_index=0, data_len=38) (b'\xe0S\x00L\x17\xe5D\xb0\x03\x1b\x00\t\tNXL66528\x02\n\x0c\r\x03\x0c\x11\n\x11\x0b\x11\x0e\x11\x1f\x11\x1e\x11',)
2026-09-16 21:18:53,984 BTPWorkerThread-2615 (_rx_task) root DEBUG gap.py                    191   gap_device_found_ev_      : b'\xe0S\x00L\x17\xe5D\xb0\x03\x1b\x00\t\tNXL66528\x02\n\x0c\r\x03\x0c\x11\n\x11\x0b\x11\x0e\x11\x1f\x11\x1e\x11'
2026-09-16 21:18:53,984 BTPWorkerThread-2615 (_rx_task) root DEBUG gap.py                    205   gap_device_found_ev_      : found '44e5174c0053' type 224 eir b'\t\tNXL66528\x02\n\x0c\r\x03\x0c\x11\n\x11\x0b\x11\x0e\x11\x1f\x11\x1e\x11'
2026-09-16 21:18:54,016 BTPWorkerThread-2615 (_rx_task) root DEBUG iutctl_common.py          123   read                      : Read 5 bytes
2026-09-16 21:18:54,016 BTPWorkerThread-2615 (_rx_task) root DEBUG iutctl_common.py          131   read                      : Received: hdr: Header(svc_id=0x01, op=0x81, ctrl_index=0x00, data_len=0x26) bytearray(b'\x01\x81\x00&\x00')
2026-09-16 21:18:54,016 BTPWorkerThread-2615 (_rx_task) root DEBUG iutctl_common.py          139   read                      : Read 38 bytes data
2026-09-16 21:18:54,016 BTPWorkerThread-2615 (_rx_task) root DEBUG iutctl_common.py          154   read                      : Received data: {'e0 53 00 4c 17 e5 44 b1 03 1b 00 09 09 4e 58 4c 36 36 35 32 38 02 0a 0c 0d 03 0c 11 0a 11 0b 11 0e 11 1f 11 1e 11'}, bytearray(b'\xe0S\x00L\x17\xe5D\xb1\x03\x1b\x00\t\tNXL66528\x02\n\x0c\r\x03\x0c\x11\n\x11\x0b\x11\x0e\x11\x1f\x11\x1e\x11')
2026-09-16 21:18:54,016 BTPWorkerThread-2615 (_rx_task) root DEBUG btp.py                    700   event_handler             : Header(svc_id=1, op=129, ctrl_index=0, data_len=38) (b'\xe0S\x00L\x17\xe5D\xb1\x03\x1b\x00\t\tNXL66528\x02\n\x0c\r\x03\x0c\x11\n\x11\x0b\x11\x0e\x11\x1f\x11\x1e\x11',)
2026-09-16 21:18:54,016 BTPWorkerThread-2615 (_rx_task) root DEBUG gap.py                    191   gap_device_found_ev_      : b'\xe0S\x00L\x17\xe5D\xb1\x03\x1b\x00\t\tNXL66528\x02\n\x0c\r\x03\x0c\x11\n\x11\x0b\x11\x0e\x11\x1f\x11\x1e\x11'
2026-09-16 21:18:54,016 BTPWorkerThread-2615 (_rx_task) root DEBUG gap.py                    205   gap_device_found_ev_      : found '44e5174c0053' type 224 eir b'\t\tNXL66528\x02\n\x0c\r\x03\x0c\x11\n\x11\x0b\x11\x0e\x11\x1f\x11\x1e\x11'
2026-09-16 21:18:54,222 BTPWorkerThread-2615 (_rx_task) root DEBUG iutctl_common.py          123   read                      : Read 5 bytes
2026-09-16 21:18:54,223 BTPWorkerThread-2615 (_rx_task) root DEBUG iutctl_common.py          131   read                      : Received: hdr: Header(svc_id=0x01, op=0x81, ctrl_index=0x00, data_len=0x26) bytearray(b'\x01\x81\x00&\x00')
2026-09-16 21:18:54,223 BTPWorkerThread-2615 (_rx_task) root DEBUG iutctl_common.py          139   read                      : Read 38 bytes data
2026-09-16 21:18:54,223 BTPWorkerThread-2615 (_rx_task) root DEBUG iutctl_common.py          154   read                      : Received data: {'e0 53 00 4c 17 e5 44 b2 03 1b 00 09 09 4e 58 4c 36 36 35 32 38 02 0a 0c 0d 03 0c 11 0a 11 0b 11 0e 11 1f 11 1e 11'}, bytearray(b'\xe0S\x00L\x17\xe5D\xb2\x03\x1b\x00\t\tNXL66528\x02\n\x0c\r\x03\x0c\x11\n\x11\x0b\x11\x0e\x11\x1f\x11\x1e\x11')
2026-09-16 21:18:54,223 BTPWorkerThread-2615 (_rx_task) root DEBUG btp.py                    700   event_handler             : Header(svc_id=1, op=129, ctrl_index=0, data_len=38) (b'\xe0S\x00L\x17\xe5D\xb2\x03\x1b\x00\t\tNXL66528\x02\n\x0c\r\x03\x0c\x11\n\x11\x0b\x11\x0e\x11\x1f\x11\x1e\x11',)
2026-09-16 21:18:54,223 BTPWorkerThread-2615 (_rx_task) root DEBUG gap.py                    191   gap_device_found_ev_      : b'\xe0S\x00L\x17\xe5D\xb2\x03\x1b\x00\t\tNXL66528\x02\n\x0c\r\x03\x0c\x11\n\x11\x0b\x11\x0e\x11\x1f\x11\x1e\x11'
2026-09-16 21:18:54,223 BTPWorkerThread-2615 (_rx_task) root DEBUG gap.py                    205   gap_device_found_ev_      : found '44e5174c0053' type 224 eir b'\t\tNXL66528\x02\n\x0c\r\x03\x0c\x11\n\x11\x0b\x11\x0e\x11\x1f\x11\x1e\x11'
2026-09-16 21:18:54,398 BTPWorkerThread-2615 (_rx_task) root DEBUG iutctl_common.py          123   read                      : Read 5 bytes
2026-09-16 21:18:54,398 BTPWorkerThread-2615 (_rx_task) root DEBUG iutctl_common.py          131   read                      : Received: hdr: Header(svc_id=0x01, op=0x81, ctrl_index=0x00, data_len=0x1a) bytearray(b'\x01\x81\x00\x1a\x00')
2026-09-16 21:18:54,398 BTPWorkerThread-2615 (_rx_task) root DEBUG iutctl_common.py          139   read                      : Read 26 bytes data
2026-09-16 21:18:54,398 BTPWorkerThread-2615 (_rx_task) root DEBUG iutctl_common.py          154   read                      : Received data: {'e0 4e e4 08 dc 1b 00 cf 03 0f 00 0e 09 50 54 53 2d 47 41 50 2d 45 34 34 45 00'}, bytearray(b'\xe0N\xe4\x08\xdc\x1b\x00\xcf\x03\x0f\x00\x0e\tPTS-GAP-E44E\x00')
2026-09-16 21:18:54,398 BTPWorkerThread-2615 (_rx_task) root DEBUG btp.py                    700   event_handler             : Header(svc_id=1, op=129, ctrl_index=0, data_len=26) (b'\xe0N\xe4\x08\xdc\x1b\x00\xcf\x03\x0f\x00\x0e\tPTS-GAP-E44E\x00',)
2026-09-16 21:18:54,398 BTPWorkerThread-2615 (_rx_task) root DEBUG gap.py                    191   gap_device_found_ev_      : b'\xe0N\xe4\x08\xdc\x1b\x00\xcf\x03\x0f\x00\x0e\tPTS-GAP-E44E\x00'
2026-09-16 21:18:54,398 BTPWorkerThread-2615 (_rx_task) root DEBUG gap.py                    205   gap_device_found_ev_      : found '001bdc08e44e' type 224 eir b'\x0e\tPTS-GAP-E44E\x00'
2026-09-16 21:18:54,442 BTPWorkerThread-2615 (_rx_task) root DEBUG iutctl_common.py          123   read                      : Read 5 bytes
2026-09-16 21:18:54,443 BTPWorkerThread-2615 (_rx_task) root DEBUG iutctl_common.py          131   read                      : Received: hdr: Header(svc_id=0x01, op=0x81, ctrl_index=0x00, data_len=0x26) bytearray(b'\x01\x81\x00&\x00')
2026-09-16 21:18:54,443 BTPWorkerThread-2615 (_rx_task) root DEBUG iutctl_common.py          139   read                      : Read 35 bytes data
2026-09-16 21:18:54,453 BTPWorkerThread-2615 (_rx_task) root DEBUG iutctl_common.py          139   read                      : Read 3 bytes data
2026-09-16 21:18:54,454 BTPWorkerThread-2615 (_rx_task) root DEBUG iutctl_common.py          154   read                      : Received data: {'e0 53 00 4c 17 e5 44 b4 03 1b 00 09 09 4e 58 4c 36 36 35 32 38 02 0a 0c 0d 03 0c 11 0a 11 0b 11 0e 11 1f 11 1e 11'}, bytearray(b'\xe0S\x00L\x17\xe5D\xb4\x03\x1b\x00\t\tNXL66528\x02\n\x0c\r\x03\x0c\x11\n\x11\x0b\x11\x0e\x11\x1f\x11\x1e\x11')
2026-09-16 21:18:54,454 BTPWorkerThread-2615 (_rx_task) root DEBUG btp.py                    700   event_handler             : Header(svc_id=1, op=129, ctrl_index=0, data_len=38) (b'\xe0S\x00L\x17\xe5D\xb4\x03\x1b\x00\t\tNXL66528\x02\n\x0c\r\x03\x0c\x11\n\x11\x0b\x11\x0e\x11\x1f\x11\x1e\x11',)
2026-09-16 21:18:54,454 BTPWorkerThread-2615 (_rx_task) root DEBUG gap.py                    191   gap_device_found_ev_      : b'\xe0S\x00L\x17\xe5D\xb4\x03\x1b\x00\t\tNXL66528\x02\n\x0c\r\x03\x0c\x11\n\x11\x0b\x11\x0e\x11\x1f\x11\x1e\x11'
2026-09-16 21:18:54,454 BTPWorkerThread-2615 (_rx_task) root DEBUG gap.py                    205   gap_device_found_ev_      : found '44e5174c0053' type 224 eir b'\t\tNXL66528\x02\n\x0c\r\x03\x0c\x11\n\x11\x0b\x11\x0e\x11\x1f\x11\x1e\x11'
2026-09-16 21:18:54,745 BTPWorkerThread-2615 (_rx_task) root DEBUG iutctl_common.py          123   read                      : Read 5 bytes
2026-09-16 21:18:54,745 BTPWorkerThread-2615 (_rx_task) root DEBUG iutctl_common.py          131   read                      : Received: hdr: Header(svc_id=0x01, op=0x81, ctrl_index=0x00, data_len=0x1a) bytearray(b'\x01\x81\x00\x1a\x00')
2026-09-16 21:18:54,746 BTPWorkerThread-2615 (_rx_task) root DEBUG iutctl_common.py          139   read                      : Read 26 bytes data
2026-09-16 21:18:54,746 BTPWorkerThread-2615 (_rx_task) root DEBUG iutctl_common.py          154   read                      : Received data: {'e0 4e e4 08 dc 1b 00 d2 03 0f 00 0e 09 50 54 53 2d 47 41 50 2d 45 34 34 45 00'}, bytearray(b'\xe0N\xe4\x08\xdc\x1b\x00\xd2\x03\x0f\x00\x0e\tPTS-GAP-E44E\x00')
2026-09-16 21:18:54,746 BTPWorkerThread-2615 (_rx_task) root DEBUG btp.py                    700   event_handler             : Header(svc_id=1, op=129, ctrl_index=0, data_len=26) (b'\xe0N\xe4\x08\xdc\x1b\x00\xd2\x03\x0f\x00\x0e\tPTS-GAP-E44E\x00',)
2026-09-16 21:18:54,746 BTPWorkerThread-2615 (_rx_task) root DEBUG gap.py                    191   gap_device_found_ev_      : b'\xe0N\xe4\x08\xdc\x1b\x00\xd2\x03\x0f\x00\x0e\tPTS-GAP-E44E\x00'
2026-09-16 21:18:54,746 BTPWorkerThread-2615 (_rx_task) root DEBUG gap.py                    205   gap_device_found_ev_      : found '001bdc08e44e' type 224 eir b'\x0e\tPTS-GAP-E44E\x00'
2026-09-16 21:18:55,148 BTPWorkerThread-2615 (_rx_task) root DEBUG iutctl_common.py          123   read                      : Read 5 bytes
2026-09-16 21:18:55,148 BTPWorkerThread-2615 (_rx_task) root DEBUG iutctl_common.py          131   read                      : Received: hdr: Header(svc_id=0x01, op=0x81, ctrl_index=0x00, data_len=0x0b) bytearray(b'\x01\x81\x00\x0b\x00')
2026-09-16 21:18:55,148 BTPWorkerThread-2615 (_rx_task) root DEBUG iutctl_common.py          139   read                      : Read 11 bytes data
2026-09-16 21:18:55,149 BTPWorkerThread-2615 (_rx_task) root DEBUG iutctl_common.py          154   read                      : Received data: {'e0 95 83 06 dc 1b 00 a7 03 00 00'}, bytearray(b'\xe0\x95\x83\x06\xdc\x1b\x00\xa7\x03\x00\x00')
2026-09-16 21:18:55,149 BTPWorkerThread-2615 (_rx_task) root DEBUG btp.py                    700   event_handler             : Header(svc_id=1, op=129, ctrl_index=0, data_len=11) (b'\xe0\x95\x83\x06\xdc\x1b\x00\xa7\x03\x00\x00',)
2026-09-16 21:18:55,149 BTPWorkerThread-2615 (_rx_task) root DEBUG gap.py                    191   gap_device_found_ev_      : b'\xe0\x95\x83\x06\xdc\x1b\x00\xa7\x03\x00\x00'
2026-09-16 21:18:55,149 BTPWorkerThread-2615 (_rx_task) root DEBUG gap.py                    205   gap_device_found_ev_      : found '001bdc068395' type 224 eir b''
2026-09-16 21:18:55,192 BTPWorkerThread-2615 (_rx_task) root DEBUG iutctl_common.py          123   read                      : Read 5 bytes
2026-09-16 21:18:55,193 BTPWorkerThread-2615 (_rx_task) root DEBUG iutctl_common.py          131   read                      : Received: hdr: Header(svc_id=0x01, op=0x81, ctrl_index=0x00, data_len=0x26) bytearray(b'\x01\x81\x00&\x00')
2026-09-16 21:18:55,193 BTPWorkerThread-2615 (_rx_task) root DEBUG iutctl_common.py          139   read                      : Read 1 bytes data
2026-09-16 21:18:55,203 BTPWorkerThread-2615 (_rx_task) root DEBUG iutctl_common.py          139   read                      : Read 37 bytes data
2026-09-16 21:18:55,204 BTPWorkerThread-2615 (_rx_task) root DEBUG iutctl_common.py          154   read                      : Received data: {'e0 53 00 4c 17 e5 44 b1 03 1b 00 09 09 4e 58 4c 36 36 35 32 38 02 0a 0c 0d 03 0c 11 0a 11 0b 11 0e 11 1f 11 1e 11'}, bytearray(b'\xe0S\x00L\x17\xe5D\xb1\x03\x1b\x00\t\tNXL66528\x02\n\x0c\r\x03\x0c\x11\n\x11\x0b\x11\x0e\x11\x1f\x11\x1e\x11')
2026-09-16 21:18:55,204 BTPWorkerThread-2615 (_rx_task) root DEBUG btp.py                    700   event_handler             : Header(svc_id=1, op=129, ctrl_index=0, data_len=38) (b'\xe0S\x00L\x17\xe5D\xb1\x03\x1b\x00\t\tNXL66528\x02\n\x0c\r\x03\x0c\x11\n\x11\x0b\x11\x0e\x11\x1f\x11\x1e\x11',)
2026-09-16 21:18:55,204 BTPWorkerThread-2615 (_rx_task) root DEBUG gap.py                    191   gap_device_found_ev_      : b'\xe0S\x00L\x17\xe5D\xb1\x03\x1b\x00\t\tNXL66528\x02\n\x0c\r\x03\x0c\x11\n\x11\x0b\x11\x0e\x11\x1f\x11\x1e\x11'
2026-09-16 21:18:55,204 BTPWorkerThread-2615 (_rx_task) root DEBUG gap.py                    205   gap_device_found_ev_      : found '44e5174c0053' type 224 eir b'\t\tNXL66528\x02\n\x0c\r\x03\x0c\x11\n\x11\x0b\x11\x0e\x11\x1f\x11\x1e\x11'
2026-09-16 21:18:55,585 BTPWorkerThread-2615 (_rx_task) root DEBUG iutctl_common.py          123   read                      : Read 5 bytes
2026-09-16 21:18:55,586 BTPWorkerThread-2615 (_rx_task) root DEBUG iutctl_common.py          131   read                      : Received: hdr: Header(svc_id=0x01, op=0x81, ctrl_index=0x00, data_len=0x2a) bytearray(b'\x01\x81\x00*\x00')
2026-09-16 21:18:55,586 BTPWorkerThread-2615 (_rx_task) root DEBUG iutctl_common.py          139   read                      : Read 42 bytes data
2026-09-16 21:18:55,586 BTPWorkerThread-2615 (_rx_task) root DEBUG iutctl_common.py          154   read                      : Received data: {'e0 95 83 06 dc 1b 00 ac 03 1f 00 1e 09 48 46 50 20 41 47 20 44 65 6d 6f 20 30 30 3a 31 42 3a 44 43 3a 30 36 3a 38 33 3a 39 35'}, bytearray(b'\xe0\x95\x83\x06\xdc\x1b\x00\xac\x03\x1f\x00\x1e\tHFP AG Demo 00:1B:DC:06:83:95')
2026-09-16 21:18:55,586 BTPWorkerThread-2615 (_rx_task) root DEBUG btp.py                    700   event_handler             : Header(svc_id=1, op=129, ctrl_index=0, data_len=42) (b'\xe0\x95\x83\x06\xdc\x1b\x00\xac\x03\x1f\x00\x1e\tHFP AG Demo 00:1B:DC:06:83:95',)
2026-09-16 21:18:55,586 BTPWorkerThread-2615 (_rx_task) root DEBUG gap.py                    191   gap_device_found_ev_      : b'\xe0\x95\x83\x06\xdc\x1b\x00\xac\x03\x1f\x00\x1e\tHFP AG Demo 00:1B:DC:06:83:95'
2026-09-16 21:18:55,586 BTPWorkerThread-2615 (_rx_task) root DEBUG gap.py                    205   gap_device_found_ev_      : found '001bdc068395' type 224 eir b'\x1e\tHFP AG Demo 00:1B:DC:06:83:95'
2026-09-16 21:18:55,803 BTPWorkerThread-2615 (_rx_task) root DEBUG iutctl_common.py          123   read                      : Read 5 bytes
2026-09-16 21:18:55,804 BTPWorkerThread-2615 (_rx_task) root DEBUG iutctl_common.py          131   read                      : Received: hdr: Header(svc_id=0x01, op=0x81, ctrl_index=0x00, data_len=0x0b) bytearray(b'\x01\x81\x00\x0b\x00')
2026-09-16 21:18:55,804 BTPWorkerThread-2615 (_rx_task) root DEBUG iutctl_common.py          139   read                      : Read 11 bytes data
2026-09-16 21:18:55,804 BTPWorkerThread-2615 (_rx_task) root DEBUG iutctl_common.py          154   read                      : Received data: {'e0 4d 65 9b 70 f3 5c a4 03 00 00'}, bytearray(b'\xe0Me\x9bp\xf3\\\xa4\x03\x00\x00')
2026-09-16 21:18:55,804 BTPWorkerThread-2615 (_rx_task) root DEBUG btp.py                    700   event_handler             : Header(svc_id=1, op=129, ctrl_index=0, data_len=11) (b'\xe0Me\x9bp\xf3\\\xa4\x03\x00\x00',)
2026-09-16 21:18:55,804 BTPWorkerThread-2615 (_rx_task) root DEBUG gap.py                    191   gap_device_found_ev_      : b'\xe0Me\x9bp\xf3\\\xa4\x03\x00\x00'
2026-09-16 21:18:55,804 BTPWorkerThread-2615 (_rx_task) root DEBUG gap.py                    205   gap_device_found_ev_      : found '5cf3709b654d' type 224 eir b''
2026-09-16 21:18:56,738 BTPWorkerThread-2615 (_rx_task) root DEBUG iutctl_common.py          123   read                      : Read 5 bytes
2026-09-16 21:18:56,738 BTPWorkerThread-2615 (_rx_task) root DEBUG iutctl_common.py          131   read                      : Received: hdr: Header(svc_id=0x01, op=0x81, ctrl_index=0x00, data_len=0x26) bytearray(b'\x01\x81\x00&\x00')
2026-09-16 21:18:56,738 BTPWorkerThread-2615 (_rx_task) root DEBUG iutctl_common.py          139   read                      : Read 38 bytes data
2026-09-16 21:18:56,739 BTPWorkerThread-2615 (_rx_task) root DEBUG iutctl_common.py          154   read                      : Received data: {'e0 53 00 4c 17 e5 44 b1 03 1b 00 09 09 4e 58 4c 36 36 35 32 38 02 0a 0c 0d 03 0c 11 0a 11 0b 11 0e 11 1f 11 1e 11'}, bytearray(b'\xe0S\x00L\x17\xe5D\xb1\x03\x1b\x00\t\tNXL66528\x02\n\x0c\r\x03\x0c\x11\n\x11\x0b\x11\x0e\x11\x1f\x11\x1e\x11')
2026-09-16 21:18:56,739 BTPWorkerThread-2615 (_rx_task) root DEBUG btp.py                    700   event_handler             : Header(svc_id=1, op=129, ctrl_index=0, data_len=38) (b'\xe0S\x00L\x17\xe5D\xb1\x03\x1b\x00\t\tNXL66528\x02\n\x0c\r\x03\x0c\x11\n\x11\x0b\x11\x0e\x11\x1f\x11\x1e\x11',)
2026-09-16 21:18:56,739 BTPWorkerThread-2615 (_rx_task) root DEBUG gap.py                    191   gap_device_found_ev_      : b'\xe0S\x00L\x17\xe5D\xb1\x03\x1b\x00\t\tNXL66528\x02\n\x0c\r\x03\x0c\x11\n\x11\x0b\x11\x0e\x11\x1f\x11\x1e\x11'
2026-09-16 21:18:56,739 BTPWorkerThread-2615 (_rx_task) root DEBUG gap.py                    205   gap_device_found_ev_      : found '44e5174c0053' type 224 eir b'\t\tNXL66528\x02\n\x0c\r\x03\x0c\x11\n\x11\x0b\x11\x0e\x11\x1f\x11\x1e\x11'
2026-09-16 21:18:57,421 BTPWorkerThread-2615 (_rx_task) root DEBUG iutctl_common.py          123   read                      : Read 5 bytes
2026-09-16 21:18:57,421 BTPWorkerThread-2615 (_rx_task) root DEBUG iutctl_common.py          131   read                      : Received: hdr: Header(svc_id=0x01, op=0x81, ctrl_index=0x00, data_len=0x26) bytearray(b'\x01\x81\x00&\x00')
2026-09-16 21:18:57,422 BTPWorkerThread-2615 (_rx_task) root DEBUG iutctl_common.py          139   read                      : Read 38 bytes data
2026-09-16 21:18:57,422 BTPWorkerThread-2615 (_rx_task) root DEBUG iutctl_common.py          154   read                      : Received data: {'e0 53 00 4c 17 e5 44 b1 03 1b 00 09 09 4e 58 4c 36 36 35 32 38 02 0a 0c 0d 03 0c 11 0a 11 0b 11 0e 11 1f 11 1e 11'}, bytearray(b'\xe0S\x00L\x17\xe5D\xb1\x03\x1b\x00\t\tNXL66528\x02\n\x0c\r\x03\x0c\x11\n\x11\x0b\x11\x0e\x11\x1f\x11\x1e\x11')
2026-09-16 21:18:57,422 BTPWorkerThread-2615 (_rx_task) root DEBUG btp.py                    700   event_handler             : Header(svc_id=1, op=129, ctrl_index=0, data_len=38) (b'\xe0S\x00L\x17\xe5D\xb1\x03\x1b\x00\t\tNXL66528\x02\n\x0c\r\x03\x0c\x11\n\x11\x0b\x11\x0e\x11\x1f\x11\x1e\x11',)
2026-09-16 21:18:57,422 BTPWorkerThread-2615 (_rx_task) root DEBUG gap.py                    191   gap_device_found_ev_      : b'\xe0S\x00L\x17\xe5D\xb1\x03\x1b\x00\t\tNXL66528\x02\n\x0c\r\x03\x0c\x11\n\x11\x0b\x11\x0e\x11\x1f\x11\x1e\x11'
2026-09-16 21:18:57,422 BTPWorkerThread-2615 (_rx_task) root DEBUG gap.py                    205   gap_device_found_ev_      : found '44e5174c0053' type 224 eir b'\t\tNXL66528\x02\n\x0c\r\x03\x0c\x11\n\x11\x0b\x11\x0e\x11\x1f\x11\x1e\x11'
2026-09-16 21:18:57,485 BTPWorkerThread-2615 (_rx_task) root DEBUG iutctl_common.py          123   read                      : Read 5 bytes
2026-09-16 21:18:57,486 BTPWorkerThread-2615 (_rx_task) root DEBUG iutctl_common.py          131   read                      : Received: hdr: Header(svc_id=0x01, op=0x81, ctrl_index=0x00, data_len=0x2a) bytearray(b'\x01\x81\x00*\x00')
2026-09-16 21:18:57,486 BTPWorkerThread-2615 (_rx_task) root DEBUG iutctl_common.py          139   read                      : Read 42 bytes data
2026-09-16 21:18:57,486 BTPWorkerThread-2615 (_rx_task) root DEBUG iutctl_common.py          154   read                      : Received data: {'e0 cd 83 06 dc 1b 00 ac 03 1f 00 1e 09 41 32 44 50 20 53 6f 75 72 63 65 20 30 30 3a 31 42 3a 44 43 3a 30 36 3a 38 33 3a 43 44'}, bytearray(b'\xe0\xcd\x83\x06\xdc\x1b\x00\xac\x03\x1f\x00\x1e\tA2DP Source 00:1B:DC:06:83:CD')
2026-09-16 21:18:57,486 BTPWorkerThread-2615 (_rx_task) root DEBUG btp.py                    700   event_handler             : Header(svc_id=1, op=129, ctrl_index=0, data_len=42) (b'\xe0\xcd\x83\x06\xdc\x1b\x00\xac\x03\x1f\x00\x1e\tA2DP Source 00:1B:DC:06:83:CD',)
2026-09-16 21:18:57,486 BTPWorkerThread-2615 (_rx_task) root DEBUG gap.py                    191   gap_device_found_ev_      : b'\xe0\xcd\x83\x06\xdc\x1b\x00\xac\x03\x1f\x00\x1e\tA2DP Source 00:1B:DC:06:83:CD'
2026-09-16 21:18:57,486 BTPWorkerThread-2615 (_rx_task) root DEBUG gap.py                    205   gap_device_found_ev_      : found '001bdc0683cd' type 224 eir b'\x1e\tA2DP Source 00:1B:DC:06:83:CD'
2026-09-16 21:18:57,680 BTPWorkerThread-2615 (_rx_task) root DEBUG iutctl_common.py          123   read                      : Read 5 bytes
2026-09-16 21:18:57,681 BTPWorkerThread-2615 (_rx_task) root DEBUG iutctl_common.py          131   read                      : Received: hdr: Header(svc_id=0x01, op=0x81, ctrl_index=0x00, data_len=0x2a) bytearray(b'\x01\x81\x00*\x00')
2026-09-16 21:18:57,681 BTPWorkerThread-2615 (_rx_task) root DEBUG iutctl_common.py          139   read                      : Read 16 bytes data
2026-09-16 21:18:57,692 BTPWorkerThread-2615 (_rx_task) root DEBUG iutctl_common.py          139   read                      : Read 26 bytes data
2026-09-16 21:18:57,692 BTPWorkerThread-2615 (_rx_task) root DEBUG iutctl_common.py          154   read                      : Received data: {'e0 cd 83 06 dc 1b 00 a1 03 1f 00 1e 09 41 32 44 50 20 53 6f 75 72 63 65 20 30 30 3a 31 42 3a 44 43 3a 30 36 3a 38 33 3a 43 44'}, bytearray(b'\xe0\xcd\x83\x06\xdc\x1b\x00\xa1\x03\x1f\x00\x1e\tA2DP Source 00:1B:DC:06:83:CD')
2026-09-16 21:18:57,693 BTPWorkerThread-2615 (_rx_task) root DEBUG btp.py                    700   event_handler             : Header(svc_id=1, op=129, ctrl_index=0, data_len=42) (b'\xe0\xcd\x83\x06\xdc\x1b\x00\xa1\x03\x1f\x00\x1e\tA2DP Source 00:1B:DC:06:83:CD',)
2026-09-16 21:18:57,693 BTPWorkerThread-2615 (_rx_task) root DEBUG gap.py                    191   gap_device_found_ev_      : b'\xe0\xcd\x83\x06\xdc\x1b\x00\xa1\x03\x1f\x00\x1e\tA2DP Source 00:1B:DC:06:83:CD'
2026-09-16 21:18:57,693 BTPWorkerThread-2615 (_rx_task) root DEBUG gap.py                    205   gap_device_found_ev_      : found '001bdc0683cd' type 224 eir b'\x1e\tA2DP Source 00:1B:DC:06:83:CD'
2026-09-16 21:18:58,075 BTPWorkerThread-2615 (_rx_task) root DEBUG iutctl_common.py          123   read                      : Read 5 bytes
2026-09-16 21:18:58,076 BTPWorkerThread-2615 (_rx_task) root DEBUG iutctl_common.py          131   read                      : Received: hdr: Header(svc_id=0x01, op=0x81, ctrl_index=0x00, data_len=0x2a) bytearray(b'\x01\x81\x00*\x00')
2026-09-16 21:18:58,076 BTPWorkerThread-2615 (_rx_task) root DEBUG iutctl_common.py          139   read                      : Read 42 bytes data
2026-09-16 21:18:58,076 BTPWorkerThread-2615 (_rx_task) root DEBUG iutctl_common.py          154   read                      : Received data: {'e0 cd 83 06 dc 1b 00 a6 03 1f 00 1e 09 41 32 44 50 20 53 6f 75 72 63 65 20 30 30 3a 31 42 3a 44 43 3a 30 36 3a 38 33 3a 43 44'}, bytearray(b'\xe0\xcd\x83\x06\xdc\x1b\x00\xa6\x03\x1f\x00\x1e\tA2DP Source 00:1B:DC:06:83:CD')
2026-09-16 21:18:58,076 BTPWorkerThread-2615 (_rx_task) root DEBUG btp.py                    700   event_handler             : Header(svc_id=1, op=129, ctrl_index=0, data_len=42) (b'\xe0\xcd\x83\x06\xdc\x1b\x00\xa6\x03\x1f\x00\x1e\tA2DP Source 00:1B:DC:06:83:CD',)
2026-09-16 21:18:58,076 BTPWorkerThread-2615 (_rx_task) root DEBUG gap.py                    191   gap_device_found_ev_      : b'\xe0\xcd\x83\x06\xdc\x1b\x00\xa6\x03\x1f\x00\x1e\tA2DP Source 00:1B:DC:06:83:CD'
2026-09-16 21:18:58,076 BTPWorkerThread-2615 (_rx_task) root DEBUG gap.py                    205   gap_device_found_ev_      : found '001bdc0683cd' type 224 eir b'\x1e\tA2DP Source 00:1B:DC:06:83:CD'
2026-09-16 21:18:58,566 BTPWorkerThread-2615 (_rx_task) root DEBUG iutctl_common.py          123   read                      : Read 5 bytes
2026-09-16 21:18:58,566 BTPWorkerThread-2615 (_rx_task) root DEBUG iutctl_common.py          131   read                      : Received: hdr: Header(svc_id=0x01, op=0x81, ctrl_index=0x00, data_len=0x26) bytearray(b'\x01\x81\x00&\x00')
2026-09-16 21:18:58,567 BTPWorkerThread-2615 (_rx_task) root DEBUG iutctl_common.py          139   read                      : Read 38 bytes data
2026-09-16 21:18:58,567 BTPWorkerThread-2615 (_rx_task) root DEBUG iutctl_common.py          154   read                      : Received data: {'e0 53 00 4c 17 e5 44 b1 03 1b 00 09 09 4e 58 4c 36 36 35 32 38 02 0a 0c 0d 03 0c 11 0a 11 0b 11 0e 11 1f 11 1e 11'}, bytearray(b'\xe0S\x00L\x17\xe5D\xb1\x03\x1b\x00\t\tNXL66528\x02\n\x0c\r\x03\x0c\x11\n\x11\x0b\x11\x0e\x11\x1f\x11\x1e\x11')
2026-09-16 21:18:58,567 BTPWorkerThread-2615 (_rx_task) root DEBUG btp.py                    700   event_handler             : Header(svc_id=1, op=129, ctrl_index=0, data_len=38) (b'\xe0S\x00L\x17\xe5D\xb1\x03\x1b\x00\t\tNXL66528\x02\n\x0c\r\x03\x0c\x11\n\x11\x0b\x11\x0e\x11\x1f\x11\x1e\x11',)
2026-09-16 21:18:58,567 BTPWorkerThread-2615 (_rx_task) root DEBUG gap.py                    191   gap_device_found_ev_      : b'\xe0S\x00L\x17\xe5D\xb1\x03\x1b\x00\t\tNXL66528\x02\n\x0c\r\x03\x0c\x11\n\x11\x0b\x11\x0e\x11\x1f\x11\x1e\x11'
2026-09-16 21:18:58,567 BTPWorkerThread-2615 (_rx_task) root DEBUG gap.py                    205   gap_device_found_ev_      : found '44e5174c0053' type 224 eir b'\t\tNXL66528\x02\n\x0c\r\x03\x0c\x11\n\x11\x0b\x11\x0e\x11\x1f\x11\x1e\x11'
2026-09-16 21:18:58,588 BTPWorkerThread-2615 (_rx_task) root DEBUG iutctl_common.py          123   read                      : Read 5 bytes
2026-09-16 21:18:58,589 BTPWorkerThread-2615 (_rx_task) root DEBUG iutctl_common.py          131   read                      : Received: hdr: Header(svc_id=0x01, op=0x81, ctrl_index=0x00, data_len=0x2a) bytearray(b'\x01\x81\x00*\x00')
2026-09-16 21:18:58,589 BTPWorkerThread-2615 (_rx_task) root DEBUG iutctl_common.py          139   read                      : Read 42 bytes data
2026-09-16 21:18:58,589 BTPWorkerThread-2615 (_rx_task) root DEBUG iutctl_common.py          154   read                      : Received data: {'e0 cd 83 06 dc 1b 00 b1 03 1f 00 1e 09 41 32 44 50 20 53 6f 75 72 63 65 20 30 30 3a 31 42 3a 44 43 3a 30 36 3a 38 33 3a 43 44'}, bytearray(b'\xe0\xcd\x83\x06\xdc\x1b\x00\xb1\x03\x1f\x00\x1e\tA2DP Source 00:1B:DC:06:83:CD')
2026-09-16 21:18:58,589 BTPWorkerThread-2615 (_rx_task) root DEBUG btp.py                    700   event_handler             : Header(svc_id=1, op=129, ctrl_index=0, data_len=42) (b'\xe0\xcd\x83\x06\xdc\x1b\x00\xb1\x03\x1f\x00\x1e\tA2DP Source 00:1B:DC:06:83:CD',)
2026-09-16 21:18:58,589 BTPWorkerThread-2615 (_rx_task) root DEBUG gap.py                    191   gap_device_found_ev_      : b'\xe0\xcd\x83\x06\xdc\x1b\x00\xb1\x03\x1f\x00\x1e\tA2DP Source 00:1B:DC:06:83:CD'
2026-09-16 21:18:58,589 BTPWorkerThread-2615 (_rx_task) root DEBUG gap.py                    205   gap_device_found_ev_      : found '001bdc0683cd' type 224 eir b'\x1e\tA2DP Source 00:1B:DC:06:83:CD'
2026-09-16 21:18:58,753 BTPWorkerThread-2615 (_rx_task) root DEBUG iutctl_common.py          123   read                      : Read 5 bytes
2026-09-16 21:18:58,753 BTPWorkerThread-2615 (_rx_task) root DEBUG iutctl_common.py          131   read                      : Received: hdr: Header(svc_id=0x01, op=0x81, ctrl_index=0x00, data_len=0x2a) bytearray(b'\x01\x81\x00*\x00')
2026-09-16 21:18:58,753 BTPWorkerThread-2615 (_rx_task) root DEBUG iutctl_common.py          139   read                      : Read 13 bytes data
2026-09-16 21:18:58,764 BTPWorkerThread-2615 (_rx_task) root DEBUG iutctl_common.py          139   read                      : Read 29 bytes data
2026-09-16 21:18:58,765 BTPWorkerThread-2615 (_rx_task) root DEBUG iutctl_common.py          154   read                      : Received data: {'e0 cd 83 06 dc 1b 00 a8 03 1f 00 1e 09 41 32 44 50 20 53 6f 75 72 63 65 20 30 30 3a 31 42 3a 44 43 3a 30 36 3a 38 33 3a 43 44'}, bytearray(b'\xe0\xcd\x83\x06\xdc\x1b\x00\xa8\x03\x1f\x00\x1e\tA2DP Source 00:1B:DC:06:83:CD')
2026-09-16 21:18:58,765 BTPWorkerThread-2615 (_rx_task) root DEBUG btp.py                    700   event_handler             : Header(svc_id=1, op=129, ctrl_index=0, data_len=42) (b'\xe0\xcd\x83\x06\xdc\x1b\x00\xa8\x03\x1f\x00\x1e\tA2DP Source 00:1B:DC:06:83:CD',)
2026-09-16 21:18:58,765 BTPWorkerThread-2615 (_rx_task) root DEBUG gap.py                    191   gap_device_found_ev_      : b'\xe0\xcd\x83\x06\xdc\x1b\x00\xa8\x03\x1f\x00\x1e\tA2DP Source 00:1B:DC:06:83:CD'
2026-09-16 21:18:58,765 BTPWorkerThread-2615 (_rx_task) root DEBUG gap.py                    205   gap_device_found_ev_      : found '001bdc0683cd' type 224 eir b'\x1e\tA2DP Source 00:1B:DC:06:83:CD'
2026-09-16 21:18:58,829 BTPWorkerThread-2615 (_rx_task) root DEBUG iutctl_common.py          123   read                      : Read 5 bytes
2026-09-16 21:18:58,830 BTPWorkerThread-2615 (_rx_task) root DEBUG iutctl_common.py          131   read                      : Received: hdr: Header(svc_id=0x01, op=0x81, ctrl_index=0x00, data_len=0x26) bytearray(b'\x01\x81\x00&\x00')
2026-09-16 21:18:58,830 BTPWorkerThread-2615 (_rx_task) root DEBUG iutctl_common.py          139   read                      : Read 38 bytes data
2026-09-16 21:18:58,830 BTPWorkerThread-2615 (_rx_task) root DEBUG iutctl_common.py          154   read                      : Received data: {'e0 53 00 4c 17 e5 44 b3 03 1b 00 09 09 4e 58 4c 36 36 35 32 38 02 0a 0c 0d 03 0c 11 0a 11 0b 11 0e 11 1f 11 1e 11'}, bytearray(b'\xe0S\x00L\x17\xe5D\xb3\x03\x1b\x00\t\tNXL66528\x02\n\x0c\r\x03\x0c\x11\n\x11\x0b\x11\x0e\x11\x1f\x11\x1e\x11')
2026-09-16 21:18:58,830 BTPWorkerThread-2615 (_rx_task) root DEBUG btp.py                    700   event_handler             : Header(svc_id=1, op=129, ctrl_index=0, data_len=38) (b'\xe0S\x00L\x17\xe5D\xb3\x03\x1b\x00\t\tNXL66528\x02\n\x0c\r\x03\x0c\x11\n\x11\x0b\x11\x0e\x11\x1f\x11\x1e\x11',)
2026-09-16 21:18:58,830 BTPWorkerThread-2615 (_rx_task) root DEBUG gap.py                    191   gap_device_found_ev_      : b'\xe0S\x00L\x17\xe5D\xb3\x03\x1b\x00\t\tNXL66528\x02\n\x0c\r\x03\x0c\x11\n\x11\x0b\x11\x0e\x11\x1f\x11\x1e\x11'
2026-09-16 21:18:58,830 BTPWorkerThread-2615 (_rx_task) root DEBUG gap.py                    205   gap_device_found_ev_      : found '44e5174c0053' type 224 eir b'\t\tNXL66528\x02\n\x0c\r\x03\x0c\x11\n\x11\x0b\x11\x0e\x11\x1f\x11\x1e\x11'
2026-09-16 21:18:58,981 BTPWorkerThread-2615 (_rx_task) root DEBUG iutctl_common.py          123   read                      : Read 5 bytes
2026-09-16 21:18:58,981 BTPWorkerThread-2615 (_rx_task) root DEBUG iutctl_common.py          131   read                      : Received: hdr: Header(svc_id=0x01, op=0x81, ctrl_index=0x00, data_len=0x0b) bytearray(b'\x01\x81\x00\x0b\x00')
2026-09-16 21:18:58,982 BTPWorkerThread-2615 (_rx_task) root DEBUG iutctl_common.py          139   read                      : Read 11 bytes data
2026-09-16 21:18:58,982 BTPWorkerThread-2615 (_rx_task) root DEBUG iutctl_common.py          154   read                      : Received data: {'e0 cd 83 06 dc 1b 00 af 03 00 00'}, bytearray(b'\xe0\xcd\x83\x06\xdc\x1b\x00\xaf\x03\x00\x00')
2026-09-16 21:18:58,982 BTPWorkerThread-2615 (_rx_task) root DEBUG btp.py                    700   event_handler             : Header(svc_id=1, op=129, ctrl_index=0, data_len=11) (b'\xe0\xcd\x83\x06\xdc\x1b\x00\xaf\x03\x00\x00',)
2026-09-16 21:18:58,982 BTPWorkerThread-2615 (_rx_task) root DEBUG gap.py                    191   gap_device_found_ev_      : b'\xe0\xcd\x83\x06\xdc\x1b\x00\xaf\x03\x00\x00'
2026-09-16 21:18:58,982 BTPWorkerThread-2615 (_rx_task) root DEBUG gap.py                    205   gap_device_found_ev_      : found '001bdc0683cd' type 224 eir b''
2026-09-16 21:18:59,394 BTPWorkerThread-2615 (_rx_task) root DEBUG iutctl_common.py          123   read                      : Read 5 bytes
2026-09-16 21:18:59,395 BTPWorkerThread-2615 (_rx_task) root DEBUG iutctl_common.py          131   read                      : Received: hdr: Header(svc_id=0x01, op=0x81, ctrl_index=0x00, data_len=0x2a) bytearray(b'\x01\x81\x00*\x00')
2026-09-16 21:18:59,395 BTPWorkerThread-2615 (_rx_task) root DEBUG iutctl_common.py          139   read                      : Read 17 bytes data
2026-09-16 21:18:59,405 BTPWorkerThread-2615 (_rx_task) root DEBUG iutctl_common.py          139   read                      : Read 25 bytes data
2026-09-16 21:18:59,405 BTPWorkerThread-2615 (_rx_task) root DEBUG iutctl_common.py          154   read                      : Received data: {'e0 cd 83 06 dc 1b 00 a3 03 1f 00 1e 09 41 32 44 50 20 53 6f 75 72 63 65 20 30 30 3a 31 42 3a 44 43 3a 30 36 3a 38 33 3a 43 44'}, bytearray(b'\xe0\xcd\x83\x06\xdc\x1b\x00\xa3\x03\x1f\x00\x1e\tA2DP Source 00:1B:DC:06:83:CD')
2026-09-16 21:18:59,406 BTPWorkerThread-2615 (_rx_task) root DEBUG btp.py                    700   event_handler             : Header(svc_id=1, op=129, ctrl_index=0, data_len=42) (b'\xe0\xcd\x83\x06\xdc\x1b\x00\xa3\x03\x1f\x00\x1e\tA2DP Source 00:1B:DC:06:83:CD',)
2026-09-16 21:18:59,406 BTPWorkerThread-2615 (_rx_task) root DEBUG gap.py                    191   gap_device_found_ev_      : b'\xe0\xcd\x83\x06\xdc\x1b\x00\xa3\x03\x1f\x00\x1e\tA2DP Source 00:1B:DC:06:83:CD'
2026-09-16 21:18:59,406 BTPWorkerThread-2615 (_rx_task) root DEBUG gap.py                    205   gap_device_found_ev_      : found '001bdc0683cd' type 224 eir b'\x1e\tA2DP Source 00:1B:DC:06:83:CD'
2026-09-16 21:18:59,865 BTPWorkerThread-2615 (_rx_task) root DEBUG iutctl_common.py          123   read                      : Read 5 bytes
2026-09-16 21:18:59,866 BTPWorkerThread-2615 (_rx_task) root DEBUG iutctl_common.py          131   read                      : Received: hdr: Header(svc_id=0x01, op=0x81, ctrl_index=0x00, data_len=0x1a) bytearray(b'\x01\x81\x00\x1a\x00')
2026-09-16 21:18:59,866 BTPWorkerThread-2615 (_rx_task) root DEBUG iutctl_common.py          139   read                      : Read 26 bytes data
2026-09-16 21:18:59,866 BTPWorkerThread-2615 (_rx_task) root DEBUG iutctl_common.py          154   read                      : Received data: {'e0 4e e4 08 dc 1b 00 d3 03 0f 00 0e 09 50 54 53 2d 47 41 50 2d 45 34 34 45 00'}, bytearray(b'\xe0N\xe4\x08\xdc\x1b\x00\xd3\x03\x0f\x00\x0e\tPTS-GAP-E44E\x00')
2026-09-16 21:18:59,866 BTPWorkerThread-2615 (_rx_task) root DEBUG btp.py                    700   event_handler             : Header(svc_id=1, op=129, ctrl_index=0, data_len=26) (b'\xe0N\xe4\x08\xdc\x1b\x00\xd3\x03\x0f\x00\x0e\tPTS-GAP-E44E\x00',)
2026-09-16 21:18:59,866 BTPWorkerThread-2615 (_rx_task) root DEBUG gap.py                    191   gap_device_found_ev_      : b'\xe0N\xe4\x08\xdc\x1b\x00\xd3\x03\x0f\x00\x0e\tPTS-GAP-E44E\x00'
2026-09-16 21:18:59,866 BTPWorkerThread-2615 (_rx_task) root DEBUG gap.py                    205   gap_device_found_ev_      : found '001bdc08e44e' type 224 eir b'\x0e\tPTS-GAP-E44E\x00'
2026-09-16 21:19:00,204 BTPWorkerThread-2615 (_rx_task) root DEBUG iutctl_common.py          123   read                      : Read 5 bytes
2026-09-16 21:19:00,205 BTPWorkerThread-2615 (_rx_task) root DEBUG iutctl_common.py          131   read                      : Received: hdr: Header(svc_id=0x01, op=0x81, ctrl_index=0x00, data_len=0x26) bytearray(b'\x01\x81\x00&\x00')
2026-09-16 21:19:00,205 BTPWorkerThread-2615 (_rx_task) root DEBUG iutctl_common.py          139   read                      : Read 38 bytes data
2026-09-16 21:19:00,205 BTPWorkerThread-2615 (_rx_task) root DEBUG iutctl_common.py          154   read                      : Received data: {'e0 53 00 4c 17 e5 44 b0 03 1b 00 09 09 4e 58 4c 36 36 35 32 38 02 0a 0c 0d 03 0c 11 0a 11 0b 11 0e 11 1f 11 1e 11'}, bytearray(b'\xe0S\x00L\x17\xe5D\xb0\x03\x1b\x00\t\tNXL66528\x02\n\x0c\r\x03\x0c\x11\n\x11\x0b\x11\x0e\x11\x1f\x11\x1e\x11')
2026-09-16 21:19:00,205 BTPWorkerThread-2615 (_rx_task) root DEBUG btp.py                    700   event_handler             : Header(svc_id=1, op=129, ctrl_index=0, data_len=38) (b'\xe0S\x00L\x17\xe5D\xb0\x03\x1b\x00\t\tNXL66528\x02\n\x0c\r\x03\x0c\x11\n\x11\x0b\x11\x0e\x11\x1f\x11\x1e\x11',)
2026-09-16 21:19:00,205 BTPWorkerThread-2615 (_rx_task) root DEBUG gap.py                    191   gap_device_found_ev_      : b'\xe0S\x00L\x17\xe5D\xb0\x03\x1b\x00\t\tNXL66528\x02\n\x0c\r\x03\x0c\x11\n\x11\x0b\x11\x0e\x11\x1f\x11\x1e\x11'
2026-09-16 21:19:00,205 BTPWorkerThread-2615 (_rx_task) root DEBUG gap.py                    205   gap_device_found_ev_      : found '44e5174c0053' type 224 eir b'\t\tNXL66528\x02\n\x0c\r\x03\x0c\x11\n\x11\x0b\x11\x0e\x11\x1f\x11\x1e\x11'
2026-09-16 21:19:00,411 BTPWorkerThread-2615 (_rx_task) root DEBUG iutctl_common.py          123   read                      : Read 5 bytes
2026-09-16 21:19:00,412 BTPWorkerThread-2615 (_rx_task) root DEBUG iutctl_common.py          131   read                      : Received: hdr: Header(svc_id=0x01, op=0x81, ctrl_index=0x00, data_len=0x26) bytearray(b'\x01\x81\x00&\x00')
2026-09-16 21:19:00,412 BTPWorkerThread-2615 (_rx_task) root DEBUG iutctl_common.py          139   read                      : Read 38 bytes data
2026-09-16 21:19:00,412 BTPWorkerThread-2615 (_rx_task) root DEBUG iutctl_common.py          154   read                      : Received data: {'e0 53 00 4c 17 e5 44 b3 03 1b 00 09 09 4e 58 4c 36 36 35 32 38 02 0a 0c 0d 03 0c 11 0a 11 0b 11 0e 11 1f 11 1e 11'}, bytearray(b'\xe0S\x00L\x17\xe5D\xb3\x03\x1b\x00\t\tNXL66528\x02\n\x0c\r\x03\x0c\x11\n\x11\x0b\x11\x0e\x11\x1f\x11\x1e\x11')
2026-09-16 21:19:00,412 BTPWorkerThread-2615 (_rx_task) root DEBUG btp.py                    700   event_handler             : Header(svc_id=1, op=129, ctrl_index=0, data_len=38) (b'\xe0S\x00L\x17\xe5D\xb3\x03\x1b\x00\t\tNXL66528\x02\n\x0c\r\x03\x0c\x11\n\x11\x0b\x11\x0e\x11\x1f\x11\x1e\x11',)
2026-09-16 21:19:00,412 BTPWorkerThread-2615 (_rx_task) root DEBUG gap.py                    191   gap_device_found_ev_      : b'\xe0S\x00L\x17\xe5D\xb3\x03\x1b\x00\t\tNXL66528\x02\n\x0c\r\x03\x0c\x11\n\x11\x0b\x11\x0e\x11\x1f\x11\x1e\x11'
2026-09-16 21:19:00,412 BTPWorkerThread-2615 (_rx_task) root DEBUG gap.py                    205   gap_device_found_ev_      : found '44e5174c0053' type 224 eir b'\t\tNXL66528\x02\n\x0c\r\x03\x0c\x11\n\x11\x0b\x11\x0e\x11\x1f\x11\x1e\x11'
2026-09-16 21:19:01,008 BTPWorkerThread-2615 (_rx_task) root DEBUG iutctl_common.py          123   read                      : Read 5 bytes
2026-09-16 21:19:01,009 BTPWorkerThread-2615 (_rx_task) root DEBUG iutctl_common.py          131   read                      : Received: hdr: Header(svc_id=0x01, op=0x81, ctrl_index=0x00, data_len=0x26) bytearray(b'\x01\x81\x00&\x00')
2026-09-16 21:19:01,009 BTPWorkerThread-2615 (_rx_task) root DEBUG iutctl_common.py          139   read                      : Read 38 bytes data
2026-09-16 21:19:01,009 BTPWorkerThread-2615 (_rx_task) root DEBUG iutctl_common.py          154   read                      : Received data: {'e0 53 00 4c 17 e5 44 b2 03 1b 00 09 09 4e 58 4c 36 36 35 32 38 02 0a 0c 0d 03 0c 11 0a 11 0b 11 0e 11 1f 11 1e 11'}, bytearray(b'\xe0S\x00L\x17\xe5D\xb2\x03\x1b\x00\t\tNXL66528\x02\n\x0c\r\x03\x0c\x11\n\x11\x0b\x11\x0e\x11\x1f\x11\x1e\x11')
2026-09-16 21:19:01,009 BTPWorkerThread-2615 (_rx_task) root DEBUG btp.py                    700   event_handler             : Header(svc_id=1, op=129, ctrl_index=0, data_len=38) (b'\xe0S\x00L\x17\xe5D\xb2\x03\x1b\x00\t\tNXL66528\x02\n\x0c\r\x03\x0c\x11\n\x11\x0b\x11\x0e\x11\x1f\x11\x1e\x11',)
2026-09-16 21:19:01,009 BTPWorkerThread-2615 (_rx_task) root DEBUG gap.py                    191   gap_device_found_ev_      : b'\xe0S\x00L\x17\xe5D\xb2\x03\x1b\x00\t\tNXL66528\x02\n\x0c\r\x03\x0c\x11\n\x11\x0b\x11\x0e\x11\x1f\x11\x1e\x11'
2026-09-16 21:19:01,009 BTPWorkerThread-2615 (_rx_task) root DEBUG gap.py                    205   gap_device_found_ev_      : found '44e5174c0053' type 224 eir b'\t\tNXL66528\x02\n\x0c\r\x03\x0c\x11\n\x11\x0b\x11\x0e\x11\x1f\x11\x1e\x11'
2026-09-16 21:19:01,482 BTPWorkerThread-2615 (_rx_task) root DEBUG iutctl_common.py          123   read                      : Read 5 bytes
2026-09-16 21:19:01,482 BTPWorkerThread-2615 (_rx_task) root DEBUG iutctl_common.py          131   read                      : Received: hdr: Header(svc_id=0x01, op=0x81, ctrl_index=0x00, data_len=0x26) bytearray(b'\x01\x81\x00&\x00')
2026-09-16 21:19:01,483 BTPWorkerThread-2615 (_rx_task) root DEBUG iutctl_common.py          139   read                      : Read 38 bytes data
2026-09-16 21:19:01,483 BTPWorkerThread-2615 (_rx_task) root DEBUG iutctl_common.py          154   read                      : Received data: {'e0 53 00 4c 17 e5 44 af 03 1b 00 09 09 4e 58 4c 36 36 35 32 38 02 0a 0c 0d 03 0c 11 0a 11 0b 11 0e 11 1f 11 1e 11'}, bytearray(b'\xe0S\x00L\x17\xe5D\xaf\x03\x1b\x00\t\tNXL66528\x02\n\x0c\r\x03\x0c\x11\n\x11\x0b\x11\x0e\x11\x1f\x11\x1e\x11')
2026-09-16 21:19:01,483 BTPWorkerThread-2615 (_rx_task) root DEBUG btp.py                    700   event_handler             : Header(svc_id=1, op=129, ctrl_index=0, data_len=38) (b'\xe0S\x00L\x17\xe5D\xaf\x03\x1b\x00\t\tNXL66528\x02\n\x0c\r\x03\x0c\x11\n\x11\x0b\x11\x0e\x11\x1f\x11\x1e\x11',)
2026-09-16 21:19:01,483 BTPWorkerThread-2615 (_rx_task) root DEBUG gap.py                    191   gap_device_found_ev_      : b'\xe0S\x00L\x17\xe5D\xaf\x03\x1b\x00\t\tNXL66528\x02\n\x0c\r\x03\x0c\x11\n\x11\x0b\x11\x0e\x11\x1f\x11\x1e\x11'
2026-09-16 21:19:01,483 BTPWorkerThread-2615 (_rx_task) root DEBUG gap.py                    205   gap_device_found_ev_      : found '44e5174c0053' type 224 eir b'\t\tNXL66528\x02\n\x0c\r\x03\x0c\x11\n\x11\x0b\x11\x0e\x11\x1f\x11\x1e\x11'
2026-09-16 21:19:01,712 BTPWorkerThread-2615 (_rx_task) root DEBUG iutctl_common.py          123   read                      : Read 5 bytes
2026-09-16 21:19:01,712 BTPWorkerThread-2615 (_rx_task) root DEBUG iutctl_common.py          131   read                      : Received: hdr: Header(svc_id=0x01, op=0x81, ctrl_index=0x00, data_len=0x26) bytearray(b'\x01\x81\x00&\x00')
2026-09-16 21:19:01,712 BTPWorkerThread-2615 (_rx_task) root DEBUG iutctl_common.py          139   read                      : Read 38 bytes data
2026-09-16 21:19:01,713 BTPWorkerThread-2615 (_rx_task) root DEBUG iutctl_common.py          154   read                      : Received data: {'e0 53 00 4c 17 e5 44 b3 03 1b 00 09 09 4e 58 4c 36 36 35 32 38 02 0a 0c 0d 03 0c 11 0a 11 0b 11 0e 11 1f 11 1e 11'}, bytearray(b'\xe0S\x00L\x17\xe5D\xb3\x03\x1b\x00\t\tNXL66528\x02\n\x0c\r\x03\x0c\x11\n\x11\x0b\x11\x0e\x11\x1f\x11\x1e\x11')
2026-09-16 21:19:01,713 BTPWorkerThread-2615 (_rx_task) root DEBUG btp.py                    700   event_handler             : Header(svc_id=1, op=129, ctrl_index=0, data_len=38) (b'\xe0S\x00L\x17\xe5D\xb3\x03\x1b\x00\t\tNXL66528\x02\n\x0c\r\x03\x0c\x11\n\x11\x0b\x11\x0e\x11\x1f\x11\x1e\x11',)
2026-09-16 21:19:01,713 BTPWorkerThread-2615 (_rx_task) root DEBUG gap.py                    191   gap_device_found_ev_      : b'\xe0S\x00L\x17\xe5D\xb3\x03\x1b\x00\t\tNXL66528\x02\n\x0c\r\x03\x0c\x11\n\x11\x0b\x11\x0e\x11\x1f\x11\x1e\x11'
2026-09-16 21:19:01,713 BTPWorkerThread-2615 (_rx_task) root DEBUG gap.py                    205   gap_device_found_ev_      : found '44e5174c0053' type 224 eir b'\t\tNXL66528\x02\n\x0c\r\x03\x0c\x11\n\x11\x0b\x11\x0e\x11\x1f\x11\x1e\x11'
2026-09-16 21:19:02,049 BTPWorkerThread-2615 (_rx_task) root DEBUG iutctl_common.py          123   read                      : Read 5 bytes
2026-09-16 21:19:02,050 BTPWorkerThread-2615 (_rx_task) root DEBUG iutctl_common.py          131   read                      : Received: hdr: Header(svc_id=0x01, op=0x81, ctrl_index=0x00, data_len=0x0b) bytearray(b'\x01\x81\x00\x0b\x00')
2026-09-16 21:19:02,050 BTPWorkerThread-2615 (_rx_task) root DEBUG iutctl_common.py          139   read                      : Read 11 bytes data
2026-09-16 21:19:02,050 BTPWorkerThread-2615 (_rx_task) root DEBUG iutctl_common.py          154   read                      : Received data: {'e0 53 00 4c 17 e5 44 b3 03 00 00'}, bytearray(b'\xe0S\x00L\x17\xe5D\xb3\x03\x00\x00')
2026-09-16 21:19:02,050 BTPWorkerThread-2615 (_rx_task) root DEBUG btp.py                    700   event_handler             : Header(svc_id=1, op=129, ctrl_index=0, data_len=11) (b'\xe0S\x00L\x17\xe5D\xb3\x03\x00\x00',)
2026-09-16 21:19:02,050 BTPWorkerThread-2615 (_rx_task) root DEBUG gap.py                    191   gap_device_found_ev_      : b'\xe0S\x00L\x17\xe5D\xb3\x03\x00\x00'
2026-09-16 21:19:02,050 BTPWorkerThread-2615 (_rx_task) root DEBUG gap.py                    205   gap_device_found_ev_      : found '44e5174c0053' type 224 eir b''
2026-09-16 21:19:02,349 LT1-thread root DEBUG gap.py                    1148  gap_stop_discovery        : 
2026-09-16 21:19:02,349 LT1-thread root DEBUG iutctl_common.py          161   send                      : 1 13 0 ''
2026-09-16 21:19:02,349 LT1-thread root DEBUG iutctl_common.py          166   send                      : sending frame '010d000000'
2026-09-16 21:19:02,350 LT1-thread root DEBUG gap.py                    1227  gap_command_rsp_succ      : 
2026-09-16 21:19:02,350 LT1-thread root DEBUG iutctl_common.py          339   read                      : 
2026-09-16 21:19:02,386 BTPWorkerThread-2615 (_rx_task) root DEBUG iutctl_common.py          123   read                      : Read 5 bytes
2026-09-16 21:19:02,391 BTPWorkerThread-2615 (_rx_task) root DEBUG iutctl_common.py          131   read                      : Received: hdr: Header(svc_id=0x01, op=0x0d, ctrl_index=0x00, data_len=0x00) bytearray(b'\x01\r\x00\x00\x00')
2026-09-16 21:19:02,397 BTPWorkerThread-2615 (_rx_task) root DEBUG iutctl_common.py          154   read                      : Received data: {''}, bytearray(b'')
2026-09-16 21:19:02,402 LT1-thread root DEBUG gap.py                    1232  gap_command_rsp_succ      : received Header(svc_id=1, op=13, ctrl_index=0, data_len=0) (b'',)
2026-09-16 21:19:02,402 LT1-thread root DEBUG gap.py                    1508  check_discovery_results   : 224 '001bdc08e44e' True None
2026-09-16 21:19:02,402 LT1-thread root DEBUG gap.py                    1517  check_discovery_results   : matching LeAdv(addr_type=224, addr='44e5174c0053', rssi=178, flags=3, eir=b'\t\tNXL66528\x02\n\x0c\r\x03\x0c\x11\n\x11\x0b\x11\x0e\x11\x1f\x11\x1e\x11')
2026-09-16 21:19:02,402 LT1-thread root DEBUG gap.py                    1517  check_discovery_results   : matching LeAdv(addr_type=224, addr='44e5174c0053', rssi=179, flags=3, eir=b'\t\tNXL66528\x02\n\x0c\r\x03\x0c\x11\n\x11\x0b\x11\x0e\x11\x1f\x11\x1e\x11')
2026-09-16 21:19:02,402 LT1-thread root DEBUG gap.py                    1517  check_discovery_results   : matching LeAdv(addr_type=224, addr='44e5174c0053', rssi=176, flags=3, eir=b'\t\tNXL66528\x02\n\x0c\r\x03\x0c\x11\n\x11\x0b\x11\x0e\x11\x1f\x11\x1e\x11')
2026-09-16 21:19:02,402 LT1-thread root DEBUG gap.py                    1517  check_discovery_results   : matching LeAdv(addr_type=224, addr='44e5174c0053', rssi=177, flags=3, eir=b'\t\tNXL66528\x02\n\x0c\r\x03\x0c\x11\n\x11\x0b\x11\x0e\x11\x1f\x11\x1e\x11')
2026-09-16 21:19:02,403 LT1-thread root DEBUG gap.py                    1517  check_discovery_results   : matching LeAdv(addr_type=224, addr='44e5174c0053', rssi=178, flags=3, eir=b'\t\tNXL66528\x02\n\x0c\r\x03\x0c\x11\n\x11\x0b\x11\x0e\x11\x1f\x11\x1e\x11')
2026-09-16 21:19:02,403 LT1-thread root DEBUG gap.py                    1517  check_discovery_results   : matching LeAdv(addr_type=224, addr='001bdc08e44e', rssi=207, flags=3, eir=b'\x0e\tPTS-GAP-E44E\x00')
2026-09-16 21:19:02,403 LT1-thread root DEBUG gap.py                    760   gap_connect               : None 224
2026-09-16 21:19:02,403 LT1-thread root DEBUG iutctl_common.py          161   send                      : 1 14 0 "bytearray(b'\\xe0N\\xe4\\x08\\xdc\\x1b\\x00\\x00')"
2026-09-16 21:19:02,403 LT1-thread root DEBUG iutctl_common.py          166   send                      : sending frame '010e000800e04ee408dc1b0000'
2026-09-16 21:19:02,403 LT1-thread root DEBUG iutctl_common.py          339   read                      : 
2026-09-16 21:19:02,437 BTPWorkerThread-2615 (_rx_task) root DEBUG iutctl_common.py          123   read                      : Read 5 bytes
2026-09-16 21:19:02,448 BTPWorkerThread-2615 (_rx_task) root DEBUG iutctl_common.py          131   read                      : Received: hdr: Header(svc_id=0x01, op=0x0e, ctrl_index=0x00, data_len=0x00) bytearray(b'\x01\x0e\x00\x00\x00')
2026-09-16 21:19:02,448 BTPWorkerThread-2615 (_rx_task) root DEBUG iutctl_common.py          154   read                      : Received data: {''}, bytearray(b'')
2026-09-16 21:19:05,260 BTPWorkerThread-2615 (_rx_task) root DEBUG iutctl_common.py          123   read                      : Read 5 bytes
2026-09-16 21:19:05,260 BTPWorkerThread-2615 (_rx_task) root DEBUG iutctl_common.py          131   read                      : Received: hdr: Header(svc_id=0x01, op=0x82, ctrl_index=0x00, data_len=0x0d) bytearray(b'\x01\x82\x00\r\x00')
2026-09-16 21:19:05,260 BTPWorkerThread-2615 (_rx_task) root DEBUG iutctl_common.py          139   read                      : Read 13 bytes data
2026-09-16 21:19:05,261 BTPWorkerThread-2615 (_rx_task) root DEBUG iutctl_common.py          154   read                      : Received data: {'e0 4e e4 08 dc 1b 00 00 00 00 00 00 00'}, bytearray(b'\xe0N\xe4\x08\xdc\x1b\x00\x00\x00\x00\x00\x00\x00')
2026-09-16 21:19:05,261 BTPWorkerThread-2615 (_rx_task) root DEBUG btp.py                    700   event_handler             : Header(svc_id=1, op=130, ctrl_index=0, data_len=13) (b'\xe0N\xe4\x08\xdc\x1b\x00\x00\x00\x00\x00\x00\x00',)
2026-09-16 21:19:05,261 BTPWorkerThread-2615 (_rx_task) root DEBUG gap.py                    213   gap_connected_ev_         : b'\xe0N\xe4\x08\xdc\x1b\x00\x00\x00\x00\x00\x00\x00'
2026-09-16 21:19:05,269 LT1-thread root DEBUG testcase.py               722   run_wid                   : Sending response 'OK' to wid 102 test case GAP/SEC/SEM/BI-26-C
2026-09-16 21:19:05,271 LT1-thread root DEBUG client.py                 276   get_result                : ClientCallback.get_result run_test_case
2026-09-16 21:19:05,273 LT1-callback ClientCallback.on_implicit_send INFO client.py                 223   on_implicit_send          : 
    ********************
    BEGIN OnImplicitSend:
    project_name: GAP
    wid: 273
    test_case_name: GAP/SEC/SEM/BI-26-C
    description: Please trigger channel creation. Expect to perform link encryption before channel creation.
    style: MMI_Style_Ok_Cancel2 0x11141
2026-09-16 21:19:05,273 LT1-callback ClientCallback.on_implicit_send INFO client.py                 236   on_implicit_send          : Calling test cases on_implicit_send
2026-09-16 21:19:05,273 LT1-callback ClientCallback.on_implicit_send INFO client.py                 249   on_implicit_send          : 
    on_implicit_send returned response: WAIT
    END OnImplicitSend
    ********************
2026-09-16 21:19:06,271 LT1-thread root DEBUG testcase.py               679   run_wid                   : GAP GAP/SEC/SEM/BI-26-C on_implicit_send
2026-09-16 21:19:06,271 LT1-thread root DEBUG gap_wid.py                26    gap_wid_hdl               : gap_wid_hdl, 273, Please trigger channel creation. Expect to perform link encryption before channel creation., GAP/SEC/SEM/BI-26-C
2026-09-16 21:19:06,271 LT1-thread root DEBUG gap.py                    890   gap_pair_v2               : None 224 255 3 0
2026-09-16 21:19:06,271 LT1-thread root DEBUG iutctl_common.py          161   send                      : 1 42 0 "bytearray(b'\\xe0N\\xe4\\x08\\xdc\\x1b\\x00\\xff\\x03\\x00')"
2026-09-16 21:19:06,272 LT1-thread root DEBUG iutctl_common.py          166   send                      : sending frame '012a000a00e04ee408dc1b00ff0300'
2026-09-16 21:19:06,272 LT1-thread root DEBUG gap.py                    1227  gap_command_rsp_succ      : 
2026-09-16 21:19:06,272 LT1-thread root DEBUG iutctl_common.py          339   read                      : 
2026-09-16 21:19:06,309 BTPWorkerThread-2615 (_rx_task) root DEBUG iutctl_common.py          123   read                      : Read 5 bytes
2026-09-16 21:19:06,320 BTPWorkerThread-2615 (_rx_task) root DEBUG iutctl_common.py          131   read                      : Received: hdr: Header(svc_id=0x01, op=0x2a, ctrl_index=0x00, data_len=0x00) bytearray(b'\x01*\x00\x00\x00')
2026-09-16 21:19:06,331 BTPWorkerThread-2615 (_rx_task) root DEBUG iutctl_common.py          154   read                      : Received data: {''}, bytearray(b'')
2026-09-16 21:19:06,331 LT1-thread root DEBUG gap.py                    1232  gap_command_rsp_succ      : received Header(svc_id=1, op=42, ctrl_index=0, data_len=0) (b'',)
2026-09-16 21:19:06,331 LT1-thread root DEBUG testcase.py               722   run_wid                   : Sending response 'OK' to wid 273 test case GAP/SEC/SEM/BI-26-C
2026-09-16 21:19:06,334 LT1-thread root DEBUG client.py                 276   get_result                : ClientCallback.get_result run_test_case
2026-09-16 21:19:07,212 BTPWorkerThread-2615 (_rx_task) root DEBUG iutctl_common.py          123   read                      : Read 5 bytes
2026-09-16 21:19:07,212 BTPWorkerThread-2615 (_rx_task) root DEBUG iutctl_common.py          131   read                      : Received: hdr: Header(svc_id=0x01, op=0x86, ctrl_index=0x00, data_len=0x0b) bytearray(b'\x01\x86\x00\x0b\x00')
2026-09-16 21:19:07,212 BTPWorkerThread-2615 (_rx_task) root DEBUG iutctl_common.py          139   read                      : Read 11 bytes data
2026-09-16 21:19:07,212 BTPWorkerThread-2615 (_rx_task) root DEBUG iutctl_common.py          154   read                      : Received data: {'e0 4e e4 08 dc 1b 00 52 11 02 00'}, bytearray(b'\xe0N\xe4\x08\xdc\x1b\x00R\x11\x02\x00')
2026-09-16 21:19:07,213 BTPWorkerThread-2615 (_rx_task) root DEBUG btp.py                    700   event_handler             : Header(svc_id=1, op=134, ctrl_index=0, data_len=11) (b'\xe0N\xe4\x08\xdc\x1b\x00R\x11\x02\x00',)
2026-09-16 21:19:07,213 BTPWorkerThread-2615 (_rx_task) root DEBUG gap.py                    460   gap_passkey_confirm_req_ev_ : 
2026-09-16 21:19:07,213 BTPWorkerThread-2615 (_rx_task) root DEBUG gap.py                    472   gap_passkey_confirm_req_ev_ : passkey = '135506'
2026-09-16 21:19:07,214 LT1-callback ClientCallback.on_implicit_send INFO client.py                 223   on_implicit_send          : 
    ********************
    BEGIN OnImplicitSend:
    project_name: GAP
    wid: 2001
    test_case_name: GAP/SEC/SEM/BI-26-C
    description: Please verify the passKey is correct: 135506
    style: MMI_Style_Yes_No1 0x11044
2026-09-16 21:19:07,214 LT1-callback ClientCallback.on_implicit_send INFO client.py                 236   on_implicit_send          : Calling test cases on_implicit_send
2026-09-16 21:19:07,214 LT1-callback ClientCallback.on_implicit_send INFO client.py                 249   on_implicit_send          : 
    on_implicit_send returned response: WAIT
    END OnImplicitSend
    ********************
2026-09-16 21:19:07,335 LT1-thread root DEBUG testcase.py               679   run_wid                   : GAP GAP/SEC/SEM/BI-26-C on_implicit_send
2026-09-16 21:19:07,335 LT1-thread root DEBUG gap_wid.py                26    gap_wid_hdl               : gap_wid_hdl, 2001, Please verify the passKey is correct: 135506, GAP/SEC/SEM/BI-26-C
2026-09-16 21:19:07,335 LT1-thread root DEBUG gap.py                    950   gap_passkey_confirm_response : '001bdc08e44e' 224
2026-09-16 21:19:07,335 LT1-thread root DEBUG iutctl_common.py          161   send                      : 1 20 0 "bytearray(b'\\xe0N\\xe4\\x08\\xdc\\x1b\\x00\\x01')"
2026-09-16 21:19:07,335 LT1-thread root DEBUG iutctl_common.py          166   send                      : sending frame '0114000800e04ee408dc1b0001'
2026-09-16 21:19:07,335 LT1-thread root DEBUG gap.py                    1227  gap_command_rsp_succ      : 
2026-09-16 21:19:07,335 LT1-thread root DEBUG iutctl_common.py          339   read                      : 
2026-09-16 21:19:07,375 BTPWorkerThread-2615 (_rx_task) root DEBUG iutctl_common.py          123   read                      : Read 5 bytes
2026-09-16 21:19:07,386 BTPWorkerThread-2615 (_rx_task) root DEBUG iutctl_common.py          131   read                      : Received: hdr: Header(svc_id=0x01, op=0x14, ctrl_index=0x00, data_len=0x00) bytearray(b'\x01\x14\x00\x00\x00')
2026-09-16 21:19:07,392 BTPWorkerThread-2615 (_rx_task) root DEBUG iutctl_common.py          154   read                      : Received data: {''}, bytearray(b'')
2026-09-16 21:19:07,392 LT1-thread root DEBUG gap.py                    1232  gap_command_rsp_succ      : received Header(svc_id=1, op=20, ctrl_index=0, data_len=0) (b'',)
2026-09-16 21:19:07,392 LT1-thread root DEBUG testcase.py               722   run_wid                   : Sending response 'Yes' to wid 2001 test case GAP/SEC/SEM/BI-26-C
2026-09-16 21:19:07,394 LT1-thread root DEBUG client.py                 276   get_result                : ClientCallback.get_result run_test_case
2026-09-16 21:19:08,052 BTPWorkerThread-2615 (_rx_task) root DEBUG iutctl_common.py          123   read                      : Read 5 bytes
2026-09-16 21:19:08,053 BTPWorkerThread-2615 (_rx_task) root DEBUG iutctl_common.py          131   read                      : Received: hdr: Header(svc_id=0x01, op=0x91, ctrl_index=0x00, data_len=0x09) bytearray(b'\x01\x91\x00\t\x00')
2026-09-16 21:19:08,053 BTPWorkerThread-2615 (_rx_task) root DEBUG iutctl_common.py          139   read                      : Read 9 bytes data
2026-09-16 21:19:08,053 BTPWorkerThread-2615 (_rx_task) root DEBUG iutctl_common.py          154   read                      : Received data: {'e0 4e e4 08 dc 1b 00 00 00'}, bytearray(b'\xe0N\xe4\x08\xdc\x1b\x00\x00\x00')
2026-09-16 21:19:08,053 BTPWorkerThread-2615 (_rx_task) root DEBUG btp.py                    700   event_handler             : Header(svc_id=1, op=145, ctrl_index=0, data_len=9) (b'\xe0N\xe4\x08\xdc\x1b\x00\x00\x00',)
2026-09-16 21:19:08,053 BTPWorkerThread-2615 (_rx_task) root DEBUG gap.py                    492   gap_encryption_change_ev_ : 
2026-09-16 21:19:08,053 BTPWorkerThread-2615 (_rx_task) root DEBUG gap.py                    494   gap_encryption_change_ev_ : enc change received b'\xe0N\xe4\x08\xdc\x1b\x00\x00\x00'
2026-09-16 21:19:08,053 BTPWorkerThread-2615 (_rx_task) root DEBUG gap.py                    503   gap_encryption_change_ev_ : received (224, '001bdc08e44e', 0, 0)
2026-09-16 21:19:14,051 LT1-callback ClientCallback.on_implicit_send INFO client.py                 223   on_implicit_send          : 
    ********************
    BEGIN OnImplicitSend:
    project_name: GAP
    wid: 266
    test_case_name: GAP/SEC/SEM/BI-26-C
    description: Please confirm that the IUT signals to the Upper Tester that the channel establishment failure after link encryption.

Click 'Yes' If there is channel establishment failure otherwise click 'No'.
    style: MMI_Style_Yes_No1 0x11044
2026-09-16 21:19:14,052 LT1-callback ClientCallback.on_implicit_send INFO client.py                 236   on_implicit_send          : Calling test cases on_implicit_send
2026-09-16 21:19:14,052 LT1-callback ClientCallback.on_implicit_send INFO client.py                 249   on_implicit_send          : 
    on_implicit_send returned response: WAIT
    END OnImplicitSend
    ********************
2026-09-16 21:19:14,398 LT1-thread root DEBUG testcase.py               679   run_wid                   : GAP GAP/SEC/SEM/BI-26-C on_implicit_send
2026-09-16 21:19:14,398 LT1-thread root DEBUG gap_wid.py                26    gap_wid_hdl               : gap_wid_hdl, 266, Please confirm that the IUT signals to the Upper Tester that the channel establishment failure after link encryption.

Click 'Yes' If there is channel establishment failure otherwise click 'No'., GAP/SEC/SEM/BI-26-C
2026-09-16 21:19:44,399 EventTimerThread-2634 root ERROR common.py                 44    timeout_cb                : Timeout after 30 seconds while waiting for event <threading.Event at 0x2a769f74f80: set> with condition         return wait_for_event(timeout, lambda: not self.is_connected(addr=addr))

2026-09-16 21:19:44,436 LT1-thread root DEBUG testcase.py               722   run_wid                   : Sending response 'Yes' to wid 266 test case GAP/SEC/SEM/BI-26-C
2026-09-16 21:19:44,438 LT1-thread root DEBUG client.py                 276   get_result                : ClientCallback.get_result run_test_case
2026-09-16 21:19:49,760 BTPWorkerThread-2615 (_rx_task) root DEBUG iutctl_common.py          123   read                      : Read 5 bytes
2026-09-16 21:19:49,760 BTPWorkerThread-2615 (_rx_task) root DEBUG iutctl_common.py          131   read                      : Received: hdr: Header(svc_id=0x01, op=0x83, ctrl_index=0x00, data_len=0x07) bytearray(b'\x01\x83\x00\x07\x00')
2026-09-16 21:19:49,761 BTPWorkerThread-2615 (_rx_task) root DEBUG iutctl_common.py          139   read                      : Read 7 bytes data
2026-09-16 21:19:49,761 BTPWorkerThread-2615 (_rx_task) root DEBUG iutctl_common.py          154   read                      : Received data: {'e0 4e e4 08 dc 1b 00'}, bytearray(b'\xe0N\xe4\x08\xdc\x1b\x00')
2026-09-16 21:19:49,761 BTPWorkerThread-2615 (_rx_task) root DEBUG btp.py                    700   event_handler             : Header(svc_id=1, op=131, ctrl_index=0, data_len=7) (b'\xe0N\xe4\x08\xdc\x1b\x00',)
2026-09-16 21:19:49,761 BTPWorkerThread-2615 (_rx_task) root DEBUG gap.py                    226   gap_disconnected_ev_      : b'\xe0N\xe4\x08\xdc\x1b\x00'
2026-09-16 21:19:52,548 LT1-callback ClientCallback.log INFO client.py                 200   log                       : PTS_LOGTYPE_START_TEST Start Test Case 

+969 ms
 GAP/SEC/SEM/BI-26-C GAP/SEC/SEM/BI-26-C

2026-09-16 21:19:53,066 LT1-callback ClientCallback.log INFO client.py                 200   log                       : PTS_LOGTYPE_FINAL_VERDICT Final Verdict 

+66219 ms
 GAP/SEC/SEM/BI-26-C PASS

2026-09-16 21:19:53,070 LT1-callback ClientCallback.log INFO client.py                 200   log                       : PTS_LOGTYPE_FINAL_VERDICT Encrypted Verdict 

+66219 ms
 GAP/SEC/SEM/BI-26-C A1#ZWY4MzQ5MDg3MmQwNTIxOGQzMzQ5YjY2ODA5M2MzNjQ5ZDY4NmY0Yjc2MzIzM2VkNTUyNTFhNGU4Mjg1MjI0NA==#ZXXEV6ysttgv1lbghOEx4rl9X+/JGhjt46H9vdBSYevr5Sc70xaMo0dlyuY+cF1l

2026-09-16 21:19:53,074 LT1-callback ClientCallback.log INFO client.py                 200   log                       : PTS_LOGTYPE_END_TEST Test Case Ended 

+66219 ms
 GAP/SEC/SEM/BI-26-C GAP/SEC/SEM/BI-26-C

2026-09-16 21:19:53,234 LT1-callback root DEBUG client.py                 261   set_result                : ClientCallback, set_result, run_test_case, PASS
2026-09-16 21:19:53,235 LT1-thread root DEBUG client.py                 1186  _run_test_case            : After run_test_case error_code=0 status='PASS'
2026-09-16 21:19:53,235 LT1-thread root DEBUG testcase.py               766   post_run                  : post_run GAP GAP/SEC/SEM/BI-26-C 0
2026-09-16 21:19:53,235 LT1-thread root DEBUG testcase.py               254   start                     : Starting test function: class=<class 'autopts.ptsprojects.testcase.TestFuncCleanUp'>, func=<bound method ZTestCase._test_case_cleanup of <autopts.ptsprojects.zephyr.ztestcase.ZTestCase object at 0x000002A769E81A30>> start_wid=None stop_wid=None post_wid=None skip_call=None call_count=1 args=() kwds={}
2026-09-16 21:19:53,235 LT1-thread root DEBUG testcase.py               266   start                     : Test function parameters: args=(), kwds={}
2026-09-16 21:19:53,235 LT1-thread root DEBUG iutctl.py                 415   stop                      : <class 'autopts.ptsprojects.zephyr.iutctl.create_zephyr_ctl_class.<locals>.ZephyrCtl'>.stop
2026-09-16 21:19:53,236 LT1-thread root DEBUG __init__.py               51    reset                     : About to reset DUT: JLink -CommandFile reset.jlink -usb 1063214216 -device MIMXRT1176XXXA_M7
2026-09-16 21:19:53,563 BTPWorkerThread-2615 (_rx_task) root DEBUG iutctl_common.py          123   read                      : Read 5 bytes
2026-09-16 21:19:53,563 BTPWorkerThread-2615 (_rx_task) root DEBUG iutctl_common.py          131   read                      : Received: hdr: Header(svc_id=0x00, op=0x80, ctrl_index=0xff, data_len=0x00) bytearray(b'\x00\x80\xff\x00\x00')
2026-09-16 21:19:53,564 BTPWorkerThread-2615 (_rx_task) root DEBUG iutctl_common.py          154   read                      : Received data: {''}, bytearray(b'')
2026-09-16 21:19:53,564 BTPWorkerThread-2615 (_rx_task) root DEBUG btp.py                    700   event_handler             : Header(svc_id=0, op=128, ctrl_index=255, data_len=0) (b'',)
2026-09-16 21:19:53,564 BTPWorkerThread-2615 (_rx_task) root DEBUG core.py                   23    core_iut_ready_ev         : 
2026-09-16 21:19:53,627 LT1-thread root DEBUG iutctl.py                 436   _stop_tty_mode            : IUT ready event received OK
2026-09-16 21:19:53,627 LT1-thread root DEBUG iutctl_common.py          416   close                     : Waiting for _rx_worker to finish ...
2026-09-16 21:19:54,565 BTPWorkerThread-2615 (_rx_task) root DEBUG iutctl_common.py          332   _rx_task                  : BTPWorkerThread-2615 (_rx_task) finishing...
2026-09-16 21:19:57,572 LT1-thread root DEBUG testcase.py               794   post_run                  : post_run, cleanup running post test case script
2026-09-16 21:19:57,572 LT1-thread root DEBUG testcase.py               802   post_run                  : post_run, run post test case script
2026-09-16 21:19:57,647 LT1-thread root DEBUG client.py                 1220  _run_test_case            : Done TestCase _run_test_case GAP GAP/SEC/SEM/BI-26-C
