2026-09-22 14:16:28,591 LT1-thread root DEBUG client.py                 1099  _run_test_case            : Starting TestCase _run_test_case BIP BIP/RDR/MFS/BV-26-C
2026-09-22 14:16:28,592 LT1-thread root DEBUG testcase.py               727   pre_run                   : pre_run BIP BIP/RDR/MFS/BV-26-C
2026-09-22 14:16:28,592 LT1-thread root DEBUG testcase.py               729   pre_run                   : About to run test case BIP BIP/RDR/MFS/BV-26-C with commands:
2026-09-22 14:16:28,592 LT1-thread root DEBUG testcase.py               731   pre_run                   : 0) class=<class 'autopts.ptsprojects.testcase.TestFunc'>, func=<bound method ZTestCase._test_case_start of <autopts.ptsprojects.zephyr.ztestcase.ZTestCase object at 0x000002BEEC5C3320>> start_wid=None stop_wid=None post_wid=None skip_call=None call_count=1 args=() kwds={}
2026-09-22 14:16:28,593 LT1-thread root DEBUG testcase.py               731   pre_run                   : 1) class=<class 'autopts.ptsprojects.testcase.TestFunc'>, func=<function core_reg_svc_gap at 0x000002BEE9BB6480> start_wid=None stop_wid=None post_wid=None skip_call=None call_count=183 args=() kwds={}
2026-09-22 14:16:28,593 LT1-thread root DEBUG testcase.py               731   pre_run                   : 2) class=<class 'autopts.ptsprojects.testcase.TestFunc'>, func=<bound method Stack.gap_init of <autopts.ptsprojects.stack.stack.Stack object at 0x000002BEE9C80770>> start_wid=None stop_wid=None post_wid=None skip_call=None call_count=183 args=(b'Tester_08E44E',) kwds={}
2026-09-22 14:16:28,593 LT1-thread root DEBUG testcase.py               731   pre_run                   : 3) class=<class 'autopts.ptsprojects.testcase.TestFunc'>, func=<function gap_read_controller_info at 0x000002BEE9BE13A0> start_wid=None stop_wid=None post_wid=None skip_call=None call_count=183 args=() kwds={}
2026-09-22 14:16:28,593 LT1-thread root DEBUG testcase.py               731   pre_run                   : 4) class=<class 'autopts.ptsprojects.testcase.TestFunc'>, func=<function test_cases.<locals>.<lambda> at 0x000002BEEC5C9120> start_wid=None stop_wid=None post_wid=None skip_call=None call_count=183 args=() kwds={}
2026-09-22 14:16:28,593 LT1-thread root DEBUG testcase.py               731   pre_run                   : 5) class=<class 'autopts.ptsprojects.testcase.TestFunc'>, func=<function set_pts_addr at 0x000002BEE9BB6020> start_wid=None stop_wid=None post_wid=None skip_call=None call_count=183 args=('00:1B:DC:08:E4:4E', 0) kwds={}
2026-09-22 14:16:28,593 LT1-thread root DEBUG testcase.py               731   pre_run                   : 6) class=<class 'autopts.ptsprojects.testcase.TestFunc'>, func=<function core_reg_svc_gatt at 0x000002BEE9BB65C0> start_wid=None stop_wid=None post_wid=None skip_call=None call_count=183 args=() kwds={}
2026-09-22 14:16:28,593 LT1-thread root DEBUG testcase.py               731   pre_run                   : 7) class=<class 'autopts.ptsprojects.testcase.TestFunc'>, func=<bound method Stack.gatt_init of <autopts.ptsprojects.stack.stack.Stack object at 0x000002BEE9C80770>> start_wid=None stop_wid=None post_wid=None skip_call=None call_count=183 args=() kwds={}
2026-09-22 14:16:28,593 LT1-thread root DEBUG testcase.py               731   pre_run                   : 8) class=<class 'autopts.ptsprojects.testcase.TestFunc'>, func=<function core_reg_svc_bip at 0x000002BEE9BB7BA0> start_wid=None stop_wid=None post_wid=None skip_call=None call_count=183 args=() kwds={}
2026-09-22 14:16:28,594 LT1-thread root DEBUG testcase.py               731   pre_run                   : 9) class=<class 'autopts.ptsprojects.testcase.TestFunc'>, func=<bound method Stack.bip_init of <autopts.ptsprojects.stack.stack.Stack object at 0x000002BEE9C80770>> start_wid=None stop_wid=None post_wid=None skip_call=None call_count=183 args=() kwds={}
2026-09-22 14:16:28,594 LT1-thread root DEBUG testcase.py               731   pre_run                   : 10) class=<class 'autopts.ptsprojects.testcase.TestFunc'>, func=<function test_cases.<locals>.<lambda> at 0x000002BEEC5C91C0> start_wid=None stop_wid=None post_wid=None skip_call=None call_count=183 args=() kwds={}
2026-09-22 14:16:28,594 LT1-thread root DEBUG testcase.py               731   pre_run                   : 11) class=<class 'autopts.ptsprojects.testcase.TestFunc'>, func=<function bip_server_register at 0x000002BEE9BE6840> start_wid=None stop_wid=None post_wid=None skip_call=None call_count=17 args=() kwds={'conn_type': 5}
2026-09-22 14:16:28,594 LT1-thread root DEBUG testcase.py               731   pre_run                   : 12) class=<class 'autopts.ptsprojects.testcase.TestFuncCleanUp'>, func=<bound method ZTestCase._test_case_cleanup of <autopts.ptsprojects.zephyr.ztestcase.ZTestCase object at 0x000002BEEC5C3320>> start_wid=None stop_wid=None post_wid=None skip_call=None call_count=1 args=() kwds={}
2026-09-22 14:16:28,594 LT1-thread root DEBUG testcase.py               738   pre_run                   : pre_run, run pre test case script
2026-09-22 14:16:28,607 LT1-thread root DEBUG testcase.py               254   start                     : Starting test function: class=<class 'autopts.ptsprojects.testcase.TestFunc'>, func=<bound method ZTestCase._test_case_start of <autopts.ptsprojects.zephyr.ztestcase.ZTestCase object at 0x000002BEEC5C3320>> start_wid=None stop_wid=None post_wid=None skip_call=None call_count=2 args=() kwds={}
2026-09-22 14:16:28,607 LT1-thread root DEBUG testcase.py               266   start                     : Test function parameters: args=(), kwds={}
2026-09-22 14:16:28,608 LT1-thread root DEBUG iutctl.py                 172   start                     : <class 'autopts.ptsprojects.zephyr.iutctl.create_zephyr_ctl_class.<locals>.ZephyrCtl'>.start
2026-09-22 14:16:28,608 LT1-thread root DEBUG iutctl.py                 325   flush_serial              : <class 'autopts.ptsprojects.zephyr.iutctl.create_zephyr_ctl_class.<locals>.ZephyrCtl'>.flush_serial
2026-09-22 14:16:29,885 LT1-thread root DEBUG iutctl.py                 249   _start_tty_mode           : Starting socat process: socat.exe -x -v tcp:10.17.12.9:58291,retry=100,interval=1 /dev/ttyS2,raw,b115200,
2026-09-22 14:16:29,898 LT1-thread root DEBUG iutctl_common.py          402   accept                    : 
2026-09-22 14:16:30,465 BTPWorkerThread-6170 (_rx_task) root DEBUG iutctl_common.py          299   _rx_task                  : BTPWorkerThread-6170 (_rx_task) started
2026-09-22 14:16:30,466 LT1-thread root DEBUG iutctl.py                 395   wait_iut_ready_event      : IUT ready event received OK
2026-09-22 14:16:30,466 LT1-thread root DEBUG btp.py                    51    read_supp_svcs            : 
2026-09-22 14:16:30,466 LT1-thread root DEBUG iutctl_common.py          161   send                      : 0 2 255 ''
2026-09-22 14:16:30,466 LT1-thread root DEBUG iutctl_common.py          166   send                      : sending frame '0002ff0000'
2026-09-22 14:16:30,467 LT1-thread root DEBUG iutctl_common.py          339   read                      : 
2026-09-22 14:16:30,482 BTPWorkerThread-6170 (_rx_task) root DEBUG iutctl_common.py          123   read                      : Read 2 bytes
2026-09-22 14:16:30,489 BTPWorkerThread-6170 (_rx_task) root DEBUG iutctl_common.py          123   read                      : Read 3 bytes
2026-09-22 14:16:30,501 BTPWorkerThread-6170 (_rx_task) root DEBUG iutctl_common.py          131   read                      : Received: hdr: Header(svc_id=0x00, op=0x02, ctrl_index=0xff, data_len=0x05) bytearray(b'\x00\x02\xff\x05\x00')
2026-09-22 14:16:30,518 BTPWorkerThread-6170 (_rx_task) root DEBUG iutctl_common.py          139   read                      : Read 5 bytes data
2026-09-22 14:16:30,529 BTPWorkerThread-6170 (_rx_task) root DEBUG iutctl_common.py          154   read                      : Received data: {'0f 00 00 a0 03'}, bytearray(b'\x0f\x00\x00\xa0\x03')
2026-09-22 14:16:30,541 LT1-thread root DEBUG btp.py                    62    read_supp_svcs            : received Header(svc_id=0, op=2, ctrl_index=255, data_len=5) (b'\x0f\x00\x00\xa0\x03',)
2026-09-22 14:16:30,541 LT1-thread root DEBUG testcase.py               254   start                     : Starting test function: class=<class 'autopts.ptsprojects.testcase.TestFunc'>, func=<function core_reg_svc_gap at 0x000002BEE9BB6480> start_wid=None stop_wid=None post_wid=None skip_call=None call_count=184 args=() kwds={}
2026-09-22 14:16:30,541 LT1-thread root DEBUG testcase.py               266   start                     : Test function parameters: args=(), kwds={}
2026-09-22 14:16:30,541 LT1-thread root DEBUG btp.py                    117   core_reg_svc_univ         : core_reg_svc_univ: gap_reg (GAP)
2026-09-22 14:16:30,541 LT1-thread root DEBUG iutctl_common.py          161   send                      : 0 3 255 '1'
2026-09-22 14:16:30,541 LT1-thread root DEBUG iutctl_common.py          166   send                      : sending frame '0003ff010001'
2026-09-22 14:16:30,542 LT1-thread root DEBUG btp.py                    622   core_reg_svc_rsp_succ     : 
2026-09-22 14:16:30,542 LT1-thread root DEBUG iutctl_common.py          339   read                      : 
2026-09-22 14:16:34,662 BTPWorkerThread-6170 (_rx_task) root DEBUG iutctl_common.py          123   read                      : Read 5 bytes
2026-09-22 14:16:34,673 BTPWorkerThread-6170 (_rx_task) root DEBUG iutctl_common.py          131   read                      : Received: hdr: Header(svc_id=0x00, op=0x03, ctrl_index=0xff, data_len=0x00) bytearray(b'\x00\x03\xff\x00\x00')
2026-09-22 14:16:34,684 BTPWorkerThread-6170 (_rx_task) root DEBUG iutctl_common.py          154   read                      : Received data: {''}, bytearray(b'')
2026-09-22 14:16:34,701 LT1-thread root DEBUG btp.py                    633   core_reg_svc_rsp_succ     : received Header(svc_id=0, op=3, ctrl_index=255, data_len=0) (b'',)
2026-09-22 14:16:34,701 LT1-thread root DEBUG btp.py                    634   core_reg_svc_rsp_succ     : expected ((0, 3, 255, 0), (b'',))
2026-09-22 14:16:34,701 LT1-thread root DEBUG btp.py                    639   core_reg_svc_rsp_succ     : response is valid
2026-09-22 14:16:34,701 LT1-thread root DEBUG btp.py                    642   core_reg_svc_rsp_succ     : Reading supported commands for service: GAP
2026-09-22 14:16:34,702 LT1-thread root DEBUG iutctl_common.py          161   send                      : 1 1 255 ''
2026-09-22 14:16:34,702 LT1-thread root DEBUG iutctl_common.py          166   send                      : sending frame '0101ff0000'
2026-09-22 14:16:34,702 LT1-thread root DEBUG iutctl_common.py          339   read                      : 
2026-09-22 14:16:34,738 BTPWorkerThread-6170 (_rx_task) root DEBUG iutctl_common.py          123   read                      : Read 5 bytes
2026-09-22 14:16:34,750 BTPWorkerThread-6170 (_rx_task) root DEBUG iutctl_common.py          131   read                      : Received: hdr: Header(svc_id=0x01, op=0x01, ctrl_index=0xff, data_len=0x07) bytearray(b'\x01\x01\xff\x07\x00')
2026-09-22 14:16:34,773 BTPWorkerThread-6170 (_rx_task) root DEBUG iutctl_common.py          139   read                      : Read 7 bytes data
2026-09-22 14:16:34,783 BTPWorkerThread-6170 (_rx_task) root DEBUG iutctl_common.py          154   read                      : Received data: {'6e ff 7f 1f fe ff 0e'}, bytearray(b'n\xff\x7f\x1f\xfe\xff\x0e')
2026-09-22 14:16:34,799 LT1-thread root DEBUG testcase.py               254   start                     : Starting test function: class=<class 'autopts.ptsprojects.testcase.TestFunc'>, func=<bound method Stack.gap_init of <autopts.ptsprojects.stack.stack.Stack object at 0x000002BEE9C80770>> start_wid=None stop_wid=None post_wid=None skip_call=None call_count=184 args=(b'Tester_08E44E',) kwds={}
2026-09-22 14:16:34,799 LT1-thread root DEBUG testcase.py               266   start                     : Test function parameters: args=(b'Tester_08E44E',), kwds={}
2026-09-22 14:16:34,799 LT1-thread root DEBUG testcase.py               254   start                     : Starting test function: class=<class 'autopts.ptsprojects.testcase.TestFunc'>, func=<function gap_read_controller_info at 0x000002BEE9BE13A0> start_wid=None stop_wid=None post_wid=None skip_call=None call_count=184 args=() kwds={}
2026-09-22 14:16:34,800 LT1-thread root DEBUG testcase.py               266   start                     : Test function parameters: args=(), kwds={}
2026-09-22 14:16:34,800 LT1-thread root DEBUG gap.py                    1161  gap_read_controller_info  : 
2026-09-22 14:16:34,800 LT1-thread root DEBUG iutctl_common.py          161   send                      : 1 3 0 ''
2026-09-22 14:16:34,800 LT1-thread root DEBUG iutctl_common.py          166   send                      : sending frame '0103000000'
2026-09-22 14:16:34,800 LT1-thread root DEBUG iutctl_common.py          339   read                      : 
2026-09-22 14:16:34,836 BTPWorkerThread-6170 (_rx_task) root DEBUG iutctl_common.py          123   read                      : Read 5 bytes
2026-09-22 14:16:34,848 BTPWorkerThread-6170 (_rx_task) root DEBUG iutctl_common.py          131   read                      : Received: hdr: Header(svc_id=0x01, op=0x03, ctrl_index=0x00, data_len=0x115) bytearray(b'\x01\x03\x00\x15\x01')
2026-09-22 14:16:34,870 BTPWorkerThread-6170 (_rx_task) root DEBUG iutctl_common.py          139   read                      : Read 277 bytes data
2026-09-22 14:16:34,880 BTPWorkerThread-6170 (_rx_task) root DEBUG iutctl_common.py          154   read                      : Received data: {'19 78 ee 69 17 d0 d3 06 02 00 13 02 00 00 00 00 00 62 74 70 5f 74 65 73 74 65 72 00 00 00 00 00 00 00 00 00 00 00 00 00 00 00 00 00 00 00 00 00 00 00 00 00 00 00 00 00 00 00 00 00 00 00 00 00 00 00 00 00 00 00 00 00 00 00 00 00 00 00 00 00 00 00 00 00 00 00 00 00 00 00 00 00 00 00 00 00 00 00 00 00 00 00 00 00 00 00 00 00 00 00 00 00 00 00 00 00 00 00 00 00 00 00 00 00 00 00 00 00 00 00 00 00 00 00 00 00 00 00 00 00 00 00 00 00 00 00 00 00 00 00 00 00 00 00 00 00 00 00 00 00 00 00 00 00 00 00 00 00 00 00 00 00 00 00 00 00 00 00 00 00 00 00 00 00 00 00 00 00 00 00 00 00 00 00 00 00 00 00 00 00 00 00 00 00 00 00 00 00 00 00 00 00 00 00 00 00 00 00 00 00 00 00 00 00 00 00 00 00 00 00 00 00 00 00 00 00 00 00 00 00 00 00 00 00 00 00 00 00 00 00 00 00 00 00 00 00 00 00 00 00 00 00 00 00 00 00 00 00 00 00 00 00 00 00 00 00 00'}, bytearray(b'\x19x\xeei\x17\xd0\xd3\x06\x02\x00\x13\x02\x00\x00\x00\x00\x00btp_tester\x00\x00\x00\x00\x00\x00\x00\x00\x00\x00\x00\x00\x00\x00\x00\x00\x00\x00\x00\x00\x00\x00\x00\x00\x00\x00\x00\x00\x00\x00\x00\x00\x00\x00\x00\x00\x00\x00\x00\x00\x00\x00\x00\x00\x00\x00\x00\x00\x00\x00\x00\x00\x00\x00\x00\x00\x00\x00\x00\x00\x00\x00\x00\x00\x00\x00\x00\x00\x00\x00\x00\x00\x00\x00\x00\x00\x00\x00\x00\x00\x00\x00\x00\x00\x00\x00\x00\x00\x00\x00\x00\x00\x00\x00\x00\x00\x00\x00\x00\x00\x00\x00\x00\x00\x00\x00\x00\x00\x00\x00\x00\x00\x00\x00\x00\x00\x00\x00\x00\x00\x00\x00\x00\x00\x00\x00\x00\x00\x00\x00\x00\x00\x00\x00\x00\x00\x00\x00\x00\x00\x00\x00\x00\x00\x00\x00\x00\x00\x00\x00\x00\x00\x00\x00\x00\x00\x00\x00\x00\x00\x00\x00\x00\x00\x00\x00\x00\x00\x00\x00\x00\x00\x00\x00\x00\x00\x00\x00\x00\x00\x00\x00\x00\x00\x00\x00\x00\x00\x00\x00\x00\x00\x00\x00\x00\x00\x00\x00\x00\x00\x00\x00\x00\x00\x00\x00\x00\x00\x00\x00\x00\x00\x00\x00\x00\x00\x00\x00\x00\x00\x00\x00\x00\x00\x00\x00\x00\x00\x00\x00\x00\x00\x00\x00\x00\x00\x00\x00\x00\x00\x00\x00\x00\x00\x00\x00\x00\x00\x00\x00')
2026-09-22 14:16:34,892 LT1-thread root DEBUG gap.py                    1168  gap_read_controller_info  : received Header(svc_id=1, op=3, ctrl_index=0, data_len=277) (b'\x19x\xeei\x17\xd0\xd3\x06\x02\x00\x13\x02\x00\x00\x00\x00\x00btp_tester\x00\x00\x00\x00\x00\x00\x00\x00\x00\x00\x00\x00\x00\x00\x00\x00\x00\x00\x00\x00\x00\x00\x00\x00\x00\x00\x00\x00\x00\x00\x00\x00\x00\x00\x00\x00\x00\x00\x00\x00\x00\x00\x00\x00\x00\x00\x00\x00\x00\x00\x00\x00\x00\x00\x00\x00\x00\x00\x00\x00\x00\x00\x00\x00\x00\x00\x00\x00\x00\x00\x00\x00\x00\x00\x00\x00\x00\x00\x00\x00\x00\x00\x00\x00\x00\x00\x00\x00\x00\x00\x00\x00\x00\x00\x00\x00\x00\x00\x00\x00\x00\x00\x00\x00\x00\x00\x00\x00\x00\x00\x00\x00\x00\x00\x00\x00\x00\x00\x00\x00\x00\x00\x00\x00\x00\x00\x00\x00\x00\x00\x00\x00\x00\x00\x00\x00\x00\x00\x00\x00\x00\x00\x00\x00\x00\x00\x00\x00\x00\x00\x00\x00\x00\x00\x00\x00\x00\x00\x00\x00\x00\x00\x00\x00\x00\x00\x00\x00\x00\x00\x00\x00\x00\x00\x00\x00\x00\x00\x00\x00\x00\x00\x00\x00\x00\x00\x00\x00\x00\x00\x00\x00\x00\x00\x00\x00\x00\x00\x00\x00\x00\x00\x00\x00\x00\x00\x00\x00\x00\x00\x00\x00\x00\x00\x00\x00\x00\x00\x00\x00\x00\x00\x00\x00\x00\x00\x00\x00\x00\x00\x00\x00\x00\x00\x00\x00\x00\x00\x00\x00\x00\x00\x00\x00\x00\x00\x00\x00\x00\x00',)
2026-09-22 14:16:34,892 LT1-thread root DEBUG gap.py                    1189  gap_read_controller_info  : IUT address 'd01769ee7819' 'public'
2026-09-22 14:16:34,892 LT1-thread root DEBUG gap.py                    594   __gap_current_settings_update : 531
2026-09-22 14:16:34,892 LT1-thread root DEBUG testcase.py               254   start                     : Starting test function: class=<class 'autopts.ptsprojects.testcase.TestFunc'>, func=<function test_cases.<locals>.<lambda> at 0x000002BEEC5C9120> start_wid=None stop_wid=None post_wid=None skip_call=None call_count=184 args=() kwds={}
2026-09-22 14:16:34,892 LT1-thread root DEBUG testcase.py               266   start                     : Test function parameters: args=(), kwds={}
2026-09-22 14:16:34,896 LT1-thread root DEBUG testcase.py               254   start                     : Starting test function: class=<class 'autopts.ptsprojects.testcase.TestFunc'>, func=<function set_pts_addr at 0x000002BEE9BB6020> start_wid=None stop_wid=None post_wid=None skip_call=None call_count=184 args=('00:1B:DC:08:E4:4E', 0) kwds={}
2026-09-22 14:16:34,896 LT1-thread root DEBUG testcase.py               266   start                     : Test function parameters: args=('00:1B:DC:08:E4:4E', 0), kwds={}
2026-09-22 14:16:34,896 LT1-thread root DEBUG testcase.py               254   start                     : Starting test function: class=<class 'autopts.ptsprojects.testcase.TestFunc'>, func=<function core_reg_svc_gatt at 0x000002BEE9BB65C0> start_wid=None stop_wid=None post_wid=None skip_call=None call_count=184 args=() kwds={}
2026-09-22 14:16:34,897 LT1-thread root DEBUG testcase.py               266   start                     : Test function parameters: args=(), kwds={}
2026-09-22 14:16:34,897 LT1-thread root DEBUG btp.py                    117   core_reg_svc_univ         : core_reg_svc_univ: gatt_reg (GATT)
2026-09-22 14:16:34,897 LT1-thread root DEBUG iutctl_common.py          161   send                      : 0 3 255 '2'
2026-09-22 14:16:34,897 LT1-thread root DEBUG iutctl_common.py          166   send                      : sending frame '0003ff010002'
2026-09-22 14:16:34,898 LT1-thread root DEBUG btp.py                    622   core_reg_svc_rsp_succ     : 
2026-09-22 14:16:34,898 LT1-thread root DEBUG iutctl_common.py          339   read                      : 
2026-09-22 14:16:34,937 BTPWorkerThread-6170 (_rx_task) root DEBUG iutctl_common.py          123   read                      : Read 5 bytes
2026-09-22 14:16:34,947 BTPWorkerThread-6170 (_rx_task) root DEBUG iutctl_common.py          131   read                      : Received: hdr: Header(svc_id=0x00, op=0x03, ctrl_index=0xff, data_len=0x00) bytearray(b'\x00\x03\xff\x00\x00')
2026-09-22 14:16:34,959 BTPWorkerThread-6170 (_rx_task) root DEBUG iutctl_common.py          154   read                      : Received data: {''}, bytearray(b'')
2026-09-22 14:16:34,971 LT1-thread root DEBUG btp.py                    633   core_reg_svc_rsp_succ     : received Header(svc_id=0, op=3, ctrl_index=255, data_len=0) (b'',)
2026-09-22 14:16:34,971 LT1-thread root DEBUG btp.py                    634   core_reg_svc_rsp_succ     : expected ((0, 3, 255, 0), (b'',))
2026-09-22 14:16:34,971 LT1-thread root DEBUG btp.py                    639   core_reg_svc_rsp_succ     : response is valid
2026-09-22 14:16:34,971 LT1-thread root DEBUG btp.py                    642   core_reg_svc_rsp_succ     : Reading supported commands for service: GATT
2026-09-22 14:16:34,972 LT1-thread root DEBUG iutctl_common.py          161   send                      : 2 1 255 ''
2026-09-22 14:16:34,972 LT1-thread root DEBUG iutctl_common.py          166   send                      : sending frame '0201ff0000'
2026-09-22 14:16:34,972 LT1-thread root DEBUG iutctl_common.py          339   read                      : 
2026-09-22 14:16:35,013 BTPWorkerThread-6170 (_rx_task) root DEBUG iutctl_common.py          123   read                      : Read 5 bytes
2026-09-22 14:16:35,024 BTPWorkerThread-6170 (_rx_task) root DEBUG iutctl_common.py          131   read                      : Received: hdr: Header(svc_id=0x02, op=0x01, ctrl_index=0xff, data_len=0x05) bytearray(b'\x02\x01\xff\x05\x00')
2026-09-22 14:16:35,034 BTPWorkerThread-6170 (_rx_task) root DEBUG iutctl_common.py          139   read                      : Read 5 bytes data
2026-09-22 14:16:35,045 BTPWorkerThread-6170 (_rx_task) root DEBUG iutctl_common.py          154   read                      : Received data: {'fe fe bf fd 0f'}, bytearray(b'\xfe\xfe\xbf\xfd\x0f')
2026-09-22 14:16:35,061 LT1-thread root DEBUG testcase.py               254   start                     : Starting test function: class=<class 'autopts.ptsprojects.testcase.TestFunc'>, func=<bound method Stack.gatt_init of <autopts.ptsprojects.stack.stack.Stack object at 0x000002BEE9C80770>> start_wid=None stop_wid=None post_wid=None skip_call=None call_count=184 args=() kwds={}
2026-09-22 14:16:35,061 LT1-thread root DEBUG testcase.py               266   start                     : Test function parameters: args=(), kwds={}
2026-09-22 14:16:35,061 LT1-thread root DEBUG testcase.py               254   start                     : Starting test function: class=<class 'autopts.ptsprojects.testcase.TestFunc'>, func=<function core_reg_svc_bip at 0x000002BEE9BB7BA0> start_wid=None stop_wid=None post_wid=None skip_call=None call_count=184 args=() kwds={}
2026-09-22 14:16:35,061 LT1-thread root DEBUG testcase.py               266   start                     : Test function parameters: args=(), kwds={}
2026-09-22 14:16:35,062 LT1-thread root DEBUG btp.py                    117   core_reg_svc_univ         : core_reg_svc_univ: bip_reg (BIP)
2026-09-22 14:16:35,062 LT1-thread root DEBUG iutctl_common.py          161   send                      : 0 3 255 '33'
2026-09-22 14:16:35,062 LT1-thread root DEBUG iutctl_common.py          166   send                      : sending frame '0003ff010021'
2026-09-22 14:16:35,062 LT1-thread root DEBUG btp.py                    622   core_reg_svc_rsp_succ     : 
2026-09-22 14:16:35,062 LT1-thread root DEBUG iutctl_common.py          339   read                      : 
2026-09-22 14:16:35,101 BTPWorkerThread-6170 (_rx_task) root DEBUG iutctl_common.py          123   read                      : Read 5 bytes
2026-09-22 14:16:35,112 BTPWorkerThread-6170 (_rx_task) root DEBUG iutctl_common.py          131   read                      : Received: hdr: Header(svc_id=0x00, op=0x03, ctrl_index=0xff, data_len=0x00) bytearray(b'\x00\x03\xff\x00\x00')
2026-09-22 14:16:35,123 BTPWorkerThread-6170 (_rx_task) root DEBUG iutctl_common.py          154   read                      : Received data: {''}, bytearray(b'')
2026-09-22 14:16:35,134 LT1-thread root DEBUG btp.py                    633   core_reg_svc_rsp_succ     : received Header(svc_id=0, op=3, ctrl_index=255, data_len=0) (b'',)
2026-09-22 14:16:35,134 LT1-thread root DEBUG btp.py                    634   core_reg_svc_rsp_succ     : expected ((0, 3, 255, 0), (b'',))
2026-09-22 14:16:35,134 LT1-thread root DEBUG btp.py                    639   core_reg_svc_rsp_succ     : response is valid
2026-09-22 14:16:35,134 LT1-thread root DEBUG btp.py                    642   core_reg_svc_rsp_succ     : Reading supported commands for service: BIP
2026-09-22 14:16:35,135 LT1-thread root DEBUG iutctl_common.py          161   send                      : 33 1 255 ''
2026-09-22 14:16:35,135 LT1-thread root DEBUG iutctl_common.py          166   send                      : sending frame '2101ff0000'
2026-09-22 14:16:35,135 LT1-thread root DEBUG iutctl_common.py          339   read                      : 
2026-09-22 14:16:35,177 BTPWorkerThread-6170 (_rx_task) root DEBUG iutctl_common.py          123   read                      : Read 5 bytes
2026-09-22 14:16:35,188 BTPWorkerThread-6170 (_rx_task) root DEBUG iutctl_common.py          131   read                      : Received: hdr: Header(svc_id=0x21, op=0x01, ctrl_index=0xff, data_len=0x0a) bytearray(b'!\x01\xff\n\x00')
2026-09-22 14:16:35,199 BTPWorkerThread-6170 (_rx_task) root DEBUG iutctl_common.py          139   read                      : Read 10 bytes data
2026-09-22 14:16:35,216 BTPWorkerThread-6170 (_rx_task) root DEBUG iutctl_common.py          154   read                      : Received data: {'da fe ff ff ff ff ff ff ff 1f'}, bytearray(b'\xda\xfe\xff\xff\xff\xff\xff\xff\xff\x1f')
2026-09-22 14:16:35,233 LT1-thread root DEBUG testcase.py               254   start                     : Starting test function: class=<class 'autopts.ptsprojects.testcase.TestFunc'>, func=<bound method Stack.bip_init of <autopts.ptsprojects.stack.stack.Stack object at 0x000002BEE9C80770>> start_wid=None stop_wid=None post_wid=None skip_call=None call_count=184 args=() kwds={}
2026-09-22 14:16:35,233 LT1-thread root DEBUG testcase.py               266   start                     : Test function parameters: args=(), kwds={}
2026-09-22 14:16:35,233 LT1-thread root DEBUG bip.py                    3619  stop                      : BIP event handler stopped
2026-09-22 14:16:35,234 LT1-thread root DEBUG bip.py                    3611  start                     : BIP event handler started
2026-09-22 14:16:35,267 LT1-thread root DEBUG testcase.py               254   start                     : Starting test function: class=<class 'autopts.ptsprojects.testcase.TestFunc'>, func=<function test_cases.<locals>.<lambda> at 0x000002BEEC5C91C0> start_wid=None stop_wid=None post_wid=None skip_call=None call_count=184 args=() kwds={}
2026-09-22 14:16:35,267 LT1-thread root DEBUG testcase.py               266   start                     : Test function parameters: args=(), kwds={}
2026-09-22 14:16:35,267 LT1-thread root DEBUG testcase.py               254   start                     : Starting test function: class=<class 'autopts.ptsprojects.testcase.TestFunc'>, func=<function bip_server_register at 0x000002BEE9BE6840> start_wid=None stop_wid=None post_wid=None skip_call=None call_count=18 args=() kwds={'conn_type': 5}
2026-09-22 14:16:35,267 LT1-thread root DEBUG testcase.py               266   start                     : Test function parameters: args=(), kwds={'conn_type': 5}
2026-09-22 14:16:35,267 LT1-thread root DEBUG bip.py                    632   bip_server_register       : bip_server_register None 224 5
2026-09-22 14:16:35,268 LT1-thread root DEBUG iutctl_common.py          161   send                      : 33 10 0 "bytearray(b'\\xe0N\\xe4\\x08\\xdc\\x1b\\x00\\x05')"
2026-09-22 14:16:35,268 LT1-thread root DEBUG iutctl_common.py          166   send                      : sending frame '210a000800e04ee408dc1b0005'
2026-09-22 14:16:35,268 LT1-thread root DEBUG iutctl_common.py          339   read                      : 
2026-09-22 14:16:35,309 BTPWorkerThread-6170 (_rx_task) root DEBUG iutctl_common.py          123   read                      : Read 5 bytes
2026-09-22 14:16:35,320 BTPWorkerThread-6170 (_rx_task) root DEBUG iutctl_common.py          131   read                      : Received: hdr: Header(svc_id=0x21, op=0x0a, ctrl_index=0x00, data_len=0x00) bytearray(b'!\n\x00\x00\x00')
2026-09-22 14:16:35,332 BTPWorkerThread-6170 (_rx_task) root DEBUG iutctl_common.py          154   read                      : Received data: {''}, bytearray(b'')
2026-09-22 14:16:35,351 LT1-thread root DEBUG client.py                 276   get_result                : ClientCallback.get_result run_test_case
2026-09-22 14:16:44,594 LT1-callback ClientCallback.on_implicit_send INFO client.py                 223   on_implicit_send          : 
    ********************
    BEGIN OnImplicitSend:
    project_name: BIP
    wid: 18
    test_case_name: BIP/RDR/MFS/BV-26-C
    description:  Click OK when the IUT becomes connectable.
    style: MMI_Style_Ok_Cancel1 0x11041
2026-09-22 14:16:44,594 LT1-callback ClientCallback.on_implicit_send INFO client.py                 236   on_implicit_send          : Calling test cases on_implicit_send
2026-09-22 14:16:44,595 LT1-callback ClientCallback.on_implicit_send INFO client.py                 249   on_implicit_send          : 
    on_implicit_send returned response: WAIT
    END OnImplicitSend
    ********************
2026-09-22 14:16:45,356 LT1-thread root DEBUG testcase.py               679   run_wid                   : BIP BIP/RDR/MFS/BV-26-C on_implicit_send
2026-09-22 14:16:45,356 LT1-thread root DEBUG bip_wid.py                25    bip_wid_hdl               : bip_wid_hdl, 18,  Click OK when the IUT becomes connectable., BIP/RDR/MFS/BV-26-C
2026-09-22 14:16:45,356 LT1-thread root DEBUG gap.py                    982   gap_set_connectable       : 
2026-09-22 14:16:45,357 LT1-thread root DEBUG gap.py                    1033  gap_set_general_discoverable : 
2026-09-22 14:16:45,357 LT1-thread root DEBUG iutctl_common.py          161   send                      : 1 8 0 '1'
2026-09-22 14:16:45,357 LT1-thread root DEBUG iutctl_common.py          166   send                      : sending frame '010800010001'
2026-09-22 14:16:45,358 LT1-thread root DEBUG gap.py                    1227  gap_command_rsp_succ      : 
2026-09-22 14:16:45,358 LT1-thread root DEBUG iutctl_common.py          339   read                      : 
2026-09-22 14:16:45,423 BTPWorkerThread-6170 (_rx_task) root DEBUG iutctl_common.py          123   read                      : Read 5 bytes
2026-09-22 14:16:45,436 BTPWorkerThread-6170 (_rx_task) root DEBUG iutctl_common.py          131   read                      : Received: hdr: Header(svc_id=0x01, op=0x08, ctrl_index=0x00, data_len=0x04) bytearray(b'\x01\x08\x00\x04\x00')
2026-09-22 14:16:45,447 BTPWorkerThread-6170 (_rx_task) root DEBUG iutctl_common.py          139   read                      : Read 4 bytes data
2026-09-22 14:16:45,447 BTPWorkerThread-6170 (_rx_task) root DEBUG iutctl_common.py          154   read                      : Received data: {'1b 02 00 00'}, bytearray(b'\x1b\x02\x00\x00')
2026-09-22 14:16:45,466 LT1-thread root DEBUG gap.py                    1232  gap_command_rsp_succ      : received Header(svc_id=1, op=8, ctrl_index=0, data_len=4) (b'\x1b\x02\x00\x00',)
2026-09-22 14:16:45,466 LT1-thread root DEBUG gap.py                    594   __gap_current_settings_update : (b'\x1b\x02\x00\x00',)
2026-09-22 14:16:45,467 LT1-thread root DEBUG testcase.py               722   run_wid                   : Sending response 'OK' to wid 18 test case BIP/RDR/MFS/BV-26-C
2026-09-22 14:16:45,473 LT1-thread root DEBUG client.py                 276   get_result                : ClientCallback.get_result run_test_case
2026-09-22 14:16:54,569 BTPWorkerThread-6170 (_rx_task) root DEBUG iutctl_common.py          123   read                      : Read 5 bytes
2026-09-22 14:16:54,569 BTPWorkerThread-6170 (_rx_task) root DEBUG iutctl_common.py          131   read                      : Received: hdr: Header(svc_id=0x01, op=0x82, ctrl_index=0x00, data_len=0x0d) bytearray(b'\x01\x82\x00\r\x00')
2026-09-22 14:16:54,570 BTPWorkerThread-6170 (_rx_task) root DEBUG iutctl_common.py          139   read                      : Read 13 bytes data
2026-09-22 14:16:54,570 BTPWorkerThread-6170 (_rx_task) root DEBUG iutctl_common.py          154   read                      : Received data: {'e0 4e e4 08 dc 1b 00 00 00 00 00 00 00'}, bytearray(b'\xe0N\xe4\x08\xdc\x1b\x00\x00\x00\x00\x00\x00\x00')
2026-09-22 14:16:54,570 BTPWorkerThread-6170 (_rx_task) root DEBUG btp.py                    704   event_handler             : Header(svc_id=1, op=130, ctrl_index=0, data_len=13) (b'\xe0N\xe4\x08\xdc\x1b\x00\x00\x00\x00\x00\x00\x00',)
2026-09-22 14:16:54,570 BTPWorkerThread-6170 (_rx_task) root DEBUG gap.py                    213   gap_connected_ev_         : b'\xe0N\xe4\x08\xdc\x1b\x00\x00\x00\x00\x00\x00\x00'
2026-09-22 14:16:54,570 BTPWorkerThread-6170 (_rx_task) root DEBUG iutctl_common.py          123   read                      : Read 5 bytes
2026-09-22 14:16:54,570 BTPWorkerThread-6170 (_rx_task) root DEBUG iutctl_common.py          131   read                      : Received: hdr: Header(svc_id=0x01, op=0x80, ctrl_index=0x00, data_len=0x04) bytearray(b'\x01\x80\x00\x04\x00')
2026-09-22 14:16:54,571 BTPWorkerThread-6170 (_rx_task) root DEBUG iutctl_common.py          139   read                      : Read 4 bytes data
2026-09-22 14:16:54,571 BTPWorkerThread-6170 (_rx_task) root DEBUG iutctl_common.py          154   read                      : Received data: {'1b 02 00 00'}, bytearray(b'\x1b\x02\x00\x00')
2026-09-22 14:16:54,571 BTPWorkerThread-6170 (_rx_task) root DEBUG btp.py                    704   event_handler             : Header(svc_id=1, op=128, ctrl_index=0, data_len=4) (b'\x1b\x02\x00\x00',)
2026-09-22 14:16:54,571 BTPWorkerThread-6170 (_rx_task) root DEBUG gap.py                    181   gap_new_settings_ev_      : b'\x1b\x02\x00\x00'
2026-09-22 14:16:54,571 BTPWorkerThread-6170 (_rx_task) root DEBUG gap.py                    594   __gap_current_settings_update : 539
2026-09-22 14:16:54,675 LT1-callback ClientCallback.on_implicit_send INFO client.py                 223   on_implicit_send          : 
    ********************
    BEGIN OnImplicitSend:
    project_name: BIP
    wid: 4017
    test_case_name: BIP/RDR/MFS/BV-26-C
    description:  Please accept the l2cap channel connection for an OBEX connection.
    style: MMI_Style_Ok_Cancel1 0x11041
2026-09-22 14:16:54,675 LT1-callback ClientCallback.on_implicit_send INFO client.py                 236   on_implicit_send          : Calling test cases on_implicit_send
2026-09-22 14:16:54,675 LT1-callback ClientCallback.on_implicit_send INFO client.py                 249   on_implicit_send          : 
    on_implicit_send returned response: WAIT
    END OnImplicitSend
    ********************
2026-09-22 14:16:55,476 LT1-thread root DEBUG testcase.py               679   run_wid                   : BIP BIP/RDR/MFS/BV-26-C on_implicit_send
2026-09-22 14:16:55,476 LT1-thread root DEBUG bip_wid.py                25    bip_wid_hdl               : bip_wid_hdl, 4017,  Please accept the l2cap channel connection for an OBEX connection., BIP/RDR/MFS/BV-26-C
2026-09-22 14:16:55,476 LT1-thread root DEBUG bip.py                    4198  bip_wait_for_transport_connected : bip_wait_for_transport_connected None 30
2026-09-22 14:16:56,251 BTPWorkerThread-6170 (_rx_task) root DEBUG iutctl_common.py          123   read                      : Read 5 bytes
2026-09-22 14:16:56,251 BTPWorkerThread-6170 (_rx_task) root DEBUG iutctl_common.py          131   read                      : Received: hdr: Header(svc_id=0x01, op=0x91, ctrl_index=0x00, data_len=0x09) bytearray(b'\x01\x91\x00\t\x00')
2026-09-22 14:16:56,251 BTPWorkerThread-6170 (_rx_task) root DEBUG iutctl_common.py          139   read                      : Read 9 bytes data
2026-09-22 14:16:56,252 BTPWorkerThread-6170 (_rx_task) root DEBUG iutctl_common.py          154   read                      : Received data: {'e0 4e e4 08 dc 1b 00 01 10'}, bytearray(b'\xe0N\xe4\x08\xdc\x1b\x00\x01\x10')
2026-09-22 14:16:56,252 BTPWorkerThread-6170 (_rx_task) root DEBUG btp.py                    704   event_handler             : Header(svc_id=1, op=145, ctrl_index=0, data_len=9) (b'\xe0N\xe4\x08\xdc\x1b\x00\x01\x10',)
2026-09-22 14:16:56,252 BTPWorkerThread-6170 (_rx_task) root DEBUG gap.py                    492   gap_encryption_change_ev_ : 
2026-09-22 14:16:56,252 BTPWorkerThread-6170 (_rx_task) root DEBUG gap.py                    494   gap_encryption_change_ev_ : enc change received b'\xe0N\xe4\x08\xdc\x1b\x00\x01\x10'
2026-09-22 14:16:56,252 BTPWorkerThread-6170 (_rx_task) root DEBUG gap.py                    503   gap_encryption_change_ev_ : received (224, '001bdc08e44e', 1, 16)
2026-09-22 14:16:56,252 BTPWorkerThread-6170 (_rx_task) root DEBUG iutctl_common.py          123   read                      : Read 5 bytes
2026-09-22 14:16:56,253 BTPWorkerThread-6170 (_rx_task) root DEBUG iutctl_common.py          131   read                      : Received: hdr: Header(svc_id=0x01, op=0x89, ctrl_index=0x00, data_len=0x08) bytearray(b'\x01\x89\x00\x08\x00')
2026-09-22 14:16:56,253 BTPWorkerThread-6170 (_rx_task) root DEBUG iutctl_common.py          139   read                      : Read 8 bytes data
2026-09-22 14:16:56,253 BTPWorkerThread-6170 (_rx_task) root DEBUG iutctl_common.py          154   read                      : Received data: {'e0 4e e4 08 dc 1b 00 02'}, bytearray(b'\xe0N\xe4\x08\xdc\x1b\x00\x02')
2026-09-22 14:16:56,253 BTPWorkerThread-6170 (_rx_task) root DEBUG btp.py                    704   event_handler             : Header(svc_id=1, op=137, ctrl_index=0, data_len=8) (b'\xe0N\xe4\x08\xdc\x1b\x00\x02',)
2026-09-22 14:16:56,253 BTPWorkerThread-6170 (_rx_task) root DEBUG gap.py                    298   gap_sec_level_changed_ev_ : 
2026-09-22 14:16:56,254 BTPWorkerThread-6170 (_rx_task) root DEBUG gap.py                    300   gap_sec_level_changed_ev_ : received b'\xe0N\xe4\x08\xdc\x1b\x00\x02'
2026-09-22 14:16:56,254 BTPWorkerThread-6170 (_rx_task) root DEBUG gap.py                    311   gap_sec_level_changed_ev_ : received (224, '001bdc08e44e', 2)
2026-09-22 14:16:56,262 BTPWorkerThread-6170 (_rx_task) root DEBUG iutctl_common.py          123   read                      : Read 5 bytes
2026-09-22 14:16:56,263 BTPWorkerThread-6170 (_rx_task) root DEBUG iutctl_common.py          131   read                      : Received: hdr: Header(svc_id=0x21, op=0x82, ctrl_index=0x00, data_len=0x07) bytearray(b'!\x82\x00\x07\x00')
2026-09-22 14:16:56,263 BTPWorkerThread-6170 (_rx_task) root DEBUG iutctl_common.py          139   read                      : Read 7 bytes data
2026-09-22 14:16:56,264 BTPWorkerThread-6170 (_rx_task) root DEBUG iutctl_common.py          154   read                      : Received data: {'e0 4e e4 08 dc 1b 00'}, bytearray(b'\xe0N\xe4\x08\xdc\x1b\x00')
2026-09-22 14:16:56,264 BTPWorkerThread-6170 (_rx_task) root DEBUG btp.py                    704   event_handler             : Header(svc_id=33, op=130, ctrl_index=0, data_len=7) (b'\xe0N\xe4\x08\xdc\x1b\x00',)
2026-09-22 14:16:56,264 BTPWorkerThread-6170 (_rx_task) root DEBUG bip.py                    3672  bip_ev_l2cap_connected    : bip_ev_l2cap_connected <autopts.ptsprojects.stack.layers.bip.BIP object at 0x000002BEEC8A9DF0> b'\xe0N\xe4\x08\xdc\x1b\x00' 7
2026-09-22 14:16:56,265 Thread-6180 (_process_events) root DEBUG bip.py                    2000  _bip_ev_l2cap_connected   : _bip_ev_l2cap_connected b'\xe0N\xe4\x08\xdc\x1b\x00'
2026-09-22 14:16:56,265 Thread-6180 (_process_events) root DEBUG bip.py                    2004  _bip_ev_l2cap_connected   : BIP L2CAP connected: addr b'N\xe4\x08\xdc\x1b\x00'
2026-09-22 14:16:56,279 LT1-thread root DEBUG testcase.py               722   run_wid                   : Sending response 'OK' to wid 4017 test case BIP/RDR/MFS/BV-26-C
2026-09-22 14:16:56,282 LT1-thread root DEBUG client.py                 276   get_result                : ClientCallback.get_result run_test_case
2026-09-22 14:16:56,365 LT1-callback ClientCallback.on_implicit_send INFO client.py                 223   on_implicit_send          : 
    ********************
    BEGIN OnImplicitSend:
    project_name: BIP
    wid: 4004
    test_case_name: BIP/RDR/MFS/BV-26-C
    description:  Please accept the OBEX CONNECT REQ.
    style: MMI_Style_Ok_Cancel1 0x11041
2026-09-22 14:16:56,365 LT1-callback ClientCallback.on_implicit_send INFO client.py                 236   on_implicit_send          : Calling test cases on_implicit_send
2026-09-22 14:16:56,365 LT1-callback ClientCallback.on_implicit_send INFO client.py                 249   on_implicit_send          : 
    on_implicit_send returned response: WAIT
    END OnImplicitSend
    ********************
2026-09-22 14:16:56,373 BTPWorkerThread-6170 (_rx_task) root DEBUG iutctl_common.py          123   read                      : Read 5 bytes
2026-09-22 14:16:56,373 BTPWorkerThread-6170 (_rx_task) root DEBUG iutctl_common.py          131   read                      : Received: hdr: Header(svc_id=0x21, op=0x84, ctrl_index=0x00, data_len=0x1f) bytearray(b'!\x84\x00\x1f\x00')
2026-09-22 14:16:56,374 BTPWorkerThread-6170 (_rx_task) root DEBUG iutctl_common.py          139   read                      : Read 31 bytes data
2026-09-22 14:16:56,374 BTPWorkerThread-6170 (_rx_task) root DEBUG iutctl_common.py          154   read                      : Received data: {'e0 4e e4 08 dc 1b 00 10 fe 06 13 00 46 00 13 94 c7 cd 20 46 08 11 d5 84 1a 00 02 a5 32 5b 4e'}, bytearray(b'\xe0N\xe4\x08\xdc\x1b\x00\x10\xfe\x06\x13\x00F\x00\x13\x94\xc7\xcd F\x08\x11\xd5\x84\x1a\x00\x02\xa52[N')
2026-09-22 14:16:56,374 BTPWorkerThread-6170 (_rx_task) root DEBUG btp.py                    704   event_handler             : Header(svc_id=33, op=132, ctrl_index=0, data_len=31) (b'\xe0N\xe4\x08\xdc\x1b\x00\x10\xfe\x06\x13\x00F\x00\x13\x94\xc7\xcd F\x08\x11\xd5\x84\x1a\x00\x02\xa52[N',)
2026-09-22 14:16:56,375 BTPWorkerThread-6170 (_rx_task) root DEBUG bip.py                    3714  bip_ev_server_connect_req : bip_ev_server_connect_req <autopts.ptsprojects.stack.layers.bip.BIP object at 0x000002BEEC8A9DF0> b'\xe0N\xe4\x08\xdc\x1b\x00\x10\xfe\x06\x13\x00F\x00\x13\x94\xc7\xcd F\x08\x11\xd5\x84\x1a\x00\x02\xa52[N' 31
2026-09-22 14:16:56,375 Thread-6180 (_process_events) root DEBUG bip.py                    2070  _bip_ev_server_connect_req : _bip_ev_server_connect_req b'\xe0N\xe4\x08\xdc\x1b\x00\x10\xfe\x06\x13\x00F\x00\x13\x94\xc7\xcd F\x08\x11\xd5\x84\x1a\x00\x02\xa52[N'
2026-09-22 14:16:56,375 Thread-6180 (_process_events) root DEBUG bip.py                    2079  _bip_ev_server_connect_req : BIP server connect req: addr 001bdc08e44e version 16 mopl 1790
2026-09-22 14:16:56,375 Thread-6180 (_process_events) root DEBUG bip.py                    2092  _bip_ev_server_connect_req : BIP stored target: 94c7cd20460811d5841a0002a5325b4e
2026-09-22 14:16:57,283 LT1-thread root DEBUG testcase.py               679   run_wid                   : BIP BIP/RDR/MFS/BV-26-C on_implicit_send
2026-09-22 14:16:57,283 LT1-thread root DEBUG bip_wid.py                25    bip_wid_hdl               : bip_wid_hdl, 4004,  Please accept the OBEX CONNECT REQ., BIP/RDR/MFS/BV-26-C
2026-09-22 14:16:57,283 LT1-thread root DEBUG bip.py                    4191  bip_has_pending_second_connect : bip_has_pending_second_connect None 224
2026-09-22 14:16:57,283 LT1-thread root DEBUG bip.py                    686   bip_connect_rsp           : bip_connect_rsp None 224 160
2026-09-22 14:16:57,284 LT1-thread root DEBUG bip.py                    256   bip_add_headers           : bip_add_headers bytearray(b'') {74: b'\x94\xc7\xcd F\x08\x11\xd5\x84\x1a\x00\x02\xa52[N'}
2026-09-22 14:16:57,284 LT1-thread root DEBUG bip.py                    718   bip_connect_rsp           : BIP connect_rsp headers: who=94c7cd20460811d5841a0002a5325b4e
2026-09-22 14:16:57,284 LT1-thread root DEBUG iutctl_common.py          161   send                      : 33 15 0 "bytearray(b'\\xe0N\\xe4\\x08\\xdc\\x1b\\x00\\xa0\\x13\\x00J\\x00\\x13\\x94\\xc7\\xcd F\\x08\\x11\\xd5\\x84\\x1a\\x00\\x02\\xa52[N')"
2026-09-22 14:16:57,284 LT1-thread root DEBUG iutctl_common.py          166   send                      : sending frame '210f001d00e04ee408dc1b00a013004a001394c7cd20460811d5841a0002a5325b4e'
2026-09-22 14:16:57,285 LT1-thread root DEBUG iutctl_common.py          339   read                      : 
2026-09-22 14:16:57,314 BTPWorkerThread-6170 (_rx_task) root DEBUG iutctl_common.py          123   read                      : Read 5 bytes
2026-09-22 14:16:57,326 BTPWorkerThread-6170 (_rx_task) root DEBUG iutctl_common.py          131   read                      : Received: hdr: Header(svc_id=0x21, op=0x0f, ctrl_index=0x00, data_len=0x00) bytearray(b'!\x0f\x00\x00\x00')
2026-09-22 14:16:57,337 BTPWorkerThread-6170 (_rx_task) root DEBUG iutctl_common.py          154   read                      : Received data: {''}, bytearray(b'')
2026-09-22 14:16:57,342 LT1-thread root DEBUG bip.py                    4176  bip_wait_for_client_connected : bip_wait_for_client_connected None 0 30
2026-09-22 14:16:57,342 LT1-thread root DEBUG testcase.py               722   run_wid                   : Sending response 'OK' to wid 4004 test case BIP/RDR/MFS/BV-26-C
2026-09-22 14:16:57,343 BTPWorkerThread-6170 (_rx_task) root DEBUG iutctl_common.py          123   read                      : Read 5 bytes
2026-09-22 14:16:57,343 BTPWorkerThread-6170 (_rx_task) root DEBUG iutctl_common.py          131   read                      : Received: hdr: Header(svc_id=0x21, op=0x87, ctrl_index=0x00, data_len=0x2a) bytearray(b'!\x87\x00*\x00')
2026-09-22 14:16:57,343 BTPWorkerThread-6170 (_rx_task) root DEBUG iutctl_common.py          139   read                      : Read 42 bytes data
2026-09-22 14:16:57,344 BTPWorkerThread-6170 (_rx_task) root DEBUG iutctl_common.py          154   read                      : Received data: {'e0 4e e4 08 dc 1b 00 01 20 00 42 00 19 78 2d 62 74 2f 69 6d 67 2d 63 61 70 61 62 69 6c 69 74 69 65 73 00 97 01 cb 00 00 00 01'}, bytearray(b'\xe0N\xe4\x08\xdc\x1b\x00\x01 \x00B\x00\x19x-bt/img-capabilities\x00\x97\x01\xcb\x00\x00\x00\x01')
2026-09-22 14:16:57,344 BTPWorkerThread-6170 (_rx_task) root DEBUG btp.py                    704   event_handler             : Header(svc_id=33, op=135, ctrl_index=0, data_len=42) (b'\xe0N\xe4\x08\xdc\x1b\x00\x01 \x00B\x00\x19x-bt/img-capabilities\x00\x97\x01\xcb\x00\x00\x00\x01',)
2026-09-22 14:16:57,344 BTPWorkerThread-6170 (_rx_task) root DEBUG bip.py                    3735  bip_ev_server_get_caps_req : bip_ev_server_get_caps_req <autopts.ptsprojects.stack.layers.bip.BIP object at 0x000002BEEC8A9DF0> b'\xe0N\xe4\x08\xdc\x1b\x00\x01 \x00B\x00\x19x-bt/img-capabilities\x00\x97\x01\xcb\x00\x00\x00\x01' 42
2026-09-22 14:16:57,345 Thread-6180 (_process_events) root DEBUG bip.py                    2529  _bip_ev_server_get_caps_req : _bip_ev_server_get_caps_req b'\xe0N\xe4\x08\xdc\x1b\x00\x01 \x00B\x00\x19x-bt/img-capabilities\x00\x97\x01\xcb\x00\x00\x00\x01'
2026-09-22 14:16:57,345 Thread-6180 (_process_events) root DEBUG bip.py                    2361  _update_srm_state         : _update_srm_state: sess=<autopts.ptsprojects.stack.layers.bip.OBEXSession object at 0x000002BEEC7A8890> srm=1 srmp=None srm_allowed=True srm_flags=0x00
2026-09-22 14:16:57,345 Thread-6180 (_process_events) root DEBUG bip.py                    2378  _update_srm_state         : _update_srm_state: after update srm_flags=0x02
2026-09-22 14:16:57,346 LT1-thread root DEBUG client.py                 276   get_result                : ClientCallback.get_result run_test_case
2026-09-22 14:16:57,346 Thread-6180 (_process_events) root DEBUG bip.py                    2405  _send_get_rsp_with_srm    : _send_get_rsp_with_srm: role=0 sess=<autopts.ptsprojects.stack.layers.bip.OBEXSession object at 0x000002BEEC7A8890> srm_allowed=True srm_flags=0x02 srmp_wait_count=0 final=1
2026-09-22 14:16:57,346 Thread-6180 (_process_events) root DEBUG bip.py                    1049  _bip_operation_rsp_cmd    : get_capabilities_rsp '001bdc08e44e' 224 144 297
2026-09-22 14:16:57,346 Thread-6180 (_process_events) root DEBUG iutctl_common.py          161   send                      : 33 19 0 'bytearray(b\'\\xe0N\\xe4\\x08\\xdc\\x1b\\x00\\x90)\\x01\\x97\\x01H\\x01\\\'<imaging-capabilities version="1.0">\\n<preferred-format encoding="JPEG" pixel="1280*1024" transformation="stretch crop fill" />\\n<image-formats encoding="JPEG" pixel="160*120" maxsize="5000" />\\n<image-formats encoding="JPEG" pixel="320*240" />\\n<image-formats encoding="JPEG" pixel="640*480" />\\n\')'
2026-09-22 14:16:57,347 Thread-6180 (_process_events) root DEBUG iutctl_common.py          166   send                      : sending frame '2113003301e04ee408dc1b0090290197014801273c696d6167696e672d6361706162696c69746965732076657273696f6e3d22312e30223e0a3c7072656665727265642d666f726d617420656e636f64696e673d224a5045472220706978656c3d22313238302a3130323422207472616e73666f726d6174696f6e3d22737472657463682063726f702066696c6c22202f3e0a3c696d6167652d666f726d61747320656e636f64696e673d224a5045472220706978656c3d223136302a31323022206d617873697a653d223530303022202f3e0a3c696d6167652d666f726d61747320656e636f64696e673d224a5045472220706978656c3d223332302a32343022202f3e0a3c696d6167652d666f726d61747320656e636f64696e673d224a5045472220706978656c3d223634302a34383022202f3e0a'
2026-09-22 14:16:57,348 Thread-6180 (_process_events) root DEBUG iutctl_common.py          339   read                      : 
2026-09-22 14:16:57,395 BTPWorkerThread-6170 (_rx_task) root DEBUG iutctl_common.py          123   read                      : Read 5 bytes
2026-09-22 14:16:57,405 BTPWorkerThread-6170 (_rx_task) root DEBUG iutctl_common.py          131   read                      : Received: hdr: Header(svc_id=0x21, op=0x13, ctrl_index=0x00, data_len=0x00) bytearray(b'!\x13\x00\x00\x00')
2026-09-22 14:16:57,411 BTPWorkerThread-6170 (_rx_task) root DEBUG iutctl_common.py          154   read                      : Received data: {''}, bytearray(b'')
2026-09-22 14:16:57,422 Thread-6180 (_process_events) root DEBUG bip.py                    1049  _bip_operation_rsp_cmd    : get_capabilities_rsp '001bdc08e44e' 224 144 297
2026-09-22 14:16:57,422 Thread-6180 (_process_events) root DEBUG iutctl_common.py          161   send                      : 33 19 0 'bytearray(b\'\\xe0N\\xe4\\x08\\xdc\\x1b\\x00\\x90)\\x01H\\x01)<image-formats encoding="JPEG" pixel="1280*1024" />\\n<image-formats encoding="PNG" pixel="160*120-1280*960" />\\n<image-formats encoding="GIF" pixel="160*120-640*480" />\\n<image-formats encoding="BMP" pixel="160*120" />\\n<attachment-formats content-type="text/plain" />\\n<attachment-formats content-t\')'
2026-09-22 14:16:57,422 Thread-6180 (_process_events) root DEBUG iutctl_common.py          166   send                      : sending frame '2113003301e04ee408dc1b009029014801293c696d6167652d666f726d61747320656e636f64696e673d224a5045472220706978656c3d22313238302a3130323422202f3e0a3c696d6167652d666f726d61747320656e636f64696e673d22504e472220706978656c3d223136302a3132302d313238302a39363022202f3e0a3c696d6167652d666f726d61747320656e636f64696e673d224749462220706978656c3d223136302a3132302d3634302a34383022202f3e0a3c696d6167652d666f726d61747320656e636f64696e673d22424d502220706978656c3d223136302a31323022202f3e0a3c6174746163686d656e742d666f726d61747320636f6e74656e742d747970653d22746578742f706c61696e22202f3e0a3c6174746163686d656e742d666f726d61747320636f6e74656e742d74'
2026-09-22 14:16:57,423 Thread-6180 (_process_events) root DEBUG iutctl_common.py          339   read                      : 
2026-09-22 14:16:57,484 BTPWorkerThread-6170 (_rx_task) root DEBUG iutctl_common.py          123   read                      : Read 5 bytes
2026-09-22 14:16:57,495 BTPWorkerThread-6170 (_rx_task) root DEBUG iutctl_common.py          131   read                      : Received: hdr: Header(svc_id=0x21, op=0x13, ctrl_index=0x00, data_len=0x00) bytearray(b'!\x13\x00\x00\x00')
2026-09-22 14:16:57,507 BTPWorkerThread-6170 (_rx_task) root DEBUG iutctl_common.py          154   read                      : Received data: {''}, bytearray(b'')
2026-09-22 14:16:57,524 Thread-6180 (_process_events) root DEBUG bip.py                    1049  _bip_operation_rsp_cmd    : get_capabilities_rsp '001bdc08e44e' 224 160 201
2026-09-22 14:16:57,524 Thread-6180 (_process_events) root DEBUG iutctl_common.py          161   send                      : 33 19 0 'bytearray(b\'\\xe0N\\xe4\\x08\\xdc\\x1b\\x00\\xa0\\xc9\\x00I\\x00\\xc9ype="audio/basic" />\\n<filtering-parameters created="1" modified="1" encoding="1" pixel="1" />\\n<DPOF-options standard-print="1" index-print="1" number-sets="1" trimming="1" />\\n</imaging-capabilities>\')'
2026-09-22 14:16:57,524 Thread-6180 (_process_events) root DEBUG iutctl_common.py          166   send                      : sending frame '211300d300e04ee408dc1b00a0c9004900c97970653d22617564696f2f626173696322202f3e0a3c66696c746572696e672d706172616d657465727320637265617465643d223122206d6f6469666965643d22312220656e636f64696e673d22312220706978656c3d223122202f3e0a3c44504f462d6f7074696f6e73207374616e646172642d7072696e743d22312220696e6465782d7072696e743d223122206e756d6265722d736574733d223122207472696d6d696e673d223122202f3e0a3c2f696d6167696e672d6361706162696c69746965733e'
2026-09-22 14:16:57,525 Thread-6180 (_process_events) root DEBUG iutctl_common.py          339   read                      : 
2026-09-22 14:16:57,572 BTPWorkerThread-6170 (_rx_task) root DEBUG iutctl_common.py          123   read                      : Read 5 bytes
2026-09-22 14:16:57,578 BTPWorkerThread-6170 (_rx_task) root DEBUG iutctl_common.py          131   read                      : Received: hdr: Header(svc_id=0x21, op=0x13, ctrl_index=0x00, data_len=0x00) bytearray(b'!\x13\x00\x00\x00')
2026-09-22 14:16:57,584 BTPWorkerThread-6170 (_rx_task) root DEBUG iutctl_common.py          154   read                      : Received data: {''}, bytearray(b'')
2026-09-22 14:16:57,601 BTPWorkerThread-6170 (_rx_task) root DEBUG iutctl_common.py          123   read                      : Read 5 bytes
2026-09-22 14:16:57,601 BTPWorkerThread-6170 (_rx_task) root DEBUG iutctl_common.py          131   read                      : Received: hdr: Header(svc_id=0x21, op=0x90, ctrl_index=0x00, data_len=0x103) bytearray(b'!\x90\x00\x03\x01')
2026-09-22 14:16:57,602 BTPWorkerThread-6170 (_rx_task) root DEBUG iutctl_common.py          139   read                      : Read 121 bytes data
2026-09-22 14:16:57,605 BTPWorkerThread-6170 (_rx_task) root DEBUG iutctl_common.py          139   read                      : Read 128 bytes data
2026-09-22 14:16:57,616 BTPWorkerThread-6170 (_rx_task) root DEBUG iutctl_common.py          139   read                      : Read 10 bytes data
2026-09-22 14:16:57,617 BTPWorkerThread-6170 (_rx_task) root DEBUG iutctl_common.py          154   read                      : Received data: {'e0 4e e4 08 dc 1b 00 00 f9 00 01 00 1b 00 4d 00 46 00 53 00 5f 00 42 00 56 00 5f 00 32 00 36 00 5f 00 43 00 00 42 00 10 78 2d 62 74 2f 69 6d 67 2d 69 6d 67 00 71 00 5f 3c 69 6d 61 67 65 2d 64 65 73 63 72 69 70 74 6f 72 20 76 65 72 73 69 6f 6e 3d 22 31 2e 30 22 3e 3c 69 6d 61 67 65 20 65 6e 63 6f 64 69 6e 67 3d 22 4a 50 45 47 22 20 70 69 78 65 6c 3d 22 36 34 30 2a 34 38 30 22 2f 3e 3c 2f 69 6d 61 67 65 2d 64 65 73 63 72 69 70 74 6f 72 3e 00 97 01 cb 00 00 00 01 48 00 68 ff d8 ff e0 00 10 4a 46 49 46 00 01 01 01 01 2c 01 2c 00 00 ff e1 00 22 45 78 69 66 00 00 4d 4d 00 2a 00 00 00 08 00 01 01 12 00 03 00 00 00 01 00 01 00 00 00 00 00 00 ff db 00 43 00 02 01 01 02 01 01 02 02 02 02 02 02 02 02 03 05 03 03 03 03 03 06 04 04 03 05 07 06 07 07 07 06 07 07 08 09 0b 09 08 08'}, bytearray(b'\xe0N\xe4\x08\xdc\x1b\x00\x00\xf9\x00\x01\x00\x1b\x00M\x00F\x00S\x00_\x00B\x00V\x00_\x002\x006\x00_\x00C\x00\x00B\x00\x10x-bt/img-img\x00q\x00_<image-descriptor version="1.0"><image encoding="JPEG" pixel="640*480"/></image-descriptor>\x00\x97\x01\xcb\x00\x00\x00\x01H\x00h\xff\xd8\xff\xe0\x00\x10JFIF\x00\x01\x01\x01\x01,\x01,\x00\x00\xff\xe1\x00"Exif\x00\x00MM\x00*\x00\x00\x00\x08\x00\x01\x01\x12\x00\x03\x00\x00\x00\x01\x00\x01\x00\x00\x00\x00\x00\x00\xff\xdb\x00C\x00\x02\x01\x01\x02\x01\x01\x02\x02\x02\x02\x02\x02\x02\x02\x03\x05\x03\x03\x03\x03\x03\x06\x04\x04\x03\x05\x07\x06\x07\x07\x07\x06\x07\x07\x08\t\x0b\t\x08\x08')
2026-09-22 14:16:57,617 BTPWorkerThread-6170 (_rx_task) root DEBUG btp.py                    704   event_handler             : Header(svc_id=33, op=144, ctrl_index=0, data_len=259) (b'\xe0N\xe4\x08\xdc\x1b\x00\x00\xf9\x00\x01\x00\x1b\x00M\x00F\x00S\x00_\x00B\x00V\x00_\x002\x006\x00_\x00C\x00\x00B\x00\x10x-bt/img-img\x00q\x00_<image-descriptor version="1.0"><image encoding="JPEG" pixel="640*480"/></image-descriptor>\x00\x97\x01\xcb\x00\x00\x00\x01H\x00h\xff\xd8\xff\xe0\x00\x10JFIF\x00\x01\x01\x01\x01,\x01,\x00\x00\xff\xe1\x00"Exif\x00\x00MM\x00*\x00\x00\x00\x08\x00\x01\x01\x12\x00\x03\x00\x00\x00\x01\x00\x01\x00\x00\x00\x00\x00\x00\xff\xdb\x00C\x00\x02\x01\x01\x02\x01\x01\x02\x02\x02\x02\x02\x02\x02\x02\x03\x05\x03\x03\x03\x03\x03\x06\x04\x04\x03\x05\x07\x06\x07\x07\x07\x06\x07\x07\x08\t\x0b\t\x08\x08',)
2026-09-22 14:16:57,617 BTPWorkerThread-6170 (_rx_task) root DEBUG bip.py                    3803  bip_ev_server_put_image_req : bip_ev_server_put_image_req <autopts.ptsprojects.stack.layers.bip.BIP object at 0x000002BEEC8A9DF0> b'\xe0N\xe4\x08\xdc\x1b\x00\x00\xf9\x00\x01\x00\x1b\x00M\x00F\x00S\x00_\x00B\x00V\x00_\x002\x006\x00_\x00C\x00\x00B\x00\x10x-bt/img-img\x00q\x00_<image-descriptor version="1.0"><image encoding="JPEG" pixel="640*480"/></image-descriptor>\x00\x97\x01\xcb\x00\x00\x00\x01H\x00h\xff\xd8\xff\xe0\x00\x10JFIF\x00\x01\x01\x01\x01,\x01,\x00\x00\xff\xe1\x00"Exif\x00\x00MM\x00*\x00\x00\x00\x08\x00\x01\x01\x12\x00\x03\x00\x00\x00\x01\x00\x01\x00\x00\x00\x00\x00\x00\xff\xdb\x00C\x00\x02\x01\x01\x02\x01\x01\x02\x02\x02\x02\x02\x02\x02\x02\x03\x05\x03\x03\x03\x03\x03\x06\x04\x04\x03\x05\x07\x06\x07\x07\x07\x06\x07\x07\x08\t\x0b\t\x08\x08' 259
2026-09-22 14:16:57,617 Thread-6180 (_process_events) root DEBUG bip.py                    2834  _bip_ev_server_put_image_req : _bip_ev_server_put_image_req b'\xe0N\xe4\x08\xdc\x1b\x00\x00\xf9\x00\x01\x00\x1b\x00M\x00F\x00S\x00_\x00B\x00V\x00_\x002\x006\x00_\x00C\x00\x00B\x00\x10x-bt/img-img\x00q\x00_<image-descriptor version="1.0"><image encoding="JPEG" pixel="640*480"/></image-descriptor>\x00\x97\x01\xcb\x00\x00\x00\x01H\x00h\xff\xd8\xff\xe0\x00\x10JFIF\x00\x01\x01\x01\x01,\x01,\x00\x00\xff\xe1\x00"Exif\x00\x00MM\x00*\x00\x00\x00\x08\x00\x01\x01\x12\x00\x03\x00\x00\x00\x01\x00\x01\x00\x00\x00\x00\x00\x00\xff\xdb\x00C\x00\x02\x01\x01\x02\x01\x01\x02\x02\x02\x02\x02\x02\x02\x02\x03\x05\x03\x03\x03\x03\x03\x06\x04\x04\x03\x05\x07\x06\x07\x07\x07\x06\x07\x07\x08\t\x0b\t\x08\x08'
2026-09-22 14:16:57,618 Thread-6180 (_process_events) root DEBUG bip.py                    2361  _update_srm_state         : _update_srm_state: sess=<autopts.ptsprojects.stack.layers.bip.OBEXSession object at 0x000002BEEC7A8890> srm=1 srmp=None srm_allowed=True srm_flags=0x00
2026-09-22 14:16:57,618 Thread-6180 (_process_events) root DEBUG bip.py                    2378  _update_srm_state         : _update_srm_state: after update srm_flags=0x02
2026-09-22 14:16:57,618 Thread-6180 (_process_events) root DEBUG bip.py                    2469  _send_put_rsp_with_srm    : _send_put_rsp_with_srm: role=0 sess=<autopts.ptsprojects.stack.layers.bip.OBEXSession object at 0x000002BEEC7A8890> srm_allowed=True srm_flags=0x02 srmp_wait_count=0 final=0
2026-09-22 14:16:57,618 Thread-6180 (_process_events) root DEBUG bip.py                    1049  _bip_operation_rsp_cmd    : put_image_rsp '001bdc08e44e' 224 144 21
2026-09-22 14:16:57,619 Thread-6180 (_process_events) root DEBUG iutctl_common.py          161   send                      : 33 37 0 "bytearray(b'\\xe0N\\xe4\\x08\\xdc\\x1b\\x00\\x90\\x15\\x00\\x97\\x010\\x00\\x13\\x001\\x000\\x002\\x000\\x000\\x000\\x002\\x00\\x00')"
2026-09-22 14:16:57,619 Thread-6180 (_process_events) root DEBUG iutctl_common.py          166   send                      : sending frame '2125001f00e04ee408dc1b00901500970130001300310030003200300030003000320000'
2026-09-22 14:16:57,619 Thread-6180 (_process_events) root DEBUG iutctl_common.py          339   read                      : 
2026-09-22 14:16:57,661 BTPWorkerThread-6170 (_rx_task) root DEBUG iutctl_common.py          123   read                      : Read 5 bytes
2026-09-22 14:16:57,672 BTPWorkerThread-6170 (_rx_task) root DEBUG iutctl_common.py          131   read                      : Received: hdr: Header(svc_id=0x21, op=0x25, ctrl_index=0x00, data_len=0x00) bytearray(b'!%\x00\x00\x00')
2026-09-22 14:16:57,685 BTPWorkerThread-6170 (_rx_task) root DEBUG iutctl_common.py          154   read                      : Received data: {''}, bytearray(b'')
2026-09-22 14:16:57,702 BTPWorkerThread-6170 (_rx_task) root DEBUG iutctl_common.py          123   read                      : Read 5 bytes
2026-09-22 14:16:57,703 BTPWorkerThread-6170 (_rx_task) root DEBUG iutctl_common.py          131   read                      : Received: hdr: Header(svc_id=0x21, op=0x90, ctrl_index=0x00, data_len=0x106) bytearray(b'!\x90\x00\x06\x01')
2026-09-22 14:16:57,703 BTPWorkerThread-6170 (_rx_task) root DEBUG iutctl_common.py          139   read                      : Read 262 bytes data
2026-09-22 14:16:57,704 BTPWorkerThread-6170 (_rx_task) root DEBUG iutctl_common.py          154   read                      : Received data: {'e0 4e e4 08 dc 1b 00 00 fc 00 48 00 fc 0a 08 07 07 0a 0d 0a 0a 0b 0c 0c 0c 0c 07 09 0e 0f 0d 0c 0e 0b 0c 0c 0c ff db 00 43 01 02 02 02 03 03 03 06 03 03 06 0c 08 07 08 0c 0c 0c 0c 0c 0c 0c 0c 0c 0c 0c 0c 0c 0c 0c 0c 0c 0c 0c 0c 0c 0c 0c 0c 0c 0c 0c 0c 0c 0c 0c 0c 0c 0c 0c 0c 0c 0c 0c 0c 0c 0c 0c 0c 0c 0c 0c 0c 0c 0c ff c0 00 11 08 01 e0 02 80 03 01 22 00 02 11 01 03 11 01 ff c4 00 1f 00 00 01 05 01 01 01 01 01 01 00 00 00 00 00 00 00 00 01 02 03 04 05 06 07 08 09 0a 0b ff c4 00 b5 10 00 02 01 03 03 02 04 03 05 05 04 04 00 00 01 7d 01 02 03 00 04 11 05 12 21 31 41 06 13 51 61 07 22 71 14 32 81 91 a1 08 23 42 b1 c1 15 52 d1 f0 24 33 62 72 82 09 0a 16 17 18 19 1a 25 26 27 28 29 2a 34 35 36 37 38 39 3a 43 44 45 46 47 48 49 4a 53 54 55 56 57 58 59 5a 63 64 65 66 67 68 69 6a 73 74'}, bytearray(b'\xe0N\xe4\x08\xdc\x1b\x00\x00\xfc\x00H\x00\xfc\n\x08\x07\x07\n\r\n\n\x0b\x0c\x0c\x0c\x0c\x07\t\x0e\x0f\r\x0c\x0e\x0b\x0c\x0c\x0c\xff\xdb\x00C\x01\x02\x02\x02\x03\x03\x03\x06\x03\x03\x06\x0c\x08\x07\x08\x0c\x0c\x0c\x0c\x0c\x0c\x0c\x0c\x0c\x0c\x0c\x0c\x0c\x0c\x0c\x0c\x0c\x0c\x0c\x0c\x0c\x0c\x0c\x0c\x0c\x0c\x0c\x0c\x0c\x0c\x0c\x0c\x0c\x0c\x0c\x0c\x0c\x0c\x0c\x0c\x0c\x0c\x0c\x0c\x0c\x0c\x0c\x0c\x0c\x0c\xff\xc0\x00\x11\x08\x01\xe0\x02\x80\x03\x01"\x00\x02\x11\x01\x03\x11\x01\xff\xc4\x00\x1f\x00\x00\x01\x05\x01\x01\x01\x01\x01\x01\x00\x00\x00\x00\x00\x00\x00\x00\x01\x02\x03\x04\x05\x06\x07\x08\t\n\x0b\xff\xc4\x00\xb5\x10\x00\x02\x01\x03\x03\x02\x04\x03\x05\x05\x04\x04\x00\x00\x01}\x01\x02\x03\x00\x04\x11\x05\x12!1A\x06\x13Qa\x07"q\x142\x81\x91\xa1\x08#B\xb1\xc1\x15R\xd1\xf0$3br\x82\t\n\x16\x17\x18\x19\x1a%&\'()*456789:CDEFGHIJSTUVWXYZcdefghijst')
2026-09-22 14:16:57,705 BTPWorkerThread-6170 (_rx_task) root DEBUG btp.py                    704   event_handler             : Header(svc_id=33, op=144, ctrl_index=0, data_len=262) (b'\xe0N\xe4\x08\xdc\x1b\x00\x00\xfc\x00H\x00\xfc\n\x08\x07\x07\n\r\n\n\x0b\x0c\x0c\x0c\x0c\x07\t\x0e\x0f\r\x0c\x0e\x0b\x0c\x0c\x0c\xff\xdb\x00C\x01\x02\x02\x02\x03\x03\x03\x06\x03\x03\x06\x0c\x08\x07\x08\x0c\x0c\x0c\x0c\x0c\x0c\x0c\x0c\x0c\x0c\x0c\x0c\x0c\x0c\x0c\x0c\x0c\x0c\x0c\x0c\x0c\x0c\x0c\x0c\x0c\x0c\x0c\x0c\x0c\x0c\x0c\x0c\x0c\x0c\x0c\x0c\x0c\x0c\x0c\x0c\x0c\x0c\x0c\x0c\x0c\x0c\x0c\x0c\x0c\x0c\xff\xc0\x00\x11\x08\x01\xe0\x02\x80\x03\x01"\x00\x02\x11\x01\x03\x11\x01\xff\xc4\x00\x1f\x00\x00\x01\x05\x01\x01\x01\x01\x01\x01\x00\x00\x00\x00\x00\x00\x00\x00\x01\x02\x03\x04\x05\x06\x07\x08\t\n\x0b\xff\xc4\x00\xb5\x10\x00\x02\x01\x03\x03\x02\x04\x03\x05\x05\x04\x04\x00\x00\x01}\x01\x02\x03\x00\x04\x11\x05\x12!1A\x06\x13Qa\x07"q\x142\x81\x91\xa1\x08#B\xb1\xc1\x15R\xd1\xf0$3br\x82\t\n\x16\x17\x18\x19\x1a%&\'()*456789:CDEFGHIJSTUVWXYZcdefghijst',)
2026-09-22 14:16:57,705 BTPWorkerThread-6170 (_rx_task) root DEBUG bip.py                    3803  bip_ev_server_put_image_req : bip_ev_server_put_image_req <autopts.ptsprojects.stack.layers.bip.BIP object at 0x000002BEEC8A9DF0> b'\xe0N\xe4\x08\xdc\x1b\x00\x00\xfc\x00H\x00\xfc\n\x08\x07\x07\n\r\n\n\x0b\x0c\x0c\x0c\x0c\x07\t\x0e\x0f\r\x0c\x0e\x0b\x0c\x0c\x0c\xff\xdb\x00C\x01\x02\x02\x02\x03\x03\x03\x06\x03\x03\x06\x0c\x08\x07\x08\x0c\x0c\x0c\x0c\x0c\x0c\x0c\x0c\x0c\x0c\x0c\x0c\x0c\x0c\x0c\x0c\x0c\x0c\x0c\x0c\x0c\x0c\x0c\x0c\x0c\x0c\x0c\x0c\x0c\x0c\x0c\x0c\x0c\x0c\x0c\x0c\x0c\x0c\x0c\x0c\x0c\x0c\x0c\x0c\x0c\x0c\x0c\x0c\x0c\x0c\xff\xc0\x00\x11\x08\x01\xe0\x02\x80\x03\x01"\x00\x02\x11\x01\x03\x11\x01\xff\xc4\x00\x1f\x00\x00\x01\x05\x01\x01\x01\x01\x01\x01\x00\x00\x00\x00\x00\x00\x00\x00\x01\x02\x03\x04\x05\x06\x07\x08\t\n\x0b\xff\xc4\x00\xb5\x10\x00\x02\x01\x03\x03\x02\x04\x03\x05\x05\x04\x04\x00\x00\x01}\x01\x02\x03\x00\x04\x11\x05\x12!1A\x06\x13Qa\x07"q\x142\x81\x91\xa1\x08#B\xb1\xc1\x15R\xd1\xf0$3br\x82\t\n\x16\x17\x18\x19\x1a%&\'()*456789:CDEFGHIJSTUVWXYZcdefghijst' 262
2026-09-22 14:16:57,705 Thread-6180 (_process_events) root DEBUG bip.py                    2834  _bip_ev_server_put_image_req : _bip_ev_server_put_image_req b'\xe0N\xe4\x08\xdc\x1b\x00\x00\xfc\x00H\x00\xfc\n\x08\x07\x07\n\r\n\n\x0b\x0c\x0c\x0c\x0c\x07\t\x0e\x0f\r\x0c\x0e\x0b\x0c\x0c\x0c\xff\xdb\x00C\x01\x02\x02\x02\x03\x03\x03\x06\x03\x03\x06\x0c\x08\x07\x08\x0c\x0c\x0c\x0c\x0c\x0c\x0c\x0c\x0c\x0c\x0c\x0c\x0c\x0c\x0c\x0c\x0c\x0c\x0c\x0c\x0c\x0c\x0c\x0c\x0c\x0c\x0c\x0c\x0c\x0c\x0c\x0c\x0c\x0c\x0c\x0c\x0c\x0c\x0c\x0c\x0c\x0c\x0c\x0c\x0c\x0c\x0c\x0c\x0c\x0c\xff\xc0\x00\x11\x08\x01\xe0\x02\x80\x03\x01"\x00\x02\x11\x01\x03\x11\x01\xff\xc4\x00\x1f\x00\x00\x01\x05\x01\x01\x01\x01\x01\x01\x00\x00\x00\x00\x00\x00\x00\x00\x01\x02\x03\x04\x05\x06\x07\x08\t\n\x0b\xff\xc4\x00\xb5\x10\x00\x02\x01\x03\x03\x02\x04\x03\x05\x05\x04\x04\x00\x00\x01}\x01\x02\x03\x00\x04\x11\x05\x12!1A\x06\x13Qa\x07"q\x142\x81\x91\xa1\x08#B\xb1\xc1\x15R\xd1\xf0$3br\x82\t\n\x16\x17\x18\x19\x1a%&\'()*456789:CDEFGHIJSTUVWXYZcdefghijst'
2026-09-22 14:16:57,706 BTPWorkerThread-6170 (_rx_task) root DEBUG iutctl_common.py          123   read                      : Read 5 bytes
2026-09-22 14:16:57,707 Thread-6180 (_process_events) root DEBUG bip.py                    2361  _update_srm_state         : _update_srm_state: sess=<autopts.ptsprojects.stack.layers.bip.OBEXSession object at 0x000002BEEC7A8890> srm=None srmp=None srm_allowed=True srm_flags=0x03
2026-09-22 14:16:57,707 BTPWorkerThread-6170 (_rx_task) root DEBUG iutctl_common.py          131   read                      : Received: hdr: Header(svc_id=0x21, op=0x90, ctrl_index=0x00, data_len=0x106) bytearray(b'!\x90\x00\x06\x01')
2026-09-22 14:16:57,707 Thread-6180 (_process_events) root DEBUG bip.py                    2378  _update_srm_state         : _update_srm_state: after update srm_flags=0x03
2026-09-22 14:16:57,707 BTPWorkerThread-6170 (_rx_task) root DEBUG iutctl_common.py          139   read                      : Read 149 bytes data
2026-09-22 14:16:57,708 Thread-6180 (_process_events) root DEBUG bip.py                    2469  _send_put_rsp_with_srm    : _send_put_rsp_with_srm: role=0 sess=<autopts.ptsprojects.stack.layers.bip.OBEXSession object at 0x000002BEEC7A8890> srm_allowed=True srm_flags=0x03 srmp_wait_count=0 final=0
2026-09-22 14:16:57,715 BTPWorkerThread-6170 (_rx_task) root DEBUG iutctl_common.py          139   read                      : Read 113 bytes data
2026-09-22 14:16:57,717 BTPWorkerThread-6170 (_rx_task) root DEBUG iutctl_common.py          154   read                      : Received data: {'e0 4e e4 08 dc 1b 00 00 fc 00 48 00 fc 75 76 77 78 79 7a 83 84 85 86 87 88 89 8a 92 93 94 95 96 97 98 99 9a a2 a3 a4 a5 a6 a7 a8 a9 aa b2 b3 b4 b5 b6 b7 b8 b9 ba c2 c3 c4 c5 c6 c7 c8 c9 ca d2 d3 d4 d5 d6 d7 d8 d9 da e1 e2 e3 e4 e5 e6 e7 e8 e9 ea f1 f2 f3 f4 f5 f6 f7 f8 f9 fa ff c4 00 1f 01 00 03 01 01 01 01 01 01 01 01 01 00 00 00 00 00 00 01 02 03 04 05 06 07 08 09 0a 0b ff c4 00 b5 11 00 02 01 02 04 04 03 04 07 05 04 04 00 01 02 77 00 01 02 03 11 04 05 21 31 06 12 41 51 07 61 71 13 22 32 81 08 14 42 91 a1 b1 c1 09 23 33 52 f0 15 62 72 d1 0a 16 24 34 e1 25 f1 17 18 19 1a 26 27 28 29 2a 35 36 37 38 39 3a 43 44 45 46 47 48 49 4a 53 54 55 56 57 58 59 5a 63 64 65 66 67 68 69 6a 73 74 75 76 77 78 79 7a 82 83 84 85 86 87 88 89 8a 92 93 94 95 96 97 98 99 9a a2 a3 a4 a5 a6 a7 a8 a9'}, bytearray(b'\xe0N\xe4\x08\xdc\x1b\x00\x00\xfc\x00H\x00\xfcuvwxyz\x83\x84\x85\x86\x87\x88\x89\x8a\x92\x93\x94\x95\x96\x97\x98\x99\x9a\xa2\xa3\xa4\xa5\xa6\xa7\xa8\xa9\xaa\xb2\xb3\xb4\xb5\xb6\xb7\xb8\xb9\xba\xc2\xc3\xc4\xc5\xc6\xc7\xc8\xc9\xca\xd2\xd3\xd4\xd5\xd6\xd7\xd8\xd9\xda\xe1\xe2\xe3\xe4\xe5\xe6\xe7\xe8\xe9\xea\xf1\xf2\xf3\xf4\xf5\xf6\xf7\xf8\xf9\xfa\xff\xc4\x00\x1f\x01\x00\x03\x01\x01\x01\x01\x01\x01\x01\x01\x01\x00\x00\x00\x00\x00\x00\x01\x02\x03\x04\x05\x06\x07\x08\t\n\x0b\xff\xc4\x00\xb5\x11\x00\x02\x01\x02\x04\x04\x03\x04\x07\x05\x04\x04\x00\x01\x02w\x00\x01\x02\x03\x11\x04\x05!1\x06\x12AQ\x07aq\x13"2\x81\x08\x14B\x91\xa1\xb1\xc1\t#3R\xf0\x15br\xd1\n\x16$4\xe1%\xf1\x17\x18\x19\x1a&\'()*56789:CDEFGHIJSTUVWXYZcdefghijstuvwxyz\x82\x83\x84\x85\x86\x87\x88\x89\x8a\x92\x93\x94\x95\x96\x97\x98\x99\x9a\xa2\xa3\xa4\xa5\xa6\xa7\xa8\xa9')
2026-09-22 14:16:57,717 BTPWorkerThread-6170 (_rx_task) root DEBUG btp.py                    704   event_handler             : Header(svc_id=33, op=144, ctrl_index=0, data_len=262) (b'\xe0N\xe4\x08\xdc\x1b\x00\x00\xfc\x00H\x00\xfcuvwxyz\x83\x84\x85\x86\x87\x88\x89\x8a\x92\x93\x94\x95\x96\x97\x98\x99\x9a\xa2\xa3\xa4\xa5\xa6\xa7\xa8\xa9\xaa\xb2\xb3\xb4\xb5\xb6\xb7\xb8\xb9\xba\xc2\xc3\xc4\xc5\xc6\xc7\xc8\xc9\xca\xd2\xd3\xd4\xd5\xd6\xd7\xd8\xd9\xda\xe1\xe2\xe3\xe4\xe5\xe6\xe7\xe8\xe9\xea\xf1\xf2\xf3\xf4\xf5\xf6\xf7\xf8\xf9\xfa\xff\xc4\x00\x1f\x01\x00\x03\x01\x01\x01\x01\x01\x01\x01\x01\x01\x00\x00\x00\x00\x00\x00\x01\x02\x03\x04\x05\x06\x07\x08\t\n\x0b\xff\xc4\x00\xb5\x11\x00\x02\x01\x02\x04\x04\x03\x04\x07\x05\x04\x04\x00\x01\x02w\x00\x01\x02\x03\x11\x04\x05!1\x06\x12AQ\x07aq\x13"2\x81\x08\x14B\x91\xa1\xb1\xc1\t#3R\xf0\x15br\xd1\n\x16$4\xe1%\xf1\x17\x18\x19\x1a&\'()*56789:CDEFGHIJSTUVWXYZcdefghijstuvwxyz\x82\x83\x84\x85\x86\x87\x88\x89\x8a\x92\x93\x94\x95\x96\x97\x98\x99\x9a\xa2\xa3\xa4\xa5\xa6\xa7\xa8\xa9',)
2026-09-22 14:16:57,717 BTPWorkerThread-6170 (_rx_task) root DEBUG bip.py                    3803  bip_ev_server_put_image_req : bip_ev_server_put_image_req <autopts.ptsprojects.stack.layers.bip.BIP object at 0x000002BEEC8A9DF0> b'\xe0N\xe4\x08\xdc\x1b\x00\x00\xfc\x00H\x00\xfcuvwxyz\x83\x84\x85\x86\x87\x88\x89\x8a\x92\x93\x94\x95\x96\x97\x98\x99\x9a\xa2\xa3\xa4\xa5\xa6\xa7\xa8\xa9\xaa\xb2\xb3\xb4\xb5\xb6\xb7\xb8\xb9\xba\xc2\xc3\xc4\xc5\xc6\xc7\xc8\xc9\xca\xd2\xd3\xd4\xd5\xd6\xd7\xd8\xd9\xda\xe1\xe2\xe3\xe4\xe5\xe6\xe7\xe8\xe9\xea\xf1\xf2\xf3\xf4\xf5\xf6\xf7\xf8\xf9\xfa\xff\xc4\x00\x1f\x01\x00\x03\x01\x01\x01\x01\x01\x01\x01\x01\x01\x00\x00\x00\x00\x00\x00\x01\x02\x03\x04\x05\x06\x07\x08\t\n\x0b\xff\xc4\x00\xb5\x11\x00\x02\x01\x02\x04\x04\x03\x04\x07\x05\x04\x04\x00\x01\x02w\x00\x01\x02\x03\x11\x04\x05!1\x06\x12AQ\x07aq\x13"2\x81\x08\x14B\x91\xa1\xb1\xc1\t#3R\xf0\x15br\xd1\n\x16$4\xe1%\xf1\x17\x18\x19\x1a&\'()*56789:CDEFGHIJSTUVWXYZcdefghijstuvwxyz\x82\x83\x84\x85\x86\x87\x88\x89\x8a\x92\x93\x94\x95\x96\x97\x98\x99\x9a\xa2\xa3\xa4\xa5\xa6\xa7\xa8\xa9' 262
2026-09-22 14:16:57,718 Thread-6180 (_process_events) root DEBUG bip.py                    2834  _bip_ev_server_put_image_req : _bip_ev_server_put_image_req b'\xe0N\xe4\x08\xdc\x1b\x00\x00\xfc\x00H\x00\xfcuvwxyz\x83\x84\x85\x86\x87\x88\x89\x8a\x92\x93\x94\x95\x96\x97\x98\x99\x9a\xa2\xa3\xa4\xa5\xa6\xa7\xa8\xa9\xaa\xb2\xb3\xb4\xb5\xb6\xb7\xb8\xb9\xba\xc2\xc3\xc4\xc5\xc6\xc7\xc8\xc9\xca\xd2\xd3\xd4\xd5\xd6\xd7\xd8\xd9\xda\xe1\xe2\xe3\xe4\xe5\xe6\xe7\xe8\xe9\xea\xf1\xf2\xf3\xf4\xf5\xf6\xf7\xf8\xf9\xfa\xff\xc4\x00\x1f\x01\x00\x03\x01\x01\x01\x01\x01\x01\x01\x01\x01\x00\x00\x00\x00\x00\x00\x01\x02\x03\x04\x05\x06\x07\x08\t\n\x0b\xff\xc4\x00\xb5\x11\x00\x02\x01\x02\x04\x04\x03\x04\x07\x05\x04\x04\x00\x01\x02w\x00\x01\x02\x03\x11\x04\x05!1\x06\x12AQ\x07aq\x13"2\x81\x08\x14B\x91\xa1\xb1\xc1\t#3R\xf0\x15br\xd1\n\x16$4\xe1%\xf1\x17\x18\x19\x1a&\'()*56789:CDEFGHIJSTUVWXYZcdefghijstuvwxyz\x82\x83\x84\x85\x86\x87\x88\x89\x8a\x92\x93\x94\x95\x96\x97\x98\x99\x9a\xa2\xa3\xa4\xa5\xa6\xa7\xa8\xa9'
2026-09-22 14:16:57,718 Thread-6180 (_process_events) root DEBUG bip.py                    2361  _update_srm_state         : _update_srm_state: sess=<autopts.ptsprojects.stack.layers.bip.OBEXSession object at 0x000002BEEC7A8890> srm=None srmp=None srm_allowed=True srm_flags=0x03
2026-09-22 14:16:57,718 Thread-6180 (_process_events) root DEBUG bip.py                    2378  _update_srm_state         : _update_srm_state: after update srm_flags=0x03
2026-09-22 14:16:57,718 Thread-6180 (_process_events) root DEBUG bip.py                    2469  _send_put_rsp_with_srm    : _send_put_rsp_with_srm: role=0 sess=<autopts.ptsprojects.stack.layers.bip.OBEXSession object at 0x000002BEEC7A8890> srm_allowed=True srm_flags=0x03 srmp_wait_count=0 final=0
2026-09-22 14:16:57,726 BTPWorkerThread-6170 (_rx_task) root DEBUG iutctl_common.py          123   read                      : Read 5 bytes
2026-09-22 14:16:57,727 BTPWorkerThread-6170 (_rx_task) root DEBUG iutctl_common.py          131   read                      : Received: hdr: Header(svc_id=0x21, op=0x90, ctrl_index=0x00, data_len=0x106) bytearray(b'!\x90\x00\x06\x01')
2026-09-22 14:16:57,727 BTPWorkerThread-6170 (_rx_task) root DEBUG iutctl_common.py          139   read                      : Read 12 bytes data
2026-09-22 14:16:57,737 BTPWorkerThread-6170 (_rx_task) root DEBUG iutctl_common.py          139   read                      : Read 127 bytes data
2026-09-22 14:16:57,748 BTPWorkerThread-6170 (_rx_task) root DEBUG iutctl_common.py          139   read                      : Read 123 bytes data
2026-09-22 14:16:57,749 BTPWorkerThread-6170 (_rx_task) root DEBUG iutctl_common.py          154   read                      : Received data: {'e0 4e e4 08 dc 1b 00 00 fc 00 48 00 fc aa b2 b3 b4 b5 b6 b7 b8 b9 ba c2 c3 c4 c5 c6 c7 c8 c9 ca d2 d3 d4 d5 d6 d7 d8 d9 da e2 e3 e4 e5 e6 e7 e8 e9 ea f2 f3 f4 f5 f6 f7 f8 f9 fa ff da 00 0c 03 01 00 02 11 03 11 00 3f 00 cb a2 8a 2b f1 73 f8 0c 28 a2 8a 00 28 a2 8a 00 28 a2 8a 00 28 a2 8a 00 28 a2 8a 00 28 a2 8a 00 28 a2 8a 00 28 a2 8a 00 28 a2 8a 00 28 a2 8a 00 28 a2 8a 00 28 a2 8a 00 28 a2 8a 00 28 a2 8a 00 28 a2 8a 00 28 a2 8a 00 28 a2 8a 00 28 a2 8a 00 28 a2 8a 00 28 a2 8a 00 28 a2 8a 00 28 a2 8a 00 28 a2 8a 00 28 a2 8a 00 28 a2 8a 00 28 a2 8a 00 28 a2 8a 00 28 a2 8a 00 28 a2 8a 00 28 a2 8a 00 28 a2 8a 00 28 a2 8a 00 28 a2 8a 00 28 a2 8a 00 28 a2 8a 00 28 a2 8a 00 28 a2 8a 00 28 a2 8a 00 28 a2 8a 00 28 a2 8a 00 28 a2 8a 00 28 a2 8a 00 28 a2 8a 00 28 a2 8a 00 28 a2 8a 00 28'}, bytearray(b'\xe0N\xe4\x08\xdc\x1b\x00\x00\xfc\x00H\x00\xfc\xaa\xb2\xb3\xb4\xb5\xb6\xb7\xb8\xb9\xba\xc2\xc3\xc4\xc5\xc6\xc7\xc8\xc9\xca\xd2\xd3\xd4\xd5\xd6\xd7\xd8\xd9\xda\xe2\xe3\xe4\xe5\xe6\xe7\xe8\xe9\xea\xf2\xf3\xf4\xf5\xf6\xf7\xf8\xf9\xfa\xff\xda\x00\x0c\x03\x01\x00\x02\x11\x03\x11\x00?\x00\xcb\xa2\x8a+\xf1s\xf8\x0c(\xa2\x8a\x00(\xa2\x8a\x00(\xa2\x8a\x00(\xa2\x8a\x00(\xa2\x8a\x00(\xa2\x8a\x00(\xa2\x8a\x00(\xa2\x8a\x00(\xa2\x8a\x00(\xa2\x8a\x00(\xa2\x8a\x00(\xa2\x8a\x00(\xa2\x8a\x00(\xa2\x8a\x00(\xa2\x8a\x00(\xa2\x8a\x00(\xa2\x8a\x00(\xa2\x8a\x00(\xa2\x8a\x00(\xa2\x8a\x00(\xa2\x8a\x00(\xa2\x8a\x00(\xa2\x8a\x00(\xa2\x8a\x00(\xa2\x8a\x00(\xa2\x8a\x00(\xa2\x8a\x00(\xa2\x8a\x00(\xa2\x8a\x00(\xa2\x8a\x00(\xa2\x8a\x00(\xa2\x8a\x00(\xa2\x8a\x00(\xa2\x8a\x00(\xa2\x8a\x00(\xa2\x8a\x00(\xa2\x8a\x00(\xa2\x8a\x00(\xa2\x8a\x00(\xa2\x8a\x00(\xa2\x8a\x00(\xa2\x8a\x00(\xa2\x8a\x00(\xa2\x8a\x00(\xa2\x8a\x00(')
2026-09-22 14:16:57,749 BTPWorkerThread-6170 (_rx_task) root DEBUG btp.py                    704   event_handler             : Header(svc_id=33, op=144, ctrl_index=0, data_len=262) (b'\xe0N\xe4\x08\xdc\x1b\x00\x00\xfc\x00H\x00\xfc\xaa\xb2\xb3\xb4\xb5\xb6\xb7\xb8\xb9\xba\xc2\xc3\xc4\xc5\xc6\xc7\xc8\xc9\xca\xd2\xd3\xd4\xd5\xd6\xd7\xd8\xd9\xda\xe2\xe3\xe4\xe5\xe6\xe7\xe8\xe9\xea\xf2\xf3\xf4\xf5\xf6\xf7\xf8\xf9\xfa\xff\xda\x00\x0c\x03\x01\x00\x02\x11\x03\x11\x00?\x00\xcb\xa2\x8a+\xf1s\xf8\x0c(\xa2\x8a\x00(\xa2\x8a\x00(\xa2\x8a\x00(\xa2\x8a\x00(\xa2\x8a\x00(\xa2\x8a\x00(\xa2\x8a\x00(\xa2\x8a\x00(\xa2\x8a\x00(\xa2\x8a\x00(\xa2\x8a\x00(\xa2\x8a\x00(\xa2\x8a\x00(\xa2\x8a\x00(\xa2\x8a\x00(\xa2\x8a\x00(\xa2\x8a\x00(\xa2\x8a\x00(\xa2\x8a\x00(\xa2\x8a\x00(\xa2\x8a\x00(\xa2\x8a\x00(\xa2\x8a\x00(\xa2\x8a\x00(\xa2\x8a\x00(\xa2\x8a\x00(\xa2\x8a\x00(\xa2\x8a\x00(\xa2\x8a\x00(\xa2\x8a\x00(\xa2\x8a\x00(\xa2\x8a\x00(\xa2\x8a\x00(\xa2\x8a\x00(\xa2\x8a\x00(\xa2\x8a\x00(\xa2\x8a\x00(\xa2\x8a\x00(\xa2\x8a\x00(\xa2\x8a\x00(\xa2\x8a\x00(\xa2\x8a\x00(\xa2\x8a\x00(\xa2\x8a\x00(\xa2\x8a\x00(',)
2026-09-22 14:16:57,750 BTPWorkerThread-6170 (_rx_task) root DEBUG bip.py                    3803  bip_ev_server_put_image_req : bip_ev_server_put_image_req <autopts.ptsprojects.stack.layers.bip.BIP object at 0x000002BEEC8A9DF0> b'\xe0N\xe4\x08\xdc\x1b\x00\x00\xfc\x00H\x00\xfc\xaa\xb2\xb3\xb4\xb5\xb6\xb7\xb8\xb9\xba\xc2\xc3\xc4\xc5\xc6\xc7\xc8\xc9\xca\xd2\xd3\xd4\xd5\xd6\xd7\xd8\xd9\xda\xe2\xe3\xe4\xe5\xe6\xe7\xe8\xe9\xea\xf2\xf3\xf4\xf5\xf6\xf7\xf8\xf9\xfa\xff\xda\x00\x0c\x03\x01\x00\x02\x11\x03\x11\x00?\x00\xcb\xa2\x8a+\xf1s\xf8\x0c(\xa2\x8a\x00(\xa2\x8a\x00(\xa2\x8a\x00(\xa2\x8a\x00(\xa2\x8a\x00(\xa2\x8a\x00(\xa2\x8a\x00(\xa2\x8a\x00(\xa2\x8a\x00(\xa2\x8a\x00(\xa2\x8a\x00(\xa2\x8a\x00(\xa2\x8a\x00(\xa2\x8a\x00(\xa2\x8a\x00(\xa2\x8a\x00(\xa2\x8a\x00(\xa2\x8a\x00(\xa2\x8a\x00(\xa2\x8a\x00(\xa2\x8a\x00(\xa2\x8a\x00(\xa2\x8a\x00(\xa2\x8a\x00(\xa2\x8a\x00(\xa2\x8a\x00(\xa2\x8a\x00(\xa2\x8a\x00(\xa2\x8a\x00(\xa2\x8a\x00(\xa2\x8a\x00(\xa2\x8a\x00(\xa2\x8a\x00(\xa2\x8a\x00(\xa2\x8a\x00(\xa2\x8a\x00(\xa2\x8a\x00(\xa2\x8a\x00(\xa2\x8a\x00(\xa2\x8a\x00(\xa2\x8a\x00(\xa2\x8a\x00(\xa2\x8a\x00(\xa2\x8a\x00(\xa2\x8a\x00(' 262
2026-09-22 14:16:57,750 Thread-6180 (_process_events) root DEBUG bip.py                    2834  _bip_ev_server_put_image_req : _bip_ev_server_put_image_req b'\xe0N\xe4\x08\xdc\x1b\x00\x00\xfc\x00H\x00\xfc\xaa\xb2\xb3\xb4\xb5\xb6\xb7\xb8\xb9\xba\xc2\xc3\xc4\xc5\xc6\xc7\xc8\xc9\xca\xd2\xd3\xd4\xd5\xd6\xd7\xd8\xd9\xda\xe2\xe3\xe4\xe5\xe6\xe7\xe8\xe9\xea\xf2\xf3\xf4\xf5\xf6\xf7\xf8\xf9\xfa\xff\xda\x00\x0c\x03\x01\x00\x02\x11\x03\x11\x00?\x00\xcb\xa2\x8a+\xf1s\xf8\x0c(\xa2\x8a\x00(\xa2\x8a\x00(\xa2\x8a\x00(\xa2\x8a\x00(\xa2\x8a\x00(\xa2\x8a\x00(\xa2\x8a\x00(\xa2\x8a\x00(\xa2\x8a\x00(\xa2\x8a\x00(\xa2\x8a\x00(\xa2\x8a\x00(\xa2\x8a\x00(\xa2\x8a\x00(\xa2\x8a\x00(\xa2\x8a\x00(\xa2\x8a\x00(\xa2\x8a\x00(\xa2\x8a\x00(\xa2\x8a\x00(\xa2\x8a\x00(\xa2\x8a\x00(\xa2\x8a\x00(\xa2\x8a\x00(\xa2\x8a\x00(\xa2\x8a\x00(\xa2\x8a\x00(\xa2\x8a\x00(\xa2\x8a\x00(\xa2\x8a\x00(\xa2\x8a\x00(\xa2\x8a\x00(\xa2\x8a\x00(\xa2\x8a\x00(\xa2\x8a\x00(\xa2\x8a\x00(\xa2\x8a\x00(\xa2\x8a\x00(\xa2\x8a\x00(\xa2\x8a\x00(\xa2\x8a\x00(\xa2\x8a\x00(\xa2\x8a\x00(\xa2\x8a\x00(\xa2\x8a\x00('
2026-09-22 14:16:57,750 Thread-6180 (_process_events) root DEBUG bip.py                    2361  _update_srm_state         : _update_srm_state: sess=<autopts.ptsprojects.stack.layers.bip.OBEXSession object at 0x000002BEEC7A8890> srm=None srmp=None srm_allowed=True srm_flags=0x03
2026-09-22 14:16:57,750 Thread-6180 (_process_events) root DEBUG bip.py                    2378  _update_srm_state         : _update_srm_state: after update srm_flags=0x03
2026-09-22 14:16:57,751 Thread-6180 (_process_events) root DEBUG bip.py                    2469  _send_put_rsp_with_srm    : _send_put_rsp_with_srm: role=0 sess=<autopts.ptsprojects.stack.layers.bip.OBEXSession object at 0x000002BEEC7A8890> srm_allowed=True srm_flags=0x03 srmp_wait_count=0 final=0
2026-09-22 14:16:57,759 BTPWorkerThread-6170 (_rx_task) root DEBUG iutctl_common.py          123   read                      : Read 5 bytes
2026-09-22 14:16:57,760 BTPWorkerThread-6170 (_rx_task) root DEBUG iutctl_common.py          131   read                      : Received: hdr: Header(svc_id=0x21, op=0x90, ctrl_index=0x00, data_len=0x106) bytearray(b'!\x90\x00\x06\x01')
2026-09-22 14:16:57,760 BTPWorkerThread-6170 (_rx_task) root DEBUG iutctl_common.py          139   read                      : Read 47 bytes data
2026-09-22 14:16:57,770 BTPWorkerThread-6170 (_rx_task) root DEBUG iutctl_common.py          139   read                      : Read 124 bytes data
2026-09-22 14:16:57,781 BTPWorkerThread-6170 (_rx_task) root DEBUG iutctl_common.py          139   read                      : Read 91 bytes data
2026-09-22 14:16:57,783 BTPWorkerThread-6170 (_rx_task) root DEBUG iutctl_common.py          154   read                      : Received data: {'e0 4e e4 08 dc 1b 00 00 fc 00 48 00 fc a2 8a 00 28 a2 8a 00 28 a2 8a 00 28 a2 8a 00 28 a2 8a 00 28 a2 8a 00 28 a2 8a 00 28 a2 8a 00 28 a2 8a 00 28 a2 8a 00 28 a2 8a 00 28 a2 8a 00 28 a2 8a 00 28 a2 8a 00 28 a2 8a 00 28 a2 8a 00 28 a2 8a 00 28 a2 8a 00 28 a2 8a 00 28 a2 8a 00 28 a2 8a 00 28 a2 8a 00 28 a2 8a 00 28 a2 8a 00 28 a2 8a 00 28 a2 8a 00 28 a2 8a 00 28 a2 8a 00 28 a2 8a 00 28 a2 8a 00 28 a2 8a 00 28 a2 8a 00 28 a2 8a 00 28 a2 8a 00 28 a2 8a 00 28 a2 8a 00 28 a2 8a 00 28 a2 8a 00 28 a2 8a 00 28 a2 8a 00 28 a2 8a 00 28 a2 8a 00 28 a2 8a 00 28 a2 8a 00 28 a2 8a 00 28 a2 8a 00 28 a2 8a 00 28 a2 8a 00 28 a2 8a 00 28 a2 8a 00 28 a2 8a 00 28 a2 8a 00 28 a2 8a 00 28 a2 8a 00 28 a2 8a 00 28 a2 8a 00 28 a2 8a 00 28 a2 8a 00 28 a2 8a 00 28 a2 8a 00 28 a2 8a 00 28 a2 8a 00 28 a2'}, bytearray(b'\xe0N\xe4\x08\xdc\x1b\x00\x00\xfc\x00H\x00\xfc\xa2\x8a\x00(\xa2\x8a\x00(\xa2\x8a\x00(\xa2\x8a\x00(\xa2\x8a\x00(\xa2\x8a\x00(\xa2\x8a\x00(\xa2\x8a\x00(\xa2\x8a\x00(\xa2\x8a\x00(\xa2\x8a\x00(\xa2\x8a\x00(\xa2\x8a\x00(\xa2\x8a\x00(\xa2\x8a\x00(\xa2\x8a\x00(\xa2\x8a\x00(\xa2\x8a\x00(\xa2\x8a\x00(\xa2\x8a\x00(\xa2\x8a\x00(\xa2\x8a\x00(\xa2\x8a\x00(\xa2\x8a\x00(\xa2\x8a\x00(\xa2\x8a\x00(\xa2\x8a\x00(\xa2\x8a\x00(\xa2\x8a\x00(\xa2\x8a\x00(\xa2\x8a\x00(\xa2\x8a\x00(\xa2\x8a\x00(\xa2\x8a\x00(\xa2\x8a\x00(\xa2\x8a\x00(\xa2\x8a\x00(\xa2\x8a\x00(\xa2\x8a\x00(\xa2\x8a\x00(\xa2\x8a\x00(\xa2\x8a\x00(\xa2\x8a\x00(\xa2\x8a\x00(\xa2\x8a\x00(\xa2\x8a\x00(\xa2\x8a\x00(\xa2\x8a\x00(\xa2\x8a\x00(\xa2\x8a\x00(\xa2\x8a\x00(\xa2\x8a\x00(\xa2\x8a\x00(\xa2\x8a\x00(\xa2\x8a\x00(\xa2\x8a\x00(\xa2\x8a\x00(\xa2\x8a\x00(\xa2\x8a\x00(\xa2\x8a\x00(\xa2\x8a\x00(\xa2\x8a\x00(\xa2')
2026-09-22 14:16:57,784 BTPWorkerThread-6170 (_rx_task) root DEBUG btp.py                    704   event_handler             : Header(svc_id=33, op=144, ctrl_index=0, data_len=262) (b'\xe0N\xe4\x08\xdc\x1b\x00\x00\xfc\x00H\x00\xfc\xa2\x8a\x00(\xa2\x8a\x00(\xa2\x8a\x00(\xa2\x8a\x00(\xa2\x8a\x00(\xa2\x8a\x00(\xa2\x8a\x00(\xa2\x8a\x00(\xa2\x8a\x00(\xa2\x8a\x00(\xa2\x8a\x00(\xa2\x8a\x00(\xa2\x8a\x00(\xa2\x8a\x00(\xa2\x8a\x00(\xa2\x8a\x00(\xa2\x8a\x00(\xa2\x8a\x00(\xa2\x8a\x00(\xa2\x8a\x00(\xa2\x8a\x00(\xa2\x8a\x00(\xa2\x8a\x00(\xa2\x8a\x00(\xa2\x8a\x00(\xa2\x8a\x00(\xa2\x8a\x00(\xa2\x8a\x00(\xa2\x8a\x00(\xa2\x8a\x00(\xa2\x8a\x00(\xa2\x8a\x00(\xa2\x8a\x00(\xa2\x8a\x00(\xa2\x8a\x00(\xa2\x8a\x00(\xa2\x8a\x00(\xa2\x8a\x00(\xa2\x8a\x00(\xa2\x8a\x00(\xa2\x8a\x00(\xa2\x8a\x00(\xa2\x8a\x00(\xa2\x8a\x00(\xa2\x8a\x00(\xa2\x8a\x00(\xa2\x8a\x00(\xa2\x8a\x00(\xa2\x8a\x00(\xa2\x8a\x00(\xa2\x8a\x00(\xa2\x8a\x00(\xa2\x8a\x00(\xa2\x8a\x00(\xa2\x8a\x00(\xa2\x8a\x00(\xa2\x8a\x00(\xa2\x8a\x00(\xa2\x8a\x00(\xa2\x8a\x00(\xa2\x8a\x00(\xa2\x8a\x00(\xa2',)
2026-09-22 14:16:57,784 BTPWorkerThread-6170 (_rx_task) root DEBUG bip.py                    3803  bip_ev_server_put_image_req : bip_ev_server_put_image_req <autopts.ptsprojects.stack.layers.bip.BIP object at 0x000002BEEC8A9DF0> b'\xe0N\xe4\x08\xdc\x1b\x00\x00\xfc\x00H\x00\xfc\xa2\x8a\x00(\xa2\x8a\x00(\xa2\x8a\x00(\xa2\x8a\x00(\xa2\x8a\x00(\xa2\x8a\x00(\xa2\x8a\x00(\xa2\x8a\x00(\xa2\x8a\x00(\xa2\x8a\x00(\xa2\x8a\x00(\xa2\x8a\x00(\xa2\x8a\x00(\xa2\x8a\x00(\xa2\x8a\x00(\xa2\x8a\x00(\xa2\x8a\x00(\xa2\x8a\x00(\xa2\x8a\x00(\xa2\x8a\x00(\xa2\x8a\x00(\xa2\x8a\x00(\xa2\x8a\x00(\xa2\x8a\x00(\xa2\x8a\x00(\xa2\x8a\x00(\xa2\x8a\x00(\xa2\x8a\x00(\xa2\x8a\x00(\xa2\x8a\x00(\xa2\x8a\x00(\xa2\x8a\x00(\xa2\x8a\x00(\xa2\x8a\x00(\xa2\x8a\x00(\xa2\x8a\x00(\xa2\x8a\x00(\xa2\x8a\x00(\xa2\x8a\x00(\xa2\x8a\x00(\xa2\x8a\x00(\xa2\x8a\x00(\xa2\x8a\x00(\xa2\x8a\x00(\xa2\x8a\x00(\xa2\x8a\x00(\xa2\x8a\x00(\xa2\x8a\x00(\xa2\x8a\x00(\xa2\x8a\x00(\xa2\x8a\x00(\xa2\x8a\x00(\xa2\x8a\x00(\xa2\x8a\x00(\xa2\x8a\x00(\xa2\x8a\x00(\xa2\x8a\x00(\xa2\x8a\x00(\xa2\x8a\x00(\xa2\x8a\x00(\xa2\x8a\x00(\xa2\x8a\x00(\xa2' 262
2026-09-22 14:16:57,784 Thread-6180 (_process_events) root DEBUG bip.py                    2834  _bip_ev_server_put_image_req : _bip_ev_server_put_image_req b'\xe0N\xe4\x08\xdc\x1b\x00\x00\xfc\x00H\x00\xfc\xa2\x8a\x00(\xa2\x8a\x00(\xa2\x8a\x00(\xa2\x8a\x00(\xa2\x8a\x00(\xa2\x8a\x00(\xa2\x8a\x00(\xa2\x8a\x00(\xa2\x8a\x00(\xa2\x8a\x00(\xa2\x8a\x00(\xa2\x8a\x00(\xa2\x8a\x00(\xa2\x8a\x00(\xa2\x8a\x00(\xa2\x8a\x00(\xa2\x8a\x00(\xa2\x8a\x00(\xa2\x8a\x00(\xa2\x8a\x00(\xa2\x8a\x00(\xa2\x8a\x00(\xa2\x8a\x00(\xa2\x8a\x00(\xa2\x8a\x00(\xa2\x8a\x00(\xa2\x8a\x00(\xa2\x8a\x00(\xa2\x8a\x00(\xa2\x8a\x00(\xa2\x8a\x00(\xa2\x8a\x00(\xa2\x8a\x00(\xa2\x8a\x00(\xa2\x8a\x00(\xa2\x8a\x00(\xa2\x8a\x00(\xa2\x8a\x00(\xa2\x8a\x00(\xa2\x8a\x00(\xa2\x8a\x00(\xa2\x8a\x00(\xa2\x8a\x00(\xa2\x8a\x00(\xa2\x8a\x00(\xa2\x8a\x00(\xa2\x8a\x00(\xa2\x8a\x00(\xa2\x8a\x00(\xa2\x8a\x00(\xa2\x8a\x00(\xa2\x8a\x00(\xa2\x8a\x00(\xa2\x8a\x00(\xa2\x8a\x00(\xa2\x8a\x00(\xa2\x8a\x00(\xa2\x8a\x00(\xa2\x8a\x00(\xa2\x8a\x00(\xa2\x8a\x00(\xa2\x8a\x00(\xa2'
2026-09-22 14:16:57,784 Thread-6180 (_process_events) root DEBUG bip.py                    2361  _update_srm_state         : _update_srm_state: sess=<autopts.ptsprojects.stack.layers.bip.OBEXSession object at 0x000002BEEC7A8890> srm=None srmp=None srm_allowed=True srm_flags=0x03
2026-09-22 14:16:57,785 Thread-6180 (_process_events) root DEBUG bip.py                    2378  _update_srm_state         : _update_srm_state: after update srm_flags=0x03
2026-09-22 14:16:57,785 Thread-6180 (_process_events) root DEBUG bip.py                    2469  _send_put_rsp_with_srm    : _send_put_rsp_with_srm: role=0 sess=<autopts.ptsprojects.stack.layers.bip.OBEXSession object at 0x000002BEEC7A8890> srm_allowed=True srm_flags=0x03 srmp_wait_count=0 final=0
2026-09-22 14:16:57,792 BTPWorkerThread-6170 (_rx_task) root DEBUG iutctl_common.py          123   read                      : Read 5 bytes
2026-09-22 14:16:57,792 BTPWorkerThread-6170 (_rx_task) root DEBUG iutctl_common.py          131   read                      : Received: hdr: Header(svc_id=0x21, op=0x90, ctrl_index=0x00, data_len=0x106) bytearray(b'!\x90\x00\x06\x01')
2026-09-22 14:16:57,793 BTPWorkerThread-6170 (_rx_task) root DEBUG iutctl_common.py          139   read                      : Read 41 bytes data
2026-09-22 14:16:57,803 BTPWorkerThread-6170 (_rx_task) root DEBUG iutctl_common.py          139   read                      : Read 127 bytes data
2026-09-22 14:16:57,814 BTPWorkerThread-6170 (_rx_task) root DEBUG iutctl_common.py          139   read                      : Read 94 bytes data
2026-09-22 14:16:57,816 BTPWorkerThread-6170 (_rx_task) root DEBUG iutctl_common.py          154   read                      : Received data: {'e0 4e e4 08 dc 1b 00 00 fc 00 48 00 fc 8a 00 28 a2 8a 00 28 a2 8a 00 28 a2 8a 00 28 a2 8a 00 28 a2 8a 00 28 a2 8a 00 28 a2 8a 00 28 a2 8a 00 28 a2 8a 00 28 a2 8a 00 28 a2 8a 00 28 a2 8a 00 28 a2 8a 00 28 a2 8a 00 28 a2 8a 00 28 a2 8a 00 28 a2 8a 00 28 a2 8a 00 28 a2 8a 00 28 a2 8a 00 28 a2 8a 00 28 a2 8a 00 28 a2 8a 00 28 a2 8a 00 28 a2 8a 00 28 a2 8a 00 28 a2 8a 00 28 a2 8a 00 28 a2 8a 00 28 a2 8a 00 28 a2 8a 00 28 a2 8a 00 28 a2 8a 00 28 a2 8a 00 28 a2 8a 00 28 a2 8a 00 28 a2 8a 00 28 a2 8a 00 28 a2 8a 00 28 a2 8a 00 28 a2 8a 00 28 a2 8a 00 28 a2 8a 00 28 a2 8a 00 28 a2 8a 00 28 a2 8a 00 28 a2 8a 00 28 a2 8a 00 28 a2 8a 00 28 a2 8a 00 28 a2 8a 00 28 a2 8a 00 28 a2 8a 00 28 a2 8a 00 28 a2 8a 00 28 a2 8a 00 28 a2 8a 00 28 a2 8a 00 28 a2 8a 00 28 a2 8a 00 28 a2 8a 00 28 a2 8a'}, bytearray(b'\xe0N\xe4\x08\xdc\x1b\x00\x00\xfc\x00H\x00\xfc\x8a\x00(\xa2\x8a\x00(\xa2\x8a\x00(\xa2\x8a\x00(\xa2\x8a\x00(\xa2\x8a\x00(\xa2\x8a\x00(\xa2\x8a\x00(\xa2\x8a\x00(\xa2\x8a\x00(\xa2\x8a\x00(\xa2\x8a\x00(\xa2\x8a\x00(\xa2\x8a\x00(\xa2\x8a\x00(\xa2\x8a\x00(\xa2\x8a\x00(\xa2\x8a\x00(\xa2\x8a\x00(\xa2\x8a\x00(\xa2\x8a\x00(\xa2\x8a\x00(\xa2\x8a\x00(\xa2\x8a\x00(\xa2\x8a\x00(\xa2\x8a\x00(\xa2\x8a\x00(\xa2\x8a\x00(\xa2\x8a\x00(\xa2\x8a\x00(\xa2\x8a\x00(\xa2\x8a\x00(\xa2\x8a\x00(\xa2\x8a\x00(\xa2\x8a\x00(\xa2\x8a\x00(\xa2\x8a\x00(\xa2\x8a\x00(\xa2\x8a\x00(\xa2\x8a\x00(\xa2\x8a\x00(\xa2\x8a\x00(\xa2\x8a\x00(\xa2\x8a\x00(\xa2\x8a\x00(\xa2\x8a\x00(\xa2\x8a\x00(\xa2\x8a\x00(\xa2\x8a\x00(\xa2\x8a\x00(\xa2\x8a\x00(\xa2\x8a\x00(\xa2\x8a\x00(\xa2\x8a\x00(\xa2\x8a\x00(\xa2\x8a\x00(\xa2\x8a\x00(\xa2\x8a\x00(\xa2\x8a\x00(\xa2\x8a\x00(\xa2\x8a\x00(\xa2\x8a\x00(\xa2\x8a')
2026-09-22 14:16:57,816 BTPWorkerThread-6170 (_rx_task) root DEBUG btp.py                    704   event_handler             : Header(svc_id=33, op=144, ctrl_index=0, data_len=262) (b'\xe0N\xe4\x08\xdc\x1b\x00\x00\xfc\x00H\x00\xfc\x8a\x00(\xa2\x8a\x00(\xa2\x8a\x00(\xa2\x8a\x00(\xa2\x8a\x00(\xa2\x8a\x00(\xa2\x8a\x00(\xa2\x8a\x00(\xa2\x8a\x00(\xa2\x8a\x00(\xa2\x8a\x00(\xa2\x8a\x00(\xa2\x8a\x00(\xa2\x8a\x00(\xa2\x8a\x00(\xa2\x8a\x00(\xa2\x8a\x00(\xa2\x8a\x00(\xa2\x8a\x00(\xa2\x8a\x00(\xa2\x8a\x00(\xa2\x8a\x00(\xa2\x8a\x00(\xa2\x8a\x00(\xa2\x8a\x00(\xa2\x8a\x00(\xa2\x8a\x00(\xa2\x8a\x00(\xa2\x8a\x00(\xa2\x8a\x00(\xa2\x8a\x00(\xa2\x8a\x00(\xa2\x8a\x00(\xa2\x8a\x00(\xa2\x8a\x00(\xa2\x8a\x00(\xa2\x8a\x00(\xa2\x8a\x00(\xa2\x8a\x00(\xa2\x8a\x00(\xa2\x8a\x00(\xa2\x8a\x00(\xa2\x8a\x00(\xa2\x8a\x00(\xa2\x8a\x00(\xa2\x8a\x00(\xa2\x8a\x00(\xa2\x8a\x00(\xa2\x8a\x00(\xa2\x8a\x00(\xa2\x8a\x00(\xa2\x8a\x00(\xa2\x8a\x00(\xa2\x8a\x00(\xa2\x8a\x00(\xa2\x8a\x00(\xa2\x8a\x00(\xa2\x8a\x00(\xa2\x8a\x00(\xa2\x8a\x00(\xa2\x8a\x00(\xa2\x8a\x00(\xa2\x8a',)
2026-09-22 14:16:57,816 BTPWorkerThread-6170 (_rx_task) root DEBUG bip.py                    3803  bip_ev_server_put_image_req : bip_ev_server_put_image_req <autopts.ptsprojects.stack.layers.bip.BIP object at 0x000002BEEC8A9DF0> b'\xe0N\xe4\x08\xdc\x1b\x00\x00\xfc\x00H\x00\xfc\x8a\x00(\xa2\x8a\x00(\xa2\x8a\x00(\xa2\x8a\x00(\xa2\x8a\x00(\xa2\x8a\x00(\xa2\x8a\x00(\xa2\x8a\x00(\xa2\x8a\x00(\xa2\x8a\x00(\xa2\x8a\x00(\xa2\x8a\x00(\xa2\x8a\x00(\xa2\x8a\x00(\xa2\x8a\x00(\xa2\x8a\x00(\xa2\x8a\x00(\xa2\x8a\x00(\xa2\x8a\x00(\xa2\x8a\x00(\xa2\x8a\x00(\xa2\x8a\x00(\xa2\x8a\x00(\xa2\x8a\x00(\xa2\x8a\x00(\xa2\x8a\x00(\xa2\x8a\x00(\xa2\x8a\x00(\xa2\x8a\x00(\xa2\x8a\x00(\xa2\x8a\x00(\xa2\x8a\x00(\xa2\x8a\x00(\xa2\x8a\x00(\xa2\x8a\x00(\xa2\x8a\x00(\xa2\x8a\x00(\xa2\x8a\x00(\xa2\x8a\x00(\xa2\x8a\x00(\xa2\x8a\x00(\xa2\x8a\x00(\xa2\x8a\x00(\xa2\x8a\x00(\xa2\x8a\x00(\xa2\x8a\x00(\xa2\x8a\x00(\xa2\x8a\x00(\xa2\x8a\x00(\xa2\x8a\x00(\xa2\x8a\x00(\xa2\x8a\x00(\xa2\x8a\x00(\xa2\x8a\x00(\xa2\x8a\x00(\xa2\x8a\x00(\xa2\x8a\x00(\xa2\x8a\x00(\xa2\x8a\x00(\xa2\x8a\x00(\xa2\x8a\x00(\xa2\x8a\x00(\xa2\x8a' 262
2026-09-22 14:16:57,817 Thread-6180 (_process_events) root DEBUG bip.py                    2834  _bip_ev_server_put_image_req : _bip_ev_server_put_image_req b'\xe0N\xe4\x08\xdc\x1b\x00\x00\xfc\x00H\x00\xfc\x8a\x00(\xa2\x8a\x00(\xa2\x8a\x00(\xa2\x8a\x00(\xa2\x8a\x00(\xa2\x8a\x00(\xa2\x8a\x00(\xa2\x8a\x00(\xa2\x8a\x00(\xa2\x8a\x00(\xa2\x8a\x00(\xa2\x8a\x00(\xa2\x8a\x00(\xa2\x8a\x00(\xa2\x8a\x00(\xa2\x8a\x00(\xa2\x8a\x00(\xa2\x8a\x00(\xa2\x8a\x00(\xa2\x8a\x00(\xa2\x8a\x00(\xa2\x8a\x00(\xa2\x8a\x00(\xa2\x8a\x00(\xa2\x8a\x00(\xa2\x8a\x00(\xa2\x8a\x00(\xa2\x8a\x00(\xa2\x8a\x00(\xa2\x8a\x00(\xa2\x8a\x00(\xa2\x8a\x00(\xa2\x8a\x00(\xa2\x8a\x00(\xa2\x8a\x00(\xa2\x8a\x00(\xa2\x8a\x00(\xa2\x8a\x00(\xa2\x8a\x00(\xa2\x8a\x00(\xa2\x8a\x00(\xa2\x8a\x00(\xa2\x8a\x00(\xa2\x8a\x00(\xa2\x8a\x00(\xa2\x8a\x00(\xa2\x8a\x00(\xa2\x8a\x00(\xa2\x8a\x00(\xa2\x8a\x00(\xa2\x8a\x00(\xa2\x8a\x00(\xa2\x8a\x00(\xa2\x8a\x00(\xa2\x8a\x00(\xa2\x8a\x00(\xa2\x8a\x00(\xa2\x8a\x00(\xa2\x8a\x00(\xa2\x8a\x00(\xa2\x8a\x00(\xa2\x8a\x00(\xa2\x8a'
2026-09-22 14:16:57,817 Thread-6180 (_process_events) root DEBUG bip.py                    2361  _update_srm_state         : _update_srm_state: sess=<autopts.ptsprojects.stack.layers.bip.OBEXSession object at 0x000002BEEC7A8890> srm=None srmp=None srm_allowed=True srm_flags=0x03
2026-09-22 14:16:57,817 Thread-6180 (_process_events) root DEBUG bip.py                    2378  _update_srm_state         : _update_srm_state: after update srm_flags=0x03
2026-09-22 14:16:57,817 Thread-6180 (_process_events) root DEBUG bip.py                    2469  _send_put_rsp_with_srm    : _send_put_rsp_with_srm: role=0 sess=<autopts.ptsprojects.stack.layers.bip.OBEXSession object at 0x000002BEEC7A8890> srm_allowed=True srm_flags=0x03 srmp_wait_count=0 final=0
2026-09-22 14:16:57,825 BTPWorkerThread-6170 (_rx_task) root DEBUG iutctl_common.py          123   read                      : Read 5 bytes
2026-09-22 14:16:57,826 BTPWorkerThread-6170 (_rx_task) root DEBUG iutctl_common.py          131   read                      : Received: hdr: Header(svc_id=0x21, op=0x90, ctrl_index=0x00, data_len=0x106) bytearray(b'!\x90\x00\x06\x01')
2026-09-22 14:16:57,826 BTPWorkerThread-6170 (_rx_task) root DEBUG iutctl_common.py          139   read                      : Read 60 bytes data
2026-09-22 14:16:57,836 BTPWorkerThread-6170 (_rx_task) root DEBUG iutctl_common.py          139   read                      : Read 127 bytes data
2026-09-22 14:16:57,847 BTPWorkerThread-6170 (_rx_task) root DEBUG iutctl_common.py          139   read                      : Read 75 bytes data
2026-09-22 14:16:57,848 BTPWorkerThread-6170 (_rx_task) root DEBUG iutctl_common.py          154   read                      : Received data: {'e0 4e e4 08 dc 1b 00 00 fc 00 48 00 fc 00 28 a2 8a 00 28 a2 8a 00 28 a2 8a 00 28 a2 8a 00 28 a2 8a 00 28 a2 8a 00 28 a2 8a 00 28 a2 8a 00 28 a2 8a 00 28 a2 8a 00 28 a2 8a 00 28 a2 8a 00 28 a2 8a 00 28 a2 8a 00 28 a2 8a 00 28 a2 8a 00 28 a2 8a 00 28 a2 8a 00 28 a2 8a 00 28 a2 8a 00 28 a2 8a 00 28 a2 8a 00 28 a2 8a 00 28 a2 8a 00 28 a2 8a 00 28 a2 8a 00 28 a2 8a 00 28 a2 8a 00 28 a2 8a 00 28 a2 8a 00 28 a2 8a 00 28 a2 8a 00 28 a2 8a 00 28 a2 8a 00 28 a2 8a 00 28 a2 8a 00 28 a2 8a 00 28 a2 8a 00 28 a2 8a 00 28 a2 8a 00 28 a2 8a 00 28 a2 8a 00 28 a2 8a 00 28 a2 8a 00 28 a2 8a 00 28 a2 8a 00 28 a2 8a 00 28 a2 8a 00 28 a2 8a 00 28 a2 8a 00 28 a2 8a 00 28 a2 8a 00 28 a2 8a 00 28 a2 8a 00 28 a2 8a 00 28 a2 8a 00 28 a2 8a 00 28 a2 8a 00 28 a2 8a 00 28 a2 8a 00 28 a2 8a 00 28 a2 8a 00'}, bytearray(b'\xe0N\xe4\x08\xdc\x1b\x00\x00\xfc\x00H\x00\xfc\x00(\xa2\x8a\x00(\xa2\x8a\x00(\xa2\x8a\x00(\xa2\x8a\x00(\xa2\x8a\x00(\xa2\x8a\x00(\xa2\x8a\x00(\xa2\x8a\x00(\xa2\x8a\x00(\xa2\x8a\x00(\xa2\x8a\x00(\xa2\x8a\x00(\xa2\x8a\x00(\xa2\x8a\x00(\xa2\x8a\x00(\xa2\x8a\x00(\xa2\x8a\x00(\xa2\x8a\x00(\xa2\x8a\x00(\xa2\x8a\x00(\xa2\x8a\x00(\xa2\x8a\x00(\xa2\x8a\x00(\xa2\x8a\x00(\xa2\x8a\x00(\xa2\x8a\x00(\xa2\x8a\x00(\xa2\x8a\x00(\xa2\x8a\x00(\xa2\x8a\x00(\xa2\x8a\x00(\xa2\x8a\x00(\xa2\x8a\x00(\xa2\x8a\x00(\xa2\x8a\x00(\xa2\x8a\x00(\xa2\x8a\x00(\xa2\x8a\x00(\xa2\x8a\x00(\xa2\x8a\x00(\xa2\x8a\x00(\xa2\x8a\x00(\xa2\x8a\x00(\xa2\x8a\x00(\xa2\x8a\x00(\xa2\x8a\x00(\xa2\x8a\x00(\xa2\x8a\x00(\xa2\x8a\x00(\xa2\x8a\x00(\xa2\x8a\x00(\xa2\x8a\x00(\xa2\x8a\x00(\xa2\x8a\x00(\xa2\x8a\x00(\xa2\x8a\x00(\xa2\x8a\x00(\xa2\x8a\x00(\xa2\x8a\x00(\xa2\x8a\x00(\xa2\x8a\x00(\xa2\x8a\x00')
2026-09-22 14:16:57,848 BTPWorkerThread-6170 (_rx_task) root DEBUG btp.py                    704   event_handler             : Header(svc_id=33, op=144, ctrl_index=0, data_len=262) (b'\xe0N\xe4\x08\xdc\x1b\x00\x00\xfc\x00H\x00\xfc\x00(\xa2\x8a\x00(\xa2\x8a\x00(\xa2\x8a\x00(\xa2\x8a\x00(\xa2\x8a\x00(\xa2\x8a\x00(\xa2\x8a\x00(\xa2\x8a\x00(\xa2\x8a\x00(\xa2\x8a\x00(\xa2\x8a\x00(\xa2\x8a\x00(\xa2\x8a\x00(\xa2\x8a\x00(\xa2\x8a\x00(\xa2\x8a\x00(\xa2\x8a\x00(\xa2\x8a\x00(\xa2\x8a\x00(\xa2\x8a\x00(\xa2\x8a\x00(\xa2\x8a\x00(\xa2\x8a\x00(\xa2\x8a\x00(\xa2\x8a\x00(\xa2\x8a\x00(\xa2\x8a\x00(\xa2\x8a\x00(\xa2\x8a\x00(\xa2\x8a\x00(\xa2\x8a\x00(\xa2\x8a\x00(\xa2\x8a\x00(\xa2\x8a\x00(\xa2\x8a\x00(\xa2\x8a\x00(\xa2\x8a\x00(\xa2\x8a\x00(\xa2\x8a\x00(\xa2\x8a\x00(\xa2\x8a\x00(\xa2\x8a\x00(\xa2\x8a\x00(\xa2\x8a\x00(\xa2\x8a\x00(\xa2\x8a\x00(\xa2\x8a\x00(\xa2\x8a\x00(\xa2\x8a\x00(\xa2\x8a\x00(\xa2\x8a\x00(\xa2\x8a\x00(\xa2\x8a\x00(\xa2\x8a\x00(\xa2\x8a\x00(\xa2\x8a\x00(\xa2\x8a\x00(\xa2\x8a\x00(\xa2\x8a\x00(\xa2\x8a\x00(\xa2\x8a\x00(\xa2\x8a\x00',)
2026-09-22 14:16:57,848 BTPWorkerThread-6170 (_rx_task) root DEBUG bip.py                    3803  bip_ev_server_put_image_req : bip_ev_server_put_image_req <autopts.ptsprojects.stack.layers.bip.BIP object at 0x000002BEEC8A9DF0> b'\xe0N\xe4\x08\xdc\x1b\x00\x00\xfc\x00H\x00\xfc\x00(\xa2\x8a\x00(\xa2\x8a\x00(\xa2\x8a\x00(\xa2\x8a\x00(\xa2\x8a\x00(\xa2\x8a\x00(\xa2\x8a\x00(\xa2\x8a\x00(\xa2\x8a\x00(\xa2\x8a\x00(\xa2\x8a\x00(\xa2\x8a\x00(\xa2\x8a\x00(\xa2\x8a\x00(\xa2\x8a\x00(\xa2\x8a\x00(\xa2\x8a\x00(\xa2\x8a\x00(\xa2\x8a\x00(\xa2\x8a\x00(\xa2\x8a\x00(\xa2\x8a\x00(\xa2\x8a\x00(\xa2\x8a\x00(\xa2\x8a\x00(\xa2\x8a\x00(\xa2\x8a\x00(\xa2\x8a\x00(\xa2\x8a\x00(\xa2\x8a\x00(\xa2\x8a\x00(\xa2\x8a\x00(\xa2\x8a\x00(\xa2\x8a\x00(\xa2\x8a\x00(\xa2\x8a\x00(\xa2\x8a\x00(\xa2\x8a\x00(\xa2\x8a\x00(\xa2\x8a\x00(\xa2\x8a\x00(\xa2\x8a\x00(\xa2\x8a\x00(\xa2\x8a\x00(\xa2\x8a\x00(\xa2\x8a\x00(\xa2\x8a\x00(\xa2\x8a\x00(\xa2\x8a\x00(\xa2\x8a\x00(\xa2\x8a\x00(\xa2\x8a\x00(\xa2\x8a\x00(\xa2\x8a\x00(\xa2\x8a\x00(\xa2\x8a\x00(\xa2\x8a\x00(\xa2\x8a\x00(\xa2\x8a\x00(\xa2\x8a\x00(\xa2\x8a\x00(\xa2\x8a\x00' 262
2026-09-22 14:16:57,849 Thread-6180 (_process_events) root DEBUG bip.py                    2834  _bip_ev_server_put_image_req : _bip_ev_server_put_image_req b'\xe0N\xe4\x08\xdc\x1b\x00\x00\xfc\x00H\x00\xfc\x00(\xa2\x8a\x00(\xa2\x8a\x00(\xa2\x8a\x00(\xa2\x8a\x00(\xa2\x8a\x00(\xa2\x8a\x00(\xa2\x8a\x00(\xa2\x8a\x00(\xa2\x8a\x00(\xa2\x8a\x00(\xa2\x8a\x00(\xa2\x8a\x00(\xa2\x8a\x00(\xa2\x8a\x00(\xa2\x8a\x00(\xa2\x8a\x00(\xa2\x8a\x00(\xa2\x8a\x00(\xa2\x8a\x00(\xa2\x8a\x00(\xa2\x8a\x00(\xa2\x8a\x00(\xa2\x8a\x00(\xa2\x8a\x00(\xa2\x8a\x00(\xa2\x8a\x00(\xa2\x8a\x00(\xa2\x8a\x00(\xa2\x8a\x00(\xa2\x8a\x00(\xa2\x8a\x00(\xa2\x8a\x00(\xa2\x8a\x00(\xa2\x8a\x00(\xa2\x8a\x00(\xa2\x8a\x00(\xa2\x8a\x00(\xa2\x8a\x00(\xa2\x8a\x00(\xa2\x8a\x00(\xa2\x8a\x00(\xa2\x8a\x00(\xa2\x8a\x00(\xa2\x8a\x00(\xa2\x8a\x00(\xa2\x8a\x00(\xa2\x8a\x00(\xa2\x8a\x00(\xa2\x8a\x00(\xa2\x8a\x00(\xa2\x8a\x00(\xa2\x8a\x00(\xa2\x8a\x00(\xa2\x8a\x00(\xa2\x8a\x00(\xa2\x8a\x00(\xa2\x8a\x00(\xa2\x8a\x00(\xa2\x8a\x00(\xa2\x8a\x00(\xa2\x8a\x00(\xa2\x8a\x00'
2026-09-22 14:16:57,849 Thread-6180 (_process_events) root DEBUG bip.py                    2361  _update_srm_state         : _update_srm_state: sess=<autopts.ptsprojects.stack.layers.bip.OBEXSession object at 0x000002BEEC7A8890> srm=None srmp=None srm_allowed=True srm_flags=0x03
2026-09-22 14:16:57,849 Thread-6180 (_process_events) root DEBUG bip.py                    2378  _update_srm_state         : _update_srm_state: after update srm_flags=0x03
2026-09-22 14:16:57,849 Thread-6180 (_process_events) root DEBUG bip.py                    2469  _send_put_rsp_with_srm    : _send_put_rsp_with_srm: role=0 sess=<autopts.ptsprojects.stack.layers.bip.OBEXSession object at 0x000002BEEC7A8890> srm_allowed=True srm_flags=0x03 srmp_wait_count=0 final=0
2026-09-22 14:16:57,858 BTPWorkerThread-6170 (_rx_task) root DEBUG iutctl_common.py          123   read                      : Read 5 bytes
2026-09-22 14:16:57,858 BTPWorkerThread-6170 (_rx_task) root DEBUG iutctl_common.py          131   read                      : Received: hdr: Header(svc_id=0x21, op=0x90, ctrl_index=0x00, data_len=0x106) bytearray(b'!\x90\x00\x06\x01')
2026-09-22 14:16:57,859 BTPWorkerThread-6170 (_rx_task) root DEBUG iutctl_common.py          139   read                      : Read 52 bytes data
2026-09-22 14:16:57,869 BTPWorkerThread-6170 (_rx_task) root DEBUG iutctl_common.py          139   read                      : Read 127 bytes data
2026-09-22 14:16:57,880 BTPWorkerThread-6170 (_rx_task) root DEBUG iutctl_common.py          139   read                      : Read 83 bytes data
2026-09-22 14:16:57,881 BTPWorkerThread-6170 (_rx_task) root DEBUG iutctl_common.py          154   read                      : Received data: {'e0 4e e4 08 dc 1b 00 00 fc 00 48 00 fc 28 a2 8a 00 28 a2 8a 00 28 a2 8a 00 28 a2 8a 00 28 a2 8a 00 28 a2 8a 00 28 a2 8a 00 28 a2 8a 00 28 a2 8a 00 28 a2 8a 00 28 a2 8a 00 28 a2 8a 00 28 a2 8a 00 28 a2 8a 00 28 a2 8a 00 28 a2 8a 00 28 a2 8a 00 28 a2 8a 00 28 a2 8a 00 28 a2 8a 00 28 a2 8a 00 28 a2 8a 00 28 a2 8a 00 28 a2 8a 00 28 a2 8a 00 28 a2 8a 00 28 a2 8a 00 28 a2 8a 00 28 a2 8a 00 28 a2 8a 00 28 a2 8a 00 28 a2 8a 00 28 a2 8a 00 28 a2 8a 00 28 a2 8a 00 28 a2 8a 00 28 a2 8a 00 28 a2 8a 00 28 a2 8a 00 28 a2 8a 00 28 a2 8a 00 28 a2 8a 00 28 a2 8a 00 28 a2 8a 00 28 a2 8a 00 28 a2 8a 00 28 a2 8a 00 28 a2 8a 00 28 a2 8a 00 28 a2 8a 00 28 a2 8a 00 28 a2 8a 00 28 a2 8a 00 28 a2 8a 00 28 a2 8a 00 28 a2 8a 00 28 a2 8a 00 96 ca d1 b5 0b c8 6d e3 31 ac 93 38 8d 4c 92 2c 68 09 38 1b 99'}, bytearray(b'\xe0N\xe4\x08\xdc\x1b\x00\x00\xfc\x00H\x00\xfc(\xa2\x8a\x00(\xa2\x8a\x00(\xa2\x8a\x00(\xa2\x8a\x00(\xa2\x8a\x00(\xa2\x8a\x00(\xa2\x8a\x00(\xa2\x8a\x00(\xa2\x8a\x00(\xa2\x8a\x00(\xa2\x8a\x00(\xa2\x8a\x00(\xa2\x8a\x00(\xa2\x8a\x00(\xa2\x8a\x00(\xa2\x8a\x00(\xa2\x8a\x00(\xa2\x8a\x00(\xa2\x8a\x00(\xa2\x8a\x00(\xa2\x8a\x00(\xa2\x8a\x00(\xa2\x8a\x00(\xa2\x8a\x00(\xa2\x8a\x00(\xa2\x8a\x00(\xa2\x8a\x00(\xa2\x8a\x00(\xa2\x8a\x00(\xa2\x8a\x00(\xa2\x8a\x00(\xa2\x8a\x00(\xa2\x8a\x00(\xa2\x8a\x00(\xa2\x8a\x00(\xa2\x8a\x00(\xa2\x8a\x00(\xa2\x8a\x00(\xa2\x8a\x00(\xa2\x8a\x00(\xa2\x8a\x00(\xa2\x8a\x00(\xa2\x8a\x00(\xa2\x8a\x00(\xa2\x8a\x00(\xa2\x8a\x00(\xa2\x8a\x00(\xa2\x8a\x00(\xa2\x8a\x00(\xa2\x8a\x00(\xa2\x8a\x00(\xa2\x8a\x00(\xa2\x8a\x00(\xa2\x8a\x00(\xa2\x8a\x00(\xa2\x8a\x00(\xa2\x8a\x00\x96\xca\xd1\xb5\x0b\xc8m\xe31\xac\x938\x8dL\x92,h\t8\x1b\x99')
2026-09-22 14:16:57,881 BTPWorkerThread-6170 (_rx_task) root DEBUG btp.py                    704   event_handler             : Header(svc_id=33, op=144, ctrl_index=0, data_len=262) (b'\xe0N\xe4\x08\xdc\x1b\x00\x00\xfc\x00H\x00\xfc(\xa2\x8a\x00(\xa2\x8a\x00(\xa2\x8a\x00(\xa2\x8a\x00(\xa2\x8a\x00(\xa2\x8a\x00(\xa2\x8a\x00(\xa2\x8a\x00(\xa2\x8a\x00(\xa2\x8a\x00(\xa2\x8a\x00(\xa2\x8a\x00(\xa2\x8a\x00(\xa2\x8a\x00(\xa2\x8a\x00(\xa2\x8a\x00(\xa2\x8a\x00(\xa2\x8a\x00(\xa2\x8a\x00(\xa2\x8a\x00(\xa2\x8a\x00(\xa2\x8a\x00(\xa2\x8a\x00(\xa2\x8a\x00(\xa2\x8a\x00(\xa2\x8a\x00(\xa2\x8a\x00(\xa2\x8a\x00(\xa2\x8a\x00(\xa2\x8a\x00(\xa2\x8a\x00(\xa2\x8a\x00(\xa2\x8a\x00(\xa2\x8a\x00(\xa2\x8a\x00(\xa2\x8a\x00(\xa2\x8a\x00(\xa2\x8a\x00(\xa2\x8a\x00(\xa2\x8a\x00(\xa2\x8a\x00(\xa2\x8a\x00(\xa2\x8a\x00(\xa2\x8a\x00(\xa2\x8a\x00(\xa2\x8a\x00(\xa2\x8a\x00(\xa2\x8a\x00(\xa2\x8a\x00(\xa2\x8a\x00(\xa2\x8a\x00(\xa2\x8a\x00(\xa2\x8a\x00(\xa2\x8a\x00(\xa2\x8a\x00(\xa2\x8a\x00(\xa2\x8a\x00\x96\xca\xd1\xb5\x0b\xc8m\xe31\xac\x938\x8dL\x92,h\t8\x1b\x99',)
2026-09-22 14:16:57,881 BTPWorkerThread-6170 (_rx_task) root DEBUG bip.py                    3803  bip_ev_server_put_image_req : bip_ev_server_put_image_req <autopts.ptsprojects.stack.layers.bip.BIP object at 0x000002BEEC8A9DF0> b'\xe0N\xe4\x08\xdc\x1b\x00\x00\xfc\x00H\x00\xfc(\xa2\x8a\x00(\xa2\x8a\x00(\xa2\x8a\x00(\xa2\x8a\x00(\xa2\x8a\x00(\xa2\x8a\x00(\xa2\x8a\x00(\xa2\x8a\x00(\xa2\x8a\x00(\xa2\x8a\x00(\xa2\x8a\x00(\xa2\x8a\x00(\xa2\x8a\x00(\xa2\x8a\x00(\xa2\x8a\x00(\xa2\x8a\x00(\xa2\x8a\x00(\xa2\x8a\x00(\xa2\x8a\x00(\xa2\x8a\x00(\xa2\x8a\x00(\xa2\x8a\x00(\xa2\x8a\x00(\xa2\x8a\x00(\xa2\x8a\x00(\xa2\x8a\x00(\xa2\x8a\x00(\xa2\x8a\x00(\xa2\x8a\x00(\xa2\x8a\x00(\xa2\x8a\x00(\xa2\x8a\x00(\xa2\x8a\x00(\xa2\x8a\x00(\xa2\x8a\x00(\xa2\x8a\x00(\xa2\x8a\x00(\xa2\x8a\x00(\xa2\x8a\x00(\xa2\x8a\x00(\xa2\x8a\x00(\xa2\x8a\x00(\xa2\x8a\x00(\xa2\x8a\x00(\xa2\x8a\x00(\xa2\x8a\x00(\xa2\x8a\x00(\xa2\x8a\x00(\xa2\x8a\x00(\xa2\x8a\x00(\xa2\x8a\x00(\xa2\x8a\x00(\xa2\x8a\x00(\xa2\x8a\x00(\xa2\x8a\x00(\xa2\x8a\x00(\xa2\x8a\x00\x96\xca\xd1\xb5\x0b\xc8m\xe31\xac\x938\x8dL\x92,h\t8\x1b\x99' 262
2026-09-22 14:16:57,882 Thread-6180 (_process_events) root DEBUG bip.py                    2834  _bip_ev_server_put_image_req : _bip_ev_server_put_image_req b'\xe0N\xe4\x08\xdc\x1b\x00\x00\xfc\x00H\x00\xfc(\xa2\x8a\x00(\xa2\x8a\x00(\xa2\x8a\x00(\xa2\x8a\x00(\xa2\x8a\x00(\xa2\x8a\x00(\xa2\x8a\x00(\xa2\x8a\x00(\xa2\x8a\x00(\xa2\x8a\x00(\xa2\x8a\x00(\xa2\x8a\x00(\xa2\x8a\x00(\xa2\x8a\x00(\xa2\x8a\x00(\xa2\x8a\x00(\xa2\x8a\x00(\xa2\x8a\x00(\xa2\x8a\x00(\xa2\x8a\x00(\xa2\x8a\x00(\xa2\x8a\x00(\xa2\x8a\x00(\xa2\x8a\x00(\xa2\x8a\x00(\xa2\x8a\x00(\xa2\x8a\x00(\xa2\x8a\x00(\xa2\x8a\x00(\xa2\x8a\x00(\xa2\x8a\x00(\xa2\x8a\x00(\xa2\x8a\x00(\xa2\x8a\x00(\xa2\x8a\x00(\xa2\x8a\x00(\xa2\x8a\x00(\xa2\x8a\x00(\xa2\x8a\x00(\xa2\x8a\x00(\xa2\x8a\x00(\xa2\x8a\x00(\xa2\x8a\x00(\xa2\x8a\x00(\xa2\x8a\x00(\xa2\x8a\x00(\xa2\x8a\x00(\xa2\x8a\x00(\xa2\x8a\x00(\xa2\x8a\x00(\xa2\x8a\x00(\xa2\x8a\x00(\xa2\x8a\x00(\xa2\x8a\x00(\xa2\x8a\x00(\xa2\x8a\x00(\xa2\x8a\x00\x96\xca\xd1\xb5\x0b\xc8m\xe31\xac\x938\x8dL\x92,h\t8\x1b\x99'
2026-09-22 14:16:57,882 Thread-6180 (_process_events) root DEBUG bip.py                    2361  _update_srm_state         : _update_srm_state: sess=<autopts.ptsprojects.stack.layers.bip.OBEXSession object at 0x000002BEEC7A8890> srm=None srmp=None srm_allowed=True srm_flags=0x03
2026-09-22 14:16:57,882 Thread-6180 (_process_events) root DEBUG bip.py                    2378  _update_srm_state         : _update_srm_state: after update srm_flags=0x03
2026-09-22 14:16:57,882 Thread-6180 (_process_events) root DEBUG bip.py                    2469  _send_put_rsp_with_srm    : _send_put_rsp_with_srm: role=0 sess=<autopts.ptsprojects.stack.layers.bip.OBEXSession object at 0x000002BEEC7A8890> srm_allowed=True srm_flags=0x03 srmp_wait_count=0 final=0
2026-09-22 14:16:57,902 BTPWorkerThread-6170 (_rx_task) root DEBUG iutctl_common.py          123   read                      : Read 5 bytes
2026-09-22 14:16:57,902 BTPWorkerThread-6170 (_rx_task) root DEBUG iutctl_common.py          131   read                      : Received: hdr: Header(svc_id=0x21, op=0x90, ctrl_index=0x00, data_len=0x106) bytearray(b'!\x90\x00\x06\x01')
2026-09-22 14:16:57,903 BTPWorkerThread-6170 (_rx_task) root DEBUG iutctl_common.py          139   read                      : Read 78 bytes data
2026-09-22 14:16:57,913 BTPWorkerThread-6170 (_rx_task) root DEBUG iutctl_common.py          139   read                      : Read 128 bytes data
2026-09-22 14:16:57,924 BTPWorkerThread-6170 (_rx_task) root DEBUG iutctl_common.py          139   read                      : Read 56 bytes data
2026-09-22 14:16:57,925 BTPWorkerThread-6170 (_rx_task) root DEBUG iutctl_common.py          154   read                      : Received data: {'e0 4e e4 08 dc 1b 00 00 fc 00 48 00 fc 88 55 1e a5 88 03 a9 20 53 f5 6d 32 4d 17 54 b8 b3 99 ad de 6b 59 1a 27 68 27 4b 88 98 a9 c1 2b 24 65 91 d7 d1 94 90 47 20 91 5a 7f 0d 3f e4 a3 f8 7f fe c2 56 ff 00 fa 35 6b ea dd 43 50 f1 46 9b a0 78 e2 4f 08 f8 b3 49 f0 8e a9 ff 00 0b 4f 54 12 5c dd 6a d0 e9 32 4b 0f c8 59 56 e2 52 ab b0 10 ac f1 07 05 c0 1f 23 ed c0 ef c3 e0 d5 48 29 b7 6d ef a5 f6 95 38 f7 5f f3 f2 ef c9 1e de 53 94 ac 6c 2a 4a ed 38 db 65 76 fd ca 92 b2 57 57 7e e2 4b 5e bd 4f 8d e8 af b2 bc 3f f1 7b c2 ad 2f 8c 26 f0 1d e5 c6 95 a8 5d 78 c2 7b f9 1b 4c f1 a5 8f 83 64 bb b2 f2 d4 41 89 2e e1 29 34 1e 67 9e 7c 85 2b b7 7a 96 42 08 2b b7 f0 3f c5 ff 00 d9 16 32 78 93 41 6b af 07 dc de 78 d7 51 bb 5d 0b 48 d7 34 db 5b 3d 77 6c 50 2c 36 4d 77 35 d5 ba 5c 44 b2 b3 e0 db'}, bytearray(b"\xe0N\xe4\x08\xdc\x1b\x00\x00\xfc\x00H\x00\xfc\x88U\x1e\xa5\x88\x03\xa9 S\xf5m2M\x17T\xb8\xb3\x99\xad\xdekY\x1a\'h\'K\x88\x98\xa9\xc1+$e\x91\xd7\xd1\x94\x90G \x91Z\x7f\r?\xe4\xa3\xf8\x7f\xfe\xc2V\xff\x00\xfa5k\xea\xddCP\xf1F\x9b\xa0x\xe2O\x08\xf8\xb3I\xf0\x8e\xa9\xff\x00\x0bOT\x12\\\xddj\xd0\xe92K\x0f\xc8YV\xe2R\xab\xb0\x10\xac\xf1\x07\x05\xc0\x1f#\xed\xc0\xef\xc3\xe0\xd5H)\xb7m\xef\xa5\xf6\x958\xf7_\xf3\xf2\xef\xc9\x1e\xdeS\x94\xacl*J\xed8\xdbev\xfd\xca\x92\xb2WW~\xe2K^\xbdO\x8d\xe8\xaf\xb2\xbc?\xf1{\xc2\xad/\x8c&\xf0\x1d\xe5\xc6\x95\xa8]x\xc2{\xf9\x1bL\xf1\xa5\x8f\x83d\xbb\xb2\xf2\xd4A\x89.\xe1)4\x1eg\x9e|\x85+\xb7z\x96B\x08+\xb7\xf0?\xc5\xff\x00\xd9\x162x\x93Ak\xaf\x07\xdc\xdex\xd7Q\xbb]\x0bH\xd74\xdb[=wlP,6Mw5\xd5\xba\\D\xb2\xb3\xe0\xdb")
2026-09-22 14:16:57,925 BTPWorkerThread-6170 (_rx_task) root DEBUG btp.py                    704   event_handler             : Header(svc_id=33, op=144, ctrl_index=0, data_len=262) (b"\xe0N\xe4\x08\xdc\x1b\x00\x00\xfc\x00H\x00\xfc\x88U\x1e\xa5\x88\x03\xa9 S\xf5m2M\x17T\xb8\xb3\x99\xad\xdekY\x1a'h'K\x88\x98\xa9\xc1+$e\x91\xd7\xd1\x94\x90G \x91Z\x7f\r?\xe4\xa3\xf8\x7f\xfe\xc2V\xff\x00\xfa5k\xea\xddCP\xf1F\x9b\xa0x\xe2O\x08\xf8\xb3I\xf0\x8e\xa9\xff\x00\x0bOT\x12\\\xddj\xd0\xe92K\x0f\xc8YV\xe2R\xab\xb0\x10\xac\xf1\x07\x05\xc0\x1f#\xed\xc0\xef\xc3\xe0\xd5H)\xb7m\xef\xa5\xf6\x958\xf7_\xf3\xf2\xef\xc9\x1e\xdeS\x94\xacl*J\xed8\xdbev\xfd\xca\x92\xb2WW~\xe2K^\xbdO\x8d\xe8\xaf\xb2\xbc?\xf1{\xc2\xad/\x8c&\xf0\x1d\xe5\xc6\x95\xa8]x\xc2{\xf9\x1bL\xf1\xa5\x8f\x83d\xbb\xb2\xf2\xd4A\x89.\xe1)4\x1eg\x9e|\x85+\xb7z\x96B\x08+\xb7\xf0?\xc5\xff\x00\xd9\x162x\x93Ak\xaf\x07\xdc\xdex\xd7Q\xbb]\x0bH\xd74\xdb[=wlP,6Mw5\xd5\xba\\D\xb2\xb3\xe0\xdb",)
2026-09-22 14:16:57,925 BTPWorkerThread-6170 (_rx_task) root DEBUG bip.py                    3803  bip_ev_server_put_image_req : bip_ev_server_put_image_req <autopts.ptsprojects.stack.layers.bip.BIP object at 0x000002BEEC8A9DF0> b"\xe0N\xe4\x08\xdc\x1b\x00\x00\xfc\x00H\x00\xfc\x88U\x1e\xa5\x88\x03\xa9 S\xf5m2M\x17T\xb8\xb3\x99\xad\xdekY\x1a'h'K\x88\x98\xa9\xc1+$e\x91\xd7\xd1\x94\x90G \x91Z\x7f\r?\xe4\xa3\xf8\x7f\xfe\xc2V\xff\x00\xfa5k\xea\xddCP\xf1F\x9b\xa0x\xe2O\x08\xf8\xb3I\xf0\x8e\xa9\xff\x00\x0bOT\x12\\\xddj\xd0\xe92K\x0f\xc8YV\xe2R\xab\xb0\x10\xac\xf1\x07\x05\xc0\x1f#\xed\xc0\xef\xc3\xe0\xd5H)\xb7m\xef\xa5\xf6\x958\xf7_\xf3\xf2\xef\xc9\x1e\xdeS\x94\xacl*J\xed8\xdbev\xfd\xca\x92\xb2WW~\xe2K^\xbdO\x8d\xe8\xaf\xb2\xbc?\xf1{\xc2\xad/\x8c&\xf0\x1d\xe5\xc6\x95\xa8]x\xc2{\xf9\x1bL\xf1\xa5\x8f\x83d\xbb\xb2\xf2\xd4A\x89.\xe1)4\x1eg\x9e|\x85+\xb7z\x96B\x08+\xb7\xf0?\xc5\xff\x00\xd9\x162x\x93Ak\xaf\x07\xdc\xdex\xd7Q\xbb]\x0bH\xd74\xdb[=wlP,6Mw5\xd5\xba\\D\xb2\xb3\xe0\xdb" 262
2026-09-22 14:16:57,926 Thread-6180 (_process_events) root DEBUG bip.py                    2834  _bip_ev_server_put_image_req : _bip_ev_server_put_image_req b"\xe0N\xe4\x08\xdc\x1b\x00\x00\xfc\x00H\x00\xfc\x88U\x1e\xa5\x88\x03\xa9 S\xf5m2M\x17T\xb8\xb3\x99\xad\xdekY\x1a'h'K\x88\x98\xa9\xc1+$e\x91\xd7\xd1\x94\x90G \x91Z\x7f\r?\xe4\xa3\xf8\x7f\xfe\xc2V\xff\x00\xfa5k\xea\xddCP\xf1F\x9b\xa0x\xe2O\x08\xf8\xb3I\xf0\x8e\xa9\xff\x00\x0bOT\x12\\\xddj\xd0\xe92K\x0f\xc8YV\xe2R\xab\xb0\x10\xac\xf1\x07\x05\xc0\x1f#\xed\xc0\xef\xc3\xe0\xd5H)\xb7m\xef\xa5\xf6\x958\xf7_\xf3\xf2\xef\xc9\x1e\xdeS\x94\xacl*J\xed8\xdbev\xfd\xca\x92\xb2WW~\xe2K^\xbdO\x8d\xe8\xaf\xb2\xbc?\xf1{\xc2\xad/\x8c&\xf0\x1d\xe5\xc6\x95\xa8]x\xc2{\xf9\x1bL\xf1\xa5\x8f\x83d\xbb\xb2\xf2\xd4A\x89.\xe1)4\x1eg\x9e|\x85+\xb7z\x96B\x08+\xb7\xf0?\xc5\xff\x00\xd9\x162x\x93Ak\xaf\x07\xdc\xdex\xd7Q\xbb]\x0bH\xd74\xdb[=wlP,6Mw5\xd5\xba\\D\xb2\xb3\xe0\xdb"
2026-09-22 14:16:57,926 BTPWorkerThread-6170 (_rx_task) root DEBUG iutctl_common.py          123   read                      : Read 5 bytes
2026-09-22 14:16:57,926 Thread-6180 (_process_events) root DEBUG bip.py                    2361  _update_srm_state         : _update_srm_state: sess=<autopts.ptsprojects.stack.layers.bip.OBEXSession object at 0x000002BEEC7A8890> srm=None srmp=None srm_allowed=True srm_flags=0x03
2026-09-22 14:16:57,927 BTPWorkerThread-6170 (_rx_task) root DEBUG iutctl_common.py          131   read                      : Received: hdr: Header(svc_id=0x21, op=0x90, ctrl_index=0x00, data_len=0x106) bytearray(b'!\x90\x00\x06\x01')
2026-09-22 14:16:57,927 Thread-6180 (_process_events) root DEBUG bip.py                    2378  _update_srm_state         : _update_srm_state: after update srm_flags=0x03
2026-09-22 14:16:57,927 BTPWorkerThread-6170 (_rx_task) root DEBUG iutctl_common.py          139   read                      : Read 59 bytes data
2026-09-22 14:16:57,927 Thread-6180 (_process_events) root DEBUG bip.py                    2469  _send_put_rsp_with_srm    : _send_put_rsp_with_srm: role=0 sess=<autopts.ptsprojects.stack.layers.bip.OBEXSession object at 0x000002BEEC7A8890> srm_allowed=True srm_flags=0x03 srmp_wait_count=0 final=0
2026-09-22 14:16:57,935 BTPWorkerThread-6170 (_rx_task) root DEBUG iutctl_common.py          139   read                      : Read 124 bytes data
2026-09-22 14:16:57,946 BTPWorkerThread-6170 (_rx_task) root DEBUG iutctl_common.py          139   read                      : Read 79 bytes data
2026-09-22 14:16:57,947 BTPWorkerThread-6170 (_rx_task) root DEBUG iutctl_common.py          154   read                      : Received data: {'e0 4e e4 08 dc 1b 00 00 fc 00 48 00 fc 47 3a a8 91 b0 aa 59 73 a5 3c bd 4d 2b 4a fe ea 93 b2 6f 7e 4d b6 e6 b7 33 bd b5 bc 6d 6b b3 db a5 c2 54 6a 54 54 e3 88 e6 bb 92 6e 30 6d 59 39 2b a7 75 16 f4 4d c6 f7 4a 57 57 b6 bf 0d 57 55 37 c1 7f 10 5a 78 12 3f 11 dc c5 a5 d8 e9 b7 11 79 f0 2d de ad 69 6d 79 75 16 ed 9e 64 56 b2 4a 27 95 0b 02 03 24 6c 0e d6 c1 f9 4e 24 f8 95 f0 eb 5c f0 ce 97 a5 eb fa fd c2 9b df 14 cf 79 2b 5b cf 2c 8d 7e 8f 0c c6 39 24 9c 38 cf cf 26 f0 1b 73 6e 28 f9 e4 1a fa 3b 5d f1 b7 82 7c 5f e1 05 be f1 44 de 0d b8 f0 3f fc 21 fa 5d 95 ac 36 11 e9 e7 c5 16 da 8c 3f 67 8a 48 e3 c6 2f 01 1e 54 c7 32 91 01 46 1c 9c 8c e5 87 c2 c6 a5 39 4a 6e cd 5a da e9 ac 65 2b bf b9 25 de 52 4b 4b 9e 5e 5d 93 d3 ab 5a ad 1c 4b 71 71 8a 6b 65 bd ad 29 5e f6 8a 4d 39 6e d2 77'}, bytearray(b"\xe0N\xe4\x08\xdc\x1b\x00\x00\xfc\x00H\x00\xfcG:\xa8\x91\xb0\xaaYs\xa5<\xbdM+J\xfe\xea\x93\xb2o~M\xb6\xe6\xb73\xbd\xb5\xbcmk\xb3\xdb\xa5\xc2TjTT\xe3\x88\xe6\xbb\x92n0mY9+\xa7u\x16\xf4M\xc6\xf7JWW\xb6\xbf\rWU7\xc1\x7f\x10Zx\x12?\x11\xdc\xc5\xa5\xd8\xe9\xb7\x11y\xf0-\xde\xadimyu\x16\xed\x9edV\xb2J\'\x95\x0b\x02\x03$l\x0e\xd6\xc1\xf9N$\xf8\x95\xf0\xeb\\\xf0\xce\x97\xa5\xeb\xfa\xfd\xc2\x9b\xdf\x14\xcfy+[\xcf,\x8d~\x8f\x0c\xc69$\x9c8\xcf\xcf&\xf0\x1bsn(\xf9\xe4\x1a\xfa;]\xf1\xb7\x82|_\xe1\x05\xbe\xf1D\xde\r\xb8\xf0?\xfc!\xfa]\x95\xac6\x11\xe9\xe7\xc5\x16\xda\x8c?g\x8aH\xe3\xc6/\x01\x1eT\xc72\x91\x01F\x1c\x9c\x8c\xe5\x87\xc2\xc6\xa59Jn\xcdZ\xda\xe9\xace+\xbf\xb9%\xdeRKK\x9e^]\x93\xd3\xabZ\xad\x1cKqq\x8ake\xbd\xad)^\xf6\x8aM9n\xd2w")
2026-09-22 14:16:57,947 BTPWorkerThread-6170 (_rx_task) root DEBUG btp.py                    704   event_handler             : Header(svc_id=33, op=144, ctrl_index=0, data_len=262) (b"\xe0N\xe4\x08\xdc\x1b\x00\x00\xfc\x00H\x00\xfcG:\xa8\x91\xb0\xaaYs\xa5<\xbdM+J\xfe\xea\x93\xb2o~M\xb6\xe6\xb73\xbd\xb5\xbcmk\xb3\xdb\xa5\xc2TjTT\xe3\x88\xe6\xbb\x92n0mY9+\xa7u\x16\xf4M\xc6\xf7JWW\xb6\xbf\rWU7\xc1\x7f\x10Zx\x12?\x11\xdc\xc5\xa5\xd8\xe9\xb7\x11y\xf0-\xde\xadimyu\x16\xed\x9edV\xb2J'\x95\x0b\x02\x03$l\x0e\xd6\xc1\xf9N$\xf8\x95\xf0\xeb\\\xf0\xce\x97\xa5\xeb\xfa\xfd\xc2\x9b\xdf\x14\xcfy+[\xcf,\x8d~\x8f\x0c\xc69$\x9c8\xcf\xcf&\xf0\x1bsn(\xf9\xe4\x1a\xfa;]\xf1\xb7\x82|_\xe1\x05\xbe\xf1D\xde\r\xb8\xf0?\xfc!\xfa]\x95\xac6\x11\xe9\xe7\xc5\x16\xda\x8c?g\x8aH\xe3\xc6/\x01\x1eT\xc72\x91\x01F\x1c\x9c\x8c\xe5\x87\xc2\xc6\xa59Jn\xcdZ\xda\xe9\xace+\xbf\xb9%\xdeRKK\x9e^]\x93\xd3\xabZ\xad\x1cKqq\x8ake\xbd\xad)^\xf6\x8aM9n\xd2w",)
2026-09-22 14:16:57,947 BTPWorkerThread-6170 (_rx_task) root DEBUG bip.py                    3803  bip_ev_server_put_image_req : bip_ev_server_put_image_req <autopts.ptsprojects.stack.layers.bip.BIP object at 0x000002BEEC8A9DF0> b"\xe0N\xe4\x08\xdc\x1b\x00\x00\xfc\x00H\x00\xfcG:\xa8\x91\xb0\xaaYs\xa5<\xbdM+J\xfe\xea\x93\xb2o~M\xb6\xe6\xb73\xbd\xb5\xbcmk\xb3\xdb\xa5\xc2TjTT\xe3\x88\xe6\xbb\x92n0mY9+\xa7u\x16\xf4M\xc6\xf7JWW\xb6\xbf\rWU7\xc1\x7f\x10Zx\x12?\x11\xdc\xc5\xa5\xd8\xe9\xb7\x11y\xf0-\xde\xadimyu\x16\xed\x9edV\xb2J'\x95\x0b\x02\x03$l\x0e\xd6\xc1\xf9N$\xf8\x95\xf0\xeb\\\xf0\xce\x97\xa5\xeb\xfa\xfd\xc2\x9b\xdf\x14\xcfy+[\xcf,\x8d~\x8f\x0c\xc69$\x9c8\xcf\xcf&\xf0\x1bsn(\xf9\xe4\x1a\xfa;]\xf1\xb7\x82|_\xe1\x05\xbe\xf1D\xde\r\xb8\xf0?\xfc!\xfa]\x95\xac6\x11\xe9\xe7\xc5\x16\xda\x8c?g\x8aH\xe3\xc6/\x01\x1eT\xc72\x91\x01F\x1c\x9c\x8c\xe5\x87\xc2\xc6\xa59Jn\xcdZ\xda\xe9\xace+\xbf\xb9%\xdeRKK\x9e^]\x93\xd3\xabZ\xad\x1cKqq\x8ake\xbd\xad)^\xf6\x8aM9n\xd2w" 262
2026-09-22 14:16:57,948 Thread-6180 (_process_events) root DEBUG bip.py                    2834  _bip_ev_server_put_image_req : _bip_ev_server_put_image_req b"\xe0N\xe4\x08\xdc\x1b\x00\x00\xfc\x00H\x00\xfcG:\xa8\x91\xb0\xaaYs\xa5<\xbdM+J\xfe\xea\x93\xb2o~M\xb6\xe6\xb73\xbd\xb5\xbcmk\xb3\xdb\xa5\xc2TjTT\xe3\x88\xe6\xbb\x92n0mY9+\xa7u\x16\xf4M\xc6\xf7JWW\xb6\xbf\rWU7\xc1\x7f\x10Zx\x12?\x11\xdc\xc5\xa5\xd8\xe9\xb7\x11y\xf0-\xde\xadimyu\x16\xed\x9edV\xb2J'\x95\x0b\x02\x03$l\x0e\xd6\xc1\xf9N$\xf8\x95\xf0\xeb\\\xf0\xce\x97\xa5\xeb\xfa\xfd\xc2\x9b\xdf\x14\xcfy+[\xcf,\x8d~\x8f\x0c\xc69$\x9c8\xcf\xcf&\xf0\x1bsn(\xf9\xe4\x1a\xfa;]\xf1\xb7\x82|_\xe1\x05\xbe\xf1D\xde\r\xb8\xf0?\xfc!\xfa]\x95\xac6\x11\xe9\xe7\xc5\x16\xda\x8c?g\x8aH\xe3\xc6/\x01\x1eT\xc72\x91\x01F\x1c\x9c\x8c\xe5\x87\xc2\xc6\xa59Jn\xcdZ\xda\xe9\xace+\xbf\xb9%\xdeRKK\x9e^]\x93\xd3\xabZ\xad\x1cKqq\x8ake\xbd\xad)^\xf6\x8aM9n\xd2w"
2026-09-22 14:16:57,948 Thread-6180 (_process_events) root DEBUG bip.py                    2361  _update_srm_state         : _update_srm_state: sess=<autopts.ptsprojects.stack.layers.bip.OBEXSession object at 0x000002BEEC7A8890> srm=None srmp=None srm_allowed=True srm_flags=0x03
2026-09-22 14:16:57,948 Thread-6180 (_process_events) root DEBUG bip.py                    2378  _update_srm_state         : _update_srm_state: after update srm_flags=0x03
2026-09-22 14:16:57,948 Thread-6180 (_process_events) root DEBUG bip.py                    2469  _send_put_rsp_with_srm    : _send_put_rsp_with_srm: role=0 sess=<autopts.ptsprojects.stack.layers.bip.OBEXSession object at 0x000002BEEC7A8890> srm_allowed=True srm_flags=0x03 srmp_wait_count=0 final=0
2026-09-22 14:16:57,957 BTPWorkerThread-6170 (_rx_task) root DEBUG iutctl_common.py          123   read                      : Read 5 bytes
2026-09-22 14:16:57,957 BTPWorkerThread-6170 (_rx_task) root DEBUG iutctl_common.py          131   read                      : Received: hdr: Header(svc_id=0x21, op=0x90, ctrl_index=0x00, data_len=0x106) bytearray(b'!\x90\x00\x06\x01')
2026-09-22 14:16:57,958 BTPWorkerThread-6170 (_rx_task) root DEBUG iutctl_common.py          139   read                      : Read 113 bytes data
2026-09-22 14:16:57,968 BTPWorkerThread-6170 (_rx_task) root DEBUG iutctl_common.py          139   read                      : Read 128 bytes data
2026-09-22 14:16:57,979 BTPWorkerThread-6170 (_rx_task) root DEBUG iutctl_common.py          139   read                      : Read 21 bytes data
2026-09-22 14:16:57,980 BTPWorkerThread-6170 (_rx_task) root DEBUG iutctl_common.py          154   read                      : Received data: {'e0 4e e4 08 dc 1b 00 00 fc 00 48 00 fc e8 7c e6 df 00 fc 60 be 08 d0 7c 44 34 3b 97 d2 7c 51 7b fd 9f a5 48 8e 8f 2d f4 f9 20 22 44 18 c9 c9 56 00 95 c1 20 80 4d 37 e2 67 c0 cf 13 7c 21 82 de 6d 72 c6 d6 3b 7b a9 a5 b6 49 ec f5 1b 6b f8 04 d1 63 cc 85 a4 b7 91 d5 25 4d c3 31 b1 0c 32 09 1c d7 d4 9e 1e fd a1 3e 1b 26 97 e1 7d 75 bc 53 ab 2c 3a 57 8f ad ee ad f4 db 8d 1a 0b 66 d3 2c d2 d5 21 45 11 25 e4 ce b0 43 18 c8 90 06 67 75 20 a8 66 2f 5c 77 c3 fb c8 fe 10 d8 f8 6b 43 9b c5 de 0d 87 50 ff 00 84 b6 ef 5d bb b9 8f 55 b6 d4 ac a3 d2 d6 d4 45 28 94 c2 e5 5c dc 2f 98 a2 df 7f 98 f8 00 aa 96 52 7a 6a 60 68 dd a8 ca da c6 cd b4 f7 54 9b bd bb 73 cd bb 37 a4 1d af 66 cf 5a 7c 39 81 50 8f 25 47 26 d2 bb 52 83 49 dd a4 ed d5 4d ab 42 2e 51 69 bf 79 bb 9f 36 78 67 c3 57 de 32 f1 15'}, bytearray(b'\xe0N\xe4\x08\xdc\x1b\x00\x00\xfc\x00H\x00\xfc\xe8|\xe6\xdf\x00\xfc`\xbe\x08\xd0|D4;\x97\xd2|Q{\xfd\x9f\xa5H\x8e\x8f-\xf4\xf9 "D\x18\xc9\xc9V\x00\x95\xc1 \x80M7\xe2g\xc0\xcf\x13|!\x82\xdemr\xc6\xd6;{\xa9\xa5\xb6I\xec\xf5\x1bk\xf8\x04\xd1c\xcc\x85\xa4\xb7\x91\xd5%M\xc31\xb1\x0c2\t\x1c\xd7\xd4\x9e\x1e\xfd\xa1>\x1b&\x97\xe1}u\xbcS\xab,:W\x8f\xad\xee\xad\xf4\xdb\x8d\x1a\x0bf\xd3,\xd2\xd5!E\x11%\xe4\xce\xb0C\x18\xc8\x90\x06gu \xa8f/\\w\xc3\xfb\xc8\xfe\x10\xd8\xf8kC\x9b\xc5\xde\r\x87P\xff\x00\x84\xb6\xef]\xbb\xb9\x8fU\xb6\xd4\xac\xa3\xd2\xd6\xd4E(\x94\xc2\xe5\\\xdc/\x98\xa2\xdf\x7f\x98\xf8\x00\xaa\x96Rzj`h\xdd\xa8\xca\xda\xc6\xcd\xb4\xf7T\x9b\xbd\xbbs\xcd\xbb7\xa4\x1d\xaff\xcfZ|9\x81P\x8f%G&\xd2\xbbR\x83I\xdd\xa4\xed\xd5M\xabB.Qi\xbfy\xbb\x9f6xg\xc3W\xde2\xf1\x15')
2026-09-22 14:16:57,980 BTPWorkerThread-6170 (_rx_task) root DEBUG btp.py                    704   event_handler             : Header(svc_id=33, op=144, ctrl_index=0, data_len=262) (b'\xe0N\xe4\x08\xdc\x1b\x00\x00\xfc\x00H\x00\xfc\xe8|\xe6\xdf\x00\xfc`\xbe\x08\xd0|D4;\x97\xd2|Q{\xfd\x9f\xa5H\x8e\x8f-\xf4\xf9 "D\x18\xc9\xc9V\x00\x95\xc1 \x80M7\xe2g\xc0\xcf\x13|!\x82\xdemr\xc6\xd6;{\xa9\xa5\xb6I\xec\xf5\x1bk\xf8\x04\xd1c\xcc\x85\xa4\xb7\x91\xd5%M\xc31\xb1\x0c2\t\x1c\xd7\xd4\x9e\x1e\xfd\xa1>\x1b&\x97\xe1}u\xbcS\xab,:W\x8f\xad\xee\xad\xf4\xdb\x8d\x1a\x0bf\xd3,\xd2\xd5!E\x11%\xe4\xce\xb0C\x18\xc8\x90\x06gu \xa8f/\\w\xc3\xfb\xc8\xfe\x10\xd8\xf8kC\x9b\xc5\xde\r\x87P\xff\x00\x84\xb6\xef]\xbb\xb9\x8fU\xb6\xd4\xac\xa3\xd2\xd6\xd4E(\x94\xc2\xe5\\\xdc/\x98\xa2\xdf\x7f\x98\xf8\x00\xaa\x96Rzj`h\xdd\xa8\xca\xda\xc6\xcd\xb4\xf7T\x9b\xbd\xbbs\xcd\xbb7\xa4\x1d\xaff\xcfZ|9\x81P\x8f%G&\xd2\xbbR\x83I\xdd\xa4\xed\xd5M\xabB.Qi\xbfy\xbb\x9f6xg\xc3W\xde2\xf1\x15',)
2026-09-22 14:16:57,980 BTPWorkerThread-6170 (_rx_task) root DEBUG bip.py                    3803  bip_ev_server_put_image_req : bip_ev_server_put_image_req <autopts.ptsprojects.stack.layers.bip.BIP object at 0x000002BEEC8A9DF0> b'\xe0N\xe4\x08\xdc\x1b\x00\x00\xfc\x00H\x00\xfc\xe8|\xe6\xdf\x00\xfc`\xbe\x08\xd0|D4;\x97\xd2|Q{\xfd\x9f\xa5H\x8e\x8f-\xf4\xf9 "D\x18\xc9\xc9V\x00\x95\xc1 \x80M7\xe2g\xc0\xcf\x13|!\x82\xdemr\xc6\xd6;{\xa9\xa5\xb6I\xec\xf5\x1bk\xf8\x04\xd1c\xcc\x85\xa4\xb7\x91\xd5%M\xc31\xb1\x0c2\t\x1c\xd7\xd4\x9e\x1e\xfd\xa1>\x1b&\x97\xe1}u\xbcS\xab,:W\x8f\xad\xee\xad\xf4\xdb\x8d\x1a\x0bf\xd3,\xd2\xd5!E\x11%\xe4\xce\xb0C\x18\xc8\x90\x06gu \xa8f/\\w\xc3\xfb\xc8\xfe\x10\xd8\xf8kC\x9b\xc5\xde\r\x87P\xff\x00\x84\xb6\xef]\xbb\xb9\x8fU\xb6\xd4\xac\xa3\xd2\xd6\xd4E(\x94\xc2\xe5\\\xdc/\x98\xa2\xdf\x7f\x98\xf8\x00\xaa\x96Rzj`h\xdd\xa8\xca\xda\xc6\xcd\xb4\xf7T\x9b\xbd\xbbs\xcd\xbb7\xa4\x1d\xaff\xcfZ|9\x81P\x8f%G&\xd2\xbbR\x83I\xdd\xa4\xed\xd5M\xabB.Qi\xbfy\xbb\x9f6xg\xc3W\xde2\xf1\x15' 262
2026-09-22 14:16:57,981 Thread-6180 (_process_events) root DEBUG bip.py                    2834  _bip_ev_server_put_image_req : _bip_ev_server_put_image_req b'\xe0N\xe4\x08\xdc\x1b\x00\x00\xfc\x00H\x00\xfc\xe8|\xe6\xdf\x00\xfc`\xbe\x08\xd0|D4;\x97\xd2|Q{\xfd\x9f\xa5H\x8e\x8f-\xf4\xf9 "D\x18\xc9\xc9V\x00\x95\xc1 \x80M7\xe2g\xc0\xcf\x13|!\x82\xdemr\xc6\xd6;{\xa9\xa5\xb6I\xec\xf5\x1bk\xf8\x04\xd1c\xcc\x85\xa4\xb7\x91\xd5%M\xc31\xb1\x0c2\t\x1c\xd7\xd4\x9e\x1e\xfd\xa1>\x1b&\x97\xe1}u\xbcS\xab,:W\x8f\xad\xee\xad\xf4\xdb\x8d\x1a\x0bf\xd3,\xd2\xd5!E\x11%\xe4\xce\xb0C\x18\xc8\x90\x06gu \xa8f/\\w\xc3\xfb\xc8\xfe\x10\xd8\xf8kC\x9b\xc5\xde\r\x87P\xff\x00\x84\xb6\xef]\xbb\xb9\x8fU\xb6\xd4\xac\xa3\xd2\xd6\xd4E(\x94\xc2\xe5\\\xdc/\x98\xa2\xdf\x7f\x98\xf8\x00\xaa\x96Rzj`h\xdd\xa8\xca\xda\xc6\xcd\xb4\xf7T\x9b\xbd\xbbs\xcd\xbb7\xa4\x1d\xaff\xcfZ|9\x81P\x8f%G&\xd2\xbbR\x83I\xdd\xa4\xed\xd5M\xabB.Qi\xbfy\xbb\x9f6xg\xc3W\xde2\xf1\x15'
2026-09-22 14:16:57,981 Thread-6180 (_process_events) root DEBUG bip.py                    2361  _update_srm_state         : _update_srm_state: sess=<autopts.ptsprojects.stack.layers.bip.OBEXSession object at 0x000002BEEC7A8890> srm=None srmp=None srm_allowed=True srm_flags=0x03
2026-09-22 14:16:57,981 Thread-6180 (_process_events) root DEBUG bip.py                    2378  _update_srm_state         : _update_srm_state: after update srm_flags=0x03
2026-09-22 14:16:57,981 Thread-6180 (_process_events) root DEBUG bip.py                    2469  _send_put_rsp_with_srm    : _send_put_rsp_with_srm: role=0 sess=<autopts.ptsprojects.stack.layers.bip.OBEXSession object at 0x000002BEEC7A8890> srm_allowed=True srm_flags=0x03 srmp_wait_count=0 final=0
2026-09-22 14:16:57,990 BTPWorkerThread-6170 (_rx_task) root DEBUG iutctl_common.py          123   read                      : Read 5 bytes
2026-09-22 14:16:57,991 BTPWorkerThread-6170 (_rx_task) root DEBUG iutctl_common.py          131   read                      : Received: hdr: Header(svc_id=0x21, op=0x90, ctrl_index=0x00, data_len=0x106) bytearray(b'!\x90\x00\x06\x01')
2026-09-22 14:16:57,991 BTPWorkerThread-6170 (_rx_task) root DEBUG iutctl_common.py          139   read                      : Read 105 bytes data
2026-09-22 14:16:58,001 BTPWorkerThread-6170 (_rx_task) root DEBUG iutctl_common.py          139   read                      : Read 127 bytes data
2026-09-22 14:16:58,001 BTPWorkerThread-6170 (_rx_task) root DEBUG iutctl_common.py          139   read                      : Read 1 bytes data
2026-09-22 14:16:58,012 BTPWorkerThread-6170 (_rx_task) root DEBUG iutctl_common.py          139   read                      : Read 29 bytes data
2026-09-22 14:16:58,013 BTPWorkerThread-6170 (_rx_task) root DEBUG iutctl_common.py          154   read                      : Received data: {'e0 4e e4 08 dc 1b 00 00 fc 00 48 00 fc 8e 93 a5 da c9 7b a8 ea 53 a5 b5 b4 11 8f 9a 59 1c 80 aa 3b 72 4f 53 c5 76 2b fb 30 f8 d1 7c 61 ae 68 73 e9 fa 75 8d f7 87 1e 28 f5 16 bd d6 6c ad 2d 6d de 51 98 d3 ed 12 cc b0 b3 b8 e5 55 5c 92 03 10 0e d3 8f 63 f1 9f c5 bf 87 fa 7f 8a 64 d4 ac f5 8d 4b 4b d2 6f fc 39 05 8f 84 63 d1 6c 20 d4 25 f0 a4 2e 5d 6f 60 9a 19 2e a1 64 ba 2d bf 13 16 3b c4 ed 20 00 95 db d8 78 bb c5 9e 13 bf f8 ab f1 12 f3 c3 9a cf 84 fc 68 da 85 fe 91 23 e8 fe 27 bd b0 d3 74 9b 84 8e 26 df 73 14 d2 5c 62 59 22 2a 88 36 48 84 79 d2 2b 47 2a 64 1a c3 e5 f4 64 d2 9b 7b b4 ec d5 f7 b2 d1 5f b5 db d5 59 f6 4e 4e 68 f0 de 0f 95 a9 56 e7 92 92 5e eb 8d 9c 7d 9c e5 74 9d e4 ef 28 ae 5b 2b b8 b5 ee b9 4b 96 3f 38 68 3f b2 9f 8f bc 47 7d a9 5a db e8 4b 0d ce 97 a8 1d 26'}, bytearray(b'\xe0N\xe4\x08\xdc\x1b\x00\x00\xfc\x00H\x00\xfc\x8e\x93\xa5\xda\xc9{\xa8\xeaS\xa5\xb5\xb4\x11\x8f\x9aY\x1c\x80\xaa;rOS\xc5v+\xfb0\xf8\xd1|a\xaehs\xe9\xfau\x8d\xf7\x87\x1e(\xf5\x16\xbd\xd6l\xad-m\xdeQ\x98\xd3\xed\x12\xcc\xb0\xb3\xb8\xe5U\\\x92\x03\x10\x0e\xd3\x8fc\xf1\x9f\xc5\xbf\x87\xfa\x7f\x8ad\xd4\xac\xf5\x8dKK\xd2o\xfc9\x05\x8f\x84c\xd1l \xd4%\xf0\xa4.]o`\x9a\x19.\xa1d\xba-\xbf\x13\x16;\xc4\xed \x00\x95\xdb\xd8x\xbb\xc5\x9e\x13\xbf\xf8\xab\xf1\x12\xf3\xc3\x9a\xcf\x84\xfch\xda\x85\xfe\x91#\xe8\xfe\'\xbd\xb0\xd3t\x9b\x84\x8e&\xdfs\x14\xd2\\bY"*\x886H\x84y\xd2+G*d\x1a\xc3\xe5\xf4d\xd2\x9b{\xb4\xec\xd5\xf7\xb2\xd1_\xb5\xdb\xd5Y\xf6NNh\xf0\xde\x0f\x95\xa9V\xe7\x92\x92^\xeb\x8d\x9c}\x9c\xe5t\x9d\xe4\xef(\xae[+\xb8\xb5\xee\xb9K\x96?8h?\xb2\x9f\x8f\xbcG}\xa9Z\xdb\xe8K\r\xce\x97\xa8\x1d&')
2026-09-22 14:16:58,013 BTPWorkerThread-6170 (_rx_task) root DEBUG btp.py                    704   event_handler             : Header(svc_id=33, op=144, ctrl_index=0, data_len=262) (b'\xe0N\xe4\x08\xdc\x1b\x00\x00\xfc\x00H\x00\xfc\x8e\x93\xa5\xda\xc9{\xa8\xeaS\xa5\xb5\xb4\x11\x8f\x9aY\x1c\x80\xaa;rOS\xc5v+\xfb0\xf8\xd1|a\xaehs\xe9\xfau\x8d\xf7\x87\x1e(\xf5\x16\xbd\xd6l\xad-m\xdeQ\x98\xd3\xed\x12\xcc\xb0\xb3\xb8\xe5U\\\x92\x03\x10\x0e\xd3\x8fc\xf1\x9f\xc5\xbf\x87\xfa\x7f\x8ad\xd4\xac\xf5\x8dKK\xd2o\xfc9\x05\x8f\x84c\xd1l \xd4%\xf0\xa4.]o`\x9a\x19.\xa1d\xba-\xbf\x13\x16;\xc4\xed \x00\x95\xdb\xd8x\xbb\xc5\x9e\x13\xbf\xf8\xab\xf1\x12\xf3\xc3\x9a\xcf\x84\xfch\xda\x85\xfe\x91#\xe8\xfe\'\xbd\xb0\xd3t\x9b\x84\x8e&\xdfs\x14\xd2\\bY"*\x886H\x84y\xd2+G*d\x1a\xc3\xe5\xf4d\xd2\x9b{\xb4\xec\xd5\xf7\xb2\xd1_\xb5\xdb\xd5Y\xf6NNh\xf0\xde\x0f\x95\xa9V\xe7\x92\x92^\xeb\x8d\x9c}\x9c\xe5t\x9d\xe4\xef(\xae[+\xb8\xb5\xee\xb9K\x96?8h?\xb2\x9f\x8f\xbcG}\xa9Z\xdb\xe8K\r\xce\x97\xa8\x1d&',)
2026-09-22 14:16:58,013 BTPWorkerThread-6170 (_rx_task) root DEBUG bip.py                    3803  bip_ev_server_put_image_req : bip_ev_server_put_image_req <autopts.ptsprojects.stack.layers.bip.BIP object at 0x000002BEEC8A9DF0> b'\xe0N\xe4\x08\xdc\x1b\x00\x00\xfc\x00H\x00\xfc\x8e\x93\xa5\xda\xc9{\xa8\xeaS\xa5\xb5\xb4\x11\x8f\x9aY\x1c\x80\xaa;rOS\xc5v+\xfb0\xf8\xd1|a\xaehs\xe9\xfau\x8d\xf7\x87\x1e(\xf5\x16\xbd\xd6l\xad-m\xdeQ\x98\xd3\xed\x12\xcc\xb0\xb3\xb8\xe5U\\\x92\x03\x10\x0e\xd3\x8fc\xf1\x9f\xc5\xbf\x87\xfa\x7f\x8ad\xd4\xac\xf5\x8dKK\xd2o\xfc9\x05\x8f\x84c\xd1l \xd4%\xf0\xa4.]o`\x9a\x19.\xa1d\xba-\xbf\x13\x16;\xc4\xed \x00\x95\xdb\xd8x\xbb\xc5\x9e\x13\xbf\xf8\xab\xf1\x12\xf3\xc3\x9a\xcf\x84\xfch\xda\x85\xfe\x91#\xe8\xfe\'\xbd\xb0\xd3t\x9b\x84\x8e&\xdfs\x14\xd2\\bY"*\x886H\x84y\xd2+G*d\x1a\xc3\xe5\xf4d\xd2\x9b{\xb4\xec\xd5\xf7\xb2\xd1_\xb5\xdb\xd5Y\xf6NNh\xf0\xde\x0f\x95\xa9V\xe7\x92\x92^\xeb\x8d\x9c}\x9c\xe5t\x9d\xe4\xef(\xae[+\xb8\xb5\xee\xb9K\x96?8h?\xb2\x9f\x8f\xbcG}\xa9Z\xdb\xe8K\r\xce\x97\xa8\x1d&' 262
2026-09-22 14:16:58,014 Thread-6180 (_process_events) root DEBUG bip.py                    2834  _bip_ev_server_put_image_req : _bip_ev_server_put_image_req b'\xe0N\xe4\x08\xdc\x1b\x00\x00\xfc\x00H\x00\xfc\x8e\x93\xa5\xda\xc9{\xa8\xeaS\xa5\xb5\xb4\x11\x8f\x9aY\x1c\x80\xaa;rOS\xc5v+\xfb0\xf8\xd1|a\xaehs\xe9\xfau\x8d\xf7\x87\x1e(\xf5\x16\xbd\xd6l\xad-m\xdeQ\x98\xd3\xed\x12\xcc\xb0\xb3\xb8\xe5U\\\x92\x03\x10\x0e\xd3\x8fc\xf1\x9f\xc5\xbf\x87\xfa\x7f\x8ad\xd4\xac\xf5\x8dKK\xd2o\xfc9\x05\x8f\x84c\xd1l \xd4%\xf0\xa4.]o`\x9a\x19.\xa1d\xba-\xbf\x13\x16;\xc4\xed \x00\x95\xdb\xd8x\xbb\xc5\x9e\x13\xbf\xf8\xab\xf1\x12\xf3\xc3\x9a\xcf\x84\xfch\xda\x85\xfe\x91#\xe8\xfe\'\xbd\xb0\xd3t\x9b\x84\x8e&\xdfs\x14\xd2\\bY"*\x886H\x84y\xd2+G*d\x1a\xc3\xe5\xf4d\xd2\x9b{\xb4\xec\xd5\xf7\xb2\xd1_\xb5\xdb\xd5Y\xf6NNh\xf0\xde\x0f\x95\xa9V\xe7\x92\x92^\xeb\x8d\x9c}\x9c\xe5t\x9d\xe4\xef(\xae[+\xb8\xb5\xee\xb9K\x96?8h?\xb2\x9f\x8f\xbcG}\xa9Z\xdb\xe8K\r\xce\x97\xa8\x1d&'
2026-09-22 14:16:58,014 Thread-6180 (_process_events) root DEBUG bip.py                    2361  _update_srm_state         : _update_srm_state: sess=<autopts.ptsprojects.stack.layers.bip.OBEXSession object at 0x000002BEEC7A8890> srm=None srmp=None srm_allowed=True srm_flags=0x03
2026-09-22 14:16:58,014 Thread-6180 (_process_events) root DEBUG bip.py                    2378  _update_srm_state         : _update_srm_state: after update srm_flags=0x03
2026-09-22 14:16:58,014 Thread-6180 (_process_events) root DEBUG bip.py                    2469  _send_put_rsp_with_srm    : _send_put_rsp_with_srm: role=0 sess=<autopts.ptsprojects.stack.layers.bip.OBEXSession object at 0x000002BEEC7A8890> srm_allowed=True srm_flags=0x03 srmp_wait_count=0 final=0
2026-09-22 14:16:58,024 BTPWorkerThread-6170 (_rx_task) root DEBUG iutctl_common.py          123   read                      : Read 5 bytes
2026-09-22 14:16:58,024 BTPWorkerThread-6170 (_rx_task) root DEBUG iutctl_common.py          131   read                      : Received: hdr: Header(svc_id=0x21, op=0x90, ctrl_index=0x00, data_len=0x106) bytearray(b'!\x90\x00\x06\x01')
2026-09-22 14:16:58,025 BTPWorkerThread-6170 (_rx_task) root DEBUG iutctl_common.py          139   read                      : Read 134 bytes data
2026-09-22 14:16:58,035 BTPWorkerThread-6170 (_rx_task) root DEBUG iutctl_common.py          139   read                      : Read 128 bytes data
2026-09-22 14:16:58,037 BTPWorkerThread-6170 (_rx_task) root DEBUG iutctl_common.py          154   read                      : Received data: {'e0 4e e4 08 dc 1b 00 00 fc 00 48 00 fc 58 ae ef ed ac de 6b c0 09 36 d0 09 64 53 71 2e 06 76 43 bd 88 2b c7 cc b9 f3 fb 88 24 b4 9d e2 96 37 8e 48 d8 a3 a3 8d ac 84 70 41 1d 88 af ae bc 49 ad 78 6f c7 1e 2d d0 3f b2 3c 71 a4 dc d9 f8 1f c7 d7 9a be a7 7f ac 6a b6 f6 d3 5c da ca d6 b2 7d a6 20 e1 3e d3 83 04 b1 85 82 36 62 11 30 80 32 8a f9 6f e2 2e bd 6f e2 9f 88 3a f6 a7 6a 86 3b 5d 4b 51 b8 ba 85 08 c1 54 79 19 94 63 d8 11 5e 7e 26 8c 69 c6 9b 8e f2 5a f5 fb 30 77 56 e8 dc a4 97 f8 5a bd d3 b7 9f 9e 65 38 4c 24 5b c3 c9 bf 79 a4 db 4d 49 5e 57 b5 92 f8 6c 94 9d da 6d dd 59 59 18 d4 51 45 73 1f 32 14 51 45 00 14 51 45 00 14 51 45 00 14 51 45 00 14 51 45 00 14 51 45 00 14 51 45 00 14 51 45 00 14 51 45 00 14 51 45 00 14 51 45 00 14 51 45 00 14 51 45 00 14 51 45 00 14 51 45 00'}, bytearray(b'\xe0N\xe4\x08\xdc\x1b\x00\x00\xfc\x00H\x00\xfcX\xae\xef\xed\xac\xdek\xc0\t6\xd0\tdSq.\x06vC\xbd\x88+\xc7\xcc\xb9\xf3\xfb\x88$\xb4\x9d\xe2\x967\x8eH\xd8\xa3\xa3\x8d\xac\x84pA\x1d\x88\xaf\xae\xbcI\xadxo\xc7\x1e-\xd0?\xb2<q\xa4\xdc\xd9\xf8\x1f\xc7\xd7\x9a\xbe\xa7\x7f\xacj\xb6\xf6\xd3\\\xda\xca\xd6\xb2}\xa6 \xe1>\xd3\x83\x04\xb1\x85\x826b\x110\x802\x8a\xf9o\xe2.\xbdo\xe2\x9f\x88:\xf6\xa7j\x86;]KQ\xb8\xba\x85\x08\xc1Ty\x19\x94c\xd8\x11^~&\x8ci\xc6\x9b\x8e\xf2Z\xf5\xfb0wV\xe8\xdc\xa4\x97\xf8Z\xbd\xd3\xb7\x9f\x9ee8L$[\xc3\xc9\xbfy\xa4\xdbMI^W\xb5\x92\xf8l\x94\x9d\xdam\xddYY\x18\xd4QEs\x1f2\x14QE\x00\x14QE\x00\x14QE\x00\x14QE\x00\x14QE\x00\x14QE\x00\x14QE\x00\x14QE\x00\x14QE\x00\x14QE\x00\x14QE\x00\x14QE\x00\x14QE\x00\x14QE\x00\x14QE\x00')
2026-09-22 14:16:58,037 BTPWorkerThread-6170 (_rx_task) root DEBUG btp.py                    704   event_handler             : Header(svc_id=33, op=144, ctrl_index=0, data_len=262) (b'\xe0N\xe4\x08\xdc\x1b\x00\x00\xfc\x00H\x00\xfcX\xae\xef\xed\xac\xdek\xc0\t6\xd0\tdSq.\x06vC\xbd\x88+\xc7\xcc\xb9\xf3\xfb\x88$\xb4\x9d\xe2\x967\x8eH\xd8\xa3\xa3\x8d\xac\x84pA\x1d\x88\xaf\xae\xbcI\xadxo\xc7\x1e-\xd0?\xb2<q\xa4\xdc\xd9\xf8\x1f\xc7\xd7\x9a\xbe\xa7\x7f\xacj\xb6\xf6\xd3\\\xda\xca\xd6\xb2}\xa6 \xe1>\xd3\x83\x04\xb1\x85\x826b\x110\x802\x8a\xf9o\xe2.\xbdo\xe2\x9f\x88:\xf6\xa7j\x86;]KQ\xb8\xba\x85\x08\xc1Ty\x19\x94c\xd8\x11^~&\x8ci\xc6\x9b\x8e\xf2Z\xf5\xfb0wV\xe8\xdc\xa4\x97\xf8Z\xbd\xd3\xb7\x9f\x9ee8L$[\xc3\xc9\xbfy\xa4\xdbMI^W\xb5\x92\xf8l\x94\x9d\xdam\xddYY\x18\xd4QEs\x1f2\x14QE\x00\x14QE\x00\x14QE\x00\x14QE\x00\x14QE\x00\x14QE\x00\x14QE\x00\x14QE\x00\x14QE\x00\x14QE\x00\x14QE\x00\x14QE\x00\x14QE\x00\x14QE\x00\x14QE\x00',)
2026-09-22 14:16:58,037 BTPWorkerThread-6170 (_rx_task) root DEBUG bip.py                    3803  bip_ev_server_put_image_req : bip_ev_server_put_image_req <autopts.ptsprojects.stack.layers.bip.BIP object at 0x000002BEEC8A9DF0> b'\xe0N\xe4\x08\xdc\x1b\x00\x00\xfc\x00H\x00\xfcX\xae\xef\xed\xac\xdek\xc0\t6\xd0\tdSq.\x06vC\xbd\x88+\xc7\xcc\xb9\xf3\xfb\x88$\xb4\x9d\xe2\x967\x8eH\xd8\xa3\xa3\x8d\xac\x84pA\x1d\x88\xaf\xae\xbcI\xadxo\xc7\x1e-\xd0?\xb2<q\xa4\xdc\xd9\xf8\x1f\xc7\xd7\x9a\xbe\xa7\x7f\xacj\xb6\xf6\xd3\\\xda\xca\xd6\xb2}\xa6 \xe1>\xd3\x83\x04\xb1\x85\x826b\x110\x802\x8a\xf9o\xe2.\xbdo\xe2\x9f\x88:\xf6\xa7j\x86;]KQ\xb8\xba\x85\x08\xc1Ty\x19\x94c\xd8\x11^~&\x8ci\xc6\x9b\x8e\xf2Z\xf5\xfb0wV\xe8\xdc\xa4\x97\xf8Z\xbd\xd3\xb7\x9f\x9ee8L$[\xc3\xc9\xbfy\xa4\xdbMI^W\xb5\x92\xf8l\x94\x9d\xdam\xddYY\x18\xd4QEs\x1f2\x14QE\x00\x14QE\x00\x14QE\x00\x14QE\x00\x14QE\x00\x14QE\x00\x14QE\x00\x14QE\x00\x14QE\x00\x14QE\x00\x14QE\x00\x14QE\x00\x14QE\x00\x14QE\x00\x14QE\x00' 262
2026-09-22 14:16:58,038 Thread-6180 (_process_events) root DEBUG bip.py                    2834  _bip_ev_server_put_image_req : _bip_ev_server_put_image_req b'\xe0N\xe4\x08\xdc\x1b\x00\x00\xfc\x00H\x00\xfcX\xae\xef\xed\xac\xdek\xc0\t6\xd0\tdSq.\x06vC\xbd\x88+\xc7\xcc\xb9\xf3\xfb\x88$\xb4\x9d\xe2\x967\x8eH\xd8\xa3\xa3\x8d\xac\x84pA\x1d\x88\xaf\xae\xbcI\xadxo\xc7\x1e-\xd0?\xb2<q\xa4\xdc\xd9\xf8\x1f\xc7\xd7\x9a\xbe\xa7\x7f\xacj\xb6\xf6\xd3\\\xda\xca\xd6\xb2}\xa6 \xe1>\xd3\x83\x04\xb1\x85\x826b\x110\x802\x8a\xf9o\xe2.\xbdo\xe2\x9f\x88:\xf6\xa7j\x86;]KQ\xb8\xba\x85\x08\xc1Ty\x19\x94c\xd8\x11^~&\x8ci\xc6\x9b\x8e\xf2Z\xf5\xfb0wV\xe8\xdc\xa4\x97\xf8Z\xbd\xd3\xb7\x9f\x9ee8L$[\xc3\xc9\xbfy\xa4\xdbMI^W\xb5\x92\xf8l\x94\x9d\xdam\xddYY\x18\xd4QEs\x1f2\x14QE\x00\x14QE\x00\x14QE\x00\x14QE\x00\x14QE\x00\x14QE\x00\x14QE\x00\x14QE\x00\x14QE\x00\x14QE\x00\x14QE\x00\x14QE\x00\x14QE\x00\x14QE\x00\x14QE\x00'
2026-09-22 14:16:58,038 Thread-6180 (_process_events) root DEBUG bip.py                    2361  _update_srm_state         : _update_srm_state: sess=<autopts.ptsprojects.stack.layers.bip.OBEXSession object at 0x000002BEEC7A8890> srm=None srmp=None srm_allowed=True srm_flags=0x03
2026-09-22 14:16:58,038 Thread-6180 (_process_events) root DEBUG bip.py                    2378  _update_srm_state         : _update_srm_state: after update srm_flags=0x03
2026-09-22 14:16:58,039 Thread-6180 (_process_events) root DEBUG bip.py                    2469  _send_put_rsp_with_srm    : _send_put_rsp_with_srm: role=0 sess=<autopts.ptsprojects.stack.layers.bip.OBEXSession object at 0x000002BEEC7A8890> srm_allowed=True srm_flags=0x03 srmp_wait_count=0 final=0
2026-09-22 14:16:58,046 BTPWorkerThread-6170 (_rx_task) root DEBUG iutctl_common.py          123   read                      : Read 5 bytes
2026-09-22 14:16:58,047 BTPWorkerThread-6170 (_rx_task) root DEBUG iutctl_common.py          131   read                      : Received: hdr: Header(svc_id=0x21, op=0x90, ctrl_index=0x00, data_len=0x106) bytearray(b'!\x90\x00\x06\x01')
2026-09-22 14:16:58,047 BTPWorkerThread-6170 (_rx_task) root DEBUG iutctl_common.py          139   read                      : Read 2 bytes data
2026-09-22 14:16:58,057 BTPWorkerThread-6170 (_rx_task) root DEBUG iutctl_common.py          139   read                      : Read 125 bytes data
2026-09-22 14:16:58,058 BTPWorkerThread-6170 (_rx_task) root DEBUG iutctl_common.py          139   read                      : Read 10 bytes data
2026-09-22 14:16:58,058 BTPWorkerThread-6170 (_rx_task) root DEBUG iutctl_common.py          139   read                      : Read 2 bytes data
2026-09-22 14:16:58,069 BTPWorkerThread-6170 (_rx_task) root DEBUG iutctl_common.py          139   read                      : Read 123 bytes data
2026-09-22 14:16:58,070 BTPWorkerThread-6170 (_rx_task) root DEBUG iutctl_common.py          154   read                      : Received data: {'e0 4e e4 08 dc 1b 00 00 fc 00 48 00 fc 14 51 45 00 14 51 45 00 14 51 45 00 14 51 45 00 14 51 45 00 14 51 45 00 14 51 45 00 14 51 45 00 14 51 45 00 14 51 45 00 14 51 45 00 14 51 45 00 14 51 45 00 14 51 45 00 14 51 45 00 14 51 45 00 14 51 45 00 14 51 45 00 6a 78 2b c6 57 df 0f bc 53 67 ad 69 66 d5 75 0d 3d fc d8 1a e6 ce 1b b8 d1 f0 40 6f 2e 65 74 24 67 20 95 3b 48 04 60 80 44 fa b7 c4 5d 6b 5d f0 ec 9a 55 e5 f4 97 16 33 6a 32 6a d2 23 a2 96 7b a9 14 2b ca 5f 1b 89 20 0e 09 c7 7c 66 b1 28 aa e6 7c bc b7 d3 b7 cd 3f cd 27 ea 93 e8 8d a1 89 ab 08 7b 38 c9 a5 ae 89 bb 6a ac f4 f3 5a 3f 2d 02 bb 6f 04 fe d0 be 2a f8 7f a0 da e9 ba 7d d6 9a f6 b6 13 bd cd 97 db b4 7b 3b f9 34 f9 1f 69 67 b7 92 78 9d e0 24 aa b6 63 65 f9 94 37 5e 6b 89 a2 aa 9d 59 c1 de 0d af 4d 02 86 22 ad 19 73 d1'}, bytearray(b'\xe0N\xe4\x08\xdc\x1b\x00\x00\xfc\x00H\x00\xfc\x14QE\x00\x14QE\x00\x14QE\x00\x14QE\x00\x14QE\x00\x14QE\x00\x14QE\x00\x14QE\x00\x14QE\x00\x14QE\x00\x14QE\x00\x14QE\x00\x14QE\x00\x14QE\x00\x14QE\x00\x14QE\x00\x14QE\x00\x14QE\x00jx+\xc6W\xdf\x0f\xbcSg\xadif\xd5u\r=\xfc\xd8\x1a\xe6\xce\x1b\xb8\xd1\xf0@o.et$g \x95;H\x04`\x80D\xfa\xb7\xc4]k]\xf0\xec\x9aU\xe5\xf4\x97\x163j2j\xd2#\xa2\x96{\xa9\x14+\xca_\x1b\x89 \x0e\t\xc7|f\xb1(\xaa\xe6|\xbc\xb7\xd3\xb7\xcd?\xcd\'\xea\x93\xe8\x8d\xa1\x89\xab\x08{8\xc9\xa5\xae\x89\xbbj\xac\xf4\xf3Z?-\x02\xbbo\x04\xfe\xd0\xbe*\xf8\x7f\xa0\xda\xe9\xba}\xd6\x9a\xf6\xb6\x13\xbd\xcd\x97\xdb\xb4{;\xf94\xf9\x1fig\xb7\x92x\x9d\xe0$\xaa\xb6ce\xf9\x947^k\x89\xa2\xaa\x9dY\xc1\xde\r\xafM\x02\x86"\xad\x19s\xd1')
2026-09-22 14:16:58,070 BTPWorkerThread-6170 (_rx_task) root DEBUG btp.py                    704   event_handler             : Header(svc_id=33, op=144, ctrl_index=0, data_len=262) (b'\xe0N\xe4\x08\xdc\x1b\x00\x00\xfc\x00H\x00\xfc\x14QE\x00\x14QE\x00\x14QE\x00\x14QE\x00\x14QE\x00\x14QE\x00\x14QE\x00\x14QE\x00\x14QE\x00\x14QE\x00\x14QE\x00\x14QE\x00\x14QE\x00\x14QE\x00\x14QE\x00\x14QE\x00\x14QE\x00\x14QE\x00jx+\xc6W\xdf\x0f\xbcSg\xadif\xd5u\r=\xfc\xd8\x1a\xe6\xce\x1b\xb8\xd1\xf0@o.et$g \x95;H\x04`\x80D\xfa\xb7\xc4]k]\xf0\xec\x9aU\xe5\xf4\x97\x163j2j\xd2#\xa2\x96{\xa9\x14+\xca_\x1b\x89 \x0e\t\xc7|f\xb1(\xaa\xe6|\xbc\xb7\xd3\xb7\xcd?\xcd\'\xea\x93\xe8\x8d\xa1\x89\xab\x08{8\xc9\xa5\xae\x89\xbbj\xac\xf4\xf3Z?-\x02\xbbo\x04\xfe\xd0\xbe*\xf8\x7f\xa0\xda\xe9\xba}\xd6\x9a\xf6\xb6\x13\xbd\xcd\x97\xdb\xb4{;\xf94\xf9\x1fig\xb7\x92x\x9d\xe0$\xaa\xb6ce\xf9\x947^k\x89\xa2\xaa\x9dY\xc1\xde\r\xafM\x02\x86"\xad\x19s\xd1',)
2026-09-22 14:16:58,071 BTPWorkerThread-6170 (_rx_task) root DEBUG bip.py                    3803  bip_ev_server_put_image_req : bip_ev_server_put_image_req <autopts.ptsprojects.stack.layers.bip.BIP object at 0x000002BEEC8A9DF0> b'\xe0N\xe4\x08\xdc\x1b\x00\x00\xfc\x00H\x00\xfc\x14QE\x00\x14QE\x00\x14QE\x00\x14QE\x00\x14QE\x00\x14QE\x00\x14QE\x00\x14QE\x00\x14QE\x00\x14QE\x00\x14QE\x00\x14QE\x00\x14QE\x00\x14QE\x00\x14QE\x00\x14QE\x00\x14QE\x00\x14QE\x00jx+\xc6W\xdf\x0f\xbcSg\xadif\xd5u\r=\xfc\xd8\x1a\xe6\xce\x1b\xb8\xd1\xf0@o.et$g \x95;H\x04`\x80D\xfa\xb7\xc4]k]\xf0\xec\x9aU\xe5\xf4\x97\x163j2j\xd2#\xa2\x96{\xa9\x14+\xca_\x1b\x89 \x0e\t\xc7|f\xb1(\xaa\xe6|\xbc\xb7\xd3\xb7\xcd?\xcd\'\xea\x93\xe8\x8d\xa1\x89\xab\x08{8\xc9\xa5\xae\x89\xbbj\xac\xf4\xf3Z?-\x02\xbbo\x04\xfe\xd0\xbe*\xf8\x7f\xa0\xda\xe9\xba}\xd6\x9a\xf6\xb6\x13\xbd\xcd\x97\xdb\xb4{;\xf94\xf9\x1fig\xb7\x92x\x9d\xe0$\xaa\xb6ce\xf9\x947^k\x89\xa2\xaa\x9dY\xc1\xde\r\xafM\x02\x86"\xad\x19s\xd1' 262
2026-09-22 14:16:58,071 Thread-6180 (_process_events) root DEBUG bip.py                    2834  _bip_ev_server_put_image_req : _bip_ev_server_put_image_req b'\xe0N\xe4\x08\xdc\x1b\x00\x00\xfc\x00H\x00\xfc\x14QE\x00\x14QE\x00\x14QE\x00\x14QE\x00\x14QE\x00\x14QE\x00\x14QE\x00\x14QE\x00\x14QE\x00\x14QE\x00\x14QE\x00\x14QE\x00\x14QE\x00\x14QE\x00\x14QE\x00\x14QE\x00\x14QE\x00\x14QE\x00jx+\xc6W\xdf\x0f\xbcSg\xadif\xd5u\r=\xfc\xd8\x1a\xe6\xce\x1b\xb8\xd1\xf0@o.et$g \x95;H\x04`\x80D\xfa\xb7\xc4]k]\xf0\xec\x9aU\xe5\xf4\x97\x163j2j\xd2#\xa2\x96{\xa9\x14+\xca_\x1b\x89 \x0e\t\xc7|f\xb1(\xaa\xe6|\xbc\xb7\xd3\xb7\xcd?\xcd\'\xea\x93\xe8\x8d\xa1\x89\xab\x08{8\xc9\xa5\xae\x89\xbbj\xac\xf4\xf3Z?-\x02\xbbo\x04\xfe\xd0\xbe*\xf8\x7f\xa0\xda\xe9\xba}\xd6\x9a\xf6\xb6\x13\xbd\xcd\x97\xdb\xb4{;\xf94\xf9\x1fig\xb7\x92x\x9d\xe0$\xaa\xb6ce\xf9\x947^k\x89\xa2\xaa\x9dY\xc1\xde\r\xafM\x02\x86"\xad\x19s\xd1'
2026-09-22 14:16:58,071 Thread-6180 (_process_events) root DEBUG bip.py                    2361  _update_srm_state         : _update_srm_state: sess=<autopts.ptsprojects.stack.layers.bip.OBEXSession object at 0x000002BEEC7A8890> srm=None srmp=None srm_allowed=True srm_flags=0x03
2026-09-22 14:16:58,072 Thread-6180 (_process_events) root DEBUG bip.py                    2378  _update_srm_state         : _update_srm_state: after update srm_flags=0x03
2026-09-22 14:16:58,072 Thread-6180 (_process_events) root DEBUG bip.py                    2469  _send_put_rsp_with_srm    : _send_put_rsp_with_srm: role=0 sess=<autopts.ptsprojects.stack.layers.bip.OBEXSession object at 0x000002BEEC7A8890> srm_allowed=True srm_flags=0x03 srmp_wait_count=0 final=0
2026-09-22 14:16:58,080 BTPWorkerThread-6170 (_rx_task) root DEBUG iutctl_common.py          123   read                      : Read 5 bytes
2026-09-22 14:16:58,080 BTPWorkerThread-6170 (_rx_task) root DEBUG iutctl_common.py          131   read                      : Received: hdr: Header(svc_id=0x21, op=0x90, ctrl_index=0x00, data_len=0x106) bytearray(b'!\x90\x00\x06\x01')
2026-09-22 14:16:58,081 BTPWorkerThread-6170 (_rx_task) root DEBUG iutctl_common.py          139   read                      : Read 61 bytes data
2026-09-22 14:16:58,091 BTPWorkerThread-6170 (_rx_task) root DEBUG iutctl_common.py          139   read                      : Read 126 bytes data
2026-09-22 14:16:58,102 BTPWorkerThread-6170 (_rx_task) root DEBUG iutctl_common.py          139   read                      : Read 75 bytes data
2026-09-22 14:16:58,103 BTPWorkerThread-6170 (_rx_task) root DEBUG iutctl_common.py          154   read                      : Received data: {'e0 4e e4 08 dc 1b 00 00 fc 00 48 00 fc 93 8b ee 9b 4f f0 2f 6b de 26 d4 bc 55 78 b7 1a a6 a1 7d a9 5c 22 ec 59 6e a7 69 9d 57 71 6c 02 c4 9c 6e 66 38 f5 62 7b d5 1a 28 ac cc e7 39 4d f3 49 dd f9 85 14 51 41 21 45 14 50 01 45 14 50 01 45 14 50 01 45 14 50 01 45 14 50 01 45 14 50 01 45 14 50 01 45 14 50 01 45 14 50 01 45 14 50 01 45 14 50 01 45 14 50 01 45 14 50 01 45 14 50 01 45 14 50 01 45 14 50 01 45 14 50 01 45 14 50 01 45 14 50 01 45 14 50 01 45 14 50 01 45 14 50 01 45 14 50 01 45 14 50 01 45 14 50 01 45 14 50 01 45 14 50 01 45 14 50 01 45 14 50 01 45 14 50 01 45 14 50 01 45 14 50 01 45 14 50 01 45 14 50 01 45 14 50 01 45 14 50 01 45 14 50 01 45 14 50 01 45 14 50 01 45 14 50 01 45 14 50 01 45 14 50 01 45 14 50 01 45 14 50 01 45 14 50 01 45 14 50 01 45 14 50 01 45 14 50 01'}, bytearray(b'\xe0N\xe4\x08\xdc\x1b\x00\x00\xfc\x00H\x00\xfc\x93\x8b\xee\x9bO\xf0/k\xde&\xd4\xbcUx\xb7\x1a\xa6\xa1}\xa9\\"\xecYn\xa7i\x9dWql\x02\xc4\x9cnf8\xf5b{\xd5\x1a(\xac\xcc\xe79M\xf3I\xdd\xf9\x85\x14QA!E\x14P\x01E\x14P\x01E\x14P\x01E\x14P\x01E\x14P\x01E\x14P\x01E\x14P\x01E\x14P\x01E\x14P\x01E\x14P\x01E\x14P\x01E\x14P\x01E\x14P\x01E\x14P\x01E\x14P\x01E\x14P\x01E\x14P\x01E\x14P\x01E\x14P\x01E\x14P\x01E\x14P\x01E\x14P\x01E\x14P\x01E\x14P\x01E\x14P\x01E\x14P\x01E\x14P\x01E\x14P\x01E\x14P\x01E\x14P\x01E\x14P\x01E\x14P\x01E\x14P\x01E\x14P\x01E\x14P\x01E\x14P\x01E\x14P\x01E\x14P\x01E\x14P\x01E\x14P\x01E\x14P\x01E\x14P\x01E\x14P\x01E\x14P\x01E\x14P\x01E\x14P\x01E\x14P\x01E\x14P\x01')
2026-09-22 14:16:58,103 BTPWorkerThread-6170 (_rx_task) root DEBUG btp.py                    704   event_handler             : Header(svc_id=33, op=144, ctrl_index=0, data_len=262) (b'\xe0N\xe4\x08\xdc\x1b\x00\x00\xfc\x00H\x00\xfc\x93\x8b\xee\x9bO\xf0/k\xde&\xd4\xbcUx\xb7\x1a\xa6\xa1}\xa9\\"\xecYn\xa7i\x9dWql\x02\xc4\x9cnf8\xf5b{\xd5\x1a(\xac\xcc\xe79M\xf3I\xdd\xf9\x85\x14QA!E\x14P\x01E\x14P\x01E\x14P\x01E\x14P\x01E\x14P\x01E\x14P\x01E\x14P\x01E\x14P\x01E\x14P\x01E\x14P\x01E\x14P\x01E\x14P\x01E\x14P\x01E\x14P\x01E\x14P\x01E\x14P\x01E\x14P\x01E\x14P\x01E\x14P\x01E\x14P\x01E\x14P\x01E\x14P\x01E\x14P\x01E\x14P\x01E\x14P\x01E\x14P\x01E\x14P\x01E\x14P\x01E\x14P\x01E\x14P\x01E\x14P\x01E\x14P\x01E\x14P\x01E\x14P\x01E\x14P\x01E\x14P\x01E\x14P\x01E\x14P\x01E\x14P\x01E\x14P\x01E\x14P\x01E\x14P\x01E\x14P\x01E\x14P\x01E\x14P\x01E\x14P\x01E\x14P\x01E\x14P\x01',)
2026-09-22 14:16:58,103 BTPWorkerThread-6170 (_rx_task) root DEBUG bip.py                    3803  bip_ev_server_put_image_req : bip_ev_server_put_image_req <autopts.ptsprojects.stack.layers.bip.BIP object at 0x000002BEEC8A9DF0> b'\xe0N\xe4\x08\xdc\x1b\x00\x00\xfc\x00H\x00\xfc\x93\x8b\xee\x9bO\xf0/k\xde&\xd4\xbcUx\xb7\x1a\xa6\xa1}\xa9\\"\xecYn\xa7i\x9dWql\x02\xc4\x9cnf8\xf5b{\xd5\x1a(\xac\xcc\xe79M\xf3I\xdd\xf9\x85\x14QA!E\x14P\x01E\x14P\x01E\x14P\x01E\x14P\x01E\x14P\x01E\x14P\x01E\x14P\x01E\x14P\x01E\x14P\x01E\x14P\x01E\x14P\x01E\x14P\x01E\x14P\x01E\x14P\x01E\x14P\x01E\x14P\x01E\x14P\x01E\x14P\x01E\x14P\x01E\x14P\x01E\x14P\x01E\x14P\x01E\x14P\x01E\x14P\x01E\x14P\x01E\x14P\x01E\x14P\x01E\x14P\x01E\x14P\x01E\x14P\x01E\x14P\x01E\x14P\x01E\x14P\x01E\x14P\x01E\x14P\x01E\x14P\x01E\x14P\x01E\x14P\x01E\x14P\x01E\x14P\x01E\x14P\x01E\x14P\x01E\x14P\x01E\x14P\x01E\x14P\x01E\x14P\x01E\x14P\x01E\x14P\x01' 262
2026-09-22 14:16:58,104 Thread-6180 (_process_events) root DEBUG bip.py                    2834  _bip_ev_server_put_image_req : _bip_ev_server_put_image_req b'\xe0N\xe4\x08\xdc\x1b\x00\x00\xfc\x00H\x00\xfc\x93\x8b\xee\x9bO\xf0/k\xde&\xd4\xbcUx\xb7\x1a\xa6\xa1}\xa9\\"\xecYn\xa7i\x9dWql\x02\xc4\x9cnf8\xf5b{\xd5\x1a(\xac\xcc\xe79M\xf3I\xdd\xf9\x85\x14QA!E\x14P\x01E\x14P\x01E\x14P\x01E\x14P\x01E\x14P\x01E\x14P\x01E\x14P\x01E\x14P\x01E\x14P\x01E\x14P\x01E\x14P\x01E\x14P\x01E\x14P\x01E\x14P\x01E\x14P\x01E\x14P\x01E\x14P\x01E\x14P\x01E\x14P\x01E\x14P\x01E\x14P\x01E\x14P\x01E\x14P\x01E\x14P\x01E\x14P\x01E\x14P\x01E\x14P\x01E\x14P\x01E\x14P\x01E\x14P\x01E\x14P\x01E\x14P\x01E\x14P\x01E\x14P\x01E\x14P\x01E\x14P\x01E\x14P\x01E\x14P\x01E\x14P\x01E\x14P\x01E\x14P\x01E\x14P\x01E\x14P\x01E\x14P\x01E\x14P\x01E\x14P\x01E\x14P\x01E\x14P\x01'
2026-09-22 14:16:58,104 Thread-6180 (_process_events) root DEBUG bip.py                    2361  _update_srm_state         : _update_srm_state: sess=<autopts.ptsprojects.stack.layers.bip.OBEXSession object at 0x000002BEEC7A8890> srm=None srmp=None srm_allowed=True srm_flags=0x03
2026-09-22 14:16:58,104 Thread-6180 (_process_events) root DEBUG bip.py                    2378  _update_srm_state         : _update_srm_state: after update srm_flags=0x03
2026-09-22 14:16:58,104 Thread-6180 (_process_events) root DEBUG bip.py                    2469  _send_put_rsp_with_srm    : _send_put_rsp_with_srm: role=0 sess=<autopts.ptsprojects.stack.layers.bip.OBEXSession object at 0x000002BEEC7A8890> srm_allowed=True srm_flags=0x03 srmp_wait_count=0 final=0
2026-09-22 14:16:58,113 BTPWorkerThread-6170 (_rx_task) root DEBUG iutctl_common.py          123   read                      : Read 5 bytes
2026-09-22 14:16:58,114 BTPWorkerThread-6170 (_rx_task) root DEBUG iutctl_common.py          131   read                      : Received: hdr: Header(svc_id=0x21, op=0x90, ctrl_index=0x00, data_len=0x106) bytearray(b'!\x90\x00\x06\x01')
2026-09-22 14:16:58,114 BTPWorkerThread-6170 (_rx_task) root DEBUG iutctl_common.py          139   read                      : Read 53 bytes data
2026-09-22 14:16:58,124 BTPWorkerThread-6170 (_rx_task) root DEBUG iutctl_common.py          139   read                      : Read 126 bytes data
2026-09-22 14:16:58,135 BTPWorkerThread-6170 (_rx_task) root DEBUG iutctl_common.py          139   read                      : Read 83 bytes data
2026-09-22 14:16:58,136 BTPWorkerThread-6170 (_rx_task) root DEBUG iutctl_common.py          154   read                      : Received data: {'e0 4e e4 08 dc 1b 00 00 fc 00 48 00 fc 45 14 50 01 45 14 50 01 45 14 50 01 45 14 50 01 45 14 50 01 45 14 50 01 45 14 50 01 45 14 50 01 45 14 50 01 45 14 50 01 45 14 50 01 45 14 50 01 45 14 50 01 45 14 50 01 45 14 50 01 45 14 50 01 45 14 50 01 45 14 50 01 45 14 50 01 45 14 50 01 45 14 50 01 45 14 50 01 45 14 50 01 45 14 50 01 45 14 50 01 45 14 50 01 45 14 50 01 45 14 50 01 45 14 50 01 45 14 50 01 45 14 50 01 45 14 50 01 45 14 50 01 45 14 50 01 45 14 50 01 45 14 50 01 45 14 50 01 45 14 50 01 45 14 50 01 45 14 50 01 45 14 50 01 45 14 50 01 45 14 50 01 45 14 50 01 45 14 50 01 45 14 50 01 45 14 50 01 45 14 50 01 45 14 50 01 45 14 50 01 45 14 50 01 45 14 50 01 45 14 50 01 45 14 50 01 45 14 50 01 45 14 50 01 45 14 50 01 45 14 50 01 45 14 50 01 45 14 50 01 45 14 50 01 45 14 50 01 45'}, bytearray(b'\xe0N\xe4\x08\xdc\x1b\x00\x00\xfc\x00H\x00\xfcE\x14P\x01E\x14P\x01E\x14P\x01E\x14P\x01E\x14P\x01E\x14P\x01E\x14P\x01E\x14P\x01E\x14P\x01E\x14P\x01E\x14P\x01E\x14P\x01E\x14P\x01E\x14P\x01E\x14P\x01E\x14P\x01E\x14P\x01E\x14P\x01E\x14P\x01E\x14P\x01E\x14P\x01E\x14P\x01E\x14P\x01E\x14P\x01E\x14P\x01E\x14P\x01E\x14P\x01E\x14P\x01E\x14P\x01E\x14P\x01E\x14P\x01E\x14P\x01E\x14P\x01E\x14P\x01E\x14P\x01E\x14P\x01E\x14P\x01E\x14P\x01E\x14P\x01E\x14P\x01E\x14P\x01E\x14P\x01E\x14P\x01E\x14P\x01E\x14P\x01E\x14P\x01E\x14P\x01E\x14P\x01E\x14P\x01E\x14P\x01E\x14P\x01E\x14P\x01E\x14P\x01E\x14P\x01E\x14P\x01E\x14P\x01E\x14P\x01E\x14P\x01E\x14P\x01E\x14P\x01E\x14P\x01E\x14P\x01E')
2026-09-22 14:16:58,136 BTPWorkerThread-6170 (_rx_task) root DEBUG btp.py                    704   event_handler             : Header(svc_id=33, op=144, ctrl_index=0, data_len=262) (b'\xe0N\xe4\x08\xdc\x1b\x00\x00\xfc\x00H\x00\xfcE\x14P\x01E\x14P\x01E\x14P\x01E\x14P\x01E\x14P\x01E\x14P\x01E\x14P\x01E\x14P\x01E\x14P\x01E\x14P\x01E\x14P\x01E\x14P\x01E\x14P\x01E\x14P\x01E\x14P\x01E\x14P\x01E\x14P\x01E\x14P\x01E\x14P\x01E\x14P\x01E\x14P\x01E\x14P\x01E\x14P\x01E\x14P\x01E\x14P\x01E\x14P\x01E\x14P\x01E\x14P\x01E\x14P\x01E\x14P\x01E\x14P\x01E\x14P\x01E\x14P\x01E\x14P\x01E\x14P\x01E\x14P\x01E\x14P\x01E\x14P\x01E\x14P\x01E\x14P\x01E\x14P\x01E\x14P\x01E\x14P\x01E\x14P\x01E\x14P\x01E\x14P\x01E\x14P\x01E\x14P\x01E\x14P\x01E\x14P\x01E\x14P\x01E\x14P\x01E\x14P\x01E\x14P\x01E\x14P\x01E\x14P\x01E\x14P\x01E\x14P\x01E\x14P\x01E\x14P\x01E\x14P\x01E\x14P\x01E',)
2026-09-22 14:16:58,136 BTPWorkerThread-6170 (_rx_task) root DEBUG bip.py                    3803  bip_ev_server_put_image_req : bip_ev_server_put_image_req <autopts.ptsprojects.stack.layers.bip.BIP object at 0x000002BEEC8A9DF0> b'\xe0N\xe4\x08\xdc\x1b\x00\x00\xfc\x00H\x00\xfcE\x14P\x01E\x14P\x01E\x14P\x01E\x14P\x01E\x14P\x01E\x14P\x01E\x14P\x01E\x14P\x01E\x14P\x01E\x14P\x01E\x14P\x01E\x14P\x01E\x14P\x01E\x14P\x01E\x14P\x01E\x14P\x01E\x14P\x01E\x14P\x01E\x14P\x01E\x14P\x01E\x14P\x01E\x14P\x01E\x14P\x01E\x14P\x01E\x14P\x01E\x14P\x01E\x14P\x01E\x14P\x01E\x14P\x01E\x14P\x01E\x14P\x01E\x14P\x01E\x14P\x01E\x14P\x01E\x14P\x01E\x14P\x01E\x14P\x01E\x14P\x01E\x14P\x01E\x14P\x01E\x14P\x01E\x14P\x01E\x14P\x01E\x14P\x01E\x14P\x01E\x14P\x01E\x14P\x01E\x14P\x01E\x14P\x01E\x14P\x01E\x14P\x01E\x14P\x01E\x14P\x01E\x14P\x01E\x14P\x01E\x14P\x01E\x14P\x01E\x14P\x01E\x14P\x01E\x14P\x01E\x14P\x01E\x14P\x01E' 262
2026-09-22 14:16:58,136 Thread-6180 (_process_events) root DEBUG bip.py                    2834  _bip_ev_server_put_image_req : _bip_ev_server_put_image_req b'\xe0N\xe4\x08\xdc\x1b\x00\x00\xfc\x00H\x00\xfcE\x14P\x01E\x14P\x01E\x14P\x01E\x14P\x01E\x14P\x01E\x14P\x01E\x14P\x01E\x14P\x01E\x14P\x01E\x14P\x01E\x14P\x01E\x14P\x01E\x14P\x01E\x14P\x01E\x14P\x01E\x14P\x01E\x14P\x01E\x14P\x01E\x14P\x01E\x14P\x01E\x14P\x01E\x14P\x01E\x14P\x01E\x14P\x01E\x14P\x01E\x14P\x01E\x14P\x01E\x14P\x01E\x14P\x01E\x14P\x01E\x14P\x01E\x14P\x01E\x14P\x01E\x14P\x01E\x14P\x01E\x14P\x01E\x14P\x01E\x14P\x01E\x14P\x01E\x14P\x01E\x14P\x01E\x14P\x01E\x14P\x01E\x14P\x01E\x14P\x01E\x14P\x01E\x14P\x01E\x14P\x01E\x14P\x01E\x14P\x01E\x14P\x01E\x14P\x01E\x14P\x01E\x14P\x01E\x14P\x01E\x14P\x01E\x14P\x01E\x14P\x01E\x14P\x01E\x14P\x01E\x14P\x01E\x14P\x01E'
2026-09-22 14:16:58,137 Thread-6180 (_process_events) root DEBUG bip.py                    2361  _update_srm_state         : _update_srm_state: sess=<autopts.ptsprojects.stack.layers.bip.OBEXSession object at 0x000002BEEC7A8890> srm=None srmp=None srm_allowed=True srm_flags=0x03
2026-09-22 14:16:58,137 Thread-6180 (_process_events) root DEBUG bip.py                    2378  _update_srm_state         : _update_srm_state: after update srm_flags=0x03
2026-09-22 14:16:58,137 Thread-6180 (_process_events) root DEBUG bip.py                    2469  _send_put_rsp_with_srm    : _send_put_rsp_with_srm: role=0 sess=<autopts.ptsprojects.stack.layers.bip.OBEXSession object at 0x000002BEEC7A8890> srm_allowed=True srm_flags=0x03 srmp_wait_count=0 final=0
2026-09-22 14:16:58,146 BTPWorkerThread-6170 (_rx_task) root DEBUG iutctl_common.py          123   read                      : Read 5 bytes
2026-09-22 14:16:58,146 BTPWorkerThread-6170 (_rx_task) root DEBUG iutctl_common.py          131   read                      : Received: hdr: Header(svc_id=0x21, op=0x90, ctrl_index=0x00, data_len=0x106) bytearray(b'!\x90\x00\x06\x01')
2026-09-22 14:16:58,147 BTPWorkerThread-6170 (_rx_task) root DEBUG iutctl_common.py          139   read                      : Read 70 bytes data
2026-09-22 14:16:58,157 BTPWorkerThread-6170 (_rx_task) root DEBUG iutctl_common.py          139   read                      : Read 126 bytes data
2026-09-22 14:16:58,168 BTPWorkerThread-6170 (_rx_task) root DEBUG iutctl_common.py          139   read                      : Read 66 bytes data
2026-09-22 14:16:58,169 BTPWorkerThread-6170 (_rx_task) root DEBUG iutctl_common.py          154   read                      : Received data: {'e0 4e e4 08 dc 1b 00 00 fc 00 48 00 fc 14 50 01 45 14 50 01 45 14 50 01 45 14 50 01 45 14 50 01 45 14 50 01 45 14 50 01 45 14 50 01 45 14 50 01 45 14 50 01 45 14 50 01 45 14 50 01 45 14 50 01 45 14 50 01 45 14 50 01 45 14 50 01 45 14 50 01 45 14 50 01 45 14 50 01 45 14 50 01 45 14 50 01 45 14 50 01 45 14 50 01 45 14 50 01 45 14 50 01 45 14 50 01 45 14 50 01 45 14 50 01 45 14 50 01 45 14 50 01 45 14 50 01 45 14 50 01 45 14 50 01 45 14 50 01 45 14 50 01 45 14 50 01 45 14 50 01 45 14 50 01 45 14 50 01 45 14 50 01 45 14 50 01 45 14 50 01 45 14 50 01 45 14 50 01 45 14 50 01 45 14 50 01 45 14 50 01 45 14 50 01 45 14 50 01 45 14 50 01 45 14 50 01 45 14 50 01 45 14 50 01 45 14 50 01 45 14 50 01 45 14 50 01 45 14 50 01 45 14 50 01 45 14 50 01 45 14 50 01 45 14 50 01 45 14 50 01 45 14'}, bytearray(b'\xe0N\xe4\x08\xdc\x1b\x00\x00\xfc\x00H\x00\xfc\x14P\x01E\x14P\x01E\x14P\x01E\x14P\x01E\x14P\x01E\x14P\x01E\x14P\x01E\x14P\x01E\x14P\x01E\x14P\x01E\x14P\x01E\x14P\x01E\x14P\x01E\x14P\x01E\x14P\x01E\x14P\x01E\x14P\x01E\x14P\x01E\x14P\x01E\x14P\x01E\x14P\x01E\x14P\x01E\x14P\x01E\x14P\x01E\x14P\x01E\x14P\x01E\x14P\x01E\x14P\x01E\x14P\x01E\x14P\x01E\x14P\x01E\x14P\x01E\x14P\x01E\x14P\x01E\x14P\x01E\x14P\x01E\x14P\x01E\x14P\x01E\x14P\x01E\x14P\x01E\x14P\x01E\x14P\x01E\x14P\x01E\x14P\x01E\x14P\x01E\x14P\x01E\x14P\x01E\x14P\x01E\x14P\x01E\x14P\x01E\x14P\x01E\x14P\x01E\x14P\x01E\x14P\x01E\x14P\x01E\x14P\x01E\x14P\x01E\x14P\x01E\x14P\x01E\x14P\x01E\x14P\x01E\x14P\x01E\x14')
2026-09-22 14:16:58,169 BTPWorkerThread-6170 (_rx_task) root DEBUG btp.py                    704   event_handler             : Header(svc_id=33, op=144, ctrl_index=0, data_len=262) (b'\xe0N\xe4\x08\xdc\x1b\x00\x00\xfc\x00H\x00\xfc\x14P\x01E\x14P\x01E\x14P\x01E\x14P\x01E\x14P\x01E\x14P\x01E\x14P\x01E\x14P\x01E\x14P\x01E\x14P\x01E\x14P\x01E\x14P\x01E\x14P\x01E\x14P\x01E\x14P\x01E\x14P\x01E\x14P\x01E\x14P\x01E\x14P\x01E\x14P\x01E\x14P\x01E\x14P\x01E\x14P\x01E\x14P\x01E\x14P\x01E\x14P\x01E\x14P\x01E\x14P\x01E\x14P\x01E\x14P\x01E\x14P\x01E\x14P\x01E\x14P\x01E\x14P\x01E\x14P\x01E\x14P\x01E\x14P\x01E\x14P\x01E\x14P\x01E\x14P\x01E\x14P\x01E\x14P\x01E\x14P\x01E\x14P\x01E\x14P\x01E\x14P\x01E\x14P\x01E\x14P\x01E\x14P\x01E\x14P\x01E\x14P\x01E\x14P\x01E\x14P\x01E\x14P\x01E\x14P\x01E\x14P\x01E\x14P\x01E\x14P\x01E\x14P\x01E\x14P\x01E\x14P\x01E\x14P\x01E\x14',)
2026-09-22 14:16:58,169 BTPWorkerThread-6170 (_rx_task) root DEBUG bip.py                    3803  bip_ev_server_put_image_req : bip_ev_server_put_image_req <autopts.ptsprojects.stack.layers.bip.BIP object at 0x000002BEEC8A9DF0> b'\xe0N\xe4\x08\xdc\x1b\x00\x00\xfc\x00H\x00\xfc\x14P\x01E\x14P\x01E\x14P\x01E\x14P\x01E\x14P\x01E\x14P\x01E\x14P\x01E\x14P\x01E\x14P\x01E\x14P\x01E\x14P\x01E\x14P\x01E\x14P\x01E\x14P\x01E\x14P\x01E\x14P\x01E\x14P\x01E\x14P\x01E\x14P\x01E\x14P\x01E\x14P\x01E\x14P\x01E\x14P\x01E\x14P\x01E\x14P\x01E\x14P\x01E\x14P\x01E\x14P\x01E\x14P\x01E\x14P\x01E\x14P\x01E\x14P\x01E\x14P\x01E\x14P\x01E\x14P\x01E\x14P\x01E\x14P\x01E\x14P\x01E\x14P\x01E\x14P\x01E\x14P\x01E\x14P\x01E\x14P\x01E\x14P\x01E\x14P\x01E\x14P\x01E\x14P\x01E\x14P\x01E\x14P\x01E\x14P\x01E\x14P\x01E\x14P\x01E\x14P\x01E\x14P\x01E\x14P\x01E\x14P\x01E\x14P\x01E\x14P\x01E\x14P\x01E\x14P\x01E\x14P\x01E\x14P\x01E\x14' 262
2026-09-22 14:16:58,170 Thread-6180 (_process_events) root DEBUG bip.py                    2834  _bip_ev_server_put_image_req : _bip_ev_server_put_image_req b'\xe0N\xe4\x08\xdc\x1b\x00\x00\xfc\x00H\x00\xfc\x14P\x01E\x14P\x01E\x14P\x01E\x14P\x01E\x14P\x01E\x14P\x01E\x14P\x01E\x14P\x01E\x14P\x01E\x14P\x01E\x14P\x01E\x14P\x01E\x14P\x01E\x14P\x01E\x14P\x01E\x14P\x01E\x14P\x01E\x14P\x01E\x14P\x01E\x14P\x01E\x14P\x01E\x14P\x01E\x14P\x01E\x14P\x01E\x14P\x01E\x14P\x01E\x14P\x01E\x14P\x01E\x14P\x01E\x14P\x01E\x14P\x01E\x14P\x01E\x14P\x01E\x14P\x01E\x14P\x01E\x14P\x01E\x14P\x01E\x14P\x01E\x14P\x01E\x14P\x01E\x14P\x01E\x14P\x01E\x14P\x01E\x14P\x01E\x14P\x01E\x14P\x01E\x14P\x01E\x14P\x01E\x14P\x01E\x14P\x01E\x14P\x01E\x14P\x01E\x14P\x01E\x14P\x01E\x14P\x01E\x14P\x01E\x14P\x01E\x14P\x01E\x14P\x01E\x14P\x01E\x14P\x01E\x14P\x01E\x14'
2026-09-22 14:16:58,170 Thread-6180 (_process_events) root DEBUG bip.py                    2361  _update_srm_state         : _update_srm_state: sess=<autopts.ptsprojects.stack.layers.bip.OBEXSession object at 0x000002BEEC7A8890> srm=None srmp=None srm_allowed=True srm_flags=0x03
2026-09-22 14:16:58,170 Thread-6180 (_process_events) root DEBUG bip.py                    2378  _update_srm_state         : _update_srm_state: after update srm_flags=0x03
2026-09-22 14:16:58,170 Thread-6180 (_process_events) root DEBUG bip.py                    2469  _send_put_rsp_with_srm    : _send_put_rsp_with_srm: role=0 sess=<autopts.ptsprojects.stack.layers.bip.OBEXSession object at 0x000002BEEC7A8890> srm_allowed=True srm_flags=0x03 srmp_wait_count=0 final=0
2026-09-22 14:16:58,179 BTPWorkerThread-6170 (_rx_task) root DEBUG iutctl_common.py          123   read                      : Read 5 bytes
2026-09-22 14:16:58,179 BTPWorkerThread-6170 (_rx_task) root DEBUG iutctl_common.py          131   read                      : Received: hdr: Header(svc_id=0x21, op=0x90, ctrl_index=0x00, data_len=0x106) bytearray(b'!\x90\x00\x06\x01')
2026-09-22 14:16:58,180 BTPWorkerThread-6170 (_rx_task) root DEBUG iutctl_common.py          139   read                      : Read 87 bytes data
2026-09-22 14:16:58,190 BTPWorkerThread-6170 (_rx_task) root DEBUG iutctl_common.py          139   read                      : Read 128 bytes data
2026-09-22 14:16:58,201 BTPWorkerThread-6170 (_rx_task) root DEBUG iutctl_common.py          139   read                      : Read 47 bytes data
2026-09-22 14:16:58,202 BTPWorkerThread-6170 (_rx_task) root DEBUG iutctl_common.py          154   read                      : Received data: {'e0 4e e4 08 dc 1b 00 00 fc 00 48 00 fc 50 01 45 14 50 01 45 14 50 01 45 14 50 01 45 14 50 01 45 14 50 01 45 14 50 01 45 14 50 01 45 14 50 01 45 14 50 01 45 14 50 01 45 14 50 01 45 14 50 01 45 14 50 01 45 14 50 01 45 14 50 01 45 14 50 01 45 14 50 01 45 14 50 01 45 14 50 01 45 14 50 01 45 14 50 01 45 14 50 01 45 14 50 01 45 14 50 01 45 14 50 01 45 14 50 01 45 14 50 01 45 14 50 01 45 14 50 01 45 14 50 01 45 14 50 01 45 14 50 01 45 14 50 01 45 14 50 01 45 14 50 01 45 14 50 01 45 14 50 01 45 14 50 01 45 14 50 01 45 14 50 01 45 14 50 01 45 14 50 01 45 14 50 01 45 14 50 01 45 14 50 01 45 14 50 01 45 14 50 01 45 14 50 01 45 14 50 01 45 14 50 01 45 14 50 01 45 14 50 01 45 14 50 01 45 14 50 01 45 14 50 01 45 14 50 01 45 14 50 01 45 14 50 01 45 14 50 01 45 14 50 01 45 14 50 01 45 14 50'}, bytearray(b'\xe0N\xe4\x08\xdc\x1b\x00\x00\xfc\x00H\x00\xfcP\x01E\x14P\x01E\x14P\x01E\x14P\x01E\x14P\x01E\x14P\x01E\x14P\x01E\x14P\x01E\x14P\x01E\x14P\x01E\x14P\x01E\x14P\x01E\x14P\x01E\x14P\x01E\x14P\x01E\x14P\x01E\x14P\x01E\x14P\x01E\x14P\x01E\x14P\x01E\x14P\x01E\x14P\x01E\x14P\x01E\x14P\x01E\x14P\x01E\x14P\x01E\x14P\x01E\x14P\x01E\x14P\x01E\x14P\x01E\x14P\x01E\x14P\x01E\x14P\x01E\x14P\x01E\x14P\x01E\x14P\x01E\x14P\x01E\x14P\x01E\x14P\x01E\x14P\x01E\x14P\x01E\x14P\x01E\x14P\x01E\x14P\x01E\x14P\x01E\x14P\x01E\x14P\x01E\x14P\x01E\x14P\x01E\x14P\x01E\x14P\x01E\x14P\x01E\x14P\x01E\x14P\x01E\x14P\x01E\x14P\x01E\x14P\x01E\x14P\x01E\x14P\x01E\x14P\x01E\x14P\x01E\x14P\x01E\x14P')
2026-09-22 14:16:58,202 BTPWorkerThread-6170 (_rx_task) root DEBUG btp.py                    704   event_handler             : Header(svc_id=33, op=144, ctrl_index=0, data_len=262) (b'\xe0N\xe4\x08\xdc\x1b\x00\x00\xfc\x00H\x00\xfcP\x01E\x14P\x01E\x14P\x01E\x14P\x01E\x14P\x01E\x14P\x01E\x14P\x01E\x14P\x01E\x14P\x01E\x14P\x01E\x14P\x01E\x14P\x01E\x14P\x01E\x14P\x01E\x14P\x01E\x14P\x01E\x14P\x01E\x14P\x01E\x14P\x01E\x14P\x01E\x14P\x01E\x14P\x01E\x14P\x01E\x14P\x01E\x14P\x01E\x14P\x01E\x14P\x01E\x14P\x01E\x14P\x01E\x14P\x01E\x14P\x01E\x14P\x01E\x14P\x01E\x14P\x01E\x14P\x01E\x14P\x01E\x14P\x01E\x14P\x01E\x14P\x01E\x14P\x01E\x14P\x01E\x14P\x01E\x14P\x01E\x14P\x01E\x14P\x01E\x14P\x01E\x14P\x01E\x14P\x01E\x14P\x01E\x14P\x01E\x14P\x01E\x14P\x01E\x14P\x01E\x14P\x01E\x14P\x01E\x14P\x01E\x14P\x01E\x14P\x01E\x14P\x01E\x14P\x01E\x14P\x01E\x14P\x01E\x14P',)
2026-09-22 14:16:58,202 BTPWorkerThread-6170 (_rx_task) root DEBUG bip.py                    3803  bip_ev_server_put_image_req : bip_ev_server_put_image_req <autopts.ptsprojects.stack.layers.bip.BIP object at 0x000002BEEC8A9DF0> b'\xe0N\xe4\x08\xdc\x1b\x00\x00\xfc\x00H\x00\xfcP\x01E\x14P\x01E\x14P\x01E\x14P\x01E\x14P\x01E\x14P\x01E\x14P\x01E\x14P\x01E\x14P\x01E\x14P\x01E\x14P\x01E\x14P\x01E\x14P\x01E\x14P\x01E\x14P\x01E\x14P\x01E\x14P\x01E\x14P\x01E\x14P\x01E\x14P\x01E\x14P\x01E\x14P\x01E\x14P\x01E\x14P\x01E\x14P\x01E\x14P\x01E\x14P\x01E\x14P\x01E\x14P\x01E\x14P\x01E\x14P\x01E\x14P\x01E\x14P\x01E\x14P\x01E\x14P\x01E\x14P\x01E\x14P\x01E\x14P\x01E\x14P\x01E\x14P\x01E\x14P\x01E\x14P\x01E\x14P\x01E\x14P\x01E\x14P\x01E\x14P\x01E\x14P\x01E\x14P\x01E\x14P\x01E\x14P\x01E\x14P\x01E\x14P\x01E\x14P\x01E\x14P\x01E\x14P\x01E\x14P\x01E\x14P\x01E\x14P\x01E\x14P\x01E\x14P\x01E\x14P\x01E\x14P\x01E\x14P' 262
2026-09-22 14:16:58,203 Thread-6180 (_process_events) root DEBUG bip.py                    2834  _bip_ev_server_put_image_req : _bip_ev_server_put_image_req b'\xe0N\xe4\x08\xdc\x1b\x00\x00\xfc\x00H\x00\xfcP\x01E\x14P\x01E\x14P\x01E\x14P\x01E\x14P\x01E\x14P\x01E\x14P\x01E\x14P\x01E\x14P\x01E\x14P\x01E\x14P\x01E\x14P\x01E\x14P\x01E\x14P\x01E\x14P\x01E\x14P\x01E\x14P\x01E\x14P\x01E\x14P\x01E\x14P\x01E\x14P\x01E\x14P\x01E\x14P\x01E\x14P\x01E\x14P\x01E\x14P\x01E\x14P\x01E\x14P\x01E\x14P\x01E\x14P\x01E\x14P\x01E\x14P\x01E\x14P\x01E\x14P\x01E\x14P\x01E\x14P\x01E\x14P\x01E\x14P\x01E\x14P\x01E\x14P\x01E\x14P\x01E\x14P\x01E\x14P\x01E\x14P\x01E\x14P\x01E\x14P\x01E\x14P\x01E\x14P\x01E\x14P\x01E\x14P\x01E\x14P\x01E\x14P\x01E\x14P\x01E\x14P\x01E\x14P\x01E\x14P\x01E\x14P\x01E\x14P\x01E\x14P\x01E\x14P\x01E\x14P\x01E\x14P\x01E\x14P'
2026-09-22 14:16:58,203 Thread-6180 (_process_events) root DEBUG bip.py                    2361  _update_srm_state         : _update_srm_state: sess=<autopts.ptsprojects.stack.layers.bip.OBEXSession object at 0x000002BEEC7A8890> srm=None srmp=None srm_allowed=True srm_flags=0x03
2026-09-22 14:16:58,203 Thread-6180 (_process_events) root DEBUG bip.py                    2378  _update_srm_state         : _update_srm_state: after update srm_flags=0x03
2026-09-22 14:16:58,204 Thread-6180 (_process_events) root DEBUG bip.py                    2469  _send_put_rsp_with_srm    : _send_put_rsp_with_srm: role=0 sess=<autopts.ptsprojects.stack.layers.bip.OBEXSession object at 0x000002BEEC7A8890> srm_allowed=True srm_flags=0x03 srmp_wait_count=0 final=0
2026-09-22 14:16:58,212 BTPWorkerThread-6170 (_rx_task) root DEBUG iutctl_common.py          123   read                      : Read 5 bytes
2026-09-22 14:16:58,213 BTPWorkerThread-6170 (_rx_task) root DEBUG iutctl_common.py          131   read                      : Received: hdr: Header(svc_id=0x21, op=0x90, ctrl_index=0x00, data_len=0x106) bytearray(b'!\x90\x00\x06\x01')
2026-09-22 14:16:58,213 BTPWorkerThread-6170 (_rx_task) root DEBUG iutctl_common.py          139   read                      : Read 99 bytes data
2026-09-22 14:16:58,223 BTPWorkerThread-6170 (_rx_task) root DEBUG iutctl_common.py          139   read                      : Read 125 bytes data
2026-09-22 14:16:58,234 BTPWorkerThread-6170 (_rx_task) root DEBUG iutctl_common.py          139   read                      : Read 38 bytes data
2026-09-22 14:16:58,236 BTPWorkerThread-6170 (_rx_task) root DEBUG iutctl_common.py          154   read                      : Received data: {'e0 4e e4 08 dc 1b 00 00 fc 00 48 00 fc 01 45 14 50 01 45 14 50 01 45 14 50 01 45 14 50 01 45 14 50 01 45 14 50 01 45 14 50 01 45 14 50 01 45 14 50 01 45 14 50 01 45 14 50 01 45 14 50 01 45 14 50 01 45 14 50 01 45 14 50 01 45 14 50 01 45 14 50 01 45 14 50 01 45 14 50 01 45 14 50 01 45 14 50 01 45 14 50 01 45 14 50 01 45 14 50 01 45 14 50 01 45 14 50 01 45 14 50 01 45 14 50 01 45 14 50 01 45 14 50 01 45 14 50 01 45 14 50 01 45 14 50 01 45 14 50 01 45 14 50 01 45 14 50 01 45 14 50 01 45 14 50 01 45 14 50 01 45 14 50 01 45 14 50 01 45 14 50 01 45 14 50 01 45 14 50 01 45 14 50 01 45 14 50 01 45 14 50 01 45 14 50 01 45 14 50 01 45 14 50 01 45 14 50 01 45 14 50 01 45 14 50 01 45 14 50 01 45 14 50 01 45 14 50 01 45 14 50 01 45 14 50 01 45 14 50 01 45 14 50 01 45 14 50 01 45 14 50 01'}, bytearray(b'\xe0N\xe4\x08\xdc\x1b\x00\x00\xfc\x00H\x00\xfc\x01E\x14P\x01E\x14P\x01E\x14P\x01E\x14P\x01E\x14P\x01E\x14P\x01E\x14P\x01E\x14P\x01E\x14P\x01E\x14P\x01E\x14P\x01E\x14P\x01E\x14P\x01E\x14P\x01E\x14P\x01E\x14P\x01E\x14P\x01E\x14P\x01E\x14P\x01E\x14P\x01E\x14P\x01E\x14P\x01E\x14P\x01E\x14P\x01E\x14P\x01E\x14P\x01E\x14P\x01E\x14P\x01E\x14P\x01E\x14P\x01E\x14P\x01E\x14P\x01E\x14P\x01E\x14P\x01E\x14P\x01E\x14P\x01E\x14P\x01E\x14P\x01E\x14P\x01E\x14P\x01E\x14P\x01E\x14P\x01E\x14P\x01E\x14P\x01E\x14P\x01E\x14P\x01E\x14P\x01E\x14P\x01E\x14P\x01E\x14P\x01E\x14P\x01E\x14P\x01E\x14P\x01E\x14P\x01E\x14P\x01E\x14P\x01E\x14P\x01E\x14P\x01E\x14P\x01E\x14P\x01E\x14P\x01E\x14P\x01')
2026-09-22 14:16:58,236 BTPWorkerThread-6170 (_rx_task) root DEBUG btp.py                    704   event_handler             : Header(svc_id=33, op=144, ctrl_index=0, data_len=262) (b'\xe0N\xe4\x08\xdc\x1b\x00\x00\xfc\x00H\x00\xfc\x01E\x14P\x01E\x14P\x01E\x14P\x01E\x14P\x01E\x14P\x01E\x14P\x01E\x14P\x01E\x14P\x01E\x14P\x01E\x14P\x01E\x14P\x01E\x14P\x01E\x14P\x01E\x14P\x01E\x14P\x01E\x14P\x01E\x14P\x01E\x14P\x01E\x14P\x01E\x14P\x01E\x14P\x01E\x14P\x01E\x14P\x01E\x14P\x01E\x14P\x01E\x14P\x01E\x14P\x01E\x14P\x01E\x14P\x01E\x14P\x01E\x14P\x01E\x14P\x01E\x14P\x01E\x14P\x01E\x14P\x01E\x14P\x01E\x14P\x01E\x14P\x01E\x14P\x01E\x14P\x01E\x14P\x01E\x14P\x01E\x14P\x01E\x14P\x01E\x14P\x01E\x14P\x01E\x14P\x01E\x14P\x01E\x14P\x01E\x14P\x01E\x14P\x01E\x14P\x01E\x14P\x01E\x14P\x01E\x14P\x01E\x14P\x01E\x14P\x01E\x14P\x01E\x14P\x01E\x14P\x01E\x14P\x01E\x14P\x01',)
2026-09-22 14:16:58,236 BTPWorkerThread-6170 (_rx_task) root DEBUG bip.py                    3803  bip_ev_server_put_image_req : bip_ev_server_put_image_req <autopts.ptsprojects.stack.layers.bip.BIP object at 0x000002BEEC8A9DF0> b'\xe0N\xe4\x08\xdc\x1b\x00\x00\xfc\x00H\x00\xfc\x01E\x14P\x01E\x14P\x01E\x14P\x01E\x14P\x01E\x14P\x01E\x14P\x01E\x14P\x01E\x14P\x01E\x14P\x01E\x14P\x01E\x14P\x01E\x14P\x01E\x14P\x01E\x14P\x01E\x14P\x01E\x14P\x01E\x14P\x01E\x14P\x01E\x14P\x01E\x14P\x01E\x14P\x01E\x14P\x01E\x14P\x01E\x14P\x01E\x14P\x01E\x14P\x01E\x14P\x01E\x14P\x01E\x14P\x01E\x14P\x01E\x14P\x01E\x14P\x01E\x14P\x01E\x14P\x01E\x14P\x01E\x14P\x01E\x14P\x01E\x14P\x01E\x14P\x01E\x14P\x01E\x14P\x01E\x14P\x01E\x14P\x01E\x14P\x01E\x14P\x01E\x14P\x01E\x14P\x01E\x14P\x01E\x14P\x01E\x14P\x01E\x14P\x01E\x14P\x01E\x14P\x01E\x14P\x01E\x14P\x01E\x14P\x01E\x14P\x01E\x14P\x01E\x14P\x01E\x14P\x01E\x14P\x01E\x14P\x01' 262
2026-09-22 14:16:58,237 Thread-6180 (_process_events) root DEBUG bip.py                    2834  _bip_ev_server_put_image_req : _bip_ev_server_put_image_req b'\xe0N\xe4\x08\xdc\x1b\x00\x00\xfc\x00H\x00\xfc\x01E\x14P\x01E\x14P\x01E\x14P\x01E\x14P\x01E\x14P\x01E\x14P\x01E\x14P\x01E\x14P\x01E\x14P\x01E\x14P\x01E\x14P\x01E\x14P\x01E\x14P\x01E\x14P\x01E\x14P\x01E\x14P\x01E\x14P\x01E\x14P\x01E\x14P\x01E\x14P\x01E\x14P\x01E\x14P\x01E\x14P\x01E\x14P\x01E\x14P\x01E\x14P\x01E\x14P\x01E\x14P\x01E\x14P\x01E\x14P\x01E\x14P\x01E\x14P\x01E\x14P\x01E\x14P\x01E\x14P\x01E\x14P\x01E\x14P\x01E\x14P\x01E\x14P\x01E\x14P\x01E\x14P\x01E\x14P\x01E\x14P\x01E\x14P\x01E\x14P\x01E\x14P\x01E\x14P\x01E\x14P\x01E\x14P\x01E\x14P\x01E\x14P\x01E\x14P\x01E\x14P\x01E\x14P\x01E\x14P\x01E\x14P\x01E\x14P\x01E\x14P\x01E\x14P\x01E\x14P\x01E\x14P\x01E\x14P\x01'
2026-09-22 14:16:58,237 BTPWorkerThread-6170 (_rx_task) root DEBUG iutctl_common.py          123   read                      : Read 5 bytes
2026-09-22 14:16:58,237 Thread-6180 (_process_events) root DEBUG bip.py                    2361  _update_srm_state         : _update_srm_state: sess=<autopts.ptsprojects.stack.layers.bip.OBEXSession object at 0x000002BEEC7A8890> srm=None srmp=None srm_allowed=True srm_flags=0x03
2026-09-22 14:16:58,237 Thread-6180 (_process_events) root DEBUG bip.py                    2378  _update_srm_state         : _update_srm_state: after update srm_flags=0x03
2026-09-22 14:16:58,238 BTPWorkerThread-6170 (_rx_task) root DEBUG iutctl_common.py          131   read                      : Received: hdr: Header(svc_id=0x21, op=0x90, ctrl_index=0x00, data_len=0x106) bytearray(b'!\x90\x00\x06\x01')
2026-09-22 14:16:58,238 Thread-6180 (_process_events) root DEBUG bip.py                    2469  _send_put_rsp_with_srm    : _send_put_rsp_with_srm: role=0 sess=<autopts.ptsprojects.stack.layers.bip.OBEXSession object at 0x000002BEEC7A8890> srm_allowed=True srm_flags=0x03 srmp_wait_count=0 final=0
2026-09-22 14:16:58,238 BTPWorkerThread-6170 (_rx_task) root DEBUG iutctl_common.py          139   read                      : Read 9 bytes data
2026-09-22 14:16:58,245 BTPWorkerThread-6170 (_rx_task) root DEBUG iutctl_common.py          139   read                      : Read 126 bytes data
2026-09-22 14:16:58,256 BTPWorkerThread-6170 (_rx_task) root DEBUG iutctl_common.py          139   read                      : Read 127 bytes data
2026-09-22 14:16:58,257 BTPWorkerThread-6170 (_rx_task) root DEBUG iutctl_common.py          154   read                      : Received data: {'e0 4e e4 08 dc 1b 00 00 fc 00 48 00 fc 45 14 50 01 45 14 50 01 45 14 50 01 45 14 50 01 45 14 50 01 45 14 50 01 45 14 50 01 45 14 50 01 45 14 50 01 45 14 50 01 45 14 50 01 45 14 50 01 45 14 50 01 45 14 50 01 45 14 50 01 45 14 50 01 45 14 50 01 45 14 50 01 45 14 50 01 45 14 50 01 45 14 50 01 45 14 50 01 45 14 50 01 45 14 50 01 45 14 50 01 45 14 50 01 45 14 50 01 45 14 50 01 45 14 50 01 45 14 50 01 45 14 50 01 45 14 50 01 45 14 50 01 45 14 50 01 45 14 50 01 45 14 50 01 45 14 50 01 45 14 50 01 45 14 50 01 45 14 50 01 45 14 50 01 45 14 50 01 45 14 50 01 45 14 50 01 45 14 50 01 45 14 50 01 45 14 50 01 45 14 50 01 45 14 50 01 45 14 50 01 45 14 50 01 45 14 50 01 45 14 50 01 45 14 50 01 45 14 50 01 45 14 50 01 45 14 50 01 45 14 50 01 45 14 50 01 45 14 50 01 45 14 50 01 45 14 50 01 45'}, bytearray(b'\xe0N\xe4\x08\xdc\x1b\x00\x00\xfc\x00H\x00\xfcE\x14P\x01E\x14P\x01E\x14P\x01E\x14P\x01E\x14P\x01E\x14P\x01E\x14P\x01E\x14P\x01E\x14P\x01E\x14P\x01E\x14P\x01E\x14P\x01E\x14P\x01E\x14P\x01E\x14P\x01E\x14P\x01E\x14P\x01E\x14P\x01E\x14P\x01E\x14P\x01E\x14P\x01E\x14P\x01E\x14P\x01E\x14P\x01E\x14P\x01E\x14P\x01E\x14P\x01E\x14P\x01E\x14P\x01E\x14P\x01E\x14P\x01E\x14P\x01E\x14P\x01E\x14P\x01E\x14P\x01E\x14P\x01E\x14P\x01E\x14P\x01E\x14P\x01E\x14P\x01E\x14P\x01E\x14P\x01E\x14P\x01E\x14P\x01E\x14P\x01E\x14P\x01E\x14P\x01E\x14P\x01E\x14P\x01E\x14P\x01E\x14P\x01E\x14P\x01E\x14P\x01E\x14P\x01E\x14P\x01E\x14P\x01E\x14P\x01E\x14P\x01E\x14P\x01E\x14P\x01E\x14P\x01E\x14P\x01E')
2026-09-22 14:16:58,257 BTPWorkerThread-6170 (_rx_task) root DEBUG btp.py                    704   event_handler             : Header(svc_id=33, op=144, ctrl_index=0, data_len=262) (b'\xe0N\xe4\x08\xdc\x1b\x00\x00\xfc\x00H\x00\xfcE\x14P\x01E\x14P\x01E\x14P\x01E\x14P\x01E\x14P\x01E\x14P\x01E\x14P\x01E\x14P\x01E\x14P\x01E\x14P\x01E\x14P\x01E\x14P\x01E\x14P\x01E\x14P\x01E\x14P\x01E\x14P\x01E\x14P\x01E\x14P\x01E\x14P\x01E\x14P\x01E\x14P\x01E\x14P\x01E\x14P\x01E\x14P\x01E\x14P\x01E\x14P\x01E\x14P\x01E\x14P\x01E\x14P\x01E\x14P\x01E\x14P\x01E\x14P\x01E\x14P\x01E\x14P\x01E\x14P\x01E\x14P\x01E\x14P\x01E\x14P\x01E\x14P\x01E\x14P\x01E\x14P\x01E\x14P\x01E\x14P\x01E\x14P\x01E\x14P\x01E\x14P\x01E\x14P\x01E\x14P\x01E\x14P\x01E\x14P\x01E\x14P\x01E\x14P\x01E\x14P\x01E\x14P\x01E\x14P\x01E\x14P\x01E\x14P\x01E\x14P\x01E\x14P\x01E\x14P\x01E\x14P\x01E\x14P\x01E',)
2026-09-22 14:16:58,257 BTPWorkerThread-6170 (_rx_task) root DEBUG bip.py                    3803  bip_ev_server_put_image_req : bip_ev_server_put_image_req <autopts.ptsprojects.stack.layers.bip.BIP object at 0x000002BEEC8A9DF0> b'\xe0N\xe4\x08\xdc\x1b\x00\x00\xfc\x00H\x00\xfcE\x14P\x01E\x14P\x01E\x14P\x01E\x14P\x01E\x14P\x01E\x14P\x01E\x14P\x01E\x14P\x01E\x14P\x01E\x14P\x01E\x14P\x01E\x14P\x01E\x14P\x01E\x14P\x01E\x14P\x01E\x14P\x01E\x14P\x01E\x14P\x01E\x14P\x01E\x14P\x01E\x14P\x01E\x14P\x01E\x14P\x01E\x14P\x01E\x14P\x01E\x14P\x01E\x14P\x01E\x14P\x01E\x14P\x01E\x14P\x01E\x14P\x01E\x14P\x01E\x14P\x01E\x14P\x01E\x14P\x01E\x14P\x01E\x14P\x01E\x14P\x01E\x14P\x01E\x14P\x01E\x14P\x01E\x14P\x01E\x14P\x01E\x14P\x01E\x14P\x01E\x14P\x01E\x14P\x01E\x14P\x01E\x14P\x01E\x14P\x01E\x14P\x01E\x14P\x01E\x14P\x01E\x14P\x01E\x14P\x01E\x14P\x01E\x14P\x01E\x14P\x01E\x14P\x01E\x14P\x01E\x14P\x01E\x14P\x01E' 262
2026-09-22 14:16:58,258 Thread-6180 (_process_events) root DEBUG bip.py                    2834  _bip_ev_server_put_image_req : _bip_ev_server_put_image_req b'\xe0N\xe4\x08\xdc\x1b\x00\x00\xfc\x00H\x00\xfcE\x14P\x01E\x14P\x01E\x14P\x01E\x14P\x01E\x14P\x01E\x14P\x01E\x14P\x01E\x14P\x01E\x14P\x01E\x14P\x01E\x14P\x01E\x14P\x01E\x14P\x01E\x14P\x01E\x14P\x01E\x14P\x01E\x14P\x01E\x14P\x01E\x14P\x01E\x14P\x01E\x14P\x01E\x14P\x01E\x14P\x01E\x14P\x01E\x14P\x01E\x14P\x01E\x14P\x01E\x14P\x01E\x14P\x01E\x14P\x01E\x14P\x01E\x14P\x01E\x14P\x01E\x14P\x01E\x14P\x01E\x14P\x01E\x14P\x01E\x14P\x01E\x14P\x01E\x14P\x01E\x14P\x01E\x14P\x01E\x14P\x01E\x14P\x01E\x14P\x01E\x14P\x01E\x14P\x01E\x14P\x01E\x14P\x01E\x14P\x01E\x14P\x01E\x14P\x01E\x14P\x01E\x14P\x01E\x14P\x01E\x14P\x01E\x14P\x01E\x14P\x01E\x14P\x01E\x14P\x01E\x14P\x01E\x14P\x01E'
2026-09-22 14:16:58,258 Thread-6180 (_process_events) root DEBUG bip.py                    2361  _update_srm_state         : _update_srm_state: sess=<autopts.ptsprojects.stack.layers.bip.OBEXSession object at 0x000002BEEC7A8890> srm=None srmp=None srm_allowed=True srm_flags=0x03
2026-09-22 14:16:58,258 Thread-6180 (_process_events) root DEBUG bip.py                    2378  _update_srm_state         : _update_srm_state: after update srm_flags=0x03
2026-09-22 14:16:58,258 Thread-6180 (_process_events) root DEBUG bip.py                    2469  _send_put_rsp_with_srm    : _send_put_rsp_with_srm: role=0 sess=<autopts.ptsprojects.stack.layers.bip.OBEXSession object at 0x000002BEEC7A8890> srm_allowed=True srm_flags=0x03 srmp_wait_count=0 final=0
2026-09-22 14:16:58,278 BTPWorkerThread-6170 (_rx_task) root DEBUG iutctl_common.py          123   read                      : Read 5 bytes
2026-09-22 14:16:58,278 BTPWorkerThread-6170 (_rx_task) root DEBUG iutctl_common.py          131   read                      : Received: hdr: Header(svc_id=0x21, op=0x90, ctrl_index=0x00, data_len=0x106) bytearray(b'!\x90\x00\x06\x01')
2026-09-22 14:16:58,279 BTPWorkerThread-6170 (_rx_task) root DEBUG iutctl_common.py          139   read                      : Read 119 bytes data
2026-09-22 14:16:58,289 BTPWorkerThread-6170 (_rx_task) root DEBUG iutctl_common.py          139   read                      : Read 129 bytes data
2026-09-22 14:16:58,300 BTPWorkerThread-6170 (_rx_task) root DEBUG iutctl_common.py          139   read                      : Read 14 bytes data
2026-09-22 14:16:58,301 BTPWorkerThread-6170 (_rx_task) root DEBUG iutctl_common.py          154   read                      : Received data: {'e0 4e e4 08 dc 1b 00 00 fc 00 48 00 fc 14 50 01 45 14 50 01 45 14 50 01 45 14 50 01 45 14 50 01 45 14 50 01 45 14 50 01 45 14 50 01 45 14 50 01 45 14 50 01 45 14 50 01 45 14 50 01 45 14 50 01 45 14 50 01 45 14 50 01 45 14 50 01 45 14 50 01 45 14 50 01 45 14 50 01 45 14 50 01 45 14 50 01 45 14 50 01 45 14 50 01 45 14 50 01 45 14 50 01 45 14 50 01 45 14 50 01 45 14 50 01 45 14 50 01 45 14 50 01 45 14 50 01 45 14 50 01 45 14 50 01 45 14 50 01 45 14 50 01 45 14 50 01 45 14 50 01 45 14 50 01 45 14 50 01 45 14 50 01 45 14 50 01 45 14 50 01 45 14 50 01 45 14 50 01 45 14 50 01 45 14 50 01 45 14 50 01 45 14 50 01 45 14 50 01 45 14 50 01 45 14 50 01 45 14 50 01 45 14 50 01 45 14 50 01 45 14 50 01 45 14 50 01 45 14 50 01 45 14 50 01 45 14 50 01 45 14 50 01 45 14 50 01 45 14 50 01 45 14'}, bytearray(b'\xe0N\xe4\x08\xdc\x1b\x00\x00\xfc\x00H\x00\xfc\x14P\x01E\x14P\x01E\x14P\x01E\x14P\x01E\x14P\x01E\x14P\x01E\x14P\x01E\x14P\x01E\x14P\x01E\x14P\x01E\x14P\x01E\x14P\x01E\x14P\x01E\x14P\x01E\x14P\x01E\x14P\x01E\x14P\x01E\x14P\x01E\x14P\x01E\x14P\x01E\x14P\x01E\x14P\x01E\x14P\x01E\x14P\x01E\x14P\x01E\x14P\x01E\x14P\x01E\x14P\x01E\x14P\x01E\x14P\x01E\x14P\x01E\x14P\x01E\x14P\x01E\x14P\x01E\x14P\x01E\x14P\x01E\x14P\x01E\x14P\x01E\x14P\x01E\x14P\x01E\x14P\x01E\x14P\x01E\x14P\x01E\x14P\x01E\x14P\x01E\x14P\x01E\x14P\x01E\x14P\x01E\x14P\x01E\x14P\x01E\x14P\x01E\x14P\x01E\x14P\x01E\x14P\x01E\x14P\x01E\x14P\x01E\x14P\x01E\x14P\x01E\x14P\x01E\x14P\x01E\x14P\x01E\x14P\x01E\x14')
2026-09-22 14:16:58,302 BTPWorkerThread-6170 (_rx_task) root DEBUG btp.py                    704   event_handler             : Header(svc_id=33, op=144, ctrl_index=0, data_len=262) (b'\xe0N\xe4\x08\xdc\x1b\x00\x00\xfc\x00H\x00\xfc\x14P\x01E\x14P\x01E\x14P\x01E\x14P\x01E\x14P\x01E\x14P\x01E\x14P\x01E\x14P\x01E\x14P\x01E\x14P\x01E\x14P\x01E\x14P\x01E\x14P\x01E\x14P\x01E\x14P\x01E\x14P\x01E\x14P\x01E\x14P\x01E\x14P\x01E\x14P\x01E\x14P\x01E\x14P\x01E\x14P\x01E\x14P\x01E\x14P\x01E\x14P\x01E\x14P\x01E\x14P\x01E\x14P\x01E\x14P\x01E\x14P\x01E\x14P\x01E\x14P\x01E\x14P\x01E\x14P\x01E\x14P\x01E\x14P\x01E\x14P\x01E\x14P\x01E\x14P\x01E\x14P\x01E\x14P\x01E\x14P\x01E\x14P\x01E\x14P\x01E\x14P\x01E\x14P\x01E\x14P\x01E\x14P\x01E\x14P\x01E\x14P\x01E\x14P\x01E\x14P\x01E\x14P\x01E\x14P\x01E\x14P\x01E\x14P\x01E\x14P\x01E\x14P\x01E\x14P\x01E\x14P\x01E\x14P\x01E\x14',)
2026-09-22 14:16:58,302 BTPWorkerThread-6170 (_rx_task) root DEBUG bip.py                    3803  bip_ev_server_put_image_req : bip_ev_server_put_image_req <autopts.ptsprojects.stack.layers.bip.BIP object at 0x000002BEEC8A9DF0> b'\xe0N\xe4\x08\xdc\x1b\x00\x00\xfc\x00H\x00\xfc\x14P\x01E\x14P\x01E\x14P\x01E\x14P\x01E\x14P\x01E\x14P\x01E\x14P\x01E\x14P\x01E\x14P\x01E\x14P\x01E\x14P\x01E\x14P\x01E\x14P\x01E\x14P\x01E\x14P\x01E\x14P\x01E\x14P\x01E\x14P\x01E\x14P\x01E\x14P\x01E\x14P\x01E\x14P\x01E\x14P\x01E\x14P\x01E\x14P\x01E\x14P\x01E\x14P\x01E\x14P\x01E\x14P\x01E\x14P\x01E\x14P\x01E\x14P\x01E\x14P\x01E\x14P\x01E\x14P\x01E\x14P\x01E\x14P\x01E\x14P\x01E\x14P\x01E\x14P\x01E\x14P\x01E\x14P\x01E\x14P\x01E\x14P\x01E\x14P\x01E\x14P\x01E\x14P\x01E\x14P\x01E\x14P\x01E\x14P\x01E\x14P\x01E\x14P\x01E\x14P\x01E\x14P\x01E\x14P\x01E\x14P\x01E\x14P\x01E\x14P\x01E\x14P\x01E\x14P\x01E\x14P\x01E\x14P\x01E\x14' 262
2026-09-22 14:16:58,303 Thread-6180 (_process_events) root DEBUG bip.py                    2834  _bip_ev_server_put_image_req : _bip_ev_server_put_image_req b'\xe0N\xe4\x08\xdc\x1b\x00\x00\xfc\x00H\x00\xfc\x14P\x01E\x14P\x01E\x14P\x01E\x14P\x01E\x14P\x01E\x14P\x01E\x14P\x01E\x14P\x01E\x14P\x01E\x14P\x01E\x14P\x01E\x14P\x01E\x14P\x01E\x14P\x01E\x14P\x01E\x14P\x01E\x14P\x01E\x14P\x01E\x14P\x01E\x14P\x01E\x14P\x01E\x14P\x01E\x14P\x01E\x14P\x01E\x14P\x01E\x14P\x01E\x14P\x01E\x14P\x01E\x14P\x01E\x14P\x01E\x14P\x01E\x14P\x01E\x14P\x01E\x14P\x01E\x14P\x01E\x14P\x01E\x14P\x01E\x14P\x01E\x14P\x01E\x14P\x01E\x14P\x01E\x14P\x01E\x14P\x01E\x14P\x01E\x14P\x01E\x14P\x01E\x14P\x01E\x14P\x01E\x14P\x01E\x14P\x01E\x14P\x01E\x14P\x01E\x14P\x01E\x14P\x01E\x14P\x01E\x14P\x01E\x14P\x01E\x14P\x01E\x14P\x01E\x14P\x01E\x14P\x01E\x14P\x01E\x14'
2026-09-22 14:16:58,303 BTPWorkerThread-6170 (_rx_task) root DEBUG iutctl_common.py          123   read                      : Read 5 bytes
2026-09-22 14:16:58,304 Thread-6180 (_process_events) root DEBUG bip.py                    2361  _update_srm_state         : _update_srm_state: sess=<autopts.ptsprojects.stack.layers.bip.OBEXSession object at 0x000002BEEC7A8890> srm=None srmp=None srm_allowed=True srm_flags=0x03
2026-09-22 14:16:58,304 BTPWorkerThread-6170 (_rx_task) root DEBUG iutctl_common.py          131   read                      : Received: hdr: Header(svc_id=0x21, op=0x90, ctrl_index=0x00, data_len=0x106) bytearray(b'!\x90\x00\x06\x01')
2026-09-22 14:16:58,304 Thread-6180 (_process_events) root DEBUG bip.py                    2378  _update_srm_state         : _update_srm_state: after update srm_flags=0x03
2026-09-22 14:16:58,304 BTPWorkerThread-6170 (_rx_task) root DEBUG iutctl_common.py          139   read                      : Read 26 bytes data
2026-09-22 14:16:58,305 Thread-6180 (_process_events) root DEBUG bip.py                    2469  _send_put_rsp_with_srm    : _send_put_rsp_with_srm: role=0 sess=<autopts.ptsprojects.stack.layers.bip.OBEXSession object at 0x000002BEEC7A8890> srm_allowed=True srm_flags=0x03 srmp_wait_count=0 final=0
2026-09-22 14:16:58,311 BTPWorkerThread-6170 (_rx_task) root DEBUG iutctl_common.py          139   read                      : Read 128 bytes data
2026-09-22 14:16:58,322 BTPWorkerThread-6170 (_rx_task) root DEBUG iutctl_common.py          139   read                      : Read 108 bytes data
2026-09-22 14:16:58,323 BTPWorkerThread-6170 (_rx_task) root DEBUG iutctl_common.py          154   read                      : Received data: {'e0 4e e4 08 dc 1b 00 00 fc 00 48 00 fc 50 01 45 14 50 01 45 14 50 01 45 14 50 01 45 14 50 01 45 14 50 01 45 14 50 01 45 14 50 01 45 14 50 01 45 14 50 01 45 14 50 01 45 14 50 01 45 14 50 01 45 14 50 01 45 14 50 01 45 14 50 01 45 14 50 01 45 14 50 01 45 14 50 01 45 14 50 01 45 14 50 01 45 14 50 01 45 14 50 01 45 14 50 01 45 14 50 01 45 14 50 01 45 14 50 01 45 14 50 01 45 14 50 01 45 14 50 01 45 14 50 01 45 14 50 01 45 14 50 01 45 14 50 01 45 14 50 01 45 14 50 01 45 14 50 01 45 14 50 01 45 14 50 01 45 14 50 01 45 14 50 01 45 14 50 01 45 14 50 01 45 14 50 01 45 14 50 01 45 14 50 01 45 14 50 01 45 14 50 01 45 14 50 01 45 14 50 01 45 14 50 01 45 14 50 01 45 14 50 01 45 14 50 01 45 14 50 01 45 14 50 01 45 14 50 01 45 14 50 01 45 14 50 01 45 14 50 01 45 14 50 01 45 14 50 01 45 14 50'}, bytearray(b'\xe0N\xe4\x08\xdc\x1b\x00\x00\xfc\x00H\x00\xfcP\x01E\x14P\x01E\x14P\x01E\x14P\x01E\x14P\x01E\x14P\x01E\x14P\x01E\x14P\x01E\x14P\x01E\x14P\x01E\x14P\x01E\x14P\x01E\x14P\x01E\x14P\x01E\x14P\x01E\x14P\x01E\x14P\x01E\x14P\x01E\x14P\x01E\x14P\x01E\x14P\x01E\x14P\x01E\x14P\x01E\x14P\x01E\x14P\x01E\x14P\x01E\x14P\x01E\x14P\x01E\x14P\x01E\x14P\x01E\x14P\x01E\x14P\x01E\x14P\x01E\x14P\x01E\x14P\x01E\x14P\x01E\x14P\x01E\x14P\x01E\x14P\x01E\x14P\x01E\x14P\x01E\x14P\x01E\x14P\x01E\x14P\x01E\x14P\x01E\x14P\x01E\x14P\x01E\x14P\x01E\x14P\x01E\x14P\x01E\x14P\x01E\x14P\x01E\x14P\x01E\x14P\x01E\x14P\x01E\x14P\x01E\x14P\x01E\x14P\x01E\x14P\x01E\x14P\x01E\x14P\x01E\x14P\x01E\x14P')
2026-09-22 14:16:58,323 BTPWorkerThread-6170 (_rx_task) root DEBUG btp.py                    704   event_handler             : Header(svc_id=33, op=144, ctrl_index=0, data_len=262) (b'\xe0N\xe4\x08\xdc\x1b\x00\x00\xfc\x00H\x00\xfcP\x01E\x14P\x01E\x14P\x01E\x14P\x01E\x14P\x01E\x14P\x01E\x14P\x01E\x14P\x01E\x14P\x01E\x14P\x01E\x14P\x01E\x14P\x01E\x14P\x01E\x14P\x01E\x14P\x01E\x14P\x01E\x14P\x01E\x14P\x01E\x14P\x01E\x14P\x01E\x14P\x01E\x14P\x01E\x14P\x01E\x14P\x01E\x14P\x01E\x14P\x01E\x14P\x01E\x14P\x01E\x14P\x01E\x14P\x01E\x14P\x01E\x14P\x01E\x14P\x01E\x14P\x01E\x14P\x01E\x14P\x01E\x14P\x01E\x14P\x01E\x14P\x01E\x14P\x01E\x14P\x01E\x14P\x01E\x14P\x01E\x14P\x01E\x14P\x01E\x14P\x01E\x14P\x01E\x14P\x01E\x14P\x01E\x14P\x01E\x14P\x01E\x14P\x01E\x14P\x01E\x14P\x01E\x14P\x01E\x14P\x01E\x14P\x01E\x14P\x01E\x14P\x01E\x14P\x01E\x14P\x01E\x14P\x01E\x14P',)
2026-09-22 14:16:58,324 BTPWorkerThread-6170 (_rx_task) root DEBUG bip.py                    3803  bip_ev_server_put_image_req : bip_ev_server_put_image_req <autopts.ptsprojects.stack.layers.bip.BIP object at 0x000002BEEC8A9DF0> b'\xe0N\xe4\x08\xdc\x1b\x00\x00\xfc\x00H\x00\xfcP\x01E\x14P\x01E\x14P\x01E\x14P\x01E\x14P\x01E\x14P\x01E\x14P\x01E\x14P\x01E\x14P\x01E\x14P\x01E\x14P\x01E\x14P\x01E\x14P\x01E\x14P\x01E\x14P\x01E\x14P\x01E\x14P\x01E\x14P\x01E\x14P\x01E\x14P\x01E\x14P\x01E\x14P\x01E\x14P\x01E\x14P\x01E\x14P\x01E\x14P\x01E\x14P\x01E\x14P\x01E\x14P\x01E\x14P\x01E\x14P\x01E\x14P\x01E\x14P\x01E\x14P\x01E\x14P\x01E\x14P\x01E\x14P\x01E\x14P\x01E\x14P\x01E\x14P\x01E\x14P\x01E\x14P\x01E\x14P\x01E\x14P\x01E\x14P\x01E\x14P\x01E\x14P\x01E\x14P\x01E\x14P\x01E\x14P\x01E\x14P\x01E\x14P\x01E\x14P\x01E\x14P\x01E\x14P\x01E\x14P\x01E\x14P\x01E\x14P\x01E\x14P\x01E\x14P\x01E\x14P\x01E\x14P\x01E\x14P' 262
2026-09-22 14:16:58,324 Thread-6180 (_process_events) root DEBUG bip.py                    2834  _bip_ev_server_put_image_req : _bip_ev_server_put_image_req b'\xe0N\xe4\x08\xdc\x1b\x00\x00\xfc\x00H\x00\xfcP\x01E\x14P\x01E\x14P\x01E\x14P\x01E\x14P\x01E\x14P\x01E\x14P\x01E\x14P\x01E\x14P\x01E\x14P\x01E\x14P\x01E\x14P\x01E\x14P\x01E\x14P\x01E\x14P\x01E\x14P\x01E\x14P\x01E\x14P\x01E\x14P\x01E\x14P\x01E\x14P\x01E\x14P\x01E\x14P\x01E\x14P\x01E\x14P\x01E\x14P\x01E\x14P\x01E\x14P\x01E\x14P\x01E\x14P\x01E\x14P\x01E\x14P\x01E\x14P\x01E\x14P\x01E\x14P\x01E\x14P\x01E\x14P\x01E\x14P\x01E\x14P\x01E\x14P\x01E\x14P\x01E\x14P\x01E\x14P\x01E\x14P\x01E\x14P\x01E\x14P\x01E\x14P\x01E\x14P\x01E\x14P\x01E\x14P\x01E\x14P\x01E\x14P\x01E\x14P\x01E\x14P\x01E\x14P\x01E\x14P\x01E\x14P\x01E\x14P\x01E\x14P\x01E\x14P\x01E\x14P\x01E\x14P\x01E\x14P'
2026-09-22 14:16:58,324 Thread-6180 (_process_events) root DEBUG bip.py                    2361  _update_srm_state         : _update_srm_state: sess=<autopts.ptsprojects.stack.layers.bip.OBEXSession object at 0x000002BEEC7A8890> srm=None srmp=None srm_allowed=True srm_flags=0x03
2026-09-22 14:16:58,324 Thread-6180 (_process_events) root DEBUG bip.py                    2378  _update_srm_state         : _update_srm_state: after update srm_flags=0x03
2026-09-22 14:16:58,325 Thread-6180 (_process_events) root DEBUG bip.py                    2469  _send_put_rsp_with_srm    : _send_put_rsp_with_srm: role=0 sess=<autopts.ptsprojects.stack.layers.bip.OBEXSession object at 0x000002BEEC7A8890> srm_allowed=True srm_flags=0x03 srmp_wait_count=0 final=0
2026-09-22 14:16:58,333 BTPWorkerThread-6170 (_rx_task) root DEBUG iutctl_common.py          123   read                      : Read 5 bytes
2026-09-22 14:16:58,334 BTPWorkerThread-6170 (_rx_task) root DEBUG iutctl_common.py          131   read                      : Received: hdr: Header(svc_id=0x21, op=0x90, ctrl_index=0x00, data_len=0x106) bytearray(b'!\x90\x00\x06\x01')
2026-09-22 14:16:58,334 BTPWorkerThread-6170 (_rx_task) root DEBUG iutctl_common.py          139   read                      : Read 25 bytes data
2026-09-22 14:16:58,344 BTPWorkerThread-6170 (_rx_task) root DEBUG iutctl_common.py          139   read                      : Read 125 bytes data
2026-09-22 14:16:58,355 BTPWorkerThread-6170 (_rx_task) root DEBUG iutctl_common.py          139   read                      : Read 112 bytes data
2026-09-22 14:16:58,357 BTPWorkerThread-6170 (_rx_task) root DEBUG iutctl_common.py          154   read                      : Received data: {'e0 4e e4 08 dc 1b 00 00 fc 00 48 00 fc 01 45 14 50 01 45 14 50 01 45 14 50 01 45 14 50 01 45 14 50 01 45 14 50 01 45 14 50 01 45 14 50 01 45 14 50 01 45 14 50 01 45 14 50 01 45 14 50 01 45 14 50 01 45 14 50 01 45 14 50 01 45 14 50 01 45 14 50 01 45 14 50 01 45 14 50 01 45 14 50 01 45 14 50 01 45 14 50 01 45 14 50 01 45 14 50 01 45 14 50 01 45 14 50 01 45 14 50 01 45 14 50 01 45 14 50 01 45 14 50 01 45 14 50 01 45 14 50 01 45 14 50 01 45 14 50 01 45 14 50 01 45 14 50 01 45 14 50 01 45 14 50 01 45 14 50 01 45 14 50 01 45 14 50 01 45 14 50 01 45 14 50 01 45 14 50 01 45 14 50 01 45 14 50 01 45 14 50 01 45 14 50 01 45 14 50 01 45 14 50 01 45 14 50 01 45 14 50 01 45 14 50 01 45 14 50 01 45 14 50 01 45 14 50 01 45 14 50 01 45 14 50 01 45 14 50 01 45 14 50 01 45 14 50 01 45 14 50 01'}, bytearray(b'\xe0N\xe4\x08\xdc\x1b\x00\x00\xfc\x00H\x00\xfc\x01E\x14P\x01E\x14P\x01E\x14P\x01E\x14P\x01E\x14P\x01E\x14P\x01E\x14P\x01E\x14P\x01E\x14P\x01E\x14P\x01E\x14P\x01E\x14P\x01E\x14P\x01E\x14P\x01E\x14P\x01E\x14P\x01E\x14P\x01E\x14P\x01E\x14P\x01E\x14P\x01E\x14P\x01E\x14P\x01E\x14P\x01E\x14P\x01E\x14P\x01E\x14P\x01E\x14P\x01E\x14P\x01E\x14P\x01E\x14P\x01E\x14P\x01E\x14P\x01E\x14P\x01E\x14P\x01E\x14P\x01E\x14P\x01E\x14P\x01E\x14P\x01E\x14P\x01E\x14P\x01E\x14P\x01E\x14P\x01E\x14P\x01E\x14P\x01E\x14P\x01E\x14P\x01E\x14P\x01E\x14P\x01E\x14P\x01E\x14P\x01E\x14P\x01E\x14P\x01E\x14P\x01E\x14P\x01E\x14P\x01E\x14P\x01E\x14P\x01E\x14P\x01E\x14P\x01E\x14P\x01E\x14P\x01E\x14P\x01')
2026-09-22 14:16:58,357 BTPWorkerThread-6170 (_rx_task) root DEBUG btp.py                    704   event_handler             : Header(svc_id=33, op=144, ctrl_index=0, data_len=262) (b'\xe0N\xe4\x08\xdc\x1b\x00\x00\xfc\x00H\x00\xfc\x01E\x14P\x01E\x14P\x01E\x14P\x01E\x14P\x01E\x14P\x01E\x14P\x01E\x14P\x01E\x14P\x01E\x14P\x01E\x14P\x01E\x14P\x01E\x14P\x01E\x14P\x01E\x14P\x01E\x14P\x01E\x14P\x01E\x14P\x01E\x14P\x01E\x14P\x01E\x14P\x01E\x14P\x01E\x14P\x01E\x14P\x01E\x14P\x01E\x14P\x01E\x14P\x01E\x14P\x01E\x14P\x01E\x14P\x01E\x14P\x01E\x14P\x01E\x14P\x01E\x14P\x01E\x14P\x01E\x14P\x01E\x14P\x01E\x14P\x01E\x14P\x01E\x14P\x01E\x14P\x01E\x14P\x01E\x14P\x01E\x14P\x01E\x14P\x01E\x14P\x01E\x14P\x01E\x14P\x01E\x14P\x01E\x14P\x01E\x14P\x01E\x14P\x01E\x14P\x01E\x14P\x01E\x14P\x01E\x14P\x01E\x14P\x01E\x14P\x01E\x14P\x01E\x14P\x01E\x14P\x01E\x14P\x01E\x14P\x01',)
2026-09-22 14:16:58,358 BTPWorkerThread-6170 (_rx_task) root DEBUG bip.py                    3803  bip_ev_server_put_image_req : bip_ev_server_put_image_req <autopts.ptsprojects.stack.layers.bip.BIP object at 0x000002BEEC8A9DF0> b'\xe0N\xe4\x08\xdc\x1b\x00\x00\xfc\x00H\x00\xfc\x01E\x14P\x01E\x14P\x01E\x14P\x01E\x14P\x01E\x14P\x01E\x14P\x01E\x14P\x01E\x14P\x01E\x14P\x01E\x14P\x01E\x14P\x01E\x14P\x01E\x14P\x01E\x14P\x01E\x14P\x01E\x14P\x01E\x14P\x01E\x14P\x01E\x14P\x01E\x14P\x01E\x14P\x01E\x14P\x01E\x14P\x01E\x14P\x01E\x14P\x01E\x14P\x01E\x14P\x01E\x14P\x01E\x14P\x01E\x14P\x01E\x14P\x01E\x14P\x01E\x14P\x01E\x14P\x01E\x14P\x01E\x14P\x01E\x14P\x01E\x14P\x01E\x14P\x01E\x14P\x01E\x14P\x01E\x14P\x01E\x14P\x01E\x14P\x01E\x14P\x01E\x14P\x01E\x14P\x01E\x14P\x01E\x14P\x01E\x14P\x01E\x14P\x01E\x14P\x01E\x14P\x01E\x14P\x01E\x14P\x01E\x14P\x01E\x14P\x01E\x14P\x01E\x14P\x01E\x14P\x01E\x14P\x01E\x14P\x01' 262
2026-09-22 14:16:58,358 Thread-6180 (_process_events) root DEBUG bip.py                    2834  _bip_ev_server_put_image_req : _bip_ev_server_put_image_req b'\xe0N\xe4\x08\xdc\x1b\x00\x00\xfc\x00H\x00\xfc\x01E\x14P\x01E\x14P\x01E\x14P\x01E\x14P\x01E\x14P\x01E\x14P\x01E\x14P\x01E\x14P\x01E\x14P\x01E\x14P\x01E\x14P\x01E\x14P\x01E\x14P\x01E\x14P\x01E\x14P\x01E\x14P\x01E\x14P\x01E\x14P\x01E\x14P\x01E\x14P\x01E\x14P\x01E\x14P\x01E\x14P\x01E\x14P\x01E\x14P\x01E\x14P\x01E\x14P\x01E\x14P\x01E\x14P\x01E\x14P\x01E\x14P\x01E\x14P\x01E\x14P\x01E\x14P\x01E\x14P\x01E\x14P\x01E\x14P\x01E\x14P\x01E\x14P\x01E\x14P\x01E\x14P\x01E\x14P\x01E\x14P\x01E\x14P\x01E\x14P\x01E\x14P\x01E\x14P\x01E\x14P\x01E\x14P\x01E\x14P\x01E\x14P\x01E\x14P\x01E\x14P\x01E\x14P\x01E\x14P\x01E\x14P\x01E\x14P\x01E\x14P\x01E\x14P\x01E\x14P\x01E\x14P\x01E\x14P\x01'
2026-09-22 14:16:58,358 Thread-6180 (_process_events) root DEBUG bip.py                    2361  _update_srm_state         : _update_srm_state: sess=<autopts.ptsprojects.stack.layers.bip.OBEXSession object at 0x000002BEEC7A8890> srm=None srmp=None srm_allowed=True srm_flags=0x03
2026-09-22 14:16:58,358 Thread-6180 (_process_events) root DEBUG bip.py                    2378  _update_srm_state         : _update_srm_state: after update srm_flags=0x03
2026-09-22 14:16:58,358 Thread-6180 (_process_events) root DEBUG bip.py                    2469  _send_put_rsp_with_srm    : _send_put_rsp_with_srm: role=0 sess=<autopts.ptsprojects.stack.layers.bip.OBEXSession object at 0x000002BEEC7A8890> srm_allowed=True srm_flags=0x03 srmp_wait_count=0 final=0
2026-09-22 14:16:58,366 BTPWorkerThread-6170 (_rx_task) root DEBUG iutctl_common.py          123   read                      : Read 5 bytes
2026-09-22 14:16:58,367 BTPWorkerThread-6170 (_rx_task) root DEBUG iutctl_common.py          131   read                      : Received: hdr: Header(svc_id=0x21, op=0x90, ctrl_index=0x00, data_len=0x106) bytearray(b'!\x90\x00\x06\x01')
2026-09-22 14:16:58,367 BTPWorkerThread-6170 (_rx_task) root DEBUG iutctl_common.py          139   read                      : Read 58 bytes data
2026-09-22 14:16:58,377 BTPWorkerThread-6170 (_rx_task) root DEBUG iutctl_common.py          139   read                      : Read 124 bytes data
2026-09-22 14:16:58,388 BTPWorkerThread-6170 (_rx_task) root DEBUG iutctl_common.py          139   read                      : Read 80 bytes data
2026-09-22 14:16:58,390 BTPWorkerThread-6170 (_rx_task) root DEBUG iutctl_common.py          154   read                      : Received data: {'e0 4e e4 08 dc 1b 00 00 fc 00 48 00 fc 45 14 50 01 45 14 50 01 45 14 50 01 45 14 50 01 45 14 50 01 45 14 50 01 45 14 50 01 45 14 50 01 45 14 50 01 45 14 50 01 45 14 50 01 45 14 50 01 45 14 50 01 45 14 50 01 45 14 50 01 45 14 50 01 45 14 50 01 45 14 50 01 45 14 50 01 45 14 50 01 45 14 50 01 45 14 50 01 45 14 50 01 45 14 50 01 45 14 50 01 45 14 50 01 45 14 50 01 45 14 50 01 45 14 50 01 45 14 50 01 45 14 50 01 45 14 50 01 45 14 50 01 45 14 50 01 45 14 50 01 45 14 50 01 45 14 50 01 45 14 50 01 45 14 50 01 45 14 50 01 45 14 50 01 45 14 50 01 45 14 50 01 45 14 50 01 45 14 50 01 45 14 50 01 45 14 50 01 45 14 50 01 45 14 50 01 45 14 50 01 45 14 50 01 45 14 50 01 45 14 50 01 45 14 50 01 45 14 50 01 45 14 50 01 45 14 50 01 45 14 50 01 45 14 50 01 45 14 50 01 45 14 50 01 45 14 50 01 45'}, bytearray(b'\xe0N\xe4\x08\xdc\x1b\x00\x00\xfc\x00H\x00\xfcE\x14P\x01E\x14P\x01E\x14P\x01E\x14P\x01E\x14P\x01E\x14P\x01E\x14P\x01E\x14P\x01E\x14P\x01E\x14P\x01E\x14P\x01E\x14P\x01E\x14P\x01E\x14P\x01E\x14P\x01E\x14P\x01E\x14P\x01E\x14P\x01E\x14P\x01E\x14P\x01E\x14P\x01E\x14P\x01E\x14P\x01E\x14P\x01E\x14P\x01E\x14P\x01E\x14P\x01E\x14P\x01E\x14P\x01E\x14P\x01E\x14P\x01E\x14P\x01E\x14P\x01E\x14P\x01E\x14P\x01E\x14P\x01E\x14P\x01E\x14P\x01E\x14P\x01E\x14P\x01E\x14P\x01E\x14P\x01E\x14P\x01E\x14P\x01E\x14P\x01E\x14P\x01E\x14P\x01E\x14P\x01E\x14P\x01E\x14P\x01E\x14P\x01E\x14P\x01E\x14P\x01E\x14P\x01E\x14P\x01E\x14P\x01E\x14P\x01E\x14P\x01E\x14P\x01E\x14P\x01E\x14P\x01E\x14P\x01E')
2026-09-22 14:16:58,390 BTPWorkerThread-6170 (_rx_task) root DEBUG btp.py                    704   event_handler             : Header(svc_id=33, op=144, ctrl_index=0, data_len=262) (b'\xe0N\xe4\x08\xdc\x1b\x00\x00\xfc\x00H\x00\xfcE\x14P\x01E\x14P\x01E\x14P\x01E\x14P\x01E\x14P\x01E\x14P\x01E\x14P\x01E\x14P\x01E\x14P\x01E\x14P\x01E\x14P\x01E\x14P\x01E\x14P\x01E\x14P\x01E\x14P\x01E\x14P\x01E\x14P\x01E\x14P\x01E\x14P\x01E\x14P\x01E\x14P\x01E\x14P\x01E\x14P\x01E\x14P\x01E\x14P\x01E\x14P\x01E\x14P\x01E\x14P\x01E\x14P\x01E\x14P\x01E\x14P\x01E\x14P\x01E\x14P\x01E\x14P\x01E\x14P\x01E\x14P\x01E\x14P\x01E\x14P\x01E\x14P\x01E\x14P\x01E\x14P\x01E\x14P\x01E\x14P\x01E\x14P\x01E\x14P\x01E\x14P\x01E\x14P\x01E\x14P\x01E\x14P\x01E\x14P\x01E\x14P\x01E\x14P\x01E\x14P\x01E\x14P\x01E\x14P\x01E\x14P\x01E\x14P\x01E\x14P\x01E\x14P\x01E\x14P\x01E\x14P\x01E\x14P\x01E',)
2026-09-22 14:16:58,390 BTPWorkerThread-6170 (_rx_task) root DEBUG bip.py                    3803  bip_ev_server_put_image_req : bip_ev_server_put_image_req <autopts.ptsprojects.stack.layers.bip.BIP object at 0x000002BEEC8A9DF0> b'\xe0N\xe4\x08\xdc\x1b\x00\x00\xfc\x00H\x00\xfcE\x14P\x01E\x14P\x01E\x14P\x01E\x14P\x01E\x14P\x01E\x14P\x01E\x14P\x01E\x14P\x01E\x14P\x01E\x14P\x01E\x14P\x01E\x14P\x01E\x14P\x01E\x14P\x01E\x14P\x01E\x14P\x01E\x14P\x01E\x14P\x01E\x14P\x01E\x14P\x01E\x14P\x01E\x14P\x01E\x14P\x01E\x14P\x01E\x14P\x01E\x14P\x01E\x14P\x01E\x14P\x01E\x14P\x01E\x14P\x01E\x14P\x01E\x14P\x01E\x14P\x01E\x14P\x01E\x14P\x01E\x14P\x01E\x14P\x01E\x14P\x01E\x14P\x01E\x14P\x01E\x14P\x01E\x14P\x01E\x14P\x01E\x14P\x01E\x14P\x01E\x14P\x01E\x14P\x01E\x14P\x01E\x14P\x01E\x14P\x01E\x14P\x01E\x14P\x01E\x14P\x01E\x14P\x01E\x14P\x01E\x14P\x01E\x14P\x01E\x14P\x01E\x14P\x01E\x14P\x01E\x14P\x01E\x14P\x01E' 262
2026-09-22 14:16:58,391 Thread-6180 (_process_events) root DEBUG bip.py                    2834  _bip_ev_server_put_image_req : _bip_ev_server_put_image_req b'\xe0N\xe4\x08\xdc\x1b\x00\x00\xfc\x00H\x00\xfcE\x14P\x01E\x14P\x01E\x14P\x01E\x14P\x01E\x14P\x01E\x14P\x01E\x14P\x01E\x14P\x01E\x14P\x01E\x14P\x01E\x14P\x01E\x14P\x01E\x14P\x01E\x14P\x01E\x14P\x01E\x14P\x01E\x14P\x01E\x14P\x01E\x14P\x01E\x14P\x01E\x14P\x01E\x14P\x01E\x14P\x01E\x14P\x01E\x14P\x01E\x14P\x01E\x14P\x01E\x14P\x01E\x14P\x01E\x14P\x01E\x14P\x01E\x14P\x01E\x14P\x01E\x14P\x01E\x14P\x01E\x14P\x01E\x14P\x01E\x14P\x01E\x14P\x01E\x14P\x01E\x14P\x01E\x14P\x01E\x14P\x01E\x14P\x01E\x14P\x01E\x14P\x01E\x14P\x01E\x14P\x01E\x14P\x01E\x14P\x01E\x14P\x01E\x14P\x01E\x14P\x01E\x14P\x01E\x14P\x01E\x14P\x01E\x14P\x01E\x14P\x01E\x14P\x01E\x14P\x01E\x14P\x01E\x14P\x01E'
2026-09-22 14:16:58,391 Thread-6180 (_process_events) root DEBUG bip.py                    2361  _update_srm_state         : _update_srm_state: sess=<autopts.ptsprojects.stack.layers.bip.OBEXSession object at 0x000002BEEC7A8890> srm=None srmp=None srm_allowed=True srm_flags=0x03
2026-09-22 14:16:58,391 Thread-6180 (_process_events) root DEBUG bip.py                    2378  _update_srm_state         : _update_srm_state: after update srm_flags=0x03
2026-09-22 14:16:58,391 Thread-6180 (_process_events) root DEBUG bip.py                    2469  _send_put_rsp_with_srm    : _send_put_rsp_with_srm: role=0 sess=<autopts.ptsprojects.stack.layers.bip.OBEXSession object at 0x000002BEEC7A8890> srm_allowed=True srm_flags=0x03 srmp_wait_count=0 final=0
2026-09-22 14:16:58,399 BTPWorkerThread-6170 (_rx_task) root DEBUG iutctl_common.py          123   read                      : Read 5 bytes
2026-09-22 14:16:58,399 BTPWorkerThread-6170 (_rx_task) root DEBUG iutctl_common.py          131   read                      : Received: hdr: Header(svc_id=0x21, op=0x90, ctrl_index=0x00, data_len=0x106) bytearray(b'!\x90\x00\x06\x01')
2026-09-22 14:16:58,400 BTPWorkerThread-6170 (_rx_task) root DEBUG iutctl_common.py          139   read                      : Read 46 bytes data
2026-09-22 14:16:58,410 BTPWorkerThread-6170 (_rx_task) root DEBUG iutctl_common.py          139   read                      : Read 129 bytes data
2026-09-22 14:16:58,421 BTPWorkerThread-6170 (_rx_task) root DEBUG iutctl_common.py          139   read                      : Read 87 bytes data
2026-09-22 14:16:58,422 BTPWorkerThread-6170 (_rx_task) root DEBUG iutctl_common.py          154   read                      : Received data: {'e0 4e e4 08 dc 1b 00 00 fc 00 48 00 fc 14 50 01 45 14 50 01 45 14 50 01 45 14 50 01 45 14 50 01 45 14 50 01 45 14 50 01 45 14 50 01 45 14 50 01 45 14 50 01 45 14 50 01 45 14 50 01 45 14 50 01 45 14 50 01 45 14 50 01 45 14 50 01 45 14 50 01 45 14 50 01 45 14 50 01 45 14 50 01 45 14 50 01 45 14 50 01 45 14 50 01 45 14 50 01 45 14 50 01 45 14 50 01 45 14 50 01 45 14 50 01 45 14 50 01 45 14 50 01 45 14 50 01 45 14 50 01 45 14 50 01 45 14 50 01 45 14 50 01 45 14 50 01 45 14 50 01 45 14 50 01 45 14 50 01 45 14 50 01 45 14 50 01 45 14 50 01 45 14 50 01 45 14 50 01 45 14 50 01 45 14 50 01 45 14 50 01 45 14 50 01 45 14 50 01 45 14 50 01 45 14 50 01 45 14 50 01 45 14 50 01 45 14 50 01 45 14 50 01 45 14 50 01 45 14 50 01 45 14 50 01 45 14 50 01 45 14 50 01 45 14 50 01 45 14 50 01 45 14'}, bytearray(b'\xe0N\xe4\x08\xdc\x1b\x00\x00\xfc\x00H\x00\xfc\x14P\x01E\x14P\x01E\x14P\x01E\x14P\x01E\x14P\x01E\x14P\x01E\x14P\x01E\x14P\x01E\x14P\x01E\x14P\x01E\x14P\x01E\x14P\x01E\x14P\x01E\x14P\x01E\x14P\x01E\x14P\x01E\x14P\x01E\x14P\x01E\x14P\x01E\x14P\x01E\x14P\x01E\x14P\x01E\x14P\x01E\x14P\x01E\x14P\x01E\x14P\x01E\x14P\x01E\x14P\x01E\x14P\x01E\x14P\x01E\x14P\x01E\x14P\x01E\x14P\x01E\x14P\x01E\x14P\x01E\x14P\x01E\x14P\x01E\x14P\x01E\x14P\x01E\x14P\x01E\x14P\x01E\x14P\x01E\x14P\x01E\x14P\x01E\x14P\x01E\x14P\x01E\x14P\x01E\x14P\x01E\x14P\x01E\x14P\x01E\x14P\x01E\x14P\x01E\x14P\x01E\x14P\x01E\x14P\x01E\x14P\x01E\x14P\x01E\x14P\x01E\x14P\x01E\x14P\x01E\x14P\x01E\x14P\x01E\x14')
2026-09-22 14:16:58,422 BTPWorkerThread-6170 (_rx_task) root DEBUG btp.py                    704   event_handler             : Header(svc_id=33, op=144, ctrl_index=0, data_len=262) (b'\xe0N\xe4\x08\xdc\x1b\x00\x00\xfc\x00H\x00\xfc\x14P\x01E\x14P\x01E\x14P\x01E\x14P\x01E\x14P\x01E\x14P\x01E\x14P\x01E\x14P\x01E\x14P\x01E\x14P\x01E\x14P\x01E\x14P\x01E\x14P\x01E\x14P\x01E\x14P\x01E\x14P\x01E\x14P\x01E\x14P\x01E\x14P\x01E\x14P\x01E\x14P\x01E\x14P\x01E\x14P\x01E\x14P\x01E\x14P\x01E\x14P\x01E\x14P\x01E\x14P\x01E\x14P\x01E\x14P\x01E\x14P\x01E\x14P\x01E\x14P\x01E\x14P\x01E\x14P\x01E\x14P\x01E\x14P\x01E\x14P\x01E\x14P\x01E\x14P\x01E\x14P\x01E\x14P\x01E\x14P\x01E\x14P\x01E\x14P\x01E\x14P\x01E\x14P\x01E\x14P\x01E\x14P\x01E\x14P\x01E\x14P\x01E\x14P\x01E\x14P\x01E\x14P\x01E\x14P\x01E\x14P\x01E\x14P\x01E\x14P\x01E\x14P\x01E\x14P\x01E\x14P\x01E\x14P\x01E\x14',)
2026-09-22 14:16:58,422 BTPWorkerThread-6170 (_rx_task) root DEBUG bip.py                    3803  bip_ev_server_put_image_req : bip_ev_server_put_image_req <autopts.ptsprojects.stack.layers.bip.BIP object at 0x000002BEEC8A9DF0> b'\xe0N\xe4\x08\xdc\x1b\x00\x00\xfc\x00H\x00\xfc\x14P\x01E\x14P\x01E\x14P\x01E\x14P\x01E\x14P\x01E\x14P\x01E\x14P\x01E\x14P\x01E\x14P\x01E\x14P\x01E\x14P\x01E\x14P\x01E\x14P\x01E\x14P\x01E\x14P\x01E\x14P\x01E\x14P\x01E\x14P\x01E\x14P\x01E\x14P\x01E\x14P\x01E\x14P\x01E\x14P\x01E\x14P\x01E\x14P\x01E\x14P\x01E\x14P\x01E\x14P\x01E\x14P\x01E\x14P\x01E\x14P\x01E\x14P\x01E\x14P\x01E\x14P\x01E\x14P\x01E\x14P\x01E\x14P\x01E\x14P\x01E\x14P\x01E\x14P\x01E\x14P\x01E\x14P\x01E\x14P\x01E\x14P\x01E\x14P\x01E\x14P\x01E\x14P\x01E\x14P\x01E\x14P\x01E\x14P\x01E\x14P\x01E\x14P\x01E\x14P\x01E\x14P\x01E\x14P\x01E\x14P\x01E\x14P\x01E\x14P\x01E\x14P\x01E\x14P\x01E\x14P\x01E\x14P\x01E\x14' 262
2026-09-22 14:16:58,423 Thread-6180 (_process_events) root DEBUG bip.py                    2834  _bip_ev_server_put_image_req : _bip_ev_server_put_image_req b'\xe0N\xe4\x08\xdc\x1b\x00\x00\xfc\x00H\x00\xfc\x14P\x01E\x14P\x01E\x14P\x01E\x14P\x01E\x14P\x01E\x14P\x01E\x14P\x01E\x14P\x01E\x14P\x01E\x14P\x01E\x14P\x01E\x14P\x01E\x14P\x01E\x14P\x01E\x14P\x01E\x14P\x01E\x14P\x01E\x14P\x01E\x14P\x01E\x14P\x01E\x14P\x01E\x14P\x01E\x14P\x01E\x14P\x01E\x14P\x01E\x14P\x01E\x14P\x01E\x14P\x01E\x14P\x01E\x14P\x01E\x14P\x01E\x14P\x01E\x14P\x01E\x14P\x01E\x14P\x01E\x14P\x01E\x14P\x01E\x14P\x01E\x14P\x01E\x14P\x01E\x14P\x01E\x14P\x01E\x14P\x01E\x14P\x01E\x14P\x01E\x14P\x01E\x14P\x01E\x14P\x01E\x14P\x01E\x14P\x01E\x14P\x01E\x14P\x01E\x14P\x01E\x14P\x01E\x14P\x01E\x14P\x01E\x14P\x01E\x14P\x01E\x14P\x01E\x14P\x01E\x14P\x01E\x14P\x01E\x14'
2026-09-22 14:16:58,423 Thread-6180 (_process_events) root DEBUG bip.py                    2361  _update_srm_state         : _update_srm_state: sess=<autopts.ptsprojects.stack.layers.bip.OBEXSession object at 0x000002BEEC7A8890> srm=None srmp=None srm_allowed=True srm_flags=0x03
2026-09-22 14:16:58,423 Thread-6180 (_process_events) root DEBUG bip.py                    2378  _update_srm_state         : _update_srm_state: after update srm_flags=0x03
2026-09-22 14:16:58,423 Thread-6180 (_process_events) root DEBUG bip.py                    2469  _send_put_rsp_with_srm    : _send_put_rsp_with_srm: role=0 sess=<autopts.ptsprojects.stack.layers.bip.OBEXSession object at 0x000002BEEC7A8890> srm_allowed=True srm_flags=0x03 srmp_wait_count=0 final=0
2026-09-22 14:16:58,432 BTPWorkerThread-6170 (_rx_task) root DEBUG iutctl_common.py          123   read                      : Read 5 bytes
2026-09-22 14:16:58,433 BTPWorkerThread-6170 (_rx_task) root DEBUG iutctl_common.py          131   read                      : Received: hdr: Header(svc_id=0x21, op=0x90, ctrl_index=0x00, data_len=0x106) bytearray(b'!\x90\x00\x06\x01')
2026-09-22 14:16:58,433 BTPWorkerThread-6170 (_rx_task) root DEBUG iutctl_common.py          139   read                      : Read 81 bytes data
2026-09-22 14:16:58,443 BTPWorkerThread-6170 (_rx_task) root DEBUG iutctl_common.py          139   read                      : Read 128 bytes data
2026-09-22 14:16:58,454 BTPWorkerThread-6170 (_rx_task) root DEBUG iutctl_common.py          139   read                      : Read 53 bytes data
2026-09-22 14:16:58,455 BTPWorkerThread-6170 (_rx_task) root DEBUG iutctl_common.py          154   read                      : Received data: {'e0 4e e4 08 dc 1b 00 00 fc 00 48 00 fc 50 01 45 14 50 01 45 14 50 01 45 14 50 01 45 14 50 01 45 14 50 01 45 14 50 01 45 14 50 01 45 14 50 01 45 14 50 01 45 14 50 01 45 14 50 01 45 14 50 01 45 14 50 01 45 14 50 01 45 14 50 01 45 14 50 01 45 14 50 01 45 14 50 01 45 14 50 01 45 14 50 01 45 14 50 01 45 14 50 01 45 14 50 01 45 14 50 01 45 14 50 01 45 14 50 01 45 14 50 01 45 14 50 01 45 14 50 01 45 14 50 01 45 14 50 01 45 14 50 01 45 14 50 01 45 14 50 01 45 14 50 01 45 14 50 01 45 14 50 01 45 14 50 01 45 14 50 01 45 14 50 01 45 14 50 01 45 14 50 01 45 14 50 01 45 14 50 01 45 14 50 01 45 14 50 01 45 14 50 01 45 14 50 01 45 14 50 01 45 14 50 01 45 14 50 01 45 14 50 01 45 14 50 01 45 14 50 01 45 14 50 01 45 14 50 01 45 14 50 01 45 14 50 01 45 14 50 01 45 14 50 01 45 14 50 01 45 14 50'}, bytearray(b'\xe0N\xe4\x08\xdc\x1b\x00\x00\xfc\x00H\x00\xfcP\x01E\x14P\x01E\x14P\x01E\x14P\x01E\x14P\x01E\x14P\x01E\x14P\x01E\x14P\x01E\x14P\x01E\x14P\x01E\x14P\x01E\x14P\x01E\x14P\x01E\x14P\x01E\x14P\x01E\x14P\x01E\x14P\x01E\x14P\x01E\x14P\x01E\x14P\x01E\x14P\x01E\x14P\x01E\x14P\x01E\x14P\x01E\x14P\x01E\x14P\x01E\x14P\x01E\x14P\x01E\x14P\x01E\x14P\x01E\x14P\x01E\x14P\x01E\x14P\x01E\x14P\x01E\x14P\x01E\x14P\x01E\x14P\x01E\x14P\x01E\x14P\x01E\x14P\x01E\x14P\x01E\x14P\x01E\x14P\x01E\x14P\x01E\x14P\x01E\x14P\x01E\x14P\x01E\x14P\x01E\x14P\x01E\x14P\x01E\x14P\x01E\x14P\x01E\x14P\x01E\x14P\x01E\x14P\x01E\x14P\x01E\x14P\x01E\x14P\x01E\x14P\x01E\x14P\x01E\x14P\x01E\x14P\x01E\x14P')
2026-09-22 14:16:58,455 BTPWorkerThread-6170 (_rx_task) root DEBUG btp.py                    704   event_handler             : Header(svc_id=33, op=144, ctrl_index=0, data_len=262) (b'\xe0N\xe4\x08\xdc\x1b\x00\x00\xfc\x00H\x00\xfcP\x01E\x14P\x01E\x14P\x01E\x14P\x01E\x14P\x01E\x14P\x01E\x14P\x01E\x14P\x01E\x14P\x01E\x14P\x01E\x14P\x01E\x14P\x01E\x14P\x01E\x14P\x01E\x14P\x01E\x14P\x01E\x14P\x01E\x14P\x01E\x14P\x01E\x14P\x01E\x14P\x01E\x14P\x01E\x14P\x01E\x14P\x01E\x14P\x01E\x14P\x01E\x14P\x01E\x14P\x01E\x14P\x01E\x14P\x01E\x14P\x01E\x14P\x01E\x14P\x01E\x14P\x01E\x14P\x01E\x14P\x01E\x14P\x01E\x14P\x01E\x14P\x01E\x14P\x01E\x14P\x01E\x14P\x01E\x14P\x01E\x14P\x01E\x14P\x01E\x14P\x01E\x14P\x01E\x14P\x01E\x14P\x01E\x14P\x01E\x14P\x01E\x14P\x01E\x14P\x01E\x14P\x01E\x14P\x01E\x14P\x01E\x14P\x01E\x14P\x01E\x14P\x01E\x14P\x01E\x14P\x01E\x14P\x01E\x14P',)
2026-09-22 14:16:58,455 BTPWorkerThread-6170 (_rx_task) root DEBUG bip.py                    3803  bip_ev_server_put_image_req : bip_ev_server_put_image_req <autopts.ptsprojects.stack.layers.bip.BIP object at 0x000002BEEC8A9DF0> b'\xe0N\xe4\x08\xdc\x1b\x00\x00\xfc\x00H\x00\xfcP\x01E\x14P\x01E\x14P\x01E\x14P\x01E\x14P\x01E\x14P\x01E\x14P\x01E\x14P\x01E\x14P\x01E\x14P\x01E\x14P\x01E\x14P\x01E\x14P\x01E\x14P\x01E\x14P\x01E\x14P\x01E\x14P\x01E\x14P\x01E\x14P\x01E\x14P\x01E\x14P\x01E\x14P\x01E\x14P\x01E\x14P\x01E\x14P\x01E\x14P\x01E\x14P\x01E\x14P\x01E\x14P\x01E\x14P\x01E\x14P\x01E\x14P\x01E\x14P\x01E\x14P\x01E\x14P\x01E\x14P\x01E\x14P\x01E\x14P\x01E\x14P\x01E\x14P\x01E\x14P\x01E\x14P\x01E\x14P\x01E\x14P\x01E\x14P\x01E\x14P\x01E\x14P\x01E\x14P\x01E\x14P\x01E\x14P\x01E\x14P\x01E\x14P\x01E\x14P\x01E\x14P\x01E\x14P\x01E\x14P\x01E\x14P\x01E\x14P\x01E\x14P\x01E\x14P\x01E\x14P\x01E\x14P\x01E\x14P' 262
2026-09-22 14:16:58,456 Thread-6180 (_process_events) root DEBUG bip.py                    2834  _bip_ev_server_put_image_req : _bip_ev_server_put_image_req b'\xe0N\xe4\x08\xdc\x1b\x00\x00\xfc\x00H\x00\xfcP\x01E\x14P\x01E\x14P\x01E\x14P\x01E\x14P\x01E\x14P\x01E\x14P\x01E\x14P\x01E\x14P\x01E\x14P\x01E\x14P\x01E\x14P\x01E\x14P\x01E\x14P\x01E\x14P\x01E\x14P\x01E\x14P\x01E\x14P\x01E\x14P\x01E\x14P\x01E\x14P\x01E\x14P\x01E\x14P\x01E\x14P\x01E\x14P\x01E\x14P\x01E\x14P\x01E\x14P\x01E\x14P\x01E\x14P\x01E\x14P\x01E\x14P\x01E\x14P\x01E\x14P\x01E\x14P\x01E\x14P\x01E\x14P\x01E\x14P\x01E\x14P\x01E\x14P\x01E\x14P\x01E\x14P\x01E\x14P\x01E\x14P\x01E\x14P\x01E\x14P\x01E\x14P\x01E\x14P\x01E\x14P\x01E\x14P\x01E\x14P\x01E\x14P\x01E\x14P\x01E\x14P\x01E\x14P\x01E\x14P\x01E\x14P\x01E\x14P\x01E\x14P\x01E\x14P\x01E\x14P\x01E\x14P\x01E\x14P'
2026-09-22 14:16:58,456 Thread-6180 (_process_events) root DEBUG bip.py                    2361  _update_srm_state         : _update_srm_state: sess=<autopts.ptsprojects.stack.layers.bip.OBEXSession object at 0x000002BEEC7A8890> srm=None srmp=None srm_allowed=True srm_flags=0x03
2026-09-22 14:16:58,456 Thread-6180 (_process_events) root DEBUG bip.py                    2378  _update_srm_state         : _update_srm_state: after update srm_flags=0x03
2026-09-22 14:16:58,456 Thread-6180 (_process_events) root DEBUG bip.py                    2469  _send_put_rsp_with_srm    : _send_put_rsp_with_srm: role=0 sess=<autopts.ptsprojects.stack.layers.bip.OBEXSession object at 0x000002BEEC7A8890> srm_allowed=True srm_flags=0x03 srmp_wait_count=0 final=0
2026-09-22 14:16:58,465 BTPWorkerThread-6170 (_rx_task) root DEBUG iutctl_common.py          123   read                      : Read 5 bytes
2026-09-22 14:16:58,466 BTPWorkerThread-6170 (_rx_task) root DEBUG iutctl_common.py          131   read                      : Received: hdr: Header(svc_id=0x21, op=0x90, ctrl_index=0x00, data_len=0x106) bytearray(b'!\x90\x00\x06\x01')
2026-09-22 14:16:58,466 BTPWorkerThread-6170 (_rx_task) root DEBUG iutctl_common.py          139   read                      : Read 77 bytes data
2026-09-22 14:16:58,476 BTPWorkerThread-6170 (_rx_task) root DEBUG iutctl_common.py          139   read                      : Read 128 bytes data
2026-09-22 14:16:58,476 BTPWorkerThread-6170 (_rx_task) root DEBUG iutctl_common.py          139   read                      : Read 2 bytes data
2026-09-22 14:16:58,487 BTPWorkerThread-6170 (_rx_task) root DEBUG iutctl_common.py          139   read                      : Read 55 bytes data
2026-09-22 14:16:58,488 BTPWorkerThread-6170 (_rx_task) root DEBUG iutctl_common.py          154   read                      : Received data: {'e0 4e e4 08 dc 1b 00 00 fc 00 48 00 fc 01 45 14 50 01 45 14 50 01 45 14 50 01 45 14 50 01 45 14 50 01 45 14 50 01 45 14 50 01 45 14 50 01 45 14 50 01 45 14 50 01 45 14 50 01 45 14 50 01 45 14 50 01 45 14 50 01 45 14 50 01 45 14 50 01 45 14 50 01 45 14 50 01 45 14 50 01 45 14 50 01 45 14 50 01 45 14 50 01 45 14 50 01 45 14 50 01 45 14 50 01 45 14 50 01 45 14 50 01 45 14 50 01 45 14 50 01 45 14 50 01 45 14 50 01 45 14 50 01 45 14 50 01 45 14 50 01 45 14 50 01 45 14 50 01 45 14 50 01 45 14 50 01 45 14 50 01 45 14 50 01 45 14 50 01 45 14 50 01 45 14 50 01 45 14 50 01 45 14 50 01 45 14 50 01 45 14 50 01 45 14 50 01 45 14 50 01 45 14 50 01 45 14 50 01 45 14 50 01 45 14 50 01 45 14 50 01 45 14 50 01 45 14 50 01 45 14 50 01 45 14 50 01 45 14 50 01 45 14 50 01 45 14 50 01 45 14 50 01'}, bytearray(b'\xe0N\xe4\x08\xdc\x1b\x00\x00\xfc\x00H\x00\xfc\x01E\x14P\x01E\x14P\x01E\x14P\x01E\x14P\x01E\x14P\x01E\x14P\x01E\x14P\x01E\x14P\x01E\x14P\x01E\x14P\x01E\x14P\x01E\x14P\x01E\x14P\x01E\x14P\x01E\x14P\x01E\x14P\x01E\x14P\x01E\x14P\x01E\x14P\x01E\x14P\x01E\x14P\x01E\x14P\x01E\x14P\x01E\x14P\x01E\x14P\x01E\x14P\x01E\x14P\x01E\x14P\x01E\x14P\x01E\x14P\x01E\x14P\x01E\x14P\x01E\x14P\x01E\x14P\x01E\x14P\x01E\x14P\x01E\x14P\x01E\x14P\x01E\x14P\x01E\x14P\x01E\x14P\x01E\x14P\x01E\x14P\x01E\x14P\x01E\x14P\x01E\x14P\x01E\x14P\x01E\x14P\x01E\x14P\x01E\x14P\x01E\x14P\x01E\x14P\x01E\x14P\x01E\x14P\x01E\x14P\x01E\x14P\x01E\x14P\x01E\x14P\x01E\x14P\x01E\x14P\x01E\x14P\x01E\x14P\x01')
2026-09-22 14:16:58,488 BTPWorkerThread-6170 (_rx_task) root DEBUG btp.py                    704   event_handler             : Header(svc_id=33, op=144, ctrl_index=0, data_len=262) (b'\xe0N\xe4\x08\xdc\x1b\x00\x00\xfc\x00H\x00\xfc\x01E\x14P\x01E\x14P\x01E\x14P\x01E\x14P\x01E\x14P\x01E\x14P\x01E\x14P\x01E\x14P\x01E\x14P\x01E\x14P\x01E\x14P\x01E\x14P\x01E\x14P\x01E\x14P\x01E\x14P\x01E\x14P\x01E\x14P\x01E\x14P\x01E\x14P\x01E\x14P\x01E\x14P\x01E\x14P\x01E\x14P\x01E\x14P\x01E\x14P\x01E\x14P\x01E\x14P\x01E\x14P\x01E\x14P\x01E\x14P\x01E\x14P\x01E\x14P\x01E\x14P\x01E\x14P\x01E\x14P\x01E\x14P\x01E\x14P\x01E\x14P\x01E\x14P\x01E\x14P\x01E\x14P\x01E\x14P\x01E\x14P\x01E\x14P\x01E\x14P\x01E\x14P\x01E\x14P\x01E\x14P\x01E\x14P\x01E\x14P\x01E\x14P\x01E\x14P\x01E\x14P\x01E\x14P\x01E\x14P\x01E\x14P\x01E\x14P\x01E\x14P\x01E\x14P\x01E\x14P\x01E\x14P\x01E\x14P\x01',)
2026-09-22 14:16:58,489 BTPWorkerThread-6170 (_rx_task) root DEBUG bip.py                    3803  bip_ev_server_put_image_req : bip_ev_server_put_image_req <autopts.ptsprojects.stack.layers.bip.BIP object at 0x000002BEEC8A9DF0> b'\xe0N\xe4\x08\xdc\x1b\x00\x00\xfc\x00H\x00\xfc\x01E\x14P\x01E\x14P\x01E\x14P\x01E\x14P\x01E\x14P\x01E\x14P\x01E\x14P\x01E\x14P\x01E\x14P\x01E\x14P\x01E\x14P\x01E\x14P\x01E\x14P\x01E\x14P\x01E\x14P\x01E\x14P\x01E\x14P\x01E\x14P\x01E\x14P\x01E\x14P\x01E\x14P\x01E\x14P\x01E\x14P\x01E\x14P\x01E\x14P\x01E\x14P\x01E\x14P\x01E\x14P\x01E\x14P\x01E\x14P\x01E\x14P\x01E\x14P\x01E\x14P\x01E\x14P\x01E\x14P\x01E\x14P\x01E\x14P\x01E\x14P\x01E\x14P\x01E\x14P\x01E\x14P\x01E\x14P\x01E\x14P\x01E\x14P\x01E\x14P\x01E\x14P\x01E\x14P\x01E\x14P\x01E\x14P\x01E\x14P\x01E\x14P\x01E\x14P\x01E\x14P\x01E\x14P\x01E\x14P\x01E\x14P\x01E\x14P\x01E\x14P\x01E\x14P\x01E\x14P\x01E\x14P\x01E\x14P\x01' 262
2026-09-22 14:16:58,489 Thread-6180 (_process_events) root DEBUG bip.py                    2834  _bip_ev_server_put_image_req : _bip_ev_server_put_image_req b'\xe0N\xe4\x08\xdc\x1b\x00\x00\xfc\x00H\x00\xfc\x01E\x14P\x01E\x14P\x01E\x14P\x01E\x14P\x01E\x14P\x01E\x14P\x01E\x14P\x01E\x14P\x01E\x14P\x01E\x14P\x01E\x14P\x01E\x14P\x01E\x14P\x01E\x14P\x01E\x14P\x01E\x14P\x01E\x14P\x01E\x14P\x01E\x14P\x01E\x14P\x01E\x14P\x01E\x14P\x01E\x14P\x01E\x14P\x01E\x14P\x01E\x14P\x01E\x14P\x01E\x14P\x01E\x14P\x01E\x14P\x01E\x14P\x01E\x14P\x01E\x14P\x01E\x14P\x01E\x14P\x01E\x14P\x01E\x14P\x01E\x14P\x01E\x14P\x01E\x14P\x01E\x14P\x01E\x14P\x01E\x14P\x01E\x14P\x01E\x14P\x01E\x14P\x01E\x14P\x01E\x14P\x01E\x14P\x01E\x14P\x01E\x14P\x01E\x14P\x01E\x14P\x01E\x14P\x01E\x14P\x01E\x14P\x01E\x14P\x01E\x14P\x01E\x14P\x01E\x14P\x01E\x14P\x01E\x14P\x01'
2026-09-22 14:16:58,489 Thread-6180 (_process_events) root DEBUG bip.py                    2361  _update_srm_state         : _update_srm_state: sess=<autopts.ptsprojects.stack.layers.bip.OBEXSession object at 0x000002BEEC7A8890> srm=None srmp=None srm_allowed=True srm_flags=0x03
2026-09-22 14:16:58,490 Thread-6180 (_process_events) root DEBUG bip.py                    2378  _update_srm_state         : _update_srm_state: after update srm_flags=0x03
2026-09-22 14:16:58,490 Thread-6180 (_process_events) root DEBUG bip.py                    2469  _send_put_rsp_with_srm    : _send_put_rsp_with_srm: role=0 sess=<autopts.ptsprojects.stack.layers.bip.OBEXSession object at 0x000002BEEC7A8890> srm_allowed=True srm_flags=0x03 srmp_wait_count=0 final=0
2026-09-22 14:16:58,498 BTPWorkerThread-6170 (_rx_task) root DEBUG iutctl_common.py          123   read                      : Read 5 bytes
2026-09-22 14:16:58,498 BTPWorkerThread-6170 (_rx_task) root DEBUG iutctl_common.py          131   read                      : Received: hdr: Header(svc_id=0x21, op=0x90, ctrl_index=0x00, data_len=0x106) bytearray(b'!\x90\x00\x06\x01')
2026-09-22 14:16:58,499 BTPWorkerThread-6170 (_rx_task) root DEBUG iutctl_common.py          139   read                      : Read 121 bytes data
2026-09-22 14:16:58,509 BTPWorkerThread-6170 (_rx_task) root DEBUG iutctl_common.py          139   read                      : Read 127 bytes data
2026-09-22 14:16:58,520 BTPWorkerThread-6170 (_rx_task) root DEBUG iutctl_common.py          139   read                      : Read 14 bytes data
2026-09-22 14:16:58,522 BTPWorkerThread-6170 (_rx_task) root DEBUG iutctl_common.py          154   read                      : Received data: {'e0 4e e4 08 dc 1b 00 00 fc 00 48 00 fc 45 14 50 01 45 14 50 01 45 14 50 01 45 14 50 01 45 14 50 01 45 14 50 01 45 14 50 01 45 14 50 01 45 14 50 01 45 14 50 01 45 14 50 01 45 14 50 01 45 14 50 01 45 14 50 01 45 14 50 01 45 14 50 01 45 14 50 01 45 14 50 01 45 14 50 01 45 14 50 01 45 14 50 01 45 14 50 01 45 14 50 01 45 14 50 01 45 14 50 01 45 14 50 01 45 14 50 01 45 14 50 01 45 14 50 01 45 14 50 01 45 14 50 01 45 14 50 01 45 14 50 01 45 14 50 01 45 14 50 01 45 14 50 01 45 14 50 01 45 14 50 01 45 14 50 01 45 14 50 01 45 14 50 01 45 14 50 01 45 14 50 01 45 14 50 01 45 14 50 01 45 14 50 01 45 14 50 01 45 14 50 01 45 14 50 01 45 14 50 01 45 14 50 01 45 14 50 01 45 14 50 01 45 14 50 01 45 14 50 01 45 14 50 01 45 14 50 01 45 14 50 01 45 14 50 01 45 14 50 01 45 14 50 01 45 14 50 01 45'}, bytearray(b'\xe0N\xe4\x08\xdc\x1b\x00\x00\xfc\x00H\x00\xfcE\x14P\x01E\x14P\x01E\x14P\x01E\x14P\x01E\x14P\x01E\x14P\x01E\x14P\x01E\x14P\x01E\x14P\x01E\x14P\x01E\x14P\x01E\x14P\x01E\x14P\x01E\x14P\x01E\x14P\x01E\x14P\x01E\x14P\x01E\x14P\x01E\x14P\x01E\x14P\x01E\x14P\x01E\x14P\x01E\x14P\x01E\x14P\x01E\x14P\x01E\x14P\x01E\x14P\x01E\x14P\x01E\x14P\x01E\x14P\x01E\x14P\x01E\x14P\x01E\x14P\x01E\x14P\x01E\x14P\x01E\x14P\x01E\x14P\x01E\x14P\x01E\x14P\x01E\x14P\x01E\x14P\x01E\x14P\x01E\x14P\x01E\x14P\x01E\x14P\x01E\x14P\x01E\x14P\x01E\x14P\x01E\x14P\x01E\x14P\x01E\x14P\x01E\x14P\x01E\x14P\x01E\x14P\x01E\x14P\x01E\x14P\x01E\x14P\x01E\x14P\x01E\x14P\x01E\x14P\x01E\x14P\x01E\x14P\x01E')
2026-09-22 14:16:58,522 BTPWorkerThread-6170 (_rx_task) root DEBUG btp.py                    704   event_handler             : Header(svc_id=33, op=144, ctrl_index=0, data_len=262) (b'\xe0N\xe4\x08\xdc\x1b\x00\x00\xfc\x00H\x00\xfcE\x14P\x01E\x14P\x01E\x14P\x01E\x14P\x01E\x14P\x01E\x14P\x01E\x14P\x01E\x14P\x01E\x14P\x01E\x14P\x01E\x14P\x01E\x14P\x01E\x14P\x01E\x14P\x01E\x14P\x01E\x14P\x01E\x14P\x01E\x14P\x01E\x14P\x01E\x14P\x01E\x14P\x01E\x14P\x01E\x14P\x01E\x14P\x01E\x14P\x01E\x14P\x01E\x14P\x01E\x14P\x01E\x14P\x01E\x14P\x01E\x14P\x01E\x14P\x01E\x14P\x01E\x14P\x01E\x14P\x01E\x14P\x01E\x14P\x01E\x14P\x01E\x14P\x01E\x14P\x01E\x14P\x01E\x14P\x01E\x14P\x01E\x14P\x01E\x14P\x01E\x14P\x01E\x14P\x01E\x14P\x01E\x14P\x01E\x14P\x01E\x14P\x01E\x14P\x01E\x14P\x01E\x14P\x01E\x14P\x01E\x14P\x01E\x14P\x01E\x14P\x01E\x14P\x01E\x14P\x01E\x14P\x01E\x14P\x01E',)
2026-09-22 14:16:58,522 BTPWorkerThread-6170 (_rx_task) root DEBUG bip.py                    3803  bip_ev_server_put_image_req : bip_ev_server_put_image_req <autopts.ptsprojects.stack.layers.bip.BIP object at 0x000002BEEC8A9DF0> b'\xe0N\xe4\x08\xdc\x1b\x00\x00\xfc\x00H\x00\xfcE\x14P\x01E\x14P\x01E\x14P\x01E\x14P\x01E\x14P\x01E\x14P\x01E\x14P\x01E\x14P\x01E\x14P\x01E\x14P\x01E\x14P\x01E\x14P\x01E\x14P\x01E\x14P\x01E\x14P\x01E\x14P\x01E\x14P\x01E\x14P\x01E\x14P\x01E\x14P\x01E\x14P\x01E\x14P\x01E\x14P\x01E\x14P\x01E\x14P\x01E\x14P\x01E\x14P\x01E\x14P\x01E\x14P\x01E\x14P\x01E\x14P\x01E\x14P\x01E\x14P\x01E\x14P\x01E\x14P\x01E\x14P\x01E\x14P\x01E\x14P\x01E\x14P\x01E\x14P\x01E\x14P\x01E\x14P\x01E\x14P\x01E\x14P\x01E\x14P\x01E\x14P\x01E\x14P\x01E\x14P\x01E\x14P\x01E\x14P\x01E\x14P\x01E\x14P\x01E\x14P\x01E\x14P\x01E\x14P\x01E\x14P\x01E\x14P\x01E\x14P\x01E\x14P\x01E\x14P\x01E\x14P\x01E\x14P\x01E' 262
2026-09-22 14:16:58,522 Thread-6180 (_process_events) root DEBUG bip.py                    2834  _bip_ev_server_put_image_req : _bip_ev_server_put_image_req b'\xe0N\xe4\x08\xdc\x1b\x00\x00\xfc\x00H\x00\xfcE\x14P\x01E\x14P\x01E\x14P\x01E\x14P\x01E\x14P\x01E\x14P\x01E\x14P\x01E\x14P\x01E\x14P\x01E\x14P\x01E\x14P\x01E\x14P\x01E\x14P\x01E\x14P\x01E\x14P\x01E\x14P\x01E\x14P\x01E\x14P\x01E\x14P\x01E\x14P\x01E\x14P\x01E\x14P\x01E\x14P\x01E\x14P\x01E\x14P\x01E\x14P\x01E\x14P\x01E\x14P\x01E\x14P\x01E\x14P\x01E\x14P\x01E\x14P\x01E\x14P\x01E\x14P\x01E\x14P\x01E\x14P\x01E\x14P\x01E\x14P\x01E\x14P\x01E\x14P\x01E\x14P\x01E\x14P\x01E\x14P\x01E\x14P\x01E\x14P\x01E\x14P\x01E\x14P\x01E\x14P\x01E\x14P\x01E\x14P\x01E\x14P\x01E\x14P\x01E\x14P\x01E\x14P\x01E\x14P\x01E\x14P\x01E\x14P\x01E\x14P\x01E\x14P\x01E\x14P\x01E\x14P\x01E\x14P\x01E'
2026-09-22 14:16:58,523 BTPWorkerThread-6170 (_rx_task) root DEBUG iutctl_common.py          123   read                      : Read 5 bytes
2026-09-22 14:16:58,523 Thread-6180 (_process_events) root DEBUG bip.py                    2361  _update_srm_state         : _update_srm_state: sess=<autopts.ptsprojects.stack.layers.bip.OBEXSession object at 0x000002BEEC7A8890> srm=None srmp=None srm_allowed=True srm_flags=0x03
2026-09-22 14:16:58,523 BTPWorkerThread-6170 (_rx_task) root DEBUG iutctl_common.py          131   read                      : Received: hdr: Header(svc_id=0x21, op=0x90, ctrl_index=0x00, data_len=0x32) bytearray(b'!\x90\x002\x00')
2026-09-22 14:16:58,524 Thread-6180 (_process_events) root DEBUG bip.py                    2378  _update_srm_state         : _update_srm_state: after update srm_flags=0x03
2026-09-22 14:16:58,524 BTPWorkerThread-6170 (_rx_task) root DEBUG iutctl_common.py          139   read                      : Read 33 bytes data
2026-09-22 14:16:58,524 Thread-6180 (_process_events) root DEBUG bip.py                    2469  _send_put_rsp_with_srm    : _send_put_rsp_with_srm: role=0 sess=<autopts.ptsprojects.stack.layers.bip.OBEXSession object at 0x000002BEEC7A8890> srm_allowed=True srm_flags=0x03 srmp_wait_count=0 final=0
2026-09-22 14:16:58,531 BTPWorkerThread-6170 (_rx_task) root DEBUG iutctl_common.py          139   read                      : Read 17 bytes data
2026-09-22 14:16:58,532 BTPWorkerThread-6170 (_rx_task) root DEBUG iutctl_common.py          154   read                      : Received data: {'e0 4e e4 08 dc 1b 00 01 28 00 49 00 28 14 50 01 45 14 50 01 45 14 50 01 45 14 50 01 45 14 50 01 45 14 50 01 45 14 50 01 45 14 50 01 45 14 50 07 ff d9'}, bytearray(b'\xe0N\xe4\x08\xdc\x1b\x00\x01(\x00I\x00(\x14P\x01E\x14P\x01E\x14P\x01E\x14P\x01E\x14P\x01E\x14P\x01E\x14P\x01E\x14P\x01E\x14P\x07\xff\xd9')
2026-09-22 14:16:58,532 BTPWorkerThread-6170 (_rx_task) root DEBUG btp.py                    704   event_handler             : Header(svc_id=33, op=144, ctrl_index=0, data_len=50) (b'\xe0N\xe4\x08\xdc\x1b\x00\x01(\x00I\x00(\x14P\x01E\x14P\x01E\x14P\x01E\x14P\x01E\x14P\x01E\x14P\x01E\x14P\x01E\x14P\x01E\x14P\x07\xff\xd9',)
2026-09-22 14:16:58,532 BTPWorkerThread-6170 (_rx_task) root DEBUG bip.py                    3803  bip_ev_server_put_image_req : bip_ev_server_put_image_req <autopts.ptsprojects.stack.layers.bip.BIP object at 0x000002BEEC8A9DF0> b'\xe0N\xe4\x08\xdc\x1b\x00\x01(\x00I\x00(\x14P\x01E\x14P\x01E\x14P\x01E\x14P\x01E\x14P\x01E\x14P\x01E\x14P\x01E\x14P\x01E\x14P\x07\xff\xd9' 50
2026-09-22 14:16:58,532 Thread-6180 (_process_events) root DEBUG bip.py                    2834  _bip_ev_server_put_image_req : _bip_ev_server_put_image_req b'\xe0N\xe4\x08\xdc\x1b\x00\x01(\x00I\x00(\x14P\x01E\x14P\x01E\x14P\x01E\x14P\x01E\x14P\x01E\x14P\x01E\x14P\x01E\x14P\x01E\x14P\x07\xff\xd9'
2026-09-22 14:16:58,533 Thread-6180 (_process_events) root DEBUG bip.py                    2361  _update_srm_state         : _update_srm_state: sess=<autopts.ptsprojects.stack.layers.bip.OBEXSession object at 0x000002BEEC7A8890> srm=None srmp=None srm_allowed=True srm_flags=0x03
2026-09-22 14:16:58,533 Thread-6180 (_process_events) root DEBUG bip.py                    2378  _update_srm_state         : _update_srm_state: after update srm_flags=0x03
2026-09-22 14:16:58,533 Thread-6180 (_process_events) root DEBUG bip.py                    2469  _send_put_rsp_with_srm    : _send_put_rsp_with_srm: role=0 sess=<autopts.ptsprojects.stack.layers.bip.OBEXSession object at 0x000002BEEC7A8890> srm_allowed=True srm_flags=0x03 srmp_wait_count=0 final=1
2026-09-22 14:16:58,533 Thread-6180 (_process_events) root DEBUG bip.py                    1049  _bip_operation_rsp_cmd    : put_image_rsp '001bdc08e44e' 224 160 19
2026-09-22 14:16:58,533 Thread-6180 (_process_events) root DEBUG iutctl_common.py          161   send                      : 33 37 0 "bytearray(b'\\xe0N\\xe4\\x08\\xdc\\x1b\\x00\\xa0\\x13\\x000\\x00\\x13\\x001\\x000\\x002\\x000\\x000\\x000\\x002\\x00\\x00')"
2026-09-22 14:16:58,533 Thread-6180 (_process_events) root DEBUG iutctl_common.py          166   send                      : sending frame '2125001d00e04ee408dc1b00a0130030001300310030003200300030003000320000'
2026-09-22 14:16:58,534 Thread-6180 (_process_events) root DEBUG iutctl_common.py          339   read                      : 
2026-09-22 14:16:58,570 BTPWorkerThread-6170 (_rx_task) root DEBUG iutctl_common.py          123   read                      : Read 5 bytes
2026-09-22 14:16:58,580 BTPWorkerThread-6170 (_rx_task) root DEBUG iutctl_common.py          131   read                      : Received: hdr: Header(svc_id=0x21, op=0x25, ctrl_index=0x00, data_len=0x00) bytearray(b'!%\x00\x00\x00')
2026-09-22 14:16:58,581 BTPWorkerThread-6170 (_rx_task) root DEBUG iutctl_common.py          154   read                      : Received data: {''}, bytearray(b'')
2026-09-22 14:16:58,587 BTPWorkerThread-6170 (_rx_task) root DEBUG iutctl_common.py          123   read                      : Read 5 bytes
2026-09-22 14:16:58,587 BTPWorkerThread-6170 (_rx_task) root DEBUG iutctl_common.py          131   read                      : Received: hdr: Header(svc_id=0x21, op=0x88, ctrl_index=0x00, data_len=0x36) bytearray(b'!\x88\x006\x00')
2026-09-22 14:16:58,588 BTPWorkerThread-6170 (_rx_task) root DEBUG iutctl_common.py          139   read                      : Read 54 bytes data
2026-09-22 14:16:58,588 BTPWorkerThread-6170 (_rx_task) root DEBUG iutctl_common.py          154   read                      : Received data: {'e0 4e e4 08 dc 1b 00 01 2c 00 42 00 14 78 2d 62 74 2f 69 6d 67 2d 6c 69 73 74 69 6e 67 00 4c 00 0e 01 02 ff ff 02 02 00 00 03 01 00 71 00 03 97 01 cb 00 00 00 01'}, bytearray(b'\xe0N\xe4\x08\xdc\x1b\x00\x01,\x00B\x00\x14x-bt/img-listing\x00L\x00\x0e\x01\x02\xff\xff\x02\x02\x00\x00\x03\x01\x00q\x00\x03\x97\x01\xcb\x00\x00\x00\x01')
2026-09-22 14:16:58,589 BTPWorkerThread-6170 (_rx_task) root DEBUG btp.py                    704   event_handler             : Header(svc_id=33, op=136, ctrl_index=0, data_len=54) (b'\xe0N\xe4\x08\xdc\x1b\x00\x01,\x00B\x00\x14x-bt/img-listing\x00L\x00\x0e\x01\x02\xff\xff\x02\x02\x00\x00\x03\x01\x00q\x00\x03\x97\x01\xcb\x00\x00\x00\x01',)
2026-09-22 14:16:58,589 BTPWorkerThread-6170 (_rx_task) root DEBUG bip.py                    3742  bip_ev_server_get_image_list_req : bip_ev_server_get_image_list_req <autopts.ptsprojects.stack.layers.bip.BIP object at 0x000002BEEC8A9DF0> b'\xe0N\xe4\x08\xdc\x1b\x00\x01,\x00B\x00\x14x-bt/img-listing\x00L\x00\x0e\x01\x02\xff\xff\x02\x02\x00\x00\x03\x01\x00q\x00\x03\x97\x01\xcb\x00\x00\x00\x01' 54
2026-09-22 14:16:58,589 Thread-6180 (_process_events) root DEBUG bip.py                    2554  _bip_ev_server_get_image_list_req : _bip_ev_server_get_image_list_req b'\xe0N\xe4\x08\xdc\x1b\x00\x01,\x00B\x00\x14x-bt/img-listing\x00L\x00\x0e\x01\x02\xff\xff\x02\x02\x00\x00\x03\x01\x00q\x00\x03\x97\x01\xcb\x00\x00\x00\x01'
2026-09-22 14:16:58,589 Thread-6180 (_process_events) root DEBUG bip.py                    2361  _update_srm_state         : _update_srm_state: sess=<autopts.ptsprojects.stack.layers.bip.OBEXSession object at 0x000002BEEC7A8890> srm=1 srmp=None srm_allowed=True srm_flags=0x00
2026-09-22 14:16:58,589 Thread-6180 (_process_events) root DEBUG bip.py                    2378  _update_srm_state         : _update_srm_state: after update srm_flags=0x02
2026-09-22 14:16:58,590 Thread-6180 (_process_events) root DEBUG bip.py                    2405  _send_get_rsp_with_srm    : _send_get_rsp_with_srm: role=0 sess=<autopts.ptsprojects.stack.layers.bip.OBEXSession object at 0x000002BEEC7A8890> srm_allowed=True srm_flags=0x02 srmp_wait_count=0 final=1
2026-09-22 14:16:58,590 Thread-6180 (_process_events) root DEBUG bip.py                    1049  _bip_operation_rsp_cmd    : get_image_list_rsp '001bdc08e44e' 224 144 297
2026-09-22 14:16:58,590 Thread-6180 (_process_events) root DEBUG iutctl_common.py          161   send                      : 33 21 0 'bytearray(b\'\\xe0N\\xe4\\x08\\xdc\\x1b\\x00\\x90)\\x01\\x97\\x01L\\x00\\x07\\x01\\x02\\x00\\x08q\\x00`<image-descriptor version="1.0"><image encoding="JPEG" pixel="1280*1024"/></image-descriptor>H\\x00\\xc0<images-listing version="1.0">\\n<image handle="1000001" created="20000801T060000Z" />\\n<image handle="1000002" created="20000801T060030Z" />\\n<image handle="1000003" created="20000801T060115Z"\')'
2026-09-22 14:16:58,590 Thread-6180 (_process_events) root DEBUG iutctl_common.py          166   send                      : sending frame '2115003301e04ee408dc1b0090290197014c0007010200087100603c696d6167652d64657363726970746f722076657273696f6e3d22312e30223e3c696d61676520656e636f64696e673d224a5045472220706978656c3d22313238302a31303234222f3e3c2f696d6167652d64657363726970746f723e4800c03c696d616765732d6c697374696e672076657273696f6e3d22312e30223e0a3c696d6167652068616e646c653d22313030303030312220637265617465643d223230303030383031543036303030305a22202f3e0a3c696d6167652068616e646c653d22313030303030322220637265617465643d223230303030383031543036303033305a22202f3e0a3c696d6167652068616e646c653d22313030303030332220637265617465643d223230303030383031543036303131355a22'
2026-09-22 14:16:58,591 Thread-6180 (_process_events) root DEBUG iutctl_common.py          339   read                      : 
2026-09-22 14:16:58,664 BTPWorkerThread-6170 (_rx_task) root DEBUG iutctl_common.py          123   read                      : Read 5 bytes
2026-09-22 14:16:58,675 BTPWorkerThread-6170 (_rx_task) root DEBUG iutctl_common.py          131   read                      : Received: hdr: Header(svc_id=0x21, op=0x15, ctrl_index=0x00, data_len=0x00) bytearray(b'!\x15\x00\x00\x00')
2026-09-22 14:16:58,686 BTPWorkerThread-6170 (_rx_task) root DEBUG iutctl_common.py          154   read                      : Received data: {''}, bytearray(b'')
2026-09-22 14:16:58,703 Thread-6180 (_process_events) root DEBUG bip.py                    1049  _bip_operation_rsp_cmd    : get_image_list_rsp '001bdc08e44e' 224 144 297
2026-09-22 14:16:58,703 Thread-6180 (_process_events) root DEBUG iutctl_common.py          161   send                      : 33 21 0 'bytearray(b\'\\xe0N\\xe4\\x08\\xdc\\x1b\\x00\\x90)\\x01H\\x01) modified="20000808T071500Z" />\\n<image handle="1000004" created="20000801T060137Z" />\\n<image handle="1000005" created="20010315T143000Z" />\\n<image handle="1000006" created="20010520T091500Z" modified="20010521T100000Z" />\\n<image handle="1020001" created="20020101T120000Z" />\\n<image handle="102\')'
2026-09-22 14:16:58,703 Thread-6180 (_process_events) root DEBUG iutctl_common.py          166   send                      : sending frame '2115003301e04ee408dc1b00902901480129206d6f6469666965643d223230303030383038543037313530305a22202f3e0a3c696d6167652068616e646c653d22313030303030342220637265617465643d223230303030383031543036303133375a22202f3e0a3c696d6167652068616e646c653d22313030303030352220637265617465643d223230303130333135543134333030305a22202f3e0a3c696d6167652068616e646c653d22313030303030362220637265617465643d223230303130353230543039313530305a22206d6f6469666965643d223230303130353231543130303030305a22202f3e0a3c696d6167652068616e646c653d22313032303030312220637265617465643d223230303230313031543132303030305a22202f3e0a3c696d6167652068616e646c653d22313032'
2026-09-22 14:16:58,705 Thread-6180 (_process_events) root DEBUG iutctl_common.py          339   read                      : 
2026-09-22 14:16:58,762 BTPWorkerThread-6170 (_rx_task) root DEBUG iutctl_common.py          123   read                      : Read 5 bytes
2026-09-22 14:16:58,773 BTPWorkerThread-6170 (_rx_task) root DEBUG iutctl_common.py          131   read                      : Received: hdr: Header(svc_id=0x21, op=0x15, ctrl_index=0x00, data_len=0x00) bytearray(b'!\x15\x00\x00\x00')
2026-09-22 14:16:58,784 BTPWorkerThread-6170 (_rx_task) root DEBUG iutctl_common.py          154   read                      : Received data: {''}, bytearray(b'')
2026-09-22 14:16:58,801 Thread-6180 (_process_events) root DEBUG bip.py                    1049  _bip_operation_rsp_cmd    : get_image_list_rsp '001bdc08e44e' 224 160 56
2026-09-22 14:16:58,801 Thread-6180 (_process_events) root DEBUG iutctl_common.py          161   send                      : 33 21 0 'bytearray(b\'\\xe0N\\xe4\\x08\\xdc\\x1b\\x00\\xa08\\x00I\\x0080002" created="20260922T061657Z" />\\n</images-listing>\')'
2026-09-22 14:16:58,802 Thread-6180 (_process_events) root DEBUG iutctl_common.py          166   send                      : sending frame '2115004200e04ee408dc1b00a03800490038303030322220637265617465643d223230323630393232543036313635375a22202f3e0a3c2f696d616765732d6c697374696e673e'
2026-09-22 14:16:58,803 Thread-6180 (_process_events) root DEBUG iutctl_common.py          339   read                      : 
2026-09-22 14:16:58,840 BTPWorkerThread-6170 (_rx_task) root DEBUG iutctl_common.py          123   read                      : Read 5 bytes
2026-09-22 14:16:58,851 BTPWorkerThread-6170 (_rx_task) root DEBUG iutctl_common.py          131   read                      : Received: hdr: Header(svc_id=0x21, op=0x15, ctrl_index=0x00, data_len=0x00) bytearray(b'!\x15\x00\x00\x00')
2026-09-22 14:16:58,861 BTPWorkerThread-6170 (_rx_task) root DEBUG iutctl_common.py          154   read                      : Received data: {''}, bytearray(b'')
2026-09-22 14:16:58,872 BTPWorkerThread-6170 (_rx_task) root DEBUG iutctl_common.py          123   read                      : Read 5 bytes
2026-09-22 14:16:58,872 BTPWorkerThread-6170 (_rx_task) root DEBUG iutctl_common.py          131   read                      : Received: hdr: Header(svc_id=0x21, op=0x93, ctrl_index=0x00, data_len=0x3e) bytearray(b'!\x93\x00>\x00')
2026-09-22 14:16:58,873 BTPWorkerThread-6170 (_rx_task) root DEBUG iutctl_common.py          139   read                      : Read 62 bytes data
2026-09-22 14:16:58,873 BTPWorkerThread-6170 (_rx_task) root DEBUG iutctl_common.py          154   read                      : Received data: {'e0 4e e4 08 dc 1b 00 01 34 00 30 00 13 00 31 00 30 00 30 00 30 00 30 00 30 00 31 00 00 42 00 14 78 2d 62 74 2f 69 6d 67 2d 64 69 73 70 6c 61 79 00 4c 00 06 08 01 03 97 01 cb 00 00 00 01'}, bytearray(b'\xe0N\xe4\x08\xdc\x1b\x00\x014\x000\x00\x13\x001\x000\x000\x000\x000\x000\x001\x00\x00B\x00\x14x-bt/img-display\x00L\x00\x06\x08\x01\x03\x97\x01\xcb\x00\x00\x00\x01')
2026-09-22 14:16:58,874 BTPWorkerThread-6170 (_rx_task) root DEBUG btp.py                    704   event_handler             : Header(svc_id=33, op=147, ctrl_index=0, data_len=62) (b'\xe0N\xe4\x08\xdc\x1b\x00\x014\x000\x00\x13\x001\x000\x000\x000\x000\x000\x001\x00\x00B\x00\x14x-bt/img-display\x00L\x00\x06\x08\x01\x03\x97\x01\xcb\x00\x00\x00\x01',)
2026-09-22 14:16:58,874 BTPWorkerThread-6170 (_rx_task) root DEBUG bip.py                    3826  bip_ev_server_remote_display_req : bip_ev_server_remote_display_req <autopts.ptsprojects.stack.layers.bip.BIP object at 0x000002BEEC8A9DF0> b'\xe0N\xe4\x08\xdc\x1b\x00\x014\x000\x00\x13\x001\x000\x000\x000\x000\x000\x001\x00\x00B\x00\x14x-bt/img-display\x00L\x00\x06\x08\x01\x03\x97\x01\xcb\x00\x00\x00\x01' 62
2026-09-22 14:16:58,874 Thread-6180 (_process_events) root DEBUG bip.py                    2913  _bip_ev_server_remote_display_req : _bip_ev_server_remote_display_req b'\xe0N\xe4\x08\xdc\x1b\x00\x014\x000\x00\x13\x001\x000\x000\x000\x000\x000\x001\x00\x00B\x00\x14x-bt/img-display\x00L\x00\x06\x08\x01\x03\x97\x01\xcb\x00\x00\x00\x01'
2026-09-22 14:16:58,874 Thread-6180 (_process_events) root DEBUG bip.py                    1049  _bip_operation_rsp_cmd    : remote_display_rsp '001bdc08e44e' 224 160 19
2026-09-22 14:16:58,874 Thread-6180 (_process_events) root DEBUG iutctl_common.py          161   send                      : 33 43 0 "bytearray(b'\\xe0N\\xe4\\x08\\xdc\\x1b\\x00\\xa0\\x13\\x000\\x00\\x13\\x001\\x000\\x000\\x000\\x000\\x000\\x001\\x00\\x00')"
2026-09-22 14:16:58,874 Thread-6180 (_process_events) root DEBUG iutctl_common.py          166   send                      : sending frame '212b001d00e04ee408dc1b00a0130030001300310030003000300030003000310000'
2026-09-22 14:16:58,875 Thread-6180 (_process_events) root DEBUG iutctl_common.py          339   read                      : 
2026-09-22 14:16:58,916 BTPWorkerThread-6170 (_rx_task) root DEBUG iutctl_common.py          123   read                      : Read 5 bytes
2026-09-22 14:16:58,922 BTPWorkerThread-6170 (_rx_task) root DEBUG iutctl_common.py          131   read                      : Received: hdr: Header(svc_id=0x21, op=0x2b, ctrl_index=0x00, data_len=0x00) bytearray(b'!+\x00\x00\x00')
2026-09-22 14:16:58,928 BTPWorkerThread-6170 (_rx_task) root DEBUG iutctl_common.py          154   read                      : Received data: {''}, bytearray(b'')
2026-09-22 14:16:58,945 BTPWorkerThread-6170 (_rx_task) root DEBUG iutctl_common.py          123   read                      : Read 5 bytes
2026-09-22 14:16:58,946 BTPWorkerThread-6170 (_rx_task) root DEBUG iutctl_common.py          131   read                      : Received: hdr: Header(svc_id=0x21, op=0x93, ctrl_index=0x00, data_len=0x2e) bytearray(b'!\x93\x00.\x00')
2026-09-22 14:16:58,946 BTPWorkerThread-6170 (_rx_task) root DEBUG iutctl_common.py          139   read                      : Read 46 bytes data
2026-09-22 14:16:58,947 BTPWorkerThread-6170 (_rx_task) root DEBUG iutctl_common.py          154   read                      : Received data: {'e0 4e e4 08 dc 1b 00 01 24 00 30 00 03 42 00 14 78 2d 62 74 2f 69 6d 67 2d 64 69 73 70 6c 61 79 00 4c 00 06 08 01 01 97 01 cb 00 00 00 01'}, bytearray(b'\xe0N\xe4\x08\xdc\x1b\x00\x01$\x000\x00\x03B\x00\x14x-bt/img-display\x00L\x00\x06\x08\x01\x01\x97\x01\xcb\x00\x00\x00\x01')
2026-09-22 14:16:58,947 BTPWorkerThread-6170 (_rx_task) root DEBUG btp.py                    704   event_handler             : Header(svc_id=33, op=147, ctrl_index=0, data_len=46) (b'\xe0N\xe4\x08\xdc\x1b\x00\x01$\x000\x00\x03B\x00\x14x-bt/img-display\x00L\x00\x06\x08\x01\x01\x97\x01\xcb\x00\x00\x00\x01',)
2026-09-22 14:16:58,947 BTPWorkerThread-6170 (_rx_task) root DEBUG bip.py                    3826  bip_ev_server_remote_display_req : bip_ev_server_remote_display_req <autopts.ptsprojects.stack.layers.bip.BIP object at 0x000002BEEC8A9DF0> b'\xe0N\xe4\x08\xdc\x1b\x00\x01$\x000\x00\x03B\x00\x14x-bt/img-display\x00L\x00\x06\x08\x01\x01\x97\x01\xcb\x00\x00\x00\x01' 46
2026-09-22 14:16:58,948 Thread-6180 (_process_events) root DEBUG bip.py                    2913  _bip_ev_server_remote_display_req : _bip_ev_server_remote_display_req b'\xe0N\xe4\x08\xdc\x1b\x00\x01$\x000\x00\x03B\x00\x14x-bt/img-display\x00L\x00\x06\x08\x01\x01\x97\x01\xcb\x00\x00\x00\x01'
2026-09-22 14:16:58,948 Thread-6180 (_process_events) root DEBUG bip.py                    1049  _bip_operation_rsp_cmd    : remote_display_rsp '001bdc08e44e' 224 160 19
2026-09-22 14:16:58,948 Thread-6180 (_process_events) root DEBUG iutctl_common.py          161   send                      : 33 43 0 "bytearray(b'\\xe0N\\xe4\\x08\\xdc\\x1b\\x00\\xa0\\x13\\x000\\x00\\x13\\x001\\x000\\x000\\x000\\x000\\x000\\x002\\x00\\x00')"
2026-09-22 14:16:58,948 Thread-6180 (_process_events) root DEBUG iutctl_common.py          166   send                      : sending frame '212b001d00e04ee408dc1b00a0130030001300310030003000300030003000320000'
2026-09-22 14:16:58,949 Thread-6180 (_process_events) root DEBUG iutctl_common.py          339   read                      : 
2026-09-22 14:16:58,987 BTPWorkerThread-6170 (_rx_task) root DEBUG iutctl_common.py          123   read                      : Read 5 bytes
2026-09-22 14:16:58,999 BTPWorkerThread-6170 (_rx_task) root DEBUG iutctl_common.py          131   read                      : Received: hdr: Header(svc_id=0x21, op=0x2b, ctrl_index=0x00, data_len=0x00) bytearray(b'!+\x00\x00\x00')
2026-09-22 14:16:59,010 BTPWorkerThread-6170 (_rx_task) root DEBUG iutctl_common.py          154   read                      : Received data: {''}, bytearray(b'')
2026-09-22 14:16:59,021 BTPWorkerThread-6170 (_rx_task) root DEBUG iutctl_common.py          123   read                      : Read 5 bytes
2026-09-22 14:16:59,021 BTPWorkerThread-6170 (_rx_task) root DEBUG iutctl_common.py          131   read                      : Received: hdr: Header(svc_id=0x21, op=0x93, ctrl_index=0x00, data_len=0x2e) bytearray(b'!\x93\x00.\x00')
2026-09-22 14:16:59,022 BTPWorkerThread-6170 (_rx_task) root DEBUG iutctl_common.py          139   read                      : Read 46 bytes data
2026-09-22 14:16:59,023 BTPWorkerThread-6170 (_rx_task) root DEBUG iutctl_common.py          154   read                      : Received data: {'e0 4e e4 08 dc 1b 00 01 24 00 30 00 03 42 00 14 78 2d 62 74 2f 69 6d 67 2d 64 69 73 70 6c 61 79 00 4c 00 06 08 01 02 97 01 cb 00 00 00 01'}, bytearray(b'\xe0N\xe4\x08\xdc\x1b\x00\x01$\x000\x00\x03B\x00\x14x-bt/img-display\x00L\x00\x06\x08\x01\x02\x97\x01\xcb\x00\x00\x00\x01')
2026-09-22 14:16:59,023 BTPWorkerThread-6170 (_rx_task) root DEBUG btp.py                    704   event_handler             : Header(svc_id=33, op=147, ctrl_index=0, data_len=46) (b'\xe0N\xe4\x08\xdc\x1b\x00\x01$\x000\x00\x03B\x00\x14x-bt/img-display\x00L\x00\x06\x08\x01\x02\x97\x01\xcb\x00\x00\x00\x01',)
2026-09-22 14:16:59,023 BTPWorkerThread-6170 (_rx_task) root DEBUG bip.py                    3826  bip_ev_server_remote_display_req : bip_ev_server_remote_display_req <autopts.ptsprojects.stack.layers.bip.BIP object at 0x000002BEEC8A9DF0> b'\xe0N\xe4\x08\xdc\x1b\x00\x01$\x000\x00\x03B\x00\x14x-bt/img-display\x00L\x00\x06\x08\x01\x02\x97\x01\xcb\x00\x00\x00\x01' 46
2026-09-22 14:16:59,023 Thread-6180 (_process_events) root DEBUG bip.py                    2913  _bip_ev_server_remote_display_req : _bip_ev_server_remote_display_req b'\xe0N\xe4\x08\xdc\x1b\x00\x01$\x000\x00\x03B\x00\x14x-bt/img-display\x00L\x00\x06\x08\x01\x02\x97\x01\xcb\x00\x00\x00\x01'
2026-09-22 14:16:59,024 Thread-6180 (_process_events) root DEBUG bip.py                    1049  _bip_operation_rsp_cmd    : remote_display_rsp '001bdc08e44e' 224 160 19
2026-09-22 14:16:59,024 Thread-6180 (_process_events) root DEBUG iutctl_common.py          161   send                      : 33 43 0 "bytearray(b'\\xe0N\\xe4\\x08\\xdc\\x1b\\x00\\xa0\\x13\\x000\\x00\\x13\\x001\\x000\\x000\\x000\\x000\\x000\\x001\\x00\\x00')"
2026-09-22 14:16:59,024 Thread-6180 (_process_events) root DEBUG iutctl_common.py          166   send                      : sending frame '212b001d00e04ee408dc1b00a0130030001300310030003000300030003000310000'
2026-09-22 14:16:59,025 Thread-6180 (_process_events) root DEBUG iutctl_common.py          339   read                      : 
2026-09-22 14:16:59,053 BTPWorkerThread-6170 (_rx_task) root DEBUG iutctl_common.py          123   read                      : Read 5 bytes
2026-09-22 14:16:59,064 BTPWorkerThread-6170 (_rx_task) root DEBUG iutctl_common.py          131   read                      : Received: hdr: Header(svc_id=0x21, op=0x2b, ctrl_index=0x00, data_len=0x00) bytearray(b'!+\x00\x00\x00')
2026-09-22 14:16:59,069 BTPWorkerThread-6170 (_rx_task) root DEBUG iutctl_common.py          154   read                      : Received data: {''}, bytearray(b'')
2026-09-22 14:16:59,087 BTPWorkerThread-6170 (_rx_task) root DEBUG iutctl_common.py          123   read                      : Read 5 bytes
2026-09-22 14:16:59,087 BTPWorkerThread-6170 (_rx_task) root DEBUG iutctl_common.py          131   read                      : Received: hdr: Header(svc_id=0x21, op=0x85, ctrl_index=0x00, data_len=0x0e) bytearray(b'!\x85\x00\x0e\x00')
2026-09-22 14:16:59,087 BTPWorkerThread-6170 (_rx_task) root DEBUG iutctl_common.py          139   read                      : Read 14 bytes data
2026-09-22 14:16:59,088 BTPWorkerThread-6170 (_rx_task) root DEBUG iutctl_common.py          154   read                      : Received data: {'e0 4e e4 08 dc 1b 00 05 00 cb 00 00 00 01'}, bytearray(b'\xe0N\xe4\x08\xdc\x1b\x00\x05\x00\xcb\x00\x00\x00\x01')
2026-09-22 14:16:59,088 BTPWorkerThread-6170 (_rx_task) root DEBUG btp.py                    704   event_handler             : Header(svc_id=33, op=133, ctrl_index=0, data_len=14) (b'\xe0N\xe4\x08\xdc\x1b\x00\x05\x00\xcb\x00\x00\x00\x01',)
2026-09-22 14:16:59,088 BTPWorkerThread-6170 (_rx_task) root DEBUG bip.py                    3721  bip_ev_server_disconnect_req : bip_ev_server_disconnect_req <autopts.ptsprojects.stack.layers.bip.BIP object at 0x000002BEEC8A9DF0> b'\xe0N\xe4\x08\xdc\x1b\x00\x05\x00\xcb\x00\x00\x00\x01' 14
2026-09-22 14:16:59,089 Thread-6180 (_process_events) root DEBUG bip.py                    2101  _bip_ev_server_data_req   : server_disconnect_req b'\xe0N\xe4\x08\xdc\x1b\x00\x05\x00\xcb\x00\x00\x00\x01'
2026-09-22 14:17:29,064 BTPWorkerThread-6170 (_rx_task) root DEBUG iutctl_common.py          123   read                      : Read 5 bytes
2026-09-22 14:17:29,064 BTPWorkerThread-6170 (_rx_task) root DEBUG iutctl_common.py          131   read                      : Received: hdr: Header(svc_id=0x21, op=0x83, ctrl_index=0x00, data_len=0x07) bytearray(b'!\x83\x00\x07\x00')
2026-09-22 14:17:29,065 BTPWorkerThread-6170 (_rx_task) root DEBUG iutctl_common.py          139   read                      : Read 7 bytes data
2026-09-22 14:17:29,065 BTPWorkerThread-6170 (_rx_task) root DEBUG iutctl_common.py          154   read                      : Received data: {'e0 4e e4 08 dc 1b 00'}, bytearray(b'\xe0N\xe4\x08\xdc\x1b\x00')
2026-09-22 14:17:29,065 BTPWorkerThread-6170 (_rx_task) root DEBUG btp.py                    704   event_handler             : Header(svc_id=33, op=131, ctrl_index=0, data_len=7) (b'\xe0N\xe4\x08\xdc\x1b\x00',)
2026-09-22 14:17:29,065 BTPWorkerThread-6170 (_rx_task) root DEBUG bip.py                    3679  bip_ev_l2cap_disconnected : bip_ev_l2cap_disconnected <autopts.ptsprojects.stack.layers.bip.BIP object at 0x000002BEEC8A9DF0> b'\xe0N\xe4\x08\xdc\x1b\x00' 7
2026-09-22 14:17:29,066 Thread-6180 (_process_events) root DEBUG bip.py                    2010  _bip_ev_l2cap_disconnected : _bip_ev_l2cap_disconnected b'\xe0N\xe4\x08\xdc\x1b\x00'
2026-09-22 14:17:29,066 Thread-6180 (_process_events) root DEBUG bip.py                    2014  _bip_ev_l2cap_disconnected : BIP L2CAP disconnected: addr b'N\xe4\x08\xdc\x1b\x00'
2026-09-22 14:17:29,066 BTPWorkerThread-6170 (_rx_task) root DEBUG iutctl_common.py          123   read                      : Read 5 bytes
2026-09-22 14:17:29,066 BTPWorkerThread-6170 (_rx_task) root DEBUG iutctl_common.py          131   read                      : Received: hdr: Header(svc_id=0x01, op=0x83, ctrl_index=0x00, data_len=0x07) bytearray(b'\x01\x83\x00\x07\x00')
2026-09-22 14:17:29,067 BTPWorkerThread-6170 (_rx_task) root DEBUG iutctl_common.py          139   read                      : Read 7 bytes data
2026-09-22 14:17:29,067 BTPWorkerThread-6170 (_rx_task) root DEBUG iutctl_common.py          154   read                      : Received data: {'e0 4e e4 08 dc 1b 00'}, bytearray(b'\xe0N\xe4\x08\xdc\x1b\x00')
2026-09-22 14:17:29,067 BTPWorkerThread-6170 (_rx_task) root DEBUG btp.py                    704   event_handler             : Header(svc_id=1, op=131, ctrl_index=0, data_len=7) (b'\xe0N\xe4\x08\xdc\x1b\x00',)
2026-09-22 14:17:29,067 BTPWorkerThread-6170 (_rx_task) root DEBUG gap.py                    226   gap_disconnected_ev_      : b'\xe0N\xe4\x08\xdc\x1b\x00'
2026-09-22 14:17:31,787 LT1-callback ClientCallback.log INFO client.py                 200   log                       : PTS_LOGTYPE_START_TEST Start Test Case 

+1641 ms
 BIP/RDR/MFS/BV-26-C BIP/RDR/MFS/BV-26-C

2026-09-22 14:17:33,099 LT1-callback ClientCallback.log INFO client.py                 200   log                       : PTS_LOGTYPE_FINAL_VERDICT Final Verdict 

+55750 ms
 BIP/RDR/MFS/BV-26-C PASS

2026-09-22 14:17:33,105 LT1-callback ClientCallback.log INFO client.py                 200   log                       : PTS_LOGTYPE_FINAL_VERDICT Encrypted Verdict 

+55750 ms
 BIP/RDR/MFS/BV-26-C A1#MTMwZGFkZThlYjYzOGEwNDAxZTI2MWI0YjIwNmEwOGRlYWYzNGQ1YTk3OWI2M2UwMGMzNmY3YTQ0MzhjNzUwNA==#lfIM2KE6O8mokcTlDiJvFdV2/ur7meGV9zVJv2gXkuZ8eAHZyYfgENREr9QMXZkn

2026-09-22 14:17:33,111 LT1-callback ClientCallback.log INFO client.py                 200   log                       : PTS_LOGTYPE_END_TEST Test Case Ended 

+55750 ms
 BIP/RDR/MFS/BV-26-C BIP/RDR/MFS/BV-26-C

2026-09-22 14:17:33,239 LT1-callback root DEBUG client.py                 261   set_result                : ClientCallback, set_result, run_test_case, PASS
2026-09-22 14:17:33,240 LT1-thread root DEBUG client.py                 1186  _run_test_case            : After run_test_case error_code=0 status='PASS'
2026-09-22 14:17:33,240 LT1-thread root DEBUG testcase.py               766   post_run                  : post_run BIP BIP/RDR/MFS/BV-26-C 0
2026-09-22 14:17:33,241 LT1-thread root DEBUG testcase.py               254   start                     : Starting test function: class=<class 'autopts.ptsprojects.testcase.TestFuncCleanUp'>, func=<bound method ZTestCase._test_case_cleanup of <autopts.ptsprojects.zephyr.ztestcase.ZTestCase object at 0x000002BEEC5C3320>> start_wid=None stop_wid=None post_wid=None skip_call=None call_count=2 args=() kwds={}
2026-09-22 14:17:33,241 LT1-thread root DEBUG testcase.py               266   start                     : Test function parameters: args=(), kwds={}
2026-09-22 14:17:33,241 LT1-thread root DEBUG bip.py                    3619  stop                      : BIP event handler stopped
2026-09-22 14:17:33,243 LT1-thread root DEBUG bip.py                    3611  start                     : BIP event handler started
2026-09-22 14:17:33,300 LT1-thread root DEBUG iutctl.py                 415   stop                      : <class 'autopts.ptsprojects.zephyr.iutctl.create_zephyr_ctl_class.<locals>.ZephyrCtl'>.stop
2026-09-22 14:17:33,300 LT1-thread root DEBUG __init__.py               51    reset                     : About to reset DUT: JLink -CommandFile reset.jlink -usb 1063214216 -device MIMXRT1176XXXA_M7
2026-09-22 14:17:33,788 BTPWorkerThread-6170 (_rx_task) root DEBUG iutctl_common.py          123   read                      : Read 5 bytes
2026-09-22 14:17:33,789 BTPWorkerThread-6170 (_rx_task) root DEBUG iutctl_common.py          131   read                      : Received: hdr: Header(svc_id=0x00, op=0x80, ctrl_index=0xff, data_len=0x00) bytearray(b'\x00\x80\xff\x00\x00')
2026-09-22 14:17:33,789 BTPWorkerThread-6170 (_rx_task) root DEBUG iutctl_common.py          154   read                      : Received data: {''}, bytearray(b'')
2026-09-22 14:17:33,790 BTPWorkerThread-6170 (_rx_task) root DEBUG btp.py                    704   event_handler             : Header(svc_id=0, op=128, ctrl_index=255, data_len=0) (b'',)
2026-09-22 14:17:33,790 BTPWorkerThread-6170 (_rx_task) root DEBUG core.py                   23    core_iut_ready_ev         : 
2026-09-22 14:17:33,874 LT1-thread root DEBUG iutctl.py                 436   _stop_tty_mode            : IUT ready event received OK
2026-09-22 14:17:33,874 LT1-thread root DEBUG iutctl_common.py          416   close                     : Waiting for _rx_worker to finish ...
2026-09-22 14:17:34,790 BTPWorkerThread-6170 (_rx_task) root DEBUG iutctl_common.py          332   _rx_task                  : BTPWorkerThread-6170 (_rx_task) finishing...
2026-09-22 14:17:37,803 LT1-thread root DEBUG testcase.py               794   post_run                  : post_run, cleanup running post test case script
2026-09-22 14:17:37,803 LT1-thread root DEBUG testcase.py               802   post_run                  : post_run, run post test case script
2026-09-22 14:17:37,948 LT1-thread root DEBUG client.py                 1220  _run_test_case            : Done TestCase _run_test_case BIP BIP/RDR/MFS/BV-26-C
