2026-09-16 19:59:28,631 LT1-thread root DEBUG client.py                 1099  _run_test_case            : Starting TestCase _run_test_case GAP GAP/SEC/SEM/BV-52-C
2026-09-16 19:59:28,631 LT1-thread root DEBUG testcase.py               727   pre_run                   : pre_run GAP GAP/SEC/SEM/BV-52-C
2026-09-16 19:59:28,631 LT1-thread root DEBUG testcase.py               729   pre_run                   : About to run test case GAP GAP/SEC/SEM/BV-52-C with commands:
2026-09-16 19:59:28,631 LT1-thread root DEBUG testcase.py               731   pre_run                   : 0) class=<class 'autopts.ptsprojects.testcase.TestFunc'>, func=<bound method ZTestCase._test_case_start of <autopts.ptsprojects.zephyr.ztestcase.ZTestCase object at 0x000002A769E6AC30>> start_wid=None stop_wid=None post_wid=None skip_call=None call_count=0 args=() kwds={}
2026-09-16 19:59:28,632 LT1-thread root DEBUG testcase.py               731   pre_run                   : 1) class=<class 'autopts.ptsprojects.testcase.TestFunc'>, func=<function core_reg_svc_gap at 0x000002A7673C8720> start_wid=None stop_wid=None post_wid=None skip_call=None call_count=64 args=() kwds={}
2026-09-16 19:59:28,632 LT1-thread root DEBUG testcase.py               731   pre_run                   : 2) class=<class 'autopts.ptsprojects.testcase.TestFunc'>, func=<bound method Stack.gap_init of <autopts.ptsprojects.stack.stack.Stack object at 0x000002A768AF7AD0>> start_wid=None stop_wid=None post_wid=None skip_call=None call_count=64 args=(b'Tester_08E44E', 'ABCD', '1111', '1111', '11', '1111', b'\x17github.com/auto-pts', (8, 'PADV_Tester'), 'FF') kwds={}
2026-09-16 19:59:28,632 LT1-thread root DEBUG testcase.py               731   pre_run                   : 3) class=<class 'autopts.ptsprojects.testcase.TestFunc'>, func=<function gap_read_controller_info at 0x000002A7673E7560> start_wid=None stop_wid=None post_wid=None skip_call=None call_count=64 args=() kwds={}
2026-09-16 19:59:28,632 LT1-thread root DEBUG testcase.py               731   pre_run                   : 4) class=<class 'autopts.ptsprojects.testcase.TestFunc'>, func=<function test_cases.<locals>.<lambda> at 0x000002A769E5D6C0> start_wid=None stop_wid=None post_wid=None skip_call=None call_count=64 args=() kwds={}
2026-09-16 19:59:28,632 LT1-thread root DEBUG testcase.py               731   pre_run                   : 5) class=<class 'autopts.ptsprojects.testcase.TestFunc'>, func=<function test_cases.<locals>.<lambda> at 0x000002A769E5D760> start_wid=None stop_wid=None post_wid=None skip_call=None call_count=64 args=() kwds={}
2026-09-16 19:59:28,632 LT1-thread root DEBUG testcase.py               731   pre_run                   : 6) class=<class 'autopts.ptsprojects.testcase.TestFunc'>, func=<function test_cases.<locals>.<lambda> at 0x000002A769E5D800> start_wid=None stop_wid=None post_wid=None skip_call=None call_count=64 args=() kwds={}
2026-09-16 19:59:28,632 LT1-thread root DEBUG testcase.py               731   pre_run                   : 7) class=<class 'autopts.ptsprojects.testcase.TestFunc'>, func=<function test_cases.<locals>.<lambda> at 0x000002A769E5D8A0> start_wid=None stop_wid=None post_wid=None skip_call=None call_count=64 args=() kwds={}
2026-09-16 19:59:28,632 LT1-thread root DEBUG testcase.py               731   pre_run                   : 8) class=<class 'autopts.ptsprojects.testcase.TestFunc'>, func=<function test_cases.<locals>.<lambda> at 0x000002A769E5D940> start_wid=None stop_wid=None post_wid=None skip_call=None call_count=64 args=() kwds={}
2026-09-16 19:59:28,633 LT1-thread root DEBUG testcase.py               731   pre_run                   : 9) class=<class 'autopts.ptsprojects.testcase.TestFunc'>, func=<function test_cases.<locals>.<lambda> at 0x000002A769E5D9E0> start_wid=None stop_wid=None post_wid=None skip_call=None call_count=64 args=() kwds={}
2026-09-16 19:59:28,633 LT1-thread root DEBUG testcase.py               731   pre_run                   : 10) class=<class 'autopts.ptsprojects.testcase.TestFunc'>, func=<function test_cases.<locals>.<lambda> at 0x000002A769E5DA80> start_wid=None stop_wid=None post_wid=None skip_call=None call_count=64 args=() kwds={}
2026-09-16 19:59:28,633 LT1-thread root DEBUG testcase.py               731   pre_run                   : 11) class=<class 'autopts.ptsprojects.testcase.TestFunc'>, func=<function test_cases.<locals>.<lambda> at 0x000002A769E5DB20> start_wid=None stop_wid=None post_wid=None skip_call=None call_count=64 args=() kwds={}
2026-09-16 19:59:28,633 LT1-thread root DEBUG testcase.py               731   pre_run                   : 12) class=<class 'autopts.ptsprojects.testcase.TestFunc'>, func=<function test_cases.<locals>.<lambda> at 0x000002A769E5DBC0> start_wid=None stop_wid=None post_wid=None skip_call=None call_count=64 args=() kwds={}
2026-09-16 19:59:28,633 LT1-thread root DEBUG testcase.py               731   pre_run                   : 13) class=<class 'autopts.ptsprojects.testcase.TestFunc'>, func=<function test_cases.<locals>.<lambda> at 0x000002A769E5DC60> start_wid=None stop_wid=None post_wid=None skip_call=None call_count=64 args=() kwds={}
2026-09-16 19:59:28,633 LT1-thread root DEBUG testcase.py               731   pre_run                   : 14) class=<class 'autopts.ptsprojects.testcase.TestFunc'>, func=<function core_reg_svc_gatt at 0x000002A7673C8860> start_wid=None stop_wid=None post_wid=None skip_call=None call_count=64 args=() kwds={}
2026-09-16 19:59:28,633 LT1-thread root DEBUG testcase.py               731   pre_run                   : 15) class=<class 'autopts.ptsprojects.testcase.TestFunc'>, func=<bound method Stack.gatt_init of <autopts.ptsprojects.stack.stack.Stack object at 0x000002A768AF7AD0>> start_wid=None stop_wid=None post_wid=None skip_call=None call_count=64 args=() kwds={}
2026-09-16 19:59:28,633 LT1-thread root DEBUG testcase.py               731   pre_run                   : 16) class=<class 'autopts.ptsprojects.testcase.TestFunc'>, func=<function gap_set_io_capability at 0x000002A7673E6A20> start_wid=None stop_wid=None post_wid=None skip_call=None call_count=64 args=(4,) kwds={}
2026-09-16 19:59:28,633 LT1-thread root DEBUG testcase.py               731   pre_run                   : 17) class=<class 'autopts.ptsprojects.testcase.TestFunc'>, func=<function gap_set_broadcast_code at 0x000002A767408C20> start_wid=None stop_wid=None post_wid=None skip_call=None call_count=64 args=('0102680553F1415AA265BBAFC6EA03B8',) kwds={}
2026-09-16 19:59:28,633 LT1-thread root DEBUG testcase.py               731   pre_run                   : 18) class=<class 'autopts.ptsprojects.testcase.TestFunc'>, func=<function set_pts_addr at 0x000002A7673C82C0> start_wid=None stop_wid=None post_wid=None skip_call=None call_count=64 args=('00:1B:DC:08:E4:4E', 0) kwds={}
2026-09-16 19:59:28,633 LT1-thread root DEBUG testcase.py               731   pre_run                   : 19) class=<class 'autopts.ptsprojects.testcase.TestFunc'>, func=<function test_cases.<locals>.<lambda> at 0x000002A769E5DD00> start_wid=None stop_wid=None post_wid=None skip_call=None call_count=12 args=() kwds={}
2026-09-16 19:59:28,633 LT1-thread root DEBUG testcase.py               731   pre_run                   : 20) class=<class 'autopts.ptsprojects.testcase.TestFunc'>, func=<function test_cases.<locals>.<lambda> at 0x000002A769E5DDA0> start_wid=None stop_wid=None post_wid=None skip_call=None call_count=12 args=() kwds={}
2026-09-16 19:59:28,633 LT1-thread root DEBUG testcase.py               731   pre_run                   : 21) class=<class 'autopts.ptsprojects.testcase.TestFunc'>, func=<function test_cases.<locals>.<lambda> at 0x000002A769E5DE40> start_wid=None stop_wid=None post_wid=None skip_call=None call_count=12 args=() kwds={}
2026-09-16 19:59:28,633 LT1-thread root DEBUG testcase.py               731   pre_run                   : 22) class=<class 'autopts.ptsprojects.testcase.TestFunc'>, func=<function test_cases.<locals>.<lambda> at 0x000002A769E5DEE0> start_wid=None stop_wid=None post_wid=None skip_call=None call_count=12 args=() kwds={}
2026-09-16 19:59:28,634 LT1-thread root DEBUG testcase.py               731   pre_run                   : 23) class=<class 'autopts.ptsprojects.testcase.TestFunc'>, func=<function test_cases.<locals>.<lambda> at 0x000002A769E5DF80> start_wid=None stop_wid=None post_wid=None skip_call=None call_count=12 args=() kwds={}
2026-09-16 19:59:28,634 LT1-thread root DEBUG testcase.py               731   pre_run                   : 24) class=<class 'autopts.ptsprojects.testcase.TestFunc'>, func=<function test_cases.<locals>.<lambda> at 0x000002A769E5E020> start_wid=None stop_wid=None post_wid=None skip_call=None call_count=12 args=() kwds={}
2026-09-16 19:59:28,634 LT1-thread root DEBUG testcase.py               731   pre_run                   : 25) class=<class 'autopts.ptsprojects.testcase.TestFunc'>, func=<function test_cases.<locals>.<lambda> at 0x000002A769E5E0C0> start_wid=None stop_wid=None post_wid=None skip_call=None call_count=12 args=() kwds={}
2026-09-16 19:59:28,634 LT1-thread root DEBUG testcase.py               731   pre_run                   : 26) class=<class 'autopts.ptsprojects.testcase.TestFunc'>, func=<function gap_set_io_capability at 0x000002A7673E6A20> start_wid=None stop_wid=None post_wid=None skip_call=None call_count=12 args=(3,) kwds={}
2026-09-16 19:59:28,634 LT1-thread root DEBUG testcase.py               731   pre_run                   : 27) class=<class 'autopts.ptsprojects.testcase.TestFunc'>, func=<function core_reg_svc_l2cap at 0x000002A7673C89A0> start_wid=None stop_wid=None post_wid=None skip_call=None call_count=11 args=() kwds={}
2026-09-16 19:59:28,634 LT1-thread root DEBUG testcase.py               731   pre_run                   : 28) class=<class 'autopts.ptsprojects.testcase.TestFunc'>, func=<bound method Stack.l2cap_init of <autopts.ptsprojects.stack.stack.Stack object at 0x000002A768AF7AD0>> start_wid=None stop_wid=None post_wid=None skip_call=None call_count=11 args=(4097, 120) kwds={}
2026-09-16 19:59:28,634 LT1-thread root DEBUG testcase.py               731   pre_run                   : 29) class=<class 'autopts.ptsprojects.testcase.TestFunc'>, func=<function gap_set_bondable_on at 0x000002A7673E72E0> start_wid=None stop_wid=None post_wid=None skip_call=None call_count=0 args=() kwds={}
2026-09-16 19:59:28,634 LT1-thread root DEBUG testcase.py               731   pre_run                   : 30) class=<class 'autopts.ptsprojects.testcase.TestFunc'>, func=<function gap_set_io_capability at 0x000002A7673E6A20> start_wid=None stop_wid=None post_wid=None skip_call=None call_count=0 args=(1,) kwds={}
2026-09-16 19:59:28,634 LT1-thread root DEBUG testcase.py               731   pre_run                   : 31) class=<class 'autopts.ptsprojects.testcase.TestFuncCleanUp'>, func=<bound method ZTestCase._test_case_cleanup of <autopts.ptsprojects.zephyr.ztestcase.ZTestCase object at 0x000002A769E6AC30>> start_wid=None stop_wid=None post_wid=None skip_call=None call_count=0 args=() kwds={}
2026-09-16 19:59:28,634 LT1-thread root DEBUG testcase.py               738   pre_run                   : pre_run, run pre test case script
2026-09-16 19:59:28,641 LT1-thread root DEBUG testcase.py               254   start                     : Starting test function: class=<class 'autopts.ptsprojects.testcase.TestFunc'>, func=<bound method ZTestCase._test_case_start of <autopts.ptsprojects.zephyr.ztestcase.ZTestCase object at 0x000002A769E6AC30>> start_wid=None stop_wid=None post_wid=None skip_call=None call_count=1 args=() kwds={}
2026-09-16 19:59:28,642 LT1-thread root DEBUG testcase.py               266   start                     : Test function parameters: args=(), kwds={}
2026-09-16 19:59:28,642 LT1-thread root DEBUG iutctl.py                 172   start                     : <class 'autopts.ptsprojects.zephyr.iutctl.create_zephyr_ctl_class.<locals>.ZephyrCtl'>.start
2026-09-16 19:59:28,642 LT1-thread root DEBUG iutctl.py                 325   flush_serial              : <class 'autopts.ptsprojects.zephyr.iutctl.create_zephyr_ctl_class.<locals>.ZephyrCtl'>.flush_serial
2026-09-16 19:59:29,822 LT1-thread root DEBUG iutctl.py                 249   _start_tty_mode           : Starting socat process: socat.exe -x -v tcp:10.17.12.9:49819,retry=100,interval=1 /dev/ttyS2,raw,b115200,
2026-09-16 19:59:29,829 LT1-thread root DEBUG iutctl_common.py          402   accept                    : 
2026-09-16 19:59:30,369 BTPWorkerThread-1383 (_rx_task) root DEBUG iutctl_common.py          299   _rx_task                  : BTPWorkerThread-1383 (_rx_task) started
2026-09-16 19:59:30,370 LT1-thread root DEBUG iutctl.py                 395   wait_iut_ready_event      : IUT ready event received OK
2026-09-16 19:59:30,370 LT1-thread root DEBUG btp.py                    51    read_supp_svcs            : 
2026-09-16 19:59:30,370 LT1-thread root DEBUG iutctl_common.py          161   send                      : 0 2 255 ''
2026-09-16 19:59:30,370 LT1-thread root DEBUG iutctl_common.py          166   send                      : sending frame '0002ff0000'
2026-09-16 19:59:30,371 LT1-thread root DEBUG iutctl_common.py          339   read                      : 
2026-09-16 19:59:30,386 BTPWorkerThread-1383 (_rx_task) root DEBUG iutctl_common.py          123   read                      : Read 5 bytes
2026-09-16 19:59:30,392 BTPWorkerThread-1383 (_rx_task) root DEBUG iutctl_common.py          131   read                      : Received: hdr: Header(svc_id=0x00, op=0x02, ctrl_index=0xff, data_len=0x05) bytearray(b'\x00\x02\xff\x05\x00')
2026-09-16 19:59:30,392 BTPWorkerThread-1383 (_rx_task) root DEBUG iutctl_common.py          139   read                      : Read 5 bytes data
2026-09-16 19:59:30,392 BTPWorkerThread-1383 (_rx_task) root DEBUG iutctl_common.py          154   read                      : Received data: {'0f 00 00 a0 01'}, bytearray(b'\x0f\x00\x00\xa0\x01')
2026-09-16 19:59:30,392 LT1-thread root DEBUG btp.py                    62    read_supp_svcs            : received Header(svc_id=0, op=2, ctrl_index=255, data_len=5) (b'\x0f\x00\x00\xa0\x01',)
2026-09-16 19:59:30,393 LT1-thread root DEBUG testcase.py               254   start                     : Starting test function: class=<class 'autopts.ptsprojects.testcase.TestFunc'>, func=<function core_reg_svc_gap at 0x000002A7673C8720> start_wid=None stop_wid=None post_wid=None skip_call=None call_count=65 args=() kwds={}
2026-09-16 19:59:30,393 LT1-thread root DEBUG testcase.py               266   start                     : Test function parameters: args=(), kwds={}
2026-09-16 19:59:30,393 LT1-thread root DEBUG btp.py                    117   core_reg_svc_univ         : core_reg_svc_univ: gap_reg (GAP)
2026-09-16 19:59:30,393 LT1-thread root DEBUG iutctl_common.py          161   send                      : 0 3 255 '1'
2026-09-16 19:59:30,393 LT1-thread root DEBUG iutctl_common.py          166   send                      : sending frame '0003ff010001'
2026-09-16 19:59:30,393 LT1-thread root DEBUG btp.py                    618   core_reg_svc_rsp_succ     : 
2026-09-16 19:59:30,393 LT1-thread root DEBUG iutctl_common.py          339   read                      : 
2026-09-16 19:59:34,535 BTPWorkerThread-1383 (_rx_task) root DEBUG iutctl_common.py          123   read                      : Read 5 bytes
2026-09-16 19:59:34,540 BTPWorkerThread-1383 (_rx_task) root DEBUG iutctl_common.py          131   read                      : Received: hdr: Header(svc_id=0x00, op=0x03, ctrl_index=0xff, data_len=0x00) bytearray(b'\x00\x03\xff\x00\x00')
2026-09-16 19:59:34,550 BTPWorkerThread-1383 (_rx_task) root DEBUG iutctl_common.py          154   read                      : Received data: {''}, bytearray(b'')
2026-09-16 19:59:34,556 LT1-thread root DEBUG btp.py                    629   core_reg_svc_rsp_succ     : received Header(svc_id=0, op=3, ctrl_index=255, data_len=0) (b'',)
2026-09-16 19:59:34,556 LT1-thread root DEBUG btp.py                    630   core_reg_svc_rsp_succ     : expected ((0, 3, 255, 0), (b'',))
2026-09-16 19:59:34,556 LT1-thread root DEBUG btp.py                    635   core_reg_svc_rsp_succ     : response is valid
2026-09-16 19:59:34,556 LT1-thread root DEBUG btp.py                    638   core_reg_svc_rsp_succ     : Reading supported commands for service: GAP
2026-09-16 19:59:34,556 LT1-thread root DEBUG iutctl_common.py          161   send                      : 1 1 255 ''
2026-09-16 19:59:34,556 LT1-thread root DEBUG iutctl_common.py          166   send                      : sending frame '0101ff0000'
2026-09-16 19:59:34,557 LT1-thread root DEBUG iutctl_common.py          339   read                      : 
2026-09-16 19:59:34,596 BTPWorkerThread-1383 (_rx_task) root DEBUG iutctl_common.py          123   read                      : Read 5 bytes
2026-09-16 19:59:34,606 BTPWorkerThread-1383 (_rx_task) root DEBUG iutctl_common.py          131   read                      : Received: hdr: Header(svc_id=0x01, op=0x01, ctrl_index=0xff, data_len=0x07) bytearray(b'\x01\x01\xff\x07\x00')
2026-09-16 19:59:34,628 BTPWorkerThread-1383 (_rx_task) root DEBUG iutctl_common.py          139   read                      : Read 7 bytes data
2026-09-16 19:59:34,639 BTPWorkerThread-1383 (_rx_task) root DEBUG iutctl_common.py          154   read                      : Received data: {'6e ff 7f 1f fe ff 0e'}, bytearray(b'n\xff\x7f\x1f\xfe\xff\x0e')
2026-09-16 19:59:34,656 LT1-thread root DEBUG testcase.py               254   start                     : Starting test function: class=<class 'autopts.ptsprojects.testcase.TestFunc'>, func=<bound method Stack.gap_init of <autopts.ptsprojects.stack.stack.Stack object at 0x000002A768AF7AD0>> start_wid=None stop_wid=None post_wid=None skip_call=None call_count=65 args=(b'Tester_08E44E', 'ABCD', '1111', '1111', '11', '1111', b'\x17github.com/auto-pts', (8, 'PADV_Tester'), 'FF') kwds={}
2026-09-16 19:59:34,656 LT1-thread root DEBUG testcase.py               266   start                     : Test function parameters: args=(b'Tester_08E44E', 'ABCD', '1111', '1111', '11', '1111', b'\x17github.com/auto-pts', (8, 'PADV_Tester'), 'FF'), kwds={}
2026-09-16 19:59:34,656 LT1-thread root DEBUG testcase.py               254   start                     : Starting test function: class=<class 'autopts.ptsprojects.testcase.TestFunc'>, func=<function gap_read_controller_info at 0x000002A7673E7560> start_wid=None stop_wid=None post_wid=None skip_call=None call_count=65 args=() kwds={}
2026-09-16 19:59:34,656 LT1-thread root DEBUG testcase.py               266   start                     : Test function parameters: args=(), kwds={}
2026-09-16 19:59:34,656 LT1-thread root DEBUG gap.py                    1161  gap_read_controller_info  : 
2026-09-16 19:59:34,656 LT1-thread root DEBUG iutctl_common.py          161   send                      : 1 3 0 ''
2026-09-16 19:59:34,657 LT1-thread root DEBUG iutctl_common.py          166   send                      : sending frame '0103000000'
2026-09-16 19:59:34,657 LT1-thread root DEBUG iutctl_common.py          339   read                      : 
2026-09-16 19:59:34,688 BTPWorkerThread-1383 (_rx_task) root DEBUG iutctl_common.py          123   read                      : Read 5 bytes
2026-09-16 19:59:34,699 BTPWorkerThread-1383 (_rx_task) root DEBUG iutctl_common.py          131   read                      : Received: hdr: Header(svc_id=0x01, op=0x03, ctrl_index=0x00, data_len=0x115) bytearray(b'\x01\x03\x00\x15\x01')
2026-09-16 19:59:34,715 BTPWorkerThread-1383 (_rx_task) root DEBUG iutctl_common.py          139   read                      : Read 277 bytes data
2026-09-16 19:59:34,727 BTPWorkerThread-1383 (_rx_task) root DEBUG iutctl_common.py          154   read                      : Received data: {'19 78 ee 69 17 d0 d3 06 02 00 13 02 00 00 00 00 00 62 74 70 5f 74 65 73 74 65 72 00 00 00 00 00 00 00 00 00 00 00 00 00 00 00 00 00 00 00 00 00 00 00 00 00 00 00 00 00 00 00 00 00 00 00 00 00 00 00 00 00 00 00 00 00 00 00 00 00 00 00 00 00 00 00 00 00 00 00 00 00 00 00 00 00 00 00 00 00 00 00 00 00 00 00 00 00 00 00 00 00 00 00 00 00 00 00 00 00 00 00 00 00 00 00 00 00 00 00 00 00 00 00 00 00 00 00 00 00 00 00 00 00 00 00 00 00 00 00 00 00 00 00 00 00 00 00 00 00 00 00 00 00 00 00 00 00 00 00 00 00 00 00 00 00 00 00 00 00 00 00 00 00 00 00 00 00 00 00 00 00 00 00 00 00 00 00 00 00 00 00 00 00 00 00 00 00 00 00 00 00 00 00 00 00 00 00 00 00 00 00 00 00 00 00 00 00 00 00 00 00 00 00 00 00 00 00 00 00 00 00 00 00 00 00 00 00 00 00 00 00 00 00 00 00 00 00 00 00 00 00 00 00 00 00 00 00 00 00 00 00 00 00 00 00 00 00 00 00 00'}, bytearray(b'\x19x\xeei\x17\xd0\xd3\x06\x02\x00\x13\x02\x00\x00\x00\x00\x00btp_tester\x00\x00\x00\x00\x00\x00\x00\x00\x00\x00\x00\x00\x00\x00\x00\x00\x00\x00\x00\x00\x00\x00\x00\x00\x00\x00\x00\x00\x00\x00\x00\x00\x00\x00\x00\x00\x00\x00\x00\x00\x00\x00\x00\x00\x00\x00\x00\x00\x00\x00\x00\x00\x00\x00\x00\x00\x00\x00\x00\x00\x00\x00\x00\x00\x00\x00\x00\x00\x00\x00\x00\x00\x00\x00\x00\x00\x00\x00\x00\x00\x00\x00\x00\x00\x00\x00\x00\x00\x00\x00\x00\x00\x00\x00\x00\x00\x00\x00\x00\x00\x00\x00\x00\x00\x00\x00\x00\x00\x00\x00\x00\x00\x00\x00\x00\x00\x00\x00\x00\x00\x00\x00\x00\x00\x00\x00\x00\x00\x00\x00\x00\x00\x00\x00\x00\x00\x00\x00\x00\x00\x00\x00\x00\x00\x00\x00\x00\x00\x00\x00\x00\x00\x00\x00\x00\x00\x00\x00\x00\x00\x00\x00\x00\x00\x00\x00\x00\x00\x00\x00\x00\x00\x00\x00\x00\x00\x00\x00\x00\x00\x00\x00\x00\x00\x00\x00\x00\x00\x00\x00\x00\x00\x00\x00\x00\x00\x00\x00\x00\x00\x00\x00\x00\x00\x00\x00\x00\x00\x00\x00\x00\x00\x00\x00\x00\x00\x00\x00\x00\x00\x00\x00\x00\x00\x00\x00\x00\x00\x00\x00\x00\x00\x00\x00\x00\x00\x00\x00\x00\x00\x00\x00\x00\x00\x00\x00\x00\x00\x00\x00')
2026-09-16 19:59:34,743 LT1-thread root DEBUG gap.py                    1168  gap_read_controller_info  : received Header(svc_id=1, op=3, ctrl_index=0, data_len=277) (b'\x19x\xeei\x17\xd0\xd3\x06\x02\x00\x13\x02\x00\x00\x00\x00\x00btp_tester\x00\x00\x00\x00\x00\x00\x00\x00\x00\x00\x00\x00\x00\x00\x00\x00\x00\x00\x00\x00\x00\x00\x00\x00\x00\x00\x00\x00\x00\x00\x00\x00\x00\x00\x00\x00\x00\x00\x00\x00\x00\x00\x00\x00\x00\x00\x00\x00\x00\x00\x00\x00\x00\x00\x00\x00\x00\x00\x00\x00\x00\x00\x00\x00\x00\x00\x00\x00\x00\x00\x00\x00\x00\x00\x00\x00\x00\x00\x00\x00\x00\x00\x00\x00\x00\x00\x00\x00\x00\x00\x00\x00\x00\x00\x00\x00\x00\x00\x00\x00\x00\x00\x00\x00\x00\x00\x00\x00\x00\x00\x00\x00\x00\x00\x00\x00\x00\x00\x00\x00\x00\x00\x00\x00\x00\x00\x00\x00\x00\x00\x00\x00\x00\x00\x00\x00\x00\x00\x00\x00\x00\x00\x00\x00\x00\x00\x00\x00\x00\x00\x00\x00\x00\x00\x00\x00\x00\x00\x00\x00\x00\x00\x00\x00\x00\x00\x00\x00\x00\x00\x00\x00\x00\x00\x00\x00\x00\x00\x00\x00\x00\x00\x00\x00\x00\x00\x00\x00\x00\x00\x00\x00\x00\x00\x00\x00\x00\x00\x00\x00\x00\x00\x00\x00\x00\x00\x00\x00\x00\x00\x00\x00\x00\x00\x00\x00\x00\x00\x00\x00\x00\x00\x00\x00\x00\x00\x00\x00\x00\x00\x00\x00\x00\x00\x00\x00\x00\x00\x00\x00\x00\x00\x00\x00\x00\x00\x00\x00\x00\x00',)
2026-09-16 19:59:34,743 LT1-thread root DEBUG gap.py                    1189  gap_read_controller_info  : IUT address 'd01769ee7819' 'public'
2026-09-16 19:59:34,743 LT1-thread root DEBUG gap.py                    594   __gap_current_settings_update : 531
2026-09-16 19:59:34,743 LT1-thread root DEBUG testcase.py               254   start                     : Starting test function: class=<class 'autopts.ptsprojects.testcase.TestFunc'>, func=<function test_cases.<locals>.<lambda> at 0x000002A769E5D6C0> start_wid=None stop_wid=None post_wid=None skip_call=None call_count=65 args=() kwds={}
2026-09-16 19:59:34,743 LT1-thread root DEBUG testcase.py               266   start                     : Test function parameters: args=(), kwds={}
2026-09-16 19:59:34,752 LT1-thread root DEBUG testcase.py               254   start                     : Starting test function: class=<class 'autopts.ptsprojects.testcase.TestFunc'>, func=<function test_cases.<locals>.<lambda> at 0x000002A769E5D760> start_wid=None stop_wid=None post_wid=None skip_call=None call_count=65 args=() kwds={}
2026-09-16 19:59:34,752 LT1-thread root DEBUG testcase.py               266   start                     : Test function parameters: args=(), kwds={}
2026-09-16 19:59:34,761 LT1-thread root DEBUG testcase.py               254   start                     : Starting test function: class=<class 'autopts.ptsprojects.testcase.TestFunc'>, func=<function test_cases.<locals>.<lambda> at 0x000002A769E5D800> start_wid=None stop_wid=None post_wid=None skip_call=None call_count=65 args=() kwds={}
2026-09-16 19:59:34,761 LT1-thread root DEBUG testcase.py               266   start                     : Test function parameters: args=(), kwds={}
2026-09-16 19:59:34,770 LT1-thread root DEBUG testcase.py               254   start                     : Starting test function: class=<class 'autopts.ptsprojects.testcase.TestFunc'>, func=<function test_cases.<locals>.<lambda> at 0x000002A769E5D8A0> start_wid=None stop_wid=None post_wid=None skip_call=None call_count=65 args=() kwds={}
2026-09-16 19:59:34,770 LT1-thread root DEBUG testcase.py               266   start                     : Test function parameters: args=(), kwds={}
2026-09-16 19:59:34,779 LT1-thread root DEBUG testcase.py               254   start                     : Starting test function: class=<class 'autopts.ptsprojects.testcase.TestFunc'>, func=<function test_cases.<locals>.<lambda> at 0x000002A769E5D940> start_wid=None stop_wid=None post_wid=None skip_call=None call_count=65 args=() kwds={}
2026-09-16 19:59:34,779 LT1-thread root DEBUG testcase.py               266   start                     : Test function parameters: args=(), kwds={}
2026-09-16 19:59:34,788 LT1-thread root DEBUG testcase.py               254   start                     : Starting test function: class=<class 'autopts.ptsprojects.testcase.TestFunc'>, func=<function test_cases.<locals>.<lambda> at 0x000002A769E5D9E0> start_wid=None stop_wid=None post_wid=None skip_call=None call_count=65 args=() kwds={}
2026-09-16 19:59:34,788 LT1-thread root DEBUG testcase.py               266   start                     : Test function parameters: args=(), kwds={}
2026-09-16 19:59:34,797 LT1-thread root DEBUG testcase.py               254   start                     : Starting test function: class=<class 'autopts.ptsprojects.testcase.TestFunc'>, func=<function test_cases.<locals>.<lambda> at 0x000002A769E5DA80> start_wid=None stop_wid=None post_wid=None skip_call=None call_count=65 args=() kwds={}
2026-09-16 19:59:34,797 LT1-thread root DEBUG testcase.py               266   start                     : Test function parameters: args=(), kwds={}
2026-09-16 19:59:34,805 LT1-thread root DEBUG testcase.py               254   start                     : Starting test function: class=<class 'autopts.ptsprojects.testcase.TestFunc'>, func=<function test_cases.<locals>.<lambda> at 0x000002A769E5DB20> start_wid=None stop_wid=None post_wid=None skip_call=None call_count=65 args=() kwds={}
2026-09-16 19:59:34,805 LT1-thread root DEBUG testcase.py               266   start                     : Test function parameters: args=(), kwds={}
2026-09-16 19:59:34,813 LT1-thread root DEBUG testcase.py               254   start                     : Starting test function: class=<class 'autopts.ptsprojects.testcase.TestFunc'>, func=<function test_cases.<locals>.<lambda> at 0x000002A769E5DBC0> start_wid=None stop_wid=None post_wid=None skip_call=None call_count=65 args=() kwds={}
2026-09-16 19:59:34,813 LT1-thread root DEBUG testcase.py               266   start                     : Test function parameters: args=(), kwds={}
2026-09-16 19:59:34,822 LT1-thread root DEBUG testcase.py               254   start                     : Starting test function: class=<class 'autopts.ptsprojects.testcase.TestFunc'>, func=<function test_cases.<locals>.<lambda> at 0x000002A769E5DC60> start_wid=None stop_wid=None post_wid=None skip_call=None call_count=65 args=() kwds={}
2026-09-16 19:59:34,823 LT1-thread root DEBUG testcase.py               266   start                     : Test function parameters: args=(), kwds={}
2026-09-16 19:59:34,831 LT1-thread root DEBUG testcase.py               254   start                     : Starting test function: class=<class 'autopts.ptsprojects.testcase.TestFunc'>, func=<function core_reg_svc_gatt at 0x000002A7673C8860> start_wid=None stop_wid=None post_wid=None skip_call=None call_count=65 args=() kwds={}
2026-09-16 19:59:34,831 LT1-thread root DEBUG testcase.py               266   start                     : Test function parameters: args=(), kwds={}
2026-09-16 19:59:34,831 LT1-thread root DEBUG btp.py                    117   core_reg_svc_univ         : core_reg_svc_univ: gatt_reg (GATT)
2026-09-16 19:59:34,831 LT1-thread root DEBUG iutctl_common.py          161   send                      : 0 3 255 '2'
2026-09-16 19:59:34,831 LT1-thread root DEBUG iutctl_common.py          166   send                      : sending frame '0003ff010002'
2026-09-16 19:59:34,832 LT1-thread root DEBUG btp.py                    618   core_reg_svc_rsp_succ     : 
2026-09-16 19:59:34,832 LT1-thread root DEBUG iutctl_common.py          339   read                      : 
2026-09-16 19:59:34,863 BTPWorkerThread-1383 (_rx_task) root DEBUG iutctl_common.py          123   read                      : Read 5 bytes
2026-09-16 19:59:34,874 BTPWorkerThread-1383 (_rx_task) root DEBUG iutctl_common.py          131   read                      : Received: hdr: Header(svc_id=0x00, op=0x03, ctrl_index=0xff, data_len=0x00) bytearray(b'\x00\x03\xff\x00\x00')
2026-09-16 19:59:34,886 BTPWorkerThread-1383 (_rx_task) root DEBUG iutctl_common.py          154   read                      : Received data: {''}, bytearray(b'')
2026-09-16 19:59:34,886 LT1-thread root DEBUG btp.py                    629   core_reg_svc_rsp_succ     : received Header(svc_id=0, op=3, ctrl_index=255, data_len=0) (b'',)
2026-09-16 19:59:34,886 LT1-thread root DEBUG btp.py                    630   core_reg_svc_rsp_succ     : expected ((0, 3, 255, 0), (b'',))
2026-09-16 19:59:34,887 LT1-thread root DEBUG btp.py                    635   core_reg_svc_rsp_succ     : response is valid
2026-09-16 19:59:34,887 LT1-thread root DEBUG btp.py                    638   core_reg_svc_rsp_succ     : Reading supported commands for service: GATT
2026-09-16 19:59:34,887 LT1-thread root DEBUG iutctl_common.py          161   send                      : 2 1 255 ''
2026-09-16 19:59:34,887 LT1-thread root DEBUG iutctl_common.py          166   send                      : sending frame '0201ff0000'
2026-09-16 19:59:34,888 LT1-thread root DEBUG iutctl_common.py          339   read                      : 
2026-09-16 19:59:34,925 BTPWorkerThread-1383 (_rx_task) root DEBUG iutctl_common.py          123   read                      : Read 5 bytes
2026-09-16 19:59:34,935 BTPWorkerThread-1383 (_rx_task) root DEBUG iutctl_common.py          131   read                      : Received: hdr: Header(svc_id=0x02, op=0x01, ctrl_index=0xff, data_len=0x05) bytearray(b'\x02\x01\xff\x05\x00')
2026-09-16 19:59:34,946 BTPWorkerThread-1383 (_rx_task) root DEBUG iutctl_common.py          139   read                      : Read 5 bytes data
2026-09-16 19:59:34,957 BTPWorkerThread-1383 (_rx_task) root DEBUG iutctl_common.py          154   read                      : Received data: {'fe fe bf fd 0f'}, bytearray(b'\xfe\xfe\xbf\xfd\x0f')
2026-09-16 19:59:34,968 LT1-thread root DEBUG testcase.py               254   start                     : Starting test function: class=<class 'autopts.ptsprojects.testcase.TestFunc'>, func=<bound method Stack.gatt_init of <autopts.ptsprojects.stack.stack.Stack object at 0x000002A768AF7AD0>> start_wid=None stop_wid=None post_wid=None skip_call=None call_count=65 args=() kwds={}
2026-09-16 19:59:34,968 LT1-thread root DEBUG testcase.py               266   start                     : Test function parameters: args=(), kwds={}
2026-09-16 19:59:34,968 LT1-thread root DEBUG testcase.py               254   start                     : Starting test function: class=<class 'autopts.ptsprojects.testcase.TestFunc'>, func=<function gap_set_io_capability at 0x000002A7673E6A20> start_wid=None stop_wid=None post_wid=None skip_call=None call_count=65 args=(4,) kwds={}
2026-09-16 19:59:34,968 LT1-thread root DEBUG testcase.py               266   start                     : Test function parameters: args=(4,), kwds={}
2026-09-16 19:59:34,968 LT1-thread root DEBUG gap.py                    859   gap_set_io_capability     : 4
2026-09-16 19:59:34,968 LT1-thread root DEBUG iutctl_common.py          161   send                      : 1 16 0 '\x04'
2026-09-16 19:59:34,968 LT1-thread root DEBUG iutctl_common.py          166   send                      : sending frame '011000010004'
2026-09-16 19:59:34,968 LT1-thread root DEBUG gap.py                    1227  gap_command_rsp_succ      : 
2026-09-16 19:59:34,969 LT1-thread root DEBUG iutctl_common.py          339   read                      : 
2026-09-16 19:59:35,006 BTPWorkerThread-1383 (_rx_task) root DEBUG iutctl_common.py          123   read                      : Read 5 bytes
2026-09-16 19:59:35,011 BTPWorkerThread-1383 (_rx_task) root DEBUG iutctl_common.py          131   read                      : Received: hdr: Header(svc_id=0x01, op=0x10, ctrl_index=0x00, data_len=0x00) bytearray(b'\x01\x10\x00\x00\x00')
2026-09-16 19:59:35,017 BTPWorkerThread-1383 (_rx_task) root DEBUG iutctl_common.py          154   read                      : Received data: {''}, bytearray(b'')
2026-09-16 19:59:35,034 LT1-thread root DEBUG gap.py                    1232  gap_command_rsp_succ      : received Header(svc_id=1, op=16, ctrl_index=0, data_len=0) (b'',)
2026-09-16 19:59:35,034 LT1-thread root DEBUG testcase.py               254   start                     : Starting test function: class=<class 'autopts.ptsprojects.testcase.TestFunc'>, func=<function gap_set_broadcast_code at 0x000002A767408C20> start_wid=None stop_wid=None post_wid=None skip_call=None call_count=65 args=('0102680553F1415AA265BBAFC6EA03B8',) kwds={}
2026-09-16 19:59:35,034 LT1-thread root DEBUG testcase.py               266   start                     : Test function parameters: args=('0102680553F1415AA265BBAFC6EA03B8',), kwds={}
2026-09-16 19:59:35,034 LT1-thread root DEBUG gap.py                    1889  gap_set_broadcast_code    : '0102680553F1415AA265BBAFC6EA03B8'
2026-09-16 19:59:35,034 LT1-thread root DEBUG testcase.py               254   start                     : Starting test function: class=<class 'autopts.ptsprojects.testcase.TestFunc'>, func=<function set_pts_addr at 0x000002A7673C82C0> start_wid=None stop_wid=None post_wid=None skip_call=None call_count=65 args=('00:1B:DC:08:E4:4E', 0) kwds={}
2026-09-16 19:59:35,034 LT1-thread root DEBUG testcase.py               266   start                     : Test function parameters: args=('00:1B:DC:08:E4:4E', 0), kwds={}
2026-09-16 19:59:35,034 LT1-thread root DEBUG testcase.py               254   start                     : Starting test function: class=<class 'autopts.ptsprojects.testcase.TestFunc'>, func=<function test_cases.<locals>.<lambda> at 0x000002A769E5DD00> start_wid=None stop_wid=None post_wid=None skip_call=None call_count=13 args=() kwds={}
2026-09-16 19:59:35,035 LT1-thread root DEBUG testcase.py               266   start                     : Test function parameters: args=(), kwds={}
2026-09-16 19:59:35,044 LT1-thread root DEBUG testcase.py               254   start                     : Starting test function: class=<class 'autopts.ptsprojects.testcase.TestFunc'>, func=<function test_cases.<locals>.<lambda> at 0x000002A769E5DDA0> start_wid=None stop_wid=None post_wid=None skip_call=None call_count=13 args=() kwds={}
2026-09-16 19:59:35,044 LT1-thread root DEBUG testcase.py               266   start                     : Test function parameters: args=(), kwds={}
2026-09-16 19:59:35,053 LT1-thread root DEBUG testcase.py               254   start                     : Starting test function: class=<class 'autopts.ptsprojects.testcase.TestFunc'>, func=<function test_cases.<locals>.<lambda> at 0x000002A769E5DE40> start_wid=None stop_wid=None post_wid=None skip_call=None call_count=13 args=() kwds={}
2026-09-16 19:59:35,054 LT1-thread root DEBUG testcase.py               266   start                     : Test function parameters: args=(), kwds={}
2026-09-16 19:59:35,063 LT1-thread root DEBUG testcase.py               254   start                     : Starting test function: class=<class 'autopts.ptsprojects.testcase.TestFunc'>, func=<function test_cases.<locals>.<lambda> at 0x000002A769E5DEE0> start_wid=None stop_wid=None post_wid=None skip_call=None call_count=13 args=() kwds={}
2026-09-16 19:59:35,063 LT1-thread root DEBUG testcase.py               266   start                     : Test function parameters: args=(), kwds={}
2026-09-16 19:59:35,077 LT1-thread root DEBUG testcase.py               254   start                     : Starting test function: class=<class 'autopts.ptsprojects.testcase.TestFunc'>, func=<function test_cases.<locals>.<lambda> at 0x000002A769E5DF80> start_wid=None stop_wid=None post_wid=None skip_call=None call_count=13 args=() kwds={}
2026-09-16 19:59:35,077 LT1-thread root DEBUG testcase.py               266   start                     : Test function parameters: args=(), kwds={}
2026-09-16 19:59:35,088 LT1-thread root DEBUG testcase.py               254   start                     : Starting test function: class=<class 'autopts.ptsprojects.testcase.TestFunc'>, func=<function test_cases.<locals>.<lambda> at 0x000002A769E5E020> start_wid=None stop_wid=None post_wid=None skip_call=None call_count=13 args=() kwds={}
2026-09-16 19:59:35,088 LT1-thread root DEBUG testcase.py               266   start                     : Test function parameters: args=(), kwds={}
2026-09-16 19:59:35,100 LT1-thread root DEBUG testcase.py               254   start                     : Starting test function: class=<class 'autopts.ptsprojects.testcase.TestFunc'>, func=<function test_cases.<locals>.<lambda> at 0x000002A769E5E0C0> start_wid=None stop_wid=None post_wid=None skip_call=None call_count=13 args=() kwds={}
2026-09-16 19:59:35,100 LT1-thread root DEBUG testcase.py               266   start                     : Test function parameters: args=(), kwds={}
2026-09-16 19:59:35,111 LT1-thread root DEBUG testcase.py               254   start                     : Starting test function: class=<class 'autopts.ptsprojects.testcase.TestFunc'>, func=<function gap_set_io_capability at 0x000002A7673E6A20> start_wid=None stop_wid=None post_wid=None skip_call=None call_count=13 args=(3,) kwds={}
2026-09-16 19:59:35,112 LT1-thread root DEBUG testcase.py               266   start                     : Test function parameters: args=(3,), kwds={}
2026-09-16 19:59:35,112 LT1-thread root DEBUG gap.py                    859   gap_set_io_capability     : 3
2026-09-16 19:59:35,112 LT1-thread root DEBUG iutctl_common.py          161   send                      : 1 16 0 '\x03'
2026-09-16 19:59:35,112 LT1-thread root DEBUG iutctl_common.py          166   send                      : sending frame '011000010003'
2026-09-16 19:59:35,113 LT1-thread root DEBUG gap.py                    1227  gap_command_rsp_succ      : 
2026-09-16 19:59:35,113 LT1-thread root DEBUG iutctl_common.py          339   read                      : 
2026-09-16 19:59:35,154 BTPWorkerThread-1383 (_rx_task) root DEBUG iutctl_common.py          123   read                      : Read 5 bytes
2026-09-16 19:59:35,165 BTPWorkerThread-1383 (_rx_task) root DEBUG iutctl_common.py          131   read                      : Received: hdr: Header(svc_id=0x01, op=0x10, ctrl_index=0x00, data_len=0x00) bytearray(b'\x01\x10\x00\x00\x00')
2026-09-16 19:59:35,176 BTPWorkerThread-1383 (_rx_task) root DEBUG iutctl_common.py          154   read                      : Received data: {''}, bytearray(b'')
2026-09-16 19:59:35,193 LT1-thread root DEBUG gap.py                    1232  gap_command_rsp_succ      : received Header(svc_id=1, op=16, ctrl_index=0, data_len=0) (b'',)
2026-09-16 19:59:35,193 LT1-thread root DEBUG testcase.py               254   start                     : Starting test function: class=<class 'autopts.ptsprojects.testcase.TestFunc'>, func=<function core_reg_svc_l2cap at 0x000002A7673C89A0> start_wid=None stop_wid=None post_wid=None skip_call=None call_count=12 args=() kwds={}
2026-09-16 19:59:35,193 LT1-thread root DEBUG testcase.py               266   start                     : Test function parameters: args=(), kwds={}
2026-09-16 19:59:35,193 LT1-thread root DEBUG btp.py                    117   core_reg_svc_univ         : core_reg_svc_univ: l2cap_reg (L2CAP)
2026-09-16 19:59:35,193 LT1-thread root DEBUG iutctl_common.py          161   send                      : 0 3 255 '3'
2026-09-16 19:59:35,193 LT1-thread root DEBUG iutctl_common.py          166   send                      : sending frame '0003ff010003'
2026-09-16 19:59:35,193 LT1-thread root DEBUG btp.py                    618   core_reg_svc_rsp_succ     : 
2026-09-16 19:59:35,194 LT1-thread root DEBUG iutctl_common.py          339   read                      : 
2026-09-16 19:59:35,232 BTPWorkerThread-1383 (_rx_task) root DEBUG iutctl_common.py          123   read                      : Read 5 bytes
2026-09-16 19:59:35,243 BTPWorkerThread-1383 (_rx_task) root DEBUG iutctl_common.py          131   read                      : Received: hdr: Header(svc_id=0x00, op=0x03, ctrl_index=0xff, data_len=0x00) bytearray(b'\x00\x03\xff\x00\x00')
2026-09-16 19:59:35,254 BTPWorkerThread-1383 (_rx_task) root DEBUG iutctl_common.py          154   read                      : Received data: {''}, bytearray(b'')
2026-09-16 19:59:35,270 LT1-thread root DEBUG btp.py                    629   core_reg_svc_rsp_succ     : received Header(svc_id=0, op=3, ctrl_index=255, data_len=0) (b'',)
2026-09-16 19:59:35,270 LT1-thread root DEBUG btp.py                    630   core_reg_svc_rsp_succ     : expected ((0, 3, 255, 0), (b'',))
2026-09-16 19:59:35,270 LT1-thread root DEBUG btp.py                    635   core_reg_svc_rsp_succ     : response is valid
2026-09-16 19:59:35,270 LT1-thread root DEBUG btp.py                    638   core_reg_svc_rsp_succ     : Reading supported commands for service: L2CAP
2026-09-16 19:59:35,270 LT1-thread root DEBUG iutctl_common.py          161   send                      : 3 1 255 ''
2026-09-16 19:59:35,270 LT1-thread root DEBUG iutctl_common.py          166   send                      : sending frame '0301ff0000'
2026-09-16 19:59:35,271 LT1-thread root DEBUG iutctl_common.py          339   read                      : 
2026-09-16 19:59:35,309 BTPWorkerThread-1383 (_rx_task) root DEBUG iutctl_common.py          123   read                      : Read 5 bytes
2026-09-16 19:59:35,320 BTPWorkerThread-1383 (_rx_task) root DEBUG iutctl_common.py          131   read                      : Received: hdr: Header(svc_id=0x03, op=0x01, ctrl_index=0xff, data_len=0x02) bytearray(b'\x03\x01\xff\x02\x00')
2026-09-16 19:59:35,341 BTPWorkerThread-1383 (_rx_task) root DEBUG iutctl_common.py          139   read                      : Read 2 bytes data
2026-09-16 19:59:35,352 BTPWorkerThread-1383 (_rx_task) root DEBUG iutctl_common.py          154   read                      : Received data: {'be 1f'}, bytearray(b'\xbe\x1f')
2026-09-16 19:59:35,370 LT1-thread root DEBUG testcase.py               254   start                     : Starting test function: class=<class 'autopts.ptsprojects.testcase.TestFunc'>, func=<bound method Stack.l2cap_init of <autopts.ptsprojects.stack.stack.Stack object at 0x000002A768AF7AD0>> start_wid=None stop_wid=None post_wid=None skip_call=None call_count=12 args=(4097, 120) kwds={}
2026-09-16 19:59:35,370 LT1-thread root DEBUG testcase.py               266   start                     : Test function parameters: args=(4097, 120), kwds={}
2026-09-16 19:59:35,370 LT1-thread root DEBUG testcase.py               254   start                     : Starting test function: class=<class 'autopts.ptsprojects.testcase.TestFunc'>, func=<function gap_set_bondable_on at 0x000002A7673E72E0> start_wid=None stop_wid=None post_wid=None skip_call=None call_count=1 args=() kwds={}
2026-09-16 19:59:35,370 LT1-thread root DEBUG testcase.py               266   start                     : Test function parameters: args=(), kwds={}
2026-09-16 19:59:35,371 LT1-thread root DEBUG gap.py                    1077  gap_set_bondable_on       : 
2026-09-16 19:59:35,371 LT1-thread root DEBUG testcase.py               254   start                     : Starting test function: class=<class 'autopts.ptsprojects.testcase.TestFunc'>, func=<function gap_set_io_capability at 0x000002A7673E6A20> start_wid=None stop_wid=None post_wid=None skip_call=None call_count=1 args=(1,) kwds={}
2026-09-16 19:59:35,371 LT1-thread root DEBUG testcase.py               266   start                     : Test function parameters: args=(1,), kwds={}
2026-09-16 19:59:35,371 LT1-thread root DEBUG gap.py                    859   gap_set_io_capability     : 1
2026-09-16 19:59:35,371 LT1-thread root DEBUG iutctl_common.py          161   send                      : 1 16 0 '\x01'
2026-09-16 19:59:35,371 LT1-thread root DEBUG iutctl_common.py          166   send                      : sending frame '011000010001'
2026-09-16 19:59:35,372 LT1-thread root DEBUG gap.py                    1227  gap_command_rsp_succ      : 
2026-09-16 19:59:35,372 LT1-thread root DEBUG iutctl_common.py          339   read                      : 
2026-09-16 19:59:35,409 BTPWorkerThread-1383 (_rx_task) root DEBUG iutctl_common.py          123   read                      : Read 5 bytes
2026-09-16 19:59:35,420 BTPWorkerThread-1383 (_rx_task) root DEBUG iutctl_common.py          131   read                      : Received: hdr: Header(svc_id=0x01, op=0x10, ctrl_index=0x00, data_len=0x00) bytearray(b'\x01\x10\x00\x00\x00')
2026-09-16 19:59:35,431 BTPWorkerThread-1383 (_rx_task) root DEBUG iutctl_common.py          154   read                      : Received data: {''}, bytearray(b'')
2026-09-16 19:59:35,448 LT1-thread root DEBUG gap.py                    1232  gap_command_rsp_succ      : received Header(svc_id=1, op=16, ctrl_index=0, data_len=0) (b'',)
2026-09-16 19:59:35,450 LT1-thread root DEBUG client.py                 276   get_result                : ClientCallback.get_result run_test_case
2026-09-16 19:59:38,577 LT1-callback ClientCallback.on_implicit_send INFO client.py                 223   on_implicit_send          : 
    ********************
    BEGIN OnImplicitSend:
    project_name: GAP
    wid: 166
    test_case_name: GAP/SEC/SEM/BV-52-C
    description: Please order the IUT to go in connectable mode and in security mode 4. Press OK to continue.
    style: MMI_Style_Ok 0x11040
2026-09-16 19:59:38,577 LT1-callback ClientCallback.on_implicit_send INFO client.py                 236   on_implicit_send          : Calling test cases on_implicit_send
2026-09-16 19:59:38,578 LT1-callback ClientCallback.on_implicit_send INFO client.py                 249   on_implicit_send          : 
    on_implicit_send returned response: WAIT
    END OnImplicitSend
    ********************
2026-09-16 19:59:39,452 LT1-thread root DEBUG testcase.py               679   run_wid                   : GAP GAP/SEC/SEM/BV-52-C on_implicit_send
2026-09-16 19:59:39,452 LT1-thread root DEBUG gap_wid.py                26    gap_wid_hdl               : gap_wid_hdl, 166, Please order the IUT to go in connectable mode and in security mode 4. Press OK to continue., GAP/SEC/SEM/BV-52-C
2026-09-16 19:59:39,452 LT1-thread root DEBUG testcase.py               722   run_wid                   : Sending response 'Ok' to wid 166 test case GAP/SEC/SEM/BV-52-C
2026-09-16 19:59:39,454 LT1-thread root DEBUG client.py                 276   get_result                : ClientCallback.get_result run_test_case
2026-09-16 19:59:43,670 LT1-callback ClientCallback.on_implicit_send INFO client.py                 223   on_implicit_send          : 
    ********************
    BEGIN OnImplicitSend:
    project_name: GAP
    wid: 102
    test_case_name: GAP/SEC/SEM/BV-52-C
    description: Please send an HCI connect request to establish a basic rate connection after the IUT discovers the Lower Tester over BR and LE.
    style: MMI_Style_Ok_Cancel2 0x11141
2026-09-16 19:59:43,670 LT1-callback ClientCallback.on_implicit_send INFO client.py                 236   on_implicit_send          : Calling test cases on_implicit_send
2026-09-16 19:59:43,670 LT1-callback ClientCallback.on_implicit_send INFO client.py                 249   on_implicit_send          : 
    on_implicit_send returned response: WAIT
    END OnImplicitSend
    ********************
2026-09-16 19:59:44,458 LT1-thread root DEBUG testcase.py               679   run_wid                   : GAP GAP/SEC/SEM/BV-52-C on_implicit_send
2026-09-16 19:59:44,458 LT1-thread root DEBUG gap_wid.py                26    gap_wid_hdl               : gap_wid_hdl, 102, Please send an HCI connect request to establish a basic rate connection after the IUT discovers the Lower Tester over BR and LE., GAP/SEC/SEM/BV-52-C
2026-09-16 19:59:44,458 LT1-thread root DEBUG gap.py                    1120  gap_start_discovery       : 
2026-09-16 19:59:44,458 LT1-thread root DEBUG iutctl_common.py          161   send                      : 1 12 0 '\x02'
2026-09-16 19:59:44,458 LT1-thread root DEBUG iutctl_common.py          166   send                      : sending frame '010c00010002'
2026-09-16 19:59:44,458 LT1-thread root DEBUG gap.py                    1227  gap_command_rsp_succ      : 
2026-09-16 19:59:44,458 LT1-thread root DEBUG iutctl_common.py          339   read                      : 
2026-09-16 19:59:44,494 BTPWorkerThread-1383 (_rx_task) root DEBUG iutctl_common.py          123   read                      : Read 5 bytes
2026-09-16 19:59:44,505 BTPWorkerThread-1383 (_rx_task) root DEBUG iutctl_common.py          131   read                      : Received: hdr: Header(svc_id=0x01, op=0x0c, ctrl_index=0x00, data_len=0x00) bytearray(b'\x01\x0c\x00\x00\x00')
2026-09-16 19:59:44,517 BTPWorkerThread-1383 (_rx_task) root DEBUG iutctl_common.py          154   read                      : Received data: {''}, bytearray(b'')
2026-09-16 19:59:44,522 LT1-thread root DEBUG gap.py                    1232  gap_command_rsp_succ      : received Header(svc_id=1, op=12, ctrl_index=0, data_len=0) (b'',)
2026-09-16 19:59:45,072 BTPWorkerThread-1383 (_rx_task) root DEBUG iutctl_common.py          123   read                      : Read 5 bytes
2026-09-16 19:59:45,072 BTPWorkerThread-1383 (_rx_task) root DEBUG iutctl_common.py          131   read                      : Received: hdr: Header(svc_id=0x01, op=0x81, ctrl_index=0x00, data_len=0x27) bytearray(b"\x01\x81\x00\'\x00")
2026-09-16 19:59:45,072 BTPWorkerThread-1383 (_rx_task) root DEBUG iutctl_common.py          139   read                      : Read 35 bytes data
2026-09-16 19:59:45,083 BTPWorkerThread-1383 (_rx_task) root DEBUG iutctl_common.py          139   read                      : Read 4 bytes data
2026-09-16 19:59:45,083 BTPWorkerThread-1383 (_rx_task) root DEBUG iutctl_common.py          154   read                      : Received data: {'e0 5f ae 7d 39 b3 a0 ab 03 1c 00 0a 09 53 4d 57 30 31 31 37 31 34 02 0a 0c 0d 03 0a 11 0c 11 0e 11 0b 11 1f 11 1e 11'}, bytearray(b'\xe0_\xae}9\xb3\xa0\xab\x03\x1c\x00\n\tSMW011714\x02\n\x0c\r\x03\n\x11\x0c\x11\x0e\x11\x0b\x11\x1f\x11\x1e\x11')
2026-09-16 19:59:45,083 BTPWorkerThread-1383 (_rx_task) root DEBUG btp.py                    700   event_handler             : Header(svc_id=1, op=129, ctrl_index=0, data_len=39) (b'\xe0_\xae}9\xb3\xa0\xab\x03\x1c\x00\n\tSMW011714\x02\n\x0c\r\x03\n\x11\x0c\x11\x0e\x11\x0b\x11\x1f\x11\x1e\x11',)
2026-09-16 19:59:45,083 BTPWorkerThread-1383 (_rx_task) root DEBUG gap.py                    191   gap_device_found_ev_      : b'\xe0_\xae}9\xb3\xa0\xab\x03\x1c\x00\n\tSMW011714\x02\n\x0c\r\x03\n\x11\x0c\x11\x0e\x11\x0b\x11\x1f\x11\x1e\x11'
2026-09-16 19:59:45,084 BTPWorkerThread-1383 (_rx_task) root DEBUG gap.py                    205   gap_device_found_ev_      : found 'a0b3397dae5f' type 224 eir b'\n\tSMW011714\x02\n\x0c\r\x03\n\x11\x0c\x11\x0e\x11\x0b\x11\x1f\x11\x1e\x11'
2026-09-16 19:59:45,116 BTPWorkerThread-1383 (_rx_task) root DEBUG iutctl_common.py          123   read                      : Read 5 bytes
2026-09-16 19:59:45,116 BTPWorkerThread-1383 (_rx_task) root DEBUG iutctl_common.py          131   read                      : Received: hdr: Header(svc_id=0x01, op=0x81, ctrl_index=0x00, data_len=0x26) bytearray(b'\x01\x81\x00&\x00')
2026-09-16 19:59:45,117 BTPWorkerThread-1383 (_rx_task) root DEBUG iutctl_common.py          139   read                      : Read 38 bytes data
2026-09-16 19:59:45,117 BTPWorkerThread-1383 (_rx_task) root DEBUG iutctl_common.py          154   read                      : Received data: {'e0 53 00 4c 17 e5 44 b2 03 1b 00 09 09 4e 58 4c 36 36 35 32 38 02 0a 0c 0d 03 0c 11 0a 11 0b 11 0e 11 1f 11 1e 11'}, bytearray(b'\xe0S\x00L\x17\xe5D\xb2\x03\x1b\x00\t\tNXL66528\x02\n\x0c\r\x03\x0c\x11\n\x11\x0b\x11\x0e\x11\x1f\x11\x1e\x11')
2026-09-16 19:59:45,117 BTPWorkerThread-1383 (_rx_task) root DEBUG btp.py                    700   event_handler             : Header(svc_id=1, op=129, ctrl_index=0, data_len=38) (b'\xe0S\x00L\x17\xe5D\xb2\x03\x1b\x00\t\tNXL66528\x02\n\x0c\r\x03\x0c\x11\n\x11\x0b\x11\x0e\x11\x1f\x11\x1e\x11',)
2026-09-16 19:59:45,117 BTPWorkerThread-1383 (_rx_task) root DEBUG gap.py                    191   gap_device_found_ev_      : b'\xe0S\x00L\x17\xe5D\xb2\x03\x1b\x00\t\tNXL66528\x02\n\x0c\r\x03\x0c\x11\n\x11\x0b\x11\x0e\x11\x1f\x11\x1e\x11'
2026-09-16 19:59:45,117 BTPWorkerThread-1383 (_rx_task) root DEBUG gap.py                    205   gap_device_found_ev_      : found '44e5174c0053' type 224 eir b'\t\tNXL66528\x02\n\x0c\r\x03\x0c\x11\n\x11\x0b\x11\x0e\x11\x1f\x11\x1e\x11'
2026-09-16 19:59:45,422 BTPWorkerThread-1383 (_rx_task) root DEBUG iutctl_common.py          123   read                      : Read 5 bytes
2026-09-16 19:59:45,422 BTPWorkerThread-1383 (_rx_task) root DEBUG iutctl_common.py          131   read                      : Received: hdr: Header(svc_id=0x01, op=0x81, ctrl_index=0x00, data_len=0x26) bytearray(b'\x01\x81\x00&\x00')
2026-09-16 19:59:45,422 BTPWorkerThread-1383 (_rx_task) root DEBUG iutctl_common.py          139   read                      : Read 38 bytes data
2026-09-16 19:59:45,423 BTPWorkerThread-1383 (_rx_task) root DEBUG iutctl_common.py          154   read                      : Received data: {'e0 53 00 4c 17 e5 44 b3 03 1b 00 09 09 4e 58 4c 36 36 35 32 38 02 0a 0c 0d 03 0c 11 0a 11 0b 11 0e 11 1f 11 1e 11'}, bytearray(b'\xe0S\x00L\x17\xe5D\xb3\x03\x1b\x00\t\tNXL66528\x02\n\x0c\r\x03\x0c\x11\n\x11\x0b\x11\x0e\x11\x1f\x11\x1e\x11')
2026-09-16 19:59:45,423 BTPWorkerThread-1383 (_rx_task) root DEBUG btp.py                    700   event_handler             : Header(svc_id=1, op=129, ctrl_index=0, data_len=38) (b'\xe0S\x00L\x17\xe5D\xb3\x03\x1b\x00\t\tNXL66528\x02\n\x0c\r\x03\x0c\x11\n\x11\x0b\x11\x0e\x11\x1f\x11\x1e\x11',)
2026-09-16 19:59:45,423 BTPWorkerThread-1383 (_rx_task) root DEBUG gap.py                    191   gap_device_found_ev_      : b'\xe0S\x00L\x17\xe5D\xb3\x03\x1b\x00\t\tNXL66528\x02\n\x0c\r\x03\x0c\x11\n\x11\x0b\x11\x0e\x11\x1f\x11\x1e\x11'
2026-09-16 19:59:45,423 BTPWorkerThread-1383 (_rx_task) root DEBUG gap.py                    205   gap_device_found_ev_      : found '44e5174c0053' type 224 eir b'\t\tNXL66528\x02\n\x0c\r\x03\x0c\x11\n\x11\x0b\x11\x0e\x11\x1f\x11\x1e\x11'
2026-09-16 19:59:46,215 BTPWorkerThread-1383 (_rx_task) root DEBUG iutctl_common.py          123   read                      : Read 5 bytes
2026-09-16 19:59:46,216 BTPWorkerThread-1383 (_rx_task) root DEBUG iutctl_common.py          131   read                      : Received: hdr: Header(svc_id=0x01, op=0x81, ctrl_index=0x00, data_len=0x1a) bytearray(b'\x01\x81\x00\x1a\x00')
2026-09-16 19:59:46,216 BTPWorkerThread-1383 (_rx_task) root DEBUG iutctl_common.py          139   read                      : Read 26 bytes data
2026-09-16 19:59:46,216 BTPWorkerThread-1383 (_rx_task) root DEBUG iutctl_common.py          154   read                      : Received data: {'e0 4e e4 08 dc 1b 00 d1 03 0f 00 0e 09 50 54 53 2d 47 41 50 2d 45 34 34 45 00'}, bytearray(b'\xe0N\xe4\x08\xdc\x1b\x00\xd1\x03\x0f\x00\x0e\tPTS-GAP-E44E\x00')
2026-09-16 19:59:46,216 BTPWorkerThread-1383 (_rx_task) root DEBUG btp.py                    700   event_handler             : Header(svc_id=1, op=129, ctrl_index=0, data_len=26) (b'\xe0N\xe4\x08\xdc\x1b\x00\xd1\x03\x0f\x00\x0e\tPTS-GAP-E44E\x00',)
2026-09-16 19:59:46,216 BTPWorkerThread-1383 (_rx_task) root DEBUG gap.py                    191   gap_device_found_ev_      : b'\xe0N\xe4\x08\xdc\x1b\x00\xd1\x03\x0f\x00\x0e\tPTS-GAP-E44E\x00'
2026-09-16 19:59:46,216 BTPWorkerThread-1383 (_rx_task) root DEBUG gap.py                    205   gap_device_found_ev_      : found '001bdc08e44e' type 224 eir b'\x0e\tPTS-GAP-E44E\x00'
2026-09-16 19:59:46,398 BTPWorkerThread-1383 (_rx_task) root DEBUG iutctl_common.py          123   read                      : Read 5 bytes
2026-09-16 19:59:46,398 BTPWorkerThread-1383 (_rx_task) root DEBUG iutctl_common.py          131   read                      : Received: hdr: Header(svc_id=0x01, op=0x81, ctrl_index=0x00, data_len=0x26) bytearray(b'\x01\x81\x00&\x00')
2026-09-16 19:59:46,398 BTPWorkerThread-1383 (_rx_task) root DEBUG iutctl_common.py          139   read                      : Read 38 bytes data
2026-09-16 19:59:46,399 BTPWorkerThread-1383 (_rx_task) root DEBUG iutctl_common.py          154   read                      : Received data: {'e0 53 00 4c 17 e5 44 b1 03 1b 00 09 09 4e 58 4c 36 36 35 32 38 02 0a 0c 0d 03 0c 11 0a 11 0b 11 0e 11 1f 11 1e 11'}, bytearray(b'\xe0S\x00L\x17\xe5D\xb1\x03\x1b\x00\t\tNXL66528\x02\n\x0c\r\x03\x0c\x11\n\x11\x0b\x11\x0e\x11\x1f\x11\x1e\x11')
2026-09-16 19:59:46,399 BTPWorkerThread-1383 (_rx_task) root DEBUG btp.py                    700   event_handler             : Header(svc_id=1, op=129, ctrl_index=0, data_len=38) (b'\xe0S\x00L\x17\xe5D\xb1\x03\x1b\x00\t\tNXL66528\x02\n\x0c\r\x03\x0c\x11\n\x11\x0b\x11\x0e\x11\x1f\x11\x1e\x11',)
2026-09-16 19:59:46,399 BTPWorkerThread-1383 (_rx_task) root DEBUG gap.py                    191   gap_device_found_ev_      : b'\xe0S\x00L\x17\xe5D\xb1\x03\x1b\x00\t\tNXL66528\x02\n\x0c\r\x03\x0c\x11\n\x11\x0b\x11\x0e\x11\x1f\x11\x1e\x11'
2026-09-16 19:59:46,399 BTPWorkerThread-1383 (_rx_task) root DEBUG gap.py                    205   gap_device_found_ev_      : found '44e5174c0053' type 224 eir b'\t\tNXL66528\x02\n\x0c\r\x03\x0c\x11\n\x11\x0b\x11\x0e\x11\x1f\x11\x1e\x11'
2026-09-16 19:59:46,463 BTPWorkerThread-1383 (_rx_task) root DEBUG iutctl_common.py          123   read                      : Read 5 bytes
2026-09-16 19:59:46,464 BTPWorkerThread-1383 (_rx_task) root DEBUG iutctl_common.py          131   read                      : Received: hdr: Header(svc_id=0x01, op=0x81, ctrl_index=0x00, data_len=0x26) bytearray(b'\x01\x81\x00&\x00')
2026-09-16 19:59:46,464 BTPWorkerThread-1383 (_rx_task) root DEBUG iutctl_common.py          139   read                      : Read 38 bytes data
2026-09-16 19:59:46,464 BTPWorkerThread-1383 (_rx_task) root DEBUG iutctl_common.py          154   read                      : Received data: {'e0 53 00 4c 17 e5 44 b3 03 1b 00 09 09 4e 58 4c 36 36 35 32 38 02 0a 0c 0d 03 0c 11 0a 11 0b 11 0e 11 1f 11 1e 11'}, bytearray(b'\xe0S\x00L\x17\xe5D\xb3\x03\x1b\x00\t\tNXL66528\x02\n\x0c\r\x03\x0c\x11\n\x11\x0b\x11\x0e\x11\x1f\x11\x1e\x11')
2026-09-16 19:59:46,464 BTPWorkerThread-1383 (_rx_task) root DEBUG btp.py                    700   event_handler             : Header(svc_id=1, op=129, ctrl_index=0, data_len=38) (b'\xe0S\x00L\x17\xe5D\xb3\x03\x1b\x00\t\tNXL66528\x02\n\x0c\r\x03\x0c\x11\n\x11\x0b\x11\x0e\x11\x1f\x11\x1e\x11',)
2026-09-16 19:59:46,464 BTPWorkerThread-1383 (_rx_task) root DEBUG gap.py                    191   gap_device_found_ev_      : b'\xe0S\x00L\x17\xe5D\xb3\x03\x1b\x00\t\tNXL66528\x02\n\x0c\r\x03\x0c\x11\n\x11\x0b\x11\x0e\x11\x1f\x11\x1e\x11'
2026-09-16 19:59:46,464 BTPWorkerThread-1383 (_rx_task) root DEBUG gap.py                    205   gap_device_found_ev_      : found '44e5174c0053' type 224 eir b'\t\tNXL66528\x02\n\x0c\r\x03\x0c\x11\n\x11\x0b\x11\x0e\x11\x1f\x11\x1e\x11'
2026-09-16 19:59:46,953 BTPWorkerThread-1383 (_rx_task) root DEBUG iutctl_common.py          123   read                      : Read 5 bytes
2026-09-16 19:59:46,953 BTPWorkerThread-1383 (_rx_task) root DEBUG iutctl_common.py          131   read                      : Received: hdr: Header(svc_id=0x01, op=0x81, ctrl_index=0x00, data_len=0x26) bytearray(b'\x01\x81\x00&\x00')
2026-09-16 19:59:46,953 BTPWorkerThread-1383 (_rx_task) root DEBUG iutctl_common.py          139   read                      : Read 11 bytes data
2026-09-16 19:59:46,964 BTPWorkerThread-1383 (_rx_task) root DEBUG iutctl_common.py          139   read                      : Read 27 bytes data
2026-09-16 19:59:46,964 BTPWorkerThread-1383 (_rx_task) root DEBUG iutctl_common.py          154   read                      : Received data: {'e0 53 00 4c 17 e5 44 b4 03 1b 00 09 09 4e 58 4c 36 36 35 32 38 02 0a 0c 0d 03 0c 11 0a 11 0b 11 0e 11 1f 11 1e 11'}, bytearray(b'\xe0S\x00L\x17\xe5D\xb4\x03\x1b\x00\t\tNXL66528\x02\n\x0c\r\x03\x0c\x11\n\x11\x0b\x11\x0e\x11\x1f\x11\x1e\x11')
2026-09-16 19:59:46,964 BTPWorkerThread-1383 (_rx_task) root DEBUG btp.py                    700   event_handler             : Header(svc_id=1, op=129, ctrl_index=0, data_len=38) (b'\xe0S\x00L\x17\xe5D\xb4\x03\x1b\x00\t\tNXL66528\x02\n\x0c\r\x03\x0c\x11\n\x11\x0b\x11\x0e\x11\x1f\x11\x1e\x11',)
2026-09-16 19:59:46,964 BTPWorkerThread-1383 (_rx_task) root DEBUG gap.py                    191   gap_device_found_ev_      : b'\xe0S\x00L\x17\xe5D\xb4\x03\x1b\x00\t\tNXL66528\x02\n\x0c\r\x03\x0c\x11\n\x11\x0b\x11\x0e\x11\x1f\x11\x1e\x11'
2026-09-16 19:59:46,964 BTPWorkerThread-1383 (_rx_task) root DEBUG gap.py                    205   gap_device_found_ev_      : found '44e5174c0053' type 224 eir b'\t\tNXL66528\x02\n\x0c\r\x03\x0c\x11\n\x11\x0b\x11\x0e\x11\x1f\x11\x1e\x11'
2026-09-16 19:59:47,903 BTPWorkerThread-1383 (_rx_task) root DEBUG iutctl_common.py          123   read                      : Read 5 bytes
2026-09-16 19:59:47,904 BTPWorkerThread-1383 (_rx_task) root DEBUG iutctl_common.py          131   read                      : Received: hdr: Header(svc_id=0x01, op=0x81, ctrl_index=0x00, data_len=0x1a) bytearray(b'\x01\x81\x00\x1a\x00')
2026-09-16 19:59:47,904 BTPWorkerThread-1383 (_rx_task) root DEBUG iutctl_common.py          139   read                      : Read 26 bytes data
2026-09-16 19:59:47,904 BTPWorkerThread-1383 (_rx_task) root DEBUG iutctl_common.py          154   read                      : Received data: {'e0 4e e4 08 dc 1b 00 d4 03 0f 00 0e 09 50 54 53 2d 47 41 50 2d 45 34 34 45 00'}, bytearray(b'\xe0N\xe4\x08\xdc\x1b\x00\xd4\x03\x0f\x00\x0e\tPTS-GAP-E44E\x00')
2026-09-16 19:59:47,904 BTPWorkerThread-1383 (_rx_task) root DEBUG btp.py                    700   event_handler             : Header(svc_id=1, op=129, ctrl_index=0, data_len=26) (b'\xe0N\xe4\x08\xdc\x1b\x00\xd4\x03\x0f\x00\x0e\tPTS-GAP-E44E\x00',)
2026-09-16 19:59:47,904 BTPWorkerThread-1383 (_rx_task) root DEBUG gap.py                    191   gap_device_found_ev_      : b'\xe0N\xe4\x08\xdc\x1b\x00\xd4\x03\x0f\x00\x0e\tPTS-GAP-E44E\x00'
2026-09-16 19:59:47,904 BTPWorkerThread-1383 (_rx_task) root DEBUG gap.py                    205   gap_device_found_ev_      : found '001bdc08e44e' type 224 eir b'\x0e\tPTS-GAP-E44E\x00'
2026-09-16 19:59:47,958 BTPWorkerThread-1383 (_rx_task) root DEBUG iutctl_common.py          123   read                      : Read 5 bytes
2026-09-16 19:59:47,959 BTPWorkerThread-1383 (_rx_task) root DEBUG iutctl_common.py          131   read                      : Received: hdr: Header(svc_id=0x01, op=0x81, ctrl_index=0x00, data_len=0x0b) bytearray(b'\x01\x81\x00\x0b\x00')
2026-09-16 19:59:47,959 BTPWorkerThread-1383 (_rx_task) root DEBUG iutctl_common.py          139   read                      : Read 11 bytes data
2026-09-16 19:59:47,959 BTPWorkerThread-1383 (_rx_task) root DEBUG iutctl_common.py          154   read                      : Received data: {'e0 53 00 4c 17 e5 44 b3 03 00 00'}, bytearray(b'\xe0S\x00L\x17\xe5D\xb3\x03\x00\x00')
2026-09-16 19:59:47,959 BTPWorkerThread-1383 (_rx_task) root DEBUG btp.py                    700   event_handler             : Header(svc_id=1, op=129, ctrl_index=0, data_len=11) (b'\xe0S\x00L\x17\xe5D\xb3\x03\x00\x00',)
2026-09-16 19:59:47,959 BTPWorkerThread-1383 (_rx_task) root DEBUG gap.py                    191   gap_device_found_ev_      : b'\xe0S\x00L\x17\xe5D\xb3\x03\x00\x00'
2026-09-16 19:59:47,959 BTPWorkerThread-1383 (_rx_task) root DEBUG gap.py                    205   gap_device_found_ev_      : found '44e5174c0053' type 224 eir b''
2026-09-16 19:59:48,068 BTPWorkerThread-1383 (_rx_task) root DEBUG iutctl_common.py          123   read                      : Read 5 bytes
2026-09-16 19:59:48,069 BTPWorkerThread-1383 (_rx_task) root DEBUG iutctl_common.py          131   read                      : Received: hdr: Header(svc_id=0x01, op=0x81, ctrl_index=0x00, data_len=0x2a) bytearray(b'\x01\x81\x00*\x00')
2026-09-16 19:59:48,069 BTPWorkerThread-1383 (_rx_task) root DEBUG iutctl_common.py          139   read                      : Read 42 bytes data
2026-09-16 19:59:48,069 BTPWorkerThread-1383 (_rx_task) root DEBUG iutctl_common.py          154   read                      : Received data: {'e0 95 83 06 dc 1b 00 ad 03 1f 00 1e 09 48 46 50 20 41 47 20 44 65 6d 6f 20 30 30 3a 31 42 3a 44 43 3a 30 36 3a 38 33 3a 39 35'}, bytearray(b'\xe0\x95\x83\x06\xdc\x1b\x00\xad\x03\x1f\x00\x1e\tHFP AG Demo 00:1B:DC:06:83:95')
2026-09-16 19:59:48,069 BTPWorkerThread-1383 (_rx_task) root DEBUG btp.py                    700   event_handler             : Header(svc_id=1, op=129, ctrl_index=0, data_len=42) (b'\xe0\x95\x83\x06\xdc\x1b\x00\xad\x03\x1f\x00\x1e\tHFP AG Demo 00:1B:DC:06:83:95',)
2026-09-16 19:59:48,069 BTPWorkerThread-1383 (_rx_task) root DEBUG gap.py                    191   gap_device_found_ev_      : b'\xe0\x95\x83\x06\xdc\x1b\x00\xad\x03\x1f\x00\x1e\tHFP AG Demo 00:1B:DC:06:83:95'
2026-09-16 19:59:48,069 BTPWorkerThread-1383 (_rx_task) root DEBUG gap.py                    205   gap_device_found_ev_      : found '001bdc068395' type 224 eir b'\x1e\tHFP AG Demo 00:1B:DC:06:83:95'
2026-09-16 19:59:48,178 BTPWorkerThread-1383 (_rx_task) root DEBUG iutctl_common.py          123   read                      : Read 5 bytes
2026-09-16 19:59:48,179 BTPWorkerThread-1383 (_rx_task) root DEBUG iutctl_common.py          131   read                      : Received: hdr: Header(svc_id=0x01, op=0x81, ctrl_index=0x00, data_len=0x2a) bytearray(b'\x01\x81\x00*\x00')
2026-09-16 19:59:48,179 BTPWorkerThread-1383 (_rx_task) root DEBUG iutctl_common.py          139   read                      : Read 42 bytes data
2026-09-16 19:59:48,179 BTPWorkerThread-1383 (_rx_task) root DEBUG iutctl_common.py          154   read                      : Received data: {'e0 4d 65 9b 70 f3 5c a3 03 1f 00 1e 09 48 46 50 20 41 47 20 44 65 6d 6f 20 35 43 3a 46 33 3a 37 30 3a 39 42 3a 36 35 3a 34 44'}, bytearray(b'\xe0Me\x9bp\xf3\\\xa3\x03\x1f\x00\x1e\tHFP AG Demo 5C:F3:70:9B:65:4D')
2026-09-16 19:59:48,179 BTPWorkerThread-1383 (_rx_task) root DEBUG btp.py                    700   event_handler             : Header(svc_id=1, op=129, ctrl_index=0, data_len=42) (b'\xe0Me\x9bp\xf3\\\xa3\x03\x1f\x00\x1e\tHFP AG Demo 5C:F3:70:9B:65:4D',)
2026-09-16 19:59:48,179 BTPWorkerThread-1383 (_rx_task) root DEBUG gap.py                    191   gap_device_found_ev_      : b'\xe0Me\x9bp\xf3\\\xa3\x03\x1f\x00\x1e\tHFP AG Demo 5C:F3:70:9B:65:4D'
2026-09-16 19:59:48,179 BTPWorkerThread-1383 (_rx_task) root DEBUG gap.py                    205   gap_device_found_ev_      : found '5cf3709b654d' type 224 eir b'\x1e\tHFP AG Demo 5C:F3:70:9B:65:4D'
2026-09-16 19:59:48,308 BTPWorkerThread-1383 (_rx_task) root DEBUG iutctl_common.py          123   read                      : Read 5 bytes
2026-09-16 19:59:48,308 BTPWorkerThread-1383 (_rx_task) root DEBUG iutctl_common.py          131   read                      : Received: hdr: Header(svc_id=0x01, op=0x81, ctrl_index=0x00, data_len=0x1a) bytearray(b'\x01\x81\x00\x1a\x00')
2026-09-16 19:59:48,308 BTPWorkerThread-1383 (_rx_task) root DEBUG iutctl_common.py          139   read                      : Read 26 bytes data
2026-09-16 19:59:48,309 BTPWorkerThread-1383 (_rx_task) root DEBUG iutctl_common.py          154   read                      : Received data: {'e0 4e e4 08 dc 1b 00 d3 03 0f 00 0e 09 50 54 53 2d 47 41 50 2d 45 34 34 45 00'}, bytearray(b'\xe0N\xe4\x08\xdc\x1b\x00\xd3\x03\x0f\x00\x0e\tPTS-GAP-E44E\x00')
2026-09-16 19:59:48,309 BTPWorkerThread-1383 (_rx_task) root DEBUG btp.py                    700   event_handler             : Header(svc_id=1, op=129, ctrl_index=0, data_len=26) (b'\xe0N\xe4\x08\xdc\x1b\x00\xd3\x03\x0f\x00\x0e\tPTS-GAP-E44E\x00',)
2026-09-16 19:59:48,309 BTPWorkerThread-1383 (_rx_task) root DEBUG gap.py                    191   gap_device_found_ev_      : b'\xe0N\xe4\x08\xdc\x1b\x00\xd3\x03\x0f\x00\x0e\tPTS-GAP-E44E\x00'
2026-09-16 19:59:48,309 BTPWorkerThread-1383 (_rx_task) root DEBUG gap.py                    205   gap_device_found_ev_      : found '001bdc08e44e' type 224 eir b'\x0e\tPTS-GAP-E44E\x00'
2026-09-16 19:59:48,406 BTPWorkerThread-1383 (_rx_task) root DEBUG iutctl_common.py          123   read                      : Read 5 bytes
2026-09-16 19:59:48,407 BTPWorkerThread-1383 (_rx_task) root DEBUG iutctl_common.py          131   read                      : Received: hdr: Header(svc_id=0x01, op=0x81, ctrl_index=0x00, data_len=0x1a) bytearray(b'\x01\x81\x00\x1a\x00')
2026-09-16 19:59:48,407 BTPWorkerThread-1383 (_rx_task) root DEBUG iutctl_common.py          139   read                      : Read 10 bytes data
2026-09-16 19:59:48,407 BTPWorkerThread-1383 (_rx_task) root DEBUG iutctl_common.py          139   read                      : Read 1 bytes data
2026-09-16 19:59:48,419 BTPWorkerThread-1383 (_rx_task) root DEBUG iutctl_common.py          139   read                      : Read 15 bytes data
2026-09-16 19:59:48,420 BTPWorkerThread-1383 (_rx_task) root DEBUG iutctl_common.py          154   read                      : Received data: {'e0 4e e4 08 dc 1b 00 d5 03 0f 00 0e 09 50 54 53 2d 47 41 50 2d 45 34 34 45 00'}, bytearray(b'\xe0N\xe4\x08\xdc\x1b\x00\xd5\x03\x0f\x00\x0e\tPTS-GAP-E44E\x00')
2026-09-16 19:59:48,420 BTPWorkerThread-1383 (_rx_task) root DEBUG btp.py                    700   event_handler             : Header(svc_id=1, op=129, ctrl_index=0, data_len=26) (b'\xe0N\xe4\x08\xdc\x1b\x00\xd5\x03\x0f\x00\x0e\tPTS-GAP-E44E\x00',)
2026-09-16 19:59:48,420 BTPWorkerThread-1383 (_rx_task) root DEBUG gap.py                    191   gap_device_found_ev_      : b'\xe0N\xe4\x08\xdc\x1b\x00\xd5\x03\x0f\x00\x0e\tPTS-GAP-E44E\x00'
2026-09-16 19:59:48,420 BTPWorkerThread-1383 (_rx_task) root DEBUG gap.py                    205   gap_device_found_ev_      : found '001bdc08e44e' type 224 eir b'\x0e\tPTS-GAP-E44E\x00'
2026-09-16 19:59:48,430 BTPWorkerThread-1383 (_rx_task) root DEBUG iutctl_common.py          123   read                      : Read 5 bytes
2026-09-16 19:59:48,430 BTPWorkerThread-1383 (_rx_task) root DEBUG iutctl_common.py          131   read                      : Received: hdr: Header(svc_id=0x01, op=0x81, ctrl_index=0x00, data_len=0x2a) bytearray(b'\x01\x81\x00*\x00')
2026-09-16 19:59:48,431 BTPWorkerThread-1383 (_rx_task) root DEBUG iutctl_common.py          139   read                      : Read 38 bytes data
2026-09-16 19:59:48,441 BTPWorkerThread-1383 (_rx_task) root DEBUG iutctl_common.py          139   read                      : Read 4 bytes data
2026-09-16 19:59:48,442 BTPWorkerThread-1383 (_rx_task) root DEBUG iutctl_common.py          154   read                      : Received data: {'e0 95 83 06 dc 1b 00 ac 03 1f 00 1e 09 48 46 50 20 41 47 20 44 65 6d 6f 20 30 30 3a 31 42 3a 44 43 3a 30 36 3a 38 33 3a 39 35'}, bytearray(b'\xe0\x95\x83\x06\xdc\x1b\x00\xac\x03\x1f\x00\x1e\tHFP AG Demo 00:1B:DC:06:83:95')
2026-09-16 19:59:48,442 BTPWorkerThread-1383 (_rx_task) root DEBUG btp.py                    700   event_handler             : Header(svc_id=1, op=129, ctrl_index=0, data_len=42) (b'\xe0\x95\x83\x06\xdc\x1b\x00\xac\x03\x1f\x00\x1e\tHFP AG Demo 00:1B:DC:06:83:95',)
2026-09-16 19:59:48,442 BTPWorkerThread-1383 (_rx_task) root DEBUG gap.py                    191   gap_device_found_ev_      : b'\xe0\x95\x83\x06\xdc\x1b\x00\xac\x03\x1f\x00\x1e\tHFP AG Demo 00:1B:DC:06:83:95'
2026-09-16 19:59:48,442 BTPWorkerThread-1383 (_rx_task) root DEBUG gap.py                    205   gap_device_found_ev_      : found '001bdc068395' type 224 eir b'\x1e\tHFP AG Demo 00:1B:DC:06:83:95'
2026-09-16 19:59:48,735 BTPWorkerThread-1383 (_rx_task) root DEBUG iutctl_common.py          123   read                      : Read 5 bytes
2026-09-16 19:59:48,735 BTPWorkerThread-1383 (_rx_task) root DEBUG iutctl_common.py          131   read                      : Received: hdr: Header(svc_id=0x01, op=0x81, ctrl_index=0x00, data_len=0x2a) bytearray(b'\x01\x81\x00*\x00')
2026-09-16 19:59:48,736 BTPWorkerThread-1383 (_rx_task) root DEBUG iutctl_common.py          139   read                      : Read 42 bytes data
2026-09-16 19:59:48,736 BTPWorkerThread-1383 (_rx_task) root DEBUG iutctl_common.py          154   read                      : Received data: {'e0 cd 83 06 dc 1b 00 a3 03 1f 00 1e 09 41 32 44 50 20 53 6f 75 72 63 65 20 30 30 3a 31 42 3a 44 43 3a 30 36 3a 38 33 3a 43 44'}, bytearray(b'\xe0\xcd\x83\x06\xdc\x1b\x00\xa3\x03\x1f\x00\x1e\tA2DP Source 00:1B:DC:06:83:CD')
2026-09-16 19:59:48,736 BTPWorkerThread-1383 (_rx_task) root DEBUG btp.py                    700   event_handler             : Header(svc_id=1, op=129, ctrl_index=0, data_len=42) (b'\xe0\xcd\x83\x06\xdc\x1b\x00\xa3\x03\x1f\x00\x1e\tA2DP Source 00:1B:DC:06:83:CD',)
2026-09-16 19:59:48,736 BTPWorkerThread-1383 (_rx_task) root DEBUG gap.py                    191   gap_device_found_ev_      : b'\xe0\xcd\x83\x06\xdc\x1b\x00\xa3\x03\x1f\x00\x1e\tA2DP Source 00:1B:DC:06:83:CD'
2026-09-16 19:59:48,736 BTPWorkerThread-1383 (_rx_task) root DEBUG gap.py                    205   gap_device_found_ev_      : found '001bdc0683cd' type 224 eir b'\x1e\tA2DP Source 00:1B:DC:06:83:CD'
2026-09-16 19:59:48,932 BTPWorkerThread-1383 (_rx_task) root DEBUG iutctl_common.py          123   read                      : Read 5 bytes
2026-09-16 19:59:48,933 BTPWorkerThread-1383 (_rx_task) root DEBUG iutctl_common.py          131   read                      : Received: hdr: Header(svc_id=0x01, op=0x81, ctrl_index=0x00, data_len=0x1a) bytearray(b'\x01\x81\x00\x1a\x00')
2026-09-16 19:59:48,933 BTPWorkerThread-1383 (_rx_task) root DEBUG iutctl_common.py          139   read                      : Read 26 bytes data
2026-09-16 19:59:48,933 BTPWorkerThread-1383 (_rx_task) root DEBUG iutctl_common.py          154   read                      : Received data: {'e0 4e e4 08 dc 1b 00 d2 03 0f 00 0e 09 50 54 53 2d 47 41 50 2d 45 34 34 45 00'}, bytearray(b'\xe0N\xe4\x08\xdc\x1b\x00\xd2\x03\x0f\x00\x0e\tPTS-GAP-E44E\x00')
2026-09-16 19:59:48,933 BTPWorkerThread-1383 (_rx_task) root DEBUG btp.py                    700   event_handler             : Header(svc_id=1, op=129, ctrl_index=0, data_len=26) (b'\xe0N\xe4\x08\xdc\x1b\x00\xd2\x03\x0f\x00\x0e\tPTS-GAP-E44E\x00',)
2026-09-16 19:59:48,933 BTPWorkerThread-1383 (_rx_task) root DEBUG gap.py                    191   gap_device_found_ev_      : b'\xe0N\xe4\x08\xdc\x1b\x00\xd2\x03\x0f\x00\x0e\tPTS-GAP-E44E\x00'
2026-09-16 19:59:48,933 BTPWorkerThread-1383 (_rx_task) root DEBUG gap.py                    205   gap_device_found_ev_      : found '001bdc08e44e' type 224 eir b'\x0e\tPTS-GAP-E44E\x00'
2026-09-16 19:59:48,997 BTPWorkerThread-1383 (_rx_task) root DEBUG iutctl_common.py          123   read                      : Read 5 bytes
2026-09-16 19:59:48,998 BTPWorkerThread-1383 (_rx_task) root DEBUG iutctl_common.py          131   read                      : Received: hdr: Header(svc_id=0x01, op=0x81, ctrl_index=0x00, data_len=0x1a) bytearray(b'\x01\x81\x00\x1a\x00')
2026-09-16 19:59:48,998 BTPWorkerThread-1383 (_rx_task) root DEBUG iutctl_common.py          139   read                      : Read 26 bytes data
2026-09-16 19:59:48,998 BTPWorkerThread-1383 (_rx_task) root DEBUG iutctl_common.py          154   read                      : Received data: {'e0 4e e4 08 dc 1b 00 d4 03 0f 00 0e 09 50 54 53 2d 47 41 50 2d 45 34 34 45 00'}, bytearray(b'\xe0N\xe4\x08\xdc\x1b\x00\xd4\x03\x0f\x00\x0e\tPTS-GAP-E44E\x00')
2026-09-16 19:59:48,998 BTPWorkerThread-1383 (_rx_task) root DEBUG btp.py                    700   event_handler             : Header(svc_id=1, op=129, ctrl_index=0, data_len=26) (b'\xe0N\xe4\x08\xdc\x1b\x00\xd4\x03\x0f\x00\x0e\tPTS-GAP-E44E\x00',)
2026-09-16 19:59:48,998 BTPWorkerThread-1383 (_rx_task) root DEBUG gap.py                    191   gap_device_found_ev_      : b'\xe0N\xe4\x08\xdc\x1b\x00\xd4\x03\x0f\x00\x0e\tPTS-GAP-E44E\x00'
2026-09-16 19:59:48,998 BTPWorkerThread-1383 (_rx_task) root DEBUG gap.py                    205   gap_device_found_ev_      : found '001bdc08e44e' type 224 eir b'\x0e\tPTS-GAP-E44E\x00'
2026-09-16 19:59:49,019 BTPWorkerThread-1383 (_rx_task) root DEBUG iutctl_common.py          123   read                      : Read 5 bytes
2026-09-16 19:59:49,020 BTPWorkerThread-1383 (_rx_task) root DEBUG iutctl_common.py          131   read                      : Received: hdr: Header(svc_id=0x01, op=0x81, ctrl_index=0x00, data_len=0x2a) bytearray(b'\x01\x81\x00*\x00')
2026-09-16 19:59:49,020 BTPWorkerThread-1383 (_rx_task) root DEBUG iutctl_common.py          139   read                      : Read 42 bytes data
2026-09-16 19:59:49,020 BTPWorkerThread-1383 (_rx_task) root DEBUG iutctl_common.py          154   read                      : Received data: {'e0 eb b2 06 dc 1b 00 a5 03 1f 00 1e 09 41 32 44 50 20 53 6f 75 72 63 65 20 30 30 3a 31 42 3a 44 43 3a 30 36 3a 42 32 3a 45 42'}, bytearray(b'\xe0\xeb\xb2\x06\xdc\x1b\x00\xa5\x03\x1f\x00\x1e\tA2DP Source 00:1B:DC:06:B2:EB')
2026-09-16 19:59:49,020 BTPWorkerThread-1383 (_rx_task) root DEBUG btp.py                    700   event_handler             : Header(svc_id=1, op=129, ctrl_index=0, data_len=42) (b'\xe0\xeb\xb2\x06\xdc\x1b\x00\xa5\x03\x1f\x00\x1e\tA2DP Source 00:1B:DC:06:B2:EB',)
2026-09-16 19:59:49,020 BTPWorkerThread-1383 (_rx_task) root DEBUG gap.py                    191   gap_device_found_ev_      : b'\xe0\xeb\xb2\x06\xdc\x1b\x00\xa5\x03\x1f\x00\x1e\tA2DP Source 00:1B:DC:06:B2:EB'
2026-09-16 19:59:49,020 BTPWorkerThread-1383 (_rx_task) root DEBUG gap.py                    205   gap_device_found_ev_      : found '001bdc06b2eb' type 224 eir b'\x1e\tA2DP Source 00:1B:DC:06:B2:EB'
2026-09-16 19:59:49,290 BTPWorkerThread-1383 (_rx_task) root DEBUG iutctl_common.py          123   read                      : Read 5 bytes
2026-09-16 19:59:49,290 BTPWorkerThread-1383 (_rx_task) root DEBUG iutctl_common.py          131   read                      : Received: hdr: Header(svc_id=0x01, op=0x81, ctrl_index=0x00, data_len=0x2a) bytearray(b'\x01\x81\x00*\x00')
2026-09-16 19:59:49,290 BTPWorkerThread-1383 (_rx_task) root DEBUG iutctl_common.py          139   read                      : Read 42 bytes data
2026-09-16 19:59:49,291 BTPWorkerThread-1383 (_rx_task) root DEBUG iutctl_common.py          154   read                      : Received data: {'e0 cd 83 06 dc 1b 00 ae 03 1f 00 1e 09 41 32 44 50 20 53 6f 75 72 63 65 20 30 30 3a 31 42 3a 44 43 3a 30 36 3a 38 33 3a 43 44'}, bytearray(b'\xe0\xcd\x83\x06\xdc\x1b\x00\xae\x03\x1f\x00\x1e\tA2DP Source 00:1B:DC:06:83:CD')
2026-09-16 19:59:49,291 BTPWorkerThread-1383 (_rx_task) root DEBUG btp.py                    700   event_handler             : Header(svc_id=1, op=129, ctrl_index=0, data_len=42) (b'\xe0\xcd\x83\x06\xdc\x1b\x00\xae\x03\x1f\x00\x1e\tA2DP Source 00:1B:DC:06:83:CD',)
2026-09-16 19:59:49,291 BTPWorkerThread-1383 (_rx_task) root DEBUG gap.py                    191   gap_device_found_ev_      : b'\xe0\xcd\x83\x06\xdc\x1b\x00\xae\x03\x1f\x00\x1e\tA2DP Source 00:1B:DC:06:83:CD'
2026-09-16 19:59:49,291 BTPWorkerThread-1383 (_rx_task) root DEBUG gap.py                    205   gap_device_found_ev_      : found '001bdc0683cd' type 224 eir b'\x1e\tA2DP Source 00:1B:DC:06:83:CD'
2026-09-16 19:59:49,301 BTPWorkerThread-1383 (_rx_task) root DEBUG iutctl_common.py          123   read                      : Read 5 bytes
2026-09-16 19:59:49,302 BTPWorkerThread-1383 (_rx_task) root DEBUG iutctl_common.py          131   read                      : Received: hdr: Header(svc_id=0x01, op=0x81, ctrl_index=0x00, data_len=0x1a) bytearray(b'\x01\x81\x00\x1a\x00')
2026-09-16 19:59:49,302 BTPWorkerThread-1383 (_rx_task) root DEBUG iutctl_common.py          139   read                      : Read 26 bytes data
2026-09-16 19:59:49,302 BTPWorkerThread-1383 (_rx_task) root DEBUG iutctl_common.py          154   read                      : Received data: {'e0 4e e4 08 dc 1b 00 d5 03 0f 00 0e 09 50 54 53 2d 47 41 50 2d 45 34 34 45 00'}, bytearray(b'\xe0N\xe4\x08\xdc\x1b\x00\xd5\x03\x0f\x00\x0e\tPTS-GAP-E44E\x00')
2026-09-16 19:59:49,302 BTPWorkerThread-1383 (_rx_task) root DEBUG btp.py                    700   event_handler             : Header(svc_id=1, op=129, ctrl_index=0, data_len=26) (b'\xe0N\xe4\x08\xdc\x1b\x00\xd5\x03\x0f\x00\x0e\tPTS-GAP-E44E\x00',)
2026-09-16 19:59:49,302 BTPWorkerThread-1383 (_rx_task) root DEBUG gap.py                    191   gap_device_found_ev_      : b'\xe0N\xe4\x08\xdc\x1b\x00\xd5\x03\x0f\x00\x0e\tPTS-GAP-E44E\x00'
2026-09-16 19:59:49,302 BTPWorkerThread-1383 (_rx_task) root DEBUG gap.py                    205   gap_device_found_ev_      : found '001bdc08e44e' type 224 eir b'\x0e\tPTS-GAP-E44E\x00'
2026-09-16 19:59:49,857 BTPWorkerThread-1383 (_rx_task) root DEBUG iutctl_common.py          123   read                      : Read 5 bytes
2026-09-16 19:59:49,858 BTPWorkerThread-1383 (_rx_task) root DEBUG iutctl_common.py          131   read                      : Received: hdr: Header(svc_id=0x01, op=0x81, ctrl_index=0x00, data_len=0x26) bytearray(b'\x01\x81\x00&\x00')
2026-09-16 19:59:49,858 BTPWorkerThread-1383 (_rx_task) root DEBUG iutctl_common.py          139   read                      : Read 22 bytes data
2026-09-16 19:59:49,868 BTPWorkerThread-1383 (_rx_task) root DEBUG iutctl_common.py          139   read                      : Read 16 bytes data
2026-09-16 19:59:49,869 BTPWorkerThread-1383 (_rx_task) root DEBUG iutctl_common.py          154   read                      : Received data: {'e0 53 00 4c 17 e5 44 b3 03 1b 00 09 09 4e 58 4c 36 36 35 32 38 02 0a 0c 0d 03 0c 11 0a 11 0b 11 0e 11 1f 11 1e 11'}, bytearray(b'\xe0S\x00L\x17\xe5D\xb3\x03\x1b\x00\t\tNXL66528\x02\n\x0c\r\x03\x0c\x11\n\x11\x0b\x11\x0e\x11\x1f\x11\x1e\x11')
2026-09-16 19:59:49,869 BTPWorkerThread-1383 (_rx_task) root DEBUG btp.py                    700   event_handler             : Header(svc_id=1, op=129, ctrl_index=0, data_len=38) (b'\xe0S\x00L\x17\xe5D\xb3\x03\x1b\x00\t\tNXL66528\x02\n\x0c\r\x03\x0c\x11\n\x11\x0b\x11\x0e\x11\x1f\x11\x1e\x11',)
2026-09-16 19:59:49,869 BTPWorkerThread-1383 (_rx_task) root DEBUG gap.py                    191   gap_device_found_ev_      : b'\xe0S\x00L\x17\xe5D\xb3\x03\x1b\x00\t\tNXL66528\x02\n\x0c\r\x03\x0c\x11\n\x11\x0b\x11\x0e\x11\x1f\x11\x1e\x11'
2026-09-16 19:59:49,869 BTPWorkerThread-1383 (_rx_task) root DEBUG gap.py                    205   gap_device_found_ev_      : found '44e5174c0053' type 224 eir b'\t\tNXL66528\x02\n\x0c\r\x03\x0c\x11\n\x11\x0b\x11\x0e\x11\x1f\x11\x1e\x11'
2026-09-16 19:59:50,237 BTPWorkerThread-1383 (_rx_task) root DEBUG iutctl_common.py          123   read                      : Read 5 bytes
2026-09-16 19:59:50,237 BTPWorkerThread-1383 (_rx_task) root DEBUG iutctl_common.py          131   read                      : Received: hdr: Header(svc_id=0x01, op=0x81, ctrl_index=0x00, data_len=0x26) bytearray(b'\x01\x81\x00&\x00')
2026-09-16 19:59:50,238 BTPWorkerThread-1383 (_rx_task) root DEBUG iutctl_common.py          139   read                      : Read 22 bytes data
2026-09-16 19:59:50,248 BTPWorkerThread-1383 (_rx_task) root DEBUG iutctl_common.py          139   read                      : Read 16 bytes data
2026-09-16 19:59:50,249 BTPWorkerThread-1383 (_rx_task) root DEBUG iutctl_common.py          154   read                      : Received data: {'e0 53 00 4c 17 e5 44 b4 03 1b 00 09 09 4e 58 4c 36 36 35 32 38 02 0a 0c 0d 03 0c 11 0a 11 0b 11 0e 11 1f 11 1e 11'}, bytearray(b'\xe0S\x00L\x17\xe5D\xb4\x03\x1b\x00\t\tNXL66528\x02\n\x0c\r\x03\x0c\x11\n\x11\x0b\x11\x0e\x11\x1f\x11\x1e\x11')
2026-09-16 19:59:50,249 BTPWorkerThread-1383 (_rx_task) root DEBUG btp.py                    700   event_handler             : Header(svc_id=1, op=129, ctrl_index=0, data_len=38) (b'\xe0S\x00L\x17\xe5D\xb4\x03\x1b\x00\t\tNXL66528\x02\n\x0c\r\x03\x0c\x11\n\x11\x0b\x11\x0e\x11\x1f\x11\x1e\x11',)
2026-09-16 19:59:50,249 BTPWorkerThread-1383 (_rx_task) root DEBUG gap.py                    191   gap_device_found_ev_      : b'\xe0S\x00L\x17\xe5D\xb4\x03\x1b\x00\t\tNXL66528\x02\n\x0c\r\x03\x0c\x11\n\x11\x0b\x11\x0e\x11\x1f\x11\x1e\x11'
2026-09-16 19:59:50,249 BTPWorkerThread-1383 (_rx_task) root DEBUG gap.py                    205   gap_device_found_ev_      : found '44e5174c0053' type 224 eir b'\t\tNXL66528\x02\n\x0c\r\x03\x0c\x11\n\x11\x0b\x11\x0e\x11\x1f\x11\x1e\x11'
2026-09-16 19:59:51,133 BTPWorkerThread-1383 (_rx_task) root DEBUG iutctl_common.py          123   read                      : Read 5 bytes
2026-09-16 19:59:51,133 BTPWorkerThread-1383 (_rx_task) root DEBUG iutctl_common.py          131   read                      : Received: hdr: Header(svc_id=0x01, op=0x81, ctrl_index=0x00, data_len=0x26) bytearray(b'\x01\x81\x00&\x00')
2026-09-16 19:59:51,134 BTPWorkerThread-1383 (_rx_task) root DEBUG iutctl_common.py          139   read                      : Read 38 bytes data
2026-09-16 19:59:51,134 BTPWorkerThread-1383 (_rx_task) root DEBUG iutctl_common.py          154   read                      : Received data: {'e0 53 00 4c 17 e5 44 b4 03 1b 00 09 09 4e 58 4c 36 36 35 32 38 02 0a 0c 0d 03 0c 11 0a 11 0b 11 0e 11 1f 11 1e 11'}, bytearray(b'\xe0S\x00L\x17\xe5D\xb4\x03\x1b\x00\t\tNXL66528\x02\n\x0c\r\x03\x0c\x11\n\x11\x0b\x11\x0e\x11\x1f\x11\x1e\x11')
2026-09-16 19:59:51,134 BTPWorkerThread-1383 (_rx_task) root DEBUG btp.py                    700   event_handler             : Header(svc_id=1, op=129, ctrl_index=0, data_len=38) (b'\xe0S\x00L\x17\xe5D\xb4\x03\x1b\x00\t\tNXL66528\x02\n\x0c\r\x03\x0c\x11\n\x11\x0b\x11\x0e\x11\x1f\x11\x1e\x11',)
2026-09-16 19:59:51,134 BTPWorkerThread-1383 (_rx_task) root DEBUG gap.py                    191   gap_device_found_ev_      : b'\xe0S\x00L\x17\xe5D\xb4\x03\x1b\x00\t\tNXL66528\x02\n\x0c\r\x03\x0c\x11\n\x11\x0b\x11\x0e\x11\x1f\x11\x1e\x11'
2026-09-16 19:59:51,134 BTPWorkerThread-1383 (_rx_task) root DEBUG gap.py                    205   gap_device_found_ev_      : found '44e5174c0053' type 224 eir b'\t\tNXL66528\x02\n\x0c\r\x03\x0c\x11\n\x11\x0b\x11\x0e\x11\x1f\x11\x1e\x11'
2026-09-16 19:59:51,538 BTPWorkerThread-1383 (_rx_task) root DEBUG iutctl_common.py          123   read                      : Read 5 bytes
2026-09-16 19:59:51,538 BTPWorkerThread-1383 (_rx_task) root DEBUG iutctl_common.py          131   read                      : Received: hdr: Header(svc_id=0x01, op=0x81, ctrl_index=0x00, data_len=0x26) bytearray(b'\x01\x81\x00&\x00')
2026-09-16 19:59:51,539 BTPWorkerThread-1383 (_rx_task) root DEBUG iutctl_common.py          139   read                      : Read 4 bytes data
2026-09-16 19:59:51,550 BTPWorkerThread-1383 (_rx_task) root DEBUG iutctl_common.py          139   read                      : Read 34 bytes data
2026-09-16 19:59:51,551 BTPWorkerThread-1383 (_rx_task) root DEBUG iutctl_common.py          154   read                      : Received data: {'e0 53 00 4c 17 e5 44 b2 03 1b 00 09 09 4e 58 4c 36 36 35 32 38 02 0a 0c 0d 03 0c 11 0a 11 0b 11 0e 11 1f 11 1e 11'}, bytearray(b'\xe0S\x00L\x17\xe5D\xb2\x03\x1b\x00\t\tNXL66528\x02\n\x0c\r\x03\x0c\x11\n\x11\x0b\x11\x0e\x11\x1f\x11\x1e\x11')
2026-09-16 19:59:51,551 BTPWorkerThread-1383 (_rx_task) root DEBUG btp.py                    700   event_handler             : Header(svc_id=1, op=129, ctrl_index=0, data_len=38) (b'\xe0S\x00L\x17\xe5D\xb2\x03\x1b\x00\t\tNXL66528\x02\n\x0c\r\x03\x0c\x11\n\x11\x0b\x11\x0e\x11\x1f\x11\x1e\x11',)
2026-09-16 19:59:51,551 BTPWorkerThread-1383 (_rx_task) root DEBUG gap.py                    191   gap_device_found_ev_      : b'\xe0S\x00L\x17\xe5D\xb2\x03\x1b\x00\t\tNXL66528\x02\n\x0c\r\x03\x0c\x11\n\x11\x0b\x11\x0e\x11\x1f\x11\x1e\x11'
2026-09-16 19:59:51,551 BTPWorkerThread-1383 (_rx_task) root DEBUG gap.py                    205   gap_device_found_ev_      : found '44e5174c0053' type 224 eir b'\t\tNXL66528\x02\n\x0c\r\x03\x0c\x11\n\x11\x0b\x11\x0e\x11\x1f\x11\x1e\x11'
2026-09-16 19:59:51,594 BTPWorkerThread-1383 (_rx_task) root DEBUG iutctl_common.py          123   read                      : Read 5 bytes
2026-09-16 19:59:51,594 BTPWorkerThread-1383 (_rx_task) root DEBUG iutctl_common.py          131   read                      : Received: hdr: Header(svc_id=0x01, op=0x81, ctrl_index=0x00, data_len=0x26) bytearray(b'\x01\x81\x00&\x00')
2026-09-16 19:59:51,595 BTPWorkerThread-1383 (_rx_task) root DEBUG iutctl_common.py          139   read                      : Read 38 bytes data
2026-09-16 19:59:51,595 BTPWorkerThread-1383 (_rx_task) root DEBUG iutctl_common.py          154   read                      : Received data: {'e0 53 00 4c 17 e5 44 b3 03 1b 00 09 09 4e 58 4c 36 36 35 32 38 02 0a 0c 0d 03 0c 11 0a 11 0b 11 0e 11 1f 11 1e 11'}, bytearray(b'\xe0S\x00L\x17\xe5D\xb3\x03\x1b\x00\t\tNXL66528\x02\n\x0c\r\x03\x0c\x11\n\x11\x0b\x11\x0e\x11\x1f\x11\x1e\x11')
2026-09-16 19:59:51,595 BTPWorkerThread-1383 (_rx_task) root DEBUG btp.py                    700   event_handler             : Header(svc_id=1, op=129, ctrl_index=0, data_len=38) (b'\xe0S\x00L\x17\xe5D\xb3\x03\x1b\x00\t\tNXL66528\x02\n\x0c\r\x03\x0c\x11\n\x11\x0b\x11\x0e\x11\x1f\x11\x1e\x11',)
2026-09-16 19:59:51,595 BTPWorkerThread-1383 (_rx_task) root DEBUG gap.py                    191   gap_device_found_ev_      : b'\xe0S\x00L\x17\xe5D\xb3\x03\x1b\x00\t\tNXL66528\x02\n\x0c\r\x03\x0c\x11\n\x11\x0b\x11\x0e\x11\x1f\x11\x1e\x11'
2026-09-16 19:59:51,595 BTPWorkerThread-1383 (_rx_task) root DEBUG gap.py                    205   gap_device_found_ev_      : found '44e5174c0053' type 224 eir b'\t\tNXL66528\x02\n\x0c\r\x03\x0c\x11\n\x11\x0b\x11\x0e\x11\x1f\x11\x1e\x11'
2026-09-16 19:59:51,802 BTPWorkerThread-1383 (_rx_task) root DEBUG iutctl_common.py          123   read                      : Read 5 bytes
2026-09-16 19:59:51,803 BTPWorkerThread-1383 (_rx_task) root DEBUG iutctl_common.py          131   read                      : Received: hdr: Header(svc_id=0x01, op=0x81, ctrl_index=0x00, data_len=0x2a) bytearray(b'\x01\x81\x00*\x00')
2026-09-16 19:59:51,803 BTPWorkerThread-1383 (_rx_task) root DEBUG iutctl_common.py          139   read                      : Read 42 bytes data
2026-09-16 19:59:51,803 BTPWorkerThread-1383 (_rx_task) root DEBUG iutctl_common.py          154   read                      : Received data: {'e0 eb b2 06 dc 1b 00 ad 03 1f 00 1e 09 41 32 44 50 20 53 6f 75 72 63 65 20 30 30 3a 31 42 3a 44 43 3a 30 36 3a 42 32 3a 45 42'}, bytearray(b'\xe0\xeb\xb2\x06\xdc\x1b\x00\xad\x03\x1f\x00\x1e\tA2DP Source 00:1B:DC:06:B2:EB')
2026-09-16 19:59:51,803 BTPWorkerThread-1383 (_rx_task) root DEBUG btp.py                    700   event_handler             : Header(svc_id=1, op=129, ctrl_index=0, data_len=42) (b'\xe0\xeb\xb2\x06\xdc\x1b\x00\xad\x03\x1f\x00\x1e\tA2DP Source 00:1B:DC:06:B2:EB',)
2026-09-16 19:59:51,803 BTPWorkerThread-1383 (_rx_task) root DEBUG gap.py                    191   gap_device_found_ev_      : b'\xe0\xeb\xb2\x06\xdc\x1b\x00\xad\x03\x1f\x00\x1e\tA2DP Source 00:1B:DC:06:B2:EB'
2026-09-16 19:59:51,803 BTPWorkerThread-1383 (_rx_task) root DEBUG gap.py                    205   gap_device_found_ev_      : found '001bdc06b2eb' type 224 eir b'\x1e\tA2DP Source 00:1B:DC:06:B2:EB'
2026-09-16 19:59:51,877 BTPWorkerThread-1383 (_rx_task) root DEBUG iutctl_common.py          123   read                      : Read 5 bytes
2026-09-16 19:59:51,878 BTPWorkerThread-1383 (_rx_task) root DEBUG iutctl_common.py          131   read                      : Received: hdr: Header(svc_id=0x01, op=0x81, ctrl_index=0x00, data_len=0x26) bytearray(b'\x01\x81\x00&\x00')
2026-09-16 19:59:51,878 BTPWorkerThread-1383 (_rx_task) root DEBUG iutctl_common.py          139   read                      : Read 38 bytes data
2026-09-16 19:59:51,878 BTPWorkerThread-1383 (_rx_task) root DEBUG iutctl_common.py          154   read                      : Received data: {'e0 53 00 4c 17 e5 44 af 03 1b 00 09 09 4e 58 4c 36 36 35 32 38 02 0a 0c 0d 03 0c 11 0a 11 0b 11 0e 11 1f 11 1e 11'}, bytearray(b'\xe0S\x00L\x17\xe5D\xaf\x03\x1b\x00\t\tNXL66528\x02\n\x0c\r\x03\x0c\x11\n\x11\x0b\x11\x0e\x11\x1f\x11\x1e\x11')
2026-09-16 19:59:51,878 BTPWorkerThread-1383 (_rx_task) root DEBUG btp.py                    700   event_handler             : Header(svc_id=1, op=129, ctrl_index=0, data_len=38) (b'\xe0S\x00L\x17\xe5D\xaf\x03\x1b\x00\t\tNXL66528\x02\n\x0c\r\x03\x0c\x11\n\x11\x0b\x11\x0e\x11\x1f\x11\x1e\x11',)
2026-09-16 19:59:51,878 BTPWorkerThread-1383 (_rx_task) root DEBUG gap.py                    191   gap_device_found_ev_      : b'\xe0S\x00L\x17\xe5D\xaf\x03\x1b\x00\t\tNXL66528\x02\n\x0c\r\x03\x0c\x11\n\x11\x0b\x11\x0e\x11\x1f\x11\x1e\x11'
2026-09-16 19:59:51,878 BTPWorkerThread-1383 (_rx_task) root DEBUG gap.py                    205   gap_device_found_ev_      : found '44e5174c0053' type 224 eir b'\t\tNXL66528\x02\n\x0c\r\x03\x0c\x11\n\x11\x0b\x11\x0e\x11\x1f\x11\x1e\x11'
2026-09-16 19:59:51,932 BTPWorkerThread-1383 (_rx_task) root DEBUG iutctl_common.py          123   read                      : Read 5 bytes
2026-09-16 19:59:51,933 BTPWorkerThread-1383 (_rx_task) root DEBUG iutctl_common.py          131   read                      : Received: hdr: Header(svc_id=0x01, op=0x81, ctrl_index=0x00, data_len=0x26) bytearray(b'\x01\x81\x00&\x00')
2026-09-16 19:59:51,933 BTPWorkerThread-1383 (_rx_task) root DEBUG iutctl_common.py          139   read                      : Read 32 bytes data
2026-09-16 19:59:51,943 BTPWorkerThread-1383 (_rx_task) root DEBUG iutctl_common.py          139   read                      : Read 6 bytes data
2026-09-16 19:59:51,944 BTPWorkerThread-1383 (_rx_task) root DEBUG iutctl_common.py          154   read                      : Received data: {'e0 53 00 4c 17 e5 44 b1 03 1b 00 09 09 4e 58 4c 36 36 35 32 38 02 0a 0c 0d 03 0c 11 0a 11 0b 11 0e 11 1f 11 1e 11'}, bytearray(b'\xe0S\x00L\x17\xe5D\xb1\x03\x1b\x00\t\tNXL66528\x02\n\x0c\r\x03\x0c\x11\n\x11\x0b\x11\x0e\x11\x1f\x11\x1e\x11')
2026-09-16 19:59:51,944 BTPWorkerThread-1383 (_rx_task) root DEBUG btp.py                    700   event_handler             : Header(svc_id=1, op=129, ctrl_index=0, data_len=38) (b'\xe0S\x00L\x17\xe5D\xb1\x03\x1b\x00\t\tNXL66528\x02\n\x0c\r\x03\x0c\x11\n\x11\x0b\x11\x0e\x11\x1f\x11\x1e\x11',)
2026-09-16 19:59:51,944 BTPWorkerThread-1383 (_rx_task) root DEBUG gap.py                    191   gap_device_found_ev_      : b'\xe0S\x00L\x17\xe5D\xb1\x03\x1b\x00\t\tNXL66528\x02\n\x0c\r\x03\x0c\x11\n\x11\x0b\x11\x0e\x11\x1f\x11\x1e\x11'
2026-09-16 19:59:51,944 BTPWorkerThread-1383 (_rx_task) root DEBUG gap.py                    205   gap_device_found_ev_      : found '44e5174c0053' type 224 eir b'\t\tNXL66528\x02\n\x0c\r\x03\x0c\x11\n\x11\x0b\x11\x0e\x11\x1f\x11\x1e\x11'
2026-09-16 19:59:52,217 BTPWorkerThread-1383 (_rx_task) root DEBUG iutctl_common.py          123   read                      : Read 5 bytes
2026-09-16 19:59:52,217 BTPWorkerThread-1383 (_rx_task) root DEBUG iutctl_common.py          131   read                      : Received: hdr: Header(svc_id=0x01, op=0x81, ctrl_index=0x00, data_len=0x1a) bytearray(b'\x01\x81\x00\x1a\x00')
2026-09-16 19:59:52,217 BTPWorkerThread-1383 (_rx_task) root DEBUG iutctl_common.py          139   read                      : Read 26 bytes data
2026-09-16 19:59:52,218 BTPWorkerThread-1383 (_rx_task) root DEBUG iutctl_common.py          154   read                      : Received data: {'e0 4e e4 08 dc 1b 00 d4 03 0f 00 0e 09 50 54 53 2d 47 41 50 2d 45 34 34 45 00'}, bytearray(b'\xe0N\xe4\x08\xdc\x1b\x00\xd4\x03\x0f\x00\x0e\tPTS-GAP-E44E\x00')
2026-09-16 19:59:52,218 BTPWorkerThread-1383 (_rx_task) root DEBUG btp.py                    700   event_handler             : Header(svc_id=1, op=129, ctrl_index=0, data_len=26) (b'\xe0N\xe4\x08\xdc\x1b\x00\xd4\x03\x0f\x00\x0e\tPTS-GAP-E44E\x00',)
2026-09-16 19:59:52,218 BTPWorkerThread-1383 (_rx_task) root DEBUG gap.py                    191   gap_device_found_ev_      : b'\xe0N\xe4\x08\xdc\x1b\x00\xd4\x03\x0f\x00\x0e\tPTS-GAP-E44E\x00'
2026-09-16 19:59:52,218 BTPWorkerThread-1383 (_rx_task) root DEBUG gap.py                    205   gap_device_found_ev_      : found '001bdc08e44e' type 224 eir b'\x0e\tPTS-GAP-E44E\x00'
2026-09-16 19:59:52,403 BTPWorkerThread-1383 (_rx_task) root DEBUG iutctl_common.py          123   read                      : Read 5 bytes
2026-09-16 19:59:52,403 BTPWorkerThread-1383 (_rx_task) root DEBUG iutctl_common.py          131   read                      : Received: hdr: Header(svc_id=0x01, op=0x81, ctrl_index=0x00, data_len=0x26) bytearray(b'\x01\x81\x00&\x00')
2026-09-16 19:59:52,404 BTPWorkerThread-1383 (_rx_task) root DEBUG iutctl_common.py          139   read                      : Read 34 bytes data
2026-09-16 19:59:52,414 BTPWorkerThread-1383 (_rx_task) root DEBUG iutctl_common.py          139   read                      : Read 4 bytes data
2026-09-16 19:59:52,415 BTPWorkerThread-1383 (_rx_task) root DEBUG iutctl_common.py          154   read                      : Received data: {'e0 53 00 4c 17 e5 44 aa 03 1b 00 09 09 4e 58 4c 36 36 35 32 38 02 0a 0c 0d 03 0c 11 0a 11 0b 11 0e 11 1f 11 1e 11'}, bytearray(b'\xe0S\x00L\x17\xe5D\xaa\x03\x1b\x00\t\tNXL66528\x02\n\x0c\r\x03\x0c\x11\n\x11\x0b\x11\x0e\x11\x1f\x11\x1e\x11')
2026-09-16 19:59:52,415 BTPWorkerThread-1383 (_rx_task) root DEBUG btp.py                    700   event_handler             : Header(svc_id=1, op=129, ctrl_index=0, data_len=38) (b'\xe0S\x00L\x17\xe5D\xaa\x03\x1b\x00\t\tNXL66528\x02\n\x0c\r\x03\x0c\x11\n\x11\x0b\x11\x0e\x11\x1f\x11\x1e\x11',)
2026-09-16 19:59:52,415 BTPWorkerThread-1383 (_rx_task) root DEBUG gap.py                    191   gap_device_found_ev_      : b'\xe0S\x00L\x17\xe5D\xaa\x03\x1b\x00\t\tNXL66528\x02\n\x0c\r\x03\x0c\x11\n\x11\x0b\x11\x0e\x11\x1f\x11\x1e\x11'
2026-09-16 19:59:52,415 BTPWorkerThread-1383 (_rx_task) root DEBUG gap.py                    205   gap_device_found_ev_      : found '44e5174c0053' type 224 eir b'\t\tNXL66528\x02\n\x0c\r\x03\x0c\x11\n\x11\x0b\x11\x0e\x11\x1f\x11\x1e\x11'
2026-09-16 19:59:52,447 BTPWorkerThread-1383 (_rx_task) root DEBUG iutctl_common.py          123   read                      : Read 5 bytes
2026-09-16 19:59:52,448 BTPWorkerThread-1383 (_rx_task) root DEBUG iutctl_common.py          131   read                      : Received: hdr: Header(svc_id=0x01, op=0x81, ctrl_index=0x00, data_len=0x1a) bytearray(b'\x01\x81\x00\x1a\x00')
2026-09-16 19:59:52,448 BTPWorkerThread-1383 (_rx_task) root DEBUG iutctl_common.py          139   read                      : Read 26 bytes data
2026-09-16 19:59:52,448 BTPWorkerThread-1383 (_rx_task) root DEBUG iutctl_common.py          154   read                      : Received data: {'e0 4e e4 08 dc 1b 00 d4 03 0f 00 0e 09 50 54 53 2d 47 41 50 2d 45 34 34 45 00'}, bytearray(b'\xe0N\xe4\x08\xdc\x1b\x00\xd4\x03\x0f\x00\x0e\tPTS-GAP-E44E\x00')
2026-09-16 19:59:52,448 BTPWorkerThread-1383 (_rx_task) root DEBUG btp.py                    700   event_handler             : Header(svc_id=1, op=129, ctrl_index=0, data_len=26) (b'\xe0N\xe4\x08\xdc\x1b\x00\xd4\x03\x0f\x00\x0e\tPTS-GAP-E44E\x00',)
2026-09-16 19:59:52,448 BTPWorkerThread-1383 (_rx_task) root DEBUG gap.py                    191   gap_device_found_ev_      : b'\xe0N\xe4\x08\xdc\x1b\x00\xd4\x03\x0f\x00\x0e\tPTS-GAP-E44E\x00'
2026-09-16 19:59:52,448 BTPWorkerThread-1383 (_rx_task) root DEBUG gap.py                    205   gap_device_found_ev_      : found '001bdc08e44e' type 224 eir b'\x0e\tPTS-GAP-E44E\x00'
2026-09-16 19:59:52,982 BTPWorkerThread-1383 (_rx_task) root DEBUG iutctl_common.py          123   read                      : Read 5 bytes
2026-09-16 19:59:52,983 BTPWorkerThread-1383 (_rx_task) root DEBUG iutctl_common.py          131   read                      : Received: hdr: Header(svc_id=0x01, op=0x81, ctrl_index=0x00, data_len=0x26) bytearray(b'\x01\x81\x00&\x00')
2026-09-16 19:59:52,983 BTPWorkerThread-1383 (_rx_task) root DEBUG iutctl_common.py          139   read                      : Read 38 bytes data
2026-09-16 19:59:52,983 BTPWorkerThread-1383 (_rx_task) root DEBUG iutctl_common.py          154   read                      : Received data: {'e0 53 00 4c 17 e5 44 b3 03 1b 00 09 09 4e 58 4c 36 36 35 32 38 02 0a 0c 0d 03 0c 11 0a 11 0b 11 0e 11 1f 11 1e 11'}, bytearray(b'\xe0S\x00L\x17\xe5D\xb3\x03\x1b\x00\t\tNXL66528\x02\n\x0c\r\x03\x0c\x11\n\x11\x0b\x11\x0e\x11\x1f\x11\x1e\x11')
2026-09-16 19:59:52,983 BTPWorkerThread-1383 (_rx_task) root DEBUG btp.py                    700   event_handler             : Header(svc_id=1, op=129, ctrl_index=0, data_len=38) (b'\xe0S\x00L\x17\xe5D\xb3\x03\x1b\x00\t\tNXL66528\x02\n\x0c\r\x03\x0c\x11\n\x11\x0b\x11\x0e\x11\x1f\x11\x1e\x11',)
2026-09-16 19:59:52,983 BTPWorkerThread-1383 (_rx_task) root DEBUG gap.py                    191   gap_device_found_ev_      : b'\xe0S\x00L\x17\xe5D\xb3\x03\x1b\x00\t\tNXL66528\x02\n\x0c\r\x03\x0c\x11\n\x11\x0b\x11\x0e\x11\x1f\x11\x1e\x11'
2026-09-16 19:59:52,983 BTPWorkerThread-1383 (_rx_task) root DEBUG gap.py                    205   gap_device_found_ev_      : found '44e5174c0053' type 224 eir b'\t\tNXL66528\x02\n\x0c\r\x03\x0c\x11\n\x11\x0b\x11\x0e\x11\x1f\x11\x1e\x11'
2026-09-16 19:59:53,003 BTPWorkerThread-1383 (_rx_task) root DEBUG iutctl_common.py          123   read                      : Read 5 bytes
2026-09-16 19:59:53,004 BTPWorkerThread-1383 (_rx_task) root DEBUG iutctl_common.py          131   read                      : Received: hdr: Header(svc_id=0x01, op=0x81, ctrl_index=0x00, data_len=0x1a) bytearray(b'\x01\x81\x00\x1a\x00')
2026-09-16 19:59:53,004 BTPWorkerThread-1383 (_rx_task) root DEBUG iutctl_common.py          139   read                      : Read 12 bytes data
2026-09-16 19:59:53,014 BTPWorkerThread-1383 (_rx_task) root DEBUG iutctl_common.py          139   read                      : Read 14 bytes data
2026-09-16 19:59:53,014 BTPWorkerThread-1383 (_rx_task) root DEBUG iutctl_common.py          154   read                      : Received data: {'e0 4e e4 08 dc 1b 00 d0 03 0f 00 0e 09 50 54 53 2d 47 41 50 2d 45 34 34 45 00'}, bytearray(b'\xe0N\xe4\x08\xdc\x1b\x00\xd0\x03\x0f\x00\x0e\tPTS-GAP-E44E\x00')
2026-09-16 19:59:53,015 BTPWorkerThread-1383 (_rx_task) root DEBUG btp.py                    700   event_handler             : Header(svc_id=1, op=129, ctrl_index=0, data_len=26) (b'\xe0N\xe4\x08\xdc\x1b\x00\xd0\x03\x0f\x00\x0e\tPTS-GAP-E44E\x00',)
2026-09-16 19:59:53,015 BTPWorkerThread-1383 (_rx_task) root DEBUG gap.py                    191   gap_device_found_ev_      : b'\xe0N\xe4\x08\xdc\x1b\x00\xd0\x03\x0f\x00\x0e\tPTS-GAP-E44E\x00'
2026-09-16 19:59:53,015 BTPWorkerThread-1383 (_rx_task) root DEBUG gap.py                    205   gap_device_found_ev_      : found '001bdc08e44e' type 224 eir b'\x0e\tPTS-GAP-E44E\x00'
2026-09-16 19:59:53,166 BTPWorkerThread-1383 (_rx_task) root DEBUG iutctl_common.py          123   read                      : Read 5 bytes
2026-09-16 19:59:53,167 BTPWorkerThread-1383 (_rx_task) root DEBUG iutctl_common.py          131   read                      : Received: hdr: Header(svc_id=0x01, op=0x81, ctrl_index=0x00, data_len=0x2a) bytearray(b'\x01\x81\x00*\x00')
2026-09-16 19:59:53,167 BTPWorkerThread-1383 (_rx_task) root DEBUG iutctl_common.py          139   read                      : Read 42 bytes data
2026-09-16 19:59:53,167 BTPWorkerThread-1383 (_rx_task) root DEBUG iutctl_common.py          154   read                      : Received data: {'e0 cd 83 06 dc 1b 00 a2 03 1f 00 1e 09 41 32 44 50 20 53 6f 75 72 63 65 20 30 30 3a 31 42 3a 44 43 3a 30 36 3a 38 33 3a 43 44'}, bytearray(b'\xe0\xcd\x83\x06\xdc\x1b\x00\xa2\x03\x1f\x00\x1e\tA2DP Source 00:1B:DC:06:83:CD')
2026-09-16 19:59:53,167 BTPWorkerThread-1383 (_rx_task) root DEBUG btp.py                    700   event_handler             : Header(svc_id=1, op=129, ctrl_index=0, data_len=42) (b'\xe0\xcd\x83\x06\xdc\x1b\x00\xa2\x03\x1f\x00\x1e\tA2DP Source 00:1B:DC:06:83:CD',)
2026-09-16 19:59:53,167 BTPWorkerThread-1383 (_rx_task) root DEBUG gap.py                    191   gap_device_found_ev_      : b'\xe0\xcd\x83\x06\xdc\x1b\x00\xa2\x03\x1f\x00\x1e\tA2DP Source 00:1B:DC:06:83:CD'
2026-09-16 19:59:53,167 BTPWorkerThread-1383 (_rx_task) root DEBUG gap.py                    205   gap_device_found_ev_      : found '001bdc0683cd' type 224 eir b'\x1e\tA2DP Source 00:1B:DC:06:83:CD'
2026-09-16 19:59:53,210 BTPWorkerThread-1383 (_rx_task) root DEBUG iutctl_common.py          123   read                      : Read 5 bytes
2026-09-16 19:59:53,211 BTPWorkerThread-1383 (_rx_task) root DEBUG iutctl_common.py          131   read                      : Received: hdr: Header(svc_id=0x01, op=0x81, ctrl_index=0x00, data_len=0x26) bytearray(b'\x01\x81\x00&\x00')
2026-09-16 19:59:53,211 BTPWorkerThread-1383 (_rx_task) root DEBUG iutctl_common.py          139   read                      : Read 38 bytes data
2026-09-16 19:59:53,211 BTPWorkerThread-1383 (_rx_task) root DEBUG iutctl_common.py          154   read                      : Received data: {'e0 53 00 4c 17 e5 44 b0 03 1b 00 09 09 4e 58 4c 36 36 35 32 38 02 0a 0c 0d 03 0c 11 0a 11 0b 11 0e 11 1f 11 1e 11'}, bytearray(b'\xe0S\x00L\x17\xe5D\xb0\x03\x1b\x00\t\tNXL66528\x02\n\x0c\r\x03\x0c\x11\n\x11\x0b\x11\x0e\x11\x1f\x11\x1e\x11')
2026-09-16 19:59:53,211 BTPWorkerThread-1383 (_rx_task) root DEBUG btp.py                    700   event_handler             : Header(svc_id=1, op=129, ctrl_index=0, data_len=38) (b'\xe0S\x00L\x17\xe5D\xb0\x03\x1b\x00\t\tNXL66528\x02\n\x0c\r\x03\x0c\x11\n\x11\x0b\x11\x0e\x11\x1f\x11\x1e\x11',)
2026-09-16 19:59:53,211 BTPWorkerThread-1383 (_rx_task) root DEBUG gap.py                    191   gap_device_found_ev_      : b'\xe0S\x00L\x17\xe5D\xb0\x03\x1b\x00\t\tNXL66528\x02\n\x0c\r\x03\x0c\x11\n\x11\x0b\x11\x0e\x11\x1f\x11\x1e\x11'
2026-09-16 19:59:53,211 BTPWorkerThread-1383 (_rx_task) root DEBUG gap.py                    205   gap_device_found_ev_      : found '44e5174c0053' type 224 eir b'\t\tNXL66528\x02\n\x0c\r\x03\x0c\x11\n\x11\x0b\x11\x0e\x11\x1f\x11\x1e\x11'
2026-09-16 19:59:53,352 BTPWorkerThread-1383 (_rx_task) root DEBUG iutctl_common.py          123   read                      : Read 5 bytes
2026-09-16 19:59:53,352 BTPWorkerThread-1383 (_rx_task) root DEBUG iutctl_common.py          131   read                      : Received: hdr: Header(svc_id=0x01, op=0x81, ctrl_index=0x00, data_len=0x2a) bytearray(b'\x01\x81\x00*\x00')
2026-09-16 19:59:53,353 BTPWorkerThread-1383 (_rx_task) root DEBUG iutctl_common.py          139   read                      : Read 22 bytes data
2026-09-16 19:59:53,363 BTPWorkerThread-1383 (_rx_task) root DEBUG iutctl_common.py          139   read                      : Read 20 bytes data
2026-09-16 19:59:53,364 BTPWorkerThread-1383 (_rx_task) root DEBUG iutctl_common.py          154   read                      : Received data: {'e0 cd 83 06 dc 1b 00 b2 03 1f 00 1e 09 41 32 44 50 20 53 6f 75 72 63 65 20 30 30 3a 31 42 3a 44 43 3a 30 36 3a 38 33 3a 43 44'}, bytearray(b'\xe0\xcd\x83\x06\xdc\x1b\x00\xb2\x03\x1f\x00\x1e\tA2DP Source 00:1B:DC:06:83:CD')
2026-09-16 19:59:53,364 BTPWorkerThread-1383 (_rx_task) root DEBUG btp.py                    700   event_handler             : Header(svc_id=1, op=129, ctrl_index=0, data_len=42) (b'\xe0\xcd\x83\x06\xdc\x1b\x00\xb2\x03\x1f\x00\x1e\tA2DP Source 00:1B:DC:06:83:CD',)
2026-09-16 19:59:53,364 BTPWorkerThread-1383 (_rx_task) root DEBUG gap.py                    191   gap_device_found_ev_      : b'\xe0\xcd\x83\x06\xdc\x1b\x00\xb2\x03\x1f\x00\x1e\tA2DP Source 00:1B:DC:06:83:CD'
2026-09-16 19:59:53,364 BTPWorkerThread-1383 (_rx_task) root DEBUG gap.py                    205   gap_device_found_ev_      : found '001bdc0683cd' type 224 eir b'\x1e\tA2DP Source 00:1B:DC:06:83:CD'
2026-09-16 19:59:53,561 BTPWorkerThread-1383 (_rx_task) root DEBUG iutctl_common.py          123   read                      : Read 5 bytes
2026-09-16 19:59:53,561 BTPWorkerThread-1383 (_rx_task) root DEBUG iutctl_common.py          131   read                      : Received: hdr: Header(svc_id=0x01, op=0x81, ctrl_index=0x00, data_len=0x1a) bytearray(b'\x01\x81\x00\x1a\x00')
2026-09-16 19:59:53,562 BTPWorkerThread-1383 (_rx_task) root DEBUG iutctl_common.py          139   read                      : Read 26 bytes data
2026-09-16 19:59:53,562 BTPWorkerThread-1383 (_rx_task) root DEBUG iutctl_common.py          154   read                      : Received data: {'e0 4e e4 08 dc 1b 00 d5 03 0f 00 0e 09 50 54 53 2d 47 41 50 2d 45 34 34 45 00'}, bytearray(b'\xe0N\xe4\x08\xdc\x1b\x00\xd5\x03\x0f\x00\x0e\tPTS-GAP-E44E\x00')
2026-09-16 19:59:53,562 BTPWorkerThread-1383 (_rx_task) root DEBUG btp.py                    700   event_handler             : Header(svc_id=1, op=129, ctrl_index=0, data_len=26) (b'\xe0N\xe4\x08\xdc\x1b\x00\xd5\x03\x0f\x00\x0e\tPTS-GAP-E44E\x00',)
2026-09-16 19:59:53,562 BTPWorkerThread-1383 (_rx_task) root DEBUG gap.py                    191   gap_device_found_ev_      : b'\xe0N\xe4\x08\xdc\x1b\x00\xd5\x03\x0f\x00\x0e\tPTS-GAP-E44E\x00'
2026-09-16 19:59:53,562 BTPWorkerThread-1383 (_rx_task) root DEBUG gap.py                    205   gap_device_found_ev_      : found '001bdc08e44e' type 224 eir b'\x0e\tPTS-GAP-E44E\x00'
2026-09-16 19:59:53,846 BTPWorkerThread-1383 (_rx_task) root DEBUG iutctl_common.py          123   read                      : Read 5 bytes
2026-09-16 19:59:53,847 BTPWorkerThread-1383 (_rx_task) root DEBUG iutctl_common.py          131   read                      : Received: hdr: Header(svc_id=0x01, op=0x81, ctrl_index=0x00, data_len=0x26) bytearray(b'\x01\x81\x00&\x00')
2026-09-16 19:59:53,847 BTPWorkerThread-1383 (_rx_task) root DEBUG iutctl_common.py          139   read                      : Read 24 bytes data
2026-09-16 19:59:53,857 BTPWorkerThread-1383 (_rx_task) root DEBUG iutctl_common.py          139   read                      : Read 14 bytes data
2026-09-16 19:59:53,857 BTPWorkerThread-1383 (_rx_task) root DEBUG iutctl_common.py          154   read                      : Received data: {'e0 53 00 4c 17 e5 44 ae 03 1b 00 09 09 4e 58 4c 36 36 35 32 38 02 0a 0c 0d 03 0c 11 0a 11 0b 11 0e 11 1f 11 1e 11'}, bytearray(b'\xe0S\x00L\x17\xe5D\xae\x03\x1b\x00\t\tNXL66528\x02\n\x0c\r\x03\x0c\x11\n\x11\x0b\x11\x0e\x11\x1f\x11\x1e\x11')
2026-09-16 19:59:53,857 BTPWorkerThread-1383 (_rx_task) root DEBUG btp.py                    700   event_handler             : Header(svc_id=1, op=129, ctrl_index=0, data_len=38) (b'\xe0S\x00L\x17\xe5D\xae\x03\x1b\x00\t\tNXL66528\x02\n\x0c\r\x03\x0c\x11\n\x11\x0b\x11\x0e\x11\x1f\x11\x1e\x11',)
2026-09-16 19:59:53,857 BTPWorkerThread-1383 (_rx_task) root DEBUG gap.py                    191   gap_device_found_ev_      : b'\xe0S\x00L\x17\xe5D\xae\x03\x1b\x00\t\tNXL66528\x02\n\x0c\r\x03\x0c\x11\n\x11\x0b\x11\x0e\x11\x1f\x11\x1e\x11'
2026-09-16 19:59:53,858 BTPWorkerThread-1383 (_rx_task) root DEBUG gap.py                    205   gap_device_found_ev_      : found '44e5174c0053' type 224 eir b'\t\tNXL66528\x02\n\x0c\r\x03\x0c\x11\n\x11\x0b\x11\x0e\x11\x1f\x11\x1e\x11'
2026-09-16 19:59:54,065 BTPWorkerThread-1383 (_rx_task) root DEBUG iutctl_common.py          123   read                      : Read 5 bytes
2026-09-16 19:59:54,065 BTPWorkerThread-1383 (_rx_task) root DEBUG iutctl_common.py          131   read                      : Received: hdr: Header(svc_id=0x01, op=0x81, ctrl_index=0x00, data_len=0x27) bytearray(b"\x01\x81\x00\'\x00")
2026-09-16 19:59:54,066 BTPWorkerThread-1383 (_rx_task) root DEBUG iutctl_common.py          139   read                      : Read 39 bytes data
2026-09-16 19:59:54,066 BTPWorkerThread-1383 (_rx_task) root DEBUG iutctl_common.py          154   read                      : Received data: {'e0 5f ae 7d 39 b3 a0 aa 03 1c 00 0a 09 53 4d 57 30 31 31 37 31 34 02 0a 0c 0d 03 0a 11 0c 11 0e 11 0b 11 1f 11 1e 11'}, bytearray(b'\xe0_\xae}9\xb3\xa0\xaa\x03\x1c\x00\n\tSMW011714\x02\n\x0c\r\x03\n\x11\x0c\x11\x0e\x11\x0b\x11\x1f\x11\x1e\x11')
2026-09-16 19:59:54,066 BTPWorkerThread-1383 (_rx_task) root DEBUG btp.py                    700   event_handler             : Header(svc_id=1, op=129, ctrl_index=0, data_len=39) (b'\xe0_\xae}9\xb3\xa0\xaa\x03\x1c\x00\n\tSMW011714\x02\n\x0c\r\x03\n\x11\x0c\x11\x0e\x11\x0b\x11\x1f\x11\x1e\x11',)
2026-09-16 19:59:54,066 BTPWorkerThread-1383 (_rx_task) root DEBUG gap.py                    191   gap_device_found_ev_      : b'\xe0_\xae}9\xb3\xa0\xaa\x03\x1c\x00\n\tSMW011714\x02\n\x0c\r\x03\n\x11\x0c\x11\x0e\x11\x0b\x11\x1f\x11\x1e\x11'
2026-09-16 19:59:54,066 BTPWorkerThread-1383 (_rx_task) root DEBUG gap.py                    205   gap_device_found_ev_      : found 'a0b3397dae5f' type 224 eir b'\n\tSMW011714\x02\n\x0c\r\x03\n\x11\x0c\x11\x0e\x11\x0b\x11\x1f\x11\x1e\x11'
2026-09-16 19:59:54,076 BTPWorkerThread-1383 (_rx_task) root DEBUG iutctl_common.py          123   read                      : Read 5 bytes
2026-09-16 19:59:54,076 BTPWorkerThread-1383 (_rx_task) root DEBUG iutctl_common.py          131   read                      : Received: hdr: Header(svc_id=0x01, op=0x81, ctrl_index=0x00, data_len=0x1a) bytearray(b'\x01\x81\x00\x1a\x00')
2026-09-16 19:59:54,076 BTPWorkerThread-1383 (_rx_task) root DEBUG iutctl_common.py          139   read                      : Read 23 bytes data
2026-09-16 19:59:54,087 BTPWorkerThread-1383 (_rx_task) root DEBUG iutctl_common.py          139   read                      : Read 3 bytes data
2026-09-16 19:59:54,087 BTPWorkerThread-1383 (_rx_task) root DEBUG iutctl_common.py          154   read                      : Received data: {'e0 4e e4 08 dc 1b 00 d0 03 0f 00 0e 09 50 54 53 2d 47 41 50 2d 45 34 34 45 00'}, bytearray(b'\xe0N\xe4\x08\xdc\x1b\x00\xd0\x03\x0f\x00\x0e\tPTS-GAP-E44E\x00')
2026-09-16 19:59:54,088 BTPWorkerThread-1383 (_rx_task) root DEBUG btp.py                    700   event_handler             : Header(svc_id=1, op=129, ctrl_index=0, data_len=26) (b'\xe0N\xe4\x08\xdc\x1b\x00\xd0\x03\x0f\x00\x0e\tPTS-GAP-E44E\x00',)
2026-09-16 19:59:54,088 BTPWorkerThread-1383 (_rx_task) root DEBUG gap.py                    191   gap_device_found_ev_      : b'\xe0N\xe4\x08\xdc\x1b\x00\xd0\x03\x0f\x00\x0e\tPTS-GAP-E44E\x00'
2026-09-16 19:59:54,088 BTPWorkerThread-1383 (_rx_task) root DEBUG gap.py                    205   gap_device_found_ev_      : found '001bdc08e44e' type 224 eir b'\x0e\tPTS-GAP-E44E\x00'
2026-09-16 19:59:54,175 BTPWorkerThread-1383 (_rx_task) root DEBUG iutctl_common.py          123   read                      : Read 5 bytes
2026-09-16 19:59:54,176 BTPWorkerThread-1383 (_rx_task) root DEBUG iutctl_common.py          131   read                      : Received: hdr: Header(svc_id=0x01, op=0x81, ctrl_index=0x00, data_len=0x1a) bytearray(b'\x01\x81\x00\x1a\x00')
2026-09-16 19:59:54,176 BTPWorkerThread-1383 (_rx_task) root DEBUG iutctl_common.py          139   read                      : Read 18 bytes data
2026-09-16 19:59:54,187 BTPWorkerThread-1383 (_rx_task) root DEBUG iutctl_common.py          139   read                      : Read 8 bytes data
2026-09-16 19:59:54,188 BTPWorkerThread-1383 (_rx_task) root DEBUG iutctl_common.py          154   read                      : Received data: {'e0 4e e4 08 dc 1b 00 d1 03 0f 00 0e 09 50 54 53 2d 47 41 50 2d 45 34 34 45 00'}, bytearray(b'\xe0N\xe4\x08\xdc\x1b\x00\xd1\x03\x0f\x00\x0e\tPTS-GAP-E44E\x00')
2026-09-16 19:59:54,188 BTPWorkerThread-1383 (_rx_task) root DEBUG btp.py                    700   event_handler             : Header(svc_id=1, op=129, ctrl_index=0, data_len=26) (b'\xe0N\xe4\x08\xdc\x1b\x00\xd1\x03\x0f\x00\x0e\tPTS-GAP-E44E\x00',)
2026-09-16 19:59:54,188 BTPWorkerThread-1383 (_rx_task) root DEBUG gap.py                    191   gap_device_found_ev_      : b'\xe0N\xe4\x08\xdc\x1b\x00\xd1\x03\x0f\x00\x0e\tPTS-GAP-E44E\x00'
2026-09-16 19:59:54,188 BTPWorkerThread-1383 (_rx_task) root DEBUG gap.py                    205   gap_device_found_ev_      : found '001bdc08e44e' type 224 eir b'\x0e\tPTS-GAP-E44E\x00'
2026-09-16 19:59:54,394 BTPWorkerThread-1383 (_rx_task) root DEBUG iutctl_common.py          123   read                      : Read 5 bytes
2026-09-16 19:59:54,394 BTPWorkerThread-1383 (_rx_task) root DEBUG iutctl_common.py          131   read                      : Received: hdr: Header(svc_id=0x01, op=0x81, ctrl_index=0x00, data_len=0x26) bytearray(b'\x01\x81\x00&\x00')
2026-09-16 19:59:54,395 BTPWorkerThread-1383 (_rx_task) root DEBUG iutctl_common.py          139   read                      : Read 38 bytes data
2026-09-16 19:59:54,395 BTPWorkerThread-1383 (_rx_task) root DEBUG iutctl_common.py          154   read                      : Received data: {'e0 53 00 4c 17 e5 44 b3 03 1b 00 09 09 4e 58 4c 36 36 35 32 38 02 0a 0c 0d 03 0c 11 0a 11 0b 11 0e 11 1f 11 1e 11'}, bytearray(b'\xe0S\x00L\x17\xe5D\xb3\x03\x1b\x00\t\tNXL66528\x02\n\x0c\r\x03\x0c\x11\n\x11\x0b\x11\x0e\x11\x1f\x11\x1e\x11')
2026-09-16 19:59:54,395 BTPWorkerThread-1383 (_rx_task) root DEBUG btp.py                    700   event_handler             : Header(svc_id=1, op=129, ctrl_index=0, data_len=38) (b'\xe0S\x00L\x17\xe5D\xb3\x03\x1b\x00\t\tNXL66528\x02\n\x0c\r\x03\x0c\x11\n\x11\x0b\x11\x0e\x11\x1f\x11\x1e\x11',)
2026-09-16 19:59:54,395 BTPWorkerThread-1383 (_rx_task) root DEBUG gap.py                    191   gap_device_found_ev_      : b'\xe0S\x00L\x17\xe5D\xb3\x03\x1b\x00\t\tNXL66528\x02\n\x0c\r\x03\x0c\x11\n\x11\x0b\x11\x0e\x11\x1f\x11\x1e\x11'
2026-09-16 19:59:54,395 BTPWorkerThread-1383 (_rx_task) root DEBUG gap.py                    205   gap_device_found_ev_      : found '44e5174c0053' type 224 eir b'\t\tNXL66528\x02\n\x0c\r\x03\x0c\x11\n\x11\x0b\x11\x0e\x11\x1f\x11\x1e\x11'
2026-09-16 19:59:54,522 LT1-thread root DEBUG gap.py                    1148  gap_stop_discovery        : 
2026-09-16 19:59:54,522 LT1-thread root DEBUG iutctl_common.py          161   send                      : 1 13 0 ''
2026-09-16 19:59:54,522 LT1-thread root DEBUG iutctl_common.py          166   send                      : sending frame '010d000000'
2026-09-16 19:59:54,522 LT1-thread root DEBUG gap.py                    1227  gap_command_rsp_succ      : 
2026-09-16 19:59:54,522 LT1-thread root DEBUG iutctl_common.py          339   read                      : 
2026-09-16 19:59:54,557 BTPWorkerThread-1383 (_rx_task) root DEBUG iutctl_common.py          123   read                      : Read 5 bytes
2026-09-16 19:59:54,567 BTPWorkerThread-1383 (_rx_task) root DEBUG iutctl_common.py          131   read                      : Received: hdr: Header(svc_id=0x01, op=0x0d, ctrl_index=0x00, data_len=0x00) bytearray(b'\x01\r\x00\x00\x00')
2026-09-16 19:59:54,573 BTPWorkerThread-1383 (_rx_task) root DEBUG iutctl_common.py          154   read                      : Received data: {''}, bytearray(b'')
2026-09-16 19:59:54,578 LT1-thread root DEBUG gap.py                    1232  gap_command_rsp_succ      : received Header(svc_id=1, op=13, ctrl_index=0, data_len=0) (b'',)
2026-09-16 19:59:54,578 LT1-thread root DEBUG gap.py                    1508  check_discovery_results   : 224 '001bdc08e44e' True None
2026-09-16 19:59:54,578 LT1-thread root DEBUG gap.py                    1517  check_discovery_results   : matching LeAdv(addr_type=224, addr='a0b3397dae5f', rssi=171, flags=3, eir=b'\n\tSMW011714\x02\n\x0c\r\x03\n\x11\x0c\x11\x0e\x11\x0b\x11\x1f\x11\x1e\x11')
2026-09-16 19:59:54,578 LT1-thread root DEBUG gap.py                    1517  check_discovery_results   : matching LeAdv(addr_type=224, addr='44e5174c0053', rssi=178, flags=3, eir=b'\t\tNXL66528\x02\n\x0c\r\x03\x0c\x11\n\x11\x0b\x11\x0e\x11\x1f\x11\x1e\x11')
2026-09-16 19:59:54,578 LT1-thread root DEBUG gap.py                    1517  check_discovery_results   : matching LeAdv(addr_type=224, addr='44e5174c0053', rssi=179, flags=3, eir=b'\t\tNXL66528\x02\n\x0c\r\x03\x0c\x11\n\x11\x0b\x11\x0e\x11\x1f\x11\x1e\x11')
2026-09-16 19:59:54,578 LT1-thread root DEBUG gap.py                    1517  check_discovery_results   : matching LeAdv(addr_type=224, addr='001bdc08e44e', rssi=209, flags=3, eir=b'\x0e\tPTS-GAP-E44E\x00')
2026-09-16 19:59:54,578 LT1-thread root DEBUG gap.py                    760   gap_connect               : None 224
2026-09-16 19:59:54,578 LT1-thread root DEBUG iutctl_common.py          161   send                      : 1 14 0 "bytearray(b'\\xe0N\\xe4\\x08\\xdc\\x1b\\x00\\x00')"
2026-09-16 19:59:54,578 LT1-thread root DEBUG iutctl_common.py          166   send                      : sending frame '010e000800e04ee408dc1b0000'
2026-09-16 19:59:54,579 LT1-thread root DEBUG iutctl_common.py          339   read                      : 
2026-09-16 19:59:54,618 BTPWorkerThread-1383 (_rx_task) root DEBUG iutctl_common.py          123   read                      : Read 5 bytes
2026-09-16 19:59:54,629 BTPWorkerThread-1383 (_rx_task) root DEBUG iutctl_common.py          131   read                      : Received: hdr: Header(svc_id=0x01, op=0x0e, ctrl_index=0x00, data_len=0x00) bytearray(b'\x01\x0e\x00\x00\x00')
2026-09-16 19:59:54,635 BTPWorkerThread-1383 (_rx_task) root DEBUG iutctl_common.py          154   read                      : Received data: {''}, bytearray(b'')
2026-09-16 19:59:57,299 BTPWorkerThread-1383 (_rx_task) root DEBUG iutctl_common.py          123   read                      : Read 5 bytes
2026-09-16 19:59:57,299 BTPWorkerThread-1383 (_rx_task) root DEBUG iutctl_common.py          131   read                      : Received: hdr: Header(svc_id=0x01, op=0x82, ctrl_index=0x00, data_len=0x0d) bytearray(b'\x01\x82\x00\r\x00')
2026-09-16 19:59:57,299 BTPWorkerThread-1383 (_rx_task) root DEBUG iutctl_common.py          139   read                      : Read 13 bytes data
2026-09-16 19:59:57,300 BTPWorkerThread-1383 (_rx_task) root DEBUG iutctl_common.py          154   read                      : Received data: {'e0 4e e4 08 dc 1b 00 00 00 00 00 00 00'}, bytearray(b'\xe0N\xe4\x08\xdc\x1b\x00\x00\x00\x00\x00\x00\x00')
2026-09-16 19:59:57,300 BTPWorkerThread-1383 (_rx_task) root DEBUG btp.py                    700   event_handler             : Header(svc_id=1, op=130, ctrl_index=0, data_len=13) (b'\xe0N\xe4\x08\xdc\x1b\x00\x00\x00\x00\x00\x00\x00',)
2026-09-16 19:59:57,300 BTPWorkerThread-1383 (_rx_task) root DEBUG gap.py                    213   gap_connected_ev_         : b'\xe0N\xe4\x08\xdc\x1b\x00\x00\x00\x00\x00\x00\x00'
2026-09-16 19:59:57,354 LT1-thread root DEBUG testcase.py               722   run_wid                   : Sending response 'OK' to wid 102 test case GAP/SEC/SEM/BV-52-C
2026-09-16 19:59:57,356 LT1-thread root DEBUG client.py                 276   get_result                : ClientCallback.get_result run_test_case
2026-09-16 19:59:57,358 LT1-callback ClientCallback.on_implicit_send INFO client.py                 223   on_implicit_send          : 
    ********************
    BEGIN OnImplicitSend:
    project_name: GAP
    wid: 108
    test_case_name: GAP/SEC/SEM/BV-52-C
    description: Please start the Bonding Procedure in bondable mode.
    style: MMI_Style_Ok_Cancel2 0x11141
2026-09-16 19:59:57,358 LT1-callback ClientCallback.on_implicit_send INFO client.py                 236   on_implicit_send          : Calling test cases on_implicit_send
2026-09-16 19:59:57,358 LT1-callback ClientCallback.on_implicit_send INFO client.py                 249   on_implicit_send          : 
    on_implicit_send returned response: WAIT
    END OnImplicitSend
    ********************
2026-09-16 19:59:58,356 LT1-thread root DEBUG testcase.py               679   run_wid                   : GAP GAP/SEC/SEM/BV-52-C on_implicit_send
2026-09-16 19:59:58,356 LT1-thread root DEBUG gap_wid.py                26    gap_wid_hdl               : gap_wid_hdl, 108, Please start the Bonding Procedure in bondable mode., GAP/SEC/SEM/BV-52-C
2026-09-16 19:59:58,356 LT1-thread root DEBUG gap.py                    871   gap_pair                  : None 224
2026-09-16 19:59:58,356 LT1-thread root DEBUG iutctl_common.py          161   send                      : 1 17 0 "bytearray(b'\\xe0N\\xe4\\x08\\xdc\\x1b\\x00')"
2026-09-16 19:59:58,356 LT1-thread root DEBUG iutctl_common.py          166   send                      : sending frame '0111000700e04ee408dc1b00'
2026-09-16 19:59:58,357 LT1-thread root DEBUG gap.py                    1227  gap_command_rsp_succ      : 
2026-09-16 19:59:58,357 LT1-thread root DEBUG iutctl_common.py          339   read                      : 
2026-09-16 19:59:58,387 BTPWorkerThread-1383 (_rx_task) root DEBUG iutctl_common.py          123   read                      : Read 5 bytes
2026-09-16 19:59:58,398 BTPWorkerThread-1383 (_rx_task) root DEBUG iutctl_common.py          131   read                      : Received: hdr: Header(svc_id=0x01, op=0x11, ctrl_index=0x00, data_len=0x00) bytearray(b'\x01\x11\x00\x00\x00')
2026-09-16 19:59:58,398 BTPWorkerThread-1383 (_rx_task) root DEBUG iutctl_common.py          154   read                      : Received data: {''}, bytearray(b'')
2026-09-16 19:59:58,404 LT1-thread root DEBUG gap.py                    1232  gap_command_rsp_succ      : received Header(svc_id=1, op=17, ctrl_index=0, data_len=0) (b'',)
2026-09-16 20:00:00,184 BTPWorkerThread-1383 (_rx_task) root DEBUG iutctl_common.py          123   read                      : Read 5 bytes
2026-09-16 20:00:00,185 BTPWorkerThread-1383 (_rx_task) root DEBUG iutctl_common.py          131   read                      : Received: hdr: Header(svc_id=0x01, op=0x91, ctrl_index=0x00, data_len=0x09) bytearray(b'\x01\x91\x00\t\x00')
2026-09-16 20:00:00,185 BTPWorkerThread-1383 (_rx_task) root DEBUG iutctl_common.py          139   read                      : Read 9 bytes data
2026-09-16 20:00:00,185 BTPWorkerThread-1383 (_rx_task) root DEBUG iutctl_common.py          154   read                      : Received data: {'e0 4e e4 08 dc 1b 00 01 10'}, bytearray(b'\xe0N\xe4\x08\xdc\x1b\x00\x01\x10')
2026-09-16 20:00:00,185 BTPWorkerThread-1383 (_rx_task) root DEBUG btp.py                    700   event_handler             : Header(svc_id=1, op=145, ctrl_index=0, data_len=9) (b'\xe0N\xe4\x08\xdc\x1b\x00\x01\x10',)
2026-09-16 20:00:00,185 BTPWorkerThread-1383 (_rx_task) root DEBUG gap.py                    492   gap_encryption_change_ev_ : 
2026-09-16 20:00:00,185 BTPWorkerThread-1383 (_rx_task) root DEBUG gap.py                    494   gap_encryption_change_ev_ : enc change received b'\xe0N\xe4\x08\xdc\x1b\x00\x01\x10'
2026-09-16 20:00:00,185 BTPWorkerThread-1383 (_rx_task) root DEBUG gap.py                    503   gap_encryption_change_ev_ : received (224, '001bdc08e44e', 1, 16)
2026-09-16 20:00:00,185 BTPWorkerThread-1383 (_rx_task) root DEBUG iutctl_common.py          123   read                      : Read 5 bytes
2026-09-16 20:00:00,186 BTPWorkerThread-1383 (_rx_task) root DEBUG iutctl_common.py          131   read                      : Received: hdr: Header(svc_id=0x01, op=0x89, ctrl_index=0x00, data_len=0x08) bytearray(b'\x01\x89\x00\x08\x00')
2026-09-16 20:00:00,186 BTPWorkerThread-1383 (_rx_task) root DEBUG iutctl_common.py          139   read                      : Read 8 bytes data
2026-09-16 20:00:00,186 BTPWorkerThread-1383 (_rx_task) root DEBUG iutctl_common.py          154   read                      : Received data: {'e0 4e e4 08 dc 1b 00 02'}, bytearray(b'\xe0N\xe4\x08\xdc\x1b\x00\x02')
2026-09-16 20:00:00,186 BTPWorkerThread-1383 (_rx_task) root DEBUG btp.py                    700   event_handler             : Header(svc_id=1, op=137, ctrl_index=0, data_len=8) (b'\xe0N\xe4\x08\xdc\x1b\x00\x02',)
2026-09-16 20:00:00,186 BTPWorkerThread-1383 (_rx_task) root DEBUG gap.py                    298   gap_sec_level_changed_ev_ : 
2026-09-16 20:00:00,186 BTPWorkerThread-1383 (_rx_task) root DEBUG gap.py                    300   gap_sec_level_changed_ev_ : received b'\xe0N\xe4\x08\xdc\x1b\x00\x02'
2026-09-16 20:00:00,186 BTPWorkerThread-1383 (_rx_task) root DEBUG gap.py                    311   gap_sec_level_changed_ev_ : received (224, '001bdc08e44e', 2)
2026-09-16 20:00:03,406 EventTimerThread-1401 root ERROR common.py                 44    timeout_cb                : Timeout after 5 seconds while waiting for event <threading.Event at 0x2a769f48470: set> with condition             wait_for_event(timeout, lambda: self.passkey.data)

2026-09-16 20:00:03,429 LT1-thread root DEBUG testcase.py               722   run_wid                   : Sending response 'OK' to wid 108 test case GAP/SEC/SEM/BV-52-C
2026-09-16 20:00:03,431 LT1-thread root DEBUG client.py                 276   get_result                : ClientCallback.get_result run_test_case
2026-09-16 20:00:03,434 LT1-callback ClientCallback.on_implicit_send INFO client.py                 223   on_implicit_send          : 
    ********************
    BEGIN OnImplicitSend:
    project_name: GAP
    wid: 77
    test_case_name: GAP/SEC/SEM/BV-52-C
    description: Please send a disconnect request to terminate connection.
    style: MMI_Style_Ok_Cancel2 0x11141
2026-09-16 20:00:03,434 LT1-callback ClientCallback.on_implicit_send INFO client.py                 236   on_implicit_send          : Calling test cases on_implicit_send
2026-09-16 20:00:03,434 LT1-callback ClientCallback.on_implicit_send INFO client.py                 249   on_implicit_send          : 
    on_implicit_send returned response: WAIT
    END OnImplicitSend
    ********************
2026-09-16 20:00:04,432 LT1-thread root DEBUG testcase.py               679   run_wid                   : GAP GAP/SEC/SEM/BV-52-C on_implicit_send
2026-09-16 20:00:04,432 LT1-thread root DEBUG gap_wid.py                26    gap_wid_hdl               : gap_wid_hdl, 77, Please send a disconnect request to terminate connection., GAP/SEC/SEM/BV-52-C
2026-09-16 20:00:04,432 LT1-thread root DEBUG gap.py                    832   gap_disconnect            : None 224
2026-09-16 20:00:04,432 LT1-thread root DEBUG iutctl_common.py          161   send                      : 1 15 0 "bytearray(b'\\xe0N\\xe4\\x08\\xdc\\x1b\\x00')"
2026-09-16 20:00:04,432 LT1-thread root DEBUG iutctl_common.py          166   send                      : sending frame '010f000700e04ee408dc1b00'
2026-09-16 20:00:04,433 LT1-thread root DEBUG iutctl_common.py          339   read                      : 
2026-09-16 20:00:04,473 BTPWorkerThread-1383 (_rx_task) root DEBUG iutctl_common.py          123   read                      : Read 5 bytes
2026-09-16 20:00:04,484 BTPWorkerThread-1383 (_rx_task) root DEBUG iutctl_common.py          131   read                      : Received: hdr: Header(svc_id=0x01, op=0x0f, ctrl_index=0x00, data_len=0x00) bytearray(b'\x01\x0f\x00\x00\x00')
2026-09-16 20:00:04,496 BTPWorkerThread-1383 (_rx_task) root DEBUG iutctl_common.py          154   read                      : Received data: {''}, bytearray(b'')
2026-09-16 20:00:04,496 BTPWorkerThread-1383 (_rx_task) root DEBUG iutctl_common.py          123   read                      : Read 5 bytes
2026-09-16 20:00:04,497 BTPWorkerThread-1383 (_rx_task) root DEBUG iutctl_common.py          131   read                      : Received: hdr: Header(svc_id=0x01, op=0x83, ctrl_index=0x00, data_len=0x07) bytearray(b'\x01\x83\x00\x07\x00')
2026-09-16 20:00:04,497 BTPWorkerThread-1383 (_rx_task) root DEBUG iutctl_common.py          139   read                      : Read 7 bytes data
2026-09-16 20:00:04,498 BTPWorkerThread-1383 (_rx_task) root DEBUG iutctl_common.py          154   read                      : Received data: {'e0 4e e4 08 dc 1b 00'}, bytearray(b'\xe0N\xe4\x08\xdc\x1b\x00')
2026-09-16 20:00:04,498 BTPWorkerThread-1383 (_rx_task) root DEBUG btp.py                    700   event_handler             : Header(svc_id=1, op=131, ctrl_index=0, data_len=7) (b'\xe0N\xe4\x08\xdc\x1b\x00',)
2026-09-16 20:00:04,498 BTPWorkerThread-1383 (_rx_task) root DEBUG gap.py                    226   gap_disconnected_ev_      : b'\xe0N\xe4\x08\xdc\x1b\x00'
2026-09-16 20:00:04,598 LT1-thread root DEBUG testcase.py               722   run_wid                   : Sending response 'OK' to wid 77 test case GAP/SEC/SEM/BV-52-C
2026-09-16 20:00:04,601 LT1-thread root DEBUG client.py                 276   get_result                : ClientCallback.get_result run_test_case
2026-09-16 20:00:06,650 LT1-callback ClientCallback.on_implicit_send INFO client.py                 223   on_implicit_send          : 
    ********************
    BEGIN OnImplicitSend:
    project_name: GAP
    wid: 102
    test_case_name: GAP/SEC/SEM/BV-52-C
    description: Please send an HCI connect request to establish a basic rate connection after the IUT discovers the Lower Tester over BR and LE.
    style: MMI_Style_Ok_Cancel2 0x11141
2026-09-16 20:00:06,651 LT1-callback ClientCallback.on_implicit_send INFO client.py                 236   on_implicit_send          : Calling test cases on_implicit_send
2026-09-16 20:00:06,651 LT1-callback ClientCallback.on_implicit_send INFO client.py                 249   on_implicit_send          : 
    on_implicit_send returned response: WAIT
    END OnImplicitSend
    ********************
2026-09-16 20:00:07,602 LT1-thread root DEBUG testcase.py               679   run_wid                   : GAP GAP/SEC/SEM/BV-52-C on_implicit_send
2026-09-16 20:00:07,602 LT1-thread root DEBUG gap_wid.py                26    gap_wid_hdl               : gap_wid_hdl, 102, Please send an HCI connect request to establish a basic rate connection after the IUT discovers the Lower Tester over BR and LE., GAP/SEC/SEM/BV-52-C
2026-09-16 20:00:07,602 LT1-thread root DEBUG gap.py                    1120  gap_start_discovery       : 
2026-09-16 20:00:07,602 LT1-thread root DEBUG iutctl_common.py          161   send                      : 1 12 0 '\x02'
2026-09-16 20:00:07,602 LT1-thread root DEBUG iutctl_common.py          166   send                      : sending frame '010c00010002'
2026-09-16 20:00:07,602 LT1-thread root DEBUG gap.py                    1227  gap_command_rsp_succ      : 
2026-09-16 20:00:07,603 LT1-thread root DEBUG iutctl_common.py          339   read                      : 
2026-09-16 20:00:07,641 BTPWorkerThread-1383 (_rx_task) root DEBUG iutctl_common.py          123   read                      : Read 5 bytes
2026-09-16 20:00:07,651 BTPWorkerThread-1383 (_rx_task) root DEBUG iutctl_common.py          131   read                      : Received: hdr: Header(svc_id=0x01, op=0x0c, ctrl_index=0x00, data_len=0x00) bytearray(b'\x01\x0c\x00\x00\x00')
2026-09-16 20:00:07,661 BTPWorkerThread-1383 (_rx_task) root DEBUG iutctl_common.py          154   read                      : Received data: {''}, bytearray(b'')
2026-09-16 20:00:07,678 LT1-thread root DEBUG gap.py                    1232  gap_command_rsp_succ      : received Header(svc_id=1, op=12, ctrl_index=0, data_len=0) (b'',)
2026-09-16 20:00:07,678 BTPWorkerThread-1383 (_rx_task) root DEBUG iutctl_common.py          123   read                      : Read 5 bytes
2026-09-16 20:00:07,679 BTPWorkerThread-1383 (_rx_task) root DEBUG iutctl_common.py          131   read                      : Received: hdr: Header(svc_id=0x01, op=0x81, ctrl_index=0x00, data_len=0x26) bytearray(b'\x01\x81\x00&\x00')
2026-09-16 20:00:07,679 BTPWorkerThread-1383 (_rx_task) root DEBUG iutctl_common.py          139   read                      : Read 38 bytes data
2026-09-16 20:00:07,679 BTPWorkerThread-1383 (_rx_task) root DEBUG iutctl_common.py          154   read                      : Received data: {'e0 53 00 4c 17 e5 44 a8 03 1b 00 09 09 4e 58 4c 36 36 35 32 38 02 0a 0c 0d 03 0c 11 0a 11 0b 11 0e 11 1f 11 1e 11'}, bytearray(b'\xe0S\x00L\x17\xe5D\xa8\x03\x1b\x00\t\tNXL66528\x02\n\x0c\r\x03\x0c\x11\n\x11\x0b\x11\x0e\x11\x1f\x11\x1e\x11')
2026-09-16 20:00:07,679 BTPWorkerThread-1383 (_rx_task) root DEBUG btp.py                    700   event_handler             : Header(svc_id=1, op=129, ctrl_index=0, data_len=38) (b'\xe0S\x00L\x17\xe5D\xa8\x03\x1b\x00\t\tNXL66528\x02\n\x0c\r\x03\x0c\x11\n\x11\x0b\x11\x0e\x11\x1f\x11\x1e\x11',)
2026-09-16 20:00:07,679 BTPWorkerThread-1383 (_rx_task) root DEBUG gap.py                    191   gap_device_found_ev_      : b'\xe0S\x00L\x17\xe5D\xa8\x03\x1b\x00\t\tNXL66528\x02\n\x0c\r\x03\x0c\x11\n\x11\x0b\x11\x0e\x11\x1f\x11\x1e\x11'
2026-09-16 20:00:07,679 BTPWorkerThread-1383 (_rx_task) root DEBUG gap.py                    205   gap_device_found_ev_      : found '44e5174c0053' type 224 eir b'\t\tNXL66528\x02\n\x0c\r\x03\x0c\x11\n\x11\x0b\x11\x0e\x11\x1f\x11\x1e\x11'
2026-09-16 20:00:08,215 BTPWorkerThread-1383 (_rx_task) root DEBUG iutctl_common.py          123   read                      : Read 5 bytes
2026-09-16 20:00:08,215 BTPWorkerThread-1383 (_rx_task) root DEBUG iutctl_common.py          131   read                      : Received: hdr: Header(svc_id=0x01, op=0x81, ctrl_index=0x00, data_len=0x2a) bytearray(b'\x01\x81\x00*\x00')
2026-09-16 20:00:08,215 BTPWorkerThread-1383 (_rx_task) root DEBUG iutctl_common.py          139   read                      : Read 18 bytes data
2026-09-16 20:00:08,226 BTPWorkerThread-1383 (_rx_task) root DEBUG iutctl_common.py          139   read                      : Read 24 bytes data
2026-09-16 20:00:08,227 BTPWorkerThread-1383 (_rx_task) root DEBUG iutctl_common.py          154   read                      : Received data: {'e0 4d 65 9b 70 f3 5c a3 03 1f 00 1e 09 48 46 50 20 41 47 20 44 65 6d 6f 20 35 43 3a 46 33 3a 37 30 3a 39 42 3a 36 35 3a 34 44'}, bytearray(b'\xe0Me\x9bp\xf3\\\xa3\x03\x1f\x00\x1e\tHFP AG Demo 5C:F3:70:9B:65:4D')
2026-09-16 20:00:08,227 BTPWorkerThread-1383 (_rx_task) root DEBUG btp.py                    700   event_handler             : Header(svc_id=1, op=129, ctrl_index=0, data_len=42) (b'\xe0Me\x9bp\xf3\\\xa3\x03\x1f\x00\x1e\tHFP AG Demo 5C:F3:70:9B:65:4D',)
2026-09-16 20:00:08,227 BTPWorkerThread-1383 (_rx_task) root DEBUG gap.py                    191   gap_device_found_ev_      : b'\xe0Me\x9bp\xf3\\\xa3\x03\x1f\x00\x1e\tHFP AG Demo 5C:F3:70:9B:65:4D'
2026-09-16 20:00:08,227 BTPWorkerThread-1383 (_rx_task) root DEBUG gap.py                    205   gap_device_found_ev_      : found '5cf3709b654d' type 224 eir b'\x1e\tHFP AG Demo 5C:F3:70:9B:65:4D'
2026-09-16 20:00:08,586 BTPWorkerThread-1383 (_rx_task) root DEBUG iutctl_common.py          123   read                      : Read 5 bytes
2026-09-16 20:00:08,586 BTPWorkerThread-1383 (_rx_task) root DEBUG iutctl_common.py          131   read                      : Received: hdr: Header(svc_id=0x01, op=0x81, ctrl_index=0x00, data_len=0x26) bytearray(b'\x01\x81\x00&\x00')
2026-09-16 20:00:08,586 BTPWorkerThread-1383 (_rx_task) root DEBUG iutctl_common.py          139   read                      : Read 29 bytes data
2026-09-16 20:00:08,597 BTPWorkerThread-1383 (_rx_task) root DEBUG iutctl_common.py          139   read                      : Read 9 bytes data
2026-09-16 20:00:08,597 BTPWorkerThread-1383 (_rx_task) root DEBUG iutctl_common.py          154   read                      : Received data: {'e0 53 00 4c 17 e5 44 ad 03 1b 00 09 09 4e 58 4c 36 36 35 32 38 02 0a 0c 0d 03 0c 11 0a 11 0b 11 0e 11 1f 11 1e 11'}, bytearray(b'\xe0S\x00L\x17\xe5D\xad\x03\x1b\x00\t\tNXL66528\x02\n\x0c\r\x03\x0c\x11\n\x11\x0b\x11\x0e\x11\x1f\x11\x1e\x11')
2026-09-16 20:00:08,597 BTPWorkerThread-1383 (_rx_task) root DEBUG btp.py                    700   event_handler             : Header(svc_id=1, op=129, ctrl_index=0, data_len=38) (b'\xe0S\x00L\x17\xe5D\xad\x03\x1b\x00\t\tNXL66528\x02\n\x0c\r\x03\x0c\x11\n\x11\x0b\x11\x0e\x11\x1f\x11\x1e\x11',)
2026-09-16 20:00:08,597 BTPWorkerThread-1383 (_rx_task) root DEBUG gap.py                    191   gap_device_found_ev_      : b'\xe0S\x00L\x17\xe5D\xad\x03\x1b\x00\t\tNXL66528\x02\n\x0c\r\x03\x0c\x11\n\x11\x0b\x11\x0e\x11\x1f\x11\x1e\x11'
2026-09-16 20:00:08,597 BTPWorkerThread-1383 (_rx_task) root DEBUG gap.py                    205   gap_device_found_ev_      : found '44e5174c0053' type 224 eir b'\t\tNXL66528\x02\n\x0c\r\x03\x0c\x11\n\x11\x0b\x11\x0e\x11\x1f\x11\x1e\x11'
2026-09-16 20:00:08,890 BTPWorkerThread-1383 (_rx_task) root DEBUG iutctl_common.py          123   read                      : Read 5 bytes
2026-09-16 20:00:08,890 BTPWorkerThread-1383 (_rx_task) root DEBUG iutctl_common.py          131   read                      : Received: hdr: Header(svc_id=0x01, op=0x81, ctrl_index=0x00, data_len=0x2a) bytearray(b'\x01\x81\x00*\x00')
2026-09-16 20:00:08,891 BTPWorkerThread-1383 (_rx_task) root DEBUG iutctl_common.py          139   read                      : Read 10 bytes data
2026-09-16 20:00:08,901 BTPWorkerThread-1383 (_rx_task) root DEBUG iutctl_common.py          139   read                      : Read 32 bytes data
2026-09-16 20:00:08,902 BTPWorkerThread-1383 (_rx_task) root DEBUG iutctl_common.py          154   read                      : Received data: {'e0 cd 83 06 dc 1b 00 b1 03 1f 00 1e 09 41 32 44 50 20 53 6f 75 72 63 65 20 30 30 3a 31 42 3a 44 43 3a 30 36 3a 38 33 3a 43 44'}, bytearray(b'\xe0\xcd\x83\x06\xdc\x1b\x00\xb1\x03\x1f\x00\x1e\tA2DP Source 00:1B:DC:06:83:CD')
2026-09-16 20:00:08,902 BTPWorkerThread-1383 (_rx_task) root DEBUG btp.py                    700   event_handler             : Header(svc_id=1, op=129, ctrl_index=0, data_len=42) (b'\xe0\xcd\x83\x06\xdc\x1b\x00\xb1\x03\x1f\x00\x1e\tA2DP Source 00:1B:DC:06:83:CD',)
2026-09-16 20:00:08,902 BTPWorkerThread-1383 (_rx_task) root DEBUG gap.py                    191   gap_device_found_ev_      : b'\xe0\xcd\x83\x06\xdc\x1b\x00\xb1\x03\x1f\x00\x1e\tA2DP Source 00:1B:DC:06:83:CD'
2026-09-16 20:00:08,902 BTPWorkerThread-1383 (_rx_task) root DEBUG gap.py                    205   gap_device_found_ev_      : found '001bdc0683cd' type 224 eir b'\x1e\tA2DP Source 00:1B:DC:06:83:CD'
2026-09-16 20:00:09,042 BTPWorkerThread-1383 (_rx_task) root DEBUG iutctl_common.py          123   read                      : Read 5 bytes
2026-09-16 20:00:09,043 BTPWorkerThread-1383 (_rx_task) root DEBUG iutctl_common.py          131   read                      : Received: hdr: Header(svc_id=0x01, op=0x81, ctrl_index=0x00, data_len=0x26) bytearray(b'\x01\x81\x00&\x00')
2026-09-16 20:00:09,043 BTPWorkerThread-1383 (_rx_task) root DEBUG iutctl_common.py          139   read                      : Read 38 bytes data
2026-09-16 20:00:09,043 BTPWorkerThread-1383 (_rx_task) root DEBUG iutctl_common.py          154   read                      : Received data: {'e0 53 00 4c 17 e5 44 b3 03 1b 00 09 09 4e 58 4c 36 36 35 32 38 02 0a 0c 0d 03 0c 11 0a 11 0b 11 0e 11 1f 11 1e 11'}, bytearray(b'\xe0S\x00L\x17\xe5D\xb3\x03\x1b\x00\t\tNXL66528\x02\n\x0c\r\x03\x0c\x11\n\x11\x0b\x11\x0e\x11\x1f\x11\x1e\x11')
2026-09-16 20:00:09,043 BTPWorkerThread-1383 (_rx_task) root DEBUG btp.py                    700   event_handler             : Header(svc_id=1, op=129, ctrl_index=0, data_len=38) (b'\xe0S\x00L\x17\xe5D\xb3\x03\x1b\x00\t\tNXL66528\x02\n\x0c\r\x03\x0c\x11\n\x11\x0b\x11\x0e\x11\x1f\x11\x1e\x11',)
2026-09-16 20:00:09,043 BTPWorkerThread-1383 (_rx_task) root DEBUG gap.py                    191   gap_device_found_ev_      : b'\xe0S\x00L\x17\xe5D\xb3\x03\x1b\x00\t\tNXL66528\x02\n\x0c\r\x03\x0c\x11\n\x11\x0b\x11\x0e\x11\x1f\x11\x1e\x11'
2026-09-16 20:00:09,043 BTPWorkerThread-1383 (_rx_task) root DEBUG gap.py                    205   gap_device_found_ev_      : found '44e5174c0053' type 224 eir b'\t\tNXL66528\x02\n\x0c\r\x03\x0c\x11\n\x11\x0b\x11\x0e\x11\x1f\x11\x1e\x11'
2026-09-16 20:00:09,195 BTPWorkerThread-1383 (_rx_task) root DEBUG iutctl_common.py          123   read                      : Read 5 bytes
2026-09-16 20:00:09,195 BTPWorkerThread-1383 (_rx_task) root DEBUG iutctl_common.py          131   read                      : Received: hdr: Header(svc_id=0x01, op=0x81, ctrl_index=0x00, data_len=0x2a) bytearray(b'\x01\x81\x00*\x00')
2026-09-16 20:00:09,195 BTPWorkerThread-1383 (_rx_task) root DEBUG iutctl_common.py          139   read                      : Read 42 bytes data
2026-09-16 20:00:09,195 BTPWorkerThread-1383 (_rx_task) root DEBUG iutctl_common.py          154   read                      : Received data: {'e0 cd 83 06 dc 1b 00 ad 03 1f 00 1e 09 41 32 44 50 20 53 6f 75 72 63 65 20 30 30 3a 31 42 3a 44 43 3a 30 36 3a 38 33 3a 43 44'}, bytearray(b'\xe0\xcd\x83\x06\xdc\x1b\x00\xad\x03\x1f\x00\x1e\tA2DP Source 00:1B:DC:06:83:CD')
2026-09-16 20:00:09,195 BTPWorkerThread-1383 (_rx_task) root DEBUG btp.py                    700   event_handler             : Header(svc_id=1, op=129, ctrl_index=0, data_len=42) (b'\xe0\xcd\x83\x06\xdc\x1b\x00\xad\x03\x1f\x00\x1e\tA2DP Source 00:1B:DC:06:83:CD',)
2026-09-16 20:00:09,195 BTPWorkerThread-1383 (_rx_task) root DEBUG gap.py                    191   gap_device_found_ev_      : b'\xe0\xcd\x83\x06\xdc\x1b\x00\xad\x03\x1f\x00\x1e\tA2DP Source 00:1B:DC:06:83:CD'
2026-09-16 20:00:09,195 BTPWorkerThread-1383 (_rx_task) root DEBUG gap.py                    205   gap_device_found_ev_      : found '001bdc0683cd' type 224 eir b'\x1e\tA2DP Source 00:1B:DC:06:83:CD'
2026-09-16 20:00:09,216 BTPWorkerThread-1383 (_rx_task) root DEBUG iutctl_common.py          123   read                      : Read 5 bytes
2026-09-16 20:00:09,217 BTPWorkerThread-1383 (_rx_task) root DEBUG iutctl_common.py          131   read                      : Received: hdr: Header(svc_id=0x01, op=0x81, ctrl_index=0x00, data_len=0x1a) bytearray(b'\x01\x81\x00\x1a\x00')
2026-09-16 20:00:09,217 BTPWorkerThread-1383 (_rx_task) root DEBUG iutctl_common.py          139   read                      : Read 26 bytes data
2026-09-16 20:00:09,217 BTPWorkerThread-1383 (_rx_task) root DEBUG iutctl_common.py          154   read                      : Received data: {'e0 4e e4 08 dc 1b 00 d4 03 0f 00 0e 09 50 54 53 2d 47 41 50 2d 45 34 34 45 00'}, bytearray(b'\xe0N\xe4\x08\xdc\x1b\x00\xd4\x03\x0f\x00\x0e\tPTS-GAP-E44E\x00')
2026-09-16 20:00:09,217 BTPWorkerThread-1383 (_rx_task) root DEBUG btp.py                    700   event_handler             : Header(svc_id=1, op=129, ctrl_index=0, data_len=26) (b'\xe0N\xe4\x08\xdc\x1b\x00\xd4\x03\x0f\x00\x0e\tPTS-GAP-E44E\x00',)
2026-09-16 20:00:09,217 BTPWorkerThread-1383 (_rx_task) root DEBUG gap.py                    191   gap_device_found_ev_      : b'\xe0N\xe4\x08\xdc\x1b\x00\xd4\x03\x0f\x00\x0e\tPTS-GAP-E44E\x00'
2026-09-16 20:00:09,217 BTPWorkerThread-1383 (_rx_task) root DEBUG gap.py                    205   gap_device_found_ev_      : found '001bdc08e44e' type 224 eir b'\x0e\tPTS-GAP-E44E\x00'
2026-09-16 20:00:09,283 BTPWorkerThread-1383 (_rx_task) root DEBUG iutctl_common.py          123   read                      : Read 5 bytes
2026-09-16 20:00:09,283 BTPWorkerThread-1383 (_rx_task) root DEBUG iutctl_common.py          131   read                      : Received: hdr: Header(svc_id=0x01, op=0x81, ctrl_index=0x00, data_len=0x26) bytearray(b'\x01\x81\x00&\x00')
2026-09-16 20:00:09,283 BTPWorkerThread-1383 (_rx_task) root DEBUG iutctl_common.py          139   read                      : Read 38 bytes data
2026-09-16 20:00:09,283 BTPWorkerThread-1383 (_rx_task) root DEBUG iutctl_common.py          154   read                      : Received data: {'e0 53 00 4c 17 e5 44 b4 03 1b 00 09 09 4e 58 4c 36 36 35 32 38 02 0a 0c 0d 03 0c 11 0a 11 0b 11 0e 11 1f 11 1e 11'}, bytearray(b'\xe0S\x00L\x17\xe5D\xb4\x03\x1b\x00\t\tNXL66528\x02\n\x0c\r\x03\x0c\x11\n\x11\x0b\x11\x0e\x11\x1f\x11\x1e\x11')
2026-09-16 20:00:09,283 BTPWorkerThread-1383 (_rx_task) root DEBUG btp.py                    700   event_handler             : Header(svc_id=1, op=129, ctrl_index=0, data_len=38) (b'\xe0S\x00L\x17\xe5D\xb4\x03\x1b\x00\t\tNXL66528\x02\n\x0c\r\x03\x0c\x11\n\x11\x0b\x11\x0e\x11\x1f\x11\x1e\x11',)
2026-09-16 20:00:09,283 BTPWorkerThread-1383 (_rx_task) root DEBUG gap.py                    191   gap_device_found_ev_      : b'\xe0S\x00L\x17\xe5D\xb4\x03\x1b\x00\t\tNXL66528\x02\n\x0c\r\x03\x0c\x11\n\x11\x0b\x11\x0e\x11\x1f\x11\x1e\x11'
2026-09-16 20:00:09,283 BTPWorkerThread-1383 (_rx_task) root DEBUG gap.py                    205   gap_device_found_ev_      : found '44e5174c0053' type 224 eir b'\t\tNXL66528\x02\n\x0c\r\x03\x0c\x11\n\x11\x0b\x11\x0e\x11\x1f\x11\x1e\x11'
2026-09-16 20:00:09,327 BTPWorkerThread-1383 (_rx_task) root DEBUG iutctl_common.py          123   read                      : Read 5 bytes
2026-09-16 20:00:09,327 BTPWorkerThread-1383 (_rx_task) root DEBUG iutctl_common.py          131   read                      : Received: hdr: Header(svc_id=0x01, op=0x81, ctrl_index=0x00, data_len=0x26) bytearray(b'\x01\x81\x00&\x00')
2026-09-16 20:00:09,327 BTPWorkerThread-1383 (_rx_task) root DEBUG iutctl_common.py          139   read                      : Read 38 bytes data
2026-09-16 20:00:09,327 BTPWorkerThread-1383 (_rx_task) root DEBUG iutctl_common.py          154   read                      : Received data: {'e0 53 00 4c 17 e5 44 b2 03 1b 00 09 09 4e 58 4c 36 36 35 32 38 02 0a 0c 0d 03 0c 11 0a 11 0b 11 0e 11 1f 11 1e 11'}, bytearray(b'\xe0S\x00L\x17\xe5D\xb2\x03\x1b\x00\t\tNXL66528\x02\n\x0c\r\x03\x0c\x11\n\x11\x0b\x11\x0e\x11\x1f\x11\x1e\x11')
2026-09-16 20:00:09,327 BTPWorkerThread-1383 (_rx_task) root DEBUG btp.py                    700   event_handler             : Header(svc_id=1, op=129, ctrl_index=0, data_len=38) (b'\xe0S\x00L\x17\xe5D\xb2\x03\x1b\x00\t\tNXL66528\x02\n\x0c\r\x03\x0c\x11\n\x11\x0b\x11\x0e\x11\x1f\x11\x1e\x11',)
2026-09-16 20:00:09,327 BTPWorkerThread-1383 (_rx_task) root DEBUG gap.py                    191   gap_device_found_ev_      : b'\xe0S\x00L\x17\xe5D\xb2\x03\x1b\x00\t\tNXL66528\x02\n\x0c\r\x03\x0c\x11\n\x11\x0b\x11\x0e\x11\x1f\x11\x1e\x11'
2026-09-16 20:00:09,327 BTPWorkerThread-1383 (_rx_task) root DEBUG gap.py                    205   gap_device_found_ev_      : found '44e5174c0053' type 224 eir b'\t\tNXL66528\x02\n\x0c\r\x03\x0c\x11\n\x11\x0b\x11\x0e\x11\x1f\x11\x1e\x11'
2026-09-16 20:00:09,382 BTPWorkerThread-1383 (_rx_task) root DEBUG iutctl_common.py          123   read                      : Read 5 bytes
2026-09-16 20:00:09,382 BTPWorkerThread-1383 (_rx_task) root DEBUG iutctl_common.py          131   read                      : Received: hdr: Header(svc_id=0x01, op=0x81, ctrl_index=0x00, data_len=0x0b) bytearray(b'\x01\x81\x00\x0b\x00')
2026-09-16 20:00:09,382 BTPWorkerThread-1383 (_rx_task) root DEBUG iutctl_common.py          139   read                      : Read 11 bytes data
2026-09-16 20:00:09,382 BTPWorkerThread-1383 (_rx_task) root DEBUG iutctl_common.py          154   read                      : Received data: {'e0 cd 83 06 dc 1b 00 a2 03 00 00'}, bytearray(b'\xe0\xcd\x83\x06\xdc\x1b\x00\xa2\x03\x00\x00')
2026-09-16 20:00:09,382 BTPWorkerThread-1383 (_rx_task) root DEBUG btp.py                    700   event_handler             : Header(svc_id=1, op=129, ctrl_index=0, data_len=11) (b'\xe0\xcd\x83\x06\xdc\x1b\x00\xa2\x03\x00\x00',)
2026-09-16 20:00:09,382 BTPWorkerThread-1383 (_rx_task) root DEBUG gap.py                    191   gap_device_found_ev_      : b'\xe0\xcd\x83\x06\xdc\x1b\x00\xa2\x03\x00\x00'
2026-09-16 20:00:09,382 BTPWorkerThread-1383 (_rx_task) root DEBUG gap.py                    205   gap_device_found_ev_      : found '001bdc0683cd' type 224 eir b''
2026-09-16 20:00:09,794 BTPWorkerThread-1383 (_rx_task) root DEBUG iutctl_common.py          123   read                      : Read 5 bytes
2026-09-16 20:00:09,795 BTPWorkerThread-1383 (_rx_task) root DEBUG iutctl_common.py          131   read                      : Received: hdr: Header(svc_id=0x01, op=0x81, ctrl_index=0x00, data_len=0x1a) bytearray(b'\x01\x81\x00\x1a\x00')
2026-09-16 20:00:09,795 BTPWorkerThread-1383 (_rx_task) root DEBUG iutctl_common.py          139   read                      : Read 26 bytes data
2026-09-16 20:00:09,795 BTPWorkerThread-1383 (_rx_task) root DEBUG iutctl_common.py          154   read                      : Received data: {'e0 4e e4 08 dc 1b 00 d5 03 0f 00 0e 09 50 54 53 2d 47 41 50 2d 45 34 34 45 00'}, bytearray(b'\xe0N\xe4\x08\xdc\x1b\x00\xd5\x03\x0f\x00\x0e\tPTS-GAP-E44E\x00')
2026-09-16 20:00:09,795 BTPWorkerThread-1383 (_rx_task) root DEBUG btp.py                    700   event_handler             : Header(svc_id=1, op=129, ctrl_index=0, data_len=26) (b'\xe0N\xe4\x08\xdc\x1b\x00\xd5\x03\x0f\x00\x0e\tPTS-GAP-E44E\x00',)
2026-09-16 20:00:09,795 BTPWorkerThread-1383 (_rx_task) root DEBUG gap.py                    191   gap_device_found_ev_      : b'\xe0N\xe4\x08\xdc\x1b\x00\xd5\x03\x0f\x00\x0e\tPTS-GAP-E44E\x00'
2026-09-16 20:00:09,795 BTPWorkerThread-1383 (_rx_task) root DEBUG gap.py                    205   gap_device_found_ev_      : found '001bdc08e44e' type 224 eir b'\x0e\tPTS-GAP-E44E\x00'
2026-09-16 20:00:09,839 BTPWorkerThread-1383 (_rx_task) root DEBUG iutctl_common.py          123   read                      : Read 5 bytes
2026-09-16 20:00:09,839 BTPWorkerThread-1383 (_rx_task) root DEBUG iutctl_common.py          131   read                      : Received: hdr: Header(svc_id=0x01, op=0x81, ctrl_index=0x00, data_len=0x2a) bytearray(b'\x01\x81\x00*\x00')
2026-09-16 20:00:09,839 BTPWorkerThread-1383 (_rx_task) root DEBUG iutctl_common.py          139   read                      : Read 42 bytes data
2026-09-16 20:00:09,839 BTPWorkerThread-1383 (_rx_task) root DEBUG iutctl_common.py          154   read                      : Received data: {'e0 cd 83 06 dc 1b 00 ac 03 1f 00 1e 09 41 32 44 50 20 53 6f 75 72 63 65 20 30 30 3a 31 42 3a 44 43 3a 30 36 3a 38 33 3a 43 44'}, bytearray(b'\xe0\xcd\x83\x06\xdc\x1b\x00\xac\x03\x1f\x00\x1e\tA2DP Source 00:1B:DC:06:83:CD')
2026-09-16 20:00:09,839 BTPWorkerThread-1383 (_rx_task) root DEBUG btp.py                    700   event_handler             : Header(svc_id=1, op=129, ctrl_index=0, data_len=42) (b'\xe0\xcd\x83\x06\xdc\x1b\x00\xac\x03\x1f\x00\x1e\tA2DP Source 00:1B:DC:06:83:CD',)
2026-09-16 20:00:09,839 BTPWorkerThread-1383 (_rx_task) root DEBUG gap.py                    191   gap_device_found_ev_      : b'\xe0\xcd\x83\x06\xdc\x1b\x00\xac\x03\x1f\x00\x1e\tA2DP Source 00:1B:DC:06:83:CD'
2026-09-16 20:00:09,839 BTPWorkerThread-1383 (_rx_task) root DEBUG gap.py                    205   gap_device_found_ev_      : found '001bdc0683cd' type 224 eir b'\x1e\tA2DP Source 00:1B:DC:06:83:CD'
2026-09-16 20:00:09,949 BTPWorkerThread-1383 (_rx_task) root DEBUG iutctl_common.py          123   read                      : Read 5 bytes
2026-09-16 20:00:09,949 BTPWorkerThread-1383 (_rx_task) root DEBUG iutctl_common.py          131   read                      : Received: hdr: Header(svc_id=0x01, op=0x81, ctrl_index=0x00, data_len=0x26) bytearray(b'\x01\x81\x00&\x00')
2026-09-16 20:00:09,949 BTPWorkerThread-1383 (_rx_task) root DEBUG iutctl_common.py          139   read                      : Read 19 bytes data
2026-09-16 20:00:09,960 BTPWorkerThread-1383 (_rx_task) root DEBUG iutctl_common.py          139   read                      : Read 19 bytes data
2026-09-16 20:00:09,961 BTPWorkerThread-1383 (_rx_task) root DEBUG iutctl_common.py          154   read                      : Received data: {'e0 53 00 4c 17 e5 44 b2 03 1b 00 09 09 4e 58 4c 36 36 35 32 38 02 0a 0c 0d 03 0c 11 0a 11 0b 11 0e 11 1f 11 1e 11'}, bytearray(b'\xe0S\x00L\x17\xe5D\xb2\x03\x1b\x00\t\tNXL66528\x02\n\x0c\r\x03\x0c\x11\n\x11\x0b\x11\x0e\x11\x1f\x11\x1e\x11')
2026-09-16 20:00:09,961 BTPWorkerThread-1383 (_rx_task) root DEBUG btp.py                    700   event_handler             : Header(svc_id=1, op=129, ctrl_index=0, data_len=38) (b'\xe0S\x00L\x17\xe5D\xb2\x03\x1b\x00\t\tNXL66528\x02\n\x0c\r\x03\x0c\x11\n\x11\x0b\x11\x0e\x11\x1f\x11\x1e\x11',)
2026-09-16 20:00:09,961 BTPWorkerThread-1383 (_rx_task) root DEBUG gap.py                    191   gap_device_found_ev_      : b'\xe0S\x00L\x17\xe5D\xb2\x03\x1b\x00\t\tNXL66528\x02\n\x0c\r\x03\x0c\x11\n\x11\x0b\x11\x0e\x11\x1f\x11\x1e\x11'
2026-09-16 20:00:09,961 BTPWorkerThread-1383 (_rx_task) root DEBUG gap.py                    205   gap_device_found_ev_      : found '44e5174c0053' type 224 eir b'\t\tNXL66528\x02\n\x0c\r\x03\x0c\x11\n\x11\x0b\x11\x0e\x11\x1f\x11\x1e\x11'
2026-09-16 20:00:10,330 BTPWorkerThread-1383 (_rx_task) root DEBUG iutctl_common.py          123   read                      : Read 5 bytes
2026-09-16 20:00:10,330 BTPWorkerThread-1383 (_rx_task) root DEBUG iutctl_common.py          131   read                      : Received: hdr: Header(svc_id=0x01, op=0x81, ctrl_index=0x00, data_len=0x2a) bytearray(b'\x01\x81\x00*\x00')
2026-09-16 20:00:10,331 BTPWorkerThread-1383 (_rx_task) root DEBUG iutctl_common.py          139   read                      : Read 42 bytes data
2026-09-16 20:00:10,331 BTPWorkerThread-1383 (_rx_task) root DEBUG iutctl_common.py          154   read                      : Received data: {'e0 eb b2 06 dc 1b 00 b3 03 1f 00 1e 09 41 32 44 50 20 53 6f 75 72 63 65 20 30 30 3a 31 42 3a 44 43 3a 30 36 3a 42 32 3a 45 42'}, bytearray(b'\xe0\xeb\xb2\x06\xdc\x1b\x00\xb3\x03\x1f\x00\x1e\tA2DP Source 00:1B:DC:06:B2:EB')
2026-09-16 20:00:10,331 BTPWorkerThread-1383 (_rx_task) root DEBUG btp.py                    700   event_handler             : Header(svc_id=1, op=129, ctrl_index=0, data_len=42) (b'\xe0\xeb\xb2\x06\xdc\x1b\x00\xb3\x03\x1f\x00\x1e\tA2DP Source 00:1B:DC:06:B2:EB',)
2026-09-16 20:00:10,331 BTPWorkerThread-1383 (_rx_task) root DEBUG gap.py                    191   gap_device_found_ev_      : b'\xe0\xeb\xb2\x06\xdc\x1b\x00\xb3\x03\x1f\x00\x1e\tA2DP Source 00:1B:DC:06:B2:EB'
2026-09-16 20:00:10,331 BTPWorkerThread-1383 (_rx_task) root DEBUG gap.py                    205   gap_device_found_ev_      : found '001bdc06b2eb' type 224 eir b'\x1e\tA2DP Source 00:1B:DC:06:B2:EB'
2026-09-16 20:00:10,505 BTPWorkerThread-1383 (_rx_task) root DEBUG iutctl_common.py          123   read                      : Read 5 bytes
2026-09-16 20:00:10,506 BTPWorkerThread-1383 (_rx_task) root DEBUG iutctl_common.py          131   read                      : Received: hdr: Header(svc_id=0x01, op=0x81, ctrl_index=0x00, data_len=0x2a) bytearray(b'\x01\x81\x00*\x00')
2026-09-16 20:00:10,506 BTPWorkerThread-1383 (_rx_task) root DEBUG iutctl_common.py          139   read                      : Read 42 bytes data
2026-09-16 20:00:10,506 BTPWorkerThread-1383 (_rx_task) root DEBUG iutctl_common.py          154   read                      : Received data: {'e0 eb b2 06 dc 1b 00 ae 03 1f 00 1e 09 41 32 44 50 20 53 6f 75 72 63 65 20 30 30 3a 31 42 3a 44 43 3a 30 36 3a 42 32 3a 45 42'}, bytearray(b'\xe0\xeb\xb2\x06\xdc\x1b\x00\xae\x03\x1f\x00\x1e\tA2DP Source 00:1B:DC:06:B2:EB')
2026-09-16 20:00:10,506 BTPWorkerThread-1383 (_rx_task) root DEBUG btp.py                    700   event_handler             : Header(svc_id=1, op=129, ctrl_index=0, data_len=42) (b'\xe0\xeb\xb2\x06\xdc\x1b\x00\xae\x03\x1f\x00\x1e\tA2DP Source 00:1B:DC:06:B2:EB',)
2026-09-16 20:00:10,506 BTPWorkerThread-1383 (_rx_task) root DEBUG gap.py                    191   gap_device_found_ev_      : b'\xe0\xeb\xb2\x06\xdc\x1b\x00\xae\x03\x1f\x00\x1e\tA2DP Source 00:1B:DC:06:B2:EB'
2026-09-16 20:00:10,506 BTPWorkerThread-1383 (_rx_task) root DEBUG gap.py                    205   gap_device_found_ev_      : found '001bdc06b2eb' type 224 eir b'\x1e\tA2DP Source 00:1B:DC:06:B2:EB'
2026-09-16 20:00:11,104 BTPWorkerThread-1383 (_rx_task) root DEBUG iutctl_common.py          123   read                      : Read 5 bytes
2026-09-16 20:00:11,104 BTPWorkerThread-1383 (_rx_task) root DEBUG iutctl_common.py          131   read                      : Received: hdr: Header(svc_id=0x01, op=0x81, ctrl_index=0x00, data_len=0x2a) bytearray(b'\x01\x81\x00*\x00')
2026-09-16 20:00:11,104 BTPWorkerThread-1383 (_rx_task) root DEBUG iutctl_common.py          139   read                      : Read 42 bytes data
2026-09-16 20:00:11,105 BTPWorkerThread-1383 (_rx_task) root DEBUG iutctl_common.py          154   read                      : Received data: {'e0 eb b2 06 dc 1b 00 af 03 1f 00 1e 09 41 32 44 50 20 53 6f 75 72 63 65 20 30 30 3a 31 42 3a 44 43 3a 30 36 3a 42 32 3a 45 42'}, bytearray(b'\xe0\xeb\xb2\x06\xdc\x1b\x00\xaf\x03\x1f\x00\x1e\tA2DP Source 00:1B:DC:06:B2:EB')
2026-09-16 20:00:11,105 BTPWorkerThread-1383 (_rx_task) root DEBUG btp.py                    700   event_handler             : Header(svc_id=1, op=129, ctrl_index=0, data_len=42) (b'\xe0\xeb\xb2\x06\xdc\x1b\x00\xaf\x03\x1f\x00\x1e\tA2DP Source 00:1B:DC:06:B2:EB',)
2026-09-16 20:00:11,105 BTPWorkerThread-1383 (_rx_task) root DEBUG gap.py                    191   gap_device_found_ev_      : b'\xe0\xeb\xb2\x06\xdc\x1b\x00\xaf\x03\x1f\x00\x1e\tA2DP Source 00:1B:DC:06:B2:EB'
2026-09-16 20:00:11,105 BTPWorkerThread-1383 (_rx_task) root DEBUG gap.py                    205   gap_device_found_ev_      : found '001bdc06b2eb' type 224 eir b'\x1e\tA2DP Source 00:1B:DC:06:B2:EB'
2026-09-16 20:00:11,439 BTPWorkerThread-1383 (_rx_task) root DEBUG iutctl_common.py          123   read                      : Read 5 bytes
2026-09-16 20:00:11,440 BTPWorkerThread-1383 (_rx_task) root DEBUG iutctl_common.py          131   read                      : Received: hdr: Header(svc_id=0x01, op=0x81, ctrl_index=0x00, data_len=0x2a) bytearray(b'\x01\x81\x00*\x00')
2026-09-16 20:00:11,440 BTPWorkerThread-1383 (_rx_task) root DEBUG iutctl_common.py          139   read                      : Read 14 bytes data
2026-09-16 20:00:11,451 BTPWorkerThread-1383 (_rx_task) root DEBUG iutctl_common.py          139   read                      : Read 28 bytes data
2026-09-16 20:00:11,451 BTPWorkerThread-1383 (_rx_task) root DEBUG iutctl_common.py          154   read                      : Received data: {'e0 eb b2 06 dc 1b 00 af 03 1f 00 1e 09 41 32 44 50 20 53 6f 75 72 63 65 20 30 30 3a 31 42 3a 44 43 3a 30 36 3a 42 32 3a 45 42'}, bytearray(b'\xe0\xeb\xb2\x06\xdc\x1b\x00\xaf\x03\x1f\x00\x1e\tA2DP Source 00:1B:DC:06:B2:EB')
2026-09-16 20:00:11,451 BTPWorkerThread-1383 (_rx_task) root DEBUG btp.py                    700   event_handler             : Header(svc_id=1, op=129, ctrl_index=0, data_len=42) (b'\xe0\xeb\xb2\x06\xdc\x1b\x00\xaf\x03\x1f\x00\x1e\tA2DP Source 00:1B:DC:06:B2:EB',)
2026-09-16 20:00:11,451 BTPWorkerThread-1383 (_rx_task) root DEBUG gap.py                    191   gap_device_found_ev_      : b'\xe0\xeb\xb2\x06\xdc\x1b\x00\xaf\x03\x1f\x00\x1e\tA2DP Source 00:1B:DC:06:B2:EB'
2026-09-16 20:00:11,451 BTPWorkerThread-1383 (_rx_task) root DEBUG gap.py                    205   gap_device_found_ev_      : found '001bdc06b2eb' type 224 eir b'\x1e\tA2DP Source 00:1B:DC:06:B2:EB'
2026-09-16 20:00:11,636 BTPWorkerThread-1383 (_rx_task) root DEBUG iutctl_common.py          123   read                      : Read 5 bytes
2026-09-16 20:00:11,637 BTPWorkerThread-1383 (_rx_task) root DEBUG iutctl_common.py          131   read                      : Received: hdr: Header(svc_id=0x01, op=0x81, ctrl_index=0x00, data_len=0x26) bytearray(b'\x01\x81\x00&\x00')
2026-09-16 20:00:11,637 BTPWorkerThread-1383 (_rx_task) root DEBUG iutctl_common.py          139   read                      : Read 38 bytes data
2026-09-16 20:00:11,637 BTPWorkerThread-1383 (_rx_task) root DEBUG iutctl_common.py          154   read                      : Received data: {'e0 53 00 4c 17 e5 44 ae 03 1b 00 09 09 4e 58 4c 36 36 35 32 38 02 0a 0c 0d 03 0c 11 0a 11 0b 11 0e 11 1f 11 1e 11'}, bytearray(b'\xe0S\x00L\x17\xe5D\xae\x03\x1b\x00\t\tNXL66528\x02\n\x0c\r\x03\x0c\x11\n\x11\x0b\x11\x0e\x11\x1f\x11\x1e\x11')
2026-09-16 20:00:11,637 BTPWorkerThread-1383 (_rx_task) root DEBUG btp.py                    700   event_handler             : Header(svc_id=1, op=129, ctrl_index=0, data_len=38) (b'\xe0S\x00L\x17\xe5D\xae\x03\x1b\x00\t\tNXL66528\x02\n\x0c\r\x03\x0c\x11\n\x11\x0b\x11\x0e\x11\x1f\x11\x1e\x11',)
2026-09-16 20:00:11,637 BTPWorkerThread-1383 (_rx_task) root DEBUG gap.py                    191   gap_device_found_ev_      : b'\xe0S\x00L\x17\xe5D\xae\x03\x1b\x00\t\tNXL66528\x02\n\x0c\r\x03\x0c\x11\n\x11\x0b\x11\x0e\x11\x1f\x11\x1e\x11'
2026-09-16 20:00:11,637 BTPWorkerThread-1383 (_rx_task) root DEBUG gap.py                    205   gap_device_found_ev_      : found '44e5174c0053' type 224 eir b'\t\tNXL66528\x02\n\x0c\r\x03\x0c\x11\n\x11\x0b\x11\x0e\x11\x1f\x11\x1e\x11'
2026-09-16 20:00:11,777 BTPWorkerThread-1383 (_rx_task) root DEBUG iutctl_common.py          123   read                      : Read 5 bytes
2026-09-16 20:00:11,777 BTPWorkerThread-1383 (_rx_task) root DEBUG iutctl_common.py          131   read                      : Received: hdr: Header(svc_id=0x01, op=0x81, ctrl_index=0x00, data_len=0x2a) bytearray(b'\x01\x81\x00*\x00')
2026-09-16 20:00:11,778 BTPWorkerThread-1383 (_rx_task) root DEBUG iutctl_common.py          139   read                      : Read 42 bytes data
2026-09-16 20:00:11,778 BTPWorkerThread-1383 (_rx_task) root DEBUG iutctl_common.py          154   read                      : Received data: {'e0 eb b2 06 dc 1b 00 a8 03 1f 00 1e 09 41 32 44 50 20 53 6f 75 72 63 65 20 30 30 3a 31 42 3a 44 43 3a 30 36 3a 42 32 3a 45 42'}, bytearray(b'\xe0\xeb\xb2\x06\xdc\x1b\x00\xa8\x03\x1f\x00\x1e\tA2DP Source 00:1B:DC:06:B2:EB')
2026-09-16 20:00:11,778 BTPWorkerThread-1383 (_rx_task) root DEBUG btp.py                    700   event_handler             : Header(svc_id=1, op=129, ctrl_index=0, data_len=42) (b'\xe0\xeb\xb2\x06\xdc\x1b\x00\xa8\x03\x1f\x00\x1e\tA2DP Source 00:1B:DC:06:B2:EB',)
2026-09-16 20:00:11,778 BTPWorkerThread-1383 (_rx_task) root DEBUG gap.py                    191   gap_device_found_ev_      : b'\xe0\xeb\xb2\x06\xdc\x1b\x00\xa8\x03\x1f\x00\x1e\tA2DP Source 00:1B:DC:06:B2:EB'
2026-09-16 20:00:11,778 BTPWorkerThread-1383 (_rx_task) root DEBUG gap.py                    205   gap_device_found_ev_      : found '001bdc06b2eb' type 224 eir b'\x1e\tA2DP Source 00:1B:DC:06:B2:EB'
2026-09-16 20:00:11,832 BTPWorkerThread-1383 (_rx_task) root DEBUG iutctl_common.py          123   read                      : Read 5 bytes
2026-09-16 20:00:11,832 BTPWorkerThread-1383 (_rx_task) root DEBUG iutctl_common.py          131   read                      : Received: hdr: Header(svc_id=0x01, op=0x81, ctrl_index=0x00, data_len=0x26) bytearray(b'\x01\x81\x00&\x00')
2026-09-16 20:00:11,833 BTPWorkerThread-1383 (_rx_task) root DEBUG iutctl_common.py          139   read                      : Read 13 bytes data
2026-09-16 20:00:11,843 BTPWorkerThread-1383 (_rx_task) root DEBUG iutctl_common.py          139   read                      : Read 25 bytes data
2026-09-16 20:00:11,844 BTPWorkerThread-1383 (_rx_task) root DEBUG iutctl_common.py          154   read                      : Received data: {'e0 53 00 4c 17 e5 44 a6 03 1b 00 09 09 4e 58 4c 36 36 35 32 38 02 0a 0c 0d 03 0c 11 0a 11 0b 11 0e 11 1f 11 1e 11'}, bytearray(b'\xe0S\x00L\x17\xe5D\xa6\x03\x1b\x00\t\tNXL66528\x02\n\x0c\r\x03\x0c\x11\n\x11\x0b\x11\x0e\x11\x1f\x11\x1e\x11')
2026-09-16 20:00:11,844 BTPWorkerThread-1383 (_rx_task) root DEBUG btp.py                    700   event_handler             : Header(svc_id=1, op=129, ctrl_index=0, data_len=38) (b'\xe0S\x00L\x17\xe5D\xa6\x03\x1b\x00\t\tNXL66528\x02\n\x0c\r\x03\x0c\x11\n\x11\x0b\x11\x0e\x11\x1f\x11\x1e\x11',)
2026-09-16 20:00:11,844 BTPWorkerThread-1383 (_rx_task) root DEBUG gap.py                    191   gap_device_found_ev_      : b'\xe0S\x00L\x17\xe5D\xa6\x03\x1b\x00\t\tNXL66528\x02\n\x0c\r\x03\x0c\x11\n\x11\x0b\x11\x0e\x11\x1f\x11\x1e\x11'
2026-09-16 20:00:11,844 BTPWorkerThread-1383 (_rx_task) root DEBUG gap.py                    205   gap_device_found_ev_      : found '44e5174c0053' type 224 eir b'\t\tNXL66528\x02\n\x0c\r\x03\x0c\x11\n\x11\x0b\x11\x0e\x11\x1f\x11\x1e\x11'
2026-09-16 20:00:11,962 BTPWorkerThread-1383 (_rx_task) root DEBUG iutctl_common.py          123   read                      : Read 5 bytes
2026-09-16 20:00:11,963 BTPWorkerThread-1383 (_rx_task) root DEBUG iutctl_common.py          131   read                      : Received: hdr: Header(svc_id=0x01, op=0x81, ctrl_index=0x00, data_len=0x0b) bytearray(b'\x01\x81\x00\x0b\x00')
2026-09-16 20:00:11,963 BTPWorkerThread-1383 (_rx_task) root DEBUG iutctl_common.py          139   read                      : Read 11 bytes data
2026-09-16 20:00:11,963 BTPWorkerThread-1383 (_rx_task) root DEBUG iutctl_common.py          154   read                      : Received data: {'e0 5f ae 7d 39 b3 a0 a2 03 00 00'}, bytearray(b'\xe0_\xae}9\xb3\xa0\xa2\x03\x00\x00')
2026-09-16 20:00:11,963 BTPWorkerThread-1383 (_rx_task) root DEBUG btp.py                    700   event_handler             : Header(svc_id=1, op=129, ctrl_index=0, data_len=11) (b'\xe0_\xae}9\xb3\xa0\xa2\x03\x00\x00',)
2026-09-16 20:00:11,963 BTPWorkerThread-1383 (_rx_task) root DEBUG gap.py                    191   gap_device_found_ev_      : b'\xe0_\xae}9\xb3\xa0\xa2\x03\x00\x00'
2026-09-16 20:00:11,963 BTPWorkerThread-1383 (_rx_task) root DEBUG gap.py                    205   gap_device_found_ev_      : found 'a0b3397dae5f' type 224 eir b''
2026-09-16 20:00:12,060 BTPWorkerThread-1383 (_rx_task) root DEBUG iutctl_common.py          123   read                      : Read 5 bytes
2026-09-16 20:00:12,060 BTPWorkerThread-1383 (_rx_task) root DEBUG iutctl_common.py          131   read                      : Received: hdr: Header(svc_id=0x01, op=0x81, ctrl_index=0x00, data_len=0x2a) bytearray(b'\x01\x81\x00*\x00')
2026-09-16 20:00:12,060 BTPWorkerThread-1383 (_rx_task) root DEBUG iutctl_common.py          139   read                      : Read 42 bytes data
2026-09-16 20:00:12,060 BTPWorkerThread-1383 (_rx_task) root DEBUG iutctl_common.py          154   read                      : Received data: {'e0 eb b2 06 dc 1b 00 b3 03 1f 00 1e 09 41 32 44 50 20 53 6f 75 72 63 65 20 30 30 3a 31 42 3a 44 43 3a 30 36 3a 42 32 3a 45 42'}, bytearray(b'\xe0\xeb\xb2\x06\xdc\x1b\x00\xb3\x03\x1f\x00\x1e\tA2DP Source 00:1B:DC:06:B2:EB')
2026-09-16 20:00:12,060 BTPWorkerThread-1383 (_rx_task) root DEBUG btp.py                    700   event_handler             : Header(svc_id=1, op=129, ctrl_index=0, data_len=42) (b'\xe0\xeb\xb2\x06\xdc\x1b\x00\xb3\x03\x1f\x00\x1e\tA2DP Source 00:1B:DC:06:B2:EB',)
2026-09-16 20:00:12,060 BTPWorkerThread-1383 (_rx_task) root DEBUG gap.py                    191   gap_device_found_ev_      : b'\xe0\xeb\xb2\x06\xdc\x1b\x00\xb3\x03\x1f\x00\x1e\tA2DP Source 00:1B:DC:06:B2:EB'
2026-09-16 20:00:12,060 BTPWorkerThread-1383 (_rx_task) root DEBUG gap.py                    205   gap_device_found_ev_      : found '001bdc06b2eb' type 224 eir b'\x1e\tA2DP Source 00:1B:DC:06:B2:EB'
2026-09-16 20:00:12,386 BTPWorkerThread-1383 (_rx_task) root DEBUG iutctl_common.py          123   read                      : Read 5 bytes
2026-09-16 20:00:12,386 BTPWorkerThread-1383 (_rx_task) root DEBUG iutctl_common.py          131   read                      : Received: hdr: Header(svc_id=0x01, op=0x81, ctrl_index=0x00, data_len=0x2a) bytearray(b'\x01\x81\x00*\x00')
2026-09-16 20:00:12,387 BTPWorkerThread-1383 (_rx_task) root DEBUG iutctl_common.py          139   read                      : Read 33 bytes data
2026-09-16 20:00:12,397 BTPWorkerThread-1383 (_rx_task) root DEBUG iutctl_common.py          139   read                      : Read 9 bytes data
2026-09-16 20:00:12,398 BTPWorkerThread-1383 (_rx_task) root DEBUG iutctl_common.py          154   read                      : Received data: {'e0 eb b2 06 dc 1b 00 ab 03 1f 00 1e 09 41 32 44 50 20 53 6f 75 72 63 65 20 30 30 3a 31 42 3a 44 43 3a 30 36 3a 42 32 3a 45 42'}, bytearray(b'\xe0\xeb\xb2\x06\xdc\x1b\x00\xab\x03\x1f\x00\x1e\tA2DP Source 00:1B:DC:06:B2:EB')
2026-09-16 20:00:12,398 BTPWorkerThread-1383 (_rx_task) root DEBUG btp.py                    700   event_handler             : Header(svc_id=1, op=129, ctrl_index=0, data_len=42) (b'\xe0\xeb\xb2\x06\xdc\x1b\x00\xab\x03\x1f\x00\x1e\tA2DP Source 00:1B:DC:06:B2:EB',)
2026-09-16 20:00:12,398 BTPWorkerThread-1383 (_rx_task) root DEBUG gap.py                    191   gap_device_found_ev_      : b'\xe0\xeb\xb2\x06\xdc\x1b\x00\xab\x03\x1f\x00\x1e\tA2DP Source 00:1B:DC:06:B2:EB'
2026-09-16 20:00:12,398 BTPWorkerThread-1383 (_rx_task) root DEBUG gap.py                    205   gap_device_found_ev_      : found '001bdc06b2eb' type 224 eir b'\x1e\tA2DP Source 00:1B:DC:06:B2:EB'
2026-09-16 20:00:12,440 BTPWorkerThread-1383 (_rx_task) root DEBUG iutctl_common.py          123   read                      : Read 5 bytes
2026-09-16 20:00:12,440 BTPWorkerThread-1383 (_rx_task) root DEBUG iutctl_common.py          131   read                      : Received: hdr: Header(svc_id=0x01, op=0x81, ctrl_index=0x00, data_len=0x1a) bytearray(b'\x01\x81\x00\x1a\x00')
2026-09-16 20:00:12,441 BTPWorkerThread-1383 (_rx_task) root DEBUG iutctl_common.py          139   read                      : Read 26 bytes data
2026-09-16 20:00:12,441 BTPWorkerThread-1383 (_rx_task) root DEBUG iutctl_common.py          154   read                      : Received data: {'e0 4e e4 08 dc 1b 00 d2 03 0f 00 0e 09 50 54 53 2d 47 41 50 2d 45 34 34 45 00'}, bytearray(b'\xe0N\xe4\x08\xdc\x1b\x00\xd2\x03\x0f\x00\x0e\tPTS-GAP-E44E\x00')
2026-09-16 20:00:12,441 BTPWorkerThread-1383 (_rx_task) root DEBUG btp.py                    700   event_handler             : Header(svc_id=1, op=129, ctrl_index=0, data_len=26) (b'\xe0N\xe4\x08\xdc\x1b\x00\xd2\x03\x0f\x00\x0e\tPTS-GAP-E44E\x00',)
2026-09-16 20:00:12,441 BTPWorkerThread-1383 (_rx_task) root DEBUG gap.py                    191   gap_device_found_ev_      : b'\xe0N\xe4\x08\xdc\x1b\x00\xd2\x03\x0f\x00\x0e\tPTS-GAP-E44E\x00'
2026-09-16 20:00:12,441 BTPWorkerThread-1383 (_rx_task) root DEBUG gap.py                    205   gap_device_found_ev_      : found '001bdc08e44e' type 224 eir b'\x0e\tPTS-GAP-E44E\x00'
2026-09-16 20:00:12,495 BTPWorkerThread-1383 (_rx_task) root DEBUG iutctl_common.py          123   read                      : Read 5 bytes
2026-09-16 20:00:12,496 BTPWorkerThread-1383 (_rx_task) root DEBUG iutctl_common.py          131   read                      : Received: hdr: Header(svc_id=0x01, op=0x81, ctrl_index=0x00, data_len=0x1a) bytearray(b'\x01\x81\x00\x1a\x00')
2026-09-16 20:00:12,496 BTPWorkerThread-1383 (_rx_task) root DEBUG iutctl_common.py          139   read                      : Read 26 bytes data
2026-09-16 20:00:12,496 BTPWorkerThread-1383 (_rx_task) root DEBUG iutctl_common.py          154   read                      : Received data: {'e0 4e e4 08 dc 1b 00 d5 03 0f 00 0e 09 50 54 53 2d 47 41 50 2d 45 34 34 45 00'}, bytearray(b'\xe0N\xe4\x08\xdc\x1b\x00\xd5\x03\x0f\x00\x0e\tPTS-GAP-E44E\x00')
2026-09-16 20:00:12,496 BTPWorkerThread-1383 (_rx_task) root DEBUG btp.py                    700   event_handler             : Header(svc_id=1, op=129, ctrl_index=0, data_len=26) (b'\xe0N\xe4\x08\xdc\x1b\x00\xd5\x03\x0f\x00\x0e\tPTS-GAP-E44E\x00',)
2026-09-16 20:00:12,496 BTPWorkerThread-1383 (_rx_task) root DEBUG gap.py                    191   gap_device_found_ev_      : b'\xe0N\xe4\x08\xdc\x1b\x00\xd5\x03\x0f\x00\x0e\tPTS-GAP-E44E\x00'
2026-09-16 20:00:12,496 BTPWorkerThread-1383 (_rx_task) root DEBUG gap.py                    205   gap_device_found_ev_      : found '001bdc08e44e' type 224 eir b'\x0e\tPTS-GAP-E44E\x00'
2026-09-16 20:00:12,702 BTPWorkerThread-1383 (_rx_task) root DEBUG iutctl_common.py          123   read                      : Read 5 bytes
2026-09-16 20:00:12,703 BTPWorkerThread-1383 (_rx_task) root DEBUG iutctl_common.py          131   read                      : Received: hdr: Header(svc_id=0x01, op=0x81, ctrl_index=0x00, data_len=0x2a) bytearray(b'\x01\x81\x00*\x00')
2026-09-16 20:00:12,703 BTPWorkerThread-1383 (_rx_task) root DEBUG iutctl_common.py          139   read                      : Read 10 bytes data
2026-09-16 20:00:12,713 BTPWorkerThread-1383 (_rx_task) root DEBUG iutctl_common.py          139   read                      : Read 32 bytes data
2026-09-16 20:00:12,714 BTPWorkerThread-1383 (_rx_task) root DEBUG iutctl_common.py          154   read                      : Received data: {'e0 eb b2 06 dc 1b 00 ac 03 1f 00 1e 09 41 32 44 50 20 53 6f 75 72 63 65 20 30 30 3a 31 42 3a 44 43 3a 30 36 3a 42 32 3a 45 42'}, bytearray(b'\xe0\xeb\xb2\x06\xdc\x1b\x00\xac\x03\x1f\x00\x1e\tA2DP Source 00:1B:DC:06:B2:EB')
2026-09-16 20:00:12,714 BTPWorkerThread-1383 (_rx_task) root DEBUG btp.py                    700   event_handler             : Header(svc_id=1, op=129, ctrl_index=0, data_len=42) (b'\xe0\xeb\xb2\x06\xdc\x1b\x00\xac\x03\x1f\x00\x1e\tA2DP Source 00:1B:DC:06:B2:EB',)
2026-09-16 20:00:12,714 BTPWorkerThread-1383 (_rx_task) root DEBUG gap.py                    191   gap_device_found_ev_      : b'\xe0\xeb\xb2\x06\xdc\x1b\x00\xac\x03\x1f\x00\x1e\tA2DP Source 00:1B:DC:06:B2:EB'
2026-09-16 20:00:12,714 BTPWorkerThread-1383 (_rx_task) root DEBUG gap.py                    205   gap_device_found_ev_      : found '001bdc06b2eb' type 224 eir b'\x1e\tA2DP Source 00:1B:DC:06:B2:EB'
2026-09-16 20:00:12,931 BTPWorkerThread-1383 (_rx_task) root DEBUG iutctl_common.py          123   read                      : Read 5 bytes
2026-09-16 20:00:12,932 BTPWorkerThread-1383 (_rx_task) root DEBUG iutctl_common.py          131   read                      : Received: hdr: Header(svc_id=0x01, op=0x81, ctrl_index=0x00, data_len=0x26) bytearray(b'\x01\x81\x00&\x00')
2026-09-16 20:00:12,932 BTPWorkerThread-1383 (_rx_task) root DEBUG iutctl_common.py          139   read                      : Read 38 bytes data
2026-09-16 20:00:12,932 BTPWorkerThread-1383 (_rx_task) root DEBUG iutctl_common.py          154   read                      : Received data: {'e0 53 00 4c 17 e5 44 b4 03 1b 00 09 09 4e 58 4c 36 36 35 32 38 02 0a 0c 0d 03 0c 11 0a 11 0b 11 0e 11 1f 11 1e 11'}, bytearray(b'\xe0S\x00L\x17\xe5D\xb4\x03\x1b\x00\t\tNXL66528\x02\n\x0c\r\x03\x0c\x11\n\x11\x0b\x11\x0e\x11\x1f\x11\x1e\x11')
2026-09-16 20:00:12,932 BTPWorkerThread-1383 (_rx_task) root DEBUG btp.py                    700   event_handler             : Header(svc_id=1, op=129, ctrl_index=0, data_len=38) (b'\xe0S\x00L\x17\xe5D\xb4\x03\x1b\x00\t\tNXL66528\x02\n\x0c\r\x03\x0c\x11\n\x11\x0b\x11\x0e\x11\x1f\x11\x1e\x11',)
2026-09-16 20:00:12,932 BTPWorkerThread-1383 (_rx_task) root DEBUG gap.py                    191   gap_device_found_ev_      : b'\xe0S\x00L\x17\xe5D\xb4\x03\x1b\x00\t\tNXL66528\x02\n\x0c\r\x03\x0c\x11\n\x11\x0b\x11\x0e\x11\x1f\x11\x1e\x11'
2026-09-16 20:00:12,932 BTPWorkerThread-1383 (_rx_task) root DEBUG gap.py                    205   gap_device_found_ev_      : found '44e5174c0053' type 224 eir b'\t\tNXL66528\x02\n\x0c\r\x03\x0c\x11\n\x11\x0b\x11\x0e\x11\x1f\x11\x1e\x11'
2026-09-16 20:00:13,239 BTPWorkerThread-1383 (_rx_task) root DEBUG iutctl_common.py          123   read                      : Read 5 bytes
2026-09-16 20:00:13,240 BTPWorkerThread-1383 (_rx_task) root DEBUG iutctl_common.py          131   read                      : Received: hdr: Header(svc_id=0x01, op=0x81, ctrl_index=0x00, data_len=0x26) bytearray(b'\x01\x81\x00&\x00')
2026-09-16 20:00:13,240 BTPWorkerThread-1383 (_rx_task) root DEBUG iutctl_common.py          139   read                      : Read 38 bytes data
2026-09-16 20:00:13,240 BTPWorkerThread-1383 (_rx_task) root DEBUG iutctl_common.py          154   read                      : Received data: {'e0 53 00 4c 17 e5 44 b3 03 1b 00 09 09 4e 58 4c 36 36 35 32 38 02 0a 0c 0d 03 0c 11 0a 11 0b 11 0e 11 1f 11 1e 11'}, bytearray(b'\xe0S\x00L\x17\xe5D\xb3\x03\x1b\x00\t\tNXL66528\x02\n\x0c\r\x03\x0c\x11\n\x11\x0b\x11\x0e\x11\x1f\x11\x1e\x11')
2026-09-16 20:00:13,240 BTPWorkerThread-1383 (_rx_task) root DEBUG btp.py                    700   event_handler             : Header(svc_id=1, op=129, ctrl_index=0, data_len=38) (b'\xe0S\x00L\x17\xe5D\xb3\x03\x1b\x00\t\tNXL66528\x02\n\x0c\r\x03\x0c\x11\n\x11\x0b\x11\x0e\x11\x1f\x11\x1e\x11',)
2026-09-16 20:00:13,240 BTPWorkerThread-1383 (_rx_task) root DEBUG gap.py                    191   gap_device_found_ev_      : b'\xe0S\x00L\x17\xe5D\xb3\x03\x1b\x00\t\tNXL66528\x02\n\x0c\r\x03\x0c\x11\n\x11\x0b\x11\x0e\x11\x1f\x11\x1e\x11'
2026-09-16 20:00:13,240 BTPWorkerThread-1383 (_rx_task) root DEBUG gap.py                    205   gap_device_found_ev_      : found '44e5174c0053' type 224 eir b'\t\tNXL66528\x02\n\x0c\r\x03\x0c\x11\n\x11\x0b\x11\x0e\x11\x1f\x11\x1e\x11'
2026-09-16 20:00:13,250 BTPWorkerThread-1383 (_rx_task) root DEBUG iutctl_common.py          123   read                      : Read 5 bytes
2026-09-16 20:00:13,251 BTPWorkerThread-1383 (_rx_task) root DEBUG iutctl_common.py          131   read                      : Received: hdr: Header(svc_id=0x01, op=0x81, ctrl_index=0x00, data_len=0x27) bytearray(b"\x01\x81\x00\'\x00")
2026-09-16 20:00:13,251 BTPWorkerThread-1383 (_rx_task) root DEBUG iutctl_common.py          139   read                      : Read 39 bytes data
2026-09-16 20:00:13,251 BTPWorkerThread-1383 (_rx_task) root DEBUG iutctl_common.py          154   read                      : Received data: {'e0 5f ae 7d 39 b3 a0 a4 03 1c 00 0a 09 53 4d 57 30 31 31 37 31 34 02 0a 0c 0d 03 0a 11 0c 11 0e 11 0b 11 1f 11 1e 11'}, bytearray(b'\xe0_\xae}9\xb3\xa0\xa4\x03\x1c\x00\n\tSMW011714\x02\n\x0c\r\x03\n\x11\x0c\x11\x0e\x11\x0b\x11\x1f\x11\x1e\x11')
2026-09-16 20:00:13,251 BTPWorkerThread-1383 (_rx_task) root DEBUG btp.py                    700   event_handler             : Header(svc_id=1, op=129, ctrl_index=0, data_len=39) (b'\xe0_\xae}9\xb3\xa0\xa4\x03\x1c\x00\n\tSMW011714\x02\n\x0c\r\x03\n\x11\x0c\x11\x0e\x11\x0b\x11\x1f\x11\x1e\x11',)
2026-09-16 20:00:13,251 BTPWorkerThread-1383 (_rx_task) root DEBUG gap.py                    191   gap_device_found_ev_      : b'\xe0_\xae}9\xb3\xa0\xa4\x03\x1c\x00\n\tSMW011714\x02\n\x0c\r\x03\n\x11\x0c\x11\x0e\x11\x0b\x11\x1f\x11\x1e\x11'
2026-09-16 20:00:13,251 BTPWorkerThread-1383 (_rx_task) root DEBUG gap.py                    205   gap_device_found_ev_      : found 'a0b3397dae5f' type 224 eir b'\n\tSMW011714\x02\n\x0c\r\x03\n\x11\x0c\x11\x0e\x11\x0b\x11\x1f\x11\x1e\x11'
2026-09-16 20:00:13,315 BTPWorkerThread-1383 (_rx_task) root DEBUG iutctl_common.py          123   read                      : Read 5 bytes
2026-09-16 20:00:13,315 BTPWorkerThread-1383 (_rx_task) root DEBUG iutctl_common.py          131   read                      : Received: hdr: Header(svc_id=0x01, op=0x81, ctrl_index=0x00, data_len=0x26) bytearray(b'\x01\x81\x00&\x00')
2026-09-16 20:00:13,315 BTPWorkerThread-1383 (_rx_task) root DEBUG iutctl_common.py          139   read                      : Read 35 bytes data
2026-09-16 20:00:13,326 BTPWorkerThread-1383 (_rx_task) root DEBUG iutctl_common.py          139   read                      : Read 3 bytes data
2026-09-16 20:00:13,327 BTPWorkerThread-1383 (_rx_task) root DEBUG iutctl_common.py          154   read                      : Received data: {'e0 53 00 4c 17 e5 44 a8 03 1b 00 09 09 4e 58 4c 36 36 35 32 38 02 0a 0c 0d 03 0c 11 0a 11 0b 11 0e 11 1f 11 1e 11'}, bytearray(b'\xe0S\x00L\x17\xe5D\xa8\x03\x1b\x00\t\tNXL66528\x02\n\x0c\r\x03\x0c\x11\n\x11\x0b\x11\x0e\x11\x1f\x11\x1e\x11')
2026-09-16 20:00:13,327 BTPWorkerThread-1383 (_rx_task) root DEBUG btp.py                    700   event_handler             : Header(svc_id=1, op=129, ctrl_index=0, data_len=38) (b'\xe0S\x00L\x17\xe5D\xa8\x03\x1b\x00\t\tNXL66528\x02\n\x0c\r\x03\x0c\x11\n\x11\x0b\x11\x0e\x11\x1f\x11\x1e\x11',)
2026-09-16 20:00:13,327 BTPWorkerThread-1383 (_rx_task) root DEBUG gap.py                    191   gap_device_found_ev_      : b'\xe0S\x00L\x17\xe5D\xa8\x03\x1b\x00\t\tNXL66528\x02\n\x0c\r\x03\x0c\x11\n\x11\x0b\x11\x0e\x11\x1f\x11\x1e\x11'
2026-09-16 20:00:13,327 BTPWorkerThread-1383 (_rx_task) root DEBUG gap.py                    205   gap_device_found_ev_      : found '44e5174c0053' type 224 eir b'\t\tNXL66528\x02\n\x0c\r\x03\x0c\x11\n\x11\x0b\x11\x0e\x11\x1f\x11\x1e\x11'
2026-09-16 20:00:13,457 BTPWorkerThread-1383 (_rx_task) root DEBUG iutctl_common.py          123   read                      : Read 5 bytes
2026-09-16 20:00:13,457 BTPWorkerThread-1383 (_rx_task) root DEBUG iutctl_common.py          131   read                      : Received: hdr: Header(svc_id=0x01, op=0x81, ctrl_index=0x00, data_len=0x26) bytearray(b'\x01\x81\x00&\x00')
2026-09-16 20:00:13,457 BTPWorkerThread-1383 (_rx_task) root DEBUG iutctl_common.py          139   read                      : Read 38 bytes data
2026-09-16 20:00:13,457 BTPWorkerThread-1383 (_rx_task) root DEBUG iutctl_common.py          154   read                      : Received data: {'e0 53 00 4c 17 e5 44 af 03 1b 00 09 09 4e 58 4c 36 36 35 32 38 02 0a 0c 0d 03 0c 11 0a 11 0b 11 0e 11 1f 11 1e 11'}, bytearray(b'\xe0S\x00L\x17\xe5D\xaf\x03\x1b\x00\t\tNXL66528\x02\n\x0c\r\x03\x0c\x11\n\x11\x0b\x11\x0e\x11\x1f\x11\x1e\x11')
2026-09-16 20:00:13,457 BTPWorkerThread-1383 (_rx_task) root DEBUG btp.py                    700   event_handler             : Header(svc_id=1, op=129, ctrl_index=0, data_len=38) (b'\xe0S\x00L\x17\xe5D\xaf\x03\x1b\x00\t\tNXL66528\x02\n\x0c\r\x03\x0c\x11\n\x11\x0b\x11\x0e\x11\x1f\x11\x1e\x11',)
2026-09-16 20:00:13,457 BTPWorkerThread-1383 (_rx_task) root DEBUG gap.py                    191   gap_device_found_ev_      : b'\xe0S\x00L\x17\xe5D\xaf\x03\x1b\x00\t\tNXL66528\x02\n\x0c\r\x03\x0c\x11\n\x11\x0b\x11\x0e\x11\x1f\x11\x1e\x11'
2026-09-16 20:00:13,457 BTPWorkerThread-1383 (_rx_task) root DEBUG gap.py                    205   gap_device_found_ev_      : found '44e5174c0053' type 224 eir b'\t\tNXL66528\x02\n\x0c\r\x03\x0c\x11\n\x11\x0b\x11\x0e\x11\x1f\x11\x1e\x11'
2026-09-16 20:00:13,632 BTPWorkerThread-1383 (_rx_task) root DEBUG iutctl_common.py          123   read                      : Read 5 bytes
2026-09-16 20:00:13,633 BTPWorkerThread-1383 (_rx_task) root DEBUG iutctl_common.py          131   read                      : Received: hdr: Header(svc_id=0x01, op=0x81, ctrl_index=0x00, data_len=0x26) bytearray(b'\x01\x81\x00&\x00')
2026-09-16 20:00:13,633 BTPWorkerThread-1383 (_rx_task) root DEBUG iutctl_common.py          139   read                      : Read 38 bytes data
2026-09-16 20:00:13,633 BTPWorkerThread-1383 (_rx_task) root DEBUG iutctl_common.py          154   read                      : Received data: {'e0 53 00 4c 17 e5 44 ad 03 1b 00 09 09 4e 58 4c 36 36 35 32 38 02 0a 0c 0d 03 0c 11 0a 11 0b 11 0e 11 1f 11 1e 11'}, bytearray(b'\xe0S\x00L\x17\xe5D\xad\x03\x1b\x00\t\tNXL66528\x02\n\x0c\r\x03\x0c\x11\n\x11\x0b\x11\x0e\x11\x1f\x11\x1e\x11')
2026-09-16 20:00:13,633 BTPWorkerThread-1383 (_rx_task) root DEBUG btp.py                    700   event_handler             : Header(svc_id=1, op=129, ctrl_index=0, data_len=38) (b'\xe0S\x00L\x17\xe5D\xad\x03\x1b\x00\t\tNXL66528\x02\n\x0c\r\x03\x0c\x11\n\x11\x0b\x11\x0e\x11\x1f\x11\x1e\x11',)
2026-09-16 20:00:13,633 BTPWorkerThread-1383 (_rx_task) root DEBUG gap.py                    191   gap_device_found_ev_      : b'\xe0S\x00L\x17\xe5D\xad\x03\x1b\x00\t\tNXL66528\x02\n\x0c\r\x03\x0c\x11\n\x11\x0b\x11\x0e\x11\x1f\x11\x1e\x11'
2026-09-16 20:00:13,633 BTPWorkerThread-1383 (_rx_task) root DEBUG gap.py                    205   gap_device_found_ev_      : found '44e5174c0053' type 224 eir b'\t\tNXL66528\x02\n\x0c\r\x03\x0c\x11\n\x11\x0b\x11\x0e\x11\x1f\x11\x1e\x11'
2026-09-16 20:00:13,960 BTPWorkerThread-1383 (_rx_task) root DEBUG iutctl_common.py          123   read                      : Read 5 bytes
2026-09-16 20:00:13,961 BTPWorkerThread-1383 (_rx_task) root DEBUG iutctl_common.py          131   read                      : Received: hdr: Header(svc_id=0x01, op=0x81, ctrl_index=0x00, data_len=0x26) bytearray(b'\x01\x81\x00&\x00')
2026-09-16 20:00:13,961 BTPWorkerThread-1383 (_rx_task) root DEBUG iutctl_common.py          139   read                      : Read 38 bytes data
2026-09-16 20:00:13,961 BTPWorkerThread-1383 (_rx_task) root DEBUG iutctl_common.py          154   read                      : Received data: {'e0 53 00 4c 17 e5 44 a6 03 1b 00 09 09 4e 58 4c 36 36 35 32 38 02 0a 0c 0d 03 0c 11 0a 11 0b 11 0e 11 1f 11 1e 11'}, bytearray(b'\xe0S\x00L\x17\xe5D\xa6\x03\x1b\x00\t\tNXL66528\x02\n\x0c\r\x03\x0c\x11\n\x11\x0b\x11\x0e\x11\x1f\x11\x1e\x11')
2026-09-16 20:00:13,961 BTPWorkerThread-1383 (_rx_task) root DEBUG btp.py                    700   event_handler             : Header(svc_id=1, op=129, ctrl_index=0, data_len=38) (b'\xe0S\x00L\x17\xe5D\xa6\x03\x1b\x00\t\tNXL66528\x02\n\x0c\r\x03\x0c\x11\n\x11\x0b\x11\x0e\x11\x1f\x11\x1e\x11',)
2026-09-16 20:00:13,961 BTPWorkerThread-1383 (_rx_task) root DEBUG gap.py                    191   gap_device_found_ev_      : b'\xe0S\x00L\x17\xe5D\xa6\x03\x1b\x00\t\tNXL66528\x02\n\x0c\r\x03\x0c\x11\n\x11\x0b\x11\x0e\x11\x1f\x11\x1e\x11'
2026-09-16 20:00:13,961 BTPWorkerThread-1383 (_rx_task) root DEBUG gap.py                    205   gap_device_found_ev_      : found '44e5174c0053' type 224 eir b'\t\tNXL66528\x02\n\x0c\r\x03\x0c\x11\n\x11\x0b\x11\x0e\x11\x1f\x11\x1e\x11'
2026-09-16 20:00:13,971 BTPWorkerThread-1383 (_rx_task) root DEBUG iutctl_common.py          123   read                      : Read 5 bytes
2026-09-16 20:00:13,972 BTPWorkerThread-1383 (_rx_task) root DEBUG iutctl_common.py          131   read                      : Received: hdr: Header(svc_id=0x01, op=0x81, ctrl_index=0x00, data_len=0x0b) bytearray(b'\x01\x81\x00\x0b\x00')
2026-09-16 20:00:13,972 BTPWorkerThread-1383 (_rx_task) root DEBUG iutctl_common.py          139   read                      : Read 11 bytes data
2026-09-16 20:00:13,972 BTPWorkerThread-1383 (_rx_task) root DEBUG iutctl_common.py          154   read                      : Received data: {'e0 53 00 4c 17 e5 44 b0 03 00 00'}, bytearray(b'\xe0S\x00L\x17\xe5D\xb0\x03\x00\x00')
2026-09-16 20:00:13,972 BTPWorkerThread-1383 (_rx_task) root DEBUG btp.py                    700   event_handler             : Header(svc_id=1, op=129, ctrl_index=0, data_len=11) (b'\xe0S\x00L\x17\xe5D\xb0\x03\x00\x00',)
2026-09-16 20:00:13,972 BTPWorkerThread-1383 (_rx_task) root DEBUG gap.py                    191   gap_device_found_ev_      : b'\xe0S\x00L\x17\xe5D\xb0\x03\x00\x00'
2026-09-16 20:00:13,972 BTPWorkerThread-1383 (_rx_task) root DEBUG gap.py                    205   gap_device_found_ev_      : found '44e5174c0053' type 224 eir b''
2026-09-16 20:00:15,382 BTPWorkerThread-1383 (_rx_task) root DEBUG iutctl_common.py          123   read                      : Read 5 bytes
2026-09-16 20:00:15,382 BTPWorkerThread-1383 (_rx_task) root DEBUG iutctl_common.py          131   read                      : Received: hdr: Header(svc_id=0x01, op=0x81, ctrl_index=0x00, data_len=0x1a) bytearray(b'\x01\x81\x00\x1a\x00')
2026-09-16 20:00:15,383 BTPWorkerThread-1383 (_rx_task) root DEBUG iutctl_common.py          139   read                      : Read 26 bytes data
2026-09-16 20:00:15,383 BTPWorkerThread-1383 (_rx_task) root DEBUG iutctl_common.py          154   read                      : Received data: {'e0 4e e4 08 dc 1b 00 d3 03 0f 00 0e 09 50 54 53 2d 47 41 50 2d 45 34 34 45 00'}, bytearray(b'\xe0N\xe4\x08\xdc\x1b\x00\xd3\x03\x0f\x00\x0e\tPTS-GAP-E44E\x00')
2026-09-16 20:00:15,383 BTPWorkerThread-1383 (_rx_task) root DEBUG btp.py                    700   event_handler             : Header(svc_id=1, op=129, ctrl_index=0, data_len=26) (b'\xe0N\xe4\x08\xdc\x1b\x00\xd3\x03\x0f\x00\x0e\tPTS-GAP-E44E\x00',)
2026-09-16 20:00:15,383 BTPWorkerThread-1383 (_rx_task) root DEBUG gap.py                    191   gap_device_found_ev_      : b'\xe0N\xe4\x08\xdc\x1b\x00\xd3\x03\x0f\x00\x0e\tPTS-GAP-E44E\x00'
2026-09-16 20:00:15,383 BTPWorkerThread-1383 (_rx_task) root DEBUG gap.py                    205   gap_device_found_ev_      : found '001bdc08e44e' type 224 eir b'\x0e\tPTS-GAP-E44E\x00'
2026-09-16 20:00:15,566 BTPWorkerThread-1383 (_rx_task) root DEBUG iutctl_common.py          123   read                      : Read 5 bytes
2026-09-16 20:00:15,567 BTPWorkerThread-1383 (_rx_task) root DEBUG iutctl_common.py          131   read                      : Received: hdr: Header(svc_id=0x01, op=0x81, ctrl_index=0x00, data_len=0x1a) bytearray(b'\x01\x81\x00\x1a\x00')
2026-09-16 20:00:15,567 BTPWorkerThread-1383 (_rx_task) root DEBUG iutctl_common.py          139   read                      : Read 26 bytes data
2026-09-16 20:00:15,567 BTPWorkerThread-1383 (_rx_task) root DEBUG iutctl_common.py          154   read                      : Received data: {'e0 4e e4 08 dc 1b 00 d5 03 0f 00 0e 09 50 54 53 2d 47 41 50 2d 45 34 34 45 00'}, bytearray(b'\xe0N\xe4\x08\xdc\x1b\x00\xd5\x03\x0f\x00\x0e\tPTS-GAP-E44E\x00')
2026-09-16 20:00:15,567 BTPWorkerThread-1383 (_rx_task) root DEBUG btp.py                    700   event_handler             : Header(svc_id=1, op=129, ctrl_index=0, data_len=26) (b'\xe0N\xe4\x08\xdc\x1b\x00\xd5\x03\x0f\x00\x0e\tPTS-GAP-E44E\x00',)
2026-09-16 20:00:15,567 BTPWorkerThread-1383 (_rx_task) root DEBUG gap.py                    191   gap_device_found_ev_      : b'\xe0N\xe4\x08\xdc\x1b\x00\xd5\x03\x0f\x00\x0e\tPTS-GAP-E44E\x00'
2026-09-16 20:00:15,567 BTPWorkerThread-1383 (_rx_task) root DEBUG gap.py                    205   gap_device_found_ev_      : found '001bdc08e44e' type 224 eir b'\x0e\tPTS-GAP-E44E\x00'
2026-09-16 20:00:15,675 BTPWorkerThread-1383 (_rx_task) root DEBUG iutctl_common.py          123   read                      : Read 5 bytes
2026-09-16 20:00:15,675 BTPWorkerThread-1383 (_rx_task) root DEBUG iutctl_common.py          131   read                      : Received: hdr: Header(svc_id=0x01, op=0x81, ctrl_index=0x00, data_len=0x2a) bytearray(b'\x01\x81\x00*\x00')
2026-09-16 20:00:15,675 BTPWorkerThread-1383 (_rx_task) root DEBUG iutctl_common.py          139   read                      : Read 42 bytes data
2026-09-16 20:00:15,677 BTPWorkerThread-1383 (_rx_task) root DEBUG iutctl_common.py          154   read                      : Received data: {'e0 eb b2 06 dc 1b 00 aa 03 1f 00 1e 09 41 32 44 50 20 53 6f 75 72 63 65 20 30 30 3a 31 42 3a 44 43 3a 30 36 3a 42 32 3a 45 42'}, bytearray(b'\xe0\xeb\xb2\x06\xdc\x1b\x00\xaa\x03\x1f\x00\x1e\tA2DP Source 00:1B:DC:06:B2:EB')
2026-09-16 20:00:15,677 BTPWorkerThread-1383 (_rx_task) root DEBUG btp.py                    700   event_handler             : Header(svc_id=1, op=129, ctrl_index=0, data_len=42) (b'\xe0\xeb\xb2\x06\xdc\x1b\x00\xaa\x03\x1f\x00\x1e\tA2DP Source 00:1B:DC:06:B2:EB',)
2026-09-16 20:00:15,677 BTPWorkerThread-1383 (_rx_task) root DEBUG gap.py                    191   gap_device_found_ev_      : b'\xe0\xeb\xb2\x06\xdc\x1b\x00\xaa\x03\x1f\x00\x1e\tA2DP Source 00:1B:DC:06:B2:EB'
2026-09-16 20:00:15,677 BTPWorkerThread-1383 (_rx_task) root DEBUG gap.py                    205   gap_device_found_ev_      : found '001bdc06b2eb' type 224 eir b'\x1e\tA2DP Source 00:1B:DC:06:B2:EB'
2026-09-16 20:00:15,970 BTPWorkerThread-1383 (_rx_task) root DEBUG iutctl_common.py          123   read                      : Read 5 bytes
2026-09-16 20:00:15,971 BTPWorkerThread-1383 (_rx_task) root DEBUG iutctl_common.py          131   read                      : Received: hdr: Header(svc_id=0x01, op=0x81, ctrl_index=0x00, data_len=0x1a) bytearray(b'\x01\x81\x00\x1a\x00')
2026-09-16 20:00:15,971 BTPWorkerThread-1383 (_rx_task) root DEBUG iutctl_common.py          139   read                      : Read 10 bytes data
2026-09-16 20:00:15,982 BTPWorkerThread-1383 (_rx_task) root DEBUG iutctl_common.py          139   read                      : Read 16 bytes data
2026-09-16 20:00:15,983 BTPWorkerThread-1383 (_rx_task) root DEBUG iutctl_common.py          154   read                      : Received data: {'e0 4e e4 08 dc 1b 00 d4 03 0f 00 0e 09 50 54 53 2d 47 41 50 2d 45 34 34 45 00'}, bytearray(b'\xe0N\xe4\x08\xdc\x1b\x00\xd4\x03\x0f\x00\x0e\tPTS-GAP-E44E\x00')
2026-09-16 20:00:15,983 BTPWorkerThread-1383 (_rx_task) root DEBUG btp.py                    700   event_handler             : Header(svc_id=1, op=129, ctrl_index=0, data_len=26) (b'\xe0N\xe4\x08\xdc\x1b\x00\xd4\x03\x0f\x00\x0e\tPTS-GAP-E44E\x00',)
2026-09-16 20:00:15,983 BTPWorkerThread-1383 (_rx_task) root DEBUG gap.py                    191   gap_device_found_ev_      : b'\xe0N\xe4\x08\xdc\x1b\x00\xd4\x03\x0f\x00\x0e\tPTS-GAP-E44E\x00'
2026-09-16 20:00:15,983 BTPWorkerThread-1383 (_rx_task) root DEBUG gap.py                    205   gap_device_found_ev_      : found '001bdc08e44e' type 224 eir b'\x0e\tPTS-GAP-E44E\x00'
2026-09-16 20:00:16,189 BTPWorkerThread-1383 (_rx_task) root DEBUG iutctl_common.py          123   read                      : Read 5 bytes
2026-09-16 20:00:16,189 BTPWorkerThread-1383 (_rx_task) root DEBUG iutctl_common.py          131   read                      : Received: hdr: Header(svc_id=0x01, op=0x81, ctrl_index=0x00, data_len=0x26) bytearray(b'\x01\x81\x00&\x00')
2026-09-16 20:00:16,189 BTPWorkerThread-1383 (_rx_task) root DEBUG iutctl_common.py          139   read                      : Read 20 bytes data
2026-09-16 20:00:16,200 BTPWorkerThread-1383 (_rx_task) root DEBUG iutctl_common.py          139   read                      : Read 18 bytes data
2026-09-16 20:00:16,200 BTPWorkerThread-1383 (_rx_task) root DEBUG iutctl_common.py          154   read                      : Received data: {'e0 53 00 4c 17 e5 44 b0 03 1b 00 09 09 4e 58 4c 36 36 35 32 38 02 0a 0c 0d 03 0c 11 0a 11 0b 11 0e 11 1f 11 1e 11'}, bytearray(b'\xe0S\x00L\x17\xe5D\xb0\x03\x1b\x00\t\tNXL66528\x02\n\x0c\r\x03\x0c\x11\n\x11\x0b\x11\x0e\x11\x1f\x11\x1e\x11')
2026-09-16 20:00:16,201 BTPWorkerThread-1383 (_rx_task) root DEBUG btp.py                    700   event_handler             : Header(svc_id=1, op=129, ctrl_index=0, data_len=38) (b'\xe0S\x00L\x17\xe5D\xb0\x03\x1b\x00\t\tNXL66528\x02\n\x0c\r\x03\x0c\x11\n\x11\x0b\x11\x0e\x11\x1f\x11\x1e\x11',)
2026-09-16 20:00:16,201 BTPWorkerThread-1383 (_rx_task) root DEBUG gap.py                    191   gap_device_found_ev_      : b'\xe0S\x00L\x17\xe5D\xb0\x03\x1b\x00\t\tNXL66528\x02\n\x0c\r\x03\x0c\x11\n\x11\x0b\x11\x0e\x11\x1f\x11\x1e\x11'
2026-09-16 20:00:16,201 BTPWorkerThread-1383 (_rx_task) root DEBUG gap.py                    205   gap_device_found_ev_      : found '44e5174c0053' type 224 eir b'\t\tNXL66528\x02\n\x0c\r\x03\x0c\x11\n\x11\x0b\x11\x0e\x11\x1f\x11\x1e\x11'
2026-09-16 20:00:16,201 BTPWorkerThread-1383 (_rx_task) root DEBUG iutctl_common.py          123   read                      : Read 5 bytes
2026-09-16 20:00:16,201 BTPWorkerThread-1383 (_rx_task) root DEBUG iutctl_common.py          131   read                      : Received: hdr: Header(svc_id=0x01, op=0x81, ctrl_index=0x00, data_len=0x26) bytearray(b'\x01\x81\x00&\x00')
2026-09-16 20:00:16,201 BTPWorkerThread-1383 (_rx_task) root DEBUG iutctl_common.py          139   read                      : Read 26 bytes data
2026-09-16 20:00:16,211 BTPWorkerThread-1383 (_rx_task) root DEBUG iutctl_common.py          139   read                      : Read 12 bytes data
2026-09-16 20:00:16,212 BTPWorkerThread-1383 (_rx_task) root DEBUG iutctl_common.py          154   read                      : Received data: {'e0 53 00 4c 17 e5 44 a7 03 1b 00 09 09 4e 58 4c 36 36 35 32 38 02 0a 0c 0d 03 0c 11 0a 11 0b 11 0e 11 1f 11 1e 11'}, bytearray(b'\xe0S\x00L\x17\xe5D\xa7\x03\x1b\x00\t\tNXL66528\x02\n\x0c\r\x03\x0c\x11\n\x11\x0b\x11\x0e\x11\x1f\x11\x1e\x11')
2026-09-16 20:00:16,212 BTPWorkerThread-1383 (_rx_task) root DEBUG btp.py                    700   event_handler             : Header(svc_id=1, op=129, ctrl_index=0, data_len=38) (b'\xe0S\x00L\x17\xe5D\xa7\x03\x1b\x00\t\tNXL66528\x02\n\x0c\r\x03\x0c\x11\n\x11\x0b\x11\x0e\x11\x1f\x11\x1e\x11',)
2026-09-16 20:00:16,212 BTPWorkerThread-1383 (_rx_task) root DEBUG gap.py                    191   gap_device_found_ev_      : b'\xe0S\x00L\x17\xe5D\xa7\x03\x1b\x00\t\tNXL66528\x02\n\x0c\r\x03\x0c\x11\n\x11\x0b\x11\x0e\x11\x1f\x11\x1e\x11'
2026-09-16 20:00:16,212 BTPWorkerThread-1383 (_rx_task) root DEBUG gap.py                    205   gap_device_found_ev_      : found '44e5174c0053' type 224 eir b'\t\tNXL66528\x02\n\x0c\r\x03\x0c\x11\n\x11\x0b\x11\x0e\x11\x1f\x11\x1e\x11'
2026-09-16 20:00:16,546 BTPWorkerThread-1383 (_rx_task) root DEBUG iutctl_common.py          123   read                      : Read 5 bytes
2026-09-16 20:00:16,547 BTPWorkerThread-1383 (_rx_task) root DEBUG iutctl_common.py          131   read                      : Received: hdr: Header(svc_id=0x01, op=0x81, ctrl_index=0x00, data_len=0x1a) bytearray(b'\x01\x81\x00\x1a\x00')
2026-09-16 20:00:16,547 BTPWorkerThread-1383 (_rx_task) root DEBUG iutctl_common.py          139   read                      : Read 26 bytes data
2026-09-16 20:00:16,547 BTPWorkerThread-1383 (_rx_task) root DEBUG iutctl_common.py          154   read                      : Received data: {'e0 4e e4 08 dc 1b 00 d4 03 0f 00 0e 09 50 54 53 2d 47 41 50 2d 45 34 34 45 00'}, bytearray(b'\xe0N\xe4\x08\xdc\x1b\x00\xd4\x03\x0f\x00\x0e\tPTS-GAP-E44E\x00')
2026-09-16 20:00:16,547 BTPWorkerThread-1383 (_rx_task) root DEBUG btp.py                    700   event_handler             : Header(svc_id=1, op=129, ctrl_index=0, data_len=26) (b'\xe0N\xe4\x08\xdc\x1b\x00\xd4\x03\x0f\x00\x0e\tPTS-GAP-E44E\x00',)
2026-09-16 20:00:16,547 BTPWorkerThread-1383 (_rx_task) root DEBUG gap.py                    191   gap_device_found_ev_      : b'\xe0N\xe4\x08\xdc\x1b\x00\xd4\x03\x0f\x00\x0e\tPTS-GAP-E44E\x00'
2026-09-16 20:00:16,547 BTPWorkerThread-1383 (_rx_task) root DEBUG gap.py                    205   gap_device_found_ev_      : found '001bdc08e44e' type 224 eir b'\x0e\tPTS-GAP-E44E\x00'
2026-09-16 20:00:16,568 BTPWorkerThread-1383 (_rx_task) root DEBUG iutctl_common.py          123   read                      : Read 5 bytes
2026-09-16 20:00:16,569 BTPWorkerThread-1383 (_rx_task) root DEBUG iutctl_common.py          131   read                      : Received: hdr: Header(svc_id=0x01, op=0x81, ctrl_index=0x00, data_len=0x26) bytearray(b'\x01\x81\x00&\x00')
2026-09-16 20:00:16,569 BTPWorkerThread-1383 (_rx_task) root DEBUG iutctl_common.py          139   read                      : Read 38 bytes data
2026-09-16 20:00:16,569 BTPWorkerThread-1383 (_rx_task) root DEBUG iutctl_common.py          154   read                      : Received data: {'e0 53 00 4c 17 e5 44 a6 03 1b 00 09 09 4e 58 4c 36 36 35 32 38 02 0a 0c 0d 03 0c 11 0a 11 0b 11 0e 11 1f 11 1e 11'}, bytearray(b'\xe0S\x00L\x17\xe5D\xa6\x03\x1b\x00\t\tNXL66528\x02\n\x0c\r\x03\x0c\x11\n\x11\x0b\x11\x0e\x11\x1f\x11\x1e\x11')
2026-09-16 20:00:16,569 BTPWorkerThread-1383 (_rx_task) root DEBUG btp.py                    700   event_handler             : Header(svc_id=1, op=129, ctrl_index=0, data_len=38) (b'\xe0S\x00L\x17\xe5D\xa6\x03\x1b\x00\t\tNXL66528\x02\n\x0c\r\x03\x0c\x11\n\x11\x0b\x11\x0e\x11\x1f\x11\x1e\x11',)
2026-09-16 20:00:16,569 BTPWorkerThread-1383 (_rx_task) root DEBUG gap.py                    191   gap_device_found_ev_      : b'\xe0S\x00L\x17\xe5D\xa6\x03\x1b\x00\t\tNXL66528\x02\n\x0c\r\x03\x0c\x11\n\x11\x0b\x11\x0e\x11\x1f\x11\x1e\x11'
2026-09-16 20:00:16,569 BTPWorkerThread-1383 (_rx_task) root DEBUG gap.py                    205   gap_device_found_ev_      : found '44e5174c0053' type 224 eir b'\t\tNXL66528\x02\n\x0c\r\x03\x0c\x11\n\x11\x0b\x11\x0e\x11\x1f\x11\x1e\x11'
2026-09-16 20:00:16,956 BTPWorkerThread-1383 (_rx_task) root DEBUG iutctl_common.py          123   read                      : Read 5 bytes
2026-09-16 20:00:16,956 BTPWorkerThread-1383 (_rx_task) root DEBUG iutctl_common.py          131   read                      : Received: hdr: Header(svc_id=0x01, op=0x81, ctrl_index=0x00, data_len=0x26) bytearray(b'\x01\x81\x00&\x00')
2026-09-16 20:00:16,957 BTPWorkerThread-1383 (_rx_task) root DEBUG iutctl_common.py          139   read                      : Read 38 bytes data
2026-09-16 20:00:16,957 BTPWorkerThread-1383 (_rx_task) root DEBUG iutctl_common.py          154   read                      : Received data: {'e0 53 00 4c 17 e5 44 b1 03 1b 00 09 09 4e 58 4c 36 36 35 32 38 02 0a 0c 0d 03 0c 11 0a 11 0b 11 0e 11 1f 11 1e 11'}, bytearray(b'\xe0S\x00L\x17\xe5D\xb1\x03\x1b\x00\t\tNXL66528\x02\n\x0c\r\x03\x0c\x11\n\x11\x0b\x11\x0e\x11\x1f\x11\x1e\x11')
2026-09-16 20:00:16,957 BTPWorkerThread-1383 (_rx_task) root DEBUG btp.py                    700   event_handler             : Header(svc_id=1, op=129, ctrl_index=0, data_len=38) (b'\xe0S\x00L\x17\xe5D\xb1\x03\x1b\x00\t\tNXL66528\x02\n\x0c\r\x03\x0c\x11\n\x11\x0b\x11\x0e\x11\x1f\x11\x1e\x11',)
2026-09-16 20:00:16,957 BTPWorkerThread-1383 (_rx_task) root DEBUG gap.py                    191   gap_device_found_ev_      : b'\xe0S\x00L\x17\xe5D\xb1\x03\x1b\x00\t\tNXL66528\x02\n\x0c\r\x03\x0c\x11\n\x11\x0b\x11\x0e\x11\x1f\x11\x1e\x11'
2026-09-16 20:00:16,957 BTPWorkerThread-1383 (_rx_task) root DEBUG gap.py                    205   gap_device_found_ev_      : found '44e5174c0053' type 224 eir b'\t\tNXL66528\x02\n\x0c\r\x03\x0c\x11\n\x11\x0b\x11\x0e\x11\x1f\x11\x1e\x11'
2026-09-16 20:00:17,197 BTPWorkerThread-1383 (_rx_task) root DEBUG iutctl_common.py          123   read                      : Read 5 bytes
2026-09-16 20:00:17,198 BTPWorkerThread-1383 (_rx_task) root DEBUG iutctl_common.py          131   read                      : Received: hdr: Header(svc_id=0x01, op=0x81, ctrl_index=0x00, data_len=0x1a) bytearray(b'\x01\x81\x00\x1a\x00')
2026-09-16 20:00:17,198 BTPWorkerThread-1383 (_rx_task) root DEBUG iutctl_common.py          139   read                      : Read 26 bytes data
2026-09-16 20:00:17,198 BTPWorkerThread-1383 (_rx_task) root DEBUG iutctl_common.py          154   read                      : Received data: {'e0 4e e4 08 dc 1b 00 d5 03 0f 00 0e 09 50 54 53 2d 47 41 50 2d 45 34 34 45 00'}, bytearray(b'\xe0N\xe4\x08\xdc\x1b\x00\xd5\x03\x0f\x00\x0e\tPTS-GAP-E44E\x00')
2026-09-16 20:00:17,198 BTPWorkerThread-1383 (_rx_task) root DEBUG btp.py                    700   event_handler             : Header(svc_id=1, op=129, ctrl_index=0, data_len=26) (b'\xe0N\xe4\x08\xdc\x1b\x00\xd5\x03\x0f\x00\x0e\tPTS-GAP-E44E\x00',)
2026-09-16 20:00:17,198 BTPWorkerThread-1383 (_rx_task) root DEBUG gap.py                    191   gap_device_found_ev_      : b'\xe0N\xe4\x08\xdc\x1b\x00\xd5\x03\x0f\x00\x0e\tPTS-GAP-E44E\x00'
2026-09-16 20:00:17,198 BTPWorkerThread-1383 (_rx_task) root DEBUG gap.py                    205   gap_device_found_ev_      : found '001bdc08e44e' type 224 eir b'\x0e\tPTS-GAP-E44E\x00'
2026-09-16 20:00:17,361 BTPWorkerThread-1383 (_rx_task) root DEBUG iutctl_common.py          123   read                      : Read 5 bytes
2026-09-16 20:00:17,362 BTPWorkerThread-1383 (_rx_task) root DEBUG iutctl_common.py          131   read                      : Received: hdr: Header(svc_id=0x01, op=0x81, ctrl_index=0x00, data_len=0x1a) bytearray(b'\x01\x81\x00\x1a\x00')
2026-09-16 20:00:17,362 BTPWorkerThread-1383 (_rx_task) root DEBUG iutctl_common.py          139   read                      : Read 26 bytes data
2026-09-16 20:00:17,362 BTPWorkerThread-1383 (_rx_task) root DEBUG iutctl_common.py          154   read                      : Received data: {'e0 4e e4 08 dc 1b 00 cf 03 0f 00 0e 09 50 54 53 2d 47 41 50 2d 45 34 34 45 00'}, bytearray(b'\xe0N\xe4\x08\xdc\x1b\x00\xcf\x03\x0f\x00\x0e\tPTS-GAP-E44E\x00')
2026-09-16 20:00:17,362 BTPWorkerThread-1383 (_rx_task) root DEBUG btp.py                    700   event_handler             : Header(svc_id=1, op=129, ctrl_index=0, data_len=26) (b'\xe0N\xe4\x08\xdc\x1b\x00\xcf\x03\x0f\x00\x0e\tPTS-GAP-E44E\x00',)
2026-09-16 20:00:17,362 BTPWorkerThread-1383 (_rx_task) root DEBUG gap.py                    191   gap_device_found_ev_      : b'\xe0N\xe4\x08\xdc\x1b\x00\xcf\x03\x0f\x00\x0e\tPTS-GAP-E44E\x00'
2026-09-16 20:00:17,362 BTPWorkerThread-1383 (_rx_task) root DEBUG gap.py                    205   gap_device_found_ev_      : found '001bdc08e44e' type 224 eir b'\x0e\tPTS-GAP-E44E\x00'
2026-09-16 20:00:17,471 BTPWorkerThread-1383 (_rx_task) root DEBUG iutctl_common.py          123   read                      : Read 5 bytes
2026-09-16 20:00:17,472 BTPWorkerThread-1383 (_rx_task) root DEBUG iutctl_common.py          131   read                      : Received: hdr: Header(svc_id=0x01, op=0x81, ctrl_index=0x00, data_len=0x26) bytearray(b'\x01\x81\x00&\x00')
2026-09-16 20:00:17,472 BTPWorkerThread-1383 (_rx_task) root DEBUG iutctl_common.py          139   read                      : Read 38 bytes data
2026-09-16 20:00:17,472 BTPWorkerThread-1383 (_rx_task) root DEBUG iutctl_common.py          154   read                      : Received data: {'e0 53 00 4c 17 e5 44 aa 03 1b 00 09 09 4e 58 4c 36 36 35 32 38 02 0a 0c 0d 03 0c 11 0a 11 0b 11 0e 11 1f 11 1e 11'}, bytearray(b'\xe0S\x00L\x17\xe5D\xaa\x03\x1b\x00\t\tNXL66528\x02\n\x0c\r\x03\x0c\x11\n\x11\x0b\x11\x0e\x11\x1f\x11\x1e\x11')
2026-09-16 20:00:17,472 BTPWorkerThread-1383 (_rx_task) root DEBUG btp.py                    700   event_handler             : Header(svc_id=1, op=129, ctrl_index=0, data_len=38) (b'\xe0S\x00L\x17\xe5D\xaa\x03\x1b\x00\t\tNXL66528\x02\n\x0c\r\x03\x0c\x11\n\x11\x0b\x11\x0e\x11\x1f\x11\x1e\x11',)
2026-09-16 20:00:17,472 BTPWorkerThread-1383 (_rx_task) root DEBUG gap.py                    191   gap_device_found_ev_      : b'\xe0S\x00L\x17\xe5D\xaa\x03\x1b\x00\t\tNXL66528\x02\n\x0c\r\x03\x0c\x11\n\x11\x0b\x11\x0e\x11\x1f\x11\x1e\x11'
2026-09-16 20:00:17,472 BTPWorkerThread-1383 (_rx_task) root DEBUG gap.py                    205   gap_device_found_ev_      : found '44e5174c0053' type 224 eir b'\t\tNXL66528\x02\n\x0c\r\x03\x0c\x11\n\x11\x0b\x11\x0e\x11\x1f\x11\x1e\x11'
2026-09-16 20:00:17,492 BTPWorkerThread-1383 (_rx_task) root DEBUG iutctl_common.py          123   read                      : Read 5 bytes
2026-09-16 20:00:17,492 BTPWorkerThread-1383 (_rx_task) root DEBUG iutctl_common.py          131   read                      : Received: hdr: Header(svc_id=0x01, op=0x81, ctrl_index=0x00, data_len=0x26) bytearray(b'\x01\x81\x00&\x00')
2026-09-16 20:00:17,492 BTPWorkerThread-1383 (_rx_task) root DEBUG iutctl_common.py          139   read                      : Read 8 bytes data
2026-09-16 20:00:17,504 BTPWorkerThread-1383 (_rx_task) root DEBUG iutctl_common.py          139   read                      : Read 30 bytes data
2026-09-16 20:00:17,504 BTPWorkerThread-1383 (_rx_task) root DEBUG iutctl_common.py          154   read                      : Received data: {'e0 53 00 4c 17 e5 44 b0 03 1b 00 09 09 4e 58 4c 36 36 35 32 38 02 0a 0c 0d 03 0c 11 0a 11 0b 11 0e 11 1f 11 1e 11'}, bytearray(b'\xe0S\x00L\x17\xe5D\xb0\x03\x1b\x00\t\tNXL66528\x02\n\x0c\r\x03\x0c\x11\n\x11\x0b\x11\x0e\x11\x1f\x11\x1e\x11')
2026-09-16 20:00:17,504 BTPWorkerThread-1383 (_rx_task) root DEBUG btp.py                    700   event_handler             : Header(svc_id=1, op=129, ctrl_index=0, data_len=38) (b'\xe0S\x00L\x17\xe5D\xb0\x03\x1b\x00\t\tNXL66528\x02\n\x0c\r\x03\x0c\x11\n\x11\x0b\x11\x0e\x11\x1f\x11\x1e\x11',)
2026-09-16 20:00:17,504 BTPWorkerThread-1383 (_rx_task) root DEBUG gap.py                    191   gap_device_found_ev_      : b'\xe0S\x00L\x17\xe5D\xb0\x03\x1b\x00\t\tNXL66528\x02\n\x0c\r\x03\x0c\x11\n\x11\x0b\x11\x0e\x11\x1f\x11\x1e\x11'
2026-09-16 20:00:17,504 BTPWorkerThread-1383 (_rx_task) root DEBUG gap.py                    205   gap_device_found_ev_      : found '44e5174c0053' type 224 eir b'\t\tNXL66528\x02\n\x0c\r\x03\x0c\x11\n\x11\x0b\x11\x0e\x11\x1f\x11\x1e\x11'
2026-09-16 20:00:17,679 LT1-thread root DEBUG gap.py                    1148  gap_stop_discovery        : 
2026-09-16 20:00:17,679 LT1-thread root DEBUG iutctl_common.py          161   send                      : 1 13 0 ''
2026-09-16 20:00:17,679 LT1-thread root DEBUG iutctl_common.py          166   send                      : sending frame '010d000000'
2026-09-16 20:00:17,679 LT1-thread root DEBUG gap.py                    1227  gap_command_rsp_succ      : 
2026-09-16 20:00:17,679 LT1-thread root DEBUG iutctl_common.py          339   read                      : 
2026-09-16 20:00:17,716 BTPWorkerThread-1383 (_rx_task) root DEBUG iutctl_common.py          123   read                      : Read 5 bytes
2026-09-16 20:00:17,728 BTPWorkerThread-1383 (_rx_task) root DEBUG iutctl_common.py          131   read                      : Received: hdr: Header(svc_id=0x01, op=0x0d, ctrl_index=0x00, data_len=0x00) bytearray(b'\x01\r\x00\x00\x00')
2026-09-16 20:00:17,728 BTPWorkerThread-1383 (_rx_task) root DEBUG iutctl_common.py          154   read                      : Received data: {''}, bytearray(b'')
2026-09-16 20:00:17,733 LT1-thread root DEBUG gap.py                    1232  gap_command_rsp_succ      : received Header(svc_id=1, op=13, ctrl_index=0, data_len=0) (b'',)
2026-09-16 20:00:17,733 LT1-thread root DEBUG gap.py                    1508  check_discovery_results   : 224 '001bdc08e44e' True None
2026-09-16 20:00:17,733 LT1-thread root DEBUG gap.py                    1517  check_discovery_results   : matching LeAdv(addr_type=224, addr='44e5174c0053', rssi=168, flags=3, eir=b'\t\tNXL66528\x02\n\x0c\r\x03\x0c\x11\n\x11\x0b\x11\x0e\x11\x1f\x11\x1e\x11')
2026-09-16 20:00:17,733 LT1-thread root DEBUG gap.py                    1517  check_discovery_results   : matching LeAdv(addr_type=224, addr='5cf3709b654d', rssi=163, flags=3, eir=b'\x1e\tHFP AG Demo 5C:F3:70:9B:65:4D')
2026-09-16 20:00:17,733 LT1-thread root DEBUG gap.py                    1517  check_discovery_results   : matching LeAdv(addr_type=224, addr='44e5174c0053', rssi=173, flags=3, eir=b'\t\tNXL66528\x02\n\x0c\r\x03\x0c\x11\n\x11\x0b\x11\x0e\x11\x1f\x11\x1e\x11')
2026-09-16 20:00:17,733 LT1-thread root DEBUG gap.py                    1517  check_discovery_results   : matching LeAdv(addr_type=224, addr='001bdc0683cd', rssi=177, flags=3, eir=b'\x1e\tA2DP Source 00:1B:DC:06:83:CD')
2026-09-16 20:00:17,733 LT1-thread root DEBUG gap.py                    1517  check_discovery_results   : matching LeAdv(addr_type=224, addr='44e5174c0053', rssi=179, flags=3, eir=b'\t\tNXL66528\x02\n\x0c\r\x03\x0c\x11\n\x11\x0b\x11\x0e\x11\x1f\x11\x1e\x11')
2026-09-16 20:00:17,733 LT1-thread root DEBUG gap.py                    1517  check_discovery_results   : matching LeAdv(addr_type=224, addr='001bdc0683cd', rssi=173, flags=3, eir=b'\x1e\tA2DP Source 00:1B:DC:06:83:CD')
2026-09-16 20:00:17,733 LT1-thread root DEBUG gap.py                    1517  check_discovery_results   : matching LeAdv(addr_type=224, addr='001bdc08e44e', rssi=212, flags=3, eir=b'\x0e\tPTS-GAP-E44E\x00')
2026-09-16 20:00:17,733 LT1-thread root DEBUG gap.py                    760   gap_connect               : None 224
2026-09-16 20:00:17,734 LT1-thread root DEBUG iutctl_common.py          161   send                      : 1 14 0 "bytearray(b'\\xe0N\\xe4\\x08\\xdc\\x1b\\x00\\x00')"
2026-09-16 20:00:17,734 LT1-thread root DEBUG iutctl_common.py          166   send                      : sending frame '010e000800e04ee408dc1b0000'
2026-09-16 20:00:17,734 LT1-thread root DEBUG iutctl_common.py          339   read                      : 
2026-09-16 20:00:17,775 BTPWorkerThread-1383 (_rx_task) root DEBUG iutctl_common.py          123   read                      : Read 5 bytes
2026-09-16 20:00:17,775 BTPWorkerThread-1383 (_rx_task) root DEBUG iutctl_common.py          131   read                      : Received: hdr: Header(svc_id=0x01, op=0x0e, ctrl_index=0x00, data_len=0x00) bytearray(b'\x01\x0e\x00\x00\x00')
2026-09-16 20:00:17,775 BTPWorkerThread-1383 (_rx_task) root DEBUG iutctl_common.py          154   read                      : Received data: {''}, bytearray(b'')
2026-09-16 20:00:20,511 BTPWorkerThread-1383 (_rx_task) root DEBUG iutctl_common.py          123   read                      : Read 5 bytes
2026-09-16 20:00:20,512 BTPWorkerThread-1383 (_rx_task) root DEBUG iutctl_common.py          131   read                      : Received: hdr: Header(svc_id=0x01, op=0x82, ctrl_index=0x00, data_len=0x0d) bytearray(b'\x01\x82\x00\r\x00')
2026-09-16 20:00:20,512 BTPWorkerThread-1383 (_rx_task) root DEBUG iutctl_common.py          139   read                      : Read 13 bytes data
2026-09-16 20:00:20,512 BTPWorkerThread-1383 (_rx_task) root DEBUG iutctl_common.py          154   read                      : Received data: {'e0 4e e4 08 dc 1b 00 00 00 00 00 00 00'}, bytearray(b'\xe0N\xe4\x08\xdc\x1b\x00\x00\x00\x00\x00\x00\x00')
2026-09-16 20:00:20,512 BTPWorkerThread-1383 (_rx_task) root DEBUG btp.py                    700   event_handler             : Header(svc_id=1, op=130, ctrl_index=0, data_len=13) (b'\xe0N\xe4\x08\xdc\x1b\x00\x00\x00\x00\x00\x00\x00',)
2026-09-16 20:00:20,512 BTPWorkerThread-1383 (_rx_task) root DEBUG gap.py                    213   gap_connected_ev_         : b'\xe0N\xe4\x08\xdc\x1b\x00\x00\x00\x00\x00\x00\x00'
2026-09-16 20:00:20,595 LT1-thread root DEBUG testcase.py               722   run_wid                   : Sending response 'OK' to wid 102 test case GAP/SEC/SEM/BV-52-C
2026-09-16 20:00:20,597 LT1-thread root DEBUG client.py                 276   get_result                : ClientCallback.get_result run_test_case
2026-09-16 20:00:20,599 LT1-callback ClientCallback.on_implicit_send INFO client.py                 223   on_implicit_send          : 
    ********************
    BEGIN OnImplicitSend:
    project_name: GAP
    wid: 103
    test_case_name: GAP/SEC/SEM/BV-52-C
    description: Please initiate BR/EDR security authentication and pairing to establish a service level enforced security!
After that, please create the service channel using L2CAP Connection Request.

Press OK to continue.
    style: MMI_Style_Ok 0x11040
2026-09-16 20:00:20,600 LT1-callback ClientCallback.on_implicit_send INFO client.py                 236   on_implicit_send          : Calling test cases on_implicit_send
2026-09-16 20:00:20,600 LT1-callback ClientCallback.on_implicit_send INFO client.py                 249   on_implicit_send          : 
    on_implicit_send returned response: WAIT
    END OnImplicitSend
    ********************
2026-09-16 20:00:21,597 LT1-thread root DEBUG testcase.py               679   run_wid                   : GAP GAP/SEC/SEM/BV-52-C on_implicit_send
2026-09-16 20:00:21,597 LT1-thread root DEBUG gap_wid.py                26    gap_wid_hdl               : gap_wid_hdl, 103, Please initiate BR/EDR security authentication and pairing to establish a service level enforced security!
After that, please create the service channel using L2CAP Connection Request.

Press OK to continue., GAP/SEC/SEM/BV-52-C
2026-09-16 20:00:21,597 LT1-thread root DEBUG gap.py                    890   gap_pair_v2               : None 224 4 3 0
2026-09-16 20:00:21,597 LT1-thread root DEBUG iutctl_common.py          161   send                      : 1 42 0 "bytearray(b'\\xe0N\\xe4\\x08\\xdc\\x1b\\x00\\x04\\x03\\x00')"
2026-09-16 20:00:21,598 LT1-thread root DEBUG iutctl_common.py          166   send                      : sending frame '012a000a00e04ee408dc1b00040300'
2026-09-16 20:00:21,598 LT1-thread root DEBUG gap.py                    1227  gap_command_rsp_succ      : 
2026-09-16 20:00:21,598 LT1-thread root DEBUG iutctl_common.py          339   read                      : 
2026-09-16 20:00:21,641 BTPWorkerThread-1383 (_rx_task) root DEBUG iutctl_common.py          123   read                      : Read 5 bytes
2026-09-16 20:00:21,653 BTPWorkerThread-1383 (_rx_task) root DEBUG iutctl_common.py          131   read                      : Received: hdr: Header(svc_id=0x01, op=0x2a, ctrl_index=0x00, data_len=0x00) bytearray(b'\x01*\x00\x00\x00')
2026-09-16 20:00:21,658 BTPWorkerThread-1383 (_rx_task) root DEBUG iutctl_common.py          154   read                      : Received data: {''}, bytearray(b'')
2026-09-16 20:00:21,664 BTPWorkerThread-1383 (_rx_task) root DEBUG iutctl_common.py          123   read                      : Read 5 bytes
2026-09-16 20:00:21,664 BTPWorkerThread-1383 (_rx_task) root DEBUG iutctl_common.py          131   read                      : Received: hdr: Header(svc_id=0x01, op=0x8b, ctrl_index=0x00, data_len=0x07) bytearray(b'\x01\x8b\x00\x07\x00')
2026-09-16 20:00:21,664 BTPWorkerThread-1383 (_rx_task) root DEBUG iutctl_common.py          139   read                      : Read 7 bytes data
2026-09-16 20:00:21,665 LT1-thread root DEBUG gap.py                    1232  gap_command_rsp_succ      : received Header(svc_id=1, op=42, ctrl_index=0, data_len=0) (b'',)
2026-09-16 20:00:21,665 LT1-thread root DEBUG l2cap.py                  67    l2cap_conn                : None 224 4097
2026-09-16 20:00:21,665 LT1-thread root DEBUG iutctl_common.py          161   send                      : 3 2 0 "bytearray(b'\\xe0N\\xe4\\x08\\xdc\\x1b\\x00\\x01\\x10x\\x00\\x01\\x00')"
2026-09-16 20:00:21,665 LT1-thread root DEBUG iutctl_common.py          166   send                      : sending frame '0302000d00e04ee408dc1b00011078000100'
2026-09-16 20:00:21,665 BTPWorkerThread-1383 (_rx_task) root DEBUG iutctl_common.py          154   read                      : Received data: {'e0 4e e4 08 dc 1b 00'}, bytearray(b'\xe0N\xe4\x08\xdc\x1b\x00')
2026-09-16 20:00:21,666 BTPWorkerThread-1383 (_rx_task) root DEBUG btp.py                    700   event_handler             : Header(svc_id=1, op=139, ctrl_index=0, data_len=7) (b'\xe0N\xe4\x08\xdc\x1b\x00',)
2026-09-16 20:00:21,666 BTPWorkerThread-1383 (_rx_task) root DEBUG gap.py                    348   gap_bond_lost_ev_         : 
2026-09-16 20:00:21,666 BTPWorkerThread-1383 (_rx_task) root DEBUG gap.py                    350   gap_bond_lost_ev_         : received b'\xe0N\xe4\x08\xdc\x1b\x00'
2026-09-16 20:00:21,666 BTPWorkerThread-1383 (_rx_task) root DEBUG gap.py                    359   gap_bond_lost_ev_         : received (224, '001bdc08e44e')
2026-09-16 20:00:21,666 LT1-thread root DEBUG l2cap.py                  170   l2cap_conn_rsp            : 
2026-09-16 20:00:21,666 LT1-thread root DEBUG iutctl_common.py          339   read                      : 
2026-09-16 20:00:21,702 BTPWorkerThread-1383 (_rx_task) root DEBUG iutctl_common.py          123   read                      : Read 5 bytes
2026-09-16 20:00:21,713 BTPWorkerThread-1383 (_rx_task) root DEBUG iutctl_common.py          131   read                      : Received: hdr: Header(svc_id=0x03, op=0x02, ctrl_index=0x00, data_len=0x02) bytearray(b'\x03\x02\x00\x02\x00')
2026-09-16 20:00:21,719 BTPWorkerThread-1383 (_rx_task) root DEBUG iutctl_common.py          139   read                      : Read 2 bytes data
2026-09-16 20:00:21,724 BTPWorkerThread-1383 (_rx_task) root DEBUG iutctl_common.py          154   read                      : Received data: {'01 02'}, bytearray(b'\x01\x02')
2026-09-16 20:00:21,729 LT1-thread root DEBUG l2cap.py                  175   l2cap_conn_rsp            : received Header(svc_id=3, op=2, ctrl_index=0, data_len=2) (b'\x01\x02',)
2026-09-16 20:00:21,729 LT1-thread root DEBUG l2cap.py                  97    l2cap_conn                : id [2]
2026-09-16 20:00:21,729 LT1-thread root DEBUG testcase.py               722   run_wid                   : Sending response 'Ok' to wid 103 test case GAP/SEC/SEM/BV-52-C
2026-09-16 20:00:21,730 BTPWorkerThread-1383 (_rx_task) root DEBUG iutctl_common.py          123   read                      : Read 5 bytes
2026-09-16 20:00:21,730 BTPWorkerThread-1383 (_rx_task) root DEBUG iutctl_common.py          131   read                      : Received: hdr: Header(svc_id=0x01, op=0x86, ctrl_index=0x00, data_len=0x0b) bytearray(b'\x01\x86\x00\x0b\x00')
2026-09-16 20:00:21,730 BTPWorkerThread-1383 (_rx_task) root DEBUG iutctl_common.py          139   read                      : Read 11 bytes data
2026-09-16 20:00:21,731 BTPWorkerThread-1383 (_rx_task) root DEBUG iutctl_common.py          154   read                      : Received data: {'e0 4e e4 08 dc 1b 00 f3 6d 0e 00'}, bytearray(b'\xe0N\xe4\x08\xdc\x1b\x00\xf3m\x0e\x00')
2026-09-16 20:00:21,731 BTPWorkerThread-1383 (_rx_task) root DEBUG btp.py                    700   event_handler             : Header(svc_id=1, op=134, ctrl_index=0, data_len=11) (b'\xe0N\xe4\x08\xdc\x1b\x00\xf3m\x0e\x00',)
2026-09-16 20:00:21,732 LT1-thread root DEBUG client.py                 276   get_result                : ClientCallback.get_result run_test_case
2026-09-16 20:00:21,732 BTPWorkerThread-1383 (_rx_task) root DEBUG gap.py                    460   gap_passkey_confirm_req_ev_ : 
2026-09-16 20:00:21,732 BTPWorkerThread-1383 (_rx_task) root DEBUG gap.py                    472   gap_passkey_confirm_req_ev_ : passkey = '945651'
2026-09-16 20:00:21,734 LT1-callback ClientCallback.on_implicit_send INFO client.py                 223   on_implicit_send          : 
    ********************
    BEGIN OnImplicitSend:
    project_name: GAP
    wid: 2001
    test_case_name: GAP/SEC/SEM/BV-52-C
    description: Please verify the passKey is correct: 945651
    style: MMI_Style_Yes_No1 0x11044
2026-09-16 20:00:21,734 LT1-callback ClientCallback.on_implicit_send INFO client.py                 236   on_implicit_send          : Calling test cases on_implicit_send
2026-09-16 20:00:21,734 LT1-callback ClientCallback.on_implicit_send INFO client.py                 249   on_implicit_send          : 
    on_implicit_send returned response: WAIT
    END OnImplicitSend
    ********************
2026-09-16 20:00:22,733 LT1-thread root DEBUG testcase.py               679   run_wid                   : GAP GAP/SEC/SEM/BV-52-C on_implicit_send
2026-09-16 20:00:22,733 LT1-thread root DEBUG gap_wid.py                26    gap_wid_hdl               : gap_wid_hdl, 2001, Please verify the passKey is correct: 945651, GAP/SEC/SEM/BV-52-C
2026-09-16 20:00:22,733 LT1-thread root DEBUG gap.py                    950   gap_passkey_confirm_response : '001bdc08e44e' 224
2026-09-16 20:00:22,733 LT1-thread root DEBUG iutctl_common.py          161   send                      : 1 20 0 "bytearray(b'\\xe0N\\xe4\\x08\\xdc\\x1b\\x00\\x01')"
2026-09-16 20:00:22,733 LT1-thread root DEBUG iutctl_common.py          166   send                      : sending frame '0114000800e04ee408dc1b0001'
2026-09-16 20:00:22,734 LT1-thread root DEBUG gap.py                    1227  gap_command_rsp_succ      : 
2026-09-16 20:00:22,734 LT1-thread root DEBUG iutctl_common.py          339   read                      : 
2026-09-16 20:00:22,771 BTPWorkerThread-1383 (_rx_task) root DEBUG iutctl_common.py          123   read                      : Read 5 bytes
2026-09-16 20:00:22,781 BTPWorkerThread-1383 (_rx_task) root DEBUG iutctl_common.py          131   read                      : Received: hdr: Header(svc_id=0x01, op=0x14, ctrl_index=0x00, data_len=0x00) bytearray(b'\x01\x14\x00\x00\x00')
2026-09-16 20:00:22,787 BTPWorkerThread-1383 (_rx_task) root DEBUG iutctl_common.py          154   read                      : Received data: {''}, bytearray(b'')
2026-09-16 20:00:22,793 LT1-thread root DEBUG gap.py                    1232  gap_command_rsp_succ      : received Header(svc_id=1, op=20, ctrl_index=0, data_len=0) (b'',)
2026-09-16 20:00:22,793 LT1-thread root DEBUG testcase.py               722   run_wid                   : Sending response 'Yes' to wid 2001 test case GAP/SEC/SEM/BV-52-C
2026-09-16 20:00:22,795 LT1-thread root DEBUG client.py                 276   get_result                : ClientCallback.get_result run_test_case
2026-09-16 20:00:22,841 BTPWorkerThread-1383 (_rx_task) root DEBUG iutctl_common.py          123   read                      : Read 5 bytes
2026-09-16 20:00:22,841 BTPWorkerThread-1383 (_rx_task) root DEBUG iutctl_common.py          131   read                      : Received: hdr: Header(svc_id=0x01, op=0x91, ctrl_index=0x00, data_len=0x09) bytearray(b'\x01\x91\x00\t\x00')
2026-09-16 20:00:22,841 BTPWorkerThread-1383 (_rx_task) root DEBUG iutctl_common.py          139   read                      : Read 9 bytes data
2026-09-16 20:00:22,842 BTPWorkerThread-1383 (_rx_task) root DEBUG iutctl_common.py          154   read                      : Received data: {'e0 4e e4 08 dc 1b 00 01 10'}, bytearray(b'\xe0N\xe4\x08\xdc\x1b\x00\x01\x10')
2026-09-16 20:00:22,842 BTPWorkerThread-1383 (_rx_task) root DEBUG btp.py                    700   event_handler             : Header(svc_id=1, op=145, ctrl_index=0, data_len=9) (b'\xe0N\xe4\x08\xdc\x1b\x00\x01\x10',)
2026-09-16 20:00:22,842 BTPWorkerThread-1383 (_rx_task) root DEBUG gap.py                    492   gap_encryption_change_ev_ : 
2026-09-16 20:00:22,842 BTPWorkerThread-1383 (_rx_task) root DEBUG gap.py                    494   gap_encryption_change_ev_ : enc change received b'\xe0N\xe4\x08\xdc\x1b\x00\x01\x10'
2026-09-16 20:00:22,842 BTPWorkerThread-1383 (_rx_task) root DEBUG gap.py                    503   gap_encryption_change_ev_ : received (224, '001bdc08e44e', 1, 16)
2026-09-16 20:00:22,842 BTPWorkerThread-1383 (_rx_task) root DEBUG iutctl_common.py          123   read                      : Read 5 bytes
2026-09-16 20:00:22,842 BTPWorkerThread-1383 (_rx_task) root DEBUG iutctl_common.py          131   read                      : Received: hdr: Header(svc_id=0x01, op=0x89, ctrl_index=0x00, data_len=0x08) bytearray(b'\x01\x89\x00\x08\x00')
2026-09-16 20:00:22,842 BTPWorkerThread-1383 (_rx_task) root DEBUG iutctl_common.py          139   read                      : Read 2 bytes data
2026-09-16 20:00:22,852 BTPWorkerThread-1383 (_rx_task) root DEBUG iutctl_common.py          139   read                      : Read 6 bytes data
2026-09-16 20:00:22,853 BTPWorkerThread-1383 (_rx_task) root DEBUG iutctl_common.py          154   read                      : Received data: {'e0 4e e4 08 dc 1b 00 04'}, bytearray(b'\xe0N\xe4\x08\xdc\x1b\x00\x04')
2026-09-16 20:00:22,853 BTPWorkerThread-1383 (_rx_task) root DEBUG btp.py                    700   event_handler             : Header(svc_id=1, op=137, ctrl_index=0, data_len=8) (b'\xe0N\xe4\x08\xdc\x1b\x00\x04',)
2026-09-16 20:00:22,853 BTPWorkerThread-1383 (_rx_task) root DEBUG gap.py                    298   gap_sec_level_changed_ev_ : 
2026-09-16 20:00:22,853 BTPWorkerThread-1383 (_rx_task) root DEBUG gap.py                    300   gap_sec_level_changed_ev_ : received b'\xe0N\xe4\x08\xdc\x1b\x00\x04'
2026-09-16 20:00:22,853 BTPWorkerThread-1383 (_rx_task) root DEBUG gap.py                    311   gap_sec_level_changed_ev_ : received (224, '001bdc08e44e', 4)
2026-09-16 20:00:23,862 LT1-callback ClientCallback.on_implicit_send INFO client.py                 223   on_implicit_send          : 
    ********************
    BEGIN OnImplicitSend:
    project_name: GAP
    wid: 77
    test_case_name: GAP/SEC/SEM/BV-52-C
    description: Please send a disconnect request to terminate connection.
    style: MMI_Style_Ok_Cancel2 0x11141
2026-09-16 20:00:23,862 LT1-callback ClientCallback.on_implicit_send INFO client.py                 236   on_implicit_send          : Calling test cases on_implicit_send
2026-09-16 20:00:23,863 LT1-callback ClientCallback.on_implicit_send INFO client.py                 249   on_implicit_send          : 
    on_implicit_send returned response: WAIT
    END OnImplicitSend
    ********************
2026-09-16 20:00:23,879 BTPWorkerThread-1383 (_rx_task) root DEBUG iutctl_common.py          123   read                      : Read 5 bytes
2026-09-16 20:00:23,880 BTPWorkerThread-1383 (_rx_task) root DEBUG iutctl_common.py          131   read                      : Received: hdr: Header(svc_id=0x03, op=0x81, ctrl_index=0x00, data_len=0x12) bytearray(b'\x03\x81\x00\x12\x00')
2026-09-16 20:00:23,880 BTPWorkerThread-1383 (_rx_task) root DEBUG iutctl_common.py          139   read                      : Read 18 bytes data
2026-09-16 20:00:23,880 BTPWorkerThread-1383 (_rx_task) root DEBUG iutctl_common.py          154   read                      : Received data: {'02 3d 00 a0 02 a0 02 78 00 78 00 e0 4e e4 08 dc 1b 00'}, bytearray(b'\x02=\x00\xa0\x02\xa0\x02x\x00x\x00\xe0N\xe4\x08\xdc\x1b\x00')
2026-09-16 20:00:23,880 BTPWorkerThread-1383 (_rx_task) root DEBUG btp.py                    700   event_handler             : Header(svc_id=3, op=129, ctrl_index=0, data_len=18) (b'\x02=\x00\xa0\x02\xa0\x02x\x00x\x00\xe0N\xe4\x08\xdc\x1b\x00',)
2026-09-16 20:00:23,880 BTPWorkerThread-1383 (_rx_task) root DEBUG l2cap.py                  384   l2cap_connected_ev        : b'\x02=\x00\xa0\x02\xa0\x02x\x00x\x00\xe0N\xe4\x08\xdc\x1b\x00' 18
2026-09-16 20:00:23,880 BTPWorkerThread-1383 (_rx_task) root DEBUG l2cap.py                  392   l2cap_connected_ev        : id:2 on psm:61, peer_mtu:672, peer_mps:672, our_mtu:120, our_mps:120, addr b'N\xe4\x08\xdc\x1b\x00' type 224
2026-09-16 20:00:24,795 LT1-thread root DEBUG testcase.py               679   run_wid                   : GAP GAP/SEC/SEM/BV-52-C on_implicit_send
2026-09-16 20:00:24,795 LT1-thread root DEBUG gap_wid.py                26    gap_wid_hdl               : gap_wid_hdl, 77, Please send a disconnect request to terminate connection., GAP/SEC/SEM/BV-52-C
2026-09-16 20:00:24,795 LT1-thread root DEBUG gap.py                    832   gap_disconnect            : None 224
2026-09-16 20:00:24,795 LT1-thread root DEBUG iutctl_common.py          161   send                      : 1 15 0 "bytearray(b'\\xe0N\\xe4\\x08\\xdc\\x1b\\x00')"
2026-09-16 20:00:24,795 LT1-thread root DEBUG iutctl_common.py          166   send                      : sending frame '010f000700e04ee408dc1b00'
2026-09-16 20:00:24,796 LT1-thread root DEBUG iutctl_common.py          339   read                      : 
2026-09-16 20:00:24,835 BTPWorkerThread-1383 (_rx_task) root DEBUG iutctl_common.py          123   read                      : Read 5 bytes
2026-09-16 20:00:24,841 BTPWorkerThread-1383 (_rx_task) root DEBUG iutctl_common.py          131   read                      : Received: hdr: Header(svc_id=0x01, op=0x0f, ctrl_index=0x00, data_len=0x00) bytearray(b'\x01\x0f\x00\x00\x00')
2026-09-16 20:00:24,847 BTPWorkerThread-1383 (_rx_task) root DEBUG iutctl_common.py          154   read                      : Received data: {''}, bytearray(b'')
2026-09-16 20:00:24,858 BTPWorkerThread-1383 (_rx_task) root DEBUG iutctl_common.py          123   read                      : Read 5 bytes
2026-09-16 20:00:24,859 BTPWorkerThread-1383 (_rx_task) root DEBUG iutctl_common.py          131   read                      : Received: hdr: Header(svc_id=0x03, op=0x82, ctrl_index=0x00, data_len=0x0c) bytearray(b'\x03\x82\x00\x0c\x00')
2026-09-16 20:00:24,859 BTPWorkerThread-1383 (_rx_task) root DEBUG iutctl_common.py          139   read                      : Read 12 bytes data
2026-09-16 20:00:24,859 BTPWorkerThread-1383 (_rx_task) root DEBUG iutctl_common.py          154   read                      : Received data: {'00 00 02 00 00 e0 4e e4 08 dc 1b 00'}, bytearray(b'\x00\x00\x02\x00\x00\xe0N\xe4\x08\xdc\x1b\x00')
2026-09-16 20:00:24,859 BTPWorkerThread-1383 (_rx_task) root DEBUG btp.py                    700   event_handler             : Header(svc_id=3, op=130, ctrl_index=0, data_len=12) (b'\x00\x00\x02\x00\x00\xe0N\xe4\x08\xdc\x1b\x00',)
2026-09-16 20:00:24,859 BTPWorkerThread-1383 (_rx_task) root DEBUG l2cap.py                  399   l2cap_disconnected_ev     : b'\x00\x00\x02\x00\x00\xe0N\xe4\x08\xdc\x1b\x00' 12
2026-09-16 20:00:24,859 BTPWorkerThread-1383 (_rx_task) root DEBUG l2cap.py                  406   l2cap_disconnected_ev     : id:2 on psm:0, addr b'N\xe4\x08\xdc\x1b\x00' type 224, res 'Success'
2026-09-16 20:00:24,859 BTPWorkerThread-1383 (_rx_task) root DEBUG iutctl_common.py          123   read                      : Read 5 bytes
2026-09-16 20:00:24,860 BTPWorkerThread-1383 (_rx_task) root DEBUG iutctl_common.py          131   read                      : Received: hdr: Header(svc_id=0x01, op=0x83, ctrl_index=0x00, data_len=0x07) bytearray(b'\x01\x83\x00\x07\x00')
2026-09-16 20:00:24,860 BTPWorkerThread-1383 (_rx_task) root DEBUG iutctl_common.py          139   read                      : Read 7 bytes data
2026-09-16 20:00:24,860 BTPWorkerThread-1383 (_rx_task) root DEBUG iutctl_common.py          154   read                      : Received data: {'e0 4e e4 08 dc 1b 00'}, bytearray(b'\xe0N\xe4\x08\xdc\x1b\x00')
2026-09-16 20:00:24,860 BTPWorkerThread-1383 (_rx_task) root DEBUG btp.py                    700   event_handler             : Header(svc_id=1, op=131, ctrl_index=0, data_len=7) (b'\xe0N\xe4\x08\xdc\x1b\x00',)
2026-09-16 20:00:24,860 BTPWorkerThread-1383 (_rx_task) root DEBUG gap.py                    226   gap_disconnected_ev_      : b'\xe0N\xe4\x08\xdc\x1b\x00'
2026-09-16 20:00:24,960 LT1-thread root DEBUG testcase.py               722   run_wid                   : Sending response 'OK' to wid 77 test case GAP/SEC/SEM/BV-52-C
2026-09-16 20:00:24,961 LT1-thread root DEBUG client.py                 276   get_result                : ClientCallback.get_result run_test_case
2026-09-16 20:00:29,947 LT1-callback ClientCallback.log INFO client.py                 200   log                       : PTS_LOGTYPE_START_TEST Start Test Case 

+1032 ms
 GAP/SEC/SEM/BV-52-C GAP/SEC/SEM/BV-52-C

2026-09-16 20:00:30,346 LT1-callback ClientCallback.log INFO client.py                 200   log                       : PTS_LOGTYPE_FINAL_VERDICT Final Verdict 

+51500 ms
 GAP/SEC/SEM/BV-52-C PASS

2026-09-16 20:00:30,350 LT1-callback ClientCallback.log INFO client.py                 200   log                       : PTS_LOGTYPE_FINAL_VERDICT Encrypted Verdict 

+51500 ms
 GAP/SEC/SEM/BV-52-C A1#ZWY4MzQ5MDg3MmQwNTIxOGQzMzQ5YjY2ODA5M2MzNjQ5ZDY4NmY0Yjc2MzIzM2VkNTUyNTFhNGU4Mjg1MjI0NA==#ZXXEV6ysttgSZsv7p2H/4pyEnureewSs4R06R3cZTvzQm50vKlZmhasNYMr/YCMX

2026-09-16 20:00:30,354 LT1-callback ClientCallback.log INFO client.py                 200   log                       : PTS_LOGTYPE_END_TEST Test Case Ended 

+51500 ms
 GAP/SEC/SEM/BV-52-C GAP/SEC/SEM/BV-52-C

2026-09-16 20:00:30,483 LT1-callback root DEBUG client.py                 261   set_result                : ClientCallback, set_result, run_test_case, PASS
2026-09-16 20:00:30,483 LT1-thread root DEBUG client.py                 1186  _run_test_case            : After run_test_case error_code=0 status='PASS'
2026-09-16 20:00:30,484 LT1-thread root DEBUG testcase.py               766   post_run                  : post_run GAP GAP/SEC/SEM/BV-52-C 0
2026-09-16 20:00:30,484 LT1-thread root DEBUG testcase.py               254   start                     : Starting test function: class=<class 'autopts.ptsprojects.testcase.TestFuncCleanUp'>, func=<bound method ZTestCase._test_case_cleanup of <autopts.ptsprojects.zephyr.ztestcase.ZTestCase object at 0x000002A769E6AC30>> start_wid=None stop_wid=None post_wid=None skip_call=None call_count=1 args=() kwds={}
2026-09-16 20:00:30,484 LT1-thread root DEBUG testcase.py               266   start                     : Test function parameters: args=(), kwds={}
2026-09-16 20:00:30,484 LT1-thread root DEBUG iutctl.py                 415   stop                      : <class 'autopts.ptsprojects.zephyr.iutctl.create_zephyr_ctl_class.<locals>.ZephyrCtl'>.stop
2026-09-16 20:00:30,484 LT1-thread root DEBUG __init__.py               51    reset                     : About to reset DUT: JLink -CommandFile reset.jlink -usb 1063214216 -device MIMXRT1176XXXA_M7
2026-09-16 20:00:30,807 BTPWorkerThread-1383 (_rx_task) root DEBUG iutctl_common.py          123   read                      : Read 5 bytes
2026-09-16 20:00:30,807 BTPWorkerThread-1383 (_rx_task) root DEBUG iutctl_common.py          131   read                      : Received: hdr: Header(svc_id=0x00, op=0x80, ctrl_index=0xff, data_len=0x00) bytearray(b'\x00\x80\xff\x00\x00')
2026-09-16 20:00:30,808 BTPWorkerThread-1383 (_rx_task) root DEBUG iutctl_common.py          154   read                      : Received data: {''}, bytearray(b'')
2026-09-16 20:00:30,808 BTPWorkerThread-1383 (_rx_task) root DEBUG btp.py                    700   event_handler             : Header(svc_id=0, op=128, ctrl_index=255, data_len=0) (b'',)
2026-09-16 20:00:30,808 BTPWorkerThread-1383 (_rx_task) root DEBUG core.py                   23    core_iut_ready_ev         : 
2026-09-16 20:00:30,866 LT1-thread root DEBUG iutctl.py                 436   _stop_tty_mode            : IUT ready event received OK
2026-09-16 20:00:30,866 LT1-thread root DEBUG iutctl_common.py          416   close                     : Waiting for _rx_worker to finish ...
2026-09-16 20:00:31,808 BTPWorkerThread-1383 (_rx_task) root DEBUG iutctl_common.py          332   _rx_task                  : BTPWorkerThread-1383 (_rx_task) finishing...
2026-09-16 20:00:34,815 LT1-thread root DEBUG testcase.py               794   post_run                  : post_run, cleanup running post test case script
2026-09-16 20:00:34,815 LT1-thread root DEBUG testcase.py               802   post_run                  : post_run, run post test case script
2026-09-16 20:00:34,898 LT1-thread root DEBUG client.py                 1220  _run_test_case            : Done TestCase _run_test_case GAP GAP/SEC/SEM/BV-52-C
