2026-10-09 00:22:31,358 LT1-thread root DEBUG client.py                 1099  _run_test_case            : Starting TestCase _run_test_case GAP GAP/SEC/SEM/BI-33-C
2026-10-09 00:22:31,358 LT1-thread root DEBUG testcase.py               727   pre_run                   : pre_run GAP GAP/SEC/SEM/BI-33-C
2026-10-09 00:22:31,358 LT1-thread root DEBUG testcase.py               729   pre_run                   : About to run test case GAP GAP/SEC/SEM/BI-33-C with commands:
2026-10-09 00:22:31,358 LT1-thread root DEBUG testcase.py               731   pre_run                   : 0) class=<class 'autopts.ptsprojects.testcase.TestFunc'>, func=<bound method ZTestCase._test_case_start of <autopts.ptsprojects.zephyr.ztestcase.ZTestCase object at 0x000002C687B5D1C0>> start_wid=None stop_wid=None post_wid=None skip_call=None call_count=0 args=() kwds={}
2026-10-09 00:22:31,358 LT1-thread root DEBUG testcase.py               731   pre_run                   : 1) class=<class 'autopts.ptsprojects.testcase.TestFunc'>, func=<function core_reg_svc_gap at 0x000002C684E2E160> start_wid=None stop_wid=None post_wid=None skip_call=None call_count=143 args=() kwds={}
2026-10-09 00:22:31,358 LT1-thread root DEBUG testcase.py               731   pre_run                   : 2) class=<class 'autopts.ptsprojects.testcase.TestFunc'>, func=<bound method Stack.gap_init of <autopts.ptsprojects.stack.stack.Stack object at 0x000002C6862F6F00>> start_wid=None stop_wid=None post_wid=None skip_call=None call_count=143 args=(b'Tester_08E44E', 'ABCD', '1111', '1111', '11', '1111', b'\x17github.com/auto-pts', (8, 'PADV_Tester'), 'FF') kwds={}
2026-10-09 00:22:31,358 LT1-thread root DEBUG testcase.py               731   pre_run                   : 3) class=<class 'autopts.ptsprojects.testcase.TestFunc'>, func=<function gap_read_controller_info at 0x000002C684E6EB60> start_wid=None stop_wid=None post_wid=None skip_call=None call_count=143 args=() kwds={}
2026-10-09 00:22:31,358 LT1-thread root DEBUG testcase.py               731   pre_run                   : 4) class=<class 'autopts.ptsprojects.testcase.TestFunc'>, func=<function test_cases.<locals>.<lambda> at 0x000002C687A6FA60> start_wid=None stop_wid=None post_wid=None skip_call=None call_count=143 args=() kwds={}
2026-10-09 00:22:31,358 LT1-thread root DEBUG testcase.py               731   pre_run                   : 5) class=<class 'autopts.ptsprojects.testcase.TestFunc'>, func=<function test_cases.<locals>.<lambda> at 0x000002C687A6F920> start_wid=None stop_wid=None post_wid=None skip_call=None call_count=143 args=() kwds={}
2026-10-09 00:22:31,358 LT1-thread root DEBUG testcase.py               731   pre_run                   : 6) class=<class 'autopts.ptsprojects.testcase.TestFunc'>, func=<function test_cases.<locals>.<lambda> at 0x000002C687ABC2C0> start_wid=None stop_wid=None post_wid=None skip_call=None call_count=143 args=() kwds={}
2026-10-09 00:22:31,358 LT1-thread root DEBUG testcase.py               731   pre_run                   : 7) class=<class 'autopts.ptsprojects.testcase.TestFunc'>, func=<function test_cases.<locals>.<lambda> at 0x000002C687ABC400> start_wid=None stop_wid=None post_wid=None skip_call=None call_count=143 args=() kwds={}
2026-10-09 00:22:31,360 LT1-thread root DEBUG testcase.py               731   pre_run                   : 8) class=<class 'autopts.ptsprojects.testcase.TestFunc'>, func=<function test_cases.<locals>.<lambda> at 0x000002C687ABC360> start_wid=None stop_wid=None post_wid=None skip_call=None call_count=143 args=() kwds={}
2026-10-09 00:22:31,360 LT1-thread root DEBUG testcase.py               731   pre_run                   : 9) class=<class 'autopts.ptsprojects.testcase.TestFunc'>, func=<function test_cases.<locals>.<lambda> at 0x000002C687ABC4A0> start_wid=None stop_wid=None post_wid=None skip_call=None call_count=143 args=() kwds={}
2026-10-09 00:22:31,360 LT1-thread root DEBUG testcase.py               731   pre_run                   : 10) class=<class 'autopts.ptsprojects.testcase.TestFunc'>, func=<function test_cases.<locals>.<lambda> at 0x000002C687ABC540> start_wid=None stop_wid=None post_wid=None skip_call=None call_count=143 args=() kwds={}
2026-10-09 00:22:31,360 LT1-thread root DEBUG testcase.py               731   pre_run                   : 11) class=<class 'autopts.ptsprojects.testcase.TestFunc'>, func=<function test_cases.<locals>.<lambda> at 0x000002C687ABC5E0> start_wid=None stop_wid=None post_wid=None skip_call=None call_count=143 args=() kwds={}
2026-10-09 00:22:31,360 LT1-thread root DEBUG testcase.py               731   pre_run                   : 12) class=<class 'autopts.ptsprojects.testcase.TestFunc'>, func=<function test_cases.<locals>.<lambda> at 0x000002C687ABC680> start_wid=None stop_wid=None post_wid=None skip_call=None call_count=143 args=() kwds={}
2026-10-09 00:22:31,360 LT1-thread root DEBUG testcase.py               731   pre_run                   : 13) class=<class 'autopts.ptsprojects.testcase.TestFunc'>, func=<function test_cases.<locals>.<lambda> at 0x000002C687ABC720> start_wid=None stop_wid=None post_wid=None skip_call=None call_count=143 args=() kwds={}
2026-10-09 00:22:31,361 LT1-thread root DEBUG testcase.py               731   pre_run                   : 14) class=<class 'autopts.ptsprojects.testcase.TestFunc'>, func=<function core_reg_svc_gatt at 0x000002C684E2E2A0> start_wid=None stop_wid=None post_wid=None skip_call=None call_count=143 args=() kwds={}
2026-10-09 00:22:31,361 LT1-thread root DEBUG testcase.py               731   pre_run                   : 15) class=<class 'autopts.ptsprojects.testcase.TestFunc'>, func=<bound method Stack.gatt_init of <autopts.ptsprojects.stack.stack.Stack object at 0x000002C6862F6F00>> start_wid=None stop_wid=None post_wid=None skip_call=None call_count=143 args=() kwds={}
2026-10-09 00:22:31,361 LT1-thread root DEBUG testcase.py               731   pre_run                   : 16) class=<class 'autopts.ptsprojects.testcase.TestFunc'>, func=<function gap_set_io_capability at 0x000002C684E6E020> start_wid=None stop_wid=None post_wid=None skip_call=None call_count=143 args=(4,) kwds={}
2026-10-09 00:22:31,361 LT1-thread root DEBUG testcase.py               731   pre_run                   : 17) class=<class 'autopts.ptsprojects.testcase.TestFunc'>, func=<function gap_set_broadcast_code at 0x000002C684E74220> start_wid=None stop_wid=None post_wid=None skip_call=None call_count=143 args=('0102680553F1415AA265BBAFC6EA03B8',) kwds={}
2026-10-09 00:22:31,361 LT1-thread root DEBUG testcase.py               731   pre_run                   : 18) class=<class 'autopts.ptsprojects.testcase.TestFunc'>, func=<function set_pts_addr at 0x000002C684E2DD00> start_wid=None stop_wid=None post_wid=None skip_call=None call_count=143 args=('00:1B:DC:08:E4:4E', 0) kwds={}
2026-10-09 00:22:31,361 LT1-thread root DEBUG testcase.py               731   pre_run                   : 19) class=<class 'autopts.ptsprojects.testcase.TestFunc'>, func=<function gatts_add_svc at 0x000002C684E85940> start_wid=None stop_wid=None post_wid=None skip_call=None call_count=104 args=(0, 'AA51') kwds={}
2026-10-09 00:22:31,361 LT1-thread root DEBUG testcase.py               731   pre_run                   : 20) class=<class 'autopts.ptsprojects.testcase.TestFunc'>, func=<function gatts_add_char at 0x000002C684E85A80> start_wid=None stop_wid=None post_wid=None skip_call=None call_count=104 args=(0, 2, 17, 'AA52') kwds={}
2026-10-09 00:22:31,361 LT1-thread root DEBUG testcase.py               731   pre_run                   : 21) class=<class 'autopts.ptsprojects.testcase.TestFunc'>, func=<function gatts_set_val at 0x000002C684E85B20> start_wid=None stop_wid=None post_wid=None skip_call=None call_count=104 args=(0, '01') kwds={}
2026-10-09 00:22:31,361 LT1-thread root DEBUG testcase.py               731   pre_run                   : 22) class=<class 'autopts.ptsprojects.testcase.TestFunc'>, func=<function gatts_add_char at 0x000002C684E85A80> start_wid=None stop_wid=None post_wid=None skip_call=None call_count=104 args=(0, 2, 5, 'AA53') kwds={}
2026-10-09 00:22:31,361 LT1-thread root DEBUG testcase.py               731   pre_run                   : 23) class=<class 'autopts.ptsprojects.testcase.TestFunc'>, func=<function gatts_set_val at 0x000002C684E85B20> start_wid=None stop_wid=None post_wid=None skip_call=None call_count=104 args=(0, '02') kwds={}
2026-10-09 00:22:31,362 LT1-thread root DEBUG testcase.py               731   pre_run                   : 24) class=<class 'autopts.ptsprojects.testcase.TestFunc'>, func=<function gatts_add_char at 0x000002C684E85A80> start_wid=None stop_wid=None post_wid=None skip_call=None call_count=104 args=(0, 10, 48, 'AA55') kwds={}
2026-10-09 00:22:31,362 LT1-thread root DEBUG testcase.py               731   pre_run                   : 25) class=<class 'autopts.ptsprojects.testcase.TestFunc'>, func=<function gatts_set_val at 0x000002C684E85B20> start_wid=None stop_wid=None post_wid=None skip_call=None call_count=104 args=(0, '04') kwds={}
2026-10-09 00:22:31,362 LT1-thread root DEBUG testcase.py               731   pre_run                   : 26) class=<class 'autopts.ptsprojects.testcase.TestFunc'>, func=<function gatts_start_server at 0x000002C684E85DA0> start_wid=None stop_wid=None post_wid=None skip_call=None call_count=104 args=() kwds={}
2026-10-09 00:22:31,362 LT1-thread root DEBUG testcase.py               731   pre_run                   : 27) class=<class 'autopts.ptsprojects.testcase.TestFuncCleanUp'>, func=<bound method ZTestCase._test_case_cleanup of <autopts.ptsprojects.zephyr.ztestcase.ZTestCase object at 0x000002C687B5D1C0>> start_wid=None stop_wid=None post_wid=None skip_call=None call_count=0 args=() kwds={}
2026-10-09 00:22:31,362 LT1-thread root DEBUG testcase.py               738   pre_run                   : pre_run, run pre test case script
2026-10-09 00:22:31,370 LT1-thread root DEBUG testcase.py               254   start                     : Starting test function: class=<class 'autopts.ptsprojects.testcase.TestFunc'>, func=<bound method ZTestCase._test_case_start of <autopts.ptsprojects.zephyr.ztestcase.ZTestCase object at 0x000002C687B5D1C0>> start_wid=None stop_wid=None post_wid=None skip_call=None call_count=1 args=() kwds={}
2026-10-09 00:22:31,370 LT1-thread root DEBUG testcase.py               266   start                     : Test function parameters: args=(), kwds={}
2026-10-09 00:22:31,370 LT1-thread root DEBUG iutctl.py                 172   start                     : <class 'autopts.ptsprojects.zephyr.iutctl.create_zephyr_ctl_class.<locals>.ZephyrCtl'>.start
2026-10-09 00:22:31,370 LT1-thread root DEBUG iutctl.py                 325   flush_serial              : <class 'autopts.ptsprojects.zephyr.iutctl.create_zephyr_ctl_class.<locals>.ZephyrCtl'>.flush_serial
2026-10-09 00:22:32,551 LT1-thread root DEBUG iutctl.py                 249   _start_tty_mode           : Starting socat process: socat.exe -x -v tcp:10.17.12.9:63115,retry=100,interval=1 /dev/ttyS2,raw,b115200,
2026-10-09 00:22:32,558 LT1-thread root DEBUG iutctl_common.py          402   accept                    : 
2026-10-09 00:22:32,632 BTPWorkerThread-11407 (_rx_task) root DEBUG iutctl_common.py          299   _rx_task                  : BTPWorkerThread-11407 (_rx_task) started
2026-10-09 00:22:32,633 LT1-thread root DEBUG iutctl.py                 395   wait_iut_ready_event      : IUT ready event received OK
2026-10-09 00:22:32,633 LT1-thread root DEBUG btp.py                    51    read_supp_svcs            : 
2026-10-09 00:22:32,633 LT1-thread root DEBUG iutctl_common.py          161   send                      : 0 2 255 ''
2026-10-09 00:22:32,633 LT1-thread root DEBUG iutctl_common.py          166   send                      : sending frame '0002ff0000'
2026-10-09 00:22:32,634 LT1-thread root DEBUG iutctl_common.py          339   read                      : 
2026-10-09 00:22:32,646 BTPWorkerThread-11407 (_rx_task) root DEBUG iutctl_common.py          123   read                      : Read 5 bytes
2026-10-09 00:22:32,656 BTPWorkerThread-11407 (_rx_task) root DEBUG iutctl_common.py          131   read                      : Received: hdr: Header(svc_id=0x00, op=0x02, ctrl_index=0xff, data_len=0x06) bytearray(b'\x00\x02\xff\x06\x00')
2026-10-09 00:22:32,661 BTPWorkerThread-11407 (_rx_task) root DEBUG iutctl_common.py          139   read                      : Read 6 bytes data
2026-10-09 00:22:32,672 BTPWorkerThread-11407 (_rx_task) root DEBUG iutctl_common.py          154   read                      : Received data: {'0f 00 00 a0 ff 03'}, bytearray(b'\x0f\x00\x00\xa0\xff\x03')
2026-10-09 00:22:32,678 LT1-thread root DEBUG btp.py                    62    read_supp_svcs            : received Header(svc_id=0, op=2, ctrl_index=255, data_len=6) (b'\x0f\x00\x00\xa0\xff\x03',)
2026-10-09 00:22:32,678 LT1-thread root DEBUG testcase.py               254   start                     : Starting test function: class=<class 'autopts.ptsprojects.testcase.TestFunc'>, func=<function core_reg_svc_gap at 0x000002C684E2E160> start_wid=None stop_wid=None post_wid=None skip_call=None call_count=144 args=() kwds={}
2026-10-09 00:22:32,678 LT1-thread root DEBUG testcase.py               266   start                     : Test function parameters: args=(), kwds={}
2026-10-09 00:22:32,678 LT1-thread root DEBUG btp.py                    117   core_reg_svc_univ         : core_reg_svc_univ: gap_reg (GAP)
2026-10-09 00:22:32,678 LT1-thread root DEBUG iutctl_common.py          161   send                      : 0 3 255 '1'
2026-10-09 00:22:32,678 LT1-thread root DEBUG iutctl_common.py          166   send                      : sending frame '0003ff010001'
2026-10-09 00:22:32,678 LT1-thread root DEBUG btp.py                    654   core_reg_svc_rsp_succ     : 
2026-10-09 00:22:32,679 LT1-thread root DEBUG iutctl_common.py          339   read                      : 
2026-10-09 00:22:36,784 BTPWorkerThread-11407 (_rx_task) root DEBUG iutctl_common.py          123   read                      : Read 5 bytes
2026-10-09 00:22:36,789 BTPWorkerThread-11407 (_rx_task) root DEBUG iutctl_common.py          131   read                      : Received: hdr: Header(svc_id=0x00, op=0x03, ctrl_index=0xff, data_len=0x00) bytearray(b'\x00\x03\xff\x00\x00')
2026-10-09 00:22:36,795 BTPWorkerThread-11407 (_rx_task) root DEBUG iutctl_common.py          154   read                      : Received data: {''}, bytearray(b'')
2026-10-09 00:22:36,806 LT1-thread root DEBUG btp.py                    665   core_reg_svc_rsp_succ     : received Header(svc_id=0, op=3, ctrl_index=255, data_len=0) (b'',)
2026-10-09 00:22:36,806 LT1-thread root DEBUG btp.py                    666   core_reg_svc_rsp_succ     : expected ((0, 3, 255, 0), (b'',))
2026-10-09 00:22:36,806 LT1-thread root DEBUG btp.py                    671   core_reg_svc_rsp_succ     : response is valid
2026-10-09 00:22:36,806 LT1-thread root DEBUG btp.py                    674   core_reg_svc_rsp_succ     : Reading supported commands for service: GAP
2026-10-09 00:22:36,806 LT1-thread root DEBUG iutctl_common.py          161   send                      : 1 1 255 ''
2026-10-09 00:22:36,806 LT1-thread root DEBUG iutctl_common.py          166   send                      : sending frame '0101ff0000'
2026-10-09 00:22:36,806 LT1-thread root DEBUG iutctl_common.py          339   read                      : 
2026-10-09 00:22:36,845 BTPWorkerThread-11407 (_rx_task) root DEBUG iutctl_common.py          123   read                      : Read 5 bytes
2026-10-09 00:22:36,850 BTPWorkerThread-11407 (_rx_task) root DEBUG iutctl_common.py          131   read                      : Received: hdr: Header(svc_id=0x01, op=0x01, ctrl_index=0xff, data_len=0x07) bytearray(b'\x01\x01\xff\x07\x00')
2026-10-09 00:22:36,865 BTPWorkerThread-11407 (_rx_task) root DEBUG iutctl_common.py          139   read                      : Read 7 bytes data
2026-10-09 00:22:36,871 BTPWorkerThread-11407 (_rx_task) root DEBUG iutctl_common.py          154   read                      : Received data: {'6e ff 7f 1f fe ff 2e'}, bytearray(b'n\xff\x7f\x1f\xfe\xff.')
2026-10-09 00:22:36,877 LT1-thread root DEBUG testcase.py               254   start                     : Starting test function: class=<class 'autopts.ptsprojects.testcase.TestFunc'>, func=<bound method Stack.gap_init of <autopts.ptsprojects.stack.stack.Stack object at 0x000002C6862F6F00>> start_wid=None stop_wid=None post_wid=None skip_call=None call_count=144 args=(b'Tester_08E44E', 'ABCD', '1111', '1111', '11', '1111', b'\x17github.com/auto-pts', (8, 'PADV_Tester'), 'FF') kwds={}
2026-10-09 00:22:36,877 LT1-thread root DEBUG testcase.py               266   start                     : Test function parameters: args=(b'Tester_08E44E', 'ABCD', '1111', '1111', '11', '1111', b'\x17github.com/auto-pts', (8, 'PADV_Tester'), 'FF'), kwds={}
2026-10-09 00:22:36,877 LT1-thread root DEBUG testcase.py               254   start                     : Starting test function: class=<class 'autopts.ptsprojects.testcase.TestFunc'>, func=<function gap_read_controller_info at 0x000002C684E6EB60> start_wid=None stop_wid=None post_wid=None skip_call=None call_count=144 args=() kwds={}
2026-10-09 00:22:36,877 LT1-thread root DEBUG testcase.py               266   start                     : Test function parameters: args=(), kwds={}
2026-10-09 00:22:36,877 LT1-thread root DEBUG gap.py                    1163  gap_read_controller_info  : 
2026-10-09 00:22:36,877 LT1-thread root DEBUG iutctl_common.py          161   send                      : 1 3 0 ''
2026-10-09 00:22:36,877 LT1-thread root DEBUG iutctl_common.py          166   send                      : sending frame '0103000000'
2026-10-09 00:22:36,877 LT1-thread root DEBUG iutctl_common.py          339   read                      : 
2026-10-09 00:22:36,915 BTPWorkerThread-11407 (_rx_task) root DEBUG iutctl_common.py          123   read                      : Read 5 bytes
2026-10-09 00:22:36,926 BTPWorkerThread-11407 (_rx_task) root DEBUG iutctl_common.py          131   read                      : Received: hdr: Header(svc_id=0x01, op=0x03, ctrl_index=0x00, data_len=0x115) bytearray(b'\x01\x03\x00\x15\x01')
2026-10-09 00:22:36,941 BTPWorkerThread-11407 (_rx_task) root DEBUG iutctl_common.py          139   read                      : Read 277 bytes data
2026-10-09 00:22:36,946 BTPWorkerThread-11407 (_rx_task) root DEBUG iutctl_common.py          154   read                      : Received data: {'19 78 ee 69 17 d0 d3 06 02 00 13 02 00 00 00 00 00 62 74 70 5f 74 65 73 74 65 72 00 00 00 00 00 00 00 00 00 00 00 00 00 00 00 00 00 00 00 00 00 00 00 00 00 00 00 00 00 00 00 00 00 00 00 00 00 00 00 00 00 00 00 00 00 00 00 00 00 00 00 00 00 00 00 00 00 00 00 00 00 00 00 00 00 00 00 00 00 00 00 00 00 00 00 00 00 00 00 00 00 00 00 00 00 00 00 00 00 00 00 00 00 00 00 00 00 00 00 00 00 00 00 00 00 00 00 00 00 00 00 00 00 00 00 00 00 00 00 00 00 00 00 00 00 00 00 00 00 00 00 00 00 00 00 00 00 00 00 00 00 00 00 00 00 00 00 00 00 00 00 00 00 00 00 00 00 00 00 00 00 00 00 00 00 00 00 00 00 00 00 00 00 00 00 00 00 00 00 00 00 00 00 00 00 00 00 00 00 00 00 00 00 00 00 00 00 00 00 00 00 00 00 00 00 00 00 00 00 00 00 00 00 00 00 00 00 00 00 00 00 00 00 00 00 00 00 00 00 00 00 00 00 00 00 00 00 00 00 00 00 00 00 00 00 00 00 00 00 00'}, bytearray(b'\x19x\xeei\x17\xd0\xd3\x06\x02\x00\x13\x02\x00\x00\x00\x00\x00btp_tester\x00\x00\x00\x00\x00\x00\x00\x00\x00\x00\x00\x00\x00\x00\x00\x00\x00\x00\x00\x00\x00\x00\x00\x00\x00\x00\x00\x00\x00\x00\x00\x00\x00\x00\x00\x00\x00\x00\x00\x00\x00\x00\x00\x00\x00\x00\x00\x00\x00\x00\x00\x00\x00\x00\x00\x00\x00\x00\x00\x00\x00\x00\x00\x00\x00\x00\x00\x00\x00\x00\x00\x00\x00\x00\x00\x00\x00\x00\x00\x00\x00\x00\x00\x00\x00\x00\x00\x00\x00\x00\x00\x00\x00\x00\x00\x00\x00\x00\x00\x00\x00\x00\x00\x00\x00\x00\x00\x00\x00\x00\x00\x00\x00\x00\x00\x00\x00\x00\x00\x00\x00\x00\x00\x00\x00\x00\x00\x00\x00\x00\x00\x00\x00\x00\x00\x00\x00\x00\x00\x00\x00\x00\x00\x00\x00\x00\x00\x00\x00\x00\x00\x00\x00\x00\x00\x00\x00\x00\x00\x00\x00\x00\x00\x00\x00\x00\x00\x00\x00\x00\x00\x00\x00\x00\x00\x00\x00\x00\x00\x00\x00\x00\x00\x00\x00\x00\x00\x00\x00\x00\x00\x00\x00\x00\x00\x00\x00\x00\x00\x00\x00\x00\x00\x00\x00\x00\x00\x00\x00\x00\x00\x00\x00\x00\x00\x00\x00\x00\x00\x00\x00\x00\x00\x00\x00\x00\x00\x00\x00\x00\x00\x00\x00\x00\x00\x00\x00\x00\x00\x00\x00\x00\x00\x00\x00\x00\x00\x00\x00\x00')
2026-10-09 00:22:36,951 LT1-thread root DEBUG gap.py                    1170  gap_read_controller_info  : received Header(svc_id=1, op=3, ctrl_index=0, data_len=277) (b'\x19x\xeei\x17\xd0\xd3\x06\x02\x00\x13\x02\x00\x00\x00\x00\x00btp_tester\x00\x00\x00\x00\x00\x00\x00\x00\x00\x00\x00\x00\x00\x00\x00\x00\x00\x00\x00\x00\x00\x00\x00\x00\x00\x00\x00\x00\x00\x00\x00\x00\x00\x00\x00\x00\x00\x00\x00\x00\x00\x00\x00\x00\x00\x00\x00\x00\x00\x00\x00\x00\x00\x00\x00\x00\x00\x00\x00\x00\x00\x00\x00\x00\x00\x00\x00\x00\x00\x00\x00\x00\x00\x00\x00\x00\x00\x00\x00\x00\x00\x00\x00\x00\x00\x00\x00\x00\x00\x00\x00\x00\x00\x00\x00\x00\x00\x00\x00\x00\x00\x00\x00\x00\x00\x00\x00\x00\x00\x00\x00\x00\x00\x00\x00\x00\x00\x00\x00\x00\x00\x00\x00\x00\x00\x00\x00\x00\x00\x00\x00\x00\x00\x00\x00\x00\x00\x00\x00\x00\x00\x00\x00\x00\x00\x00\x00\x00\x00\x00\x00\x00\x00\x00\x00\x00\x00\x00\x00\x00\x00\x00\x00\x00\x00\x00\x00\x00\x00\x00\x00\x00\x00\x00\x00\x00\x00\x00\x00\x00\x00\x00\x00\x00\x00\x00\x00\x00\x00\x00\x00\x00\x00\x00\x00\x00\x00\x00\x00\x00\x00\x00\x00\x00\x00\x00\x00\x00\x00\x00\x00\x00\x00\x00\x00\x00\x00\x00\x00\x00\x00\x00\x00\x00\x00\x00\x00\x00\x00\x00\x00\x00\x00\x00\x00\x00\x00\x00\x00\x00\x00\x00\x00\x00\x00\x00\x00\x00\x00\x00',)
2026-10-09 00:22:36,951 LT1-thread root DEBUG gap.py                    1191  gap_read_controller_info  : IUT address 'd01769ee7819' 'public'
2026-10-09 00:22:36,951 LT1-thread root DEBUG gap.py                    596   __gap_current_settings_update : 531
2026-10-09 00:22:36,951 LT1-thread root DEBUG testcase.py               254   start                     : Starting test function: class=<class 'autopts.ptsprojects.testcase.TestFunc'>, func=<function test_cases.<locals>.<lambda> at 0x000002C687A6FA60> start_wid=None stop_wid=None post_wid=None skip_call=None call_count=144 args=() kwds={}
2026-10-09 00:22:36,951 LT1-thread root DEBUG testcase.py               266   start                     : Test function parameters: args=(), kwds={}
2026-10-09 00:22:36,960 LT1-thread root DEBUG testcase.py               254   start                     : Starting test function: class=<class 'autopts.ptsprojects.testcase.TestFunc'>, func=<function test_cases.<locals>.<lambda> at 0x000002C687A6F920> start_wid=None stop_wid=None post_wid=None skip_call=None call_count=144 args=() kwds={}
2026-10-09 00:22:36,960 LT1-thread root DEBUG testcase.py               266   start                     : Test function parameters: args=(), kwds={}
2026-10-09 00:22:36,968 LT1-thread root DEBUG testcase.py               254   start                     : Starting test function: class=<class 'autopts.ptsprojects.testcase.TestFunc'>, func=<function test_cases.<locals>.<lambda> at 0x000002C687ABC2C0> start_wid=None stop_wid=None post_wid=None skip_call=None call_count=144 args=() kwds={}
2026-10-09 00:22:36,968 LT1-thread root DEBUG testcase.py               266   start                     : Test function parameters: args=(), kwds={}
2026-10-09 00:22:36,976 LT1-thread root DEBUG testcase.py               254   start                     : Starting test function: class=<class 'autopts.ptsprojects.testcase.TestFunc'>, func=<function test_cases.<locals>.<lambda> at 0x000002C687ABC400> start_wid=None stop_wid=None post_wid=None skip_call=None call_count=144 args=() kwds={}
2026-10-09 00:22:36,976 LT1-thread root DEBUG testcase.py               266   start                     : Test function parameters: args=(), kwds={}
2026-10-09 00:22:36,983 LT1-thread root DEBUG testcase.py               254   start                     : Starting test function: class=<class 'autopts.ptsprojects.testcase.TestFunc'>, func=<function test_cases.<locals>.<lambda> at 0x000002C687ABC360> start_wid=None stop_wid=None post_wid=None skip_call=None call_count=144 args=() kwds={}
2026-10-09 00:22:36,984 LT1-thread root DEBUG testcase.py               266   start                     : Test function parameters: args=(), kwds={}
2026-10-09 00:22:36,991 LT1-thread root DEBUG testcase.py               254   start                     : Starting test function: class=<class 'autopts.ptsprojects.testcase.TestFunc'>, func=<function test_cases.<locals>.<lambda> at 0x000002C687ABC4A0> start_wid=None stop_wid=None post_wid=None skip_call=None call_count=144 args=() kwds={}
2026-10-09 00:22:36,992 LT1-thread root DEBUG testcase.py               266   start                     : Test function parameters: args=(), kwds={}
2026-10-09 00:22:36,999 LT1-thread root DEBUG testcase.py               254   start                     : Starting test function: class=<class 'autopts.ptsprojects.testcase.TestFunc'>, func=<function test_cases.<locals>.<lambda> at 0x000002C687ABC540> start_wid=None stop_wid=None post_wid=None skip_call=None call_count=144 args=() kwds={}
2026-10-09 00:22:36,999 LT1-thread root DEBUG testcase.py               266   start                     : Test function parameters: args=(), kwds={}
2026-10-09 00:22:37,007 LT1-thread root DEBUG testcase.py               254   start                     : Starting test function: class=<class 'autopts.ptsprojects.testcase.TestFunc'>, func=<function test_cases.<locals>.<lambda> at 0x000002C687ABC5E0> start_wid=None stop_wid=None post_wid=None skip_call=None call_count=144 args=() kwds={}
2026-10-09 00:22:37,007 LT1-thread root DEBUG testcase.py               266   start                     : Test function parameters: args=(), kwds={}
2026-10-09 00:22:37,014 LT1-thread root DEBUG testcase.py               254   start                     : Starting test function: class=<class 'autopts.ptsprojects.testcase.TestFunc'>, func=<function test_cases.<locals>.<lambda> at 0x000002C687ABC680> start_wid=None stop_wid=None post_wid=None skip_call=None call_count=144 args=() kwds={}
2026-10-09 00:22:37,014 LT1-thread root DEBUG testcase.py               266   start                     : Test function parameters: args=(), kwds={}
2026-10-09 00:22:37,023 LT1-thread root DEBUG testcase.py               254   start                     : Starting test function: class=<class 'autopts.ptsprojects.testcase.TestFunc'>, func=<function test_cases.<locals>.<lambda> at 0x000002C687ABC720> start_wid=None stop_wid=None post_wid=None skip_call=None call_count=144 args=() kwds={}
2026-10-09 00:22:37,023 LT1-thread root DEBUG testcase.py               266   start                     : Test function parameters: args=(), kwds={}
2026-10-09 00:22:37,031 LT1-thread root DEBUG testcase.py               254   start                     : Starting test function: class=<class 'autopts.ptsprojects.testcase.TestFunc'>, func=<function core_reg_svc_gatt at 0x000002C684E2E2A0> start_wid=None stop_wid=None post_wid=None skip_call=None call_count=144 args=() kwds={}
2026-10-09 00:22:37,031 LT1-thread root DEBUG testcase.py               266   start                     : Test function parameters: args=(), kwds={}
2026-10-09 00:22:37,031 LT1-thread root DEBUG btp.py                    117   core_reg_svc_univ         : core_reg_svc_univ: gatt_reg (GATT)
2026-10-09 00:22:37,031 LT1-thread root DEBUG iutctl_common.py          161   send                      : 0 3 255 '2'
2026-10-09 00:22:37,031 LT1-thread root DEBUG iutctl_common.py          166   send                      : sending frame '0003ff010002'
2026-10-09 00:22:37,031 LT1-thread root DEBUG btp.py                    654   core_reg_svc_rsp_succ     : 
2026-10-09 00:22:37,031 LT1-thread root DEBUG iutctl_common.py          339   read                      : 
2026-10-09 00:22:37,072 BTPWorkerThread-11407 (_rx_task) root DEBUG iutctl_common.py          123   read                      : Read 5 bytes
2026-10-09 00:22:37,077 BTPWorkerThread-11407 (_rx_task) root DEBUG iutctl_common.py          131   read                      : Received: hdr: Header(svc_id=0x00, op=0x03, ctrl_index=0xff, data_len=0x00) bytearray(b'\x00\x03\xff\x00\x00')
2026-10-09 00:22:37,077 BTPWorkerThread-11407 (_rx_task) root DEBUG iutctl_common.py          154   read                      : Received data: {''}, bytearray(b'')
2026-10-09 00:22:37,083 LT1-thread root DEBUG btp.py                    665   core_reg_svc_rsp_succ     : received Header(svc_id=0, op=3, ctrl_index=255, data_len=0) (b'',)
2026-10-09 00:22:37,083 LT1-thread root DEBUG btp.py                    666   core_reg_svc_rsp_succ     : expected ((0, 3, 255, 0), (b'',))
2026-10-09 00:22:37,083 LT1-thread root DEBUG btp.py                    671   core_reg_svc_rsp_succ     : response is valid
2026-10-09 00:22:37,083 LT1-thread root DEBUG btp.py                    674   core_reg_svc_rsp_succ     : Reading supported commands for service: GATT
2026-10-09 00:22:37,083 LT1-thread root DEBUG iutctl_common.py          161   send                      : 2 1 255 ''
2026-10-09 00:22:37,083 LT1-thread root DEBUG iutctl_common.py          166   send                      : sending frame '0201ff0000'
2026-10-09 00:22:37,084 LT1-thread root DEBUG iutctl_common.py          339   read                      : 
2026-10-09 00:22:37,122 BTPWorkerThread-11407 (_rx_task) root DEBUG iutctl_common.py          123   read                      : Read 5 bytes
2026-10-09 00:22:37,132 BTPWorkerThread-11407 (_rx_task) root DEBUG iutctl_common.py          131   read                      : Received: hdr: Header(svc_id=0x02, op=0x01, ctrl_index=0xff, data_len=0x05) bytearray(b'\x02\x01\xff\x05\x00')
2026-10-09 00:22:37,149 BTPWorkerThread-11407 (_rx_task) root DEBUG iutctl_common.py          139   read                      : Read 5 bytes data
2026-10-09 00:22:37,155 BTPWorkerThread-11407 (_rx_task) root DEBUG iutctl_common.py          154   read                      : Received data: {'fe fe bf fd 0f'}, bytearray(b'\xfe\xfe\xbf\xfd\x0f')
2026-10-09 00:22:37,160 LT1-thread root DEBUG testcase.py               254   start                     : Starting test function: class=<class 'autopts.ptsprojects.testcase.TestFunc'>, func=<bound method Stack.gatt_init of <autopts.ptsprojects.stack.stack.Stack object at 0x000002C6862F6F00>> start_wid=None stop_wid=None post_wid=None skip_call=None call_count=144 args=() kwds={}
2026-10-09 00:22:37,160 LT1-thread root DEBUG testcase.py               266   start                     : Test function parameters: args=(), kwds={}
2026-10-09 00:22:37,160 LT1-thread root DEBUG testcase.py               254   start                     : Starting test function: class=<class 'autopts.ptsprojects.testcase.TestFunc'>, func=<function gap_set_io_capability at 0x000002C684E6E020> start_wid=None stop_wid=None post_wid=None skip_call=None call_count=144 args=(4,) kwds={}
2026-10-09 00:22:37,160 LT1-thread root DEBUG testcase.py               266   start                     : Test function parameters: args=(4,), kwds={}
2026-10-09 00:22:37,160 LT1-thread root DEBUG gap.py                    861   gap_set_io_capability     : 4
2026-10-09 00:22:37,160 LT1-thread root DEBUG iutctl_common.py          161   send                      : 1 16 0 '\x04'
2026-10-09 00:22:37,160 LT1-thread root DEBUG iutctl_common.py          166   send                      : sending frame '011000010004'
2026-10-09 00:22:37,160 LT1-thread root DEBUG gap.py                    1229  gap_command_rsp_succ      : 
2026-10-09 00:22:37,161 LT1-thread root DEBUG iutctl_common.py          339   read                      : 
2026-10-09 00:22:37,201 BTPWorkerThread-11407 (_rx_task) root DEBUG iutctl_common.py          123   read                      : Read 5 bytes
2026-10-09 00:22:37,207 BTPWorkerThread-11407 (_rx_task) root DEBUG iutctl_common.py          131   read                      : Received: hdr: Header(svc_id=0x01, op=0x10, ctrl_index=0x00, data_len=0x00) bytearray(b'\x01\x10\x00\x00\x00')
2026-10-09 00:22:37,212 BTPWorkerThread-11407 (_rx_task) root DEBUG iutctl_common.py          154   read                      : Received data: {''}, bytearray(b'')
2026-10-09 00:22:37,217 LT1-thread root DEBUG gap.py                    1234  gap_command_rsp_succ      : received Header(svc_id=1, op=16, ctrl_index=0, data_len=0) (b'',)
2026-10-09 00:22:37,217 LT1-thread root DEBUG testcase.py               254   start                     : Starting test function: class=<class 'autopts.ptsprojects.testcase.TestFunc'>, func=<function gap_set_broadcast_code at 0x000002C684E74220> start_wid=None stop_wid=None post_wid=None skip_call=None call_count=144 args=('0102680553F1415AA265BBAFC6EA03B8',) kwds={}
2026-10-09 00:22:37,217 LT1-thread root DEBUG testcase.py               266   start                     : Test function parameters: args=('0102680553F1415AA265BBAFC6EA03B8',), kwds={}
2026-10-09 00:22:37,217 LT1-thread root DEBUG gap.py                    1891  gap_set_broadcast_code    : '0102680553F1415AA265BBAFC6EA03B8'
2026-10-09 00:22:37,217 LT1-thread root DEBUG testcase.py               254   start                     : Starting test function: class=<class 'autopts.ptsprojects.testcase.TestFunc'>, func=<function set_pts_addr at 0x000002C684E2DD00> start_wid=None stop_wid=None post_wid=None skip_call=None call_count=144 args=('00:1B:DC:08:E4:4E', 0) kwds={}
2026-10-09 00:22:37,217 LT1-thread root DEBUG testcase.py               266   start                     : Test function parameters: args=('00:1B:DC:08:E4:4E', 0), kwds={}
2026-10-09 00:22:37,217 LT1-thread root DEBUG testcase.py               254   start                     : Starting test function: class=<class 'autopts.ptsprojects.testcase.TestFunc'>, func=<function gatts_add_svc at 0x000002C684E85940> start_wid=None stop_wid=None post_wid=None skip_call=None call_count=105 args=(0, 'AA51') kwds={}
2026-10-09 00:22:37,217 LT1-thread root DEBUG testcase.py               266   start                     : Test function parameters: args=(0, 'AA51'), kwds={}
2026-10-09 00:22:37,217 LT1-thread root DEBUG gatt.py                   143   gatts_add_svc             : 0 'AA51'
2026-10-09 00:22:37,217 LT1-thread root DEBUG iutctl_common.py          161   send                      : 2 2 0 "bytearray(b'\\x00\\x02Q\\xaa')"
2026-10-09 00:22:37,217 LT1-thread root DEBUG iutctl_common.py          166   send                      : sending frame '0202000400000251aa'
2026-10-09 00:22:37,218 LT1-thread root DEBUG gatt.py                   1190  gatt_command_rsp_succ     : 
2026-10-09 00:22:37,218 LT1-thread root DEBUG iutctl_common.py          339   read                      : 
2026-10-09 00:22:37,256 BTPWorkerThread-11407 (_rx_task) root DEBUG iutctl_common.py          123   read                      : Read 5 bytes
2026-10-09 00:22:37,261 BTPWorkerThread-11407 (_rx_task) root DEBUG iutctl_common.py          131   read                      : Received: hdr: Header(svc_id=0x02, op=0x02, ctrl_index=0x00, data_len=0x02) bytearray(b'\x02\x02\x00\x02\x00')
2026-10-09 00:22:37,267 BTPWorkerThread-11407 (_rx_task) root DEBUG iutctl_common.py          139   read                      : Read 2 bytes data
2026-10-09 00:22:37,272 BTPWorkerThread-11407 (_rx_task) root DEBUG iutctl_common.py          154   read                      : Received data: {'00 00'}, bytearray(b'\x00\x00')
2026-10-09 00:22:37,278 LT1-thread root DEBUG gatt.py                   1195  gatt_command_rsp_succ     : received Header(svc_id=2, op=2, ctrl_index=0, data_len=2) (b'\x00\x00',)
2026-10-09 00:22:37,278 LT1-thread root DEBUG testcase.py               254   start                     : Starting test function: class=<class 'autopts.ptsprojects.testcase.TestFunc'>, func=<function gatts_add_char at 0x000002C684E85A80> start_wid=None stop_wid=None post_wid=None skip_call=None call_count=105 args=(0, 2, 17, 'AA52') kwds={}
2026-10-09 00:22:37,278 LT1-thread root DEBUG testcase.py               266   start                     : Test function parameters: args=(0, 2, 17, 'AA52'), kwds={}
2026-10-09 00:22:37,278 LT1-thread root DEBUG gatt.py                   177   gatts_add_char            : 0 2 17 'AA52'
2026-10-09 00:22:37,278 LT1-thread root DEBUG iutctl_common.py          161   send                      : 2 3 0 "bytearray(b'\\x00\\x00\\x02\\x11\\x02R\\xaa')"
2026-10-09 00:22:37,278 LT1-thread root DEBUG iutctl_common.py          166   send                      : sending frame '0203000700000002110252aa'
2026-10-09 00:22:37,278 LT1-thread root DEBUG gatt.py                   1190  gatt_command_rsp_succ     : 
2026-10-09 00:22:37,279 LT1-thread root DEBUG iutctl_common.py          339   read                      : 
2026-10-09 00:22:37,315 BTPWorkerThread-11407 (_rx_task) root DEBUG iutctl_common.py          123   read                      : Read 5 bytes
2026-10-09 00:22:37,320 BTPWorkerThread-11407 (_rx_task) root DEBUG iutctl_common.py          131   read                      : Received: hdr: Header(svc_id=0x02, op=0x03, ctrl_index=0x00, data_len=0x02) bytearray(b'\x02\x03\x00\x02\x00')
2026-10-09 00:22:37,331 BTPWorkerThread-11407 (_rx_task) root DEBUG iutctl_common.py          139   read                      : Read 2 bytes data
2026-10-09 00:22:37,336 BTPWorkerThread-11407 (_rx_task) root DEBUG iutctl_common.py          154   read                      : Received data: {'00 00'}, bytearray(b'\x00\x00')
2026-10-09 00:22:37,347 LT1-thread root DEBUG gatt.py                   1195  gatt_command_rsp_succ     : received Header(svc_id=2, op=3, ctrl_index=0, data_len=2) (b'\x00\x00',)
2026-10-09 00:22:37,347 LT1-thread root DEBUG testcase.py               254   start                     : Starting test function: class=<class 'autopts.ptsprojects.testcase.TestFunc'>, func=<function gatts_set_val at 0x000002C684E85B20> start_wid=None stop_wid=None post_wid=None skip_call=None call_count=105 args=(0, '01') kwds={}
2026-10-09 00:22:37,347 LT1-thread root DEBUG testcase.py               266   start                     : Test function parameters: args=(0, '01'), kwds={}
2026-10-09 00:22:37,347 LT1-thread root DEBUG gatt.py                   209   gatts_set_val             : 0 '01' 
2026-10-09 00:22:37,347 LT1-thread root DEBUG iutctl_common.py          161   send                      : 2 6 0 "bytearray(b'\\x00\\x00\\x01\\x00\\x01')"
2026-10-09 00:22:37,347 LT1-thread root DEBUG iutctl_common.py          166   send                      : sending frame '02060005000000010001'
2026-10-09 00:22:37,347 LT1-thread root DEBUG gatt.py                   1190  gatt_command_rsp_succ     : 
2026-10-09 00:22:37,348 LT1-thread root DEBUG iutctl_common.py          339   read                      : 
2026-10-09 00:22:37,380 BTPWorkerThread-11407 (_rx_task) root DEBUG iutctl_common.py          123   read                      : Read 5 bytes
2026-10-09 00:22:37,391 BTPWorkerThread-11407 (_rx_task) root DEBUG iutctl_common.py          131   read                      : Received: hdr: Header(svc_id=0x02, op=0x06, ctrl_index=0x00, data_len=0x00) bytearray(b'\x02\x06\x00\x00\x00')
2026-10-09 00:22:37,397 BTPWorkerThread-11407 (_rx_task) root DEBUG iutctl_common.py          154   read                      : Received data: {''}, bytearray(b'')
2026-10-09 00:22:37,403 LT1-thread root DEBUG gatt.py                   1195  gatt_command_rsp_succ     : received Header(svc_id=2, op=6, ctrl_index=0, data_len=0) (b'',)
2026-10-09 00:22:37,403 LT1-thread root DEBUG testcase.py               254   start                     : Starting test function: class=<class 'autopts.ptsprojects.testcase.TestFunc'>, func=<function gatts_add_char at 0x000002C684E85A80> start_wid=None stop_wid=None post_wid=None skip_call=None call_count=105 args=(0, 2, 5, 'AA53') kwds={}
2026-10-09 00:22:37,403 LT1-thread root DEBUG testcase.py               266   start                     : Test function parameters: args=(0, 2, 5, 'AA53'), kwds={}
2026-10-09 00:22:37,403 LT1-thread root DEBUG gatt.py                   177   gatts_add_char            : 0 2 5 'AA53'
2026-10-09 00:22:37,403 LT1-thread root DEBUG iutctl_common.py          161   send                      : 2 3 0 "bytearray(b'\\x00\\x00\\x02\\x05\\x02S\\xaa')"
2026-10-09 00:22:37,403 LT1-thread root DEBUG iutctl_common.py          166   send                      : sending frame '0203000700000002050253aa'
2026-10-09 00:22:37,404 LT1-thread root DEBUG gatt.py                   1190  gatt_command_rsp_succ     : 
2026-10-09 00:22:37,404 LT1-thread root DEBUG iutctl_common.py          339   read                      : 
2026-10-09 00:22:37,441 BTPWorkerThread-11407 (_rx_task) root DEBUG iutctl_common.py          123   read                      : Read 5 bytes
2026-10-09 00:22:37,446 BTPWorkerThread-11407 (_rx_task) root DEBUG iutctl_common.py          131   read                      : Received: hdr: Header(svc_id=0x02, op=0x03, ctrl_index=0x00, data_len=0x02) bytearray(b'\x02\x03\x00\x02\x00')
2026-10-09 00:22:37,452 BTPWorkerThread-11407 (_rx_task) root DEBUG iutctl_common.py          139   read                      : Read 2 bytes data
2026-10-09 00:22:37,458 BTPWorkerThread-11407 (_rx_task) root DEBUG iutctl_common.py          154   read                      : Received data: {'00 00'}, bytearray(b'\x00\x00')
2026-10-09 00:22:37,469 LT1-thread root DEBUG gatt.py                   1195  gatt_command_rsp_succ     : received Header(svc_id=2, op=3, ctrl_index=0, data_len=2) (b'\x00\x00',)
2026-10-09 00:22:37,469 LT1-thread root DEBUG testcase.py               254   start                     : Starting test function: class=<class 'autopts.ptsprojects.testcase.TestFunc'>, func=<function gatts_set_val at 0x000002C684E85B20> start_wid=None stop_wid=None post_wid=None skip_call=None call_count=105 args=(0, '02') kwds={}
2026-10-09 00:22:37,469 LT1-thread root DEBUG testcase.py               266   start                     : Test function parameters: args=(0, '02'), kwds={}
2026-10-09 00:22:37,469 LT1-thread root DEBUG gatt.py                   209   gatts_set_val             : 0 '02' 
2026-10-09 00:22:37,469 LT1-thread root DEBUG iutctl_common.py          161   send                      : 2 6 0 "bytearray(b'\\x00\\x00\\x01\\x00\\x02')"
2026-10-09 00:22:37,469 LT1-thread root DEBUG iutctl_common.py          166   send                      : sending frame '02060005000000010002'
2026-10-09 00:22:37,469 LT1-thread root DEBUG gatt.py                   1190  gatt_command_rsp_succ     : 
2026-10-09 00:22:37,470 LT1-thread root DEBUG iutctl_common.py          339   read                      : 
2026-10-09 00:22:37,505 BTPWorkerThread-11407 (_rx_task) root DEBUG iutctl_common.py          123   read                      : Read 5 bytes
2026-10-09 00:22:37,516 BTPWorkerThread-11407 (_rx_task) root DEBUG iutctl_common.py          131   read                      : Received: hdr: Header(svc_id=0x02, op=0x06, ctrl_index=0x00, data_len=0x00) bytearray(b'\x02\x06\x00\x00\x00')
2026-10-09 00:22:37,521 BTPWorkerThread-11407 (_rx_task) root DEBUG iutctl_common.py          154   read                      : Received data: {''}, bytearray(b'')
2026-10-09 00:22:37,532 LT1-thread root DEBUG gatt.py                   1195  gatt_command_rsp_succ     : received Header(svc_id=2, op=6, ctrl_index=0, data_len=0) (b'',)
2026-10-09 00:22:37,532 LT1-thread root DEBUG testcase.py               254   start                     : Starting test function: class=<class 'autopts.ptsprojects.testcase.TestFunc'>, func=<function gatts_add_char at 0x000002C684E85A80> start_wid=None stop_wid=None post_wid=None skip_call=None call_count=105 args=(0, 10, 48, 'AA55') kwds={}
2026-10-09 00:22:37,532 LT1-thread root DEBUG testcase.py               266   start                     : Test function parameters: args=(0, 10, 48, 'AA55'), kwds={}
2026-10-09 00:22:37,532 LT1-thread root DEBUG gatt.py                   177   gatts_add_char            : 0 10 48 'AA55'
2026-10-09 00:22:37,532 LT1-thread root DEBUG iutctl_common.py          161   send                      : 2 3 0 "bytearray(b'\\x00\\x00\\n0\\x02U\\xaa')"
2026-10-09 00:22:37,532 LT1-thread root DEBUG iutctl_common.py          166   send                      : sending frame '020300070000000a300255aa'
2026-10-09 00:22:37,532 LT1-thread root DEBUG gatt.py                   1190  gatt_command_rsp_succ     : 
2026-10-09 00:22:37,533 LT1-thread root DEBUG iutctl_common.py          339   read                      : 
2026-10-09 00:22:37,570 BTPWorkerThread-11407 (_rx_task) root DEBUG iutctl_common.py          123   read                      : Read 5 bytes
2026-10-09 00:22:37,576 BTPWorkerThread-11407 (_rx_task) root DEBUG iutctl_common.py          131   read                      : Received: hdr: Header(svc_id=0x02, op=0x03, ctrl_index=0x00, data_len=0x02) bytearray(b'\x02\x03\x00\x02\x00')
2026-10-09 00:22:37,582 BTPWorkerThread-11407 (_rx_task) root DEBUG iutctl_common.py          139   read                      : Read 2 bytes data
2026-10-09 00:22:37,587 BTPWorkerThread-11407 (_rx_task) root DEBUG iutctl_common.py          154   read                      : Received data: {'00 00'}, bytearray(b'\x00\x00')
2026-10-09 00:22:37,593 LT1-thread root DEBUG gatt.py                   1195  gatt_command_rsp_succ     : received Header(svc_id=2, op=3, ctrl_index=0, data_len=2) (b'\x00\x00',)
2026-10-09 00:22:37,593 LT1-thread root DEBUG testcase.py               254   start                     : Starting test function: class=<class 'autopts.ptsprojects.testcase.TestFunc'>, func=<function gatts_set_val at 0x000002C684E85B20> start_wid=None stop_wid=None post_wid=None skip_call=None call_count=105 args=(0, '04') kwds={}
2026-10-09 00:22:37,593 LT1-thread root DEBUG testcase.py               266   start                     : Test function parameters: args=(0, '04'), kwds={}
2026-10-09 00:22:37,593 LT1-thread root DEBUG gatt.py                   209   gatts_set_val             : 0 '04' 
2026-10-09 00:22:37,593 LT1-thread root DEBUG iutctl_common.py          161   send                      : 2 6 0 "bytearray(b'\\x00\\x00\\x01\\x00\\x04')"
2026-10-09 00:22:37,593 LT1-thread root DEBUG iutctl_common.py          166   send                      : sending frame '02060005000000010004'
2026-10-09 00:22:37,593 LT1-thread root DEBUG gatt.py                   1190  gatt_command_rsp_succ     : 
2026-10-09 00:22:37,594 LT1-thread root DEBUG iutctl_common.py          339   read                      : 
2026-10-09 00:22:37,629 BTPWorkerThread-11407 (_rx_task) root DEBUG iutctl_common.py          123   read                      : Read 5 bytes
2026-10-09 00:22:37,639 BTPWorkerThread-11407 (_rx_task) root DEBUG iutctl_common.py          131   read                      : Received: hdr: Header(svc_id=0x02, op=0x06, ctrl_index=0x00, data_len=0x00) bytearray(b'\x02\x06\x00\x00\x00')
2026-10-09 00:22:37,645 BTPWorkerThread-11407 (_rx_task) root DEBUG iutctl_common.py          154   read                      : Received data: {''}, bytearray(b'')
2026-10-09 00:22:37,650 LT1-thread root DEBUG gatt.py                   1195  gatt_command_rsp_succ     : received Header(svc_id=2, op=6, ctrl_index=0, data_len=0) (b'',)
2026-10-09 00:22:37,650 LT1-thread root DEBUG testcase.py               254   start                     : Starting test function: class=<class 'autopts.ptsprojects.testcase.TestFunc'>, func=<function gatts_start_server at 0x000002C684E85DA0> start_wid=None stop_wid=None post_wid=None skip_call=None call_count=105 args=() kwds={}
2026-10-09 00:22:37,650 LT1-thread root DEBUG testcase.py               266   start                     : Test function parameters: args=(), kwds={}
2026-10-09 00:22:37,650 LT1-thread root DEBUG gatt.py                   306   gatts_start_server        : 
2026-10-09 00:22:37,650 LT1-thread root DEBUG iutctl_common.py          161   send                      : 2 7 0 ''
2026-10-09 00:22:37,650 LT1-thread root DEBUG iutctl_common.py          166   send                      : sending frame '0207000000'
2026-10-09 00:22:37,650 LT1-thread root DEBUG gatt.py                   1190  gatt_command_rsp_succ     : 
2026-10-09 00:22:37,650 LT1-thread root DEBUG iutctl_common.py          339   read                      : 
2026-10-09 00:22:37,690 BTPWorkerThread-11407 (_rx_task) root DEBUG iutctl_common.py          123   read                      : Read 5 bytes
2026-10-09 00:22:37,695 BTPWorkerThread-11407 (_rx_task) root DEBUG iutctl_common.py          131   read                      : Received: hdr: Header(svc_id=0x02, op=0x07, ctrl_index=0x00, data_len=0x03) bytearray(b'\x02\x07\x00\x03\x00')
2026-10-09 00:22:37,701 BTPWorkerThread-11407 (_rx_task) root DEBUG iutctl_common.py          139   read                      : Read 3 bytes data
2026-10-09 00:22:37,712 BTPWorkerThread-11407 (_rx_task) root DEBUG iutctl_common.py          154   read                      : Received data: {'00 00 00'}, bytearray(b'\x00\x00\x00')
2026-10-09 00:22:37,727 LT1-thread root DEBUG gatt.py                   1195  gatt_command_rsp_succ     : received Header(svc_id=2, op=7, ctrl_index=0, data_len=3) (b'\x00\x00\x00',)
2026-10-09 00:22:37,729 LT1-thread root DEBUG client.py                 276   get_result                : ClientCallback.get_result run_test_case
2026-10-09 00:22:39,709 LT1-callback ClientCallback.on_implicit_send INFO client.py                 223   on_implicit_send          : 
    ********************
    BEGIN OnImplicitSend:
    project_name: GAP
    wid: 102
    test_case_name: GAP/SEC/SEM/BI-33-C
    description: Please send an HCI connect request to establish a basic rate connection after the IUT discovers the Lower Tester over BR and LE.
    style: MMI_Style_Ok_Cancel2 0x11141
2026-10-09 00:22:39,709 LT1-callback ClientCallback.on_implicit_send INFO client.py                 236   on_implicit_send          : Calling test cases on_implicit_send
2026-10-09 00:22:39,709 LT1-callback ClientCallback.on_implicit_send INFO client.py                 249   on_implicit_send          : 
    on_implicit_send returned response: WAIT
    END OnImplicitSend
    ********************
2026-10-09 00:22:39,730 LT1-thread root DEBUG testcase.py               679   run_wid                   : GAP GAP/SEC/SEM/BI-33-C on_implicit_send
2026-10-09 00:22:39,730 LT1-thread root DEBUG gap_wid.py                26    gap_wid_hdl               : gap_wid_hdl, 102, Please send an HCI connect request to establish a basic rate connection after the IUT discovers the Lower Tester over BR and LE., GAP/SEC/SEM/BI-33-C
2026-10-09 00:22:39,730 LT1-thread root DEBUG gap.py                    1122  gap_start_discovery       : 
2026-10-09 00:22:39,730 LT1-thread root DEBUG iutctl_common.py          161   send                      : 1 12 0 '\x02'
2026-10-09 00:22:39,730 LT1-thread root DEBUG iutctl_common.py          166   send                      : sending frame '010c00010002'
2026-10-09 00:22:39,731 LT1-thread root DEBUG gap.py                    1229  gap_command_rsp_succ      : 
2026-10-09 00:22:39,731 LT1-thread root DEBUG iutctl_common.py          339   read                      : 
2026-10-09 00:22:39,768 BTPWorkerThread-11407 (_rx_task) root DEBUG iutctl_common.py          123   read                      : Read 5 bytes
2026-10-09 00:22:39,779 BTPWorkerThread-11407 (_rx_task) root DEBUG iutctl_common.py          131   read                      : Received: hdr: Header(svc_id=0x01, op=0x0c, ctrl_index=0x00, data_len=0x00) bytearray(b'\x01\x0c\x00\x00\x00')
2026-10-09 00:22:39,791 BTPWorkerThread-11407 (_rx_task) root DEBUG iutctl_common.py          154   read                      : Received data: {''}, bytearray(b'')
2026-10-09 00:22:39,791 LT1-thread root DEBUG gap.py                    1234  gap_command_rsp_succ      : received Header(svc_id=1, op=12, ctrl_index=0, data_len=0) (b'',)
2026-10-09 00:22:40,308 BTPWorkerThread-11407 (_rx_task) root DEBUG iutctl_common.py          123   read                      : Read 5 bytes
2026-10-09 00:22:40,308 BTPWorkerThread-11407 (_rx_task) root DEBUG iutctl_common.py          131   read                      : Received: hdr: Header(svc_id=0x01, op=0x81, ctrl_index=0x00, data_len=0x0b) bytearray(b'\x01\x81\x00\x0b\x00')
2026-10-09 00:22:40,308 BTPWorkerThread-11407 (_rx_task) root DEBUG iutctl_common.py          139   read                      : Read 11 bytes data
2026-10-09 00:22:40,309 BTPWorkerThread-11407 (_rx_task) root DEBUG iutctl_common.py          154   read                      : Received data: {'e0 b6 1e d2 64 d5 ac bd 03 00 00'}, bytearray(b'\xe0\xb6\x1e\xd2d\xd5\xac\xbd\x03\x00\x00')
2026-10-09 00:22:40,309 BTPWorkerThread-11407 (_rx_task) root DEBUG btp.py                    736   event_handler             : Header(svc_id=1, op=129, ctrl_index=0, data_len=11) (b'\xe0\xb6\x1e\xd2d\xd5\xac\xbd\x03\x00\x00',)
2026-10-09 00:22:40,309 BTPWorkerThread-11407 (_rx_task) root DEBUG gap.py                    193   gap_device_found_ev_      : b'\xe0\xb6\x1e\xd2d\xd5\xac\xbd\x03\x00\x00'
2026-10-09 00:22:40,309 BTPWorkerThread-11407 (_rx_task) root DEBUG gap.py                    207   gap_device_found_ev_      : found 'acd564d21eb6' type 224 eir b''
2026-10-09 00:22:40,384 BTPWorkerThread-11407 (_rx_task) root DEBUG iutctl_common.py          123   read                      : Read 5 bytes
2026-10-09 00:22:40,384 BTPWorkerThread-11407 (_rx_task) root DEBUG iutctl_common.py          131   read                      : Received: hdr: Header(svc_id=0x01, op=0x81, ctrl_index=0x00, data_len=0x26) bytearray(b'\x01\x81\x00&\x00')
2026-10-09 00:22:40,384 BTPWorkerThread-11407 (_rx_task) root DEBUG iutctl_common.py          139   read                      : Read 20 bytes data
2026-10-09 00:22:40,395 BTPWorkerThread-11407 (_rx_task) root DEBUG iutctl_common.py          139   read                      : Read 18 bytes data
2026-10-09 00:22:40,395 BTPWorkerThread-11407 (_rx_task) root DEBUG iutctl_common.py          154   read                      : Received data: {'e0 53 00 4c 17 e5 44 ae 03 1b 00 09 09 4e 58 4c 36 36 35 32 38 02 0a 0c 0d 03 0c 11 0a 11 0b 11 0e 11 1f 11 1e 11'}, bytearray(b'\xe0S\x00L\x17\xe5D\xae\x03\x1b\x00\t\tNXL66528\x02\n\x0c\r\x03\x0c\x11\n\x11\x0b\x11\x0e\x11\x1f\x11\x1e\x11')
2026-10-09 00:22:40,395 BTPWorkerThread-11407 (_rx_task) root DEBUG btp.py                    736   event_handler             : Header(svc_id=1, op=129, ctrl_index=0, data_len=38) (b'\xe0S\x00L\x17\xe5D\xae\x03\x1b\x00\t\tNXL66528\x02\n\x0c\r\x03\x0c\x11\n\x11\x0b\x11\x0e\x11\x1f\x11\x1e\x11',)
2026-10-09 00:22:40,395 BTPWorkerThread-11407 (_rx_task) root DEBUG gap.py                    193   gap_device_found_ev_      : b'\xe0S\x00L\x17\xe5D\xae\x03\x1b\x00\t\tNXL66528\x02\n\x0c\r\x03\x0c\x11\n\x11\x0b\x11\x0e\x11\x1f\x11\x1e\x11'
2026-10-09 00:22:40,396 BTPWorkerThread-11407 (_rx_task) root DEBUG gap.py                    207   gap_device_found_ev_      : found '44e5174c0053' type 224 eir b'\t\tNXL66528\x02\n\x0c\r\x03\x0c\x11\n\x11\x0b\x11\x0e\x11\x1f\x11\x1e\x11'
2026-10-09 00:22:40,469 BTPWorkerThread-11407 (_rx_task) root DEBUG iutctl_common.py          123   read                      : Read 5 bytes
2026-10-09 00:22:40,470 BTPWorkerThread-11407 (_rx_task) root DEBUG iutctl_common.py          131   read                      : Received: hdr: Header(svc_id=0x01, op=0x81, ctrl_index=0x00, data_len=0x26) bytearray(b'\x01\x81\x00&\x00')
2026-10-09 00:22:40,470 BTPWorkerThread-11407 (_rx_task) root DEBUG iutctl_common.py          139   read                      : Read 38 bytes data
2026-10-09 00:22:40,470 BTPWorkerThread-11407 (_rx_task) root DEBUG iutctl_common.py          154   read                      : Received data: {'e0 53 00 4c 17 e5 44 ad 03 1b 00 09 09 4e 58 4c 36 36 35 32 38 02 0a 0c 0d 03 0c 11 0a 11 0b 11 0e 11 1f 11 1e 11'}, bytearray(b'\xe0S\x00L\x17\xe5D\xad\x03\x1b\x00\t\tNXL66528\x02\n\x0c\r\x03\x0c\x11\n\x11\x0b\x11\x0e\x11\x1f\x11\x1e\x11')
2026-10-09 00:22:40,470 BTPWorkerThread-11407 (_rx_task) root DEBUG btp.py                    736   event_handler             : Header(svc_id=1, op=129, ctrl_index=0, data_len=38) (b'\xe0S\x00L\x17\xe5D\xad\x03\x1b\x00\t\tNXL66528\x02\n\x0c\r\x03\x0c\x11\n\x11\x0b\x11\x0e\x11\x1f\x11\x1e\x11',)
2026-10-09 00:22:40,470 BTPWorkerThread-11407 (_rx_task) root DEBUG gap.py                    193   gap_device_found_ev_      : b'\xe0S\x00L\x17\xe5D\xad\x03\x1b\x00\t\tNXL66528\x02\n\x0c\r\x03\x0c\x11\n\x11\x0b\x11\x0e\x11\x1f\x11\x1e\x11'
2026-10-09 00:22:40,470 BTPWorkerThread-11407 (_rx_task) root DEBUG gap.py                    207   gap_device_found_ev_      : found '44e5174c0053' type 224 eir b'\t\tNXL66528\x02\n\x0c\r\x03\x0c\x11\n\x11\x0b\x11\x0e\x11\x1f\x11\x1e\x11'
2026-10-09 00:22:40,641 BTPWorkerThread-11407 (_rx_task) root DEBUG iutctl_common.py          123   read                      : Read 5 bytes
2026-10-09 00:22:40,641 BTPWorkerThread-11407 (_rx_task) root DEBUG iutctl_common.py          131   read                      : Received: hdr: Header(svc_id=0x01, op=0x81, ctrl_index=0x00, data_len=0x0b) bytearray(b'\x01\x81\x00\x0b\x00')
2026-10-09 00:22:40,641 BTPWorkerThread-11407 (_rx_task) root DEBUG iutctl_common.py          139   read                      : Read 11 bytes data
2026-10-09 00:22:40,641 BTPWorkerThread-11407 (_rx_task) root DEBUG iutctl_common.py          154   read                      : Received data: {'e0 b6 1e d2 64 d5 ac be 03 00 00'}, bytearray(b'\xe0\xb6\x1e\xd2d\xd5\xac\xbe\x03\x00\x00')
2026-10-09 00:22:40,641 BTPWorkerThread-11407 (_rx_task) root DEBUG btp.py                    736   event_handler             : Header(svc_id=1, op=129, ctrl_index=0, data_len=11) (b'\xe0\xb6\x1e\xd2d\xd5\xac\xbe\x03\x00\x00',)
2026-10-09 00:22:40,641 BTPWorkerThread-11407 (_rx_task) root DEBUG gap.py                    193   gap_device_found_ev_      : b'\xe0\xb6\x1e\xd2d\xd5\xac\xbe\x03\x00\x00'
2026-10-09 00:22:40,641 BTPWorkerThread-11407 (_rx_task) root DEBUG gap.py                    207   gap_device_found_ev_      : found 'acd564d21eb6' type 224 eir b''
2026-10-09 00:22:40,862 BTPWorkerThread-11407 (_rx_task) root DEBUG iutctl_common.py          123   read                      : Read 5 bytes
2026-10-09 00:22:40,862 BTPWorkerThread-11407 (_rx_task) root DEBUG iutctl_common.py          131   read                      : Received: hdr: Header(svc_id=0x01, op=0x81, ctrl_index=0x00, data_len=0x26) bytearray(b'\x01\x81\x00&\x00')
2026-10-09 00:22:40,862 BTPWorkerThread-11407 (_rx_task) root DEBUG iutctl_common.py          139   read                      : Read 38 bytes data
2026-10-09 00:22:40,863 BTPWorkerThread-11407 (_rx_task) root DEBUG iutctl_common.py          154   read                      : Received data: {'e0 53 00 4c 17 e5 44 ae 03 1b 00 09 09 4e 58 4c 36 36 35 32 38 02 0a 0c 0d 03 0c 11 0a 11 0b 11 0e 11 1f 11 1e 11'}, bytearray(b'\xe0S\x00L\x17\xe5D\xae\x03\x1b\x00\t\tNXL66528\x02\n\x0c\r\x03\x0c\x11\n\x11\x0b\x11\x0e\x11\x1f\x11\x1e\x11')
2026-10-09 00:22:40,863 BTPWorkerThread-11407 (_rx_task) root DEBUG btp.py                    736   event_handler             : Header(svc_id=1, op=129, ctrl_index=0, data_len=38) (b'\xe0S\x00L\x17\xe5D\xae\x03\x1b\x00\t\tNXL66528\x02\n\x0c\r\x03\x0c\x11\n\x11\x0b\x11\x0e\x11\x1f\x11\x1e\x11',)
2026-10-09 00:22:40,863 BTPWorkerThread-11407 (_rx_task) root DEBUG gap.py                    193   gap_device_found_ev_      : b'\xe0S\x00L\x17\xe5D\xae\x03\x1b\x00\t\tNXL66528\x02\n\x0c\r\x03\x0c\x11\n\x11\x0b\x11\x0e\x11\x1f\x11\x1e\x11'
2026-10-09 00:22:40,863 BTPWorkerThread-11407 (_rx_task) root DEBUG gap.py                    207   gap_device_found_ev_      : found '44e5174c0053' type 224 eir b'\t\tNXL66528\x02\n\x0c\r\x03\x0c\x11\n\x11\x0b\x11\x0e\x11\x1f\x11\x1e\x11'
2026-10-09 00:22:41,149 BTPWorkerThread-11407 (_rx_task) root DEBUG iutctl_common.py          123   read                      : Read 5 bytes
2026-10-09 00:22:41,149 BTPWorkerThread-11407 (_rx_task) root DEBUG iutctl_common.py          131   read                      : Received: hdr: Header(svc_id=0x01, op=0x81, ctrl_index=0x00, data_len=0x0b) bytearray(b'\x01\x81\x00\x0b\x00')
2026-10-09 00:22:41,149 BTPWorkerThread-11407 (_rx_task) root DEBUG iutctl_common.py          139   read                      : Read 11 bytes data
2026-10-09 00:22:41,149 BTPWorkerThread-11407 (_rx_task) root DEBUG iutctl_common.py          154   read                      : Received data: {'e0 b6 1e d2 64 d5 ac bf 03 00 00'}, bytearray(b'\xe0\xb6\x1e\xd2d\xd5\xac\xbf\x03\x00\x00')
2026-10-09 00:22:41,150 BTPWorkerThread-11407 (_rx_task) root DEBUG btp.py                    736   event_handler             : Header(svc_id=1, op=129, ctrl_index=0, data_len=11) (b'\xe0\xb6\x1e\xd2d\xd5\xac\xbf\x03\x00\x00',)
2026-10-09 00:22:41,150 BTPWorkerThread-11407 (_rx_task) root DEBUG gap.py                    193   gap_device_found_ev_      : b'\xe0\xb6\x1e\xd2d\xd5\xac\xbf\x03\x00\x00'
2026-10-09 00:22:41,150 BTPWorkerThread-11407 (_rx_task) root DEBUG gap.py                    207   gap_device_found_ev_      : found 'acd564d21eb6' type 224 eir b''
2026-10-09 00:22:41,312 BTPWorkerThread-11407 (_rx_task) root DEBUG iutctl_common.py          123   read                      : Read 5 bytes
2026-10-09 00:22:41,312 BTPWorkerThread-11407 (_rx_task) root DEBUG iutctl_common.py          131   read                      : Received: hdr: Header(svc_id=0x01, op=0x81, ctrl_index=0x00, data_len=0x26) bytearray(b'\x01\x81\x00&\x00')
2026-10-09 00:22:41,312 BTPWorkerThread-11407 (_rx_task) root DEBUG iutctl_common.py          139   read                      : Read 38 bytes data
2026-10-09 00:22:41,312 BTPWorkerThread-11407 (_rx_task) root DEBUG iutctl_common.py          154   read                      : Received data: {'e0 53 00 4c 17 e5 44 ad 03 1b 00 09 09 4e 58 4c 36 36 35 32 38 02 0a 0c 0d 03 0c 11 0a 11 0b 11 0e 11 1f 11 1e 11'}, bytearray(b'\xe0S\x00L\x17\xe5D\xad\x03\x1b\x00\t\tNXL66528\x02\n\x0c\r\x03\x0c\x11\n\x11\x0b\x11\x0e\x11\x1f\x11\x1e\x11')
2026-10-09 00:22:41,312 BTPWorkerThread-11407 (_rx_task) root DEBUG btp.py                    736   event_handler             : Header(svc_id=1, op=129, ctrl_index=0, data_len=38) (b'\xe0S\x00L\x17\xe5D\xad\x03\x1b\x00\t\tNXL66528\x02\n\x0c\r\x03\x0c\x11\n\x11\x0b\x11\x0e\x11\x1f\x11\x1e\x11',)
2026-10-09 00:22:41,312 BTPWorkerThread-11407 (_rx_task) root DEBUG gap.py                    193   gap_device_found_ev_      : b'\xe0S\x00L\x17\xe5D\xad\x03\x1b\x00\t\tNXL66528\x02\n\x0c\r\x03\x0c\x11\n\x11\x0b\x11\x0e\x11\x1f\x11\x1e\x11'
2026-10-09 00:22:41,312 BTPWorkerThread-11407 (_rx_task) root DEBUG gap.py                    207   gap_device_found_ev_      : found '44e5174c0053' type 224 eir b'\t\tNXL66528\x02\n\x0c\r\x03\x0c\x11\n\x11\x0b\x11\x0e\x11\x1f\x11\x1e\x11'
2026-10-09 00:22:41,429 BTPWorkerThread-11407 (_rx_task) root DEBUG iutctl_common.py          123   read                      : Read 5 bytes
2026-10-09 00:22:41,429 BTPWorkerThread-11407 (_rx_task) root DEBUG iutctl_common.py          131   read                      : Received: hdr: Header(svc_id=0x01, op=0x81, ctrl_index=0x00, data_len=0x26) bytearray(b'\x01\x81\x00&\x00')
2026-10-09 00:22:41,430 BTPWorkerThread-11407 (_rx_task) root DEBUG iutctl_common.py          139   read                      : Read 38 bytes data
2026-10-09 00:22:41,430 BTPWorkerThread-11407 (_rx_task) root DEBUG iutctl_common.py          154   read                      : Received data: {'e0 53 00 4c 17 e5 44 ad 03 1b 00 09 09 4e 58 4c 36 36 35 32 38 02 0a 0c 0d 03 0c 11 0a 11 0b 11 0e 11 1f 11 1e 11'}, bytearray(b'\xe0S\x00L\x17\xe5D\xad\x03\x1b\x00\t\tNXL66528\x02\n\x0c\r\x03\x0c\x11\n\x11\x0b\x11\x0e\x11\x1f\x11\x1e\x11')
2026-10-09 00:22:41,430 BTPWorkerThread-11407 (_rx_task) root DEBUG btp.py                    736   event_handler             : Header(svc_id=1, op=129, ctrl_index=0, data_len=38) (b'\xe0S\x00L\x17\xe5D\xad\x03\x1b\x00\t\tNXL66528\x02\n\x0c\r\x03\x0c\x11\n\x11\x0b\x11\x0e\x11\x1f\x11\x1e\x11',)
2026-10-09 00:22:41,430 BTPWorkerThread-11407 (_rx_task) root DEBUG gap.py                    193   gap_device_found_ev_      : b'\xe0S\x00L\x17\xe5D\xad\x03\x1b\x00\t\tNXL66528\x02\n\x0c\r\x03\x0c\x11\n\x11\x0b\x11\x0e\x11\x1f\x11\x1e\x11'
2026-10-09 00:22:41,430 BTPWorkerThread-11407 (_rx_task) root DEBUG gap.py                    207   gap_device_found_ev_      : found '44e5174c0053' type 224 eir b'\t\tNXL66528\x02\n\x0c\r\x03\x0c\x11\n\x11\x0b\x11\x0e\x11\x1f\x11\x1e\x11'
2026-10-09 00:22:41,799 BTPWorkerThread-11407 (_rx_task) root DEBUG iutctl_common.py          123   read                      : Read 5 bytes
2026-10-09 00:22:41,799 BTPWorkerThread-11407 (_rx_task) root DEBUG iutctl_common.py          131   read                      : Received: hdr: Header(svc_id=0x01, op=0x81, ctrl_index=0x00, data_len=0x0b) bytearray(b'\x01\x81\x00\x0b\x00')
2026-10-09 00:22:41,799 BTPWorkerThread-11407 (_rx_task) root DEBUG iutctl_common.py          139   read                      : Read 11 bytes data
2026-10-09 00:22:41,799 BTPWorkerThread-11407 (_rx_task) root DEBUG iutctl_common.py          154   read                      : Received data: {'e0 b6 1e d2 64 d5 ac c5 03 00 00'}, bytearray(b'\xe0\xb6\x1e\xd2d\xd5\xac\xc5\x03\x00\x00')
2026-10-09 00:22:41,799 BTPWorkerThread-11407 (_rx_task) root DEBUG btp.py                    736   event_handler             : Header(svc_id=1, op=129, ctrl_index=0, data_len=11) (b'\xe0\xb6\x1e\xd2d\xd5\xac\xc5\x03\x00\x00',)
2026-10-09 00:22:41,800 BTPWorkerThread-11407 (_rx_task) root DEBUG gap.py                    193   gap_device_found_ev_      : b'\xe0\xb6\x1e\xd2d\xd5\xac\xc5\x03\x00\x00'
2026-10-09 00:22:41,800 BTPWorkerThread-11407 (_rx_task) root DEBUG gap.py                    207   gap_device_found_ev_      : found 'acd564d21eb6' type 224 eir b''
2026-10-09 00:22:42,181 BTPWorkerThread-11407 (_rx_task) root DEBUG iutctl_common.py          123   read                      : Read 5 bytes
2026-10-09 00:22:42,181 BTPWorkerThread-11407 (_rx_task) root DEBUG iutctl_common.py          131   read                      : Received: hdr: Header(svc_id=0x01, op=0x81, ctrl_index=0x00, data_len=0x0b) bytearray(b'\x01\x81\x00\x0b\x00')
2026-10-09 00:22:42,182 BTPWorkerThread-11407 (_rx_task) root DEBUG iutctl_common.py          139   read                      : Read 11 bytes data
2026-10-09 00:22:42,182 BTPWorkerThread-11407 (_rx_task) root DEBUG iutctl_common.py          154   read                      : Received data: {'e0 b6 1e d2 64 d5 ac bb 03 00 00'}, bytearray(b'\xe0\xb6\x1e\xd2d\xd5\xac\xbb\x03\x00\x00')
2026-10-09 00:22:42,182 BTPWorkerThread-11407 (_rx_task) root DEBUG btp.py                    736   event_handler             : Header(svc_id=1, op=129, ctrl_index=0, data_len=11) (b'\xe0\xb6\x1e\xd2d\xd5\xac\xbb\x03\x00\x00',)
2026-10-09 00:22:42,182 BTPWorkerThread-11407 (_rx_task) root DEBUG gap.py                    193   gap_device_found_ev_      : b'\xe0\xb6\x1e\xd2d\xd5\xac\xbb\x03\x00\x00'
2026-10-09 00:22:42,182 BTPWorkerThread-11407 (_rx_task) root DEBUG gap.py                    207   gap_device_found_ev_      : found 'acd564d21eb6' type 224 eir b''
2026-10-09 00:22:42,214 BTPWorkerThread-11407 (_rx_task) root DEBUG iutctl_common.py          123   read                      : Read 5 bytes
2026-10-09 00:22:42,214 BTPWorkerThread-11407 (_rx_task) root DEBUG iutctl_common.py          131   read                      : Received: hdr: Header(svc_id=0x01, op=0x81, ctrl_index=0x00, data_len=0x2a) bytearray(b'\x01\x81\x00*\x00')
2026-10-09 00:22:42,214 BTPWorkerThread-11407 (_rx_task) root DEBUG iutctl_common.py          139   read                      : Read 37 bytes data
2026-10-09 00:22:42,225 BTPWorkerThread-11407 (_rx_task) root DEBUG iutctl_common.py          139   read                      : Read 5 bytes data
2026-10-09 00:22:42,225 BTPWorkerThread-11407 (_rx_task) root DEBUG iutctl_common.py          154   read                      : Received data: {'e0 95 83 06 dc 1b 00 a7 03 1f 00 1e 09 48 46 50 20 41 47 20 44 65 6d 6f 20 30 30 3a 31 42 3a 44 43 3a 30 36 3a 38 33 3a 39 35'}, bytearray(b'\xe0\x95\x83\x06\xdc\x1b\x00\xa7\x03\x1f\x00\x1e\tHFP AG Demo 00:1B:DC:06:83:95')
2026-10-09 00:22:42,225 BTPWorkerThread-11407 (_rx_task) root DEBUG btp.py                    736   event_handler             : Header(svc_id=1, op=129, ctrl_index=0, data_len=42) (b'\xe0\x95\x83\x06\xdc\x1b\x00\xa7\x03\x1f\x00\x1e\tHFP AG Demo 00:1B:DC:06:83:95',)
2026-10-09 00:22:42,225 BTPWorkerThread-11407 (_rx_task) root DEBUG gap.py                    193   gap_device_found_ev_      : b'\xe0\x95\x83\x06\xdc\x1b\x00\xa7\x03\x1f\x00\x1e\tHFP AG Demo 00:1B:DC:06:83:95'
2026-10-09 00:22:42,226 BTPWorkerThread-11407 (_rx_task) root DEBUG gap.py                    207   gap_device_found_ev_      : found '001bdc068395' type 224 eir b'\x1e\tHFP AG Demo 00:1B:DC:06:83:95'
2026-10-09 00:22:42,471 BTPWorkerThread-11407 (_rx_task) root DEBUG iutctl_common.py          123   read                      : Read 5 bytes
2026-10-09 00:22:42,471 BTPWorkerThread-11407 (_rx_task) root DEBUG iutctl_common.py          131   read                      : Received: hdr: Header(svc_id=0x01, op=0x81, ctrl_index=0x00, data_len=0x23) bytearray(b'\x01\x81\x00#\x00')
2026-10-09 00:22:42,472 BTPWorkerThread-11407 (_rx_task) root DEBUG iutctl_common.py          139   read                      : Read 35 bytes data
2026-10-09 00:22:42,472 BTPWorkerThread-11407 (_rx_task) root DEBUG iutctl_common.py          154   read                      : Received data: {'e0 b6 1e d2 64 d5 ac c2 03 18 00 09 09 4b 44 2d 35 35 55 38 47 09 03 0a 11 0c 11 0e 11 00 12 01 05 01 07'}, bytearray(b'\xe0\xb6\x1e\xd2d\xd5\xac\xc2\x03\x18\x00\t\tKD-55U8G\t\x03\n\x11\x0c\x11\x0e\x11\x00\x12\x01\x05\x01\x07')
2026-10-09 00:22:42,472 BTPWorkerThread-11407 (_rx_task) root DEBUG btp.py                    736   event_handler             : Header(svc_id=1, op=129, ctrl_index=0, data_len=35) (b'\xe0\xb6\x1e\xd2d\xd5\xac\xc2\x03\x18\x00\t\tKD-55U8G\t\x03\n\x11\x0c\x11\x0e\x11\x00\x12\x01\x05\x01\x07',)
2026-10-09 00:22:42,472 BTPWorkerThread-11407 (_rx_task) root DEBUG gap.py                    193   gap_device_found_ev_      : b'\xe0\xb6\x1e\xd2d\xd5\xac\xc2\x03\x18\x00\t\tKD-55U8G\t\x03\n\x11\x0c\x11\x0e\x11\x00\x12\x01\x05\x01\x07'
2026-10-09 00:22:42,472 BTPWorkerThread-11407 (_rx_task) root DEBUG gap.py                    207   gap_device_found_ev_      : found 'acd564d21eb6' type 224 eir b'\t\tKD-55U8G\t\x03\n\x11\x0c\x11\x0e\x11\x00\x12\x01\x05\x01\x07'
2026-10-09 00:22:42,748 BTPWorkerThread-11407 (_rx_task) root DEBUG iutctl_common.py          123   read                      : Read 5 bytes
2026-10-09 00:22:42,748 BTPWorkerThread-11407 (_rx_task) root DEBUG iutctl_common.py          131   read                      : Received: hdr: Header(svc_id=0x01, op=0x81, ctrl_index=0x00, data_len=0x23) bytearray(b'\x01\x81\x00#\x00')
2026-10-09 00:22:42,748 BTPWorkerThread-11407 (_rx_task) root DEBUG iutctl_common.py          139   read                      : Read 12 bytes data
2026-10-09 00:22:42,759 BTPWorkerThread-11407 (_rx_task) root DEBUG iutctl_common.py          139   read                      : Read 23 bytes data
2026-10-09 00:22:42,759 BTPWorkerThread-11407 (_rx_task) root DEBUG iutctl_common.py          154   read                      : Received data: {'e0 b6 1e d2 64 d5 ac be 03 18 00 09 09 4b 44 2d 35 35 55 38 47 09 03 0a 11 0c 11 0e 11 00 12 01 05 01 07'}, bytearray(b'\xe0\xb6\x1e\xd2d\xd5\xac\xbe\x03\x18\x00\t\tKD-55U8G\t\x03\n\x11\x0c\x11\x0e\x11\x00\x12\x01\x05\x01\x07')
2026-10-09 00:22:42,759 BTPWorkerThread-11407 (_rx_task) root DEBUG btp.py                    736   event_handler             : Header(svc_id=1, op=129, ctrl_index=0, data_len=35) (b'\xe0\xb6\x1e\xd2d\xd5\xac\xbe\x03\x18\x00\t\tKD-55U8G\t\x03\n\x11\x0c\x11\x0e\x11\x00\x12\x01\x05\x01\x07',)
2026-10-09 00:22:42,759 BTPWorkerThread-11407 (_rx_task) root DEBUG gap.py                    193   gap_device_found_ev_      : b'\xe0\xb6\x1e\xd2d\xd5\xac\xbe\x03\x18\x00\t\tKD-55U8G\t\x03\n\x11\x0c\x11\x0e\x11\x00\x12\x01\x05\x01\x07'
2026-10-09 00:22:42,759 BTPWorkerThread-11407 (_rx_task) root DEBUG gap.py                    207   gap_device_found_ev_      : found 'acd564d21eb6' type 224 eir b'\t\tKD-55U8G\t\x03\n\x11\x0c\x11\x0e\x11\x00\x12\x01\x05\x01\x07'
2026-10-09 00:22:42,898 BTPWorkerThread-11407 (_rx_task) root DEBUG iutctl_common.py          123   read                      : Read 5 bytes
2026-10-09 00:22:42,898 BTPWorkerThread-11407 (_rx_task) root DEBUG iutctl_common.py          131   read                      : Received: hdr: Header(svc_id=0x01, op=0x81, ctrl_index=0x00, data_len=0x23) bytearray(b'\x01\x81\x00#\x00')
2026-10-09 00:22:42,898 BTPWorkerThread-11407 (_rx_task) root DEBUG iutctl_common.py          139   read                      : Read 6 bytes data
2026-10-09 00:22:42,908 BTPWorkerThread-11407 (_rx_task) root DEBUG iutctl_common.py          139   read                      : Read 29 bytes data
2026-10-09 00:22:42,908 BTPWorkerThread-11407 (_rx_task) root DEBUG iutctl_common.py          154   read                      : Received data: {'e0 b6 1e d2 64 d5 ac be 03 18 00 09 09 4b 44 2d 35 35 55 38 47 09 03 0a 11 0c 11 0e 11 00 12 01 05 01 07'}, bytearray(b'\xe0\xb6\x1e\xd2d\xd5\xac\xbe\x03\x18\x00\t\tKD-55U8G\t\x03\n\x11\x0c\x11\x0e\x11\x00\x12\x01\x05\x01\x07')
2026-10-09 00:22:42,908 BTPWorkerThread-11407 (_rx_task) root DEBUG btp.py                    736   event_handler             : Header(svc_id=1, op=129, ctrl_index=0, data_len=35) (b'\xe0\xb6\x1e\xd2d\xd5\xac\xbe\x03\x18\x00\t\tKD-55U8G\t\x03\n\x11\x0c\x11\x0e\x11\x00\x12\x01\x05\x01\x07',)
2026-10-09 00:22:42,908 BTPWorkerThread-11407 (_rx_task) root DEBUG gap.py                    193   gap_device_found_ev_      : b'\xe0\xb6\x1e\xd2d\xd5\xac\xbe\x03\x18\x00\t\tKD-55U8G\t\x03\n\x11\x0c\x11\x0e\x11\x00\x12\x01\x05\x01\x07'
2026-10-09 00:22:42,908 BTPWorkerThread-11407 (_rx_task) root DEBUG gap.py                    207   gap_device_found_ev_      : found 'acd564d21eb6' type 224 eir b'\t\tKD-55U8G\t\x03\n\x11\x0c\x11\x0e\x11\x00\x12\x01\x05\x01\x07'
2026-10-09 00:22:43,080 BTPWorkerThread-11407 (_rx_task) root DEBUG iutctl_common.py          123   read                      : Read 5 bytes
2026-10-09 00:22:43,080 BTPWorkerThread-11407 (_rx_task) root DEBUG iutctl_common.py          131   read                      : Received: hdr: Header(svc_id=0x01, op=0x81, ctrl_index=0x00, data_len=0x26) bytearray(b'\x01\x81\x00&\x00')
2026-10-09 00:22:43,080 BTPWorkerThread-11407 (_rx_task) root DEBUG iutctl_common.py          139   read                      : Read 38 bytes data
2026-10-09 00:22:43,080 BTPWorkerThread-11407 (_rx_task) root DEBUG iutctl_common.py          154   read                      : Received data: {'e0 53 00 4c 17 e5 44 aa 03 1b 00 09 09 4e 58 4c 36 36 35 32 38 02 0a 0c 0d 03 0c 11 0a 11 0b 11 0e 11 1f 11 1e 11'}, bytearray(b'\xe0S\x00L\x17\xe5D\xaa\x03\x1b\x00\t\tNXL66528\x02\n\x0c\r\x03\x0c\x11\n\x11\x0b\x11\x0e\x11\x1f\x11\x1e\x11')
2026-10-09 00:22:43,081 BTPWorkerThread-11407 (_rx_task) root DEBUG btp.py                    736   event_handler             : Header(svc_id=1, op=129, ctrl_index=0, data_len=38) (b'\xe0S\x00L\x17\xe5D\xaa\x03\x1b\x00\t\tNXL66528\x02\n\x0c\r\x03\x0c\x11\n\x11\x0b\x11\x0e\x11\x1f\x11\x1e\x11',)
2026-10-09 00:22:43,081 BTPWorkerThread-11407 (_rx_task) root DEBUG gap.py                    193   gap_device_found_ev_      : b'\xe0S\x00L\x17\xe5D\xaa\x03\x1b\x00\t\tNXL66528\x02\n\x0c\r\x03\x0c\x11\n\x11\x0b\x11\x0e\x11\x1f\x11\x1e\x11'
2026-10-09 00:22:43,081 BTPWorkerThread-11407 (_rx_task) root DEBUG gap.py                    207   gap_device_found_ev_      : found '44e5174c0053' type 224 eir b'\t\tNXL66528\x02\n\x0c\r\x03\x0c\x11\n\x11\x0b\x11\x0e\x11\x1f\x11\x1e\x11'
2026-10-09 00:22:43,219 BTPWorkerThread-11407 (_rx_task) root DEBUG iutctl_common.py          123   read                      : Read 5 bytes
2026-10-09 00:22:43,219 BTPWorkerThread-11407 (_rx_task) root DEBUG iutctl_common.py          131   read                      : Received: hdr: Header(svc_id=0x01, op=0x81, ctrl_index=0x00, data_len=0x23) bytearray(b'\x01\x81\x00#\x00')
2026-10-09 00:22:43,219 BTPWorkerThread-11407 (_rx_task) root DEBUG iutctl_common.py          139   read                      : Read 14 bytes data
2026-10-09 00:22:43,230 BTPWorkerThread-11407 (_rx_task) root DEBUG iutctl_common.py          139   read                      : Read 21 bytes data
2026-10-09 00:22:43,230 BTPWorkerThread-11407 (_rx_task) root DEBUG iutctl_common.py          154   read                      : Received data: {'e0 b6 1e d2 64 d5 ac be 03 18 00 09 09 4b 44 2d 35 35 55 38 47 09 03 0a 11 0c 11 0e 11 00 12 01 05 01 07'}, bytearray(b'\xe0\xb6\x1e\xd2d\xd5\xac\xbe\x03\x18\x00\t\tKD-55U8G\t\x03\n\x11\x0c\x11\x0e\x11\x00\x12\x01\x05\x01\x07')
2026-10-09 00:22:43,230 BTPWorkerThread-11407 (_rx_task) root DEBUG btp.py                    736   event_handler             : Header(svc_id=1, op=129, ctrl_index=0, data_len=35) (b'\xe0\xb6\x1e\xd2d\xd5\xac\xbe\x03\x18\x00\t\tKD-55U8G\t\x03\n\x11\x0c\x11\x0e\x11\x00\x12\x01\x05\x01\x07',)
2026-10-09 00:22:43,231 BTPWorkerThread-11407 (_rx_task) root DEBUG gap.py                    193   gap_device_found_ev_      : b'\xe0\xb6\x1e\xd2d\xd5\xac\xbe\x03\x18\x00\t\tKD-55U8G\t\x03\n\x11\x0c\x11\x0e\x11\x00\x12\x01\x05\x01\x07'
2026-10-09 00:22:43,231 BTPWorkerThread-11407 (_rx_task) root DEBUG gap.py                    207   gap_device_found_ev_      : found 'acd564d21eb6' type 224 eir b'\t\tKD-55U8G\t\x03\n\x11\x0c\x11\x0e\x11\x00\x12\x01\x05\x01\x07'
2026-10-09 00:22:43,241 BTPWorkerThread-11407 (_rx_task) root DEBUG iutctl_common.py          123   read                      : Read 5 bytes
2026-10-09 00:22:43,241 BTPWorkerThread-11407 (_rx_task) root DEBUG iutctl_common.py          131   read                      : Received: hdr: Header(svc_id=0x01, op=0x81, ctrl_index=0x00, data_len=0x26) bytearray(b'\x01\x81\x00&\x00')
2026-10-09 00:22:43,241 BTPWorkerThread-11407 (_rx_task) root DEBUG iutctl_common.py          139   read                      : Read 38 bytes data
2026-10-09 00:22:43,242 BTPWorkerThread-11407 (_rx_task) root DEBUG iutctl_common.py          154   read                      : Received data: {'e0 53 00 4c 17 e5 44 af 03 1b 00 09 09 4e 58 4c 36 36 35 32 38 02 0a 0c 0d 03 0c 11 0a 11 0b 11 0e 11 1f 11 1e 11'}, bytearray(b'\xe0S\x00L\x17\xe5D\xaf\x03\x1b\x00\t\tNXL66528\x02\n\x0c\r\x03\x0c\x11\n\x11\x0b\x11\x0e\x11\x1f\x11\x1e\x11')
2026-10-09 00:22:43,242 BTPWorkerThread-11407 (_rx_task) root DEBUG btp.py                    736   event_handler             : Header(svc_id=1, op=129, ctrl_index=0, data_len=38) (b'\xe0S\x00L\x17\xe5D\xaf\x03\x1b\x00\t\tNXL66528\x02\n\x0c\r\x03\x0c\x11\n\x11\x0b\x11\x0e\x11\x1f\x11\x1e\x11',)
2026-10-09 00:22:43,242 BTPWorkerThread-11407 (_rx_task) root DEBUG gap.py                    193   gap_device_found_ev_      : b'\xe0S\x00L\x17\xe5D\xaf\x03\x1b\x00\t\tNXL66528\x02\n\x0c\r\x03\x0c\x11\n\x11\x0b\x11\x0e\x11\x1f\x11\x1e\x11'
2026-10-09 00:22:43,242 BTPWorkerThread-11407 (_rx_task) root DEBUG gap.py                    207   gap_device_found_ev_      : found '44e5174c0053' type 224 eir b'\t\tNXL66528\x02\n\x0c\r\x03\x0c\x11\n\x11\x0b\x11\x0e\x11\x1f\x11\x1e\x11'
2026-10-09 00:22:43,733 BTPWorkerThread-11407 (_rx_task) root DEBUG iutctl_common.py          123   read                      : Read 5 bytes
2026-10-09 00:22:43,733 BTPWorkerThread-11407 (_rx_task) root DEBUG iutctl_common.py          131   read                      : Received: hdr: Header(svc_id=0x01, op=0x81, ctrl_index=0x00, data_len=0x26) bytearray(b'\x01\x81\x00&\x00')
2026-10-09 00:22:43,733 BTPWorkerThread-11407 (_rx_task) root DEBUG iutctl_common.py          139   read                      : Read 38 bytes data
2026-10-09 00:22:43,733 BTPWorkerThread-11407 (_rx_task) root DEBUG iutctl_common.py          154   read                      : Received data: {'e0 53 00 4c 17 e5 44 ad 03 1b 00 09 09 4e 58 4c 36 36 35 32 38 02 0a 0c 0d 03 0c 11 0a 11 0b 11 0e 11 1f 11 1e 11'}, bytearray(b'\xe0S\x00L\x17\xe5D\xad\x03\x1b\x00\t\tNXL66528\x02\n\x0c\r\x03\x0c\x11\n\x11\x0b\x11\x0e\x11\x1f\x11\x1e\x11')
2026-10-09 00:22:43,733 BTPWorkerThread-11407 (_rx_task) root DEBUG btp.py                    736   event_handler             : Header(svc_id=1, op=129, ctrl_index=0, data_len=38) (b'\xe0S\x00L\x17\xe5D\xad\x03\x1b\x00\t\tNXL66528\x02\n\x0c\r\x03\x0c\x11\n\x11\x0b\x11\x0e\x11\x1f\x11\x1e\x11',)
2026-10-09 00:22:43,733 BTPWorkerThread-11407 (_rx_task) root DEBUG gap.py                    193   gap_device_found_ev_      : b'\xe0S\x00L\x17\xe5D\xad\x03\x1b\x00\t\tNXL66528\x02\n\x0c\r\x03\x0c\x11\n\x11\x0b\x11\x0e\x11\x1f\x11\x1e\x11'
2026-10-09 00:22:43,733 BTPWorkerThread-11407 (_rx_task) root DEBUG gap.py                    207   gap_device_found_ev_      : found '44e5174c0053' type 224 eir b'\t\tNXL66528\x02\n\x0c\r\x03\x0c\x11\n\x11\x0b\x11\x0e\x11\x1f\x11\x1e\x11'
2026-10-09 00:22:43,765 BTPWorkerThread-11407 (_rx_task) root DEBUG iutctl_common.py          123   read                      : Read 5 bytes
2026-10-09 00:22:43,765 BTPWorkerThread-11407 (_rx_task) root DEBUG iutctl_common.py          131   read                      : Received: hdr: Header(svc_id=0x01, op=0x81, ctrl_index=0x00, data_len=0x23) bytearray(b'\x01\x81\x00#\x00')
2026-10-09 00:22:43,765 BTPWorkerThread-11407 (_rx_task) root DEBUG iutctl_common.py          139   read                      : Read 35 bytes data
2026-10-09 00:22:43,766 BTPWorkerThread-11407 (_rx_task) root DEBUG iutctl_common.py          154   read                      : Received data: {'e0 b6 1e d2 64 d5 ac be 03 18 00 09 09 4b 44 2d 35 35 55 38 47 09 03 0a 11 0c 11 0e 11 00 12 01 05 01 07'}, bytearray(b'\xe0\xb6\x1e\xd2d\xd5\xac\xbe\x03\x18\x00\t\tKD-55U8G\t\x03\n\x11\x0c\x11\x0e\x11\x00\x12\x01\x05\x01\x07')
2026-10-09 00:22:43,766 BTPWorkerThread-11407 (_rx_task) root DEBUG btp.py                    736   event_handler             : Header(svc_id=1, op=129, ctrl_index=0, data_len=35) (b'\xe0\xb6\x1e\xd2d\xd5\xac\xbe\x03\x18\x00\t\tKD-55U8G\t\x03\n\x11\x0c\x11\x0e\x11\x00\x12\x01\x05\x01\x07',)
2026-10-09 00:22:43,766 BTPWorkerThread-11407 (_rx_task) root DEBUG gap.py                    193   gap_device_found_ev_      : b'\xe0\xb6\x1e\xd2d\xd5\xac\xbe\x03\x18\x00\t\tKD-55U8G\t\x03\n\x11\x0c\x11\x0e\x11\x00\x12\x01\x05\x01\x07'
2026-10-09 00:22:43,766 BTPWorkerThread-11407 (_rx_task) root DEBUG gap.py                    207   gap_device_found_ev_      : found 'acd564d21eb6' type 224 eir b'\t\tKD-55U8G\t\x03\n\x11\x0c\x11\x0e\x11\x00\x12\x01\x05\x01\x07'
2026-10-09 00:22:43,786 BTPWorkerThread-11407 (_rx_task) root DEBUG iutctl_common.py          123   read                      : Read 5 bytes
2026-10-09 00:22:43,786 BTPWorkerThread-11407 (_rx_task) root DEBUG iutctl_common.py          131   read                      : Received: hdr: Header(svc_id=0x01, op=0x81, ctrl_index=0x00, data_len=0x23) bytearray(b'\x01\x81\x00#\x00')
2026-10-09 00:22:43,787 BTPWorkerThread-11407 (_rx_task) root DEBUG iutctl_common.py          139   read                      : Read 35 bytes data
2026-10-09 00:22:43,787 BTPWorkerThread-11407 (_rx_task) root DEBUG iutctl_common.py          154   read                      : Received data: {'e0 b6 1e d2 64 d5 ac be 03 18 00 09 09 4b 44 2d 35 35 55 38 47 09 03 0a 11 0c 11 0e 11 00 12 01 05 01 07'}, bytearray(b'\xe0\xb6\x1e\xd2d\xd5\xac\xbe\x03\x18\x00\t\tKD-55U8G\t\x03\n\x11\x0c\x11\x0e\x11\x00\x12\x01\x05\x01\x07')
2026-10-09 00:22:43,787 BTPWorkerThread-11407 (_rx_task) root DEBUG btp.py                    736   event_handler             : Header(svc_id=1, op=129, ctrl_index=0, data_len=35) (b'\xe0\xb6\x1e\xd2d\xd5\xac\xbe\x03\x18\x00\t\tKD-55U8G\t\x03\n\x11\x0c\x11\x0e\x11\x00\x12\x01\x05\x01\x07',)
2026-10-09 00:22:43,787 BTPWorkerThread-11407 (_rx_task) root DEBUG gap.py                    193   gap_device_found_ev_      : b'\xe0\xb6\x1e\xd2d\xd5\xac\xbe\x03\x18\x00\t\tKD-55U8G\t\x03\n\x11\x0c\x11\x0e\x11\x00\x12\x01\x05\x01\x07'
2026-10-09 00:22:43,787 BTPWorkerThread-11407 (_rx_task) root DEBUG gap.py                    207   gap_device_found_ev_      : found 'acd564d21eb6' type 224 eir b'\t\tKD-55U8G\t\x03\n\x11\x0c\x11\x0e\x11\x00\x12\x01\x05\x01\x07'
2026-10-09 00:22:43,894 BTPWorkerThread-11407 (_rx_task) root DEBUG iutctl_common.py          123   read                      : Read 5 bytes
2026-10-09 00:22:43,894 BTPWorkerThread-11407 (_rx_task) root DEBUG iutctl_common.py          131   read                      : Received: hdr: Header(svc_id=0x01, op=0x81, ctrl_index=0x00, data_len=0x23) bytearray(b'\x01\x81\x00#\x00')
2026-10-09 00:22:43,894 BTPWorkerThread-11407 (_rx_task) root DEBUG iutctl_common.py          139   read                      : Read 35 bytes data
2026-10-09 00:22:43,895 BTPWorkerThread-11407 (_rx_task) root DEBUG iutctl_common.py          154   read                      : Received data: {'e0 b6 1e d2 64 d5 ac c1 03 18 00 09 09 4b 44 2d 35 35 55 38 47 09 03 0a 11 0c 11 0e 11 00 12 01 05 01 07'}, bytearray(b'\xe0\xb6\x1e\xd2d\xd5\xac\xc1\x03\x18\x00\t\tKD-55U8G\t\x03\n\x11\x0c\x11\x0e\x11\x00\x12\x01\x05\x01\x07')
2026-10-09 00:22:43,895 BTPWorkerThread-11407 (_rx_task) root DEBUG btp.py                    736   event_handler             : Header(svc_id=1, op=129, ctrl_index=0, data_len=35) (b'\xe0\xb6\x1e\xd2d\xd5\xac\xc1\x03\x18\x00\t\tKD-55U8G\t\x03\n\x11\x0c\x11\x0e\x11\x00\x12\x01\x05\x01\x07',)
2026-10-09 00:22:43,895 BTPWorkerThread-11407 (_rx_task) root DEBUG gap.py                    193   gap_device_found_ev_      : b'\xe0\xb6\x1e\xd2d\xd5\xac\xc1\x03\x18\x00\t\tKD-55U8G\t\x03\n\x11\x0c\x11\x0e\x11\x00\x12\x01\x05\x01\x07'
2026-10-09 00:22:43,895 BTPWorkerThread-11407 (_rx_task) root DEBUG gap.py                    207   gap_device_found_ev_      : found 'acd564d21eb6' type 224 eir b'\t\tKD-55U8G\t\x03\n\x11\x0c\x11\x0e\x11\x00\x12\x01\x05\x01\x07'
2026-10-09 00:22:44,056 BTPWorkerThread-11407 (_rx_task) root DEBUG iutctl_common.py          123   read                      : Read 5 bytes
2026-10-09 00:22:44,056 BTPWorkerThread-11407 (_rx_task) root DEBUG iutctl_common.py          131   read                      : Received: hdr: Header(svc_id=0x01, op=0x81, ctrl_index=0x00, data_len=0x23) bytearray(b'\x01\x81\x00#\x00')
2026-10-09 00:22:44,056 BTPWorkerThread-11407 (_rx_task) root DEBUG iutctl_common.py          139   read                      : Read 35 bytes data
2026-10-09 00:22:44,057 BTPWorkerThread-11407 (_rx_task) root DEBUG iutctl_common.py          154   read                      : Received data: {'e0 b6 1e d2 64 d5 ac be 03 18 00 09 09 4b 44 2d 35 35 55 38 47 09 03 0a 11 0c 11 0e 11 00 12 01 05 01 07'}, bytearray(b'\xe0\xb6\x1e\xd2d\xd5\xac\xbe\x03\x18\x00\t\tKD-55U8G\t\x03\n\x11\x0c\x11\x0e\x11\x00\x12\x01\x05\x01\x07')
2026-10-09 00:22:44,057 BTPWorkerThread-11407 (_rx_task) root DEBUG btp.py                    736   event_handler             : Header(svc_id=1, op=129, ctrl_index=0, data_len=35) (b'\xe0\xb6\x1e\xd2d\xd5\xac\xbe\x03\x18\x00\t\tKD-55U8G\t\x03\n\x11\x0c\x11\x0e\x11\x00\x12\x01\x05\x01\x07',)
2026-10-09 00:22:44,057 BTPWorkerThread-11407 (_rx_task) root DEBUG gap.py                    193   gap_device_found_ev_      : b'\xe0\xb6\x1e\xd2d\xd5\xac\xbe\x03\x18\x00\t\tKD-55U8G\t\x03\n\x11\x0c\x11\x0e\x11\x00\x12\x01\x05\x01\x07'
2026-10-09 00:22:44,057 BTPWorkerThread-11407 (_rx_task) root DEBUG gap.py                    207   gap_device_found_ev_      : found 'acd564d21eb6' type 224 eir b'\t\tKD-55U8G\t\x03\n\x11\x0c\x11\x0e\x11\x00\x12\x01\x05\x01\x07'
2026-10-09 00:22:44,098 BTPWorkerThread-11407 (_rx_task) root DEBUG iutctl_common.py          123   read                      : Read 5 bytes
2026-10-09 00:22:44,098 BTPWorkerThread-11407 (_rx_task) root DEBUG iutctl_common.py          131   read                      : Received: hdr: Header(svc_id=0x01, op=0x81, ctrl_index=0x00, data_len=0x23) bytearray(b'\x01\x81\x00#\x00')
2026-10-09 00:22:44,098 BTPWorkerThread-11407 (_rx_task) root DEBUG iutctl_common.py          139   read                      : Read 35 bytes data
2026-10-09 00:22:44,099 BTPWorkerThread-11407 (_rx_task) root DEBUG iutctl_common.py          154   read                      : Received data: {'e0 b6 1e d2 64 d5 ac bd 03 18 00 09 09 4b 44 2d 35 35 55 38 47 09 03 0a 11 0c 11 0e 11 00 12 01 05 01 07'}, bytearray(b'\xe0\xb6\x1e\xd2d\xd5\xac\xbd\x03\x18\x00\t\tKD-55U8G\t\x03\n\x11\x0c\x11\x0e\x11\x00\x12\x01\x05\x01\x07')
2026-10-09 00:22:44,099 BTPWorkerThread-11407 (_rx_task) root DEBUG btp.py                    736   event_handler             : Header(svc_id=1, op=129, ctrl_index=0, data_len=35) (b'\xe0\xb6\x1e\xd2d\xd5\xac\xbd\x03\x18\x00\t\tKD-55U8G\t\x03\n\x11\x0c\x11\x0e\x11\x00\x12\x01\x05\x01\x07',)
2026-10-09 00:22:44,099 BTPWorkerThread-11407 (_rx_task) root DEBUG gap.py                    193   gap_device_found_ev_      : b'\xe0\xb6\x1e\xd2d\xd5\xac\xbd\x03\x18\x00\t\tKD-55U8G\t\x03\n\x11\x0c\x11\x0e\x11\x00\x12\x01\x05\x01\x07'
2026-10-09 00:22:44,099 BTPWorkerThread-11407 (_rx_task) root DEBUG gap.py                    207   gap_device_found_ev_      : found 'acd564d21eb6' type 224 eir b'\t\tKD-55U8G\t\x03\n\x11\x0c\x11\x0e\x11\x00\x12\x01\x05\x01\x07'
2026-10-09 00:22:44,174 BTPWorkerThread-11407 (_rx_task) root DEBUG iutctl_common.py          123   read                      : Read 5 bytes
2026-10-09 00:22:44,174 BTPWorkerThread-11407 (_rx_task) root DEBUG iutctl_common.py          131   read                      : Received: hdr: Header(svc_id=0x01, op=0x81, ctrl_index=0x00, data_len=0x26) bytearray(b'\x01\x81\x00&\x00')
2026-10-09 00:22:44,174 BTPWorkerThread-11407 (_rx_task) root DEBUG iutctl_common.py          139   read                      : Read 38 bytes data
2026-10-09 00:22:44,175 BTPWorkerThread-11407 (_rx_task) root DEBUG iutctl_common.py          154   read                      : Received data: {'e0 53 00 4c 17 e5 44 b0 03 1b 00 09 09 4e 58 4c 36 36 35 32 38 02 0a 0c 0d 03 0c 11 0a 11 0b 11 0e 11 1f 11 1e 11'}, bytearray(b'\xe0S\x00L\x17\xe5D\xb0\x03\x1b\x00\t\tNXL66528\x02\n\x0c\r\x03\x0c\x11\n\x11\x0b\x11\x0e\x11\x1f\x11\x1e\x11')
2026-10-09 00:22:44,175 BTPWorkerThread-11407 (_rx_task) root DEBUG btp.py                    736   event_handler             : Header(svc_id=1, op=129, ctrl_index=0, data_len=38) (b'\xe0S\x00L\x17\xe5D\xb0\x03\x1b\x00\t\tNXL66528\x02\n\x0c\r\x03\x0c\x11\n\x11\x0b\x11\x0e\x11\x1f\x11\x1e\x11',)
2026-10-09 00:22:44,175 BTPWorkerThread-11407 (_rx_task) root DEBUG gap.py                    193   gap_device_found_ev_      : b'\xe0S\x00L\x17\xe5D\xb0\x03\x1b\x00\t\tNXL66528\x02\n\x0c\r\x03\x0c\x11\n\x11\x0b\x11\x0e\x11\x1f\x11\x1e\x11'
2026-10-09 00:22:44,175 BTPWorkerThread-11407 (_rx_task) root DEBUG gap.py                    207   gap_device_found_ev_      : found '44e5174c0053' type 224 eir b'\t\tNXL66528\x02\n\x0c\r\x03\x0c\x11\n\x11\x0b\x11\x0e\x11\x1f\x11\x1e\x11'
2026-10-09 00:22:44,195 BTPWorkerThread-11407 (_rx_task) root DEBUG iutctl_common.py          123   read                      : Read 5 bytes
2026-10-09 00:22:44,195 BTPWorkerThread-11407 (_rx_task) root DEBUG iutctl_common.py          131   read                      : Received: hdr: Header(svc_id=0x01, op=0x81, ctrl_index=0x00, data_len=0x26) bytearray(b'\x01\x81\x00&\x00')
2026-10-09 00:22:44,195 BTPWorkerThread-11407 (_rx_task) root DEBUG iutctl_common.py          139   read                      : Read 38 bytes data
2026-10-09 00:22:44,195 BTPWorkerThread-11407 (_rx_task) root DEBUG iutctl_common.py          154   read                      : Received data: {'e0 53 00 4c 17 e5 44 ab 03 1b 00 09 09 4e 58 4c 36 36 35 32 38 02 0a 0c 0d 03 0c 11 0a 11 0b 11 0e 11 1f 11 1e 11'}, bytearray(b'\xe0S\x00L\x17\xe5D\xab\x03\x1b\x00\t\tNXL66528\x02\n\x0c\r\x03\x0c\x11\n\x11\x0b\x11\x0e\x11\x1f\x11\x1e\x11')
2026-10-09 00:22:44,196 BTPWorkerThread-11407 (_rx_task) root DEBUG btp.py                    736   event_handler             : Header(svc_id=1, op=129, ctrl_index=0, data_len=38) (b'\xe0S\x00L\x17\xe5D\xab\x03\x1b\x00\t\tNXL66528\x02\n\x0c\r\x03\x0c\x11\n\x11\x0b\x11\x0e\x11\x1f\x11\x1e\x11',)
2026-10-09 00:22:44,196 BTPWorkerThread-11407 (_rx_task) root DEBUG gap.py                    193   gap_device_found_ev_      : b'\xe0S\x00L\x17\xe5D\xab\x03\x1b\x00\t\tNXL66528\x02\n\x0c\r\x03\x0c\x11\n\x11\x0b\x11\x0e\x11\x1f\x11\x1e\x11'
2026-10-09 00:22:44,196 BTPWorkerThread-11407 (_rx_task) root DEBUG gap.py                    207   gap_device_found_ev_      : found '44e5174c0053' type 224 eir b'\t\tNXL66528\x02\n\x0c\r\x03\x0c\x11\n\x11\x0b\x11\x0e\x11\x1f\x11\x1e\x11'
2026-10-09 00:22:44,206 BTPWorkerThread-11407 (_rx_task) root DEBUG iutctl_common.py          123   read                      : Read 5 bytes
2026-10-09 00:22:44,206 BTPWorkerThread-11407 (_rx_task) root DEBUG iutctl_common.py          131   read                      : Received: hdr: Header(svc_id=0x01, op=0x81, ctrl_index=0x00, data_len=0x26) bytearray(b'\x01\x81\x00&\x00')
2026-10-09 00:22:44,207 BTPWorkerThread-11407 (_rx_task) root DEBUG iutctl_common.py          139   read                      : Read 38 bytes data
2026-10-09 00:22:44,207 BTPWorkerThread-11407 (_rx_task) root DEBUG iutctl_common.py          154   read                      : Received data: {'e0 53 00 4c 17 e5 44 af 03 1b 00 09 09 4e 58 4c 36 36 35 32 38 02 0a 0c 0d 03 0c 11 0a 11 0b 11 0e 11 1f 11 1e 11'}, bytearray(b'\xe0S\x00L\x17\xe5D\xaf\x03\x1b\x00\t\tNXL66528\x02\n\x0c\r\x03\x0c\x11\n\x11\x0b\x11\x0e\x11\x1f\x11\x1e\x11')
2026-10-09 00:22:44,207 BTPWorkerThread-11407 (_rx_task) root DEBUG btp.py                    736   event_handler             : Header(svc_id=1, op=129, ctrl_index=0, data_len=38) (b'\xe0S\x00L\x17\xe5D\xaf\x03\x1b\x00\t\tNXL66528\x02\n\x0c\r\x03\x0c\x11\n\x11\x0b\x11\x0e\x11\x1f\x11\x1e\x11',)
2026-10-09 00:22:44,207 BTPWorkerThread-11407 (_rx_task) root DEBUG gap.py                    193   gap_device_found_ev_      : b'\xe0S\x00L\x17\xe5D\xaf\x03\x1b\x00\t\tNXL66528\x02\n\x0c\r\x03\x0c\x11\n\x11\x0b\x11\x0e\x11\x1f\x11\x1e\x11'
2026-10-09 00:22:44,207 BTPWorkerThread-11407 (_rx_task) root DEBUG gap.py                    207   gap_device_found_ev_      : found '44e5174c0053' type 224 eir b'\t\tNXL66528\x02\n\x0c\r\x03\x0c\x11\n\x11\x0b\x11\x0e\x11\x1f\x11\x1e\x11'
2026-10-09 00:22:44,407 BTPWorkerThread-11407 (_rx_task) root DEBUG iutctl_common.py          123   read                      : Read 5 bytes
2026-10-09 00:22:44,407 BTPWorkerThread-11407 (_rx_task) root DEBUG iutctl_common.py          131   read                      : Received: hdr: Header(svc_id=0x01, op=0x81, ctrl_index=0x00, data_len=0x2a) bytearray(b'\x01\x81\x00*\x00')
2026-10-09 00:22:44,407 BTPWorkerThread-11407 (_rx_task) root DEBUG iutctl_common.py          139   read                      : Read 42 bytes data
2026-10-09 00:22:44,408 BTPWorkerThread-11407 (_rx_task) root DEBUG iutctl_common.py          154   read                      : Received data: {'e0 cd 83 06 dc 1b 00 af 03 1f 00 1e 09 41 32 44 50 20 53 6f 75 72 63 65 20 30 30 3a 31 42 3a 44 43 3a 30 36 3a 38 33 3a 43 44'}, bytearray(b'\xe0\xcd\x83\x06\xdc\x1b\x00\xaf\x03\x1f\x00\x1e\tA2DP Source 00:1B:DC:06:83:CD')
2026-10-09 00:22:44,408 BTPWorkerThread-11407 (_rx_task) root DEBUG btp.py                    736   event_handler             : Header(svc_id=1, op=129, ctrl_index=0, data_len=42) (b'\xe0\xcd\x83\x06\xdc\x1b\x00\xaf\x03\x1f\x00\x1e\tA2DP Source 00:1B:DC:06:83:CD',)
2026-10-09 00:22:44,408 BTPWorkerThread-11407 (_rx_task) root DEBUG gap.py                    193   gap_device_found_ev_      : b'\xe0\xcd\x83\x06\xdc\x1b\x00\xaf\x03\x1f\x00\x1e\tA2DP Source 00:1B:DC:06:83:CD'
2026-10-09 00:22:44,408 BTPWorkerThread-11407 (_rx_task) root DEBUG gap.py                    207   gap_device_found_ev_      : found '001bdc0683cd' type 224 eir b'\x1e\tA2DP Source 00:1B:DC:06:83:CD'
2026-10-09 00:22:44,428 BTPWorkerThread-11407 (_rx_task) root DEBUG iutctl_common.py          123   read                      : Read 5 bytes
2026-10-09 00:22:44,428 BTPWorkerThread-11407 (_rx_task) root DEBUG iutctl_common.py          131   read                      : Received: hdr: Header(svc_id=0x01, op=0x81, ctrl_index=0x00, data_len=0x2a) bytearray(b'\x01\x81\x00*\x00')
2026-10-09 00:22:44,429 BTPWorkerThread-11407 (_rx_task) root DEBUG iutctl_common.py          139   read                      : Read 42 bytes data
2026-10-09 00:22:44,429 BTPWorkerThread-11407 (_rx_task) root DEBUG iutctl_common.py          154   read                      : Received data: {'e0 cd 83 06 dc 1b 00 ac 03 1f 00 1e 09 41 32 44 50 20 53 6f 75 72 63 65 20 30 30 3a 31 42 3a 44 43 3a 30 36 3a 38 33 3a 43 44'}, bytearray(b'\xe0\xcd\x83\x06\xdc\x1b\x00\xac\x03\x1f\x00\x1e\tA2DP Source 00:1B:DC:06:83:CD')
2026-10-09 00:22:44,429 BTPWorkerThread-11407 (_rx_task) root DEBUG btp.py                    736   event_handler             : Header(svc_id=1, op=129, ctrl_index=0, data_len=42) (b'\xe0\xcd\x83\x06\xdc\x1b\x00\xac\x03\x1f\x00\x1e\tA2DP Source 00:1B:DC:06:83:CD',)
2026-10-09 00:22:44,429 BTPWorkerThread-11407 (_rx_task) root DEBUG gap.py                    193   gap_device_found_ev_      : b'\xe0\xcd\x83\x06\xdc\x1b\x00\xac\x03\x1f\x00\x1e\tA2DP Source 00:1B:DC:06:83:CD'
2026-10-09 00:22:44,429 BTPWorkerThread-11407 (_rx_task) root DEBUG gap.py                    207   gap_device_found_ev_      : found '001bdc0683cd' type 224 eir b'\x1e\tA2DP Source 00:1B:DC:06:83:CD'
2026-10-09 00:22:44,514 BTPWorkerThread-11407 (_rx_task) root DEBUG iutctl_common.py          123   read                      : Read 5 bytes
2026-10-09 00:22:44,514 BTPWorkerThread-11407 (_rx_task) root DEBUG iutctl_common.py          131   read                      : Received: hdr: Header(svc_id=0x01, op=0x81, ctrl_index=0x00, data_len=0x26) bytearray(b'\x01\x81\x00&\x00')
2026-10-09 00:22:44,514 BTPWorkerThread-11407 (_rx_task) root DEBUG iutctl_common.py          139   read                      : Read 38 bytes data
2026-10-09 00:22:44,515 BTPWorkerThread-11407 (_rx_task) root DEBUG iutctl_common.py          154   read                      : Received data: {'e0 53 00 4c 17 e5 44 a8 03 1b 00 09 09 4e 58 4c 36 36 35 32 38 02 0a 0c 0d 03 0c 11 0a 11 0b 11 0e 11 1f 11 1e 11'}, bytearray(b'\xe0S\x00L\x17\xe5D\xa8\x03\x1b\x00\t\tNXL66528\x02\n\x0c\r\x03\x0c\x11\n\x11\x0b\x11\x0e\x11\x1f\x11\x1e\x11')
2026-10-09 00:22:44,515 BTPWorkerThread-11407 (_rx_task) root DEBUG btp.py                    736   event_handler             : Header(svc_id=1, op=129, ctrl_index=0, data_len=38) (b'\xe0S\x00L\x17\xe5D\xa8\x03\x1b\x00\t\tNXL66528\x02\n\x0c\r\x03\x0c\x11\n\x11\x0b\x11\x0e\x11\x1f\x11\x1e\x11',)
2026-10-09 00:22:44,515 BTPWorkerThread-11407 (_rx_task) root DEBUG gap.py                    193   gap_device_found_ev_      : b'\xe0S\x00L\x17\xe5D\xa8\x03\x1b\x00\t\tNXL66528\x02\n\x0c\r\x03\x0c\x11\n\x11\x0b\x11\x0e\x11\x1f\x11\x1e\x11'
2026-10-09 00:22:44,515 BTPWorkerThread-11407 (_rx_task) root DEBUG gap.py                    207   gap_device_found_ev_      : found '44e5174c0053' type 224 eir b'\t\tNXL66528\x02\n\x0c\r\x03\x0c\x11\n\x11\x0b\x11\x0e\x11\x1f\x11\x1e\x11'
2026-10-09 00:22:44,643 BTPWorkerThread-11407 (_rx_task) root DEBUG iutctl_common.py          123   read                      : Read 5 bytes
2026-10-09 00:22:44,643 BTPWorkerThread-11407 (_rx_task) root DEBUG iutctl_common.py          131   read                      : Received: hdr: Header(svc_id=0x01, op=0x81, ctrl_index=0x00, data_len=0x23) bytearray(b'\x01\x81\x00#\x00')
2026-10-09 00:22:44,643 BTPWorkerThread-11407 (_rx_task) root DEBUG iutctl_common.py          139   read                      : Read 16 bytes data
2026-10-09 00:22:44,655 BTPWorkerThread-11407 (_rx_task) root DEBUG iutctl_common.py          139   read                      : Read 19 bytes data
2026-10-09 00:22:44,655 BTPWorkerThread-11407 (_rx_task) root DEBUG iutctl_common.py          154   read                      : Received data: {'e0 b6 1e d2 64 d5 ac be 03 18 00 09 09 4b 44 2d 35 35 55 38 47 09 03 0a 11 0c 11 0e 11 00 12 01 05 01 07'}, bytearray(b'\xe0\xb6\x1e\xd2d\xd5\xac\xbe\x03\x18\x00\t\tKD-55U8G\t\x03\n\x11\x0c\x11\x0e\x11\x00\x12\x01\x05\x01\x07')
2026-10-09 00:22:44,655 BTPWorkerThread-11407 (_rx_task) root DEBUG btp.py                    736   event_handler             : Header(svc_id=1, op=129, ctrl_index=0, data_len=35) (b'\xe0\xb6\x1e\xd2d\xd5\xac\xbe\x03\x18\x00\t\tKD-55U8G\t\x03\n\x11\x0c\x11\x0e\x11\x00\x12\x01\x05\x01\x07',)
2026-10-09 00:22:44,655 BTPWorkerThread-11407 (_rx_task) root DEBUG gap.py                    193   gap_device_found_ev_      : b'\xe0\xb6\x1e\xd2d\xd5\xac\xbe\x03\x18\x00\t\tKD-55U8G\t\x03\n\x11\x0c\x11\x0e\x11\x00\x12\x01\x05\x01\x07'
2026-10-09 00:22:44,656 BTPWorkerThread-11407 (_rx_task) root DEBUG gap.py                    207   gap_device_found_ev_      : found 'acd564d21eb6' type 224 eir b'\t\tKD-55U8G\t\x03\n\x11\x0c\x11\x0e\x11\x00\x12\x01\x05\x01\x07'
2026-10-09 00:22:44,677 BTPWorkerThread-11407 (_rx_task) root DEBUG iutctl_common.py          123   read                      : Read 5 bytes
2026-10-09 00:22:44,677 BTPWorkerThread-11407 (_rx_task) root DEBUG iutctl_common.py          131   read                      : Received: hdr: Header(svc_id=0x01, op=0x81, ctrl_index=0x00, data_len=0x26) bytearray(b'\x01\x81\x00&\x00')
2026-10-09 00:22:44,677 BTPWorkerThread-11407 (_rx_task) root DEBUG iutctl_common.py          139   read                      : Read 38 bytes data
2026-10-09 00:22:44,678 BTPWorkerThread-11407 (_rx_task) root DEBUG iutctl_common.py          154   read                      : Received data: {'e0 53 00 4c 17 e5 44 a8 03 1b 00 09 09 4e 58 4c 36 36 35 32 38 02 0a 0c 0d 03 0c 11 0a 11 0b 11 0e 11 1f 11 1e 11'}, bytearray(b'\xe0S\x00L\x17\xe5D\xa8\x03\x1b\x00\t\tNXL66528\x02\n\x0c\r\x03\x0c\x11\n\x11\x0b\x11\x0e\x11\x1f\x11\x1e\x11')
2026-10-09 00:22:44,678 BTPWorkerThread-11407 (_rx_task) root DEBUG btp.py                    736   event_handler             : Header(svc_id=1, op=129, ctrl_index=0, data_len=38) (b'\xe0S\x00L\x17\xe5D\xa8\x03\x1b\x00\t\tNXL66528\x02\n\x0c\r\x03\x0c\x11\n\x11\x0b\x11\x0e\x11\x1f\x11\x1e\x11',)
2026-10-09 00:22:44,678 BTPWorkerThread-11407 (_rx_task) root DEBUG gap.py                    193   gap_device_found_ev_      : b'\xe0S\x00L\x17\xe5D\xa8\x03\x1b\x00\t\tNXL66528\x02\n\x0c\r\x03\x0c\x11\n\x11\x0b\x11\x0e\x11\x1f\x11\x1e\x11'
2026-10-09 00:22:44,678 BTPWorkerThread-11407 (_rx_task) root DEBUG gap.py                    207   gap_device_found_ev_      : found '44e5174c0053' type 224 eir b'\t\tNXL66528\x02\n\x0c\r\x03\x0c\x11\n\x11\x0b\x11\x0e\x11\x1f\x11\x1e\x11'
2026-10-09 00:22:44,678 BTPWorkerThread-11407 (_rx_task) root DEBUG iutctl_common.py          123   read                      : Read 5 bytes
2026-10-09 00:22:44,678 BTPWorkerThread-11407 (_rx_task) root DEBUG iutctl_common.py          131   read                      : Received: hdr: Header(svc_id=0x01, op=0x81, ctrl_index=0x00, data_len=0x0b) bytearray(b'\x01\x81\x00\x0b\x00')
2026-10-09 00:22:44,678 BTPWorkerThread-11407 (_rx_task) root DEBUG iutctl_common.py          139   read                      : Read 11 bytes data
2026-10-09 00:22:44,678 BTPWorkerThread-11407 (_rx_task) root DEBUG iutctl_common.py          154   read                      : Received data: {'e0 4d 65 9b 70 f3 5c a3 03 00 00'}, bytearray(b'\xe0Me\x9bp\xf3\\\xa3\x03\x00\x00')
2026-10-09 00:22:44,678 BTPWorkerThread-11407 (_rx_task) root DEBUG btp.py                    736   event_handler             : Header(svc_id=1, op=129, ctrl_index=0, data_len=11) (b'\xe0Me\x9bp\xf3\\\xa3\x03\x00\x00',)
2026-10-09 00:22:44,679 BTPWorkerThread-11407 (_rx_task) root DEBUG gap.py                    193   gap_device_found_ev_      : b'\xe0Me\x9bp\xf3\\\xa3\x03\x00\x00'
2026-10-09 00:22:44,679 BTPWorkerThread-11407 (_rx_task) root DEBUG gap.py                    207   gap_device_found_ev_      : found '5cf3709b654d' type 224 eir b''
2026-10-09 00:22:44,784 BTPWorkerThread-11407 (_rx_task) root DEBUG iutctl_common.py          123   read                      : Read 5 bytes
2026-10-09 00:22:44,785 BTPWorkerThread-11407 (_rx_task) root DEBUG iutctl_common.py          131   read                      : Received: hdr: Header(svc_id=0x01, op=0x81, ctrl_index=0x00, data_len=0x26) bytearray(b'\x01\x81\x00&\x00')
2026-10-09 00:22:44,785 BTPWorkerThread-11407 (_rx_task) root DEBUG iutctl_common.py          139   read                      : Read 16 bytes data
2026-10-09 00:22:44,794 BTPWorkerThread-11407 (_rx_task) root DEBUG iutctl_common.py          139   read                      : Read 22 bytes data
2026-10-09 00:22:44,794 BTPWorkerThread-11407 (_rx_task) root DEBUG iutctl_common.py          154   read                      : Received data: {'e0 53 00 4c 17 e5 44 ad 03 1b 00 09 09 4e 58 4c 36 36 35 32 38 02 0a 0c 0d 03 0c 11 0a 11 0b 11 0e 11 1f 11 1e 11'}, bytearray(b'\xe0S\x00L\x17\xe5D\xad\x03\x1b\x00\t\tNXL66528\x02\n\x0c\r\x03\x0c\x11\n\x11\x0b\x11\x0e\x11\x1f\x11\x1e\x11')
2026-10-09 00:22:44,794 BTPWorkerThread-11407 (_rx_task) root DEBUG btp.py                    736   event_handler             : Header(svc_id=1, op=129, ctrl_index=0, data_len=38) (b'\xe0S\x00L\x17\xe5D\xad\x03\x1b\x00\t\tNXL66528\x02\n\x0c\r\x03\x0c\x11\n\x11\x0b\x11\x0e\x11\x1f\x11\x1e\x11',)
2026-10-09 00:22:44,794 BTPWorkerThread-11407 (_rx_task) root DEBUG gap.py                    193   gap_device_found_ev_      : b'\xe0S\x00L\x17\xe5D\xad\x03\x1b\x00\t\tNXL66528\x02\n\x0c\r\x03\x0c\x11\n\x11\x0b\x11\x0e\x11\x1f\x11\x1e\x11'
2026-10-09 00:22:44,795 BTPWorkerThread-11407 (_rx_task) root DEBUG gap.py                    207   gap_device_found_ev_      : found '44e5174c0053' type 224 eir b'\t\tNXL66528\x02\n\x0c\r\x03\x0c\x11\n\x11\x0b\x11\x0e\x11\x1f\x11\x1e\x11'
2026-10-09 00:22:44,815 BTPWorkerThread-11407 (_rx_task) root DEBUG iutctl_common.py          123   read                      : Read 5 bytes
2026-10-09 00:22:44,815 BTPWorkerThread-11407 (_rx_task) root DEBUG iutctl_common.py          131   read                      : Received: hdr: Header(svc_id=0x01, op=0x81, ctrl_index=0x00, data_len=0x1a) bytearray(b'\x01\x81\x00\x1a\x00')
2026-10-09 00:22:44,816 BTPWorkerThread-11407 (_rx_task) root DEBUG iutctl_common.py          139   read                      : Read 26 bytes data
2026-10-09 00:22:44,816 BTPWorkerThread-11407 (_rx_task) root DEBUG iutctl_common.py          154   read                      : Received data: {'e0 4e e4 08 dc 1b 00 cb 03 0f 00 0e 09 50 54 53 2d 47 41 50 2d 45 34 34 45 00'}, bytearray(b'\xe0N\xe4\x08\xdc\x1b\x00\xcb\x03\x0f\x00\x0e\tPTS-GAP-E44E\x00')
2026-10-09 00:22:44,816 BTPWorkerThread-11407 (_rx_task) root DEBUG btp.py                    736   event_handler             : Header(svc_id=1, op=129, ctrl_index=0, data_len=26) (b'\xe0N\xe4\x08\xdc\x1b\x00\xcb\x03\x0f\x00\x0e\tPTS-GAP-E44E\x00',)
2026-10-09 00:22:44,816 BTPWorkerThread-11407 (_rx_task) root DEBUG gap.py                    193   gap_device_found_ev_      : b'\xe0N\xe4\x08\xdc\x1b\x00\xcb\x03\x0f\x00\x0e\tPTS-GAP-E44E\x00'
2026-10-09 00:22:44,816 BTPWorkerThread-11407 (_rx_task) root DEBUG gap.py                    207   gap_device_found_ev_      : found '001bdc08e44e' type 224 eir b'\x0e\tPTS-GAP-E44E\x00'
2026-10-09 00:22:45,073 BTPWorkerThread-11407 (_rx_task) root DEBUG iutctl_common.py          123   read                      : Read 5 bytes
2026-10-09 00:22:45,073 BTPWorkerThread-11407 (_rx_task) root DEBUG iutctl_common.py          131   read                      : Received: hdr: Header(svc_id=0x01, op=0x81, ctrl_index=0x00, data_len=0x23) bytearray(b'\x01\x81\x00#\x00')
2026-10-09 00:22:45,073 BTPWorkerThread-11407 (_rx_task) root DEBUG iutctl_common.py          139   read                      : Read 4 bytes data
2026-10-09 00:22:45,084 BTPWorkerThread-11407 (_rx_task) root DEBUG iutctl_common.py          139   read                      : Read 31 bytes data
2026-10-09 00:22:45,084 BTPWorkerThread-11407 (_rx_task) root DEBUG iutctl_common.py          154   read                      : Received data: {'e0 b6 1e d2 64 d5 ac bf 03 18 00 09 09 4b 44 2d 35 35 55 38 47 09 03 0a 11 0c 11 0e 11 00 12 01 05 01 07'}, bytearray(b'\xe0\xb6\x1e\xd2d\xd5\xac\xbf\x03\x18\x00\t\tKD-55U8G\t\x03\n\x11\x0c\x11\x0e\x11\x00\x12\x01\x05\x01\x07')
2026-10-09 00:22:45,085 BTPWorkerThread-11407 (_rx_task) root DEBUG btp.py                    736   event_handler             : Header(svc_id=1, op=129, ctrl_index=0, data_len=35) (b'\xe0\xb6\x1e\xd2d\xd5\xac\xbf\x03\x18\x00\t\tKD-55U8G\t\x03\n\x11\x0c\x11\x0e\x11\x00\x12\x01\x05\x01\x07',)
2026-10-09 00:22:45,085 BTPWorkerThread-11407 (_rx_task) root DEBUG gap.py                    193   gap_device_found_ev_      : b'\xe0\xb6\x1e\xd2d\xd5\xac\xbf\x03\x18\x00\t\tKD-55U8G\t\x03\n\x11\x0c\x11\x0e\x11\x00\x12\x01\x05\x01\x07'
2026-10-09 00:22:45,085 BTPWorkerThread-11407 (_rx_task) root DEBUG gap.py                    207   gap_device_found_ev_      : found 'acd564d21eb6' type 224 eir b'\t\tKD-55U8G\t\x03\n\x11\x0c\x11\x0e\x11\x00\x12\x01\x05\x01\x07'
2026-10-09 00:22:45,298 BTPWorkerThread-11407 (_rx_task) root DEBUG iutctl_common.py          123   read                      : Read 5 bytes
2026-10-09 00:22:45,299 BTPWorkerThread-11407 (_rx_task) root DEBUG iutctl_common.py          131   read                      : Received: hdr: Header(svc_id=0x01, op=0x81, ctrl_index=0x00, data_len=0x2a) bytearray(b'\x01\x81\x00*\x00')
2026-10-09 00:22:45,299 BTPWorkerThread-11407 (_rx_task) root DEBUG iutctl_common.py          139   read                      : Read 42 bytes data
2026-10-09 00:22:45,299 BTPWorkerThread-11407 (_rx_task) root DEBUG iutctl_common.py          154   read                      : Received data: {'e0 95 83 06 dc 1b 00 b0 03 1f 00 1e 09 48 46 50 20 41 47 20 44 65 6d 6f 20 30 30 3a 31 42 3a 44 43 3a 30 36 3a 38 33 3a 39 35'}, bytearray(b'\xe0\x95\x83\x06\xdc\x1b\x00\xb0\x03\x1f\x00\x1e\tHFP AG Demo 00:1B:DC:06:83:95')
2026-10-09 00:22:45,299 BTPWorkerThread-11407 (_rx_task) root DEBUG btp.py                    736   event_handler             : Header(svc_id=1, op=129, ctrl_index=0, data_len=42) (b'\xe0\x95\x83\x06\xdc\x1b\x00\xb0\x03\x1f\x00\x1e\tHFP AG Demo 00:1B:DC:06:83:95',)
2026-10-09 00:22:45,299 BTPWorkerThread-11407 (_rx_task) root DEBUG gap.py                    193   gap_device_found_ev_      : b'\xe0\x95\x83\x06\xdc\x1b\x00\xb0\x03\x1f\x00\x1e\tHFP AG Demo 00:1B:DC:06:83:95'
2026-10-09 00:22:45,299 BTPWorkerThread-11407 (_rx_task) root DEBUG gap.py                    207   gap_device_found_ev_      : found '001bdc068395' type 224 eir b'\x1e\tHFP AG Demo 00:1B:DC:06:83:95'
2026-10-09 00:22:45,383 BTPWorkerThread-11407 (_rx_task) root DEBUG iutctl_common.py          123   read                      : Read 5 bytes
2026-10-09 00:22:45,383 BTPWorkerThread-11407 (_rx_task) root DEBUG iutctl_common.py          131   read                      : Received: hdr: Header(svc_id=0x01, op=0x81, ctrl_index=0x00, data_len=0x23) bytearray(b'\x01\x81\x00#\x00')
2026-10-09 00:22:45,383 BTPWorkerThread-11407 (_rx_task) root DEBUG iutctl_common.py          139   read                      : Read 35 bytes data
2026-10-09 00:22:45,383 BTPWorkerThread-11407 (_rx_task) root DEBUG iutctl_common.py          154   read                      : Received data: {'e0 b6 1e d2 64 d5 ac c5 03 18 00 09 09 4b 44 2d 35 35 55 38 47 09 03 0a 11 0c 11 0e 11 00 12 01 05 01 07'}, bytearray(b'\xe0\xb6\x1e\xd2d\xd5\xac\xc5\x03\x18\x00\t\tKD-55U8G\t\x03\n\x11\x0c\x11\x0e\x11\x00\x12\x01\x05\x01\x07')
2026-10-09 00:22:45,384 BTPWorkerThread-11407 (_rx_task) root DEBUG btp.py                    736   event_handler             : Header(svc_id=1, op=129, ctrl_index=0, data_len=35) (b'\xe0\xb6\x1e\xd2d\xd5\xac\xc5\x03\x18\x00\t\tKD-55U8G\t\x03\n\x11\x0c\x11\x0e\x11\x00\x12\x01\x05\x01\x07',)
2026-10-09 00:22:45,384 BTPWorkerThread-11407 (_rx_task) root DEBUG gap.py                    193   gap_device_found_ev_      : b'\xe0\xb6\x1e\xd2d\xd5\xac\xc5\x03\x18\x00\t\tKD-55U8G\t\x03\n\x11\x0c\x11\x0e\x11\x00\x12\x01\x05\x01\x07'
2026-10-09 00:22:45,384 BTPWorkerThread-11407 (_rx_task) root DEBUG gap.py                    207   gap_device_found_ev_      : found 'acd564d21eb6' type 224 eir b'\t\tKD-55U8G\t\x03\n\x11\x0c\x11\x0e\x11\x00\x12\x01\x05\x01\x07'
2026-10-09 00:22:45,446 BTPWorkerThread-11407 (_rx_task) root DEBUG iutctl_common.py          123   read                      : Read 5 bytes
2026-10-09 00:22:45,446 BTPWorkerThread-11407 (_rx_task) root DEBUG iutctl_common.py          131   read                      : Received: hdr: Header(svc_id=0x01, op=0x81, ctrl_index=0x00, data_len=0x26) bytearray(b'\x01\x81\x00&\x00')
2026-10-09 00:22:45,446 BTPWorkerThread-11407 (_rx_task) root DEBUG iutctl_common.py          139   read                      : Read 21 bytes data
2026-10-09 00:22:45,456 BTPWorkerThread-11407 (_rx_task) root DEBUG iutctl_common.py          139   read                      : Read 17 bytes data
2026-10-09 00:22:45,456 BTPWorkerThread-11407 (_rx_task) root DEBUG iutctl_common.py          154   read                      : Received data: {'e0 53 00 4c 17 e5 44 af 03 1b 00 09 09 4e 58 4c 36 36 35 32 38 02 0a 0c 0d 03 0c 11 0a 11 0b 11 0e 11 1f 11 1e 11'}, bytearray(b'\xe0S\x00L\x17\xe5D\xaf\x03\x1b\x00\t\tNXL66528\x02\n\x0c\r\x03\x0c\x11\n\x11\x0b\x11\x0e\x11\x1f\x11\x1e\x11')
2026-10-09 00:22:45,456 BTPWorkerThread-11407 (_rx_task) root DEBUG btp.py                    736   event_handler             : Header(svc_id=1, op=129, ctrl_index=0, data_len=38) (b'\xe0S\x00L\x17\xe5D\xaf\x03\x1b\x00\t\tNXL66528\x02\n\x0c\r\x03\x0c\x11\n\x11\x0b\x11\x0e\x11\x1f\x11\x1e\x11',)
2026-10-09 00:22:45,456 BTPWorkerThread-11407 (_rx_task) root DEBUG gap.py                    193   gap_device_found_ev_      : b'\xe0S\x00L\x17\xe5D\xaf\x03\x1b\x00\t\tNXL66528\x02\n\x0c\r\x03\x0c\x11\n\x11\x0b\x11\x0e\x11\x1f\x11\x1e\x11'
2026-10-09 00:22:45,457 BTPWorkerThread-11407 (_rx_task) root DEBUG gap.py                    207   gap_device_found_ev_      : found '44e5174c0053' type 224 eir b'\t\tNXL66528\x02\n\x0c\r\x03\x0c\x11\n\x11\x0b\x11\x0e\x11\x1f\x11\x1e\x11'
2026-10-09 00:22:45,509 BTPWorkerThread-11407 (_rx_task) root DEBUG iutctl_common.py          123   read                      : Read 5 bytes
2026-10-09 00:22:45,509 BTPWorkerThread-11407 (_rx_task) root DEBUG iutctl_common.py          131   read                      : Received: hdr: Header(svc_id=0x01, op=0x81, ctrl_index=0x00, data_len=0x2a) bytearray(b'\x01\x81\x00*\x00')
2026-10-09 00:22:45,510 BTPWorkerThread-11407 (_rx_task) root DEBUG iutctl_common.py          139   read                      : Read 42 bytes data
2026-10-09 00:22:45,510 BTPWorkerThread-11407 (_rx_task) root DEBUG iutctl_common.py          154   read                      : Received data: {'e0 cd 83 06 dc 1b 00 b4 03 1f 00 1e 09 41 32 44 50 20 53 6f 75 72 63 65 20 30 30 3a 31 42 3a 44 43 3a 30 36 3a 38 33 3a 43 44'}, bytearray(b'\xe0\xcd\x83\x06\xdc\x1b\x00\xb4\x03\x1f\x00\x1e\tA2DP Source 00:1B:DC:06:83:CD')
2026-10-09 00:22:45,510 BTPWorkerThread-11407 (_rx_task) root DEBUG btp.py                    736   event_handler             : Header(svc_id=1, op=129, ctrl_index=0, data_len=42) (b'\xe0\xcd\x83\x06\xdc\x1b\x00\xb4\x03\x1f\x00\x1e\tA2DP Source 00:1B:DC:06:83:CD',)
2026-10-09 00:22:45,510 BTPWorkerThread-11407 (_rx_task) root DEBUG gap.py                    193   gap_device_found_ev_      : b'\xe0\xcd\x83\x06\xdc\x1b\x00\xb4\x03\x1f\x00\x1e\tA2DP Source 00:1B:DC:06:83:CD'
2026-10-09 00:22:45,510 BTPWorkerThread-11407 (_rx_task) root DEBUG gap.py                    207   gap_device_found_ev_      : found '001bdc0683cd' type 224 eir b'\x1e\tA2DP Source 00:1B:DC:06:83:CD'
2026-10-09 00:22:45,573 BTPWorkerThread-11407 (_rx_task) root DEBUG iutctl_common.py          123   read                      : Read 5 bytes
2026-10-09 00:22:45,573 BTPWorkerThread-11407 (_rx_task) root DEBUG iutctl_common.py          131   read                      : Received: hdr: Header(svc_id=0x01, op=0x81, ctrl_index=0x00, data_len=0x23) bytearray(b'\x01\x81\x00#\x00')
2026-10-09 00:22:45,573 BTPWorkerThread-11407 (_rx_task) root DEBUG iutctl_common.py          139   read                      : Read 35 bytes data
2026-10-09 00:22:45,574 BTPWorkerThread-11407 (_rx_task) root DEBUG iutctl_common.py          154   read                      : Received data: {'e0 b6 1e d2 64 d5 ac bb 03 18 00 09 09 4b 44 2d 35 35 55 38 47 09 03 0a 11 0c 11 0e 11 00 12 01 05 01 07'}, bytearray(b'\xe0\xb6\x1e\xd2d\xd5\xac\xbb\x03\x18\x00\t\tKD-55U8G\t\x03\n\x11\x0c\x11\x0e\x11\x00\x12\x01\x05\x01\x07')
2026-10-09 00:22:45,574 BTPWorkerThread-11407 (_rx_task) root DEBUG btp.py                    736   event_handler             : Header(svc_id=1, op=129, ctrl_index=0, data_len=35) (b'\xe0\xb6\x1e\xd2d\xd5\xac\xbb\x03\x18\x00\t\tKD-55U8G\t\x03\n\x11\x0c\x11\x0e\x11\x00\x12\x01\x05\x01\x07',)
2026-10-09 00:22:45,574 BTPWorkerThread-11407 (_rx_task) root DEBUG gap.py                    193   gap_device_found_ev_      : b'\xe0\xb6\x1e\xd2d\xd5\xac\xbb\x03\x18\x00\t\tKD-55U8G\t\x03\n\x11\x0c\x11\x0e\x11\x00\x12\x01\x05\x01\x07'
2026-10-09 00:22:45,574 BTPWorkerThread-11407 (_rx_task) root DEBUG gap.py                    207   gap_device_found_ev_      : found 'acd564d21eb6' type 224 eir b'\t\tKD-55U8G\t\x03\n\x11\x0c\x11\x0e\x11\x00\x12\x01\x05\x01\x07'
2026-10-09 00:22:45,670 BTPWorkerThread-11407 (_rx_task) root DEBUG iutctl_common.py          123   read                      : Read 5 bytes
2026-10-09 00:22:45,670 BTPWorkerThread-11407 (_rx_task) root DEBUG iutctl_common.py          131   read                      : Received: hdr: Header(svc_id=0x01, op=0x81, ctrl_index=0x00, data_len=0x23) bytearray(b'\x01\x81\x00#\x00')
2026-10-09 00:22:45,670 BTPWorkerThread-11407 (_rx_task) root DEBUG iutctl_common.py          139   read                      : Read 35 bytes data
2026-10-09 00:22:45,671 BTPWorkerThread-11407 (_rx_task) root DEBUG iutctl_common.py          154   read                      : Received data: {'e0 b6 1e d2 64 d5 ac c6 03 18 00 09 09 4b 44 2d 35 35 55 38 47 09 03 0a 11 0c 11 0e 11 00 12 01 05 01 07'}, bytearray(b'\xe0\xb6\x1e\xd2d\xd5\xac\xc6\x03\x18\x00\t\tKD-55U8G\t\x03\n\x11\x0c\x11\x0e\x11\x00\x12\x01\x05\x01\x07')
2026-10-09 00:22:45,671 BTPWorkerThread-11407 (_rx_task) root DEBUG btp.py                    736   event_handler             : Header(svc_id=1, op=129, ctrl_index=0, data_len=35) (b'\xe0\xb6\x1e\xd2d\xd5\xac\xc6\x03\x18\x00\t\tKD-55U8G\t\x03\n\x11\x0c\x11\x0e\x11\x00\x12\x01\x05\x01\x07',)
2026-10-09 00:22:45,671 BTPWorkerThread-11407 (_rx_task) root DEBUG gap.py                    193   gap_device_found_ev_      : b'\xe0\xb6\x1e\xd2d\xd5\xac\xc6\x03\x18\x00\t\tKD-55U8G\t\x03\n\x11\x0c\x11\x0e\x11\x00\x12\x01\x05\x01\x07'
2026-10-09 00:22:45,671 BTPWorkerThread-11407 (_rx_task) root DEBUG gap.py                    207   gap_device_found_ev_      : found 'acd564d21eb6' type 224 eir b'\t\tKD-55U8G\t\x03\n\x11\x0c\x11\x0e\x11\x00\x12\x01\x05\x01\x07'
2026-10-09 00:22:45,712 BTPWorkerThread-11407 (_rx_task) root DEBUG iutctl_common.py          123   read                      : Read 5 bytes
2026-10-09 00:22:45,712 BTPWorkerThread-11407 (_rx_task) root DEBUG iutctl_common.py          131   read                      : Received: hdr: Header(svc_id=0x01, op=0x81, ctrl_index=0x00, data_len=0x26) bytearray(b'\x01\x81\x00&\x00')
2026-10-09 00:22:45,712 BTPWorkerThread-11407 (_rx_task) root DEBUG iutctl_common.py          139   read                      : Read 38 bytes data
2026-10-09 00:22:45,713 BTPWorkerThread-11407 (_rx_task) root DEBUG iutctl_common.py          154   read                      : Received data: {'e0 53 00 4c 17 e5 44 ad 03 1b 00 09 09 4e 58 4c 36 36 35 32 38 02 0a 0c 0d 03 0c 11 0a 11 0b 11 0e 11 1f 11 1e 11'}, bytearray(b'\xe0S\x00L\x17\xe5D\xad\x03\x1b\x00\t\tNXL66528\x02\n\x0c\r\x03\x0c\x11\n\x11\x0b\x11\x0e\x11\x1f\x11\x1e\x11')
2026-10-09 00:22:45,713 BTPWorkerThread-11407 (_rx_task) root DEBUG btp.py                    736   event_handler             : Header(svc_id=1, op=129, ctrl_index=0, data_len=38) (b'\xe0S\x00L\x17\xe5D\xad\x03\x1b\x00\t\tNXL66528\x02\n\x0c\r\x03\x0c\x11\n\x11\x0b\x11\x0e\x11\x1f\x11\x1e\x11',)
2026-10-09 00:22:45,713 BTPWorkerThread-11407 (_rx_task) root DEBUG gap.py                    193   gap_device_found_ev_      : b'\xe0S\x00L\x17\xe5D\xad\x03\x1b\x00\t\tNXL66528\x02\n\x0c\r\x03\x0c\x11\n\x11\x0b\x11\x0e\x11\x1f\x11\x1e\x11'
2026-10-09 00:22:45,713 BTPWorkerThread-11407 (_rx_task) root DEBUG gap.py                    207   gap_device_found_ev_      : found '44e5174c0053' type 224 eir b'\t\tNXL66528\x02\n\x0c\r\x03\x0c\x11\n\x11\x0b\x11\x0e\x11\x1f\x11\x1e\x11'
2026-10-09 00:22:45,938 BTPWorkerThread-11407 (_rx_task) root DEBUG iutctl_common.py          123   read                      : Read 5 bytes
2026-10-09 00:22:45,938 BTPWorkerThread-11407 (_rx_task) root DEBUG iutctl_common.py          131   read                      : Received: hdr: Header(svc_id=0x01, op=0x81, ctrl_index=0x00, data_len=0x23) bytearray(b'\x01\x81\x00#\x00')
2026-10-09 00:22:45,938 BTPWorkerThread-11407 (_rx_task) root DEBUG iutctl_common.py          139   read                      : Read 32 bytes data
2026-10-09 00:22:45,950 BTPWorkerThread-11407 (_rx_task) root DEBUG iutctl_common.py          139   read                      : Read 3 bytes data
2026-10-09 00:22:45,950 BTPWorkerThread-11407 (_rx_task) root DEBUG iutctl_common.py          154   read                      : Received data: {'e0 b6 1e d2 64 d5 ac b9 03 18 00 09 09 4b 44 2d 35 35 55 38 47 09 03 0a 11 0c 11 0e 11 00 12 01 05 01 07'}, bytearray(b'\xe0\xb6\x1e\xd2d\xd5\xac\xb9\x03\x18\x00\t\tKD-55U8G\t\x03\n\x11\x0c\x11\x0e\x11\x00\x12\x01\x05\x01\x07')
2026-10-09 00:22:45,950 BTPWorkerThread-11407 (_rx_task) root DEBUG btp.py                    736   event_handler             : Header(svc_id=1, op=129, ctrl_index=0, data_len=35) (b'\xe0\xb6\x1e\xd2d\xd5\xac\xb9\x03\x18\x00\t\tKD-55U8G\t\x03\n\x11\x0c\x11\x0e\x11\x00\x12\x01\x05\x01\x07',)
2026-10-09 00:22:45,950 BTPWorkerThread-11407 (_rx_task) root DEBUG gap.py                    193   gap_device_found_ev_      : b'\xe0\xb6\x1e\xd2d\xd5\xac\xb9\x03\x18\x00\t\tKD-55U8G\t\x03\n\x11\x0c\x11\x0e\x11\x00\x12\x01\x05\x01\x07'
2026-10-09 00:22:45,950 BTPWorkerThread-11407 (_rx_task) root DEBUG gap.py                    207   gap_device_found_ev_      : found 'acd564d21eb6' type 224 eir b'\t\tKD-55U8G\t\x03\n\x11\x0c\x11\x0e\x11\x00\x12\x01\x05\x01\x07'
2026-10-09 00:22:46,023 BTPWorkerThread-11407 (_rx_task) root DEBUG iutctl_common.py          123   read                      : Read 5 bytes
2026-10-09 00:22:46,023 BTPWorkerThread-11407 (_rx_task) root DEBUG iutctl_common.py          131   read                      : Received: hdr: Header(svc_id=0x01, op=0x81, ctrl_index=0x00, data_len=0x26) bytearray(b'\x01\x81\x00&\x00')
2026-10-09 00:22:46,023 BTPWorkerThread-11407 (_rx_task) root DEBUG iutctl_common.py          139   read                      : Read 38 bytes data
2026-10-09 00:22:46,024 BTPWorkerThread-11407 (_rx_task) root DEBUG iutctl_common.py          154   read                      : Received data: {'e0 53 00 4c 17 e5 44 ad 03 1b 00 09 09 4e 58 4c 36 36 35 32 38 02 0a 0c 0d 03 0c 11 0a 11 0b 11 0e 11 1f 11 1e 11'}, bytearray(b'\xe0S\x00L\x17\xe5D\xad\x03\x1b\x00\t\tNXL66528\x02\n\x0c\r\x03\x0c\x11\n\x11\x0b\x11\x0e\x11\x1f\x11\x1e\x11')
2026-10-09 00:22:46,024 BTPWorkerThread-11407 (_rx_task) root DEBUG btp.py                    736   event_handler             : Header(svc_id=1, op=129, ctrl_index=0, data_len=38) (b'\xe0S\x00L\x17\xe5D\xad\x03\x1b\x00\t\tNXL66528\x02\n\x0c\r\x03\x0c\x11\n\x11\x0b\x11\x0e\x11\x1f\x11\x1e\x11',)
2026-10-09 00:22:46,024 BTPWorkerThread-11407 (_rx_task) root DEBUG gap.py                    193   gap_device_found_ev_      : b'\xe0S\x00L\x17\xe5D\xad\x03\x1b\x00\t\tNXL66528\x02\n\x0c\r\x03\x0c\x11\n\x11\x0b\x11\x0e\x11\x1f\x11\x1e\x11'
2026-10-09 00:22:46,024 BTPWorkerThread-11407 (_rx_task) root DEBUG gap.py                    207   gap_device_found_ev_      : found '44e5174c0053' type 224 eir b'\t\tNXL66528\x02\n\x0c\r\x03\x0c\x11\n\x11\x0b\x11\x0e\x11\x1f\x11\x1e\x11'
2026-10-09 00:22:46,034 BTPWorkerThread-11407 (_rx_task) root DEBUG iutctl_common.py          123   read                      : Read 5 bytes
2026-10-09 00:22:46,034 BTPWorkerThread-11407 (_rx_task) root DEBUG iutctl_common.py          131   read                      : Received: hdr: Header(svc_id=0x01, op=0x81, ctrl_index=0x00, data_len=0x23) bytearray(b'\x01\x81\x00#\x00')
2026-10-09 00:22:46,034 BTPWorkerThread-11407 (_rx_task) root DEBUG iutctl_common.py          139   read                      : Read 35 bytes data
2026-10-09 00:22:46,035 BTPWorkerThread-11407 (_rx_task) root DEBUG iutctl_common.py          154   read                      : Received data: {'e0 b6 1e d2 64 d5 ac c4 03 18 00 09 09 4b 44 2d 35 35 55 38 47 09 03 0a 11 0c 11 0e 11 00 12 01 05 01 07'}, bytearray(b'\xe0\xb6\x1e\xd2d\xd5\xac\xc4\x03\x18\x00\t\tKD-55U8G\t\x03\n\x11\x0c\x11\x0e\x11\x00\x12\x01\x05\x01\x07')
2026-10-09 00:22:46,035 BTPWorkerThread-11407 (_rx_task) root DEBUG btp.py                    736   event_handler             : Header(svc_id=1, op=129, ctrl_index=0, data_len=35) (b'\xe0\xb6\x1e\xd2d\xd5\xac\xc4\x03\x18\x00\t\tKD-55U8G\t\x03\n\x11\x0c\x11\x0e\x11\x00\x12\x01\x05\x01\x07',)
2026-10-09 00:22:46,035 BTPWorkerThread-11407 (_rx_task) root DEBUG gap.py                    193   gap_device_found_ev_      : b'\xe0\xb6\x1e\xd2d\xd5\xac\xc4\x03\x18\x00\t\tKD-55U8G\t\x03\n\x11\x0c\x11\x0e\x11\x00\x12\x01\x05\x01\x07'
2026-10-09 00:22:46,035 BTPWorkerThread-11407 (_rx_task) root DEBUG gap.py                    207   gap_device_found_ev_      : found 'acd564d21eb6' type 224 eir b'\t\tKD-55U8G\t\x03\n\x11\x0c\x11\x0e\x11\x00\x12\x01\x05\x01\x07'
2026-10-09 00:22:46,077 BTPWorkerThread-11407 (_rx_task) root DEBUG iutctl_common.py          123   read                      : Read 5 bytes
2026-10-09 00:22:46,077 BTPWorkerThread-11407 (_rx_task) root DEBUG iutctl_common.py          131   read                      : Received: hdr: Header(svc_id=0x01, op=0x81, ctrl_index=0x00, data_len=0x23) bytearray(b'\x01\x81\x00#\x00')
2026-10-09 00:22:46,077 BTPWorkerThread-11407 (_rx_task) root DEBUG iutctl_common.py          139   read                      : Read 35 bytes data
2026-10-09 00:22:46,078 BTPWorkerThread-11407 (_rx_task) root DEBUG iutctl_common.py          154   read                      : Received data: {'e0 b6 1e d2 64 d5 ac b2 03 18 00 09 09 4b 44 2d 35 35 55 38 47 09 03 0a 11 0c 11 0e 11 00 12 01 05 01 07'}, bytearray(b'\xe0\xb6\x1e\xd2d\xd5\xac\xb2\x03\x18\x00\t\tKD-55U8G\t\x03\n\x11\x0c\x11\x0e\x11\x00\x12\x01\x05\x01\x07')
2026-10-09 00:22:46,078 BTPWorkerThread-11407 (_rx_task) root DEBUG btp.py                    736   event_handler             : Header(svc_id=1, op=129, ctrl_index=0, data_len=35) (b'\xe0\xb6\x1e\xd2d\xd5\xac\xb2\x03\x18\x00\t\tKD-55U8G\t\x03\n\x11\x0c\x11\x0e\x11\x00\x12\x01\x05\x01\x07',)
2026-10-09 00:22:46,078 BTPWorkerThread-11407 (_rx_task) root DEBUG gap.py                    193   gap_device_found_ev_      : b'\xe0\xb6\x1e\xd2d\xd5\xac\xb2\x03\x18\x00\t\tKD-55U8G\t\x03\n\x11\x0c\x11\x0e\x11\x00\x12\x01\x05\x01\x07'
2026-10-09 00:22:46,078 BTPWorkerThread-11407 (_rx_task) root DEBUG gap.py                    207   gap_device_found_ev_      : found 'acd564d21eb6' type 224 eir b'\t\tKD-55U8G\t\x03\n\x11\x0c\x11\x0e\x11\x00\x12\x01\x05\x01\x07'
2026-10-09 00:22:46,152 BTPWorkerThread-11407 (_rx_task) root DEBUG iutctl_common.py          123   read                      : Read 5 bytes
2026-10-09 00:22:46,152 BTPWorkerThread-11407 (_rx_task) root DEBUG iutctl_common.py          131   read                      : Received: hdr: Header(svc_id=0x01, op=0x81, ctrl_index=0x00, data_len=0x2a) bytearray(b'\x01\x81\x00*\x00')
2026-10-09 00:22:46,152 BTPWorkerThread-11407 (_rx_task) root DEBUG iutctl_common.py          139   read                      : Read 42 bytes data
2026-10-09 00:22:46,153 BTPWorkerThread-11407 (_rx_task) root DEBUG iutctl_common.py          154   read                      : Received data: {'e0 cd 83 06 dc 1b 00 ad 03 1f 00 1e 09 41 32 44 50 20 53 6f 75 72 63 65 20 30 30 3a 31 42 3a 44 43 3a 30 36 3a 38 33 3a 43 44'}, bytearray(b'\xe0\xcd\x83\x06\xdc\x1b\x00\xad\x03\x1f\x00\x1e\tA2DP Source 00:1B:DC:06:83:CD')
2026-10-09 00:22:46,153 BTPWorkerThread-11407 (_rx_task) root DEBUG btp.py                    736   event_handler             : Header(svc_id=1, op=129, ctrl_index=0, data_len=42) (b'\xe0\xcd\x83\x06\xdc\x1b\x00\xad\x03\x1f\x00\x1e\tA2DP Source 00:1B:DC:06:83:CD',)
2026-10-09 00:22:46,153 BTPWorkerThread-11407 (_rx_task) root DEBUG gap.py                    193   gap_device_found_ev_      : b'\xe0\xcd\x83\x06\xdc\x1b\x00\xad\x03\x1f\x00\x1e\tA2DP Source 00:1B:DC:06:83:CD'
2026-10-09 00:22:46,153 BTPWorkerThread-11407 (_rx_task) root DEBUG gap.py                    207   gap_device_found_ev_      : found '001bdc0683cd' type 224 eir b'\x1e\tA2DP Source 00:1B:DC:06:83:CD'
2026-10-09 00:22:46,228 BTPWorkerThread-11407 (_rx_task) root DEBUG iutctl_common.py          123   read                      : Read 5 bytes
2026-10-09 00:22:46,228 BTPWorkerThread-11407 (_rx_task) root DEBUG iutctl_common.py          131   read                      : Received: hdr: Header(svc_id=0x01, op=0x81, ctrl_index=0x00, data_len=0x23) bytearray(b'\x01\x81\x00#\x00')
2026-10-09 00:22:46,228 BTPWorkerThread-11407 (_rx_task) root DEBUG iutctl_common.py          139   read                      : Read 35 bytes data
2026-10-09 00:22:46,229 BTPWorkerThread-11407 (_rx_task) root DEBUG iutctl_common.py          154   read                      : Received data: {'e0 b6 1e d2 64 d5 ac c4 03 18 00 09 09 4b 44 2d 35 35 55 38 47 09 03 0a 11 0c 11 0e 11 00 12 01 05 01 07'}, bytearray(b'\xe0\xb6\x1e\xd2d\xd5\xac\xc4\x03\x18\x00\t\tKD-55U8G\t\x03\n\x11\x0c\x11\x0e\x11\x00\x12\x01\x05\x01\x07')
2026-10-09 00:22:46,229 BTPWorkerThread-11407 (_rx_task) root DEBUG btp.py                    736   event_handler             : Header(svc_id=1, op=129, ctrl_index=0, data_len=35) (b'\xe0\xb6\x1e\xd2d\xd5\xac\xc4\x03\x18\x00\t\tKD-55U8G\t\x03\n\x11\x0c\x11\x0e\x11\x00\x12\x01\x05\x01\x07',)
2026-10-09 00:22:46,229 BTPWorkerThread-11407 (_rx_task) root DEBUG gap.py                    193   gap_device_found_ev_      : b'\xe0\xb6\x1e\xd2d\xd5\xac\xc4\x03\x18\x00\t\tKD-55U8G\t\x03\n\x11\x0c\x11\x0e\x11\x00\x12\x01\x05\x01\x07'
2026-10-09 00:22:46,229 BTPWorkerThread-11407 (_rx_task) root DEBUG gap.py                    207   gap_device_found_ev_      : found 'acd564d21eb6' type 224 eir b'\t\tKD-55U8G\t\x03\n\x11\x0c\x11\x0e\x11\x00\x12\x01\x05\x01\x07'
2026-10-09 00:22:46,249 BTPWorkerThread-11407 (_rx_task) root DEBUG iutctl_common.py          123   read                      : Read 5 bytes
2026-10-09 00:22:46,250 BTPWorkerThread-11407 (_rx_task) root DEBUG iutctl_common.py          131   read                      : Received: hdr: Header(svc_id=0x01, op=0x81, ctrl_index=0x00, data_len=0x23) bytearray(b'\x01\x81\x00#\x00')
2026-10-09 00:22:46,250 BTPWorkerThread-11407 (_rx_task) root DEBUG iutctl_common.py          139   read                      : Read 35 bytes data
2026-10-09 00:22:46,250 BTPWorkerThread-11407 (_rx_task) root DEBUG iutctl_common.py          154   read                      : Received data: {'e0 b6 1e d2 64 d5 ac a8 03 18 00 09 09 4b 44 2d 35 35 55 38 47 09 03 0a 11 0c 11 0e 11 00 12 01 05 01 07'}, bytearray(b'\xe0\xb6\x1e\xd2d\xd5\xac\xa8\x03\x18\x00\t\tKD-55U8G\t\x03\n\x11\x0c\x11\x0e\x11\x00\x12\x01\x05\x01\x07')
2026-10-09 00:22:46,250 BTPWorkerThread-11407 (_rx_task) root DEBUG btp.py                    736   event_handler             : Header(svc_id=1, op=129, ctrl_index=0, data_len=35) (b'\xe0\xb6\x1e\xd2d\xd5\xac\xa8\x03\x18\x00\t\tKD-55U8G\t\x03\n\x11\x0c\x11\x0e\x11\x00\x12\x01\x05\x01\x07',)
2026-10-09 00:22:46,250 BTPWorkerThread-11407 (_rx_task) root DEBUG gap.py                    193   gap_device_found_ev_      : b'\xe0\xb6\x1e\xd2d\xd5\xac\xa8\x03\x18\x00\t\tKD-55U8G\t\x03\n\x11\x0c\x11\x0e\x11\x00\x12\x01\x05\x01\x07'
2026-10-09 00:22:46,250 BTPWorkerThread-11407 (_rx_task) root DEBUG gap.py                    207   gap_device_found_ev_      : found 'acd564d21eb6' type 224 eir b'\t\tKD-55U8G\t\x03\n\x11\x0c\x11\x0e\x11\x00\x12\x01\x05\x01\x07'
2026-10-09 00:22:46,293 BTPWorkerThread-11407 (_rx_task) root DEBUG iutctl_common.py          123   read                      : Read 5 bytes
2026-10-09 00:22:46,293 BTPWorkerThread-11407 (_rx_task) root DEBUG iutctl_common.py          131   read                      : Received: hdr: Header(svc_id=0x01, op=0x81, ctrl_index=0x00, data_len=0x26) bytearray(b'\x01\x81\x00&\x00')
2026-10-09 00:22:46,293 BTPWorkerThread-11407 (_rx_task) root DEBUG iutctl_common.py          139   read                      : Read 38 bytes data
2026-10-09 00:22:46,294 BTPWorkerThread-11407 (_rx_task) root DEBUG iutctl_common.py          154   read                      : Received data: {'e0 53 00 4c 17 e5 44 af 03 1b 00 09 09 4e 58 4c 36 36 35 32 38 02 0a 0c 0d 03 0c 11 0a 11 0b 11 0e 11 1f 11 1e 11'}, bytearray(b'\xe0S\x00L\x17\xe5D\xaf\x03\x1b\x00\t\tNXL66528\x02\n\x0c\r\x03\x0c\x11\n\x11\x0b\x11\x0e\x11\x1f\x11\x1e\x11')
2026-10-09 00:22:46,294 BTPWorkerThread-11407 (_rx_task) root DEBUG btp.py                    736   event_handler             : Header(svc_id=1, op=129, ctrl_index=0, data_len=38) (b'\xe0S\x00L\x17\xe5D\xaf\x03\x1b\x00\t\tNXL66528\x02\n\x0c\r\x03\x0c\x11\n\x11\x0b\x11\x0e\x11\x1f\x11\x1e\x11',)
2026-10-09 00:22:46,294 BTPWorkerThread-11407 (_rx_task) root DEBUG gap.py                    193   gap_device_found_ev_      : b'\xe0S\x00L\x17\xe5D\xaf\x03\x1b\x00\t\tNXL66528\x02\n\x0c\r\x03\x0c\x11\n\x11\x0b\x11\x0e\x11\x1f\x11\x1e\x11'
2026-10-09 00:22:46,294 BTPWorkerThread-11407 (_rx_task) root DEBUG gap.py                    207   gap_device_found_ev_      : found '44e5174c0053' type 224 eir b'\t\tNXL66528\x02\n\x0c\r\x03\x0c\x11\n\x11\x0b\x11\x0e\x11\x1f\x11\x1e\x11'
2026-10-09 00:22:46,548 BTPWorkerThread-11407 (_rx_task) root DEBUG iutctl_common.py          123   read                      : Read 5 bytes
2026-10-09 00:22:46,548 BTPWorkerThread-11407 (_rx_task) root DEBUG iutctl_common.py          131   read                      : Received: hdr: Header(svc_id=0x01, op=0x81, ctrl_index=0x00, data_len=0x2a) bytearray(b'\x01\x81\x00*\x00')
2026-10-09 00:22:46,549 BTPWorkerThread-11407 (_rx_task) root DEBUG iutctl_common.py          139   read                      : Read 42 bytes data
2026-10-09 00:22:46,549 BTPWorkerThread-11407 (_rx_task) root DEBUG iutctl_common.py          154   read                      : Received data: {'e0 cd 83 06 dc 1b 00 ac 03 1f 00 1e 09 41 32 44 50 20 53 6f 75 72 63 65 20 30 30 3a 31 42 3a 44 43 3a 30 36 3a 38 33 3a 43 44'}, bytearray(b'\xe0\xcd\x83\x06\xdc\x1b\x00\xac\x03\x1f\x00\x1e\tA2DP Source 00:1B:DC:06:83:CD')
2026-10-09 00:22:46,549 BTPWorkerThread-11407 (_rx_task) root DEBUG btp.py                    736   event_handler             : Header(svc_id=1, op=129, ctrl_index=0, data_len=42) (b'\xe0\xcd\x83\x06\xdc\x1b\x00\xac\x03\x1f\x00\x1e\tA2DP Source 00:1B:DC:06:83:CD',)
2026-10-09 00:22:46,549 BTPWorkerThread-11407 (_rx_task) root DEBUG gap.py                    193   gap_device_found_ev_      : b'\xe0\xcd\x83\x06\xdc\x1b\x00\xac\x03\x1f\x00\x1e\tA2DP Source 00:1B:DC:06:83:CD'
2026-10-09 00:22:46,549 BTPWorkerThread-11407 (_rx_task) root DEBUG gap.py                    207   gap_device_found_ev_      : found '001bdc0683cd' type 224 eir b'\x1e\tA2DP Source 00:1B:DC:06:83:CD'
2026-10-09 00:22:47,218 BTPWorkerThread-11407 (_rx_task) root DEBUG iutctl_common.py          123   read                      : Read 5 bytes
2026-10-09 00:22:47,218 BTPWorkerThread-11407 (_rx_task) root DEBUG iutctl_common.py          131   read                      : Received: hdr: Header(svc_id=0x01, op=0x81, ctrl_index=0x00, data_len=0x2a) bytearray(b'\x01\x81\x00*\x00')
2026-10-09 00:22:47,218 BTPWorkerThread-11407 (_rx_task) root DEBUG iutctl_common.py          139   read                      : Read 7 bytes data
2026-10-09 00:22:47,228 BTPWorkerThread-11407 (_rx_task) root DEBUG iutctl_common.py          139   read                      : Read 35 bytes data
2026-10-09 00:22:47,228 BTPWorkerThread-11407 (_rx_task) root DEBUG iutctl_common.py          154   read                      : Received data: {'e0 cd 83 06 dc 1b 00 af 03 1f 00 1e 09 41 32 44 50 20 53 6f 75 72 63 65 20 30 30 3a 31 42 3a 44 43 3a 30 36 3a 38 33 3a 43 44'}, bytearray(b'\xe0\xcd\x83\x06\xdc\x1b\x00\xaf\x03\x1f\x00\x1e\tA2DP Source 00:1B:DC:06:83:CD')
2026-10-09 00:22:47,228 BTPWorkerThread-11407 (_rx_task) root DEBUG btp.py                    736   event_handler             : Header(svc_id=1, op=129, ctrl_index=0, data_len=42) (b'\xe0\xcd\x83\x06\xdc\x1b\x00\xaf\x03\x1f\x00\x1e\tA2DP Source 00:1B:DC:06:83:CD',)
2026-10-09 00:22:47,228 BTPWorkerThread-11407 (_rx_task) root DEBUG gap.py                    193   gap_device_found_ev_      : b'\xe0\xcd\x83\x06\xdc\x1b\x00\xaf\x03\x1f\x00\x1e\tA2DP Source 00:1B:DC:06:83:CD'
2026-10-09 00:22:47,228 BTPWorkerThread-11407 (_rx_task) root DEBUG gap.py                    207   gap_device_found_ev_      : found '001bdc0683cd' type 224 eir b'\x1e\tA2DP Source 00:1B:DC:06:83:CD'
2026-10-09 00:22:47,970 BTPWorkerThread-11407 (_rx_task) root DEBUG iutctl_common.py          123   read                      : Read 5 bytes
2026-10-09 00:22:47,970 BTPWorkerThread-11407 (_rx_task) root DEBUG iutctl_common.py          131   read                      : Received: hdr: Header(svc_id=0x01, op=0x81, ctrl_index=0x00, data_len=0x0b) bytearray(b'\x01\x81\x00\x0b\x00')
2026-10-09 00:22:47,970 BTPWorkerThread-11407 (_rx_task) root DEBUG iutctl_common.py          139   read                      : Read 11 bytes data
2026-10-09 00:22:47,970 BTPWorkerThread-11407 (_rx_task) root DEBUG iutctl_common.py          154   read                      : Received data: {'e0 b6 1e d2 64 d5 ac c1 03 00 00'}, bytearray(b'\xe0\xb6\x1e\xd2d\xd5\xac\xc1\x03\x00\x00')
2026-10-09 00:22:47,971 BTPWorkerThread-11407 (_rx_task) root DEBUG btp.py                    736   event_handler             : Header(svc_id=1, op=129, ctrl_index=0, data_len=11) (b'\xe0\xb6\x1e\xd2d\xd5\xac\xc1\x03\x00\x00',)
2026-10-09 00:22:47,971 BTPWorkerThread-11407 (_rx_task) root DEBUG gap.py                    193   gap_device_found_ev_      : b'\xe0\xb6\x1e\xd2d\xd5\xac\xc1\x03\x00\x00'
2026-10-09 00:22:47,971 BTPWorkerThread-11407 (_rx_task) root DEBUG gap.py                    207   gap_device_found_ev_      : found 'acd564d21eb6' type 224 eir b''
2026-10-09 00:22:48,120 BTPWorkerThread-11407 (_rx_task) root DEBUG iutctl_common.py          123   read                      : Read 5 bytes
2026-10-09 00:22:48,120 BTPWorkerThread-11407 (_rx_task) root DEBUG iutctl_common.py          131   read                      : Received: hdr: Header(svc_id=0x01, op=0x81, ctrl_index=0x00, data_len=0x0b) bytearray(b'\x01\x81\x00\x0b\x00')
2026-10-09 00:22:48,120 BTPWorkerThread-11407 (_rx_task) root DEBUG iutctl_common.py          139   read                      : Read 11 bytes data
2026-10-09 00:22:48,121 BTPWorkerThread-11407 (_rx_task) root DEBUG iutctl_common.py          154   read                      : Received data: {'e0 b6 1e d2 64 d5 ac be 03 00 00'}, bytearray(b'\xe0\xb6\x1e\xd2d\xd5\xac\xbe\x03\x00\x00')
2026-10-09 00:22:48,121 BTPWorkerThread-11407 (_rx_task) root DEBUG btp.py                    736   event_handler             : Header(svc_id=1, op=129, ctrl_index=0, data_len=11) (b'\xe0\xb6\x1e\xd2d\xd5\xac\xbe\x03\x00\x00',)
2026-10-09 00:22:48,121 BTPWorkerThread-11407 (_rx_task) root DEBUG gap.py                    193   gap_device_found_ev_      : b'\xe0\xb6\x1e\xd2d\xd5\xac\xbe\x03\x00\x00'
2026-10-09 00:22:48,121 BTPWorkerThread-11407 (_rx_task) root DEBUG gap.py                    207   gap_device_found_ev_      : found 'acd564d21eb6' type 224 eir b''
2026-10-09 00:22:48,238 BTPWorkerThread-11407 (_rx_task) root DEBUG iutctl_common.py          123   read                      : Read 5 bytes
2026-10-09 00:22:48,238 BTPWorkerThread-11407 (_rx_task) root DEBUG iutctl_common.py          131   read                      : Received: hdr: Header(svc_id=0x01, op=0x81, ctrl_index=0x00, data_len=0x0b) bytearray(b'\x01\x81\x00\x0b\x00')
2026-10-09 00:22:48,238 BTPWorkerThread-11407 (_rx_task) root DEBUG iutctl_common.py          139   read                      : Read 11 bytes data
2026-10-09 00:22:48,239 BTPWorkerThread-11407 (_rx_task) root DEBUG iutctl_common.py          154   read                      : Received data: {'e0 b6 1e d2 64 d5 ac bd 03 00 00'}, bytearray(b'\xe0\xb6\x1e\xd2d\xd5\xac\xbd\x03\x00\x00')
2026-10-09 00:22:48,239 BTPWorkerThread-11407 (_rx_task) root DEBUG btp.py                    736   event_handler             : Header(svc_id=1, op=129, ctrl_index=0, data_len=11) (b'\xe0\xb6\x1e\xd2d\xd5\xac\xbd\x03\x00\x00',)
2026-10-09 00:22:48,239 BTPWorkerThread-11407 (_rx_task) root DEBUG gap.py                    193   gap_device_found_ev_      : b'\xe0\xb6\x1e\xd2d\xd5\xac\xbd\x03\x00\x00'
2026-10-09 00:22:48,239 BTPWorkerThread-11407 (_rx_task) root DEBUG gap.py                    207   gap_device_found_ev_      : found 'acd564d21eb6' type 224 eir b''
2026-10-09 00:22:48,302 BTPWorkerThread-11407 (_rx_task) root DEBUG iutctl_common.py          123   read                      : Read 5 bytes
2026-10-09 00:22:48,302 BTPWorkerThread-11407 (_rx_task) root DEBUG iutctl_common.py          131   read                      : Received: hdr: Header(svc_id=0x01, op=0x81, ctrl_index=0x00, data_len=0x2a) bytearray(b'\x01\x81\x00*\x00')
2026-10-09 00:22:48,302 BTPWorkerThread-11407 (_rx_task) root DEBUG iutctl_common.py          139   read                      : Read 42 bytes data
2026-10-09 00:22:48,303 BTPWorkerThread-11407 (_rx_task) root DEBUG iutctl_common.py          154   read                      : Received data: {'e0 95 83 06 dc 1b 00 ac 03 1f 00 1e 09 48 46 50 20 41 47 20 44 65 6d 6f 20 30 30 3a 31 42 3a 44 43 3a 30 36 3a 38 33 3a 39 35'}, bytearray(b'\xe0\x95\x83\x06\xdc\x1b\x00\xac\x03\x1f\x00\x1e\tHFP AG Demo 00:1B:DC:06:83:95')
2026-10-09 00:22:48,303 BTPWorkerThread-11407 (_rx_task) root DEBUG btp.py                    736   event_handler             : Header(svc_id=1, op=129, ctrl_index=0, data_len=42) (b'\xe0\x95\x83\x06\xdc\x1b\x00\xac\x03\x1f\x00\x1e\tHFP AG Demo 00:1B:DC:06:83:95',)
2026-10-09 00:22:48,303 BTPWorkerThread-11407 (_rx_task) root DEBUG gap.py                    193   gap_device_found_ev_      : b'\xe0\x95\x83\x06\xdc\x1b\x00\xac\x03\x1f\x00\x1e\tHFP AG Demo 00:1B:DC:06:83:95'
2026-10-09 00:22:48,303 BTPWorkerThread-11407 (_rx_task) root DEBUG gap.py                    207   gap_device_found_ev_      : found '001bdc068395' type 224 eir b'\x1e\tHFP AG Demo 00:1B:DC:06:83:95'
2026-10-09 00:22:48,399 BTPWorkerThread-11407 (_rx_task) root DEBUG iutctl_common.py          123   read                      : Read 5 bytes
2026-10-09 00:22:48,399 BTPWorkerThread-11407 (_rx_task) root DEBUG iutctl_common.py          131   read                      : Received: hdr: Header(svc_id=0x01, op=0x81, ctrl_index=0x00, data_len=0x0b) bytearray(b'\x01\x81\x00\x0b\x00')
2026-10-09 00:22:48,399 BTPWorkerThread-11407 (_rx_task) root DEBUG iutctl_common.py          139   read                      : Read 11 bytes data
2026-10-09 00:22:48,399 BTPWorkerThread-11407 (_rx_task) root DEBUG iutctl_common.py          154   read                      : Received data: {'e0 b6 1e d2 64 d5 ac be 03 00 00'}, bytearray(b'\xe0\xb6\x1e\xd2d\xd5\xac\xbe\x03\x00\x00')
2026-10-09 00:22:48,399 BTPWorkerThread-11407 (_rx_task) root DEBUG btp.py                    736   event_handler             : Header(svc_id=1, op=129, ctrl_index=0, data_len=11) (b'\xe0\xb6\x1e\xd2d\xd5\xac\xbe\x03\x00\x00',)
2026-10-09 00:22:48,400 BTPWorkerThread-11407 (_rx_task) root DEBUG gap.py                    193   gap_device_found_ev_      : b'\xe0\xb6\x1e\xd2d\xd5\xac\xbe\x03\x00\x00'
2026-10-09 00:22:48,400 BTPWorkerThread-11407 (_rx_task) root DEBUG gap.py                    207   gap_device_found_ev_      : found 'acd564d21eb6' type 224 eir b''
2026-10-09 00:22:48,410 BTPWorkerThread-11407 (_rx_task) root DEBUG iutctl_common.py          123   read                      : Read 5 bytes
2026-10-09 00:22:48,410 BTPWorkerThread-11407 (_rx_task) root DEBUG iutctl_common.py          131   read                      : Received: hdr: Header(svc_id=0x01, op=0x81, ctrl_index=0x00, data_len=0x26) bytearray(b'\x01\x81\x00&\x00')
2026-10-09 00:22:48,411 BTPWorkerThread-11407 (_rx_task) root DEBUG iutctl_common.py          139   read                      : Read 38 bytes data
2026-10-09 00:22:48,411 BTPWorkerThread-11407 (_rx_task) root DEBUG iutctl_common.py          154   read                      : Received data: {'e0 53 00 4c 17 e5 44 ad 03 1b 00 09 09 4e 58 4c 36 36 35 32 38 02 0a 0c 0d 03 0c 11 0a 11 0b 11 0e 11 1f 11 1e 11'}, bytearray(b'\xe0S\x00L\x17\xe5D\xad\x03\x1b\x00\t\tNXL66528\x02\n\x0c\r\x03\x0c\x11\n\x11\x0b\x11\x0e\x11\x1f\x11\x1e\x11')
2026-10-09 00:22:48,411 BTPWorkerThread-11407 (_rx_task) root DEBUG btp.py                    736   event_handler             : Header(svc_id=1, op=129, ctrl_index=0, data_len=38) (b'\xe0S\x00L\x17\xe5D\xad\x03\x1b\x00\t\tNXL66528\x02\n\x0c\r\x03\x0c\x11\n\x11\x0b\x11\x0e\x11\x1f\x11\x1e\x11',)
2026-10-09 00:22:48,411 BTPWorkerThread-11407 (_rx_task) root DEBUG gap.py                    193   gap_device_found_ev_      : b'\xe0S\x00L\x17\xe5D\xad\x03\x1b\x00\t\tNXL66528\x02\n\x0c\r\x03\x0c\x11\n\x11\x0b\x11\x0e\x11\x1f\x11\x1e\x11'
2026-10-09 00:22:48,411 BTPWorkerThread-11407 (_rx_task) root DEBUG gap.py                    207   gap_device_found_ev_      : found '44e5174c0053' type 224 eir b'\t\tNXL66528\x02\n\x0c\r\x03\x0c\x11\n\x11\x0b\x11\x0e\x11\x1f\x11\x1e\x11'
2026-10-09 00:22:48,506 BTPWorkerThread-11407 (_rx_task) root DEBUG iutctl_common.py          123   read                      : Read 5 bytes
2026-10-09 00:22:48,506 BTPWorkerThread-11407 (_rx_task) root DEBUG iutctl_common.py          131   read                      : Received: hdr: Header(svc_id=0x01, op=0x81, ctrl_index=0x00, data_len=0x26) bytearray(b'\x01\x81\x00&\x00')
2026-10-09 00:22:48,507 BTPWorkerThread-11407 (_rx_task) root DEBUG iutctl_common.py          139   read                      : Read 38 bytes data
2026-10-09 00:22:48,507 BTPWorkerThread-11407 (_rx_task) root DEBUG iutctl_common.py          154   read                      : Received data: {'e0 53 00 4c 17 e5 44 b0 03 1b 00 09 09 4e 58 4c 36 36 35 32 38 02 0a 0c 0d 03 0c 11 0a 11 0b 11 0e 11 1f 11 1e 11'}, bytearray(b'\xe0S\x00L\x17\xe5D\xb0\x03\x1b\x00\t\tNXL66528\x02\n\x0c\r\x03\x0c\x11\n\x11\x0b\x11\x0e\x11\x1f\x11\x1e\x11')
2026-10-09 00:22:48,507 BTPWorkerThread-11407 (_rx_task) root DEBUG btp.py                    736   event_handler             : Header(svc_id=1, op=129, ctrl_index=0, data_len=38) (b'\xe0S\x00L\x17\xe5D\xb0\x03\x1b\x00\t\tNXL66528\x02\n\x0c\r\x03\x0c\x11\n\x11\x0b\x11\x0e\x11\x1f\x11\x1e\x11',)
2026-10-09 00:22:48,507 BTPWorkerThread-11407 (_rx_task) root DEBUG gap.py                    193   gap_device_found_ev_      : b'\xe0S\x00L\x17\xe5D\xb0\x03\x1b\x00\t\tNXL66528\x02\n\x0c\r\x03\x0c\x11\n\x11\x0b\x11\x0e\x11\x1f\x11\x1e\x11'
2026-10-09 00:22:48,507 BTPWorkerThread-11407 (_rx_task) root DEBUG gap.py                    207   gap_device_found_ev_      : found '44e5174c0053' type 224 eir b'\t\tNXL66528\x02\n\x0c\r\x03\x0c\x11\n\x11\x0b\x11\x0e\x11\x1f\x11\x1e\x11'
2026-10-09 00:22:48,845 BTPWorkerThread-11407 (_rx_task) root DEBUG iutctl_common.py          123   read                      : Read 5 bytes
2026-10-09 00:22:48,845 BTPWorkerThread-11407 (_rx_task) root DEBUG iutctl_common.py          131   read                      : Received: hdr: Header(svc_id=0x01, op=0x81, ctrl_index=0x00, data_len=0x26) bytearray(b'\x01\x81\x00&\x00')
2026-10-09 00:22:48,846 BTPWorkerThread-11407 (_rx_task) root DEBUG iutctl_common.py          139   read                      : Read 38 bytes data
2026-10-09 00:22:48,846 BTPWorkerThread-11407 (_rx_task) root DEBUG iutctl_common.py          154   read                      : Received data: {'e0 53 00 4c 17 e5 44 af 03 1b 00 09 09 4e 58 4c 36 36 35 32 38 02 0a 0c 0d 03 0c 11 0a 11 0b 11 0e 11 1f 11 1e 11'}, bytearray(b'\xe0S\x00L\x17\xe5D\xaf\x03\x1b\x00\t\tNXL66528\x02\n\x0c\r\x03\x0c\x11\n\x11\x0b\x11\x0e\x11\x1f\x11\x1e\x11')
2026-10-09 00:22:48,846 BTPWorkerThread-11407 (_rx_task) root DEBUG btp.py                    736   event_handler             : Header(svc_id=1, op=129, ctrl_index=0, data_len=38) (b'\xe0S\x00L\x17\xe5D\xaf\x03\x1b\x00\t\tNXL66528\x02\n\x0c\r\x03\x0c\x11\n\x11\x0b\x11\x0e\x11\x1f\x11\x1e\x11',)
2026-10-09 00:22:48,846 BTPWorkerThread-11407 (_rx_task) root DEBUG gap.py                    193   gap_device_found_ev_      : b'\xe0S\x00L\x17\xe5D\xaf\x03\x1b\x00\t\tNXL66528\x02\n\x0c\r\x03\x0c\x11\n\x11\x0b\x11\x0e\x11\x1f\x11\x1e\x11'
2026-10-09 00:22:48,846 BTPWorkerThread-11407 (_rx_task) root DEBUG gap.py                    207   gap_device_found_ev_      : found '44e5174c0053' type 224 eir b'\t\tNXL66528\x02\n\x0c\r\x03\x0c\x11\n\x11\x0b\x11\x0e\x11\x1f\x11\x1e\x11'
2026-10-09 00:22:48,975 BTPWorkerThread-11407 (_rx_task) root DEBUG iutctl_common.py          123   read                      : Read 5 bytes
2026-10-09 00:22:48,975 BTPWorkerThread-11407 (_rx_task) root DEBUG iutctl_common.py          131   read                      : Received: hdr: Header(svc_id=0x01, op=0x81, ctrl_index=0x00, data_len=0x0b) bytearray(b'\x01\x81\x00\x0b\x00')
2026-10-09 00:22:48,975 BTPWorkerThread-11407 (_rx_task) root DEBUG iutctl_common.py          139   read                      : Read 11 bytes data
2026-10-09 00:22:48,976 BTPWorkerThread-11407 (_rx_task) root DEBUG iutctl_common.py          154   read                      : Received data: {'e0 b6 1e d2 64 d5 ac bf 03 00 00'}, bytearray(b'\xe0\xb6\x1e\xd2d\xd5\xac\xbf\x03\x00\x00')
2026-10-09 00:22:48,976 BTPWorkerThread-11407 (_rx_task) root DEBUG btp.py                    736   event_handler             : Header(svc_id=1, op=129, ctrl_index=0, data_len=11) (b'\xe0\xb6\x1e\xd2d\xd5\xac\xbf\x03\x00\x00',)
2026-10-09 00:22:48,976 BTPWorkerThread-11407 (_rx_task) root DEBUG gap.py                    193   gap_device_found_ev_      : b'\xe0\xb6\x1e\xd2d\xd5\xac\xbf\x03\x00\x00'
2026-10-09 00:22:48,976 BTPWorkerThread-11407 (_rx_task) root DEBUG gap.py                    207   gap_device_found_ev_      : found 'acd564d21eb6' type 224 eir b''
2026-10-09 00:22:49,275 BTPWorkerThread-11407 (_rx_task) root DEBUG iutctl_common.py          123   read                      : Read 5 bytes
2026-10-09 00:22:49,275 BTPWorkerThread-11407 (_rx_task) root DEBUG iutctl_common.py          131   read                      : Received: hdr: Header(svc_id=0x01, op=0x81, ctrl_index=0x00, data_len=0x0b) bytearray(b'\x01\x81\x00\x0b\x00')
2026-10-09 00:22:49,276 BTPWorkerThread-11407 (_rx_task) root DEBUG iutctl_common.py          139   read                      : Read 11 bytes data
2026-10-09 00:22:49,276 BTPWorkerThread-11407 (_rx_task) root DEBUG iutctl_common.py          154   read                      : Received data: {'e0 b6 1e d2 64 d5 ac c5 03 00 00'}, bytearray(b'\xe0\xb6\x1e\xd2d\xd5\xac\xc5\x03\x00\x00')
2026-10-09 00:22:49,276 BTPWorkerThread-11407 (_rx_task) root DEBUG btp.py                    736   event_handler             : Header(svc_id=1, op=129, ctrl_index=0, data_len=11) (b'\xe0\xb6\x1e\xd2d\xd5\xac\xc5\x03\x00\x00',)
2026-10-09 00:22:49,276 BTPWorkerThread-11407 (_rx_task) root DEBUG gap.py                    193   gap_device_found_ev_      : b'\xe0\xb6\x1e\xd2d\xd5\xac\xc5\x03\x00\x00'
2026-10-09 00:22:49,276 BTPWorkerThread-11407 (_rx_task) root DEBUG gap.py                    207   gap_device_found_ev_      : found 'acd564d21eb6' type 224 eir b''
2026-10-09 00:22:49,309 BTPWorkerThread-11407 (_rx_task) root DEBUG iutctl_common.py          123   read                      : Read 5 bytes
2026-10-09 00:22:49,309 BTPWorkerThread-11407 (_rx_task) root DEBUG iutctl_common.py          131   read                      : Received: hdr: Header(svc_id=0x01, op=0x81, ctrl_index=0x00, data_len=0x26) bytearray(b'\x01\x81\x00&\x00')
2026-10-09 00:22:49,309 BTPWorkerThread-11407 (_rx_task) root DEBUG iutctl_common.py          139   read                      : Read 38 bytes data
2026-10-09 00:22:49,309 BTPWorkerThread-11407 (_rx_task) root DEBUG iutctl_common.py          154   read                      : Received data: {'e0 53 00 4c 17 e5 44 a8 03 1b 00 09 09 4e 58 4c 36 36 35 32 38 02 0a 0c 0d 03 0c 11 0a 11 0b 11 0e 11 1f 11 1e 11'}, bytearray(b'\xe0S\x00L\x17\xe5D\xa8\x03\x1b\x00\t\tNXL66528\x02\n\x0c\r\x03\x0c\x11\n\x11\x0b\x11\x0e\x11\x1f\x11\x1e\x11')
2026-10-09 00:22:49,309 BTPWorkerThread-11407 (_rx_task) root DEBUG btp.py                    736   event_handler             : Header(svc_id=1, op=129, ctrl_index=0, data_len=38) (b'\xe0S\x00L\x17\xe5D\xa8\x03\x1b\x00\t\tNXL66528\x02\n\x0c\r\x03\x0c\x11\n\x11\x0b\x11\x0e\x11\x1f\x11\x1e\x11',)
2026-10-09 00:22:49,309 BTPWorkerThread-11407 (_rx_task) root DEBUG gap.py                    193   gap_device_found_ev_      : b'\xe0S\x00L\x17\xe5D\xa8\x03\x1b\x00\t\tNXL66528\x02\n\x0c\r\x03\x0c\x11\n\x11\x0b\x11\x0e\x11\x1f\x11\x1e\x11'
2026-10-09 00:22:49,310 BTPWorkerThread-11407 (_rx_task) root DEBUG gap.py                    207   gap_device_found_ev_      : found '44e5174c0053' type 224 eir b'\t\tNXL66528\x02\n\x0c\r\x03\x0c\x11\n\x11\x0b\x11\x0e\x11\x1f\x11\x1e\x11'
2026-10-09 00:22:49,447 BTPWorkerThread-11407 (_rx_task) root DEBUG iutctl_common.py          123   read                      : Read 5 bytes
2026-10-09 00:22:49,447 BTPWorkerThread-11407 (_rx_task) root DEBUG iutctl_common.py          131   read                      : Received: hdr: Header(svc_id=0x01, op=0x81, ctrl_index=0x00, data_len=0x23) bytearray(b'\x01\x81\x00#\x00')
2026-10-09 00:22:49,447 BTPWorkerThread-11407 (_rx_task) root DEBUG iutctl_common.py          139   read                      : Read 23 bytes data
2026-10-09 00:22:49,458 BTPWorkerThread-11407 (_rx_task) root DEBUG iutctl_common.py          139   read                      : Read 12 bytes data
2026-10-09 00:22:49,458 BTPWorkerThread-11407 (_rx_task) root DEBUG iutctl_common.py          154   read                      : Received data: {'e0 b6 1e d2 64 d5 ac c2 03 18 00 09 09 4b 44 2d 35 35 55 38 47 09 03 0a 11 0c 11 0e 11 00 12 01 05 01 07'}, bytearray(b'\xe0\xb6\x1e\xd2d\xd5\xac\xc2\x03\x18\x00\t\tKD-55U8G\t\x03\n\x11\x0c\x11\x0e\x11\x00\x12\x01\x05\x01\x07')
2026-10-09 00:22:49,459 BTPWorkerThread-11407 (_rx_task) root DEBUG btp.py                    736   event_handler             : Header(svc_id=1, op=129, ctrl_index=0, data_len=35) (b'\xe0\xb6\x1e\xd2d\xd5\xac\xc2\x03\x18\x00\t\tKD-55U8G\t\x03\n\x11\x0c\x11\x0e\x11\x00\x12\x01\x05\x01\x07',)
2026-10-09 00:22:49,459 BTPWorkerThread-11407 (_rx_task) root DEBUG gap.py                    193   gap_device_found_ev_      : b'\xe0\xb6\x1e\xd2d\xd5\xac\xc2\x03\x18\x00\t\tKD-55U8G\t\x03\n\x11\x0c\x11\x0e\x11\x00\x12\x01\x05\x01\x07'
2026-10-09 00:22:49,459 BTPWorkerThread-11407 (_rx_task) root DEBUG gap.py                    207   gap_device_found_ev_      : found 'acd564d21eb6' type 224 eir b'\t\tKD-55U8G\t\x03\n\x11\x0c\x11\x0e\x11\x00\x12\x01\x05\x01\x07'
2026-10-09 00:22:49,680 BTPWorkerThread-11407 (_rx_task) root DEBUG iutctl_common.py          123   read                      : Read 5 bytes
2026-10-09 00:22:49,680 BTPWorkerThread-11407 (_rx_task) root DEBUG iutctl_common.py          131   read                      : Received: hdr: Header(svc_id=0x01, op=0x81, ctrl_index=0x00, data_len=0x23) bytearray(b'\x01\x81\x00#\x00')
2026-10-09 00:22:49,680 BTPWorkerThread-11407 (_rx_task) root DEBUG iutctl_common.py          139   read                      : Read 35 bytes data
2026-10-09 00:22:49,680 BTPWorkerThread-11407 (_rx_task) root DEBUG iutctl_common.py          154   read                      : Received data: {'e0 b6 1e d2 64 d5 ac be 03 18 00 09 09 4b 44 2d 35 35 55 38 47 09 03 0a 11 0c 11 0e 11 00 12 01 05 01 07'}, bytearray(b'\xe0\xb6\x1e\xd2d\xd5\xac\xbe\x03\x18\x00\t\tKD-55U8G\t\x03\n\x11\x0c\x11\x0e\x11\x00\x12\x01\x05\x01\x07')
2026-10-09 00:22:49,681 BTPWorkerThread-11407 (_rx_task) root DEBUG btp.py                    736   event_handler             : Header(svc_id=1, op=129, ctrl_index=0, data_len=35) (b'\xe0\xb6\x1e\xd2d\xd5\xac\xbe\x03\x18\x00\t\tKD-55U8G\t\x03\n\x11\x0c\x11\x0e\x11\x00\x12\x01\x05\x01\x07',)
2026-10-09 00:22:49,681 BTPWorkerThread-11407 (_rx_task) root DEBUG gap.py                    193   gap_device_found_ev_      : b'\xe0\xb6\x1e\xd2d\xd5\xac\xbe\x03\x18\x00\t\tKD-55U8G\t\x03\n\x11\x0c\x11\x0e\x11\x00\x12\x01\x05\x01\x07'
2026-10-09 00:22:49,681 BTPWorkerThread-11407 (_rx_task) root DEBUG gap.py                    207   gap_device_found_ev_      : found 'acd564d21eb6' type 224 eir b'\t\tKD-55U8G\t\x03\n\x11\x0c\x11\x0e\x11\x00\x12\x01\x05\x01\x07'
2026-10-09 00:22:49,792 LT1-thread root DEBUG gap.py                    1150  gap_stop_discovery        : 
2026-10-09 00:22:49,792 LT1-thread root DEBUG iutctl_common.py          161   send                      : 1 13 0 ''
2026-10-09 00:22:49,792 LT1-thread root DEBUG iutctl_common.py          166   send                      : sending frame '010d000000'
2026-10-09 00:22:49,792 LT1-thread root DEBUG gap.py                    1229  gap_command_rsp_succ      : 
2026-10-09 00:22:49,792 LT1-thread root DEBUG iutctl_common.py          339   read                      : 
2026-10-09 00:22:49,827 BTPWorkerThread-11407 (_rx_task) root DEBUG iutctl_common.py          123   read                      : Read 5 bytes
2026-10-09 00:22:49,838 BTPWorkerThread-11407 (_rx_task) root DEBUG iutctl_common.py          131   read                      : Received: hdr: Header(svc_id=0x01, op=0x81, ctrl_index=0x00, data_len=0x26) bytearray(b'\x01\x81\x00&\x00')
2026-10-09 00:22:49,844 BTPWorkerThread-11407 (_rx_task) root DEBUG iutctl_common.py          139   read                      : Read 38 bytes data
2026-10-09 00:22:49,849 BTPWorkerThread-11407 (_rx_task) root DEBUG iutctl_common.py          154   read                      : Received data: {'e0 53 00 4c 17 e5 44 a7 03 1b 00 09 09 4e 58 4c 36 36 35 32 38 02 0a 0c 0d 03 0c 11 0a 11 0b 11 0e 11 1f 11 1e 11'}, bytearray(b'\xe0S\x00L\x17\xe5D\xa7\x03\x1b\x00\t\tNXL66528\x02\n\x0c\r\x03\x0c\x11\n\x11\x0b\x11\x0e\x11\x1f\x11\x1e\x11')
2026-10-09 00:22:49,855 BTPWorkerThread-11407 (_rx_task) root DEBUG btp.py                    736   event_handler             : Header(svc_id=1, op=129, ctrl_index=0, data_len=38) (b'\xe0S\x00L\x17\xe5D\xa7\x03\x1b\x00\t\tNXL66528\x02\n\x0c\r\x03\x0c\x11\n\x11\x0b\x11\x0e\x11\x1f\x11\x1e\x11',)
2026-10-09 00:22:49,855 BTPWorkerThread-11407 (_rx_task) root DEBUG gap.py                    193   gap_device_found_ev_      : b'\xe0S\x00L\x17\xe5D\xa7\x03\x1b\x00\t\tNXL66528\x02\n\x0c\r\x03\x0c\x11\n\x11\x0b\x11\x0e\x11\x1f\x11\x1e\x11'
2026-10-09 00:22:49,860 BTPWorkerThread-11407 (_rx_task) root DEBUG gap.py                    207   gap_device_found_ev_      : found '44e5174c0053' type 224 eir b'\t\tNXL66528\x02\n\x0c\r\x03\x0c\x11\n\x11\x0b\x11\x0e\x11\x1f\x11\x1e\x11'
2026-10-09 00:22:49,865 BTPWorkerThread-11407 (_rx_task) root DEBUG iutctl_common.py          123   read                      : Read 5 bytes
2026-10-09 00:22:49,871 BTPWorkerThread-11407 (_rx_task) root DEBUG iutctl_common.py          131   read                      : Received: hdr: Header(svc_id=0x01, op=0x0d, ctrl_index=0x00, data_len=0x00) bytearray(b'\x01\r\x00\x00\x00')
2026-10-09 00:22:49,876 BTPWorkerThread-11407 (_rx_task) root DEBUG iutctl_common.py          154   read                      : Received data: {''}, bytearray(b'')
2026-10-09 00:22:49,881 LT1-thread root DEBUG gap.py                    1234  gap_command_rsp_succ      : received Header(svc_id=1, op=13, ctrl_index=0, data_len=0) (b'',)
2026-10-09 00:22:49,881 LT1-thread root DEBUG gap.py                    1510  check_discovery_results   : 224 '001bdc08e44e' True None
2026-10-09 00:22:49,881 LT1-thread root DEBUG gap.py                    1519  check_discovery_results   : matching LeAdv(addr_type=224, addr='acd564d21eb6', rssi=189, flags=3, eir=b'')
2026-10-09 00:22:49,881 LT1-thread root DEBUG gap.py                    1519  check_discovery_results   : matching LeAdv(addr_type=224, addr='44e5174c0053', rssi=174, flags=3, eir=b'\t\tNXL66528\x02\n\x0c\r\x03\x0c\x11\n\x11\x0b\x11\x0e\x11\x1f\x11\x1e\x11')
2026-10-09 00:22:49,881 LT1-thread root DEBUG gap.py                    1519  check_discovery_results   : matching LeAdv(addr_type=224, addr='44e5174c0053', rssi=173, flags=3, eir=b'\t\tNXL66528\x02\n\x0c\r\x03\x0c\x11\n\x11\x0b\x11\x0e\x11\x1f\x11\x1e\x11')
2026-10-09 00:22:49,881 LT1-thread root DEBUG gap.py                    1519  check_discovery_results   : matching LeAdv(addr_type=224, addr='acd564d21eb6', rssi=190, flags=3, eir=b'')
2026-10-09 00:22:49,881 LT1-thread root DEBUG gap.py                    1519  check_discovery_results   : matching LeAdv(addr_type=224, addr='44e5174c0053', rssi=174, flags=3, eir=b'\t\tNXL66528\x02\n\x0c\r\x03\x0c\x11\n\x11\x0b\x11\x0e\x11\x1f\x11\x1e\x11')
2026-10-09 00:22:49,881 LT1-thread root DEBUG gap.py                    1519  check_discovery_results   : matching LeAdv(addr_type=224, addr='acd564d21eb6', rssi=191, flags=3, eir=b'')
2026-10-09 00:22:49,881 LT1-thread root DEBUG gap.py                    1519  check_discovery_results   : matching LeAdv(addr_type=224, addr='44e5174c0053', rssi=173, flags=3, eir=b'\t\tNXL66528\x02\n\x0c\r\x03\x0c\x11\n\x11\x0b\x11\x0e\x11\x1f\x11\x1e\x11')
2026-10-09 00:22:49,881 LT1-thread root DEBUG gap.py                    1519  check_discovery_results   : matching LeAdv(addr_type=224, addr='44e5174c0053', rssi=173, flags=3, eir=b'\t\tNXL66528\x02\n\x0c\r\x03\x0c\x11\n\x11\x0b\x11\x0e\x11\x1f\x11\x1e\x11')
2026-10-09 00:22:49,881 LT1-thread root DEBUG gap.py                    1519  check_discovery_results   : matching LeAdv(addr_type=224, addr='acd564d21eb6', rssi=197, flags=3, eir=b'')
2026-10-09 00:22:49,883 LT1-thread root DEBUG gap.py                    1519  check_discovery_results   : matching LeAdv(addr_type=224, addr='acd564d21eb6', rssi=187, flags=3, eir=b'')
2026-10-09 00:22:49,883 LT1-thread root DEBUG gap.py                    1519  check_discovery_results   : matching LeAdv(addr_type=224, addr='001bdc068395', rssi=167, flags=3, eir=b'\x1e\tHFP AG Demo 00:1B:DC:06:83:95')
2026-10-09 00:22:49,883 LT1-thread root DEBUG gap.py                    1519  check_discovery_results   : matching LeAdv(addr_type=224, addr='acd564d21eb6', rssi=194, flags=3, eir=b'\t\tKD-55U8G\t\x03\n\x11\x0c\x11\x0e\x11\x00\x12\x01\x05\x01\x07')
2026-10-09 00:22:49,883 LT1-thread root DEBUG gap.py                    1519  check_discovery_results   : matching LeAdv(addr_type=224, addr='acd564d21eb6', rssi=190, flags=3, eir=b'\t\tKD-55U8G\t\x03\n\x11\x0c\x11\x0e\x11\x00\x12\x01\x05\x01\x07')
2026-10-09 00:22:49,883 LT1-thread root DEBUG gap.py                    1519  check_discovery_results   : matching LeAdv(addr_type=224, addr='acd564d21eb6', rssi=190, flags=3, eir=b'\t\tKD-55U8G\t\x03\n\x11\x0c\x11\x0e\x11\x00\x12\x01\x05\x01\x07')
2026-10-09 00:22:49,883 LT1-thread root DEBUG gap.py                    1519  check_discovery_results   : matching LeAdv(addr_type=224, addr='44e5174c0053', rssi=170, flags=3, eir=b'\t\tNXL66528\x02\n\x0c\r\x03\x0c\x11\n\x11\x0b\x11\x0e\x11\x1f\x11\x1e\x11')
2026-10-09 00:22:49,883 LT1-thread root DEBUG gap.py                    1519  check_discovery_results   : matching LeAdv(addr_type=224, addr='acd564d21eb6', rssi=190, flags=3, eir=b'\t\tKD-55U8G\t\x03\n\x11\x0c\x11\x0e\x11\x00\x12\x01\x05\x01\x07')
2026-10-09 00:22:49,883 LT1-thread root DEBUG gap.py                    1519  check_discovery_results   : matching LeAdv(addr_type=224, addr='44e5174c0053', rssi=175, flags=3, eir=b'\t\tNXL66528\x02\n\x0c\r\x03\x0c\x11\n\x11\x0b\x11\x0e\x11\x1f\x11\x1e\x11')
2026-10-09 00:22:49,883 LT1-thread root DEBUG gap.py                    1519  check_discovery_results   : matching LeAdv(addr_type=224, addr='44e5174c0053', rssi=173, flags=3, eir=b'\t\tNXL66528\x02\n\x0c\r\x03\x0c\x11\n\x11\x0b\x11\x0e\x11\x1f\x11\x1e\x11')
2026-10-09 00:22:49,883 LT1-thread root DEBUG gap.py                    1519  check_discovery_results   : matching LeAdv(addr_type=224, addr='acd564d21eb6', rssi=190, flags=3, eir=b'\t\tKD-55U8G\t\x03\n\x11\x0c\x11\x0e\x11\x00\x12\x01\x05\x01\x07')
2026-10-09 00:22:49,883 LT1-thread root DEBUG gap.py                    1519  check_discovery_results   : matching LeAdv(addr_type=224, addr='acd564d21eb6', rssi=190, flags=3, eir=b'\t\tKD-55U8G\t\x03\n\x11\x0c\x11\x0e\x11\x00\x12\x01\x05\x01\x07')
2026-10-09 00:22:49,883 LT1-thread root DEBUG gap.py                    1519  check_discovery_results   : matching LeAdv(addr_type=224, addr='acd564d21eb6', rssi=193, flags=3, eir=b'\t\tKD-55U8G\t\x03\n\x11\x0c\x11\x0e\x11\x00\x12\x01\x05\x01\x07')
2026-10-09 00:22:49,883 LT1-thread root DEBUG gap.py                    1519  check_discovery_results   : matching LeAdv(addr_type=224, addr='acd564d21eb6', rssi=190, flags=3, eir=b'\t\tKD-55U8G\t\x03\n\x11\x0c\x11\x0e\x11\x00\x12\x01\x05\x01\x07')
2026-10-09 00:22:49,883 LT1-thread root DEBUG gap.py                    1519  check_discovery_results   : matching LeAdv(addr_type=224, addr='acd564d21eb6', rssi=189, flags=3, eir=b'\t\tKD-55U8G\t\x03\n\x11\x0c\x11\x0e\x11\x00\x12\x01\x05\x01\x07')
2026-10-09 00:22:49,883 LT1-thread root DEBUG gap.py                    1519  check_discovery_results   : matching LeAdv(addr_type=224, addr='44e5174c0053', rssi=176, flags=3, eir=b'\t\tNXL66528\x02\n\x0c\r\x03\x0c\x11\n\x11\x0b\x11\x0e\x11\x1f\x11\x1e\x11')
2026-10-09 00:22:49,883 LT1-thread root DEBUG gap.py                    1519  check_discovery_results   : matching LeAdv(addr_type=224, addr='44e5174c0053', rssi=171, flags=3, eir=b'\t\tNXL66528\x02\n\x0c\r\x03\x0c\x11\n\x11\x0b\x11\x0e\x11\x1f\x11\x1e\x11')
2026-10-09 00:22:49,884 LT1-thread root DEBUG gap.py                    1519  check_discovery_results   : matching LeAdv(addr_type=224, addr='44e5174c0053', rssi=175, flags=3, eir=b'\t\tNXL66528\x02\n\x0c\r\x03\x0c\x11\n\x11\x0b\x11\x0e\x11\x1f\x11\x1e\x11')
2026-10-09 00:22:49,884 LT1-thread root DEBUG gap.py                    1519  check_discovery_results   : matching LeAdv(addr_type=224, addr='001bdc0683cd', rssi=175, flags=3, eir=b'\x1e\tA2DP Source 00:1B:DC:06:83:CD')
2026-10-09 00:22:49,884 LT1-thread root DEBUG gap.py                    1519  check_discovery_results   : matching LeAdv(addr_type=224, addr='001bdc0683cd', rssi=172, flags=3, eir=b'\x1e\tA2DP Source 00:1B:DC:06:83:CD')
2026-10-09 00:22:49,884 LT1-thread root DEBUG gap.py                    1519  check_discovery_results   : matching LeAdv(addr_type=224, addr='44e5174c0053', rssi=168, flags=3, eir=b'\t\tNXL66528\x02\n\x0c\r\x03\x0c\x11\n\x11\x0b\x11\x0e\x11\x1f\x11\x1e\x11')
2026-10-09 00:22:49,884 LT1-thread root DEBUG gap.py                    1519  check_discovery_results   : matching LeAdv(addr_type=224, addr='acd564d21eb6', rssi=190, flags=3, eir=b'\t\tKD-55U8G\t\x03\n\x11\x0c\x11\x0e\x11\x00\x12\x01\x05\x01\x07')
2026-10-09 00:22:49,884 LT1-thread root DEBUG gap.py                    1519  check_discovery_results   : matching LeAdv(addr_type=224, addr='44e5174c0053', rssi=168, flags=3, eir=b'\t\tNXL66528\x02\n\x0c\r\x03\x0c\x11\n\x11\x0b\x11\x0e\x11\x1f\x11\x1e\x11')
2026-10-09 00:22:49,884 LT1-thread root DEBUG gap.py                    1519  check_discovery_results   : matching LeAdv(addr_type=224, addr='5cf3709b654d', rssi=163, flags=3, eir=b'')
2026-10-09 00:22:49,884 LT1-thread root DEBUG gap.py                    1519  check_discovery_results   : matching LeAdv(addr_type=224, addr='44e5174c0053', rssi=173, flags=3, eir=b'\t\tNXL66528\x02\n\x0c\r\x03\x0c\x11\n\x11\x0b\x11\x0e\x11\x1f\x11\x1e\x11')
2026-10-09 00:22:49,884 LT1-thread root DEBUG gap.py                    1519  check_discovery_results   : matching LeAdv(addr_type=224, addr='001bdc08e44e', rssi=203, flags=3, eir=b'\x0e\tPTS-GAP-E44E\x00')
2026-10-09 00:22:49,884 LT1-thread root DEBUG gap.py                    762   gap_connect               : None 224
2026-10-09 00:22:49,884 LT1-thread root DEBUG iutctl_common.py          161   send                      : 1 14 0 "bytearray(b'\\xe0N\\xe4\\x08\\xdc\\x1b\\x00\\x00')"
2026-10-09 00:22:49,884 LT1-thread root DEBUG iutctl_common.py          166   send                      : sending frame '010e000800e04ee408dc1b0000'
2026-10-09 00:22:49,884 LT1-thread root DEBUG iutctl_common.py          339   read                      : 
2026-10-09 00:22:49,912 BTPWorkerThread-11407 (_rx_task) root DEBUG iutctl_common.py          123   read                      : Read 5 bytes
2026-10-09 00:22:49,917 BTPWorkerThread-11407 (_rx_task) root DEBUG iutctl_common.py          131   read                      : Received: hdr: Header(svc_id=0x01, op=0x0e, ctrl_index=0x00, data_len=0x00) bytearray(b'\x01\x0e\x00\x00\x00')
2026-10-09 00:22:49,923 BTPWorkerThread-11407 (_rx_task) root DEBUG iutctl_common.py          154   read                      : Received data: {''}, bytearray(b'')
2026-10-09 00:22:53,128 BTPWorkerThread-11407 (_rx_task) root DEBUG iutctl_common.py          123   read                      : Read 5 bytes
2026-10-09 00:22:53,128 BTPWorkerThread-11407 (_rx_task) root DEBUG iutctl_common.py          131   read                      : Received: hdr: Header(svc_id=0x01, op=0x82, ctrl_index=0x00, data_len=0x0d) bytearray(b'\x01\x82\x00\r\x00')
2026-10-09 00:22:53,128 BTPWorkerThread-11407 (_rx_task) root DEBUG iutctl_common.py          139   read                      : Read 13 bytes data
2026-10-09 00:22:53,128 BTPWorkerThread-11407 (_rx_task) root DEBUG iutctl_common.py          154   read                      : Received data: {'e0 4e e4 08 dc 1b 00 00 00 00 00 00 00'}, bytearray(b'\xe0N\xe4\x08\xdc\x1b\x00\x00\x00\x00\x00\x00\x00')
2026-10-09 00:22:53,129 BTPWorkerThread-11407 (_rx_task) root DEBUG btp.py                    736   event_handler             : Header(svc_id=1, op=130, ctrl_index=0, data_len=13) (b'\xe0N\xe4\x08\xdc\x1b\x00\x00\x00\x00\x00\x00\x00',)
2026-10-09 00:22:53,129 BTPWorkerThread-11407 (_rx_task) root DEBUG gap.py                    215   gap_connected_ev_         : b'\xe0N\xe4\x08\xdc\x1b\x00\x00\x00\x00\x00\x00\x00'
2026-10-09 00:22:53,146 LT1-thread root DEBUG gap.py                    873   gap_pair                  : None 224
2026-10-09 00:22:53,146 LT1-thread root DEBUG iutctl_common.py          161   send                      : 1 17 0 "bytearray(b'\\xe0N\\xe4\\x08\\xdc\\x1b\\x00')"
2026-10-09 00:22:53,146 LT1-thread root DEBUG iutctl_common.py          166   send                      : sending frame '0111000700e04ee408dc1b00'
2026-10-09 00:22:53,146 LT1-thread root DEBUG gap.py                    1229  gap_command_rsp_succ      : 
2026-10-09 00:22:53,146 LT1-thread root DEBUG iutctl_common.py          339   read                      : 
2026-10-09 00:22:53,188 BTPWorkerThread-11407 (_rx_task) root DEBUG iutctl_common.py          123   read                      : Read 5 bytes
2026-10-09 00:22:53,188 BTPWorkerThread-11407 (_rx_task) root DEBUG iutctl_common.py          131   read                      : Received: hdr: Header(svc_id=0x01, op=0x11, ctrl_index=0x00, data_len=0x00) bytearray(b'\x01\x11\x00\x00\x00')
2026-10-09 00:22:53,193 BTPWorkerThread-11407 (_rx_task) root DEBUG iutctl_common.py          154   read                      : Received data: {''}, bytearray(b'')
2026-10-09 00:22:53,198 LT1-thread root DEBUG gap.py                    1234  gap_command_rsp_succ      : received Header(svc_id=1, op=17, ctrl_index=0, data_len=0) (b'',)
2026-10-09 00:22:53,198 LT1-thread root DEBUG testcase.py               722   run_wid                   : Sending response 'OK' to wid 102 test case GAP/SEC/SEM/BI-33-C
2026-10-09 00:22:53,200 LT1-thread root DEBUG client.py                 276   get_result                : ClientCallback.get_result run_test_case
2026-10-09 00:22:54,154 LT1-callback ClientCallback.on_implicit_send INFO client.py                 223   on_implicit_send          : 
    ********************
    BEGIN OnImplicitSend:
    project_name: GAP
    wid: 2001
    test_case_name: GAP/SEC/SEM/BI-33-C
    description: Please verify the passKey is correct: 585038
    style: MMI_Style_Yes_No1 0x11044
2026-10-09 00:22:54,154 LT1-callback ClientCallback.on_implicit_send INFO client.py                 236   on_implicit_send          : Calling test cases on_implicit_send
2026-10-09 00:22:54,154 LT1-callback ClientCallback.on_implicit_send INFO client.py                 249   on_implicit_send          : 
    on_implicit_send returned response: WAIT
    END OnImplicitSend
    ********************
2026-10-09 00:22:54,158 BTPWorkerThread-11407 (_rx_task) root DEBUG iutctl_common.py          123   read                      : Read 5 bytes
2026-10-09 00:22:54,158 BTPWorkerThread-11407 (_rx_task) root DEBUG iutctl_common.py          131   read                      : Received: hdr: Header(svc_id=0x01, op=0x86, ctrl_index=0x00, data_len=0x0b) bytearray(b'\x01\x86\x00\x0b\x00')
2026-10-09 00:22:54,158 BTPWorkerThread-11407 (_rx_task) root DEBUG iutctl_common.py          139   read                      : Read 11 bytes data
2026-10-09 00:22:54,158 BTPWorkerThread-11407 (_rx_task) root DEBUG iutctl_common.py          154   read                      : Received data: {'e0 4e e4 08 dc 1b 00 4e ed 08 00'}, bytearray(b'\xe0N\xe4\x08\xdc\x1b\x00N\xed\x08\x00')
2026-10-09 00:22:54,158 BTPWorkerThread-11407 (_rx_task) root DEBUG btp.py                    736   event_handler             : Header(svc_id=1, op=134, ctrl_index=0, data_len=11) (b'\xe0N\xe4\x08\xdc\x1b\x00N\xed\x08\x00',)
2026-10-09 00:22:54,159 BTPWorkerThread-11407 (_rx_task) root DEBUG gap.py                    462   gap_passkey_confirm_req_ev_ : 
2026-10-09 00:22:54,159 BTPWorkerThread-11407 (_rx_task) root DEBUG gap.py                    474   gap_passkey_confirm_req_ev_ : passkey = '585038'
2026-10-09 00:22:54,200 LT1-thread root DEBUG testcase.py               679   run_wid                   : GAP GAP/SEC/SEM/BI-33-C on_implicit_send
2026-10-09 00:22:54,201 LT1-thread root DEBUG gap_wid.py                26    gap_wid_hdl               : gap_wid_hdl, 2001, Please verify the passKey is correct: 585038, GAP/SEC/SEM/BI-33-C
2026-10-09 00:22:54,201 LT1-thread root DEBUG gap.py                    952   gap_passkey_confirm_response : '001bdc08e44e' 224
2026-10-09 00:22:54,201 LT1-thread root DEBUG iutctl_common.py          161   send                      : 1 20 0 "bytearray(b'\\xe0N\\xe4\\x08\\xdc\\x1b\\x00\\x01')"
2026-10-09 00:22:54,201 LT1-thread root DEBUG iutctl_common.py          166   send                      : sending frame '0114000800e04ee408dc1b0001'
2026-10-09 00:22:54,201 LT1-thread root DEBUG gap.py                    1229  gap_command_rsp_succ      : 
2026-10-09 00:22:54,201 LT1-thread root DEBUG iutctl_common.py          339   read                      : 
2026-10-09 00:22:54,245 BTPWorkerThread-11407 (_rx_task) root DEBUG iutctl_common.py          123   read                      : Read 5 bytes
2026-10-09 00:22:54,255 BTPWorkerThread-11407 (_rx_task) root DEBUG iutctl_common.py          131   read                      : Received: hdr: Header(svc_id=0x01, op=0x14, ctrl_index=0x00, data_len=0x00) bytearray(b'\x01\x14\x00\x00\x00')
2026-10-09 00:22:54,260 BTPWorkerThread-11407 (_rx_task) root DEBUG iutctl_common.py          154   read                      : Received data: {''}, bytearray(b'')
2026-10-09 00:22:54,271 LT1-thread root DEBUG gap.py                    1234  gap_command_rsp_succ      : received Header(svc_id=1, op=20, ctrl_index=0, data_len=0) (b'',)
2026-10-09 00:22:54,271 LT1-thread root DEBUG testcase.py               722   run_wid                   : Sending response 'Yes' to wid 2001 test case GAP/SEC/SEM/BI-33-C
2026-10-09 00:22:54,273 LT1-thread root DEBUG client.py                 276   get_result                : ClientCallback.get_result run_test_case
2026-10-09 00:22:55,021 BTPWorkerThread-11407 (_rx_task) root DEBUG iutctl_common.py          123   read                      : Read 5 bytes
2026-10-09 00:22:55,021 BTPWorkerThread-11407 (_rx_task) root DEBUG iutctl_common.py          131   read                      : Received: hdr: Header(svc_id=0x01, op=0x91, ctrl_index=0x00, data_len=0x09) bytearray(b'\x01\x91\x00\t\x00')
2026-10-09 00:22:55,021 BTPWorkerThread-11407 (_rx_task) root DEBUG iutctl_common.py          139   read                      : Read 9 bytes data
2026-10-09 00:22:55,021 BTPWorkerThread-11407 (_rx_task) root DEBUG iutctl_common.py          154   read                      : Received data: {'e0 4e e4 08 dc 1b 00 01 10'}, bytearray(b'\xe0N\xe4\x08\xdc\x1b\x00\x01\x10')
2026-10-09 00:22:55,021 BTPWorkerThread-11407 (_rx_task) root DEBUG btp.py                    736   event_handler             : Header(svc_id=1, op=145, ctrl_index=0, data_len=9) (b'\xe0N\xe4\x08\xdc\x1b\x00\x01\x10',)
2026-10-09 00:22:55,023 BTPWorkerThread-11407 (_rx_task) root DEBUG gap.py                    494   gap_encryption_change_ev_ : 
2026-10-09 00:22:55,023 BTPWorkerThread-11407 (_rx_task) root DEBUG gap.py                    496   gap_encryption_change_ev_ : enc change received b'\xe0N\xe4\x08\xdc\x1b\x00\x01\x10'
2026-10-09 00:22:55,023 BTPWorkerThread-11407 (_rx_task) root DEBUG gap.py                    505   gap_encryption_change_ev_ : received (224, '001bdc08e44e', 1, 16)
2026-10-09 00:22:55,023 BTPWorkerThread-11407 (_rx_task) root DEBUG iutctl_common.py          123   read                      : Read 5 bytes
2026-10-09 00:22:55,023 BTPWorkerThread-11407 (_rx_task) root DEBUG iutctl_common.py          131   read                      : Received: hdr: Header(svc_id=0x01, op=0x89, ctrl_index=0x00, data_len=0x08) bytearray(b'\x01\x89\x00\x08\x00')
2026-10-09 00:22:55,023 BTPWorkerThread-11407 (_rx_task) root DEBUG iutctl_common.py          139   read                      : Read 8 bytes data
2026-10-09 00:22:55,023 BTPWorkerThread-11407 (_rx_task) root DEBUG iutctl_common.py          154   read                      : Received data: {'e0 4e e4 08 dc 1b 00 04'}, bytearray(b'\xe0N\xe4\x08\xdc\x1b\x00\x04')
2026-10-09 00:22:55,023 BTPWorkerThread-11407 (_rx_task) root DEBUG btp.py                    736   event_handler             : Header(svc_id=1, op=137, ctrl_index=0, data_len=8) (b'\xe0N\xe4\x08\xdc\x1b\x00\x04',)
2026-10-09 00:22:55,023 BTPWorkerThread-11407 (_rx_task) root DEBUG gap.py                    300   gap_sec_level_changed_ev_ : 
2026-10-09 00:22:55,023 BTPWorkerThread-11407 (_rx_task) root DEBUG gap.py                    302   gap_sec_level_changed_ev_ : received b'\xe0N\xe4\x08\xdc\x1b\x00\x04'
2026-10-09 00:22:55,023 BTPWorkerThread-11407 (_rx_task) root DEBUG gap.py                    313   gap_sec_level_changed_ev_ : received (224, '001bdc08e44e', 4)
2026-10-09 00:22:55,207 LT1-callback ClientCallback.on_implicit_send INFO client.py                 223   on_implicit_send          : 
    ********************
    BEGIN OnImplicitSend:
    project_name: GAP
    wid: 20115
    test_case_name: GAP/SEC/SEM/BI-33-C
    description: Please initiate a GATT disconnection to the PTS.

Description: Verify that the Implementation Under Test (IUT) can initiate GATT disconnect request to PTS.
    style: MMI_Style_Ok_Cancel2 0x11141
2026-10-09 00:22:55,207 LT1-callback ClientCallback.on_implicit_send INFO client.py                 236   on_implicit_send          : Calling test cases on_implicit_send
2026-10-09 00:22:55,207 LT1-callback ClientCallback.on_implicit_send INFO client.py                 249   on_implicit_send          : 
    on_implicit_send returned response: WAIT
    END OnImplicitSend
    ********************
2026-10-09 00:22:55,274 LT1-thread root DEBUG testcase.py               679   run_wid                   : GAP GAP/SEC/SEM/BI-33-C on_implicit_send
2026-10-09 00:22:55,274 LT1-thread root DEBUG gap_wid.py                26    gap_wid_hdl               : gap_wid_hdl, 20115, Please initiate a GATT disconnection to the PTS.

Description: Verify that the Implementation Under Test (IUT) can initiate GATT disconnect request to PTS., GAP/SEC/SEM/BI-33-C
2026-10-09 00:22:55,274 LT1-thread root DEBUG gap.py                    834   gap_disconnect            : None 224
2026-10-09 00:22:55,274 LT1-thread root DEBUG iutctl_common.py          161   send                      : 1 15 0 "bytearray(b'\\xe0N\\xe4\\x08\\xdc\\x1b\\x00')"
2026-10-09 00:22:55,274 LT1-thread root DEBUG iutctl_common.py          166   send                      : sending frame '010f000700e04ee408dc1b00'
2026-10-09 00:22:55,274 LT1-thread root DEBUG iutctl_common.py          339   read                      : 
2026-10-09 00:22:55,304 BTPWorkerThread-11407 (_rx_task) root DEBUG iutctl_common.py          123   read                      : Read 5 bytes
2026-10-09 00:22:55,315 BTPWorkerThread-11407 (_rx_task) root DEBUG iutctl_common.py          131   read                      : Received: hdr: Header(svc_id=0x01, op=0x0f, ctrl_index=0x00, data_len=0x00) bytearray(b'\x01\x0f\x00\x00\x00')
2026-10-09 00:22:55,321 BTPWorkerThread-11407 (_rx_task) root DEBUG iutctl_common.py          154   read                      : Received data: {''}, bytearray(b'')
2026-10-09 00:22:55,326 LT1-thread root DEBUG testcase.py               722   run_wid                   : Sending response 'OK' to wid 20115 test case GAP/SEC/SEM/BI-33-C
2026-10-09 00:22:55,328 LT1-thread root DEBUG client.py                 276   get_result                : ClientCallback.get_result run_test_case
2026-10-09 00:22:55,331 BTPWorkerThread-11407 (_rx_task) root DEBUG iutctl_common.py          123   read                      : Read 5 bytes
2026-10-09 00:22:55,331 BTPWorkerThread-11407 (_rx_task) root DEBUG iutctl_common.py          131   read                      : Received: hdr: Header(svc_id=0x01, op=0x83, ctrl_index=0x00, data_len=0x07) bytearray(b'\x01\x83\x00\x07\x00')
2026-10-09 00:22:55,331 BTPWorkerThread-11407 (_rx_task) root DEBUG iutctl_common.py          139   read                      : Read 7 bytes data
2026-10-09 00:22:55,331 BTPWorkerThread-11407 (_rx_task) root DEBUG iutctl_common.py          154   read                      : Received data: {'e0 4e e4 08 dc 1b 00'}, bytearray(b'\xe0N\xe4\x08\xdc\x1b\x00')
2026-10-09 00:22:55,332 BTPWorkerThread-11407 (_rx_task) root DEBUG btp.py                    736   event_handler             : Header(svc_id=1, op=131, ctrl_index=0, data_len=7) (b'\xe0N\xe4\x08\xdc\x1b\x00',)
2026-10-09 00:22:55,332 BTPWorkerThread-11407 (_rx_task) root DEBUG gap.py                    228   gap_disconnected_ev_      : b'\xe0N\xe4\x08\xdc\x1b\x00'
2026-10-09 00:22:55,491 LT1-callback ClientCallback.on_implicit_send INFO client.py                 223   on_implicit_send          : 
    ********************
    BEGIN OnImplicitSend:
    project_name: GAP
    wid: 102
    test_case_name: GAP/SEC/SEM/BI-33-C
    description: Please send an HCI connect request to establish a basic rate connection after the IUT discovers the Lower Tester over BR and LE.
    style: MMI_Style_Ok_Cancel2 0x11141
2026-10-09 00:22:55,491 LT1-callback ClientCallback.on_implicit_send INFO client.py                 236   on_implicit_send          : Calling test cases on_implicit_send
2026-10-09 00:22:55,491 LT1-callback ClientCallback.on_implicit_send INFO client.py                 249   on_implicit_send          : 
    on_implicit_send returned response: WAIT
    END OnImplicitSend
    ********************
2026-10-09 00:22:56,330 LT1-thread root DEBUG testcase.py               679   run_wid                   : GAP GAP/SEC/SEM/BI-33-C on_implicit_send
2026-10-09 00:22:56,330 LT1-thread root DEBUG gap_wid.py                26    gap_wid_hdl               : gap_wid_hdl, 102, Please send an HCI connect request to establish a basic rate connection after the IUT discovers the Lower Tester over BR and LE., GAP/SEC/SEM/BI-33-C
2026-10-09 00:22:56,330 LT1-thread root DEBUG gap.py                    1122  gap_start_discovery       : 
2026-10-09 00:22:56,330 LT1-thread root DEBUG iutctl_common.py          161   send                      : 1 12 0 '\x02'
2026-10-09 00:22:56,330 LT1-thread root DEBUG iutctl_common.py          166   send                      : sending frame '010c00010002'
2026-10-09 00:22:56,330 LT1-thread root DEBUG gap.py                    1229  gap_command_rsp_succ      : 
2026-10-09 00:22:56,330 LT1-thread root DEBUG iutctl_common.py          339   read                      : 
2026-10-09 00:22:56,367 BTPWorkerThread-11407 (_rx_task) root DEBUG iutctl_common.py          123   read                      : Read 5 bytes
2026-10-09 00:22:56,373 BTPWorkerThread-11407 (_rx_task) root DEBUG iutctl_common.py          131   read                      : Received: hdr: Header(svc_id=0x01, op=0x0c, ctrl_index=0x00, data_len=0x00) bytearray(b'\x01\x0c\x00\x00\x00')
2026-10-09 00:22:56,378 BTPWorkerThread-11407 (_rx_task) root DEBUG iutctl_common.py          154   read                      : Received data: {''}, bytearray(b'')
2026-10-09 00:22:56,389 LT1-thread root DEBUG gap.py                    1234  gap_command_rsp_succ      : received Header(svc_id=1, op=12, ctrl_index=0, data_len=0) (b'',)
2026-10-09 00:22:56,744 BTPWorkerThread-11407 (_rx_task) root DEBUG iutctl_common.py          123   read                      : Read 5 bytes
2026-10-09 00:22:56,744 BTPWorkerThread-11407 (_rx_task) root DEBUG iutctl_common.py          131   read                      : Received: hdr: Header(svc_id=0x01, op=0x81, ctrl_index=0x00, data_len=0x26) bytearray(b'\x01\x81\x00&\x00')
2026-10-09 00:22:56,745 BTPWorkerThread-11407 (_rx_task) root DEBUG iutctl_common.py          139   read                      : Read 38 bytes data
2026-10-09 00:22:56,745 BTPWorkerThread-11407 (_rx_task) root DEBUG iutctl_common.py          154   read                      : Received data: {'e0 53 00 4c 17 e5 44 a8 03 1b 00 09 09 4e 58 4c 36 36 35 32 38 02 0a 0c 0d 03 0c 11 0a 11 0b 11 0e 11 1f 11 1e 11'}, bytearray(b'\xe0S\x00L\x17\xe5D\xa8\x03\x1b\x00\t\tNXL66528\x02\n\x0c\r\x03\x0c\x11\n\x11\x0b\x11\x0e\x11\x1f\x11\x1e\x11')
2026-10-09 00:22:56,745 BTPWorkerThread-11407 (_rx_task) root DEBUG btp.py                    736   event_handler             : Header(svc_id=1, op=129, ctrl_index=0, data_len=38) (b'\xe0S\x00L\x17\xe5D\xa8\x03\x1b\x00\t\tNXL66528\x02\n\x0c\r\x03\x0c\x11\n\x11\x0b\x11\x0e\x11\x1f\x11\x1e\x11',)
2026-10-09 00:22:56,745 BTPWorkerThread-11407 (_rx_task) root DEBUG gap.py                    193   gap_device_found_ev_      : b'\xe0S\x00L\x17\xe5D\xa8\x03\x1b\x00\t\tNXL66528\x02\n\x0c\r\x03\x0c\x11\n\x11\x0b\x11\x0e\x11\x1f\x11\x1e\x11'
2026-10-09 00:22:56,745 BTPWorkerThread-11407 (_rx_task) root DEBUG gap.py                    207   gap_device_found_ev_      : found '44e5174c0053' type 224 eir b'\t\tNXL66528\x02\n\x0c\r\x03\x0c\x11\n\x11\x0b\x11\x0e\x11\x1f\x11\x1e\x11'
2026-10-09 00:22:56,946 BTPWorkerThread-11407 (_rx_task) root DEBUG iutctl_common.py          123   read                      : Read 5 bytes
2026-10-09 00:22:56,946 BTPWorkerThread-11407 (_rx_task) root DEBUG iutctl_common.py          131   read                      : Received: hdr: Header(svc_id=0x01, op=0x81, ctrl_index=0x00, data_len=0x26) bytearray(b'\x01\x81\x00&\x00')
2026-10-09 00:22:56,946 BTPWorkerThread-11407 (_rx_task) root DEBUG iutctl_common.py          139   read                      : Read 5 bytes data
2026-10-09 00:22:56,957 BTPWorkerThread-11407 (_rx_task) root DEBUG iutctl_common.py          139   read                      : Read 33 bytes data
2026-10-09 00:22:56,957 BTPWorkerThread-11407 (_rx_task) root DEBUG iutctl_common.py          154   read                      : Received data: {'e0 53 00 4c 17 e5 44 af 03 1b 00 09 09 4e 58 4c 36 36 35 32 38 02 0a 0c 0d 03 0c 11 0a 11 0b 11 0e 11 1f 11 1e 11'}, bytearray(b'\xe0S\x00L\x17\xe5D\xaf\x03\x1b\x00\t\tNXL66528\x02\n\x0c\r\x03\x0c\x11\n\x11\x0b\x11\x0e\x11\x1f\x11\x1e\x11')
2026-10-09 00:22:56,957 BTPWorkerThread-11407 (_rx_task) root DEBUG btp.py                    736   event_handler             : Header(svc_id=1, op=129, ctrl_index=0, data_len=38) (b'\xe0S\x00L\x17\xe5D\xaf\x03\x1b\x00\t\tNXL66528\x02\n\x0c\r\x03\x0c\x11\n\x11\x0b\x11\x0e\x11\x1f\x11\x1e\x11',)
2026-10-09 00:22:56,958 BTPWorkerThread-11407 (_rx_task) root DEBUG gap.py                    193   gap_device_found_ev_      : b'\xe0S\x00L\x17\xe5D\xaf\x03\x1b\x00\t\tNXL66528\x02\n\x0c\r\x03\x0c\x11\n\x11\x0b\x11\x0e\x11\x1f\x11\x1e\x11'
2026-10-09 00:22:56,958 BTPWorkerThread-11407 (_rx_task) root DEBUG gap.py                    207   gap_device_found_ev_      : found '44e5174c0053' type 224 eir b'\t\tNXL66528\x02\n\x0c\r\x03\x0c\x11\n\x11\x0b\x11\x0e\x11\x1f\x11\x1e\x11'
2026-10-09 00:22:57,045 BTPWorkerThread-11407 (_rx_task) root DEBUG iutctl_common.py          123   read                      : Read 5 bytes
2026-10-09 00:22:57,045 BTPWorkerThread-11407 (_rx_task) root DEBUG iutctl_common.py          131   read                      : Received: hdr: Header(svc_id=0x01, op=0x81, ctrl_index=0x00, data_len=0x26) bytearray(b'\x01\x81\x00&\x00')
2026-10-09 00:22:57,045 BTPWorkerThread-11407 (_rx_task) root DEBUG iutctl_common.py          139   read                      : Read 38 bytes data
2026-10-09 00:22:57,046 BTPWorkerThread-11407 (_rx_task) root DEBUG iutctl_common.py          154   read                      : Received data: {'e0 53 00 4c 17 e5 44 ae 03 1b 00 09 09 4e 58 4c 36 36 35 32 38 02 0a 0c 0d 03 0c 11 0a 11 0b 11 0e 11 1f 11 1e 11'}, bytearray(b'\xe0S\x00L\x17\xe5D\xae\x03\x1b\x00\t\tNXL66528\x02\n\x0c\r\x03\x0c\x11\n\x11\x0b\x11\x0e\x11\x1f\x11\x1e\x11')
2026-10-09 00:22:57,046 BTPWorkerThread-11407 (_rx_task) root DEBUG btp.py                    736   event_handler             : Header(svc_id=1, op=129, ctrl_index=0, data_len=38) (b'\xe0S\x00L\x17\xe5D\xae\x03\x1b\x00\t\tNXL66528\x02\n\x0c\r\x03\x0c\x11\n\x11\x0b\x11\x0e\x11\x1f\x11\x1e\x11',)
2026-10-09 00:22:57,046 BTPWorkerThread-11407 (_rx_task) root DEBUG gap.py                    193   gap_device_found_ev_      : b'\xe0S\x00L\x17\xe5D\xae\x03\x1b\x00\t\tNXL66528\x02\n\x0c\r\x03\x0c\x11\n\x11\x0b\x11\x0e\x11\x1f\x11\x1e\x11'
2026-10-09 00:22:57,046 BTPWorkerThread-11407 (_rx_task) root DEBUG gap.py                    207   gap_device_found_ev_      : found '44e5174c0053' type 224 eir b'\t\tNXL66528\x02\n\x0c\r\x03\x0c\x11\n\x11\x0b\x11\x0e\x11\x1f\x11\x1e\x11'
2026-10-09 00:22:57,583 BTPWorkerThread-11407 (_rx_task) root DEBUG iutctl_common.py          123   read                      : Read 5 bytes
2026-10-09 00:22:57,583 BTPWorkerThread-11407 (_rx_task) root DEBUG iutctl_common.py          131   read                      : Received: hdr: Header(svc_id=0x01, op=0x81, ctrl_index=0x00, data_len=0x26) bytearray(b'\x01\x81\x00&\x00')
2026-10-09 00:22:57,583 BTPWorkerThread-11407 (_rx_task) root DEBUG iutctl_common.py          139   read                      : Read 38 bytes data
2026-10-09 00:22:57,584 BTPWorkerThread-11407 (_rx_task) root DEBUG iutctl_common.py          154   read                      : Received data: {'e0 53 00 4c 17 e5 44 ae 03 1b 00 09 09 4e 58 4c 36 36 35 32 38 02 0a 0c 0d 03 0c 11 0a 11 0b 11 0e 11 1f 11 1e 11'}, bytearray(b'\xe0S\x00L\x17\xe5D\xae\x03\x1b\x00\t\tNXL66528\x02\n\x0c\r\x03\x0c\x11\n\x11\x0b\x11\x0e\x11\x1f\x11\x1e\x11')
2026-10-09 00:22:57,584 BTPWorkerThread-11407 (_rx_task) root DEBUG btp.py                    736   event_handler             : Header(svc_id=1, op=129, ctrl_index=0, data_len=38) (b'\xe0S\x00L\x17\xe5D\xae\x03\x1b\x00\t\tNXL66528\x02\n\x0c\r\x03\x0c\x11\n\x11\x0b\x11\x0e\x11\x1f\x11\x1e\x11',)
2026-10-09 00:22:57,584 BTPWorkerThread-11407 (_rx_task) root DEBUG gap.py                    193   gap_device_found_ev_      : b'\xe0S\x00L\x17\xe5D\xae\x03\x1b\x00\t\tNXL66528\x02\n\x0c\r\x03\x0c\x11\n\x11\x0b\x11\x0e\x11\x1f\x11\x1e\x11'
2026-10-09 00:22:57,584 BTPWorkerThread-11407 (_rx_task) root DEBUG gap.py                    207   gap_device_found_ev_      : found '44e5174c0053' type 224 eir b'\t\tNXL66528\x02\n\x0c\r\x03\x0c\x11\n\x11\x0b\x11\x0e\x11\x1f\x11\x1e\x11'
2026-10-09 00:22:57,903 BTPWorkerThread-11407 (_rx_task) root DEBUG iutctl_common.py          123   read                      : Read 5 bytes
2026-10-09 00:22:57,903 BTPWorkerThread-11407 (_rx_task) root DEBUG iutctl_common.py          131   read                      : Received: hdr: Header(svc_id=0x01, op=0x81, ctrl_index=0x00, data_len=0x26) bytearray(b'\x01\x81\x00&\x00')
2026-10-09 00:22:57,903 BTPWorkerThread-11407 (_rx_task) root DEBUG iutctl_common.py          139   read                      : Read 38 bytes data
2026-10-09 00:22:57,904 BTPWorkerThread-11407 (_rx_task) root DEBUG iutctl_common.py          154   read                      : Received data: {'e0 53 00 4c 17 e5 44 ae 03 1b 00 09 09 4e 58 4c 36 36 35 32 38 02 0a 0c 0d 03 0c 11 0a 11 0b 11 0e 11 1f 11 1e 11'}, bytearray(b'\xe0S\x00L\x17\xe5D\xae\x03\x1b\x00\t\tNXL66528\x02\n\x0c\r\x03\x0c\x11\n\x11\x0b\x11\x0e\x11\x1f\x11\x1e\x11')
2026-10-09 00:22:57,904 BTPWorkerThread-11407 (_rx_task) root DEBUG btp.py                    736   event_handler             : Header(svc_id=1, op=129, ctrl_index=0, data_len=38) (b'\xe0S\x00L\x17\xe5D\xae\x03\x1b\x00\t\tNXL66528\x02\n\x0c\r\x03\x0c\x11\n\x11\x0b\x11\x0e\x11\x1f\x11\x1e\x11',)
2026-10-09 00:22:57,904 BTPWorkerThread-11407 (_rx_task) root DEBUG gap.py                    193   gap_device_found_ev_      : b'\xe0S\x00L\x17\xe5D\xae\x03\x1b\x00\t\tNXL66528\x02\n\x0c\r\x03\x0c\x11\n\x11\x0b\x11\x0e\x11\x1f\x11\x1e\x11'
2026-10-09 00:22:57,904 BTPWorkerThread-11407 (_rx_task) root DEBUG gap.py                    207   gap_device_found_ev_      : found '44e5174c0053' type 224 eir b'\t\tNXL66528\x02\n\x0c\r\x03\x0c\x11\n\x11\x0b\x11\x0e\x11\x1f\x11\x1e\x11'
2026-10-09 00:22:58,064 BTPWorkerThread-11407 (_rx_task) root DEBUG iutctl_common.py          123   read                      : Read 5 bytes
2026-10-09 00:22:58,064 BTPWorkerThread-11407 (_rx_task) root DEBUG iutctl_common.py          131   read                      : Received: hdr: Header(svc_id=0x01, op=0x81, ctrl_index=0x00, data_len=0x1a) bytearray(b'\x01\x81\x00\x1a\x00')
2026-10-09 00:22:58,064 BTPWorkerThread-11407 (_rx_task) root DEBUG iutctl_common.py          139   read                      : Read 26 bytes data
2026-10-09 00:22:58,064 BTPWorkerThread-11407 (_rx_task) root DEBUG iutctl_common.py          154   read                      : Received data: {'e0 4e e4 08 dc 1b 00 cf 03 0f 00 0e 09 50 54 53 2d 47 41 50 2d 45 34 34 45 00'}, bytearray(b'\xe0N\xe4\x08\xdc\x1b\x00\xcf\x03\x0f\x00\x0e\tPTS-GAP-E44E\x00')
2026-10-09 00:22:58,064 BTPWorkerThread-11407 (_rx_task) root DEBUG btp.py                    736   event_handler             : Header(svc_id=1, op=129, ctrl_index=0, data_len=26) (b'\xe0N\xe4\x08\xdc\x1b\x00\xcf\x03\x0f\x00\x0e\tPTS-GAP-E44E\x00',)
2026-10-09 00:22:58,065 BTPWorkerThread-11407 (_rx_task) root DEBUG gap.py                    193   gap_device_found_ev_      : b'\xe0N\xe4\x08\xdc\x1b\x00\xcf\x03\x0f\x00\x0e\tPTS-GAP-E44E\x00'
2026-10-09 00:22:58,065 BTPWorkerThread-11407 (_rx_task) root DEBUG gap.py                    207   gap_device_found_ev_      : found '001bdc08e44e' type 224 eir b'\x0e\tPTS-GAP-E44E\x00'
2026-10-09 00:22:58,287 BTPWorkerThread-11407 (_rx_task) root DEBUG iutctl_common.py          123   read                      : Read 5 bytes
2026-10-09 00:22:58,287 BTPWorkerThread-11407 (_rx_task) root DEBUG iutctl_common.py          131   read                      : Received: hdr: Header(svc_id=0x01, op=0x81, ctrl_index=0x00, data_len=0x1a) bytearray(b'\x01\x81\x00\x1a\x00')
2026-10-09 00:22:58,288 BTPWorkerThread-11407 (_rx_task) root DEBUG iutctl_common.py          139   read                      : Read 26 bytes data
2026-10-09 00:22:58,288 BTPWorkerThread-11407 (_rx_task) root DEBUG iutctl_common.py          154   read                      : Received data: {'e0 4e e4 08 dc 1b 00 cb 03 0f 00 0e 09 50 54 53 2d 47 41 50 2d 45 34 34 45 00'}, bytearray(b'\xe0N\xe4\x08\xdc\x1b\x00\xcb\x03\x0f\x00\x0e\tPTS-GAP-E44E\x00')
2026-10-09 00:22:58,288 BTPWorkerThread-11407 (_rx_task) root DEBUG btp.py                    736   event_handler             : Header(svc_id=1, op=129, ctrl_index=0, data_len=26) (b'\xe0N\xe4\x08\xdc\x1b\x00\xcb\x03\x0f\x00\x0e\tPTS-GAP-E44E\x00',)
2026-10-09 00:22:58,288 BTPWorkerThread-11407 (_rx_task) root DEBUG gap.py                    193   gap_device_found_ev_      : b'\xe0N\xe4\x08\xdc\x1b\x00\xcb\x03\x0f\x00\x0e\tPTS-GAP-E44E\x00'
2026-10-09 00:22:58,288 BTPWorkerThread-11407 (_rx_task) root DEBUG gap.py                    207   gap_device_found_ev_      : found '001bdc08e44e' type 224 eir b'\x0e\tPTS-GAP-E44E\x00'
2026-10-09 00:22:58,510 BTPWorkerThread-11407 (_rx_task) root DEBUG iutctl_common.py          123   read                      : Read 5 bytes
2026-10-09 00:22:58,510 BTPWorkerThread-11407 (_rx_task) root DEBUG iutctl_common.py          131   read                      : Received: hdr: Header(svc_id=0x01, op=0x81, ctrl_index=0x00, data_len=0x1a) bytearray(b'\x01\x81\x00\x1a\x00')
2026-10-09 00:22:58,510 BTPWorkerThread-11407 (_rx_task) root DEBUG iutctl_common.py          139   read                      : Read 23 bytes data
2026-10-09 00:22:58,522 BTPWorkerThread-11407 (_rx_task) root DEBUG iutctl_common.py          139   read                      : Read 3 bytes data
2026-10-09 00:22:58,522 BTPWorkerThread-11407 (_rx_task) root DEBUG iutctl_common.py          154   read                      : Received data: {'e0 4e e4 08 dc 1b 00 cb 03 0f 00 0e 09 50 54 53 2d 47 41 50 2d 45 34 34 45 00'}, bytearray(b'\xe0N\xe4\x08\xdc\x1b\x00\xcb\x03\x0f\x00\x0e\tPTS-GAP-E44E\x00')
2026-10-09 00:22:58,523 BTPWorkerThread-11407 (_rx_task) root DEBUG btp.py                    736   event_handler             : Header(svc_id=1, op=129, ctrl_index=0, data_len=26) (b'\xe0N\xe4\x08\xdc\x1b\x00\xcb\x03\x0f\x00\x0e\tPTS-GAP-E44E\x00',)
2026-10-09 00:22:58,523 BTPWorkerThread-11407 (_rx_task) root DEBUG gap.py                    193   gap_device_found_ev_      : b'\xe0N\xe4\x08\xdc\x1b\x00\xcb\x03\x0f\x00\x0e\tPTS-GAP-E44E\x00'
2026-10-09 00:22:58,523 BTPWorkerThread-11407 (_rx_task) root DEBUG gap.py                    207   gap_device_found_ev_      : found '001bdc08e44e' type 224 eir b'\x0e\tPTS-GAP-E44E\x00'
2026-10-09 00:22:58,659 BTPWorkerThread-11407 (_rx_task) root DEBUG iutctl_common.py          123   read                      : Read 5 bytes
2026-10-09 00:22:58,659 BTPWorkerThread-11407 (_rx_task) root DEBUG iutctl_common.py          131   read                      : Received: hdr: Header(svc_id=0x01, op=0x81, ctrl_index=0x00, data_len=0x1a) bytearray(b'\x01\x81\x00\x1a\x00')
2026-10-09 00:22:58,659 BTPWorkerThread-11407 (_rx_task) root DEBUG iutctl_common.py          139   read                      : Read 26 bytes data
2026-10-09 00:22:58,660 BTPWorkerThread-11407 (_rx_task) root DEBUG iutctl_common.py          154   read                      : Received data: {'e0 4e e4 08 dc 1b 00 d0 03 0f 00 0e 09 50 54 53 2d 47 41 50 2d 45 34 34 45 00'}, bytearray(b'\xe0N\xe4\x08\xdc\x1b\x00\xd0\x03\x0f\x00\x0e\tPTS-GAP-E44E\x00')
2026-10-09 00:22:58,660 BTPWorkerThread-11407 (_rx_task) root DEBUG btp.py                    736   event_handler             : Header(svc_id=1, op=129, ctrl_index=0, data_len=26) (b'\xe0N\xe4\x08\xdc\x1b\x00\xd0\x03\x0f\x00\x0e\tPTS-GAP-E44E\x00',)
2026-10-09 00:22:58,660 BTPWorkerThread-11407 (_rx_task) root DEBUG gap.py                    193   gap_device_found_ev_      : b'\xe0N\xe4\x08\xdc\x1b\x00\xd0\x03\x0f\x00\x0e\tPTS-GAP-E44E\x00'
2026-10-09 00:22:58,660 BTPWorkerThread-11407 (_rx_task) root DEBUG gap.py                    207   gap_device_found_ev_      : found '001bdc08e44e' type 224 eir b'\x0e\tPTS-GAP-E44E\x00'
2026-10-09 00:22:58,712 BTPWorkerThread-11407 (_rx_task) root DEBUG iutctl_common.py          123   read                      : Read 5 bytes
2026-10-09 00:22:58,712 BTPWorkerThread-11407 (_rx_task) root DEBUG iutctl_common.py          131   read                      : Received: hdr: Header(svc_id=0x01, op=0x81, ctrl_index=0x00, data_len=0x2a) bytearray(b'\x01\x81\x00*\x00')
2026-10-09 00:22:58,712 BTPWorkerThread-11407 (_rx_task) root DEBUG iutctl_common.py          139   read                      : Read 19 bytes data
2026-10-09 00:22:58,723 BTPWorkerThread-11407 (_rx_task) root DEBUG iutctl_common.py          139   read                      : Read 23 bytes data
2026-10-09 00:22:58,723 BTPWorkerThread-11407 (_rx_task) root DEBUG iutctl_common.py          154   read                      : Received data: {'e0 95 83 06 dc 1b 00 a8 03 1f 00 1e 09 48 46 50 20 41 47 20 44 65 6d 6f 20 30 30 3a 31 42 3a 44 43 3a 30 36 3a 38 33 3a 39 35'}, bytearray(b'\xe0\x95\x83\x06\xdc\x1b\x00\xa8\x03\x1f\x00\x1e\tHFP AG Demo 00:1B:DC:06:83:95')
2026-10-09 00:22:58,723 BTPWorkerThread-11407 (_rx_task) root DEBUG btp.py                    736   event_handler             : Header(svc_id=1, op=129, ctrl_index=0, data_len=42) (b'\xe0\x95\x83\x06\xdc\x1b\x00\xa8\x03\x1f\x00\x1e\tHFP AG Demo 00:1B:DC:06:83:95',)
2026-10-09 00:22:58,724 BTPWorkerThread-11407 (_rx_task) root DEBUG gap.py                    193   gap_device_found_ev_      : b'\xe0\x95\x83\x06\xdc\x1b\x00\xa8\x03\x1f\x00\x1e\tHFP AG Demo 00:1B:DC:06:83:95'
2026-10-09 00:22:58,724 BTPWorkerThread-11407 (_rx_task) root DEBUG gap.py                    207   gap_device_found_ev_      : found '001bdc068395' type 224 eir b'\x1e\tHFP AG Demo 00:1B:DC:06:83:95'
2026-10-09 00:22:58,778 BTPWorkerThread-11407 (_rx_task) root DEBUG iutctl_common.py          123   read                      : Read 5 bytes
2026-10-09 00:22:58,778 BTPWorkerThread-11407 (_rx_task) root DEBUG iutctl_common.py          131   read                      : Received: hdr: Header(svc_id=0x01, op=0x81, ctrl_index=0x00, data_len=0x2a) bytearray(b'\x01\x81\x00*\x00')
2026-10-09 00:22:58,779 BTPWorkerThread-11407 (_rx_task) root DEBUG iutctl_common.py          139   read                      : Read 33 bytes data
2026-10-09 00:22:58,789 BTPWorkerThread-11407 (_rx_task) root DEBUG iutctl_common.py          139   read                      : Read 9 bytes data
2026-10-09 00:22:58,789 BTPWorkerThread-11407 (_rx_task) root DEBUG iutctl_common.py          154   read                      : Received data: {'e0 4d 65 9b 70 f3 5c a3 03 1f 00 1e 09 48 46 50 20 41 47 20 44 65 6d 6f 20 35 43 3a 46 33 3a 37 30 3a 39 42 3a 36 35 3a 34 44'}, bytearray(b'\xe0Me\x9bp\xf3\\\xa3\x03\x1f\x00\x1e\tHFP AG Demo 5C:F3:70:9B:65:4D')
2026-10-09 00:22:58,789 BTPWorkerThread-11407 (_rx_task) root DEBUG btp.py                    736   event_handler             : Header(svc_id=1, op=129, ctrl_index=0, data_len=42) (b'\xe0Me\x9bp\xf3\\\xa3\x03\x1f\x00\x1e\tHFP AG Demo 5C:F3:70:9B:65:4D',)
2026-10-09 00:22:58,789 BTPWorkerThread-11407 (_rx_task) root DEBUG gap.py                    193   gap_device_found_ev_      : b'\xe0Me\x9bp\xf3\\\xa3\x03\x1f\x00\x1e\tHFP AG Demo 5C:F3:70:9B:65:4D'
2026-10-09 00:22:58,790 BTPWorkerThread-11407 (_rx_task) root DEBUG gap.py                    207   gap_device_found_ev_      : found '5cf3709b654d' type 224 eir b'\x1e\tHFP AG Demo 5C:F3:70:9B:65:4D'
2026-10-09 00:22:59,032 BTPWorkerThread-11407 (_rx_task) root DEBUG iutctl_common.py          123   read                      : Read 5 bytes
2026-10-09 00:22:59,032 BTPWorkerThread-11407 (_rx_task) root DEBUG iutctl_common.py          131   read                      : Received: hdr: Header(svc_id=0x01, op=0x81, ctrl_index=0x00, data_len=0x1a) bytearray(b'\x01\x81\x00\x1a\x00')
2026-10-09 00:22:59,032 BTPWorkerThread-11407 (_rx_task) root DEBUG iutctl_common.py          139   read                      : Read 26 bytes data
2026-10-09 00:22:59,032 BTPWorkerThread-11407 (_rx_task) root DEBUG iutctl_common.py          154   read                      : Received data: {'e0 4e e4 08 dc 1b 00 cc 03 0f 00 0e 09 50 54 53 2d 47 41 50 2d 45 34 34 45 00'}, bytearray(b'\xe0N\xe4\x08\xdc\x1b\x00\xcc\x03\x0f\x00\x0e\tPTS-GAP-E44E\x00')
2026-10-09 00:22:59,032 BTPWorkerThread-11407 (_rx_task) root DEBUG btp.py                    736   event_handler             : Header(svc_id=1, op=129, ctrl_index=0, data_len=26) (b'\xe0N\xe4\x08\xdc\x1b\x00\xcc\x03\x0f\x00\x0e\tPTS-GAP-E44E\x00',)
2026-10-09 00:22:59,033 BTPWorkerThread-11407 (_rx_task) root DEBUG gap.py                    193   gap_device_found_ev_      : b'\xe0N\xe4\x08\xdc\x1b\x00\xcc\x03\x0f\x00\x0e\tPTS-GAP-E44E\x00'
2026-10-09 00:22:59,033 BTPWorkerThread-11407 (_rx_task) root DEBUG gap.py                    207   gap_device_found_ev_      : found '001bdc08e44e' type 224 eir b'\x0e\tPTS-GAP-E44E\x00'
2026-10-09 00:22:59,662 BTPWorkerThread-11407 (_rx_task) root DEBUG iutctl_common.py          123   read                      : Read 5 bytes
2026-10-09 00:22:59,662 BTPWorkerThread-11407 (_rx_task) root DEBUG iutctl_common.py          131   read                      : Received: hdr: Header(svc_id=0x01, op=0x81, ctrl_index=0x00, data_len=0x1a) bytearray(b'\x01\x81\x00\x1a\x00')
2026-10-09 00:22:59,662 BTPWorkerThread-11407 (_rx_task) root DEBUG iutctl_common.py          139   read                      : Read 26 bytes data
2026-10-09 00:22:59,663 BTPWorkerThread-11407 (_rx_task) root DEBUG iutctl_common.py          154   read                      : Received data: {'e0 4e e4 08 dc 1b 00 cf 03 0f 00 0e 09 50 54 53 2d 47 41 50 2d 45 34 34 45 00'}, bytearray(b'\xe0N\xe4\x08\xdc\x1b\x00\xcf\x03\x0f\x00\x0e\tPTS-GAP-E44E\x00')
2026-10-09 00:22:59,663 BTPWorkerThread-11407 (_rx_task) root DEBUG btp.py                    736   event_handler             : Header(svc_id=1, op=129, ctrl_index=0, data_len=26) (b'\xe0N\xe4\x08\xdc\x1b\x00\xcf\x03\x0f\x00\x0e\tPTS-GAP-E44E\x00',)
2026-10-09 00:22:59,663 BTPWorkerThread-11407 (_rx_task) root DEBUG gap.py                    193   gap_device_found_ev_      : b'\xe0N\xe4\x08\xdc\x1b\x00\xcf\x03\x0f\x00\x0e\tPTS-GAP-E44E\x00'
2026-10-09 00:22:59,663 BTPWorkerThread-11407 (_rx_task) root DEBUG gap.py                    207   gap_device_found_ev_      : found '001bdc08e44e' type 224 eir b'\x0e\tPTS-GAP-E44E\x00'
2026-10-09 00:22:59,716 BTPWorkerThread-11407 (_rx_task) root DEBUG iutctl_common.py          123   read                      : Read 5 bytes
2026-10-09 00:22:59,716 BTPWorkerThread-11407 (_rx_task) root DEBUG iutctl_common.py          131   read                      : Received: hdr: Header(svc_id=0x01, op=0x81, ctrl_index=0x00, data_len=0x26) bytearray(b'\x01\x81\x00&\x00')
2026-10-09 00:22:59,717 BTPWorkerThread-11407 (_rx_task) root DEBUG iutctl_common.py          139   read                      : Read 38 bytes data
2026-10-09 00:22:59,717 BTPWorkerThread-11407 (_rx_task) root DEBUG iutctl_common.py          154   read                      : Received data: {'e0 53 00 4c 17 e5 44 ab 03 1b 00 09 09 4e 58 4c 36 36 35 32 38 02 0a 0c 0d 03 0c 11 0a 11 0b 11 0e 11 1f 11 1e 11'}, bytearray(b'\xe0S\x00L\x17\xe5D\xab\x03\x1b\x00\t\tNXL66528\x02\n\x0c\r\x03\x0c\x11\n\x11\x0b\x11\x0e\x11\x1f\x11\x1e\x11')
2026-10-09 00:22:59,717 BTPWorkerThread-11407 (_rx_task) root DEBUG btp.py                    736   event_handler             : Header(svc_id=1, op=129, ctrl_index=0, data_len=38) (b'\xe0S\x00L\x17\xe5D\xab\x03\x1b\x00\t\tNXL66528\x02\n\x0c\r\x03\x0c\x11\n\x11\x0b\x11\x0e\x11\x1f\x11\x1e\x11',)
2026-10-09 00:22:59,717 BTPWorkerThread-11407 (_rx_task) root DEBUG gap.py                    193   gap_device_found_ev_      : b'\xe0S\x00L\x17\xe5D\xab\x03\x1b\x00\t\tNXL66528\x02\n\x0c\r\x03\x0c\x11\n\x11\x0b\x11\x0e\x11\x1f\x11\x1e\x11'
2026-10-09 00:22:59,717 BTPWorkerThread-11407 (_rx_task) root DEBUG gap.py                    207   gap_device_found_ev_      : found '44e5174c0053' type 224 eir b'\t\tNXL66528\x02\n\x0c\r\x03\x0c\x11\n\x11\x0b\x11\x0e\x11\x1f\x11\x1e\x11'
2026-10-09 00:22:59,918 BTPWorkerThread-11407 (_rx_task) root DEBUG iutctl_common.py          123   read                      : Read 5 bytes
2026-10-09 00:22:59,918 BTPWorkerThread-11407 (_rx_task) root DEBUG iutctl_common.py          131   read                      : Received: hdr: Header(svc_id=0x01, op=0x81, ctrl_index=0x00, data_len=0x26) bytearray(b'\x01\x81\x00&\x00')
2026-10-09 00:22:59,918 BTPWorkerThread-11407 (_rx_task) root DEBUG iutctl_common.py          139   read                      : Read 38 bytes data
2026-10-09 00:22:59,919 BTPWorkerThread-11407 (_rx_task) root DEBUG iutctl_common.py          154   read                      : Received data: {'e0 53 00 4c 17 e5 44 af 03 1b 00 09 09 4e 58 4c 36 36 35 32 38 02 0a 0c 0d 03 0c 11 0a 11 0b 11 0e 11 1f 11 1e 11'}, bytearray(b'\xe0S\x00L\x17\xe5D\xaf\x03\x1b\x00\t\tNXL66528\x02\n\x0c\r\x03\x0c\x11\n\x11\x0b\x11\x0e\x11\x1f\x11\x1e\x11')
2026-10-09 00:22:59,919 BTPWorkerThread-11407 (_rx_task) root DEBUG btp.py                    736   event_handler             : Header(svc_id=1, op=129, ctrl_index=0, data_len=38) (b'\xe0S\x00L\x17\xe5D\xaf\x03\x1b\x00\t\tNXL66528\x02\n\x0c\r\x03\x0c\x11\n\x11\x0b\x11\x0e\x11\x1f\x11\x1e\x11',)
2026-10-09 00:22:59,919 BTPWorkerThread-11407 (_rx_task) root DEBUG gap.py                    193   gap_device_found_ev_      : b'\xe0S\x00L\x17\xe5D\xaf\x03\x1b\x00\t\tNXL66528\x02\n\x0c\r\x03\x0c\x11\n\x11\x0b\x11\x0e\x11\x1f\x11\x1e\x11'
2026-10-09 00:22:59,919 BTPWorkerThread-11407 (_rx_task) root DEBUG gap.py                    207   gap_device_found_ev_      : found '44e5174c0053' type 224 eir b'\t\tNXL66528\x02\n\x0c\r\x03\x0c\x11\n\x11\x0b\x11\x0e\x11\x1f\x11\x1e\x11'
2026-10-09 00:22:59,961 BTPWorkerThread-11407 (_rx_task) root DEBUG iutctl_common.py          123   read                      : Read 5 bytes
2026-10-09 00:22:59,961 BTPWorkerThread-11407 (_rx_task) root DEBUG iutctl_common.py          131   read                      : Received: hdr: Header(svc_id=0x01, op=0x81, ctrl_index=0x00, data_len=0x1a) bytearray(b'\x01\x81\x00\x1a\x00')
2026-10-09 00:22:59,962 BTPWorkerThread-11407 (_rx_task) root DEBUG iutctl_common.py          139   read                      : Read 26 bytes data
2026-10-09 00:22:59,962 BTPWorkerThread-11407 (_rx_task) root DEBUG iutctl_common.py          154   read                      : Received data: {'e0 4e e4 08 dc 1b 00 cc 03 0f 00 0e 09 50 54 53 2d 47 41 50 2d 45 34 34 45 00'}, bytearray(b'\xe0N\xe4\x08\xdc\x1b\x00\xcc\x03\x0f\x00\x0e\tPTS-GAP-E44E\x00')
2026-10-09 00:22:59,962 BTPWorkerThread-11407 (_rx_task) root DEBUG btp.py                    736   event_handler             : Header(svc_id=1, op=129, ctrl_index=0, data_len=26) (b'\xe0N\xe4\x08\xdc\x1b\x00\xcc\x03\x0f\x00\x0e\tPTS-GAP-E44E\x00',)
2026-10-09 00:22:59,962 BTPWorkerThread-11407 (_rx_task) root DEBUG gap.py                    193   gap_device_found_ev_      : b'\xe0N\xe4\x08\xdc\x1b\x00\xcc\x03\x0f\x00\x0e\tPTS-GAP-E44E\x00'
2026-10-09 00:22:59,962 BTPWorkerThread-11407 (_rx_task) root DEBUG gap.py                    207   gap_device_found_ev_      : found '001bdc08e44e' type 224 eir b'\x0e\tPTS-GAP-E44E\x00'
2026-10-09 00:23:00,035 BTPWorkerThread-11407 (_rx_task) root DEBUG iutctl_common.py          123   read                      : Read 5 bytes
2026-10-09 00:23:00,035 BTPWorkerThread-11407 (_rx_task) root DEBUG iutctl_common.py          131   read                      : Received: hdr: Header(svc_id=0x01, op=0x81, ctrl_index=0x00, data_len=0x1a) bytearray(b'\x01\x81\x00\x1a\x00')
2026-10-09 00:23:00,035 BTPWorkerThread-11407 (_rx_task) root DEBUG iutctl_common.py          139   read                      : Read 26 bytes data
2026-10-09 00:23:00,036 BTPWorkerThread-11407 (_rx_task) root DEBUG iutctl_common.py          154   read                      : Received data: {'e0 4e e4 08 dc 1b 00 cf 03 0f 00 0e 09 50 54 53 2d 47 41 50 2d 45 34 34 45 00'}, bytearray(b'\xe0N\xe4\x08\xdc\x1b\x00\xcf\x03\x0f\x00\x0e\tPTS-GAP-E44E\x00')
2026-10-09 00:23:00,036 BTPWorkerThread-11407 (_rx_task) root DEBUG btp.py                    736   event_handler             : Header(svc_id=1, op=129, ctrl_index=0, data_len=26) (b'\xe0N\xe4\x08\xdc\x1b\x00\xcf\x03\x0f\x00\x0e\tPTS-GAP-E44E\x00',)
2026-10-09 00:23:00,036 BTPWorkerThread-11407 (_rx_task) root DEBUG gap.py                    193   gap_device_found_ev_      : b'\xe0N\xe4\x08\xdc\x1b\x00\xcf\x03\x0f\x00\x0e\tPTS-GAP-E44E\x00'
2026-10-09 00:23:00,036 BTPWorkerThread-11407 (_rx_task) root DEBUG gap.py                    207   gap_device_found_ev_      : found '001bdc08e44e' type 224 eir b'\x0e\tPTS-GAP-E44E\x00'
2026-10-09 00:23:00,324 BTPWorkerThread-11407 (_rx_task) root DEBUG iutctl_common.py          123   read                      : Read 5 bytes
2026-10-09 00:23:00,324 BTPWorkerThread-11407 (_rx_task) root DEBUG iutctl_common.py          131   read                      : Received: hdr: Header(svc_id=0x01, op=0x81, ctrl_index=0x00, data_len=0x26) bytearray(b'\x01\x81\x00&\x00')
2026-10-09 00:23:00,324 BTPWorkerThread-11407 (_rx_task) root DEBUG iutctl_common.py          139   read                      : Read 21 bytes data
2026-10-09 00:23:00,335 BTPWorkerThread-11407 (_rx_task) root DEBUG iutctl_common.py          139   read                      : Read 17 bytes data
2026-10-09 00:23:00,335 BTPWorkerThread-11407 (_rx_task) root DEBUG iutctl_common.py          154   read                      : Received data: {'e0 53 00 4c 17 e5 44 af 03 1b 00 09 09 4e 58 4c 36 36 35 32 38 02 0a 0c 0d 03 0c 11 0a 11 0b 11 0e 11 1f 11 1e 11'}, bytearray(b'\xe0S\x00L\x17\xe5D\xaf\x03\x1b\x00\t\tNXL66528\x02\n\x0c\r\x03\x0c\x11\n\x11\x0b\x11\x0e\x11\x1f\x11\x1e\x11')
2026-10-09 00:23:00,335 BTPWorkerThread-11407 (_rx_task) root DEBUG btp.py                    736   event_handler             : Header(svc_id=1, op=129, ctrl_index=0, data_len=38) (b'\xe0S\x00L\x17\xe5D\xaf\x03\x1b\x00\t\tNXL66528\x02\n\x0c\r\x03\x0c\x11\n\x11\x0b\x11\x0e\x11\x1f\x11\x1e\x11',)
2026-10-09 00:23:00,335 BTPWorkerThread-11407 (_rx_task) root DEBUG gap.py                    193   gap_device_found_ev_      : b'\xe0S\x00L\x17\xe5D\xaf\x03\x1b\x00\t\tNXL66528\x02\n\x0c\r\x03\x0c\x11\n\x11\x0b\x11\x0e\x11\x1f\x11\x1e\x11'
2026-10-09 00:23:00,336 BTPWorkerThread-11407 (_rx_task) root DEBUG gap.py                    207   gap_device_found_ev_      : found '44e5174c0053' type 224 eir b'\t\tNXL66528\x02\n\x0c\r\x03\x0c\x11\n\x11\x0b\x11\x0e\x11\x1f\x11\x1e\x11'
2026-10-09 00:23:00,548 BTPWorkerThread-11407 (_rx_task) root DEBUG iutctl_common.py          123   read                      : Read 5 bytes
2026-10-09 00:23:00,548 BTPWorkerThread-11407 (_rx_task) root DEBUG iutctl_common.py          131   read                      : Received: hdr: Header(svc_id=0x01, op=0x81, ctrl_index=0x00, data_len=0x2a) bytearray(b'\x01\x81\x00*\x00')
2026-10-09 00:23:00,548 BTPWorkerThread-11407 (_rx_task) root DEBUG iutctl_common.py          139   read                      : Read 41 bytes data
2026-10-09 00:23:00,559 BTPWorkerThread-11407 (_rx_task) root DEBUG iutctl_common.py          139   read                      : Read 1 bytes data
2026-10-09 00:23:00,559 BTPWorkerThread-11407 (_rx_task) root DEBUG iutctl_common.py          154   read                      : Received data: {'e0 cd 83 06 dc 1b 00 ae 03 1f 00 1e 09 41 32 44 50 20 53 6f 75 72 63 65 20 30 30 3a 31 42 3a 44 43 3a 30 36 3a 38 33 3a 43 44'}, bytearray(b'\xe0\xcd\x83\x06\xdc\x1b\x00\xae\x03\x1f\x00\x1e\tA2DP Source 00:1B:DC:06:83:CD')
2026-10-09 00:23:00,560 BTPWorkerThread-11407 (_rx_task) root DEBUG btp.py                    736   event_handler             : Header(svc_id=1, op=129, ctrl_index=0, data_len=42) (b'\xe0\xcd\x83\x06\xdc\x1b\x00\xae\x03\x1f\x00\x1e\tA2DP Source 00:1B:DC:06:83:CD',)
2026-10-09 00:23:00,560 BTPWorkerThread-11407 (_rx_task) root DEBUG gap.py                    193   gap_device_found_ev_      : b'\xe0\xcd\x83\x06\xdc\x1b\x00\xae\x03\x1f\x00\x1e\tA2DP Source 00:1B:DC:06:83:CD'
2026-10-09 00:23:00,560 BTPWorkerThread-11407 (_rx_task) root DEBUG gap.py                    207   gap_device_found_ev_      : found '001bdc0683cd' type 224 eir b'\x1e\tA2DP Source 00:1B:DC:06:83:CD'
2026-10-09 00:23:00,611 BTPWorkerThread-11407 (_rx_task) root DEBUG iutctl_common.py          123   read                      : Read 5 bytes
2026-10-09 00:23:00,611 BTPWorkerThread-11407 (_rx_task) root DEBUG iutctl_common.py          131   read                      : Received: hdr: Header(svc_id=0x01, op=0x81, ctrl_index=0x00, data_len=0x1a) bytearray(b'\x01\x81\x00\x1a\x00')
2026-10-09 00:23:00,611 BTPWorkerThread-11407 (_rx_task) root DEBUG iutctl_common.py          139   read                      : Read 26 bytes data
2026-10-09 00:23:00,612 BTPWorkerThread-11407 (_rx_task) root DEBUG iutctl_common.py          154   read                      : Received data: {'e0 4e e4 08 dc 1b 00 cd 03 0f 00 0e 09 50 54 53 2d 47 41 50 2d 45 34 34 45 00'}, bytearray(b'\xe0N\xe4\x08\xdc\x1b\x00\xcd\x03\x0f\x00\x0e\tPTS-GAP-E44E\x00')
2026-10-09 00:23:00,612 BTPWorkerThread-11407 (_rx_task) root DEBUG btp.py                    736   event_handler             : Header(svc_id=1, op=129, ctrl_index=0, data_len=26) (b'\xe0N\xe4\x08\xdc\x1b\x00\xcd\x03\x0f\x00\x0e\tPTS-GAP-E44E\x00',)
2026-10-09 00:23:00,612 BTPWorkerThread-11407 (_rx_task) root DEBUG gap.py                    193   gap_device_found_ev_      : b'\xe0N\xe4\x08\xdc\x1b\x00\xcd\x03\x0f\x00\x0e\tPTS-GAP-E44E\x00'
2026-10-09 00:23:00,612 BTPWorkerThread-11407 (_rx_task) root DEBUG gap.py                    207   gap_device_found_ev_      : found '001bdc08e44e' type 224 eir b'\x0e\tPTS-GAP-E44E\x00'
2026-10-09 00:23:00,686 BTPWorkerThread-11407 (_rx_task) root DEBUG iutctl_common.py          123   read                      : Read 5 bytes
2026-10-09 00:23:00,686 BTPWorkerThread-11407 (_rx_task) root DEBUG iutctl_common.py          131   read                      : Received: hdr: Header(svc_id=0x01, op=0x81, ctrl_index=0x00, data_len=0x2a) bytearray(b'\x01\x81\x00*\x00')
2026-10-09 00:23:00,687 BTPWorkerThread-11407 (_rx_task) root DEBUG iutctl_common.py          139   read                      : Read 18 bytes data
2026-10-09 00:23:00,697 BTPWorkerThread-11407 (_rx_task) root DEBUG iutctl_common.py          139   read                      : Read 24 bytes data
2026-10-09 00:23:00,697 BTPWorkerThread-11407 (_rx_task) root DEBUG iutctl_common.py          154   read                      : Received data: {'e0 cd 83 06 dc 1b 00 af 03 1f 00 1e 09 41 32 44 50 20 53 6f 75 72 63 65 20 30 30 3a 31 42 3a 44 43 3a 30 36 3a 38 33 3a 43 44'}, bytearray(b'\xe0\xcd\x83\x06\xdc\x1b\x00\xaf\x03\x1f\x00\x1e\tA2DP Source 00:1B:DC:06:83:CD')
2026-10-09 00:23:00,697 BTPWorkerThread-11407 (_rx_task) root DEBUG btp.py                    736   event_handler             : Header(svc_id=1, op=129, ctrl_index=0, data_len=42) (b'\xe0\xcd\x83\x06\xdc\x1b\x00\xaf\x03\x1f\x00\x1e\tA2DP Source 00:1B:DC:06:83:CD',)
2026-10-09 00:23:00,697 BTPWorkerThread-11407 (_rx_task) root DEBUG gap.py                    193   gap_device_found_ev_      : b'\xe0\xcd\x83\x06\xdc\x1b\x00\xaf\x03\x1f\x00\x1e\tA2DP Source 00:1B:DC:06:83:CD'
2026-10-09 00:23:00,698 BTPWorkerThread-11407 (_rx_task) root DEBUG gap.py                    207   gap_device_found_ev_      : found '001bdc0683cd' type 224 eir b'\x1e\tA2DP Source 00:1B:DC:06:83:CD'
2026-10-09 00:23:00,793 BTPWorkerThread-11407 (_rx_task) root DEBUG iutctl_common.py          123   read                      : Read 5 bytes
2026-10-09 00:23:00,793 BTPWorkerThread-11407 (_rx_task) root DEBUG iutctl_common.py          131   read                      : Received: hdr: Header(svc_id=0x01, op=0x81, ctrl_index=0x00, data_len=0x26) bytearray(b'\x01\x81\x00&\x00')
2026-10-09 00:23:00,794 BTPWorkerThread-11407 (_rx_task) root DEBUG iutctl_common.py          139   read                      : Read 38 bytes data
2026-10-09 00:23:00,794 BTPWorkerThread-11407 (_rx_task) root DEBUG iutctl_common.py          154   read                      : Received data: {'e0 53 00 4c 17 e5 44 ae 03 1b 00 09 09 4e 58 4c 36 36 35 32 38 02 0a 0c 0d 03 0c 11 0a 11 0b 11 0e 11 1f 11 1e 11'}, bytearray(b'\xe0S\x00L\x17\xe5D\xae\x03\x1b\x00\t\tNXL66528\x02\n\x0c\r\x03\x0c\x11\n\x11\x0b\x11\x0e\x11\x1f\x11\x1e\x11')
2026-10-09 00:23:00,794 BTPWorkerThread-11407 (_rx_task) root DEBUG btp.py                    736   event_handler             : Header(svc_id=1, op=129, ctrl_index=0, data_len=38) (b'\xe0S\x00L\x17\xe5D\xae\x03\x1b\x00\t\tNXL66528\x02\n\x0c\r\x03\x0c\x11\n\x11\x0b\x11\x0e\x11\x1f\x11\x1e\x11',)
2026-10-09 00:23:00,794 BTPWorkerThread-11407 (_rx_task) root DEBUG gap.py                    193   gap_device_found_ev_      : b'\xe0S\x00L\x17\xe5D\xae\x03\x1b\x00\t\tNXL66528\x02\n\x0c\r\x03\x0c\x11\n\x11\x0b\x11\x0e\x11\x1f\x11\x1e\x11'
2026-10-09 00:23:00,794 BTPWorkerThread-11407 (_rx_task) root DEBUG gap.py                    207   gap_device_found_ev_      : found '44e5174c0053' type 224 eir b'\t\tNXL66528\x02\n\x0c\r\x03\x0c\x11\n\x11\x0b\x11\x0e\x11\x1f\x11\x1e\x11'
2026-10-09 00:23:01,029 BTPWorkerThread-11407 (_rx_task) root DEBUG iutctl_common.py          123   read                      : Read 5 bytes
2026-10-09 00:23:01,029 BTPWorkerThread-11407 (_rx_task) root DEBUG iutctl_common.py          131   read                      : Received: hdr: Header(svc_id=0x01, op=0x81, ctrl_index=0x00, data_len=0x2a) bytearray(b'\x01\x81\x00*\x00')
2026-10-09 00:23:01,030 BTPWorkerThread-11407 (_rx_task) root DEBUG iutctl_common.py          139   read                      : Read 40 bytes data
2026-10-09 00:23:01,041 BTPWorkerThread-11407 (_rx_task) root DEBUG iutctl_common.py          139   read                      : Read 2 bytes data
2026-10-09 00:23:01,041 BTPWorkerThread-11407 (_rx_task) root DEBUG iutctl_common.py          154   read                      : Received data: {'e0 cd 83 06 dc 1b 00 b0 03 1f 00 1e 09 41 32 44 50 20 53 6f 75 72 63 65 20 30 30 3a 31 42 3a 44 43 3a 30 36 3a 38 33 3a 43 44'}, bytearray(b'\xe0\xcd\x83\x06\xdc\x1b\x00\xb0\x03\x1f\x00\x1e\tA2DP Source 00:1B:DC:06:83:CD')
2026-10-09 00:23:01,041 BTPWorkerThread-11407 (_rx_task) root DEBUG btp.py                    736   event_handler             : Header(svc_id=1, op=129, ctrl_index=0, data_len=42) (b'\xe0\xcd\x83\x06\xdc\x1b\x00\xb0\x03\x1f\x00\x1e\tA2DP Source 00:1B:DC:06:83:CD',)
2026-10-09 00:23:01,041 BTPWorkerThread-11407 (_rx_task) root DEBUG gap.py                    193   gap_device_found_ev_      : b'\xe0\xcd\x83\x06\xdc\x1b\x00\xb0\x03\x1f\x00\x1e\tA2DP Source 00:1B:DC:06:83:CD'
2026-10-09 00:23:01,041 BTPWorkerThread-11407 (_rx_task) root DEBUG gap.py                    207   gap_device_found_ev_      : found '001bdc0683cd' type 224 eir b'\x1e\tA2DP Source 00:1B:DC:06:83:CD'
2026-10-09 00:23:01,041 BTPWorkerThread-11407 (_rx_task) root DEBUG iutctl_common.py          123   read                      : Read 5 bytes
2026-10-09 00:23:01,041 BTPWorkerThread-11407 (_rx_task) root DEBUG iutctl_common.py          131   read                      : Received: hdr: Header(svc_id=0x01, op=0x81, ctrl_index=0x00, data_len=0x26) bytearray(b'\x01\x81\x00&\x00')
2026-10-09 00:23:01,041 BTPWorkerThread-11407 (_rx_task) root DEBUG iutctl_common.py          139   read                      : Read 38 bytes data
2026-10-09 00:23:01,041 BTPWorkerThread-11407 (_rx_task) root DEBUG iutctl_common.py          154   read                      : Received data: {'e0 53 00 4c 17 e5 44 b0 03 1b 00 09 09 4e 58 4c 36 36 35 32 38 02 0a 0c 0d 03 0c 11 0a 11 0b 11 0e 11 1f 11 1e 11'}, bytearray(b'\xe0S\x00L\x17\xe5D\xb0\x03\x1b\x00\t\tNXL66528\x02\n\x0c\r\x03\x0c\x11\n\x11\x0b\x11\x0e\x11\x1f\x11\x1e\x11')
2026-10-09 00:23:01,041 BTPWorkerThread-11407 (_rx_task) root DEBUG btp.py                    736   event_handler             : Header(svc_id=1, op=129, ctrl_index=0, data_len=38) (b'\xe0S\x00L\x17\xe5D\xb0\x03\x1b\x00\t\tNXL66528\x02\n\x0c\r\x03\x0c\x11\n\x11\x0b\x11\x0e\x11\x1f\x11\x1e\x11',)
2026-10-09 00:23:01,041 BTPWorkerThread-11407 (_rx_task) root DEBUG gap.py                    193   gap_device_found_ev_      : b'\xe0S\x00L\x17\xe5D\xb0\x03\x1b\x00\t\tNXL66528\x02\n\x0c\r\x03\x0c\x11\n\x11\x0b\x11\x0e\x11\x1f\x11\x1e\x11'
2026-10-09 00:23:01,041 BTPWorkerThread-11407 (_rx_task) root DEBUG gap.py                    207   gap_device_found_ev_      : found '44e5174c0053' type 224 eir b'\t\tNXL66528\x02\n\x0c\r\x03\x0c\x11\n\x11\x0b\x11\x0e\x11\x1f\x11\x1e\x11'
2026-10-09 00:23:01,093 BTPWorkerThread-11407 (_rx_task) root DEBUG iutctl_common.py          123   read                      : Read 5 bytes
2026-10-09 00:23:01,093 BTPWorkerThread-11407 (_rx_task) root DEBUG iutctl_common.py          131   read                      : Received: hdr: Header(svc_id=0x01, op=0x81, ctrl_index=0x00, data_len=0x1a) bytearray(b'\x01\x81\x00\x1a\x00')
2026-10-09 00:23:01,094 BTPWorkerThread-11407 (_rx_task) root DEBUG iutctl_common.py          139   read                      : Read 26 bytes data
2026-10-09 00:23:01,094 BTPWorkerThread-11407 (_rx_task) root DEBUG iutctl_common.py          154   read                      : Received data: {'e0 4e e4 08 dc 1b 00 cb 03 0f 00 0e 09 50 54 53 2d 47 41 50 2d 45 34 34 45 00'}, bytearray(b'\xe0N\xe4\x08\xdc\x1b\x00\xcb\x03\x0f\x00\x0e\tPTS-GAP-E44E\x00')
2026-10-09 00:23:01,094 BTPWorkerThread-11407 (_rx_task) root DEBUG btp.py                    736   event_handler             : Header(svc_id=1, op=129, ctrl_index=0, data_len=26) (b'\xe0N\xe4\x08\xdc\x1b\x00\xcb\x03\x0f\x00\x0e\tPTS-GAP-E44E\x00',)
2026-10-09 00:23:01,094 BTPWorkerThread-11407 (_rx_task) root DEBUG gap.py                    193   gap_device_found_ev_      : b'\xe0N\xe4\x08\xdc\x1b\x00\xcb\x03\x0f\x00\x0e\tPTS-GAP-E44E\x00'
2026-10-09 00:23:01,094 BTPWorkerThread-11407 (_rx_task) root DEBUG gap.py                    207   gap_device_found_ev_      : found '001bdc08e44e' type 224 eir b'\x0e\tPTS-GAP-E44E\x00'
2026-10-09 00:23:01,190 BTPWorkerThread-11407 (_rx_task) root DEBUG iutctl_common.py          123   read                      : Read 5 bytes
2026-10-09 00:23:01,190 BTPWorkerThread-11407 (_rx_task) root DEBUG iutctl_common.py          131   read                      : Received: hdr: Header(svc_id=0x01, op=0x81, ctrl_index=0x00, data_len=0x1a) bytearray(b'\x01\x81\x00\x1a\x00')
2026-10-09 00:23:01,190 BTPWorkerThread-11407 (_rx_task) root DEBUG iutctl_common.py          139   read                      : Read 26 bytes data
2026-10-09 00:23:01,191 BTPWorkerThread-11407 (_rx_task) root DEBUG iutctl_common.py          154   read                      : Received data: {'e0 4e e4 08 dc 1b 00 cf 03 0f 00 0e 09 50 54 53 2d 47 41 50 2d 45 34 34 45 00'}, bytearray(b'\xe0N\xe4\x08\xdc\x1b\x00\xcf\x03\x0f\x00\x0e\tPTS-GAP-E44E\x00')
2026-10-09 00:23:01,191 BTPWorkerThread-11407 (_rx_task) root DEBUG btp.py                    736   event_handler             : Header(svc_id=1, op=129, ctrl_index=0, data_len=26) (b'\xe0N\xe4\x08\xdc\x1b\x00\xcf\x03\x0f\x00\x0e\tPTS-GAP-E44E\x00',)
2026-10-09 00:23:01,191 BTPWorkerThread-11407 (_rx_task) root DEBUG gap.py                    193   gap_device_found_ev_      : b'\xe0N\xe4\x08\xdc\x1b\x00\xcf\x03\x0f\x00\x0e\tPTS-GAP-E44E\x00'
2026-10-09 00:23:01,191 BTPWorkerThread-11407 (_rx_task) root DEBUG gap.py                    207   gap_device_found_ev_      : found '001bdc08e44e' type 224 eir b'\x0e\tPTS-GAP-E44E\x00'
2026-10-09 00:23:01,363 BTPWorkerThread-11407 (_rx_task) root DEBUG iutctl_common.py          123   read                      : Read 5 bytes
2026-10-09 00:23:01,363 BTPWorkerThread-11407 (_rx_task) root DEBUG iutctl_common.py          131   read                      : Received: hdr: Header(svc_id=0x01, op=0x81, ctrl_index=0x00, data_len=0x26) bytearray(b'\x01\x81\x00&\x00')
2026-10-09 00:23:01,364 BTPWorkerThread-11407 (_rx_task) root DEBUG iutctl_common.py          139   read                      : Read 38 bytes data
2026-10-09 00:23:01,364 BTPWorkerThread-11407 (_rx_task) root DEBUG iutctl_common.py          154   read                      : Received data: {'e0 53 00 4c 17 e5 44 a8 03 1b 00 09 09 4e 58 4c 36 36 35 32 38 02 0a 0c 0d 03 0c 11 0a 11 0b 11 0e 11 1f 11 1e 11'}, bytearray(b'\xe0S\x00L\x17\xe5D\xa8\x03\x1b\x00\t\tNXL66528\x02\n\x0c\r\x03\x0c\x11\n\x11\x0b\x11\x0e\x11\x1f\x11\x1e\x11')
2026-10-09 00:23:01,364 BTPWorkerThread-11407 (_rx_task) root DEBUG btp.py                    736   event_handler             : Header(svc_id=1, op=129, ctrl_index=0, data_len=38) (b'\xe0S\x00L\x17\xe5D\xa8\x03\x1b\x00\t\tNXL66528\x02\n\x0c\r\x03\x0c\x11\n\x11\x0b\x11\x0e\x11\x1f\x11\x1e\x11',)
2026-10-09 00:23:01,364 BTPWorkerThread-11407 (_rx_task) root DEBUG gap.py                    193   gap_device_found_ev_      : b'\xe0S\x00L\x17\xe5D\xa8\x03\x1b\x00\t\tNXL66528\x02\n\x0c\r\x03\x0c\x11\n\x11\x0b\x11\x0e\x11\x1f\x11\x1e\x11'
2026-10-09 00:23:01,364 BTPWorkerThread-11407 (_rx_task) root DEBUG gap.py                    207   gap_device_found_ev_      : found '44e5174c0053' type 224 eir b'\t\tNXL66528\x02\n\x0c\r\x03\x0c\x11\n\x11\x0b\x11\x0e\x11\x1f\x11\x1e\x11'
2026-10-09 00:23:01,417 BTPWorkerThread-11407 (_rx_task) root DEBUG iutctl_common.py          123   read                      : Read 5 bytes
2026-10-09 00:23:01,417 BTPWorkerThread-11407 (_rx_task) root DEBUG iutctl_common.py          131   read                      : Received: hdr: Header(svc_id=0x01, op=0x81, ctrl_index=0x00, data_len=0x2a) bytearray(b'\x01\x81\x00*\x00')
2026-10-09 00:23:01,417 BTPWorkerThread-11407 (_rx_task) root DEBUG iutctl_common.py          139   read                      : Read 9 bytes data
2026-10-09 00:23:01,428 BTPWorkerThread-11407 (_rx_task) root DEBUG iutctl_common.py          139   read                      : Read 33 bytes data
2026-10-09 00:23:01,428 BTPWorkerThread-11407 (_rx_task) root DEBUG iutctl_common.py          154   read                      : Received data: {'e0 cd 83 06 dc 1b 00 ab 03 1f 00 1e 09 41 32 44 50 20 53 6f 75 72 63 65 20 30 30 3a 31 42 3a 44 43 3a 30 36 3a 38 33 3a 43 44'}, bytearray(b'\xe0\xcd\x83\x06\xdc\x1b\x00\xab\x03\x1f\x00\x1e\tA2DP Source 00:1B:DC:06:83:CD')
2026-10-09 00:23:01,428 BTPWorkerThread-11407 (_rx_task) root DEBUG btp.py                    736   event_handler             : Header(svc_id=1, op=129, ctrl_index=0, data_len=42) (b'\xe0\xcd\x83\x06\xdc\x1b\x00\xab\x03\x1f\x00\x1e\tA2DP Source 00:1B:DC:06:83:CD',)
2026-10-09 00:23:01,428 BTPWorkerThread-11407 (_rx_task) root DEBUG gap.py                    193   gap_device_found_ev_      : b'\xe0\xcd\x83\x06\xdc\x1b\x00\xab\x03\x1f\x00\x1e\tA2DP Source 00:1B:DC:06:83:CD'
2026-10-09 00:23:01,428 BTPWorkerThread-11407 (_rx_task) root DEBUG gap.py                    207   gap_device_found_ev_      : found '001bdc0683cd' type 224 eir b'\x1e\tA2DP Source 00:1B:DC:06:83:CD'
2026-10-09 00:23:01,800 BTPWorkerThread-11407 (_rx_task) root DEBUG iutctl_common.py          123   read                      : Read 5 bytes
2026-10-09 00:23:01,800 BTPWorkerThread-11407 (_rx_task) root DEBUG iutctl_common.py          131   read                      : Received: hdr: Header(svc_id=0x01, op=0x81, ctrl_index=0x00, data_len=0x2a) bytearray(b'\x01\x81\x00*\x00')
2026-10-09 00:23:01,800 BTPWorkerThread-11407 (_rx_task) root DEBUG iutctl_common.py          139   read                      : Read 42 bytes data
2026-10-09 00:23:01,801 BTPWorkerThread-11407 (_rx_task) root DEBUG iutctl_common.py          154   read                      : Received data: {'e0 95 83 06 dc 1b 00 af 03 1f 00 1e 09 48 46 50 20 41 47 20 44 65 6d 6f 20 30 30 3a 31 42 3a 44 43 3a 30 36 3a 38 33 3a 39 35'}, bytearray(b'\xe0\x95\x83\x06\xdc\x1b\x00\xaf\x03\x1f\x00\x1e\tHFP AG Demo 00:1B:DC:06:83:95')
2026-10-09 00:23:01,801 BTPWorkerThread-11407 (_rx_task) root DEBUG btp.py                    736   event_handler             : Header(svc_id=1, op=129, ctrl_index=0, data_len=42) (b'\xe0\x95\x83\x06\xdc\x1b\x00\xaf\x03\x1f\x00\x1e\tHFP AG Demo 00:1B:DC:06:83:95',)
2026-10-09 00:23:01,801 BTPWorkerThread-11407 (_rx_task) root DEBUG gap.py                    193   gap_device_found_ev_      : b'\xe0\x95\x83\x06\xdc\x1b\x00\xaf\x03\x1f\x00\x1e\tHFP AG Demo 00:1B:DC:06:83:95'
2026-10-09 00:23:01,801 BTPWorkerThread-11407 (_rx_task) root DEBUG gap.py                    207   gap_device_found_ev_      : found '001bdc068395' type 224 eir b'\x1e\tHFP AG Demo 00:1B:DC:06:83:95'
2026-10-09 00:23:02,240 BTPWorkerThread-11407 (_rx_task) root DEBUG iutctl_common.py          123   read                      : Read 5 bytes
2026-10-09 00:23:02,240 BTPWorkerThread-11407 (_rx_task) root DEBUG iutctl_common.py          131   read                      : Received: hdr: Header(svc_id=0x01, op=0x81, ctrl_index=0x00, data_len=0x2a) bytearray(b'\x01\x81\x00*\x00')
2026-10-09 00:23:02,240 BTPWorkerThread-11407 (_rx_task) root DEBUG iutctl_common.py          139   read                      : Read 42 bytes data
2026-10-09 00:23:02,240 BTPWorkerThread-11407 (_rx_task) root DEBUG iutctl_common.py          154   read                      : Received data: {'e0 95 83 06 dc 1b 00 ad 03 1f 00 1e 09 48 46 50 20 41 47 20 44 65 6d 6f 20 30 30 3a 31 42 3a 44 43 3a 30 36 3a 38 33 3a 39 35'}, bytearray(b'\xe0\x95\x83\x06\xdc\x1b\x00\xad\x03\x1f\x00\x1e\tHFP AG Demo 00:1B:DC:06:83:95')
2026-10-09 00:23:02,240 BTPWorkerThread-11407 (_rx_task) root DEBUG btp.py                    736   event_handler             : Header(svc_id=1, op=129, ctrl_index=0, data_len=42) (b'\xe0\x95\x83\x06\xdc\x1b\x00\xad\x03\x1f\x00\x1e\tHFP AG Demo 00:1B:DC:06:83:95',)
2026-10-09 00:23:02,241 BTPWorkerThread-11407 (_rx_task) root DEBUG gap.py                    193   gap_device_found_ev_      : b'\xe0\x95\x83\x06\xdc\x1b\x00\xad\x03\x1f\x00\x1e\tHFP AG Demo 00:1B:DC:06:83:95'
2026-10-09 00:23:02,241 BTPWorkerThread-11407 (_rx_task) root DEBUG gap.py                    207   gap_device_found_ev_      : found '001bdc068395' type 224 eir b'\x1e\tHFP AG Demo 00:1B:DC:06:83:95'
2026-10-09 00:23:02,635 BTPWorkerThread-11407 (_rx_task) root DEBUG iutctl_common.py          123   read                      : Read 5 bytes
2026-10-09 00:23:02,635 BTPWorkerThread-11407 (_rx_task) root DEBUG iutctl_common.py          131   read                      : Received: hdr: Header(svc_id=0x01, op=0x81, ctrl_index=0x00, data_len=0x2a) bytearray(b'\x01\x81\x00*\x00')
2026-10-09 00:23:02,635 BTPWorkerThread-11407 (_rx_task) root DEBUG iutctl_common.py          139   read                      : Read 42 bytes data
2026-10-09 00:23:02,636 BTPWorkerThread-11407 (_rx_task) root DEBUG iutctl_common.py          154   read                      : Received data: {'e0 4d 65 9b 70 f3 5c a7 03 1f 00 1e 09 48 46 50 20 41 47 20 44 65 6d 6f 20 35 43 3a 46 33 3a 37 30 3a 39 42 3a 36 35 3a 34 44'}, bytearray(b'\xe0Me\x9bp\xf3\\\xa7\x03\x1f\x00\x1e\tHFP AG Demo 5C:F3:70:9B:65:4D')
2026-10-09 00:23:02,636 BTPWorkerThread-11407 (_rx_task) root DEBUG btp.py                    736   event_handler             : Header(svc_id=1, op=129, ctrl_index=0, data_len=42) (b'\xe0Me\x9bp\xf3\\\xa7\x03\x1f\x00\x1e\tHFP AG Demo 5C:F3:70:9B:65:4D',)
2026-10-09 00:23:02,636 BTPWorkerThread-11407 (_rx_task) root DEBUG gap.py                    193   gap_device_found_ev_      : b'\xe0Me\x9bp\xf3\\\xa7\x03\x1f\x00\x1e\tHFP AG Demo 5C:F3:70:9B:65:4D'
2026-10-09 00:23:02,636 BTPWorkerThread-11407 (_rx_task) root DEBUG gap.py                    207   gap_device_found_ev_      : found '5cf3709b654d' type 224 eir b'\x1e\tHFP AG Demo 5C:F3:70:9B:65:4D'
2026-10-09 00:23:02,825 BTPWorkerThread-11407 (_rx_task) root DEBUG iutctl_common.py          123   read                      : Read 5 bytes
2026-10-09 00:23:02,825 BTPWorkerThread-11407 (_rx_task) root DEBUG iutctl_common.py          131   read                      : Received: hdr: Header(svc_id=0x01, op=0x81, ctrl_index=0x00, data_len=0x2a) bytearray(b'\x01\x81\x00*\x00')
2026-10-09 00:23:02,825 BTPWorkerThread-11407 (_rx_task) root DEBUG iutctl_common.py          139   read                      : Read 7 bytes data
2026-10-09 00:23:02,836 BTPWorkerThread-11407 (_rx_task) root DEBUG iutctl_common.py          139   read                      : Read 35 bytes data
2026-10-09 00:23:02,836 BTPWorkerThread-11407 (_rx_task) root DEBUG iutctl_common.py          154   read                      : Received data: {'e0 95 83 06 dc 1b 00 a8 03 1f 00 1e 09 48 46 50 20 41 47 20 44 65 6d 6f 20 30 30 3a 31 42 3a 44 43 3a 30 36 3a 38 33 3a 39 35'}, bytearray(b'\xe0\x95\x83\x06\xdc\x1b\x00\xa8\x03\x1f\x00\x1e\tHFP AG Demo 00:1B:DC:06:83:95')
2026-10-09 00:23:02,837 BTPWorkerThread-11407 (_rx_task) root DEBUG btp.py                    736   event_handler             : Header(svc_id=1, op=129, ctrl_index=0, data_len=42) (b'\xe0\x95\x83\x06\xdc\x1b\x00\xa8\x03\x1f\x00\x1e\tHFP AG Demo 00:1B:DC:06:83:95',)
2026-10-09 00:23:02,837 BTPWorkerThread-11407 (_rx_task) root DEBUG gap.py                    193   gap_device_found_ev_      : b'\xe0\x95\x83\x06\xdc\x1b\x00\xa8\x03\x1f\x00\x1e\tHFP AG Demo 00:1B:DC:06:83:95'
2026-10-09 00:23:02,837 BTPWorkerThread-11407 (_rx_task) root DEBUG gap.py                    207   gap_device_found_ev_      : found '001bdc068395' type 224 eir b'\x1e\tHFP AG Demo 00:1B:DC:06:83:95'
2026-10-09 00:23:02,858 BTPWorkerThread-11407 (_rx_task) root DEBUG iutctl_common.py          123   read                      : Read 5 bytes
2026-10-09 00:23:02,858 BTPWorkerThread-11407 (_rx_task) root DEBUG iutctl_common.py          131   read                      : Received: hdr: Header(svc_id=0x01, op=0x81, ctrl_index=0x00, data_len=0x26) bytearray(b'\x01\x81\x00&\x00')
2026-10-09 00:23:02,858 BTPWorkerThread-11407 (_rx_task) root DEBUG iutctl_common.py          139   read                      : Read 32 bytes data
2026-10-09 00:23:02,869 BTPWorkerThread-11407 (_rx_task) root DEBUG iutctl_common.py          139   read                      : Read 6 bytes data
2026-10-09 00:23:02,869 BTPWorkerThread-11407 (_rx_task) root DEBUG iutctl_common.py          154   read                      : Received data: {'e0 53 00 4c 17 e5 44 af 03 1b 00 09 09 4e 58 4c 36 36 35 32 38 02 0a 0c 0d 03 0c 11 0a 11 0b 11 0e 11 1f 11 1e 11'}, bytearray(b'\xe0S\x00L\x17\xe5D\xaf\x03\x1b\x00\t\tNXL66528\x02\n\x0c\r\x03\x0c\x11\n\x11\x0b\x11\x0e\x11\x1f\x11\x1e\x11')
2026-10-09 00:23:02,869 BTPWorkerThread-11407 (_rx_task) root DEBUG btp.py                    736   event_handler             : Header(svc_id=1, op=129, ctrl_index=0, data_len=38) (b'\xe0S\x00L\x17\xe5D\xaf\x03\x1b\x00\t\tNXL66528\x02\n\x0c\r\x03\x0c\x11\n\x11\x0b\x11\x0e\x11\x1f\x11\x1e\x11',)
2026-10-09 00:23:02,869 BTPWorkerThread-11407 (_rx_task) root DEBUG gap.py                    193   gap_device_found_ev_      : b'\xe0S\x00L\x17\xe5D\xaf\x03\x1b\x00\t\tNXL66528\x02\n\x0c\r\x03\x0c\x11\n\x11\x0b\x11\x0e\x11\x1f\x11\x1e\x11'
2026-10-09 00:23:02,870 BTPWorkerThread-11407 (_rx_task) root DEBUG gap.py                    207   gap_device_found_ev_      : found '44e5174c0053' type 224 eir b'\t\tNXL66528\x02\n\x0c\r\x03\x0c\x11\n\x11\x0b\x11\x0e\x11\x1f\x11\x1e\x11'
2026-10-09 00:23:03,187 BTPWorkerThread-11407 (_rx_task) root DEBUG iutctl_common.py          123   read                      : Read 5 bytes
2026-10-09 00:23:03,187 BTPWorkerThread-11407 (_rx_task) root DEBUG iutctl_common.py          131   read                      : Received: hdr: Header(svc_id=0x01, op=0x81, ctrl_index=0x00, data_len=0x2a) bytearray(b'\x01\x81\x00*\x00')
2026-10-09 00:23:03,188 BTPWorkerThread-11407 (_rx_task) root DEBUG iutctl_common.py          139   read                      : Read 42 bytes data
2026-10-09 00:23:03,188 BTPWorkerThread-11407 (_rx_task) root DEBUG iutctl_common.py          154   read                      : Received data: {'e0 eb b2 06 dc 1b 00 af 03 1f 00 1e 09 41 32 44 50 20 53 6f 75 72 63 65 20 30 30 3a 31 42 3a 44 43 3a 30 36 3a 42 32 3a 45 42'}, bytearray(b'\xe0\xeb\xb2\x06\xdc\x1b\x00\xaf\x03\x1f\x00\x1e\tA2DP Source 00:1B:DC:06:B2:EB')
2026-10-09 00:23:03,188 BTPWorkerThread-11407 (_rx_task) root DEBUG btp.py                    736   event_handler             : Header(svc_id=1, op=129, ctrl_index=0, data_len=42) (b'\xe0\xeb\xb2\x06\xdc\x1b\x00\xaf\x03\x1f\x00\x1e\tA2DP Source 00:1B:DC:06:B2:EB',)
2026-10-09 00:23:03,188 BTPWorkerThread-11407 (_rx_task) root DEBUG gap.py                    193   gap_device_found_ev_      : b'\xe0\xeb\xb2\x06\xdc\x1b\x00\xaf\x03\x1f\x00\x1e\tA2DP Source 00:1B:DC:06:B2:EB'
2026-10-09 00:23:03,188 BTPWorkerThread-11407 (_rx_task) root DEBUG gap.py                    207   gap_device_found_ev_      : found '001bdc06b2eb' type 224 eir b'\x1e\tA2DP Source 00:1B:DC:06:B2:EB'
2026-10-09 00:23:03,346 BTPWorkerThread-11407 (_rx_task) root DEBUG iutctl_common.py          123   read                      : Read 5 bytes
2026-10-09 00:23:03,346 BTPWorkerThread-11407 (_rx_task) root DEBUG iutctl_common.py          131   read                      : Received: hdr: Header(svc_id=0x01, op=0x81, ctrl_index=0x00, data_len=0x0b) bytearray(b'\x01\x81\x00\x0b\x00')
2026-10-09 00:23:03,346 BTPWorkerThread-11407 (_rx_task) root DEBUG iutctl_common.py          139   read                      : Read 11 bytes data
2026-10-09 00:23:03,347 BTPWorkerThread-11407 (_rx_task) root DEBUG iutctl_common.py          154   read                      : Received data: {'e0 95 83 06 dc 1b 00 a8 03 00 00'}, bytearray(b'\xe0\x95\x83\x06\xdc\x1b\x00\xa8\x03\x00\x00')
2026-10-09 00:23:03,347 BTPWorkerThread-11407 (_rx_task) root DEBUG btp.py                    736   event_handler             : Header(svc_id=1, op=129, ctrl_index=0, data_len=11) (b'\xe0\x95\x83\x06\xdc\x1b\x00\xa8\x03\x00\x00',)
2026-10-09 00:23:03,347 BTPWorkerThread-11407 (_rx_task) root DEBUG gap.py                    193   gap_device_found_ev_      : b'\xe0\x95\x83\x06\xdc\x1b\x00\xa8\x03\x00\x00'
2026-10-09 00:23:03,347 BTPWorkerThread-11407 (_rx_task) root DEBUG gap.py                    207   gap_device_found_ev_      : found '001bdc068395' type 224 eir b''
2026-10-09 00:23:03,452 BTPWorkerThread-11407 (_rx_task) root DEBUG iutctl_common.py          123   read                      : Read 5 bytes
2026-10-09 00:23:03,452 BTPWorkerThread-11407 (_rx_task) root DEBUG iutctl_common.py          131   read                      : Received: hdr: Header(svc_id=0x01, op=0x81, ctrl_index=0x00, data_len=0x2a) bytearray(b'\x01\x81\x00*\x00')
2026-10-09 00:23:03,452 BTPWorkerThread-11407 (_rx_task) root DEBUG iutctl_common.py          139   read                      : Read 42 bytes data
2026-10-09 00:23:03,452 BTPWorkerThread-11407 (_rx_task) root DEBUG iutctl_common.py          154   read                      : Received data: {'e0 eb b2 06 dc 1b 00 a8 03 1f 00 1e 09 41 32 44 50 20 53 6f 75 72 63 65 20 30 30 3a 31 42 3a 44 43 3a 30 36 3a 42 32 3a 45 42'}, bytearray(b'\xe0\xeb\xb2\x06\xdc\x1b\x00\xa8\x03\x1f\x00\x1e\tA2DP Source 00:1B:DC:06:B2:EB')
2026-10-09 00:23:03,452 BTPWorkerThread-11407 (_rx_task) root DEBUG btp.py                    736   event_handler             : Header(svc_id=1, op=129, ctrl_index=0, data_len=42) (b'\xe0\xeb\xb2\x06\xdc\x1b\x00\xa8\x03\x1f\x00\x1e\tA2DP Source 00:1B:DC:06:B2:EB',)
2026-10-09 00:23:03,452 BTPWorkerThread-11407 (_rx_task) root DEBUG gap.py                    193   gap_device_found_ev_      : b'\xe0\xeb\xb2\x06\xdc\x1b\x00\xa8\x03\x1f\x00\x1e\tA2DP Source 00:1B:DC:06:B2:EB'
2026-10-09 00:23:03,452 BTPWorkerThread-11407 (_rx_task) root DEBUG gap.py                    207   gap_device_found_ev_      : found '001bdc06b2eb' type 224 eir b'\x1e\tA2DP Source 00:1B:DC:06:B2:EB'
2026-10-09 00:23:03,811 BTPWorkerThread-11407 (_rx_task) root DEBUG iutctl_common.py          123   read                      : Read 5 bytes
2026-10-09 00:23:03,811 BTPWorkerThread-11407 (_rx_task) root DEBUG iutctl_common.py          131   read                      : Received: hdr: Header(svc_id=0x01, op=0x81, ctrl_index=0x00, data_len=0x26) bytearray(b'\x01\x81\x00&\x00')
2026-10-09 00:23:03,811 BTPWorkerThread-11407 (_rx_task) root DEBUG iutctl_common.py          139   read                      : Read 34 bytes data
2026-10-09 00:23:03,822 BTPWorkerThread-11407 (_rx_task) root DEBUG iutctl_common.py          139   read                      : Read 4 bytes data
2026-10-09 00:23:03,822 BTPWorkerThread-11407 (_rx_task) root DEBUG iutctl_common.py          154   read                      : Received data: {'e0 53 00 4c 17 e5 44 ae 03 1b 00 09 09 4e 58 4c 36 36 35 32 38 02 0a 0c 0d 03 0c 11 0a 11 0b 11 0e 11 1f 11 1e 11'}, bytearray(b'\xe0S\x00L\x17\xe5D\xae\x03\x1b\x00\t\tNXL66528\x02\n\x0c\r\x03\x0c\x11\n\x11\x0b\x11\x0e\x11\x1f\x11\x1e\x11')
2026-10-09 00:23:03,822 BTPWorkerThread-11407 (_rx_task) root DEBUG btp.py                    736   event_handler             : Header(svc_id=1, op=129, ctrl_index=0, data_len=38) (b'\xe0S\x00L\x17\xe5D\xae\x03\x1b\x00\t\tNXL66528\x02\n\x0c\r\x03\x0c\x11\n\x11\x0b\x11\x0e\x11\x1f\x11\x1e\x11',)
2026-10-09 00:23:03,823 BTPWorkerThread-11407 (_rx_task) root DEBUG gap.py                    193   gap_device_found_ev_      : b'\xe0S\x00L\x17\xe5D\xae\x03\x1b\x00\t\tNXL66528\x02\n\x0c\r\x03\x0c\x11\n\x11\x0b\x11\x0e\x11\x1f\x11\x1e\x11'
2026-10-09 00:23:03,823 BTPWorkerThread-11407 (_rx_task) root DEBUG gap.py                    207   gap_device_found_ev_      : found '44e5174c0053' type 224 eir b'\t\tNXL66528\x02\n\x0c\r\x03\x0c\x11\n\x11\x0b\x11\x0e\x11\x1f\x11\x1e\x11'
2026-10-09 00:23:03,907 BTPWorkerThread-11407 (_rx_task) root DEBUG iutctl_common.py          123   read                      : Read 5 bytes
2026-10-09 00:23:03,907 BTPWorkerThread-11407 (_rx_task) root DEBUG iutctl_common.py          131   read                      : Received: hdr: Header(svc_id=0x01, op=0x81, ctrl_index=0x00, data_len=0x2a) bytearray(b'\x01\x81\x00*\x00')
2026-10-09 00:23:03,907 BTPWorkerThread-11407 (_rx_task) root DEBUG iutctl_common.py          139   read                      : Read 42 bytes data
2026-10-09 00:23:03,907 BTPWorkerThread-11407 (_rx_task) root DEBUG iutctl_common.py          154   read                      : Received data: {'e0 95 83 06 dc 1b 00 b0 03 1f 00 1e 09 48 46 50 20 41 47 20 44 65 6d 6f 20 30 30 3a 31 42 3a 44 43 3a 30 36 3a 38 33 3a 39 35'}, bytearray(b'\xe0\x95\x83\x06\xdc\x1b\x00\xb0\x03\x1f\x00\x1e\tHFP AG Demo 00:1B:DC:06:83:95')
2026-10-09 00:23:03,908 BTPWorkerThread-11407 (_rx_task) root DEBUG btp.py                    736   event_handler             : Header(svc_id=1, op=129, ctrl_index=0, data_len=42) (b'\xe0\x95\x83\x06\xdc\x1b\x00\xb0\x03\x1f\x00\x1e\tHFP AG Demo 00:1B:DC:06:83:95',)
2026-10-09 00:23:03,908 BTPWorkerThread-11407 (_rx_task) root DEBUG gap.py                    193   gap_device_found_ev_      : b'\xe0\x95\x83\x06\xdc\x1b\x00\xb0\x03\x1f\x00\x1e\tHFP AG Demo 00:1B:DC:06:83:95'
2026-10-09 00:23:03,908 BTPWorkerThread-11407 (_rx_task) root DEBUG gap.py                    207   gap_device_found_ev_      : found '001bdc068395' type 224 eir b'\x1e\tHFP AG Demo 00:1B:DC:06:83:95'
2026-10-09 00:23:03,941 BTPWorkerThread-11407 (_rx_task) root DEBUG iutctl_common.py          123   read                      : Read 5 bytes
2026-10-09 00:23:03,941 BTPWorkerThread-11407 (_rx_task) root DEBUG iutctl_common.py          131   read                      : Received: hdr: Header(svc_id=0x01, op=0x81, ctrl_index=0x00, data_len=0x2a) bytearray(b'\x01\x81\x00*\x00')
2026-10-09 00:23:03,941 BTPWorkerThread-11407 (_rx_task) root DEBUG iutctl_common.py          139   read                      : Read 22 bytes data
2026-10-09 00:23:03,952 BTPWorkerThread-11407 (_rx_task) root DEBUG iutctl_common.py          139   read                      : Read 20 bytes data
2026-10-09 00:23:03,952 BTPWorkerThread-11407 (_rx_task) root DEBUG iutctl_common.py          154   read                      : Received data: {'e0 95 83 06 dc 1b 00 ac 03 1f 00 1e 09 48 46 50 20 41 47 20 44 65 6d 6f 20 30 30 3a 31 42 3a 44 43 3a 30 36 3a 38 33 3a 39 35'}, bytearray(b'\xe0\x95\x83\x06\xdc\x1b\x00\xac\x03\x1f\x00\x1e\tHFP AG Demo 00:1B:DC:06:83:95')
2026-10-09 00:23:03,953 BTPWorkerThread-11407 (_rx_task) root DEBUG btp.py                    736   event_handler             : Header(svc_id=1, op=129, ctrl_index=0, data_len=42) (b'\xe0\x95\x83\x06\xdc\x1b\x00\xac\x03\x1f\x00\x1e\tHFP AG Demo 00:1B:DC:06:83:95',)
2026-10-09 00:23:03,953 BTPWorkerThread-11407 (_rx_task) root DEBUG gap.py                    193   gap_device_found_ev_      : b'\xe0\x95\x83\x06\xdc\x1b\x00\xac\x03\x1f\x00\x1e\tHFP AG Demo 00:1B:DC:06:83:95'
2026-10-09 00:23:03,953 BTPWorkerThread-11407 (_rx_task) root DEBUG gap.py                    207   gap_device_found_ev_      : found '001bdc068395' type 224 eir b'\x1e\tHFP AG Demo 00:1B:DC:06:83:95'
2026-10-09 00:23:04,027 BTPWorkerThread-11407 (_rx_task) root DEBUG iutctl_common.py          123   read                      : Read 5 bytes
2026-10-09 00:23:04,027 BTPWorkerThread-11407 (_rx_task) root DEBUG iutctl_common.py          131   read                      : Received: hdr: Header(svc_id=0x01, op=0x81, ctrl_index=0x00, data_len=0x2a) bytearray(b'\x01\x81\x00*\x00')
2026-10-09 00:23:04,027 BTPWorkerThread-11407 (_rx_task) root DEBUG iutctl_common.py          139   read                      : Read 7 bytes data
2026-10-09 00:23:04,038 BTPWorkerThread-11407 (_rx_task) root DEBUG iutctl_common.py          139   read                      : Read 35 bytes data
2026-10-09 00:23:04,038 BTPWorkerThread-11407 (_rx_task) root DEBUG iutctl_common.py          154   read                      : Received data: {'e0 eb b2 06 dc 1b 00 aa 03 1f 00 1e 09 41 32 44 50 20 53 6f 75 72 63 65 20 30 30 3a 31 42 3a 44 43 3a 30 36 3a 42 32 3a 45 42'}, bytearray(b'\xe0\xeb\xb2\x06\xdc\x1b\x00\xaa\x03\x1f\x00\x1e\tA2DP Source 00:1B:DC:06:B2:EB')
2026-10-09 00:23:04,038 BTPWorkerThread-11407 (_rx_task) root DEBUG btp.py                    736   event_handler             : Header(svc_id=1, op=129, ctrl_index=0, data_len=42) (b'\xe0\xeb\xb2\x06\xdc\x1b\x00\xaa\x03\x1f\x00\x1e\tA2DP Source 00:1B:DC:06:B2:EB',)
2026-10-09 00:23:04,039 BTPWorkerThread-11407 (_rx_task) root DEBUG gap.py                    193   gap_device_found_ev_      : b'\xe0\xeb\xb2\x06\xdc\x1b\x00\xaa\x03\x1f\x00\x1e\tA2DP Source 00:1B:DC:06:B2:EB'
2026-10-09 00:23:04,039 BTPWorkerThread-11407 (_rx_task) root DEBUG gap.py                    207   gap_device_found_ev_      : found '001bdc06b2eb' type 224 eir b'\x1e\tA2DP Source 00:1B:DC:06:B2:EB'
2026-10-09 00:23:04,210 BTPWorkerThread-11407 (_rx_task) root DEBUG iutctl_common.py          123   read                      : Read 5 bytes
2026-10-09 00:23:04,210 BTPWorkerThread-11407 (_rx_task) root DEBUG iutctl_common.py          131   read                      : Received: hdr: Header(svc_id=0x01, op=0x81, ctrl_index=0x00, data_len=0x26) bytearray(b'\x01\x81\x00&\x00')
2026-10-09 00:23:04,210 BTPWorkerThread-11407 (_rx_task) root DEBUG iutctl_common.py          139   read                      : Read 38 bytes data
2026-10-09 00:23:04,211 BTPWorkerThread-11407 (_rx_task) root DEBUG iutctl_common.py          154   read                      : Received data: {'e0 53 00 4c 17 e5 44 ab 03 1b 00 09 09 4e 58 4c 36 36 35 32 38 02 0a 0c 0d 03 0c 11 0a 11 0b 11 0e 11 1f 11 1e 11'}, bytearray(b'\xe0S\x00L\x17\xe5D\xab\x03\x1b\x00\t\tNXL66528\x02\n\x0c\r\x03\x0c\x11\n\x11\x0b\x11\x0e\x11\x1f\x11\x1e\x11')
2026-10-09 00:23:04,211 BTPWorkerThread-11407 (_rx_task) root DEBUG btp.py                    736   event_handler             : Header(svc_id=1, op=129, ctrl_index=0, data_len=38) (b'\xe0S\x00L\x17\xe5D\xab\x03\x1b\x00\t\tNXL66528\x02\n\x0c\r\x03\x0c\x11\n\x11\x0b\x11\x0e\x11\x1f\x11\x1e\x11',)
2026-10-09 00:23:04,211 BTPWorkerThread-11407 (_rx_task) root DEBUG gap.py                    193   gap_device_found_ev_      : b'\xe0S\x00L\x17\xe5D\xab\x03\x1b\x00\t\tNXL66528\x02\n\x0c\r\x03\x0c\x11\n\x11\x0b\x11\x0e\x11\x1f\x11\x1e\x11'
2026-10-09 00:23:04,211 BTPWorkerThread-11407 (_rx_task) root DEBUG gap.py                    207   gap_device_found_ev_      : found '44e5174c0053' type 224 eir b'\t\tNXL66528\x02\n\x0c\r\x03\x0c\x11\n\x11\x0b\x11\x0e\x11\x1f\x11\x1e\x11'
2026-10-09 00:23:04,274 BTPWorkerThread-11407 (_rx_task) root DEBUG iutctl_common.py          123   read                      : Read 5 bytes
2026-10-09 00:23:04,274 BTPWorkerThread-11407 (_rx_task) root DEBUG iutctl_common.py          131   read                      : Received: hdr: Header(svc_id=0x01, op=0x81, ctrl_index=0x00, data_len=0x1a) bytearray(b'\x01\x81\x00\x1a\x00')
2026-10-09 00:23:04,275 BTPWorkerThread-11407 (_rx_task) root DEBUG iutctl_common.py          139   read                      : Read 26 bytes data
2026-10-09 00:23:04,275 BTPWorkerThread-11407 (_rx_task) root DEBUG iutctl_common.py          154   read                      : Received data: {'e0 4e e4 08 dc 1b 00 cd 03 0f 00 0e 09 50 54 53 2d 47 41 50 2d 45 34 34 45 00'}, bytearray(b'\xe0N\xe4\x08\xdc\x1b\x00\xcd\x03\x0f\x00\x0e\tPTS-GAP-E44E\x00')
2026-10-09 00:23:04,275 BTPWorkerThread-11407 (_rx_task) root DEBUG btp.py                    736   event_handler             : Header(svc_id=1, op=129, ctrl_index=0, data_len=26) (b'\xe0N\xe4\x08\xdc\x1b\x00\xcd\x03\x0f\x00\x0e\tPTS-GAP-E44E\x00',)
2026-10-09 00:23:04,275 BTPWorkerThread-11407 (_rx_task) root DEBUG gap.py                    193   gap_device_found_ev_      : b'\xe0N\xe4\x08\xdc\x1b\x00\xcd\x03\x0f\x00\x0e\tPTS-GAP-E44E\x00'
2026-10-09 00:23:04,275 BTPWorkerThread-11407 (_rx_task) root DEBUG gap.py                    207   gap_device_found_ev_      : found '001bdc08e44e' type 224 eir b'\x0e\tPTS-GAP-E44E\x00'
2026-10-09 00:23:04,318 BTPWorkerThread-11407 (_rx_task) root DEBUG iutctl_common.py          123   read                      : Read 5 bytes
2026-10-09 00:23:04,318 BTPWorkerThread-11407 (_rx_task) root DEBUG iutctl_common.py          131   read                      : Received: hdr: Header(svc_id=0x01, op=0x81, ctrl_index=0x00, data_len=0x2a) bytearray(b'\x01\x81\x00*\x00')
2026-10-09 00:23:04,318 BTPWorkerThread-11407 (_rx_task) root DEBUG iutctl_common.py          139   read                      : Read 42 bytes data
2026-10-09 00:23:04,319 BTPWorkerThread-11407 (_rx_task) root DEBUG iutctl_common.py          154   read                      : Received data: {'e0 cd 83 06 dc 1b 00 ac 03 1f 00 1e 09 41 32 44 50 20 53 6f 75 72 63 65 20 30 30 3a 31 42 3a 44 43 3a 30 36 3a 38 33 3a 43 44'}, bytearray(b'\xe0\xcd\x83\x06\xdc\x1b\x00\xac\x03\x1f\x00\x1e\tA2DP Source 00:1B:DC:06:83:CD')
2026-10-09 00:23:04,319 BTPWorkerThread-11407 (_rx_task) root DEBUG btp.py                    736   event_handler             : Header(svc_id=1, op=129, ctrl_index=0, data_len=42) (b'\xe0\xcd\x83\x06\xdc\x1b\x00\xac\x03\x1f\x00\x1e\tA2DP Source 00:1B:DC:06:83:CD',)
2026-10-09 00:23:04,319 BTPWorkerThread-11407 (_rx_task) root DEBUG gap.py                    193   gap_device_found_ev_      : b'\xe0\xcd\x83\x06\xdc\x1b\x00\xac\x03\x1f\x00\x1e\tA2DP Source 00:1B:DC:06:83:CD'
2026-10-09 00:23:04,319 BTPWorkerThread-11407 (_rx_task) root DEBUG gap.py                    207   gap_device_found_ev_      : found '001bdc0683cd' type 224 eir b'\x1e\tA2DP Source 00:1B:DC:06:83:CD'
2026-10-09 00:23:04,351 BTPWorkerThread-11407 (_rx_task) root DEBUG iutctl_common.py          123   read                      : Read 5 bytes
2026-10-09 00:23:04,351 BTPWorkerThread-11407 (_rx_task) root DEBUG iutctl_common.py          131   read                      : Received: hdr: Header(svc_id=0x01, op=0x81, ctrl_index=0x00, data_len=0x26) bytearray(b'\x01\x81\x00&\x00')
2026-10-09 00:23:04,352 BTPWorkerThread-11407 (_rx_task) root DEBUG iutctl_common.py          139   read                      : Read 11 bytes data
2026-10-09 00:23:04,362 BTPWorkerThread-11407 (_rx_task) root DEBUG iutctl_common.py          139   read                      : Read 27 bytes data
2026-10-09 00:23:04,362 BTPWorkerThread-11407 (_rx_task) root DEBUG iutctl_common.py          154   read                      : Received data: {'e0 53 00 4c 17 e5 44 af 03 1b 00 09 09 4e 58 4c 36 36 35 32 38 02 0a 0c 0d 03 0c 11 0a 11 0b 11 0e 11 1f 11 1e 11'}, bytearray(b'\xe0S\x00L\x17\xe5D\xaf\x03\x1b\x00\t\tNXL66528\x02\n\x0c\r\x03\x0c\x11\n\x11\x0b\x11\x0e\x11\x1f\x11\x1e\x11')
2026-10-09 00:23:04,362 BTPWorkerThread-11407 (_rx_task) root DEBUG btp.py                    736   event_handler             : Header(svc_id=1, op=129, ctrl_index=0, data_len=38) (b'\xe0S\x00L\x17\xe5D\xaf\x03\x1b\x00\t\tNXL66528\x02\n\x0c\r\x03\x0c\x11\n\x11\x0b\x11\x0e\x11\x1f\x11\x1e\x11',)
2026-10-09 00:23:04,362 BTPWorkerThread-11407 (_rx_task) root DEBUG gap.py                    193   gap_device_found_ev_      : b'\xe0S\x00L\x17\xe5D\xaf\x03\x1b\x00\t\tNXL66528\x02\n\x0c\r\x03\x0c\x11\n\x11\x0b\x11\x0e\x11\x1f\x11\x1e\x11'
2026-10-09 00:23:04,363 BTPWorkerThread-11407 (_rx_task) root DEBUG gap.py                    207   gap_device_found_ev_      : found '44e5174c0053' type 224 eir b'\t\tNXL66528\x02\n\x0c\r\x03\x0c\x11\n\x11\x0b\x11\x0e\x11\x1f\x11\x1e\x11'
2026-10-09 00:23:04,425 BTPWorkerThread-11407 (_rx_task) root DEBUG iutctl_common.py          123   read                      : Read 5 bytes
2026-10-09 00:23:04,425 BTPWorkerThread-11407 (_rx_task) root DEBUG iutctl_common.py          131   read                      : Received: hdr: Header(svc_id=0x01, op=0x81, ctrl_index=0x00, data_len=0x1a) bytearray(b'\x01\x81\x00\x1a\x00')
2026-10-09 00:23:04,425 BTPWorkerThread-11407 (_rx_task) root DEBUG iutctl_common.py          139   read                      : Read 26 bytes data
2026-10-09 00:23:04,426 BTPWorkerThread-11407 (_rx_task) root DEBUG iutctl_common.py          154   read                      : Received data: {'e0 4e e4 08 dc 1b 00 cd 03 0f 00 0e 09 50 54 53 2d 47 41 50 2d 45 34 34 45 00'}, bytearray(b'\xe0N\xe4\x08\xdc\x1b\x00\xcd\x03\x0f\x00\x0e\tPTS-GAP-E44E\x00')
2026-10-09 00:23:04,426 BTPWorkerThread-11407 (_rx_task) root DEBUG btp.py                    736   event_handler             : Header(svc_id=1, op=129, ctrl_index=0, data_len=26) (b'\xe0N\xe4\x08\xdc\x1b\x00\xcd\x03\x0f\x00\x0e\tPTS-GAP-E44E\x00',)
2026-10-09 00:23:04,426 BTPWorkerThread-11407 (_rx_task) root DEBUG gap.py                    193   gap_device_found_ev_      : b'\xe0N\xe4\x08\xdc\x1b\x00\xcd\x03\x0f\x00\x0e\tPTS-GAP-E44E\x00'
2026-10-09 00:23:04,426 BTPWorkerThread-11407 (_rx_task) root DEBUG gap.py                    207   gap_device_found_ev_      : found '001bdc08e44e' type 224 eir b'\x0e\tPTS-GAP-E44E\x00'
2026-10-09 00:23:04,436 BTPWorkerThread-11407 (_rx_task) root DEBUG iutctl_common.py          123   read                      : Read 5 bytes
2026-10-09 00:23:04,436 BTPWorkerThread-11407 (_rx_task) root DEBUG iutctl_common.py          131   read                      : Received: hdr: Header(svc_id=0x01, op=0x81, ctrl_index=0x00, data_len=0x26) bytearray(b'\x01\x81\x00&\x00')
2026-10-09 00:23:04,437 BTPWorkerThread-11407 (_rx_task) root DEBUG iutctl_common.py          139   read                      : Read 38 bytes data
2026-10-09 00:23:04,437 BTPWorkerThread-11407 (_rx_task) root DEBUG iutctl_common.py          154   read                      : Received data: {'e0 53 00 4c 17 e5 44 a8 03 1b 00 09 09 4e 58 4c 36 36 35 32 38 02 0a 0c 0d 03 0c 11 0a 11 0b 11 0e 11 1f 11 1e 11'}, bytearray(b'\xe0S\x00L\x17\xe5D\xa8\x03\x1b\x00\t\tNXL66528\x02\n\x0c\r\x03\x0c\x11\n\x11\x0b\x11\x0e\x11\x1f\x11\x1e\x11')
2026-10-09 00:23:04,437 BTPWorkerThread-11407 (_rx_task) root DEBUG btp.py                    736   event_handler             : Header(svc_id=1, op=129, ctrl_index=0, data_len=38) (b'\xe0S\x00L\x17\xe5D\xa8\x03\x1b\x00\t\tNXL66528\x02\n\x0c\r\x03\x0c\x11\n\x11\x0b\x11\x0e\x11\x1f\x11\x1e\x11',)
2026-10-09 00:23:04,437 BTPWorkerThread-11407 (_rx_task) root DEBUG gap.py                    193   gap_device_found_ev_      : b'\xe0S\x00L\x17\xe5D\xa8\x03\x1b\x00\t\tNXL66528\x02\n\x0c\r\x03\x0c\x11\n\x11\x0b\x11\x0e\x11\x1f\x11\x1e\x11'
2026-10-09 00:23:04,437 BTPWorkerThread-11407 (_rx_task) root DEBUG gap.py                    207   gap_device_found_ev_      : found '44e5174c0053' type 224 eir b'\t\tNXL66528\x02\n\x0c\r\x03\x0c\x11\n\x11\x0b\x11\x0e\x11\x1f\x11\x1e\x11'
2026-10-09 00:23:04,831 BTPWorkerThread-11407 (_rx_task) root DEBUG iutctl_common.py          123   read                      : Read 5 bytes
2026-10-09 00:23:04,832 BTPWorkerThread-11407 (_rx_task) root DEBUG iutctl_common.py          131   read                      : Received: hdr: Header(svc_id=0x01, op=0x81, ctrl_index=0x00, data_len=0x26) bytearray(b'\x01\x81\x00&\x00')
2026-10-09 00:23:04,832 BTPWorkerThread-11407 (_rx_task) root DEBUG iutctl_common.py          139   read                      : Read 7 bytes data
2026-10-09 00:23:04,843 BTPWorkerThread-11407 (_rx_task) root DEBUG iutctl_common.py          139   read                      : Read 31 bytes data
2026-10-09 00:23:04,843 BTPWorkerThread-11407 (_rx_task) root DEBUG iutctl_common.py          154   read                      : Received data: {'e0 53 00 4c 17 e5 44 a7 03 1b 00 09 09 4e 58 4c 36 36 35 32 38 02 0a 0c 0d 03 0c 11 0a 11 0b 11 0e 11 1f 11 1e 11'}, bytearray(b'\xe0S\x00L\x17\xe5D\xa7\x03\x1b\x00\t\tNXL66528\x02\n\x0c\r\x03\x0c\x11\n\x11\x0b\x11\x0e\x11\x1f\x11\x1e\x11')
2026-10-09 00:23:04,844 BTPWorkerThread-11407 (_rx_task) root DEBUG btp.py                    736   event_handler             : Header(svc_id=1, op=129, ctrl_index=0, data_len=38) (b'\xe0S\x00L\x17\xe5D\xa7\x03\x1b\x00\t\tNXL66528\x02\n\x0c\r\x03\x0c\x11\n\x11\x0b\x11\x0e\x11\x1f\x11\x1e\x11',)
2026-10-09 00:23:04,844 BTPWorkerThread-11407 (_rx_task) root DEBUG gap.py                    193   gap_device_found_ev_      : b'\xe0S\x00L\x17\xe5D\xa7\x03\x1b\x00\t\tNXL66528\x02\n\x0c\r\x03\x0c\x11\n\x11\x0b\x11\x0e\x11\x1f\x11\x1e\x11'
2026-10-09 00:23:04,844 BTPWorkerThread-11407 (_rx_task) root DEBUG gap.py                    207   gap_device_found_ev_      : found '44e5174c0053' type 224 eir b'\t\tNXL66528\x02\n\x0c\r\x03\x0c\x11\n\x11\x0b\x11\x0e\x11\x1f\x11\x1e\x11'
2026-10-09 00:23:04,844 BTPWorkerThread-11407 (_rx_task) root DEBUG iutctl_common.py          123   read                      : Read 5 bytes
2026-10-09 00:23:04,844 BTPWorkerThread-11407 (_rx_task) root DEBUG iutctl_common.py          131   read                      : Received: hdr: Header(svc_id=0x01, op=0x81, ctrl_index=0x00, data_len=0x1a) bytearray(b'\x01\x81\x00\x1a\x00')
2026-10-09 00:23:04,844 BTPWorkerThread-11407 (_rx_task) root DEBUG iutctl_common.py          139   read                      : Read 26 bytes data
2026-10-09 00:23:04,845 BTPWorkerThread-11407 (_rx_task) root DEBUG iutctl_common.py          154   read                      : Received data: {'e0 4e e4 08 dc 1b 00 ce 03 0f 00 0e 09 50 54 53 2d 47 41 50 2d 45 34 34 45 00'}, bytearray(b'\xe0N\xe4\x08\xdc\x1b\x00\xce\x03\x0f\x00\x0e\tPTS-GAP-E44E\x00')
2026-10-09 00:23:04,845 BTPWorkerThread-11407 (_rx_task) root DEBUG btp.py                    736   event_handler             : Header(svc_id=1, op=129, ctrl_index=0, data_len=26) (b'\xe0N\xe4\x08\xdc\x1b\x00\xce\x03\x0f\x00\x0e\tPTS-GAP-E44E\x00',)
2026-10-09 00:23:04,845 BTPWorkerThread-11407 (_rx_task) root DEBUG gap.py                    193   gap_device_found_ev_      : b'\xe0N\xe4\x08\xdc\x1b\x00\xce\x03\x0f\x00\x0e\tPTS-GAP-E44E\x00'
2026-10-09 00:23:04,845 BTPWorkerThread-11407 (_rx_task) root DEBUG gap.py                    207   gap_device_found_ev_      : found '001bdc08e44e' type 224 eir b'\x0e\tPTS-GAP-E44E\x00'
2026-10-09 00:23:04,853 BTPWorkerThread-11407 (_rx_task) root DEBUG iutctl_common.py          123   read                      : Read 5 bytes
2026-10-09 00:23:04,853 BTPWorkerThread-11407 (_rx_task) root DEBUG iutctl_common.py          131   read                      : Received: hdr: Header(svc_id=0x01, op=0x81, ctrl_index=0x00, data_len=0x1a) bytearray(b'\x01\x81\x00\x1a\x00')
2026-10-09 00:23:04,854 BTPWorkerThread-11407 (_rx_task) root DEBUG iutctl_common.py          139   read                      : Read 26 bytes data
2026-10-09 00:23:04,854 BTPWorkerThread-11407 (_rx_task) root DEBUG iutctl_common.py          154   read                      : Received data: {'e0 4e e4 08 dc 1b 00 cb 03 0f 00 0e 09 50 54 53 2d 47 41 50 2d 45 34 34 45 00'}, bytearray(b'\xe0N\xe4\x08\xdc\x1b\x00\xcb\x03\x0f\x00\x0e\tPTS-GAP-E44E\x00')
2026-10-09 00:23:04,854 BTPWorkerThread-11407 (_rx_task) root DEBUG btp.py                    736   event_handler             : Header(svc_id=1, op=129, ctrl_index=0, data_len=26) (b'\xe0N\xe4\x08\xdc\x1b\x00\xcb\x03\x0f\x00\x0e\tPTS-GAP-E44E\x00',)
2026-10-09 00:23:04,854 BTPWorkerThread-11407 (_rx_task) root DEBUG gap.py                    193   gap_device_found_ev_      : b'\xe0N\xe4\x08\xdc\x1b\x00\xcb\x03\x0f\x00\x0e\tPTS-GAP-E44E\x00'
2026-10-09 00:23:04,854 BTPWorkerThread-11407 (_rx_task) root DEBUG gap.py                    207   gap_device_found_ev_      : found '001bdc08e44e' type 224 eir b'\x0e\tPTS-GAP-E44E\x00'
2026-10-09 00:23:04,959 BTPWorkerThread-11407 (_rx_task) root DEBUG iutctl_common.py          123   read                      : Read 5 bytes
2026-10-09 00:23:04,959 BTPWorkerThread-11407 (_rx_task) root DEBUG iutctl_common.py          131   read                      : Received: hdr: Header(svc_id=0x01, op=0x81, ctrl_index=0x00, data_len=0x2a) bytearray(b'\x01\x81\x00*\x00')
2026-10-09 00:23:04,959 BTPWorkerThread-11407 (_rx_task) root DEBUG iutctl_common.py          139   read                      : Read 42 bytes data
2026-10-09 00:23:04,960 BTPWorkerThread-11407 (_rx_task) root DEBUG iutctl_common.py          154   read                      : Received data: {'e0 cd 83 06 dc 1b 00 ad 03 1f 00 1e 09 41 32 44 50 20 53 6f 75 72 63 65 20 30 30 3a 31 42 3a 44 43 3a 30 36 3a 38 33 3a 43 44'}, bytearray(b'\xe0\xcd\x83\x06\xdc\x1b\x00\xad\x03\x1f\x00\x1e\tA2DP Source 00:1B:DC:06:83:CD')
2026-10-09 00:23:04,960 BTPWorkerThread-11407 (_rx_task) root DEBUG btp.py                    736   event_handler             : Header(svc_id=1, op=129, ctrl_index=0, data_len=42) (b'\xe0\xcd\x83\x06\xdc\x1b\x00\xad\x03\x1f\x00\x1e\tA2DP Source 00:1B:DC:06:83:CD',)
2026-10-09 00:23:04,960 BTPWorkerThread-11407 (_rx_task) root DEBUG gap.py                    193   gap_device_found_ev_      : b'\xe0\xcd\x83\x06\xdc\x1b\x00\xad\x03\x1f\x00\x1e\tA2DP Source 00:1B:DC:06:83:CD'
2026-10-09 00:23:04,960 BTPWorkerThread-11407 (_rx_task) root DEBUG gap.py                    207   gap_device_found_ev_      : found '001bdc0683cd' type 224 eir b'\x1e\tA2DP Source 00:1B:DC:06:83:CD'
2026-10-09 00:23:04,981 BTPWorkerThread-11407 (_rx_task) root DEBUG iutctl_common.py          123   read                      : Read 5 bytes
2026-10-09 00:23:04,981 BTPWorkerThread-11407 (_rx_task) root DEBUG iutctl_common.py          131   read                      : Received: hdr: Header(svc_id=0x01, op=0x81, ctrl_index=0x00, data_len=0x2a) bytearray(b'\x01\x81\x00*\x00')
2026-10-09 00:23:04,982 BTPWorkerThread-11407 (_rx_task) root DEBUG iutctl_common.py          139   read                      : Read 42 bytes data
2026-10-09 00:23:04,982 BTPWorkerThread-11407 (_rx_task) root DEBUG iutctl_common.py          154   read                      : Received data: {'e0 cd 83 06 dc 1b 00 af 03 1f 00 1e 09 41 32 44 50 20 53 6f 75 72 63 65 20 30 30 3a 31 42 3a 44 43 3a 30 36 3a 38 33 3a 43 44'}, bytearray(b'\xe0\xcd\x83\x06\xdc\x1b\x00\xaf\x03\x1f\x00\x1e\tA2DP Source 00:1B:DC:06:83:CD')
2026-10-09 00:23:04,982 BTPWorkerThread-11407 (_rx_task) root DEBUG btp.py                    736   event_handler             : Header(svc_id=1, op=129, ctrl_index=0, data_len=42) (b'\xe0\xcd\x83\x06\xdc\x1b\x00\xaf\x03\x1f\x00\x1e\tA2DP Source 00:1B:DC:06:83:CD',)
2026-10-09 00:23:04,982 BTPWorkerThread-11407 (_rx_task) root DEBUG gap.py                    193   gap_device_found_ev_      : b'\xe0\xcd\x83\x06\xdc\x1b\x00\xaf\x03\x1f\x00\x1e\tA2DP Source 00:1B:DC:06:83:CD'
2026-10-09 00:23:04,982 BTPWorkerThread-11407 (_rx_task) root DEBUG gap.py                    207   gap_device_found_ev_      : found '001bdc0683cd' type 224 eir b'\x1e\tA2DP Source 00:1B:DC:06:83:CD'
2026-10-09 00:23:05,077 BTPWorkerThread-11407 (_rx_task) root DEBUG iutctl_common.py          123   read                      : Read 5 bytes
2026-10-09 00:23:05,077 BTPWorkerThread-11407 (_rx_task) root DEBUG iutctl_common.py          131   read                      : Received: hdr: Header(svc_id=0x01, op=0x81, ctrl_index=0x00, data_len=0x26) bytearray(b'\x01\x81\x00&\x00')
2026-10-09 00:23:05,077 BTPWorkerThread-11407 (_rx_task) root DEBUG iutctl_common.py          139   read                      : Read 38 bytes data
2026-10-09 00:23:05,077 BTPWorkerThread-11407 (_rx_task) root DEBUG iutctl_common.py          154   read                      : Received data: {'e0 53 00 4c 17 e5 44 ae 03 1b 00 09 09 4e 58 4c 36 36 35 32 38 02 0a 0c 0d 03 0c 11 0a 11 0b 11 0e 11 1f 11 1e 11'}, bytearray(b'\xe0S\x00L\x17\xe5D\xae\x03\x1b\x00\t\tNXL66528\x02\n\x0c\r\x03\x0c\x11\n\x11\x0b\x11\x0e\x11\x1f\x11\x1e\x11')
2026-10-09 00:23:05,077 BTPWorkerThread-11407 (_rx_task) root DEBUG btp.py                    736   event_handler             : Header(svc_id=1, op=129, ctrl_index=0, data_len=38) (b'\xe0S\x00L\x17\xe5D\xae\x03\x1b\x00\t\tNXL66528\x02\n\x0c\r\x03\x0c\x11\n\x11\x0b\x11\x0e\x11\x1f\x11\x1e\x11',)
2026-10-09 00:23:05,078 BTPWorkerThread-11407 (_rx_task) root DEBUG gap.py                    193   gap_device_found_ev_      : b'\xe0S\x00L\x17\xe5D\xae\x03\x1b\x00\t\tNXL66528\x02\n\x0c\r\x03\x0c\x11\n\x11\x0b\x11\x0e\x11\x1f\x11\x1e\x11'
2026-10-09 00:23:05,078 BTPWorkerThread-11407 (_rx_task) root DEBUG gap.py                    207   gap_device_found_ev_      : found '44e5174c0053' type 224 eir b'\t\tNXL66528\x02\n\x0c\r\x03\x0c\x11\n\x11\x0b\x11\x0e\x11\x1f\x11\x1e\x11'
2026-10-09 00:23:05,226 BTPWorkerThread-11407 (_rx_task) root DEBUG iutctl_common.py          123   read                      : Read 5 bytes
2026-10-09 00:23:05,226 BTPWorkerThread-11407 (_rx_task) root DEBUG iutctl_common.py          131   read                      : Received: hdr: Header(svc_id=0x01, op=0x81, ctrl_index=0x00, data_len=0x2a) bytearray(b'\x01\x81\x00*\x00')
2026-10-09 00:23:05,226 BTPWorkerThread-11407 (_rx_task) root DEBUG iutctl_common.py          139   read                      : Read 42 bytes data
2026-10-09 00:23:05,226 BTPWorkerThread-11407 (_rx_task) root DEBUG iutctl_common.py          154   read                      : Received data: {'e0 cd 83 06 dc 1b 00 ab 03 1f 00 1e 09 41 32 44 50 20 53 6f 75 72 63 65 20 30 30 3a 31 42 3a 44 43 3a 30 36 3a 38 33 3a 43 44'}, bytearray(b'\xe0\xcd\x83\x06\xdc\x1b\x00\xab\x03\x1f\x00\x1e\tA2DP Source 00:1B:DC:06:83:CD')
2026-10-09 00:23:05,226 BTPWorkerThread-11407 (_rx_task) root DEBUG btp.py                    736   event_handler             : Header(svc_id=1, op=129, ctrl_index=0, data_len=42) (b'\xe0\xcd\x83\x06\xdc\x1b\x00\xab\x03\x1f\x00\x1e\tA2DP Source 00:1B:DC:06:83:CD',)
2026-10-09 00:23:05,226 BTPWorkerThread-11407 (_rx_task) root DEBUG gap.py                    193   gap_device_found_ev_      : b'\xe0\xcd\x83\x06\xdc\x1b\x00\xab\x03\x1f\x00\x1e\tA2DP Source 00:1B:DC:06:83:CD'
2026-10-09 00:23:05,227 BTPWorkerThread-11407 (_rx_task) root DEBUG gap.py                    207   gap_device_found_ev_      : found '001bdc0683cd' type 224 eir b'\x1e\tA2DP Source 00:1B:DC:06:83:CD'
2026-10-09 00:23:05,247 BTPWorkerThread-11407 (_rx_task) root DEBUG iutctl_common.py          123   read                      : Read 5 bytes
2026-10-09 00:23:05,247 BTPWorkerThread-11407 (_rx_task) root DEBUG iutctl_common.py          131   read                      : Received: hdr: Header(svc_id=0x01, op=0x81, ctrl_index=0x00, data_len=0x1a) bytearray(b'\x01\x81\x00\x1a\x00')
2026-10-09 00:23:05,247 BTPWorkerThread-11407 (_rx_task) root DEBUG iutctl_common.py          139   read                      : Read 26 bytes data
2026-10-09 00:23:05,248 BTPWorkerThread-11407 (_rx_task) root DEBUG iutctl_common.py          154   read                      : Received data: {'e0 4e e4 08 dc 1b 00 cf 03 0f 00 0e 09 50 54 53 2d 47 41 50 2d 45 34 34 45 00'}, bytearray(b'\xe0N\xe4\x08\xdc\x1b\x00\xcf\x03\x0f\x00\x0e\tPTS-GAP-E44E\x00')
2026-10-09 00:23:05,248 BTPWorkerThread-11407 (_rx_task) root DEBUG btp.py                    736   event_handler             : Header(svc_id=1, op=129, ctrl_index=0, data_len=26) (b'\xe0N\xe4\x08\xdc\x1b\x00\xcf\x03\x0f\x00\x0e\tPTS-GAP-E44E\x00',)
2026-10-09 00:23:05,248 BTPWorkerThread-11407 (_rx_task) root DEBUG gap.py                    193   gap_device_found_ev_      : b'\xe0N\xe4\x08\xdc\x1b\x00\xcf\x03\x0f\x00\x0e\tPTS-GAP-E44E\x00'
2026-10-09 00:23:05,248 BTPWorkerThread-11407 (_rx_task) root DEBUG gap.py                    207   gap_device_found_ev_      : found '001bdc08e44e' type 224 eir b'\x0e\tPTS-GAP-E44E\x00'
2026-10-09 00:23:05,353 BTPWorkerThread-11407 (_rx_task) root DEBUG iutctl_common.py          123   read                      : Read 5 bytes
2026-10-09 00:23:05,353 BTPWorkerThread-11407 (_rx_task) root DEBUG iutctl_common.py          131   read                      : Received: hdr: Header(svc_id=0x01, op=0x81, ctrl_index=0x00, data_len=0x1a) bytearray(b'\x01\x81\x00\x1a\x00')
2026-10-09 00:23:05,353 BTPWorkerThread-11407 (_rx_task) root DEBUG iutctl_common.py          139   read                      : Read 26 bytes data
2026-10-09 00:23:05,354 BTPWorkerThread-11407 (_rx_task) root DEBUG iutctl_common.py          154   read                      : Received data: {'e0 4e e4 08 dc 1b 00 cf 03 0f 00 0e 09 50 54 53 2d 47 41 50 2d 45 34 34 45 00'}, bytearray(b'\xe0N\xe4\x08\xdc\x1b\x00\xcf\x03\x0f\x00\x0e\tPTS-GAP-E44E\x00')
2026-10-09 00:23:05,354 BTPWorkerThread-11407 (_rx_task) root DEBUG btp.py                    736   event_handler             : Header(svc_id=1, op=129, ctrl_index=0, data_len=26) (b'\xe0N\xe4\x08\xdc\x1b\x00\xcf\x03\x0f\x00\x0e\tPTS-GAP-E44E\x00',)
2026-10-09 00:23:05,354 BTPWorkerThread-11407 (_rx_task) root DEBUG gap.py                    193   gap_device_found_ev_      : b'\xe0N\xe4\x08\xdc\x1b\x00\xcf\x03\x0f\x00\x0e\tPTS-GAP-E44E\x00'
2026-10-09 00:23:05,354 BTPWorkerThread-11407 (_rx_task) root DEBUG gap.py                    207   gap_device_found_ev_      : found '001bdc08e44e' type 224 eir b'\x0e\tPTS-GAP-E44E\x00'
2026-10-09 00:23:05,747 BTPWorkerThread-11407 (_rx_task) root DEBUG iutctl_common.py          123   read                      : Read 5 bytes
2026-10-09 00:23:05,747 BTPWorkerThread-11407 (_rx_task) root DEBUG iutctl_common.py          131   read                      : Received: hdr: Header(svc_id=0x01, op=0x81, ctrl_index=0x00, data_len=0x2a) bytearray(b'\x01\x81\x00*\x00')
2026-10-09 00:23:05,747 BTPWorkerThread-11407 (_rx_task) root DEBUG iutctl_common.py          139   read                      : Read 42 bytes data
2026-10-09 00:23:05,749 BTPWorkerThread-11407 (_rx_task) root DEBUG iutctl_common.py          154   read                      : Received data: {'e0 cd 83 06 dc 1b 00 ad 03 1f 00 1e 09 41 32 44 50 20 53 6f 75 72 63 65 20 30 30 3a 31 42 3a 44 43 3a 30 36 3a 38 33 3a 43 44'}, bytearray(b'\xe0\xcd\x83\x06\xdc\x1b\x00\xad\x03\x1f\x00\x1e\tA2DP Source 00:1B:DC:06:83:CD')
2026-10-09 00:23:05,749 BTPWorkerThread-11407 (_rx_task) root DEBUG btp.py                    736   event_handler             : Header(svc_id=1, op=129, ctrl_index=0, data_len=42) (b'\xe0\xcd\x83\x06\xdc\x1b\x00\xad\x03\x1f\x00\x1e\tA2DP Source 00:1B:DC:06:83:CD',)
2026-10-09 00:23:05,749 BTPWorkerThread-11407 (_rx_task) root DEBUG gap.py                    193   gap_device_found_ev_      : b'\xe0\xcd\x83\x06\xdc\x1b\x00\xad\x03\x1f\x00\x1e\tA2DP Source 00:1B:DC:06:83:CD'
2026-10-09 00:23:05,749 BTPWorkerThread-11407 (_rx_task) root DEBUG gap.py                    207   gap_device_found_ev_      : found '001bdc0683cd' type 224 eir b'\x1e\tA2DP Source 00:1B:DC:06:83:CD'
2026-10-09 00:23:05,941 BTPWorkerThread-11407 (_rx_task) root DEBUG iutctl_common.py          123   read                      : Read 5 bytes
2026-10-09 00:23:05,941 BTPWorkerThread-11407 (_rx_task) root DEBUG iutctl_common.py          131   read                      : Received: hdr: Header(svc_id=0x01, op=0x81, ctrl_index=0x00, data_len=0x1a) bytearray(b'\x01\x81\x00\x1a\x00')
2026-10-09 00:23:05,942 BTPWorkerThread-11407 (_rx_task) root DEBUG iutctl_common.py          139   read                      : Read 26 bytes data
2026-10-09 00:23:05,942 BTPWorkerThread-11407 (_rx_task) root DEBUG iutctl_common.py          154   read                      : Received data: {'e0 4e e4 08 dc 1b 00 cd 03 0f 00 0e 09 50 54 53 2d 47 41 50 2d 45 34 34 45 00'}, bytearray(b'\xe0N\xe4\x08\xdc\x1b\x00\xcd\x03\x0f\x00\x0e\tPTS-GAP-E44E\x00')
2026-10-09 00:23:05,942 BTPWorkerThread-11407 (_rx_task) root DEBUG btp.py                    736   event_handler             : Header(svc_id=1, op=129, ctrl_index=0, data_len=26) (b'\xe0N\xe4\x08\xdc\x1b\x00\xcd\x03\x0f\x00\x0e\tPTS-GAP-E44E\x00',)
2026-10-09 00:23:05,942 BTPWorkerThread-11407 (_rx_task) root DEBUG gap.py                    193   gap_device_found_ev_      : b'\xe0N\xe4\x08\xdc\x1b\x00\xcd\x03\x0f\x00\x0e\tPTS-GAP-E44E\x00'
2026-10-09 00:23:05,942 BTPWorkerThread-11407 (_rx_task) root DEBUG gap.py                    207   gap_device_found_ev_      : found '001bdc08e44e' type 224 eir b'\x0e\tPTS-GAP-E44E\x00'
2026-10-09 00:23:06,334 BTPWorkerThread-11407 (_rx_task) root DEBUG iutctl_common.py          123   read                      : Read 5 bytes
2026-10-09 00:23:06,334 BTPWorkerThread-11407 (_rx_task) root DEBUG iutctl_common.py          131   read                      : Received: hdr: Header(svc_id=0x01, op=0x81, ctrl_index=0x00, data_len=0x1a) bytearray(b'\x01\x81\x00\x1a\x00')
2026-10-09 00:23:06,334 BTPWorkerThread-11407 (_rx_task) root DEBUG iutctl_common.py          139   read                      : Read 26 bytes data
2026-10-09 00:23:06,335 BTPWorkerThread-11407 (_rx_task) root DEBUG iutctl_common.py          154   read                      : Received data: {'e0 4e e4 08 dc 1b 00 cd 03 0f 00 0e 09 50 54 53 2d 47 41 50 2d 45 34 34 45 00'}, bytearray(b'\xe0N\xe4\x08\xdc\x1b\x00\xcd\x03\x0f\x00\x0e\tPTS-GAP-E44E\x00')
2026-10-09 00:23:06,335 BTPWorkerThread-11407 (_rx_task) root DEBUG btp.py                    736   event_handler             : Header(svc_id=1, op=129, ctrl_index=0, data_len=26) (b'\xe0N\xe4\x08\xdc\x1b\x00\xcd\x03\x0f\x00\x0e\tPTS-GAP-E44E\x00',)
2026-10-09 00:23:06,335 BTPWorkerThread-11407 (_rx_task) root DEBUG gap.py                    193   gap_device_found_ev_      : b'\xe0N\xe4\x08\xdc\x1b\x00\xcd\x03\x0f\x00\x0e\tPTS-GAP-E44E\x00'
2026-10-09 00:23:06,335 BTPWorkerThread-11407 (_rx_task) root DEBUG gap.py                    207   gap_device_found_ev_      : found '001bdc08e44e' type 224 eir b'\x0e\tPTS-GAP-E44E\x00'
2026-10-09 00:23:06,390 LT1-thread root DEBUG gap.py                    1150  gap_stop_discovery        : 
2026-10-09 00:23:06,390 LT1-thread root DEBUG iutctl_common.py          161   send                      : 1 13 0 ''
2026-10-09 00:23:06,390 LT1-thread root DEBUG iutctl_common.py          166   send                      : sending frame '010d000000'
2026-10-09 00:23:06,390 LT1-thread root DEBUG gap.py                    1229  gap_command_rsp_succ      : 
2026-10-09 00:23:06,390 LT1-thread root DEBUG iutctl_common.py          339   read                      : 
2026-10-09 00:23:06,431 BTPWorkerThread-11407 (_rx_task) root DEBUG iutctl_common.py          123   read                      : Read 5 bytes
2026-10-09 00:23:06,436 BTPWorkerThread-11407 (_rx_task) root DEBUG iutctl_common.py          131   read                      : Received: hdr: Header(svc_id=0x01, op=0x0d, ctrl_index=0x00, data_len=0x00) bytearray(b'\x01\r\x00\x00\x00')
2026-10-09 00:23:06,436 BTPWorkerThread-11407 (_rx_task) root DEBUG iutctl_common.py          154   read                      : Received data: {''}, bytearray(b'')
2026-10-09 00:23:06,436 LT1-thread root DEBUG gap.py                    1234  gap_command_rsp_succ      : received Header(svc_id=1, op=13, ctrl_index=0, data_len=0) (b'',)
2026-10-09 00:23:06,436 LT1-thread root DEBUG gap.py                    1510  check_discovery_results   : 224 '001bdc08e44e' True None
2026-10-09 00:23:06,437 LT1-thread root DEBUG gap.py                    1519  check_discovery_results   : matching LeAdv(addr_type=224, addr='44e5174c0053', rssi=168, flags=3, eir=b'\t\tNXL66528\x02\n\x0c\r\x03\x0c\x11\n\x11\x0b\x11\x0e\x11\x1f\x11\x1e\x11')
2026-10-09 00:23:06,437 LT1-thread root DEBUG gap.py                    1519  check_discovery_results   : matching LeAdv(addr_type=224, addr='44e5174c0053', rssi=175, flags=3, eir=b'\t\tNXL66528\x02\n\x0c\r\x03\x0c\x11\n\x11\x0b\x11\x0e\x11\x1f\x11\x1e\x11')
2026-10-09 00:23:06,437 LT1-thread root DEBUG gap.py                    1519  check_discovery_results   : matching LeAdv(addr_type=224, addr='44e5174c0053', rssi=174, flags=3, eir=b'\t\tNXL66528\x02\n\x0c\r\x03\x0c\x11\n\x11\x0b\x11\x0e\x11\x1f\x11\x1e\x11')
2026-10-09 00:23:06,437 LT1-thread root DEBUG gap.py                    1519  check_discovery_results   : matching LeAdv(addr_type=224, addr='44e5174c0053', rssi=174, flags=3, eir=b'\t\tNXL66528\x02\n\x0c\r\x03\x0c\x11\n\x11\x0b\x11\x0e\x11\x1f\x11\x1e\x11')
2026-10-09 00:23:06,437 LT1-thread root DEBUG gap.py                    1519  check_discovery_results   : matching LeAdv(addr_type=224, addr='44e5174c0053', rssi=174, flags=3, eir=b'\t\tNXL66528\x02\n\x0c\r\x03\x0c\x11\n\x11\x0b\x11\x0e\x11\x1f\x11\x1e\x11')
2026-10-09 00:23:06,437 LT1-thread root DEBUG gap.py                    1519  check_discovery_results   : matching LeAdv(addr_type=224, addr='001bdc08e44e', rssi=207, flags=3, eir=b'\x0e\tPTS-GAP-E44E\x00')
2026-10-09 00:23:06,437 LT1-thread root DEBUG gap.py                    762   gap_connect               : None 224
2026-10-09 00:23:06,437 LT1-thread root DEBUG iutctl_common.py          161   send                      : 1 14 0 "bytearray(b'\\xe0N\\xe4\\x08\\xdc\\x1b\\x00\\x00')"
2026-10-09 00:23:06,437 LT1-thread root DEBUG iutctl_common.py          166   send                      : sending frame '010e000800e04ee408dc1b0000'
2026-10-09 00:23:06,437 LT1-thread root DEBUG iutctl_common.py          339   read                      : 
2026-10-09 00:23:06,468 BTPWorkerThread-11407 (_rx_task) root DEBUG iutctl_common.py          123   read                      : Read 5 bytes
2026-10-09 00:23:06,474 BTPWorkerThread-11407 (_rx_task) root DEBUG iutctl_common.py          131   read                      : Received: hdr: Header(svc_id=0x01, op=0x0e, ctrl_index=0x00, data_len=0x00) bytearray(b'\x01\x0e\x00\x00\x00')
2026-10-09 00:23:06,474 BTPWorkerThread-11407 (_rx_task) root DEBUG iutctl_common.py          154   read                      : Received data: {''}, bytearray(b'')
2026-10-09 00:23:09,262 BTPWorkerThread-11407 (_rx_task) root DEBUG iutctl_common.py          123   read                      : Read 5 bytes
2026-10-09 00:23:09,262 BTPWorkerThread-11407 (_rx_task) root DEBUG iutctl_common.py          131   read                      : Received: hdr: Header(svc_id=0x01, op=0x82, ctrl_index=0x00, data_len=0x0d) bytearray(b'\x01\x82\x00\r\x00')
2026-10-09 00:23:09,262 BTPWorkerThread-11407 (_rx_task) root DEBUG iutctl_common.py          139   read                      : Read 2 bytes data
2026-10-09 00:23:09,273 BTPWorkerThread-11407 (_rx_task) root DEBUG iutctl_common.py          139   read                      : Read 11 bytes data
2026-10-09 00:23:09,273 BTPWorkerThread-11407 (_rx_task) root DEBUG iutctl_common.py          154   read                      : Received data: {'e0 4e e4 08 dc 1b 00 00 00 00 00 00 00'}, bytearray(b'\xe0N\xe4\x08\xdc\x1b\x00\x00\x00\x00\x00\x00\x00')
2026-10-09 00:23:09,273 BTPWorkerThread-11407 (_rx_task) root DEBUG btp.py                    736   event_handler             : Header(svc_id=1, op=130, ctrl_index=0, data_len=13) (b'\xe0N\xe4\x08\xdc\x1b\x00\x00\x00\x00\x00\x00\x00',)
2026-10-09 00:23:09,273 BTPWorkerThread-11407 (_rx_task) root DEBUG gap.py                    215   gap_connected_ev_         : b'\xe0N\xe4\x08\xdc\x1b\x00\x00\x00\x00\x00\x00\x00'
2026-10-09 00:23:09,286 LT1-thread root DEBUG gap.py                    873   gap_pair                  : None 224
2026-10-09 00:23:09,286 LT1-thread root DEBUG iutctl_common.py          161   send                      : 1 17 0 "bytearray(b'\\xe0N\\xe4\\x08\\xdc\\x1b\\x00')"
2026-10-09 00:23:09,286 LT1-thread root DEBUG iutctl_common.py          166   send                      : sending frame '0111000700e04ee408dc1b00'
2026-10-09 00:23:09,286 LT1-thread root DEBUG gap.py                    1229  gap_command_rsp_succ      : 
2026-10-09 00:23:09,288 LT1-thread root DEBUG iutctl_common.py          339   read                      : 
2026-10-09 00:23:09,322 BTPWorkerThread-11407 (_rx_task) root DEBUG iutctl_common.py          123   read                      : Read 5 bytes
2026-10-09 00:23:09,322 BTPWorkerThread-11407 (_rx_task) root DEBUG iutctl_common.py          131   read                      : Received: hdr: Header(svc_id=0x01, op=0x11, ctrl_index=0x00, data_len=0x00) bytearray(b'\x01\x11\x00\x00\x00')
2026-10-09 00:23:09,322 BTPWorkerThread-11407 (_rx_task) root DEBUG iutctl_common.py          154   read                      : Received data: {''}, bytearray(b'')
2026-10-09 00:23:09,322 LT1-thread root DEBUG gap.py                    1234  gap_command_rsp_succ      : received Header(svc_id=1, op=17, ctrl_index=0, data_len=0) (b'',)
2026-10-09 00:23:09,323 LT1-thread root DEBUG testcase.py               722   run_wid                   : Sending response 'OK' to wid 102 test case GAP/SEC/SEM/BI-33-C
2026-10-09 00:23:09,324 LT1-thread root DEBUG client.py                 276   get_result                : ClientCallback.get_result run_test_case
2026-10-09 00:23:09,327 LT1-callback ClientCallback.on_implicit_send INFO client.py                 223   on_implicit_send          : 
    ********************
    BEGIN OnImplicitSend:
    project_name: GAP
    wid: 274
    test_case_name: GAP/SEC/SEM/BI-33-C
    description: Please send L2CAP G-Frame with unicast data. Expect to perform link encryption before sending G-Frame.
    style: MMI_Style_Ok_Cancel2 0x11141
2026-10-09 00:23:09,327 LT1-callback ClientCallback.on_implicit_send INFO client.py                 236   on_implicit_send          : Calling test cases on_implicit_send
2026-10-09 00:23:09,327 LT1-callback ClientCallback.on_implicit_send INFO client.py                 249   on_implicit_send          : 
    on_implicit_send returned response: WAIT
    END OnImplicitSend
    ********************
2026-10-09 00:23:09,338 BTPWorkerThread-11407 (_rx_task) root DEBUG iutctl_common.py          123   read                      : Read 5 bytes
2026-10-09 00:23:09,338 BTPWorkerThread-11407 (_rx_task) root DEBUG iutctl_common.py          131   read                      : Received: hdr: Header(svc_id=0x01, op=0x91, ctrl_index=0x00, data_len=0x09) bytearray(b'\x01\x91\x00\t\x00')
2026-10-09 00:23:09,339 BTPWorkerThread-11407 (_rx_task) root DEBUG iutctl_common.py          139   read                      : Read 9 bytes data
2026-10-09 00:23:09,339 BTPWorkerThread-11407 (_rx_task) root DEBUG iutctl_common.py          154   read                      : Received data: {'e0 4e e4 08 dc 1b 00 01 10'}, bytearray(b'\xe0N\xe4\x08\xdc\x1b\x00\x01\x10')
2026-10-09 00:23:09,339 BTPWorkerThread-11407 (_rx_task) root DEBUG btp.py                    736   event_handler             : Header(svc_id=1, op=145, ctrl_index=0, data_len=9) (b'\xe0N\xe4\x08\xdc\x1b\x00\x01\x10',)
2026-10-09 00:23:09,339 BTPWorkerThread-11407 (_rx_task) root DEBUG gap.py                    494   gap_encryption_change_ev_ : 
2026-10-09 00:23:09,339 BTPWorkerThread-11407 (_rx_task) root DEBUG gap.py                    496   gap_encryption_change_ev_ : enc change received b'\xe0N\xe4\x08\xdc\x1b\x00\x01\x10'
2026-10-09 00:23:09,339 BTPWorkerThread-11407 (_rx_task) root DEBUG gap.py                    505   gap_encryption_change_ev_ : received (224, '001bdc08e44e', 1, 16)
2026-10-09 00:23:09,339 BTPWorkerThread-11407 (_rx_task) root DEBUG iutctl_common.py          123   read                      : Read 5 bytes
2026-10-09 00:23:09,339 BTPWorkerThread-11407 (_rx_task) root DEBUG iutctl_common.py          131   read                      : Received: hdr: Header(svc_id=0x01, op=0x89, ctrl_index=0x00, data_len=0x08) bytearray(b'\x01\x89\x00\x08\x00')
2026-10-09 00:23:09,339 BTPWorkerThread-11407 (_rx_task) root DEBUG iutctl_common.py          139   read                      : Read 8 bytes data
2026-10-09 00:23:09,340 BTPWorkerThread-11407 (_rx_task) root DEBUG iutctl_common.py          154   read                      : Received data: {'e0 4e e4 08 dc 1b 00 03'}, bytearray(b'\xe0N\xe4\x08\xdc\x1b\x00\x03')
2026-10-09 00:23:09,340 BTPWorkerThread-11407 (_rx_task) root DEBUG btp.py                    736   event_handler             : Header(svc_id=1, op=137, ctrl_index=0, data_len=8) (b'\xe0N\xe4\x08\xdc\x1b\x00\x03',)
2026-10-09 00:23:09,340 BTPWorkerThread-11407 (_rx_task) root DEBUG gap.py                    300   gap_sec_level_changed_ev_ : 
2026-10-09 00:23:09,340 BTPWorkerThread-11407 (_rx_task) root DEBUG gap.py                    302   gap_sec_level_changed_ev_ : received b'\xe0N\xe4\x08\xdc\x1b\x00\x03'
2026-10-09 00:23:09,340 BTPWorkerThread-11407 (_rx_task) root DEBUG gap.py                    313   gap_sec_level_changed_ev_ : received (224, '001bdc08e44e', 3)
2026-10-09 00:23:10,325 LT1-thread root DEBUG testcase.py               679   run_wid                   : GAP GAP/SEC/SEM/BI-33-C on_implicit_send
2026-10-09 00:23:10,325 LT1-thread root DEBUG gap_wid.py                26    gap_wid_hdl               : gap_wid_hdl, 274, Please send L2CAP G-Frame with unicast data. Expect to perform link encryption before sending G-Frame., GAP/SEC/SEM/BI-33-C
2026-10-09 00:23:10,325 LT1-thread root DEBUG testcase.py               722   run_wid                   : Sending response 'OK' to wid 274 test case GAP/SEC/SEM/BI-33-C
2026-10-09 00:23:10,327 LT1-thread root DEBUG client.py                 276   get_result                : ClientCallback.get_result run_test_case
2026-10-09 00:23:14,335 LT1-callback ClientCallback.on_implicit_send INFO client.py                 223   on_implicit_send          : 
    ********************
    BEGIN OnImplicitSend:
    project_name: GAP
    wid: 266
    test_case_name: GAP/SEC/SEM/BI-33-C
    description: Please confirm that the IUT signals to the Upper Tester that the channel establishment failure after link encryption.

Click 'Yes' If there is channel establishment failure otherwise click 'No'.
    style: MMI_Style_Yes_No1 0x11044
2026-10-09 00:23:14,335 LT1-callback ClientCallback.on_implicit_send INFO client.py                 236   on_implicit_send          : Calling test cases on_implicit_send
2026-10-09 00:23:14,335 LT1-callback ClientCallback.on_implicit_send INFO client.py                 249   on_implicit_send          : 
    on_implicit_send returned response: WAIT
    END OnImplicitSend
    ********************
2026-10-09 00:23:15,331 LT1-thread root DEBUG testcase.py               679   run_wid                   : GAP GAP/SEC/SEM/BI-33-C on_implicit_send
2026-10-09 00:23:15,331 LT1-thread root DEBUG gap_wid.py                26    gap_wid_hdl               : gap_wid_hdl, 266, Please confirm that the IUT signals to the Upper Tester that the channel establishment failure after link encryption.

Click 'Yes' If there is channel establishment failure otherwise click 'No'., GAP/SEC/SEM/BI-33-C
2026-10-09 00:23:45,332 EventTimerThread-11436 root ERROR common.py                 44    timeout_cb                : Timeout after 30 seconds while waiting for event <threading.Event at 0x2c687e32960: set> with condition         return wait_for_event(timeout, lambda: not self.is_connected(addr=addr))

2026-10-09 00:23:45,372 LT1-thread root DEBUG testcase.py               722   run_wid                   : Sending response 'Yes' to wid 266 test case GAP/SEC/SEM/BI-33-C
2026-10-09 00:23:45,373 LT1-thread root DEBUG client.py                 276   get_result                : ClientCallback.get_result run_test_case
2026-10-09 00:23:50,700 BTPWorkerThread-11407 (_rx_task) root DEBUG iutctl_common.py          123   read                      : Read 5 bytes
2026-10-09 00:23:50,700 BTPWorkerThread-11407 (_rx_task) root DEBUG iutctl_common.py          131   read                      : Received: hdr: Header(svc_id=0x01, op=0x83, ctrl_index=0x00, data_len=0x07) bytearray(b'\x01\x83\x00\x07\x00')
2026-10-09 00:23:50,700 BTPWorkerThread-11407 (_rx_task) root DEBUG iutctl_common.py          139   read                      : Read 7 bytes data
2026-10-09 00:23:50,700 BTPWorkerThread-11407 (_rx_task) root DEBUG iutctl_common.py          154   read                      : Received data: {'e0 4e e4 08 dc 1b 00'}, bytearray(b'\xe0N\xe4\x08\xdc\x1b\x00')
2026-10-09 00:23:50,700 BTPWorkerThread-11407 (_rx_task) root DEBUG btp.py                    736   event_handler             : Header(svc_id=1, op=131, ctrl_index=0, data_len=7) (b'\xe0N\xe4\x08\xdc\x1b\x00',)
2026-10-09 00:23:50,701 BTPWorkerThread-11407 (_rx_task) root DEBUG gap.py                    228   gap_disconnected_ev_      : b'\xe0N\xe4\x08\xdc\x1b\x00'
2026-10-09 00:23:53,479 LT1-callback ClientCallback.log INFO client.py                 200   log                       : PTS_LOGTYPE_START_TEST Start Test Case 

+156 ms
 GAP/SEC/SEM/BI-33-C GAP/SEC/SEM/BI-33-C

2026-10-09 00:23:53,811 LT1-callback ClientCallback.log INFO client.py                 200   log                       : PTS_LOGTYPE_FINAL_VERDICT Final Verdict 

+75125 ms
 GAP/SEC/SEM/BI-33-C PASS

2026-10-09 00:23:53,815 LT1-callback ClientCallback.log INFO client.py                 200   log                       : PTS_LOGTYPE_FINAL_VERDICT Encrypted Verdict 

+75125 ms
 GAP/SEC/SEM/BI-33-C A1#ZWY4MzQ5MDg3MmQwNTIxOGQzMzQ5YjY2ODA5M2MzNjQ5ZDY4NmY0Yjc2MzIzM2VkNTUyNTFhNGU4Mjg1MjI0NA==#PhTZdfeT3XgyQu923VAmzizOfTnzCY2R4R06R3cZTvxkc1TZ6ozr+asNYMr/YCMX

2026-10-09 00:23:53,819 LT1-callback ClientCallback.log INFO client.py                 200   log                       : PTS_LOGTYPE_END_TEST Test Case Ended 

+75125 ms
 GAP/SEC/SEM/BI-33-C GAP/SEC/SEM/BI-33-C

2026-10-09 00:23:53,946 LT1-callback root DEBUG client.py                 261   set_result                : ClientCallback, set_result, run_test_case, PASS
2026-10-09 00:23:53,946 LT1-thread root DEBUG client.py                 1186  _run_test_case            : After run_test_case error_code=0 status='PASS'
2026-10-09 00:23:53,947 LT1-thread root DEBUG testcase.py               766   post_run                  : post_run GAP GAP/SEC/SEM/BI-33-C 0
2026-10-09 00:23:53,947 LT1-thread root DEBUG testcase.py               254   start                     : Starting test function: class=<class 'autopts.ptsprojects.testcase.TestFuncCleanUp'>, func=<bound method ZTestCase._test_case_cleanup of <autopts.ptsprojects.zephyr.ztestcase.ZTestCase object at 0x000002C687B5D1C0>> start_wid=None stop_wid=None post_wid=None skip_call=None call_count=1 args=() kwds={}
2026-10-09 00:23:53,947 LT1-thread root DEBUG testcase.py               266   start                     : Test function parameters: args=(), kwds={}
2026-10-09 00:23:53,947 LT1-thread root DEBUG iutctl.py                 415   stop                      : <class 'autopts.ptsprojects.zephyr.iutctl.create_zephyr_ctl_class.<locals>.ZephyrCtl'>.stop
2026-10-09 00:23:53,947 LT1-thread root DEBUG __init__.py               51    reset                     : About to reset DUT: JLink -CommandFile reset.jlink -usb 1063214216 -device MIMXRT1176XXXA_M7
2026-10-09 00:23:54,253 BTPWorkerThread-11407 (_rx_task) root DEBUG iutctl_common.py          123   read                      : Read 5 bytes
2026-10-09 00:23:54,254 BTPWorkerThread-11407 (_rx_task) root DEBUG iutctl_common.py          131   read                      : Received: hdr: Header(svc_id=0x00, op=0x80, ctrl_index=0xff, data_len=0x00) bytearray(b'\x00\x80\xff\x00\x00')
2026-10-09 00:23:54,254 BTPWorkerThread-11407 (_rx_task) root DEBUG iutctl_common.py          154   read                      : Received data: {''}, bytearray(b'')
2026-10-09 00:23:54,254 BTPWorkerThread-11407 (_rx_task) root DEBUG btp.py                    736   event_handler             : Header(svc_id=0, op=128, ctrl_index=255, data_len=0) (b'',)
2026-10-09 00:23:54,254 BTPWorkerThread-11407 (_rx_task) root DEBUG core.py                   23    core_iut_ready_ev         : 
2026-10-09 00:23:54,324 LT1-thread root DEBUG iutctl.py                 436   _stop_tty_mode            : IUT ready event received OK
2026-10-09 00:23:54,324 LT1-thread root DEBUG iutctl_common.py          416   close                     : Waiting for _rx_worker to finish ...
2026-10-09 00:23:55,255 BTPWorkerThread-11407 (_rx_task) root DEBUG iutctl_common.py          332   _rx_task                  : BTPWorkerThread-11407 (_rx_task) finishing...
2026-10-09 00:23:58,261 LT1-thread root DEBUG testcase.py               794   post_run                  : post_run, cleanup running post test case script
2026-10-09 00:23:58,261 LT1-thread root DEBUG testcase.py               802   post_run                  : post_run, run post test case script
2026-10-09 00:23:58,334 LT1-thread root DEBUG client.py                 1220  _run_test_case            : Done TestCase _run_test_case GAP GAP/SEC/SEM/BI-33-C
