2026-10-09 08:11:11,619 LT1-thread root DEBUG client.py                 1099  _run_test_case            : Starting TestCase _run_test_case MAP MAP/MCE/MFMH/BV-01-C
2026-10-09 08:11:11,620 LT1-thread root DEBUG testcase.py               727   pre_run                   : pre_run MAP MAP/MCE/MFMH/BV-01-C
2026-10-09 08:11:11,620 LT1-thread root DEBUG testcase.py               729   pre_run                   : About to run test case MAP MAP/MCE/MFMH/BV-01-C with commands:
2026-10-09 08:11:11,620 LT1-thread root DEBUG testcase.py               731   pre_run                   : 0) class=<class 'autopts.ptsprojects.testcase.TestFunc'>, func=<bound method ZTestCase._test_case_start of <autopts.ptsprojects.zephyr.ztestcase.ZTestCase object at 0x000002C687B80A40>> start_wid=None stop_wid=None post_wid=None skip_call=None call_count=0 args=() kwds={}
2026-10-09 08:11:11,620 LT1-thread root DEBUG testcase.py               731   pre_run                   : 1) class=<class 'autopts.ptsprojects.testcase.TestFunc'>, func=<function core_reg_svc_gap at 0x000002C684E2E160> start_wid=None stop_wid=None post_wid=None skip_call=None call_count=48 args=() kwds={}
2026-10-09 08:11:11,620 LT1-thread root DEBUG testcase.py               731   pre_run                   : 2) class=<class 'autopts.ptsprojects.testcase.TestFunc'>, func=<bound method Stack.gap_init of <autopts.ptsprojects.stack.stack.Stack object at 0x000002C6862F6F00>> start_wid=None stop_wid=None post_wid=None skip_call=None call_count=48 args=(b'Tester_08E44E',) kwds={}
2026-10-09 08:11:11,621 LT1-thread root DEBUG testcase.py               731   pre_run                   : 3) class=<class 'autopts.ptsprojects.testcase.TestFunc'>, func=<function gap_read_controller_info at 0x000002C684E6EB60> start_wid=None stop_wid=None post_wid=None skip_call=None call_count=48 args=() kwds={}
2026-10-09 08:11:11,621 LT1-thread root DEBUG testcase.py               731   pre_run                   : 4) class=<class 'autopts.ptsprojects.testcase.TestFunc'>, func=<function test_cases.<locals>.<lambda> at 0x000002C687A6FB00> start_wid=None stop_wid=None post_wid=None skip_call=None call_count=48 args=() kwds={}
2026-10-09 08:11:11,621 LT1-thread root DEBUG testcase.py               731   pre_run                   : 5) class=<class 'autopts.ptsprojects.testcase.TestFunc'>, func=<function set_pts_addr at 0x000002C684E2DD00> start_wid=None stop_wid=None post_wid=None skip_call=None call_count=48 args=('00:1B:DC:08:E4:4E', 0) kwds={}
2026-10-09 08:11:11,621 LT1-thread root DEBUG testcase.py               731   pre_run                   : 6) class=<class 'autopts.ptsprojects.testcase.TestFunc'>, func=<function core_reg_svc_map at 0x000002C684E2FD80> start_wid=None stop_wid=None post_wid=None skip_call=None call_count=48 args=() kwds={}
2026-10-09 08:11:11,621 LT1-thread root DEBUG testcase.py               731   pre_run                   : 7) class=<class 'autopts.ptsprojects.testcase.TestFunc'>, func=<bound method Stack.map_init of <autopts.ptsprojects.stack.stack.Stack object at 0x000002C6862F6F00>> start_wid=None stop_wid=None post_wid=None skip_call=None call_count=48 args=() kwds={}
2026-10-09 08:11:11,621 LT1-thread root DEBUG testcase.py               731   pre_run                   : 8) class=<class 'autopts.ptsprojects.testcase.TestFuncCleanUp'>, func=<bound method ZTestCase._test_case_cleanup of <autopts.ptsprojects.zephyr.ztestcase.ZTestCase object at 0x000002C687B80A40>> start_wid=None stop_wid=None post_wid=None skip_call=None call_count=0 args=() kwds={}
2026-10-09 08:11:11,621 LT1-thread root DEBUG testcase.py               738   pre_run                   : pre_run, run pre test case script
2026-10-09 08:11:11,629 LT1-thread root DEBUG testcase.py               254   start                     : Starting test function: class=<class 'autopts.ptsprojects.testcase.TestFunc'>, func=<bound method ZTestCase._test_case_start of <autopts.ptsprojects.zephyr.ztestcase.ZTestCase object at 0x000002C687B80A40>> start_wid=None stop_wid=None post_wid=None skip_call=None call_count=1 args=() kwds={}
2026-10-09 08:11:11,630 LT1-thread root DEBUG testcase.py               266   start                     : Test function parameters: args=(), kwds={}
2026-10-09 08:11:11,630 LT1-thread root DEBUG iutctl.py                 172   start                     : <class 'autopts.ptsprojects.zephyr.iutctl.create_zephyr_ctl_class.<locals>.ZephyrCtl'>.start
2026-10-09 08:11:11,630 LT1-thread root DEBUG iutctl.py                 325   flush_serial              : <class 'autopts.ptsprojects.zephyr.iutctl.create_zephyr_ctl_class.<locals>.ZephyrCtl'>.flush_serial
2026-10-09 08:11:12,812 LT1-thread root DEBUG iutctl.py                 249   _start_tty_mode           : Starting socat process: socat.exe -x -v tcp:10.17.12.9:58927,retry=100,interval=1 /dev/ttyS2,raw,b115200,
2026-10-09 08:11:12,819 LT1-thread root DEBUG iutctl_common.py          402   accept                    : 
2026-10-09 08:11:12,894 BTPWorkerThread-31606 (_rx_task) root DEBUG iutctl_common.py          299   _rx_task                  : BTPWorkerThread-31606 (_rx_task) started
2026-10-09 08:11:12,895 LT1-thread root DEBUG iutctl.py                 395   wait_iut_ready_event      : IUT ready event received OK
2026-10-09 08:11:12,895 LT1-thread root DEBUG btp.py                    51    read_supp_svcs            : 
2026-10-09 08:11:12,895 LT1-thread root DEBUG iutctl_common.py          161   send                      : 0 2 255 ''
2026-10-09 08:11:12,895 LT1-thread root DEBUG iutctl_common.py          166   send                      : sending frame '0002ff0000'
2026-10-09 08:11:12,896 LT1-thread root DEBUG iutctl_common.py          339   read                      : 
2026-10-09 08:11:12,912 BTPWorkerThread-31606 (_rx_task) root DEBUG iutctl_common.py          123   read                      : Read 4 bytes
2026-10-09 08:11:12,928 BTPWorkerThread-31606 (_rx_task) root DEBUG iutctl_common.py          123   read                      : Read 1 bytes
2026-10-09 08:11:12,938 BTPWorkerThread-31606 (_rx_task) root DEBUG iutctl_common.py          131   read                      : Received: hdr: Header(svc_id=0x00, op=0x02, ctrl_index=0xff, data_len=0x06) bytearray(b'\x00\x02\xff\x06\x00')
2026-10-09 08:11:12,950 BTPWorkerThread-31606 (_rx_task) root DEBUG iutctl_common.py          139   read                      : Read 6 bytes data
2026-10-09 08:11:12,955 BTPWorkerThread-31606 (_rx_task) root DEBUG iutctl_common.py          154   read                      : Received data: {'0f 00 00 a0 ff 03'}, bytearray(b'\x0f\x00\x00\xa0\xff\x03')
2026-10-09 08:11:12,960 LT1-thread root DEBUG btp.py                    62    read_supp_svcs            : received Header(svc_id=0, op=2, ctrl_index=255, data_len=6) (b'\x0f\x00\x00\xa0\xff\x03',)
2026-10-09 08:11:12,960 LT1-thread root DEBUG testcase.py               254   start                     : Starting test function: class=<class 'autopts.ptsprojects.testcase.TestFunc'>, func=<function core_reg_svc_gap at 0x000002C684E2E160> start_wid=None stop_wid=None post_wid=None skip_call=None call_count=49 args=() kwds={}
2026-10-09 08:11:12,960 LT1-thread root DEBUG testcase.py               266   start                     : Test function parameters: args=(), kwds={}
2026-10-09 08:11:12,960 LT1-thread root DEBUG btp.py                    117   core_reg_svc_univ         : core_reg_svc_univ: gap_reg (GAP)
2026-10-09 08:11:12,960 LT1-thread root DEBUG iutctl_common.py          161   send                      : 0 3 255 '1'
2026-10-09 08:11:12,960 LT1-thread root DEBUG iutctl_common.py          166   send                      : sending frame '0003ff010001'
2026-10-09 08:11:12,960 LT1-thread root DEBUG btp.py                    654   core_reg_svc_rsp_succ     : 
2026-10-09 08:11:12,961 LT1-thread root DEBUG iutctl_common.py          339   read                      : 
2026-10-09 08:11:17,063 BTPWorkerThread-31606 (_rx_task) root DEBUG iutctl_common.py          123   read                      : Read 5 bytes
2026-10-09 08:11:17,075 BTPWorkerThread-31606 (_rx_task) root DEBUG iutctl_common.py          131   read                      : Received: hdr: Header(svc_id=0x00, op=0x03, ctrl_index=0xff, data_len=0x00) bytearray(b'\x00\x03\xff\x00\x00')
2026-10-09 08:11:17,080 BTPWorkerThread-31606 (_rx_task) root DEBUG iutctl_common.py          154   read                      : Received data: {''}, bytearray(b'')
2026-10-09 08:11:17,092 LT1-thread root DEBUG btp.py                    665   core_reg_svc_rsp_succ     : received Header(svc_id=0, op=3, ctrl_index=255, data_len=0) (b'',)
2026-10-09 08:11:17,092 LT1-thread root DEBUG btp.py                    666   core_reg_svc_rsp_succ     : expected ((0, 3, 255, 0), (b'',))
2026-10-09 08:11:17,092 LT1-thread root DEBUG btp.py                    671   core_reg_svc_rsp_succ     : response is valid
2026-10-09 08:11:17,092 LT1-thread root DEBUG btp.py                    674   core_reg_svc_rsp_succ     : Reading supported commands for service: GAP
2026-10-09 08:11:17,092 LT1-thread root DEBUG iutctl_common.py          161   send                      : 1 1 255 ''
2026-10-09 08:11:17,093 LT1-thread root DEBUG iutctl_common.py          166   send                      : sending frame '0101ff0000'
2026-10-09 08:11:17,093 LT1-thread root DEBUG iutctl_common.py          339   read                      : 
2026-10-09 08:11:17,127 BTPWorkerThread-31606 (_rx_task) root DEBUG iutctl_common.py          123   read                      : Read 5 bytes
2026-10-09 08:11:17,137 BTPWorkerThread-31606 (_rx_task) root DEBUG iutctl_common.py          131   read                      : Received: hdr: Header(svc_id=0x01, op=0x01, ctrl_index=0xff, data_len=0x07) bytearray(b'\x01\x01\xff\x07\x00')
2026-10-09 08:11:17,137 BTPWorkerThread-31606 (_rx_task) root DEBUG iutctl_common.py          139   read                      : Read 7 bytes data
2026-10-09 08:11:17,137 BTPWorkerThread-31606 (_rx_task) root DEBUG iutctl_common.py          154   read                      : Received data: {'6e ff 7f 1f fe ff 2e'}, bytearray(b'n\xff\x7f\x1f\xfe\xff.')
2026-10-09 08:11:17,153 LT1-thread root DEBUG testcase.py               254   start                     : Starting test function: class=<class 'autopts.ptsprojects.testcase.TestFunc'>, func=<bound method Stack.gap_init of <autopts.ptsprojects.stack.stack.Stack object at 0x000002C6862F6F00>> start_wid=None stop_wid=None post_wid=None skip_call=None call_count=49 args=(b'Tester_08E44E',) kwds={}
2026-10-09 08:11:17,154 LT1-thread root DEBUG testcase.py               266   start                     : Test function parameters: args=(b'Tester_08E44E',), kwds={}
2026-10-09 08:11:17,154 LT1-thread root DEBUG testcase.py               254   start                     : Starting test function: class=<class 'autopts.ptsprojects.testcase.TestFunc'>, func=<function gap_read_controller_info at 0x000002C684E6EB60> start_wid=None stop_wid=None post_wid=None skip_call=None call_count=49 args=() kwds={}
2026-10-09 08:11:17,154 LT1-thread root DEBUG testcase.py               266   start                     : Test function parameters: args=(), kwds={}
2026-10-09 08:11:17,154 LT1-thread root DEBUG gap.py                    1163  gap_read_controller_info  : 
2026-10-09 08:11:17,154 LT1-thread root DEBUG iutctl_common.py          161   send                      : 1 3 0 ''
2026-10-09 08:11:17,154 LT1-thread root DEBUG iutctl_common.py          166   send                      : sending frame '0103000000'
2026-10-09 08:11:17,155 LT1-thread root DEBUG iutctl_common.py          339   read                      : 
2026-10-09 08:11:17,189 BTPWorkerThread-31606 (_rx_task) root DEBUG iutctl_common.py          123   read                      : Read 5 bytes
2026-10-09 08:11:17,199 BTPWorkerThread-31606 (_rx_task) root DEBUG iutctl_common.py          131   read                      : Received: hdr: Header(svc_id=0x01, op=0x03, ctrl_index=0x00, data_len=0x115) bytearray(b'\x01\x03\x00\x15\x01')
2026-10-09 08:11:17,210 BTPWorkerThread-31606 (_rx_task) root DEBUG iutctl_common.py          139   read                      : Read 277 bytes data
2026-10-09 08:11:17,222 BTPWorkerThread-31606 (_rx_task) root DEBUG iutctl_common.py          154   read                      : Received data: {'19 78 ee 69 17 d0 d3 06 02 00 13 02 00 00 00 00 00 62 74 70 5f 74 65 73 74 65 72 00 00 00 00 00 00 00 00 00 00 00 00 00 00 00 00 00 00 00 00 00 00 00 00 00 00 00 00 00 00 00 00 00 00 00 00 00 00 00 00 00 00 00 00 00 00 00 00 00 00 00 00 00 00 00 00 00 00 00 00 00 00 00 00 00 00 00 00 00 00 00 00 00 00 00 00 00 00 00 00 00 00 00 00 00 00 00 00 00 00 00 00 00 00 00 00 00 00 00 00 00 00 00 00 00 00 00 00 00 00 00 00 00 00 00 00 00 00 00 00 00 00 00 00 00 00 00 00 00 00 00 00 00 00 00 00 00 00 00 00 00 00 00 00 00 00 00 00 00 00 00 00 00 00 00 00 00 00 00 00 00 00 00 00 00 00 00 00 00 00 00 00 00 00 00 00 00 00 00 00 00 00 00 00 00 00 00 00 00 00 00 00 00 00 00 00 00 00 00 00 00 00 00 00 00 00 00 00 00 00 00 00 00 00 00 00 00 00 00 00 00 00 00 00 00 00 00 00 00 00 00 00 00 00 00 00 00 00 00 00 00 00 00 00 00 00 00 00 00 00'}, bytearray(b'\x19x\xeei\x17\xd0\xd3\x06\x02\x00\x13\x02\x00\x00\x00\x00\x00btp_tester\x00\x00\x00\x00\x00\x00\x00\x00\x00\x00\x00\x00\x00\x00\x00\x00\x00\x00\x00\x00\x00\x00\x00\x00\x00\x00\x00\x00\x00\x00\x00\x00\x00\x00\x00\x00\x00\x00\x00\x00\x00\x00\x00\x00\x00\x00\x00\x00\x00\x00\x00\x00\x00\x00\x00\x00\x00\x00\x00\x00\x00\x00\x00\x00\x00\x00\x00\x00\x00\x00\x00\x00\x00\x00\x00\x00\x00\x00\x00\x00\x00\x00\x00\x00\x00\x00\x00\x00\x00\x00\x00\x00\x00\x00\x00\x00\x00\x00\x00\x00\x00\x00\x00\x00\x00\x00\x00\x00\x00\x00\x00\x00\x00\x00\x00\x00\x00\x00\x00\x00\x00\x00\x00\x00\x00\x00\x00\x00\x00\x00\x00\x00\x00\x00\x00\x00\x00\x00\x00\x00\x00\x00\x00\x00\x00\x00\x00\x00\x00\x00\x00\x00\x00\x00\x00\x00\x00\x00\x00\x00\x00\x00\x00\x00\x00\x00\x00\x00\x00\x00\x00\x00\x00\x00\x00\x00\x00\x00\x00\x00\x00\x00\x00\x00\x00\x00\x00\x00\x00\x00\x00\x00\x00\x00\x00\x00\x00\x00\x00\x00\x00\x00\x00\x00\x00\x00\x00\x00\x00\x00\x00\x00\x00\x00\x00\x00\x00\x00\x00\x00\x00\x00\x00\x00\x00\x00\x00\x00\x00\x00\x00\x00\x00\x00\x00\x00\x00\x00\x00\x00\x00\x00\x00\x00\x00\x00\x00\x00\x00\x00')
2026-10-09 08:11:17,234 LT1-thread root DEBUG gap.py                    1170  gap_read_controller_info  : received Header(svc_id=1, op=3, ctrl_index=0, data_len=277) (b'\x19x\xeei\x17\xd0\xd3\x06\x02\x00\x13\x02\x00\x00\x00\x00\x00btp_tester\x00\x00\x00\x00\x00\x00\x00\x00\x00\x00\x00\x00\x00\x00\x00\x00\x00\x00\x00\x00\x00\x00\x00\x00\x00\x00\x00\x00\x00\x00\x00\x00\x00\x00\x00\x00\x00\x00\x00\x00\x00\x00\x00\x00\x00\x00\x00\x00\x00\x00\x00\x00\x00\x00\x00\x00\x00\x00\x00\x00\x00\x00\x00\x00\x00\x00\x00\x00\x00\x00\x00\x00\x00\x00\x00\x00\x00\x00\x00\x00\x00\x00\x00\x00\x00\x00\x00\x00\x00\x00\x00\x00\x00\x00\x00\x00\x00\x00\x00\x00\x00\x00\x00\x00\x00\x00\x00\x00\x00\x00\x00\x00\x00\x00\x00\x00\x00\x00\x00\x00\x00\x00\x00\x00\x00\x00\x00\x00\x00\x00\x00\x00\x00\x00\x00\x00\x00\x00\x00\x00\x00\x00\x00\x00\x00\x00\x00\x00\x00\x00\x00\x00\x00\x00\x00\x00\x00\x00\x00\x00\x00\x00\x00\x00\x00\x00\x00\x00\x00\x00\x00\x00\x00\x00\x00\x00\x00\x00\x00\x00\x00\x00\x00\x00\x00\x00\x00\x00\x00\x00\x00\x00\x00\x00\x00\x00\x00\x00\x00\x00\x00\x00\x00\x00\x00\x00\x00\x00\x00\x00\x00\x00\x00\x00\x00\x00\x00\x00\x00\x00\x00\x00\x00\x00\x00\x00\x00\x00\x00\x00\x00\x00\x00\x00\x00\x00\x00\x00\x00\x00\x00\x00\x00\x00\x00\x00\x00\x00\x00\x00',)
2026-10-09 08:11:17,234 LT1-thread root DEBUG gap.py                    1191  gap_read_controller_info  : IUT address 'd01769ee7819' 'public'
2026-10-09 08:11:17,234 LT1-thread root DEBUG gap.py                    596   __gap_current_settings_update : 531
2026-10-09 08:11:17,234 LT1-thread root DEBUG testcase.py               254   start                     : Starting test function: class=<class 'autopts.ptsprojects.testcase.TestFunc'>, func=<function test_cases.<locals>.<lambda> at 0x000002C687A6FB00> start_wid=None stop_wid=None post_wid=None skip_call=None call_count=49 args=() kwds={}
2026-10-09 08:11:17,234 LT1-thread root DEBUG testcase.py               266   start                     : Test function parameters: args=(), kwds={}
2026-10-09 08:11:17,239 LT1-thread root DEBUG testcase.py               254   start                     : Starting test function: class=<class 'autopts.ptsprojects.testcase.TestFunc'>, func=<function set_pts_addr at 0x000002C684E2DD00> start_wid=None stop_wid=None post_wid=None skip_call=None call_count=49 args=('00:1B:DC:08:E4:4E', 0) kwds={}
2026-10-09 08:11:17,239 LT1-thread root DEBUG testcase.py               266   start                     : Test function parameters: args=('00:1B:DC:08:E4:4E', 0), kwds={}
2026-10-09 08:11:17,239 LT1-thread root DEBUG testcase.py               254   start                     : Starting test function: class=<class 'autopts.ptsprojects.testcase.TestFunc'>, func=<function core_reg_svc_map at 0x000002C684E2FD80> start_wid=None stop_wid=None post_wid=None skip_call=None call_count=49 args=() kwds={}
2026-10-09 08:11:17,240 LT1-thread root DEBUG testcase.py               266   start                     : Test function parameters: args=(), kwds={}
2026-10-09 08:11:17,240 LT1-thread root DEBUG btp.py                    117   core_reg_svc_univ         : core_reg_svc_univ: map_reg (MAP)
2026-10-09 08:11:17,240 LT1-thread root DEBUG iutctl_common.py          161   send                      : 0 3 255 '41'
2026-10-09 08:11:17,240 LT1-thread root DEBUG iutctl_common.py          166   send                      : sending frame '0003ff010029'
2026-10-09 08:11:17,240 LT1-thread root DEBUG btp.py                    654   core_reg_svc_rsp_succ     : 
2026-10-09 08:11:17,240 LT1-thread root DEBUG iutctl_common.py          339   read                      : 
2026-10-09 08:11:17,270 BTPWorkerThread-31606 (_rx_task) root DEBUG iutctl_common.py          123   read                      : Read 5 bytes
2026-10-09 08:11:17,281 BTPWorkerThread-31606 (_rx_task) root DEBUG iutctl_common.py          131   read                      : Received: hdr: Header(svc_id=0x00, op=0x03, ctrl_index=0xff, data_len=0x00) bytearray(b'\x00\x03\xff\x00\x00')
2026-10-09 08:11:17,286 BTPWorkerThread-31606 (_rx_task) root DEBUG iutctl_common.py          154   read                      : Received data: {''}, bytearray(b'')
2026-10-09 08:11:17,286 LT1-thread root DEBUG btp.py                    665   core_reg_svc_rsp_succ     : received Header(svc_id=0, op=3, ctrl_index=255, data_len=0) (b'',)
2026-10-09 08:11:17,286 LT1-thread root DEBUG btp.py                    666   core_reg_svc_rsp_succ     : expected ((0, 3, 255, 0), (b'',))
2026-10-09 08:11:17,286 LT1-thread root DEBUG btp.py                    671   core_reg_svc_rsp_succ     : response is valid
2026-10-09 08:11:17,286 LT1-thread root DEBUG btp.py                    674   core_reg_svc_rsp_succ     : Reading supported commands for service: MAP
2026-10-09 08:11:17,286 LT1-thread root DEBUG iutctl_common.py          161   send                      : 41 1 255 ''
2026-10-09 08:11:17,287 LT1-thread root DEBUG iutctl_common.py          166   send                      : sending frame '2901ff0000'
2026-10-09 08:11:17,287 LT1-thread root DEBUG iutctl_common.py          339   read                      : 
2026-10-09 08:11:17,331 BTPWorkerThread-31606 (_rx_task) root DEBUG iutctl_common.py          123   read                      : Read 5 bytes
2026-10-09 08:11:17,342 BTPWorkerThread-31606 (_rx_task) root DEBUG iutctl_common.py          131   read                      : Received: hdr: Header(svc_id=0x29, op=0x01, ctrl_index=0xff, data_len=0x07) bytearray(b')\x01\xff\x07\x00')
2026-10-09 08:11:17,342 BTPWorkerThread-31606 (_rx_task) root DEBUG iutctl_common.py          139   read                      : Read 7 bytes data
2026-10-09 08:11:17,348 BTPWorkerThread-31606 (_rx_task) root DEBUG iutctl_common.py          154   read                      : Received data: {'fe ff ff ff ff ff 7f'}, bytearray(b'\xfe\xff\xff\xff\xff\xff\x7f')
2026-10-09 08:11:17,359 LT1-thread root DEBUG testcase.py               254   start                     : Starting test function: class=<class 'autopts.ptsprojects.testcase.TestFunc'>, func=<bound method Stack.map_init of <autopts.ptsprojects.stack.stack.Stack object at 0x000002C6862F6F00>> start_wid=None stop_wid=None post_wid=None skip_call=None call_count=49 args=() kwds={}
2026-10-09 08:11:17,359 LT1-thread root DEBUG testcase.py               266   start                     : Test function parameters: args=(), kwds={}
2026-10-09 08:11:17,360 LT1-thread root DEBUG map.py                    3404  start                     : MAP event handler started
2026-10-09 08:11:17,362 LT1-thread root DEBUG client.py                 276   get_result                : ClientCallback.get_result run_test_case
2026-10-09 08:11:20,260 LT1-callback ClientCallback.on_implicit_send INFO client.py                 223   on_implicit_send          : 
    ********************
    BEGIN OnImplicitSend:
    project_name: MAP
    wid: 4100
    test_case_name: MAP/MCE/MFMH/BV-01-C
    description:  Take action to create an l2cap channel or rfcomm channel for an OBEX connection. 
 Note: MASInstanceID: 0
    style: MMI_Style_Ok_Cancel1 0x11041
2026-10-09 08:11:20,260 LT1-callback ClientCallback.on_implicit_send INFO client.py                 236   on_implicit_send          : Calling test cases on_implicit_send
2026-10-09 08:11:20,260 LT1-callback ClientCallback.on_implicit_send INFO client.py                 249   on_implicit_send          : 
    on_implicit_send returned response: WAIT
    END OnImplicitSend
    ********************
2026-10-09 08:11:20,363 LT1-thread root DEBUG testcase.py               679   run_wid                   : MAP MAP/MCE/MFMH/BV-01-C on_implicit_send
2026-10-09 08:11:20,363 LT1-thread root DEBUG map_wid.py                25    map_wid_hdl               : map_wid_hdl, 4100,  Take action to create an l2cap channel or rfcomm channel for an OBEX connection. 
 Note: MASInstanceID: 0, MAP/MCE/MFMH/BV-01-C
2026-10-09 08:11:20,363 LT1-thread root DEBUG gap.py                    762   gap_connect               : None 224
2026-10-09 08:11:20,363 LT1-thread root DEBUG iutctl_common.py          161   send                      : 1 14 0 "bytearray(b'\\xe0N\\xe4\\x08\\xdc\\x1b\\x00\\x00')"
2026-10-09 08:11:20,363 LT1-thread root DEBUG iutctl_common.py          166   send                      : sending frame '010e000800e04ee408dc1b0000'
2026-10-09 08:11:20,363 LT1-thread root DEBUG iutctl_common.py          339   read                      : 
2026-10-09 08:11:20,403 BTPWorkerThread-31606 (_rx_task) root DEBUG iutctl_common.py          123   read                      : Read 5 bytes
2026-10-09 08:11:20,418 BTPWorkerThread-31606 (_rx_task) root DEBUG iutctl_common.py          131   read                      : Received: hdr: Header(svc_id=0x01, op=0x0e, ctrl_index=0x00, data_len=0x00) bytearray(b'\x01\x0e\x00\x00\x00')
2026-10-09 08:11:20,418 BTPWorkerThread-31606 (_rx_task) root DEBUG iutctl_common.py          154   read                      : Received data: {''}, bytearray(b'')
2026-10-09 08:11:24,137 BTPWorkerThread-31606 (_rx_task) root DEBUG iutctl_common.py          123   read                      : Read 5 bytes
2026-10-09 08:11:24,137 BTPWorkerThread-31606 (_rx_task) root DEBUG iutctl_common.py          131   read                      : Received: hdr: Header(svc_id=0x01, op=0x82, ctrl_index=0x00, data_len=0x0d) bytearray(b'\x01\x82\x00\r\x00')
2026-10-09 08:11:24,137 BTPWorkerThread-31606 (_rx_task) root DEBUG iutctl_common.py          139   read                      : Read 13 bytes data
2026-10-09 08:11:24,138 BTPWorkerThread-31606 (_rx_task) root DEBUG iutctl_common.py          154   read                      : Received data: {'e0 4e e4 08 dc 1b 00 00 00 00 00 00 00'}, bytearray(b'\xe0N\xe4\x08\xdc\x1b\x00\x00\x00\x00\x00\x00\x00')
2026-10-09 08:11:24,138 BTPWorkerThread-31606 (_rx_task) root DEBUG btp.py                    736   event_handler             : Header(svc_id=1, op=130, ctrl_index=0, data_len=13) (b'\xe0N\xe4\x08\xdc\x1b\x00\x00\x00\x00\x00\x00\x00',)
2026-10-09 08:11:24,138 BTPWorkerThread-31606 (_rx_task) root DEBUG gap.py                    215   gap_connected_ev_         : b'\xe0N\xe4\x08\xdc\x1b\x00\x00\x00\x00\x00\x00\x00'
2026-10-09 08:11:24,141 EventTimerThread-31617 root ERROR common.py                 44    timeout_cb                : Timeout after 0 seconds while waiting for event <threading.Event at 0x2c6887ca930: set> with condition         if wait_for_event(timeout, lambda: addr in self.sdp and len(self.sdp[addr]) != 0 and self.sdp[addr][-1].final):

2026-10-09 08:11:24,242 LT1-thread root DEBUG map.py                    1693  map_sdp_discover          : map_sdp_discover 'mas' None
2026-10-09 08:11:24,242 LT1-thread root DEBUG iutctl_common.py          161   send                      : 41 54 0 "bytearray(b'\\xe0N\\xe4\\x08\\xdc\\x1b\\x002\\x11')"
2026-10-09 08:11:24,242 LT1-thread root DEBUG iutctl_common.py          166   send                      : sending frame '2936000900e04ee408dc1b003211'
2026-10-09 08:11:24,242 LT1-thread root DEBUG map.py                    518   map_command_rsp_succ      : map_command_rsp_succ
2026-10-09 08:11:24,242 LT1-thread root DEBUG iutctl_common.py          339   read                      : 
2026-10-09 08:11:24,278 BTPWorkerThread-31606 (_rx_task) root DEBUG iutctl_common.py          123   read                      : Read 5 bytes
2026-10-09 08:11:24,284 BTPWorkerThread-31606 (_rx_task) root DEBUG iutctl_common.py          131   read                      : Received: hdr: Header(svc_id=0x29, op=0x36, ctrl_index=0x00, data_len=0x00) bytearray(b')6\x00\x00\x00')
2026-10-09 08:11:24,284 BTPWorkerThread-31606 (_rx_task) root DEBUG iutctl_common.py          154   read                      : Received data: {''}, bytearray(b'')
2026-10-09 08:11:24,284 LT1-thread root DEBUG map.py                    523   map_command_rsp_succ      : received Header(svc_id=41, op=54, ctrl_index=0, data_len=0) (b'',)
2026-10-09 08:11:24,310 BTPWorkerThread-31606 (_rx_task) root DEBUG iutctl_common.py          123   read                      : Read 5 bytes
2026-10-09 08:11:24,310 BTPWorkerThread-31606 (_rx_task) root DEBUG iutctl_common.py          131   read                      : Received: hdr: Header(svc_id=0x29, op=0xb8, ctrl_index=0x00, data_len=0x28) bytearray(b')\xb8\x00(\x00')
2026-10-09 08:11:24,311 BTPWorkerThread-31606 (_rx_task) root DEBUG iutctl_common.py          139   read                      : Read 15 bytes data
2026-10-09 08:11:24,321 BTPWorkerThread-31606 (_rx_task) root DEBUG iutctl_common.py          139   read                      : Read 25 bytes data
2026-10-09 08:11:24,322 BTPWorkerThread-31606 (_rx_task) root DEBUG iutctl_common.py          154   read                      : Received data: {'e0 4e e4 08 dc 1b 00 01 32 11 00 08 01 10 00 00 ff ff 7f 00 1b 12 4d 41 50 20 41 63 63 65 73 73 20 53 65 72 76 69 63 65'}, bytearray(b'\xe0N\xe4\x08\xdc\x1b\x00\x012\x11\x00\x08\x01\x10\x00\x00\xff\xff\x7f\x00\x1b\x12MAP Access Service')
2026-10-09 08:11:24,322 BTPWorkerThread-31606 (_rx_task) root DEBUG btp.py                    736   event_handler             : Header(svc_id=41, op=184, ctrl_index=0, data_len=40) (b'\xe0N\xe4\x08\xdc\x1b\x00\x012\x11\x00\x08\x01\x10\x00\x00\xff\xff\x7f\x00\x1b\x12MAP Access Service',)
2026-10-09 08:11:24,322 Thread-31614 (_process_events) root DEBUG map.py                    3289  _map_sdp_record_ev        : _map_sdp_record_ev b'\xe0N\xe4\x08\xdc\x1b\x00\x012\x11\x00\x08\x01\x10\x00\x00\xff\xff\x7f\x00\x1b\x12MAP Access Service'
2026-10-09 08:11:24,386 LT1-thread root DEBUG map.py                    569   map_mce_mas_l2cap_connect : map_mce_mas_l2cap_connect 0 4097 None
2026-10-09 08:11:24,386 LT1-thread root DEBUG iutctl_common.py          161   send                      : 41 4 0 "bytearray(b'\\xe0N\\xe4\\x08\\xdc\\x1b\\x00\\x00\\x01\\x10')"
2026-10-09 08:11:24,386 LT1-thread root DEBUG iutctl_common.py          166   send                      : sending frame '2904000a00e04ee408dc1b00000110'
2026-10-09 08:11:24,386 LT1-thread root DEBUG map.py                    518   map_command_rsp_succ      : map_command_rsp_succ
2026-10-09 08:11:24,387 LT1-thread root DEBUG iutctl_common.py          339   read                      : 
2026-10-09 08:11:24,429 BTPWorkerThread-31606 (_rx_task) root DEBUG iutctl_common.py          123   read                      : Read 5 bytes
2026-10-09 08:11:24,429 BTPWorkerThread-31606 (_rx_task) root DEBUG iutctl_common.py          131   read                      : Received: hdr: Header(svc_id=0x29, op=0x04, ctrl_index=0x00, data_len=0x00) bytearray(b')\x04\x00\x00\x00')
2026-10-09 08:11:24,434 BTPWorkerThread-31606 (_rx_task) root DEBUG iutctl_common.py          154   read                      : Received data: {''}, bytearray(b'')
2026-10-09 08:11:24,434 LT1-thread root DEBUG map.py                    523   map_command_rsp_succ      : received Header(svc_id=41, op=4, ctrl_index=0, data_len=0) (b'',)
2026-10-09 08:11:26,146 BTPWorkerThread-31606 (_rx_task) root DEBUG iutctl_common.py          123   read                      : Read 5 bytes
2026-10-09 08:11:26,146 BTPWorkerThread-31606 (_rx_task) root DEBUG iutctl_common.py          131   read                      : Received: hdr: Header(svc_id=0x01, op=0x91, ctrl_index=0x00, data_len=0x09) bytearray(b'\x01\x91\x00\t\x00')
2026-10-09 08:11:26,146 BTPWorkerThread-31606 (_rx_task) root DEBUG iutctl_common.py          139   read                      : Read 9 bytes data
2026-10-09 08:11:26,147 BTPWorkerThread-31606 (_rx_task) root DEBUG iutctl_common.py          154   read                      : Received data: {'e0 4e e4 08 dc 1b 00 01 10'}, bytearray(b'\xe0N\xe4\x08\xdc\x1b\x00\x01\x10')
2026-10-09 08:11:26,147 BTPWorkerThread-31606 (_rx_task) root DEBUG btp.py                    736   event_handler             : Header(svc_id=1, op=145, ctrl_index=0, data_len=9) (b'\xe0N\xe4\x08\xdc\x1b\x00\x01\x10',)
2026-10-09 08:11:26,147 BTPWorkerThread-31606 (_rx_task) root DEBUG gap.py                    494   gap_encryption_change_ev_ : 
2026-10-09 08:11:26,147 BTPWorkerThread-31606 (_rx_task) root DEBUG gap.py                    496   gap_encryption_change_ev_ : enc change received b'\xe0N\xe4\x08\xdc\x1b\x00\x01\x10'
2026-10-09 08:11:26,147 BTPWorkerThread-31606 (_rx_task) root DEBUG gap.py                    505   gap_encryption_change_ev_ : received (224, '001bdc08e44e', 1, 16)
2026-10-09 08:11:26,147 BTPWorkerThread-31606 (_rx_task) root DEBUG iutctl_common.py          123   read                      : Read 5 bytes
2026-10-09 08:11:26,147 BTPWorkerThread-31606 (_rx_task) root DEBUG iutctl_common.py          131   read                      : Received: hdr: Header(svc_id=0x01, op=0x89, ctrl_index=0x00, data_len=0x08) bytearray(b'\x01\x89\x00\x08\x00')
2026-10-09 08:11:26,147 BTPWorkerThread-31606 (_rx_task) root DEBUG iutctl_common.py          139   read                      : Read 8 bytes data
2026-10-09 08:11:26,147 BTPWorkerThread-31606 (_rx_task) root DEBUG iutctl_common.py          154   read                      : Received data: {'e0 4e e4 08 dc 1b 00 02'}, bytearray(b'\xe0N\xe4\x08\xdc\x1b\x00\x02')
2026-10-09 08:11:26,147 BTPWorkerThread-31606 (_rx_task) root DEBUG btp.py                    736   event_handler             : Header(svc_id=1, op=137, ctrl_index=0, data_len=8) (b'\xe0N\xe4\x08\xdc\x1b\x00\x02',)
2026-10-09 08:11:26,148 BTPWorkerThread-31606 (_rx_task) root DEBUG gap.py                    300   gap_sec_level_changed_ev_ : 
2026-10-09 08:11:26,148 BTPWorkerThread-31606 (_rx_task) root DEBUG gap.py                    302   gap_sec_level_changed_ev_ : received b'\xe0N\xe4\x08\xdc\x1b\x00\x02'
2026-10-09 08:11:26,148 BTPWorkerThread-31606 (_rx_task) root DEBUG gap.py                    313   gap_sec_level_changed_ev_ : received (224, '001bdc08e44e', 2)
2026-10-09 08:11:26,168 BTPWorkerThread-31606 (_rx_task) root DEBUG iutctl_common.py          123   read                      : Read 5 bytes
2026-10-09 08:11:26,168 BTPWorkerThread-31606 (_rx_task) root DEBUG iutctl_common.py          131   read                      : Received: hdr: Header(svc_id=0x29, op=0x82, ctrl_index=0x00, data_len=0x08) bytearray(b')\x82\x00\x08\x00')
2026-10-09 08:11:26,168 BTPWorkerThread-31606 (_rx_task) root DEBUG iutctl_common.py          139   read                      : Read 8 bytes data
2026-10-09 08:11:26,168 BTPWorkerThread-31606 (_rx_task) root DEBUG iutctl_common.py          154   read                      : Received data: {'e0 4e e4 08 dc 1b 00 00'}, bytearray(b'\xe0N\xe4\x08\xdc\x1b\x00\x00')
2026-10-09 08:11:26,168 BTPWorkerThread-31606 (_rx_task) root DEBUG btp.py                    736   event_handler             : Header(svc_id=41, op=130, ctrl_index=0, data_len=8) (b'\xe0N\xe4\x08\xdc\x1b\x00\x00',)
2026-10-09 08:11:26,168 Thread-31614 (_process_events) root DEBUG map.py                    1831  _map_mce_mas_l2cap_connected_ev : _map_mce_mas_l2cap_connected_ev b'\xe0N\xe4\x08\xdc\x1b\x00\x00'
2026-10-09 08:11:26,168 Thread-31614 (_process_events) root DEBUG map.py                    2071  add_connection            : Created new connection: addr=001bdc08e44e, instance=0
2026-10-09 08:11:26,168 Thread-31614 (_process_events) root DEBUG map.py                    2076  add_connection            : Set transport: addr=001bdc08e44e, instance=0, type=130
2026-10-09 08:11:26,244 LT1-thread root DEBUG testcase.py               722   run_wid                   : Sending response 'OK' to wid 4100 test case MAP/MCE/MFMH/BV-01-C
2026-10-09 08:11:26,246 LT1-thread root DEBUG client.py                 276   get_result                : ClientCallback.get_result run_test_case
2026-10-09 08:11:26,265 LT1-callback ClientCallback.on_implicit_send INFO client.py                 223   on_implicit_send          : 
    ********************
    BEGIN OnImplicitSend:
    project_name: MAP
    wid: 4059
    test_case_name: MAP/MCE/MFMH/BV-01-C
    description:  Take action to initiate an OBEX CONNECT REQ for MAP.
    style: MMI_Style_Ok_Cancel1 0x11041
2026-10-09 08:11:26,265 LT1-callback ClientCallback.on_implicit_send INFO client.py                 236   on_implicit_send          : Calling test cases on_implicit_send
2026-10-09 08:11:26,265 LT1-callback ClientCallback.on_implicit_send INFO client.py                 249   on_implicit_send          : 
    on_implicit_send returned response: WAIT
    END OnImplicitSend
    ********************
2026-10-09 08:11:27,247 LT1-thread root DEBUG testcase.py               679   run_wid                   : MAP MAP/MCE/MFMH/BV-01-C on_implicit_send
2026-10-09 08:11:27,247 LT1-thread root DEBUG map_wid.py                25    map_wid_hdl               : map_wid_hdl, 4059,  Take action to initiate an OBEX CONNECT REQ for MAP., MAP/MCE/MFMH/BV-01-C
2026-10-09 08:11:27,247 LT1-thread root DEBUG map.py                    606   map_mce_mas_connect       : map_mce_mas_connect 0 None
2026-10-09 08:11:27,247 LT1-thread root DEBUG iutctl_common.py          161   send                      : 41 6 0 "bytearray(b'\\xe0N\\xe4\\x08\\xdc\\x1b\\x00\\x00\\x01')"
2026-10-09 08:11:27,247 LT1-thread root DEBUG iutctl_common.py          166   send                      : sending frame '2906000900e04ee408dc1b000001'
2026-10-09 08:11:27,248 LT1-thread root DEBUG map.py                    518   map_command_rsp_succ      : map_command_rsp_succ
2026-10-09 08:11:27,248 LT1-thread root DEBUG iutctl_common.py          339   read                      : 
2026-10-09 08:11:27,295 BTPWorkerThread-31606 (_rx_task) root DEBUG iutctl_common.py          123   read                      : Read 5 bytes
2026-10-09 08:11:27,313 BTPWorkerThread-31606 (_rx_task) root DEBUG iutctl_common.py          131   read                      : Received: hdr: Header(svc_id=0x29, op=0x06, ctrl_index=0x00, data_len=0x00) bytearray(b')\x06\x00\x00\x00')
2026-10-09 08:11:27,313 BTPWorkerThread-31606 (_rx_task) root DEBUG iutctl_common.py          154   read                      : Received data: {''}, bytearray(b'')
2026-10-09 08:11:27,324 BTPWorkerThread-31606 (_rx_task) root DEBUG iutctl_common.py          123   read                      : Read 5 bytes
2026-10-09 08:11:27,324 BTPWorkerThread-31606 (_rx_task) root DEBUG iutctl_common.py          131   read                      : Received: hdr: Header(svc_id=0x29, op=0x84, ctrl_index=0x00, data_len=0x26) bytearray(b')\x84\x00&\x00')
2026-10-09 08:11:27,324 BTPWorkerThread-31606 (_rx_task) root DEBUG iutctl_common.py          139   read                      : Read 38 bytes data
2026-10-09 08:11:27,325 LT1-thread root DEBUG map.py                    523   map_command_rsp_succ      : received Header(svc_id=41, op=6, ctrl_index=0, data_len=0) (b'',)
2026-10-09 08:11:27,325 BTPWorkerThread-31606 (_rx_task) root DEBUG iutctl_common.py          154   read                      : Received data: {'e0 4e e4 08 dc 1b 00 00 a0 10 ff 00 18 00 4a 00 13 bb 58 2b 40 42 0c 11 db b0 de 08 00 20 0c 9a 66 cb 4b 95 8a 5b'}, bytearray(b'\xe0N\xe4\x08\xdc\x1b\x00\x00\xa0\x10\xff\x00\x18\x00J\x00\x13\xbbX+@B\x0c\x11\xdb\xb0\xde\x08\x00 \x0c\x9af\xcbK\x95\x8a[')
2026-10-09 08:11:27,325 BTPWorkerThread-31606 (_rx_task) root DEBUG btp.py                    736   event_handler             : Header(svc_id=41, op=132, ctrl_index=0, data_len=38) (b'\xe0N\xe4\x08\xdc\x1b\x00\x00\xa0\x10\xff\x00\x18\x00J\x00\x13\xbbX+@B\x0c\x11\xdb\xb0\xde\x08\x00 \x0c\x9af\xcbK\x95\x8a[',)
2026-10-09 08:11:27,325 Thread-31614 (_process_events) root DEBUG map.py                    1845  _map_mce_mas_connect_ev   : _map_mce_mas_connect_ev b'\xe0N\xe4\x08\xdc\x1b\x00\x00\xa0\x10\xff\x00\x18\x00J\x00\x13\xbbX+@B\x0c\x11\xdb\xb0\xde\x08\x00 \x0c\x9af\xcbK\x95\x8a['
2026-10-09 08:11:27,326 Thread-31614 (_process_events) root DEBUG map.py                    2079  add_connection            : Set OBEX: addr=001bdc08e44e, instance=0, type=132
2026-10-09 08:11:27,426 LT1-thread root DEBUG testcase.py               722   run_wid                   : Sending response 'OK' to wid 4059 test case MAP/MCE/MFMH/BV-01-C
2026-10-09 08:11:27,428 LT1-thread root DEBUG client.py                 276   get_result                : ClientCallback.get_result run_test_case
2026-10-09 08:11:27,430 LT1-callback ClientCallback.on_implicit_send INFO client.py                 223   on_implicit_send          : 
    ********************
    BEGIN OnImplicitSend:
    project_name: MAP
    wid: 28
    test_case_name: MAP/MCE/MFMH/BV-01-C
    description: Set path to either telecom/msg/draft or telecom/msg/outbox folder, and then send a Push Message request with EMAIL message.
    style: MMI_Style_Ok_Cancel1 0x11041
2026-10-09 08:11:27,430 LT1-callback ClientCallback.on_implicit_send INFO client.py                 236   on_implicit_send          : Calling test cases on_implicit_send
2026-10-09 08:11:27,430 LT1-callback ClientCallback.on_implicit_send INFO client.py                 249   on_implicit_send          : 
    on_implicit_send returned response: WAIT
    END OnImplicitSend
    ********************
2026-10-09 08:11:28,429 LT1-thread root DEBUG testcase.py               679   run_wid                   : MAP MAP/MCE/MFMH/BV-01-C on_implicit_send
2026-10-09 08:11:28,429 LT1-thread root DEBUG map_wid.py                25    map_wid_hdl               : map_wid_hdl, 28, Set path to either telecom/msg/draft or telecom/msg/outbox folder, and then send a Push Message request with EMAIL message., MAP/MCE/MFMH/BV-01-C
2026-10-09 08:11:28,429 LT1-thread root DEBUG map.py                    670   map_mce_mas_set_folder    : map_mce_mas_set_folder 0 '/' None
2026-10-09 08:11:28,430 LT1-thread root DEBUG iutctl_common.py          161   send                      : 41 9 0 "bytearray(b'\\xe0N\\xe4\\x08\\xdc\\x1b\\x00\\x00\\x02\\x08\\x00\\xcbK\\x95\\x8a[\\x01\\x00\\x03')"
2026-10-09 08:11:28,430 LT1-thread root DEBUG iutctl_common.py          166   send                      : sending frame '2909001300e04ee408dc1b0000020800cb4b958a5b010003'
2026-10-09 08:11:28,430 LT1-thread root DEBUG map.py                    518   map_command_rsp_succ      : map_command_rsp_succ
2026-10-09 08:11:28,430 LT1-thread root DEBUG iutctl_common.py          339   read                      : 
2026-10-09 08:11:28,465 BTPWorkerThread-31606 (_rx_task) root DEBUG iutctl_common.py          123   read                      : Read 5 bytes
2026-10-09 08:11:28,478 BTPWorkerThread-31606 (_rx_task) root DEBUG iutctl_common.py          131   read                      : Received: hdr: Header(svc_id=0x29, op=0x09, ctrl_index=0x00, data_len=0x00) bytearray(b')\t\x00\x00\x00')
2026-10-09 08:11:28,483 BTPWorkerThread-31606 (_rx_task) root DEBUG iutctl_common.py          154   read                      : Received data: {''}, bytearray(b'')
2026-10-09 08:11:28,483 LT1-thread root DEBUG map.py                    523   map_command_rsp_succ      : received Header(svc_id=41, op=9, ctrl_index=0, data_len=0) (b'',)
2026-10-09 08:11:28,484 BTPWorkerThread-31606 (_rx_task) root DEBUG iutctl_common.py          123   read                      : Read 5 bytes
2026-10-09 08:11:28,484 BTPWorkerThread-31606 (_rx_task) root DEBUG iutctl_common.py          131   read                      : Received: hdr: Header(svc_id=0x29, op=0x88, ctrl_index=0x00, data_len=0x0b) bytearray(b')\x88\x00\x0b\x00')
2026-10-09 08:11:28,484 BTPWorkerThread-31606 (_rx_task) root DEBUG iutctl_common.py          139   read                      : Read 11 bytes data
2026-10-09 08:11:28,484 BTPWorkerThread-31606 (_rx_task) root DEBUG iutctl_common.py          154   read                      : Received data: {'e0 4e e4 08 dc 1b 00 00 a0 00 00'}, bytearray(b'\xe0N\xe4\x08\xdc\x1b\x00\x00\xa0\x00\x00')
2026-10-09 08:11:28,485 BTPWorkerThread-31606 (_rx_task) root DEBUG btp.py                    736   event_handler             : Header(svc_id=41, op=136, ctrl_index=0, data_len=11) (b'\xe0N\xe4\x08\xdc\x1b\x00\x00\xa0\x00\x00',)
2026-10-09 08:11:28,485 Thread-31614 (_process_events) root DEBUG map.py                    1894  _map_mce_mas_set_folder_ev : _map_mce_mas_set_folder_ev b'\xe0N\xe4\x08\xdc\x1b\x00\x00\xa0\x00\x00'
2026-10-09 08:11:28,584 LT1-thread root DEBUG map.py                    670   map_mce_mas_set_folder    : map_mce_mas_set_folder 0 'telecom' None
2026-10-09 08:11:28,585 LT1-thread root DEBUG iutctl_common.py          161   send                      : 41 9 0 "bytearray(b'\\xe0N\\xe4\\x08\\xdc\\x1b\\x00\\x00\\x02\\x18\\x00\\xcbK\\x95\\x8a[\\x01\\x00\\x13\\x00t\\x00e\\x00l\\x00e\\x00c\\x00o\\x00m\\x00\\x00')"
2026-10-09 08:11:28,585 LT1-thread root DEBUG iutctl_common.py          166   send                      : sending frame '2909002300e04ee408dc1b0000021800cb4b958a5b01001300740065006c00650063006f006d0000'
2026-10-09 08:11:28,585 LT1-thread root DEBUG map.py                    518   map_command_rsp_succ      : map_command_rsp_succ
2026-10-09 08:11:28,585 LT1-thread root DEBUG iutctl_common.py          339   read                      : 
2026-10-09 08:11:28,612 BTPWorkerThread-31606 (_rx_task) root DEBUG iutctl_common.py          123   read                      : Read 5 bytes
2026-10-09 08:11:28,626 BTPWorkerThread-31606 (_rx_task) root DEBUG iutctl_common.py          131   read                      : Received: hdr: Header(svc_id=0x29, op=0x09, ctrl_index=0x00, data_len=0x00) bytearray(b')\t\x00\x00\x00')
2026-10-09 08:11:28,626 BTPWorkerThread-31606 (_rx_task) root DEBUG iutctl_common.py          154   read                      : Received data: {''}, bytearray(b'')
2026-10-09 08:11:28,626 LT1-thread root DEBUG map.py                    523   map_command_rsp_succ      : received Header(svc_id=41, op=9, ctrl_index=0, data_len=0) (b'',)
2026-10-09 08:11:28,627 BTPWorkerThread-31606 (_rx_task) root DEBUG iutctl_common.py          123   read                      : Read 5 bytes
2026-10-09 08:11:28,627 BTPWorkerThread-31606 (_rx_task) root DEBUG iutctl_common.py          131   read                      : Received: hdr: Header(svc_id=0x29, op=0x88, ctrl_index=0x00, data_len=0x0b) bytearray(b')\x88\x00\x0b\x00')
2026-10-09 08:11:28,627 BTPWorkerThread-31606 (_rx_task) root DEBUG iutctl_common.py          139   read                      : Read 11 bytes data
2026-10-09 08:11:28,628 BTPWorkerThread-31606 (_rx_task) root DEBUG iutctl_common.py          154   read                      : Received data: {'e0 4e e4 08 dc 1b 00 00 a0 00 00'}, bytearray(b'\xe0N\xe4\x08\xdc\x1b\x00\x00\xa0\x00\x00')
2026-10-09 08:11:28,628 BTPWorkerThread-31606 (_rx_task) root DEBUG btp.py                    736   event_handler             : Header(svc_id=41, op=136, ctrl_index=0, data_len=11) (b'\xe0N\xe4\x08\xdc\x1b\x00\x00\xa0\x00\x00',)
2026-10-09 08:11:28,628 Thread-31614 (_process_events) root DEBUG map.py                    1894  _map_mce_mas_set_folder_ev : _map_mce_mas_set_folder_ev b'\xe0N\xe4\x08\xdc\x1b\x00\x00\xa0\x00\x00'
2026-10-09 08:11:28,728 LT1-thread root DEBUG map.py                    670   map_mce_mas_set_folder    : map_mce_mas_set_folder 0 'msg' None
2026-10-09 08:11:28,728 LT1-thread root DEBUG iutctl_common.py          161   send                      : 41 9 0 "bytearray(b'\\xe0N\\xe4\\x08\\xdc\\x1b\\x00\\x00\\x02\\x10\\x00\\xcbK\\x95\\x8a[\\x01\\x00\\x0b\\x00m\\x00s\\x00g\\x00\\x00')"
2026-10-09 08:11:28,728 LT1-thread root DEBUG iutctl_common.py          166   send                      : sending frame '2909001b00e04ee408dc1b0000021000cb4b958a5b01000b006d007300670000'
2026-10-09 08:11:28,729 LT1-thread root DEBUG map.py                    518   map_command_rsp_succ      : map_command_rsp_succ
2026-10-09 08:11:28,729 LT1-thread root DEBUG iutctl_common.py          339   read                      : 
2026-10-09 08:11:28,765 BTPWorkerThread-31606 (_rx_task) root DEBUG iutctl_common.py          123   read                      : Read 5 bytes
2026-10-09 08:11:28,765 BTPWorkerThread-31606 (_rx_task) root DEBUG iutctl_common.py          131   read                      : Received: hdr: Header(svc_id=0x29, op=0x09, ctrl_index=0x00, data_len=0x00) bytearray(b')\t\x00\x00\x00')
2026-10-09 08:11:28,771 BTPWorkerThread-31606 (_rx_task) root DEBUG iutctl_common.py          154   read                      : Received data: {''}, bytearray(b'')
2026-10-09 08:11:28,771 BTPWorkerThread-31606 (_rx_task) root DEBUG iutctl_common.py          123   read                      : Read 5 bytes
2026-10-09 08:11:28,772 LT1-thread root DEBUG map.py                    523   map_command_rsp_succ      : received Header(svc_id=41, op=9, ctrl_index=0, data_len=0) (b'',)
2026-10-09 08:11:28,772 BTPWorkerThread-31606 (_rx_task) root DEBUG iutctl_common.py          131   read                      : Received: hdr: Header(svc_id=0x29, op=0x88, ctrl_index=0x00, data_len=0x0b) bytearray(b')\x88\x00\x0b\x00')
2026-10-09 08:11:28,772 BTPWorkerThread-31606 (_rx_task) root DEBUG iutctl_common.py          139   read                      : Read 11 bytes data
2026-10-09 08:11:28,773 BTPWorkerThread-31606 (_rx_task) root DEBUG iutctl_common.py          154   read                      : Received data: {'e0 4e e4 08 dc 1b 00 00 a0 00 00'}, bytearray(b'\xe0N\xe4\x08\xdc\x1b\x00\x00\xa0\x00\x00')
2026-10-09 08:11:28,773 BTPWorkerThread-31606 (_rx_task) root DEBUG btp.py                    736   event_handler             : Header(svc_id=41, op=136, ctrl_index=0, data_len=11) (b'\xe0N\xe4\x08\xdc\x1b\x00\x00\xa0\x00\x00',)
2026-10-09 08:11:28,773 Thread-31614 (_process_events) root DEBUG map.py                    1894  _map_mce_mas_set_folder_ev : _map_mce_mas_set_folder_ev b'\xe0N\xe4\x08\xdc\x1b\x00\x00\xa0\x00\x00'
2026-10-09 08:11:28,873 LT1-thread root DEBUG map.py                    670   map_mce_mas_set_folder    : map_mce_mas_set_folder 0 'inbox' None
2026-10-09 08:11:28,873 LT1-thread root DEBUG iutctl_common.py          161   send                      : 41 9 0 "bytearray(b'\\xe0N\\xe4\\x08\\xdc\\x1b\\x00\\x00\\x02\\x14\\x00\\xcbK\\x95\\x8a[\\x01\\x00\\x0f\\x00i\\x00n\\x00b\\x00o\\x00x\\x00\\x00')"
2026-10-09 08:11:28,873 LT1-thread root DEBUG iutctl_common.py          166   send                      : sending frame '2909001f00e04ee408dc1b0000021400cb4b958a5b01000f0069006e0062006f00780000'
2026-10-09 08:11:28,874 LT1-thread root DEBUG map.py                    518   map_command_rsp_succ      : map_command_rsp_succ
2026-10-09 08:11:28,874 LT1-thread root DEBUG iutctl_common.py          339   read                      : 
2026-10-09 08:11:28,903 BTPWorkerThread-31606 (_rx_task) root DEBUG iutctl_common.py          123   read                      : Read 5 bytes
2026-10-09 08:11:28,908 BTPWorkerThread-31606 (_rx_task) root DEBUG iutctl_common.py          131   read                      : Received: hdr: Header(svc_id=0x29, op=0x09, ctrl_index=0x00, data_len=0x00) bytearray(b')\t\x00\x00\x00')
2026-10-09 08:11:28,914 BTPWorkerThread-31606 (_rx_task) root DEBUG iutctl_common.py          154   read                      : Received data: {''}, bytearray(b'')
2026-10-09 08:11:28,914 BTPWorkerThread-31606 (_rx_task) root DEBUG iutctl_common.py          123   read                      : Read 5 bytes
2026-10-09 08:11:28,915 LT1-thread root DEBUG map.py                    523   map_command_rsp_succ      : received Header(svc_id=41, op=9, ctrl_index=0, data_len=0) (b'',)
2026-10-09 08:11:28,915 BTPWorkerThread-31606 (_rx_task) root DEBUG iutctl_common.py          131   read                      : Received: hdr: Header(svc_id=0x29, op=0x88, ctrl_index=0x00, data_len=0x0b) bytearray(b')\x88\x00\x0b\x00')
2026-10-09 08:11:28,915 BTPWorkerThread-31606 (_rx_task) root DEBUG iutctl_common.py          139   read                      : Read 11 bytes data
2026-10-09 08:11:28,915 BTPWorkerThread-31606 (_rx_task) root DEBUG iutctl_common.py          154   read                      : Received data: {'e0 4e e4 08 dc 1b 00 00 a0 00 00'}, bytearray(b'\xe0N\xe4\x08\xdc\x1b\x00\x00\xa0\x00\x00')
2026-10-09 08:11:28,917 BTPWorkerThread-31606 (_rx_task) root DEBUG btp.py                    736   event_handler             : Header(svc_id=41, op=136, ctrl_index=0, data_len=11) (b'\xe0N\xe4\x08\xdc\x1b\x00\x00\xa0\x00\x00',)
2026-10-09 08:11:28,917 Thread-31614 (_process_events) root DEBUG map.py                    1894  _map_mce_mas_set_folder_ev : _map_mce_mas_set_folder_ev b'\xe0N\xe4\x08\xdc\x1b\x00\x00\xa0\x00\x00'
2026-10-09 08:11:29,016 LT1-thread root DEBUG map.py                    768   map_mce_mas_get_msg_listing : map_mce_mas_get_msg_listing 0 True b'\xcbK\x95\x8a[\x97\x01B\x00\x18x-bt/MAP-msg-listing\x00\x01\x00\x03' None
2026-10-09 08:11:29,016 LT1-thread root DEBUG iutctl_common.py          161   send                      : 41 12 0 'bytearray(b\'\\xe0N\\xe4\\x08\\xdc\\x1b\\x00\\x00\\x01"\\x00\\xcbK\\x95\\x8a[\\x97\\x01B\\x00\\x18x-bt/MAP-msg-listing\\x00\\x01\\x00\\x03\')'
2026-10-09 08:11:29,016 LT1-thread root DEBUG iutctl_common.py          166   send                      : sending frame '290c002d00e04ee408dc1b0000012200cb4b958a5b9701420018782d62742f4d41502d6d73672d6c697374696e6700010003'
2026-10-09 08:11:29,017 LT1-thread root DEBUG map.py                    518   map_command_rsp_succ      : map_command_rsp_succ
2026-10-09 08:11:29,017 LT1-thread root DEBUG iutctl_common.py          339   read                      : 
2026-10-09 08:11:29,059 BTPWorkerThread-31606 (_rx_task) root DEBUG iutctl_common.py          123   read                      : Read 5 bytes
2026-10-09 08:11:29,059 BTPWorkerThread-31606 (_rx_task) root DEBUG iutctl_common.py          131   read                      : Received: hdr: Header(svc_id=0x29, op=0x0c, ctrl_index=0x00, data_len=0x00) bytearray(b')\x0c\x00\x00\x00')
2026-10-09 08:11:29,065 BTPWorkerThread-31606 (_rx_task) root DEBUG iutctl_common.py          154   read                      : Received data: {''}, bytearray(b'')
2026-10-09 08:11:29,071 LT1-thread root DEBUG map.py                    523   map_command_rsp_succ      : received Header(svc_id=41, op=12, ctrl_index=0, data_len=0) (b'',)
2026-10-09 08:11:29,071 BTPWorkerThread-31606 (_rx_task) root DEBUG iutctl_common.py          123   read                      : Read 5 bytes
2026-10-09 08:11:29,072 BTPWorkerThread-31606 (_rx_task) root DEBUG iutctl_common.py          131   read                      : Received: hdr: Header(svc_id=0x29, op=0x8a, ctrl_index=0x00, data_len=0x108) bytearray(b')\x8a\x00\x08\x01')
2026-10-09 08:11:29,072 BTPWorkerThread-31606 (_rx_task) root DEBUG iutctl_common.py          139   read                      : Read 51 bytes data
2026-10-09 08:11:29,080 BTPWorkerThread-31606 (_rx_task) root DEBUG iutctl_common.py          139   read                      : Read 130 bytes data
2026-10-09 08:11:29,091 BTPWorkerThread-31606 (_rx_task) root DEBUG iutctl_common.py          139   read                      : Read 83 bytes data
2026-10-09 08:11:29,091 BTPWorkerThread-31606 (_rx_task) root DEBUG iutctl_common.py          154   read                      : Received data: {'e0 4e e4 08 dc 1b 00 00 90 fd 00 97 01 48 00 fb 3c 4d 41 50 2d 6d 73 67 2d 6c 69 73 74 69 6e 67 20 76 65 72 73 69 6f 6e 20 3d 20 22 31 2e 31 22 3e 0d 0a 3c 6d 73 67 20 68 61 6e 64 6c 65 20 3d 20 22 30 31 32 33 34 35 36 37 38 39 30 30 30 30 30 31 22 20 73 75 62 6a 65 63 74 20 3d 20 22 4d 61 6b 65 20 73 75 62 6a 65 63 74 20 32 35 36 20 62 79 74 65 73 20 6c 6f 6e 67 20 66 6f 72 20 74 65 73 74 69 6e 67 2e 20 4d 61 6b 65 20 73 75 62 6a 65 63 74 20 32 35 36 20 62 79 74 65 73 20 6c 6f 6e 67 20 66 6f 72 20 74 65 73 74 69 6e 67 2e 20 4d 61 6b 65 20 73 75 62 6a 65 63 74 20 32 35 36 20 62 79 74 65 73 20 6c 6f 6e 67 20 66 6f 72 20 74 65 73 74 69 6e 67 2e 20 4d 61 6b 65 20 73 75 62 6a 65 63 74 20 32 35 36 20 62 79 74 65 73 20 6c 6f 6e 67 20 66 6f 72 20 74 65 73 74 69 6e 67 2e 20 4d 61 6b 65 20'}, bytearray(b'\xe0N\xe4\x08\xdc\x1b\x00\x00\x90\xfd\x00\x97\x01H\x00\xfb<MAP-msg-listing version = "1.1">\r\n<msg handle = "0123456789000001" subject = "Make subject 256 bytes long for testing. Make subject 256 bytes long for testing. Make subject 256 bytes long for testing. Make subject 256 bytes long for testing. Make ')
2026-10-09 08:11:29,092 BTPWorkerThread-31606 (_rx_task) root DEBUG btp.py                    736   event_handler             : Header(svc_id=41, op=138, ctrl_index=0, data_len=264) (b'\xe0N\xe4\x08\xdc\x1b\x00\x00\x90\xfd\x00\x97\x01H\x00\xfb<MAP-msg-listing version = "1.1">\r\n<msg handle = "0123456789000001" subject = "Make subject 256 bytes long for testing. Make subject 256 bytes long for testing. Make subject 256 bytes long for testing. Make subject 256 bytes long for testing. Make ',)
2026-10-09 08:11:29,092 BTPWorkerThread-31606 (_rx_task) root DEBUG iutctl_common.py          123   read                      : Read 5 bytes
2026-10-09 08:11:29,092 Thread-31614 (_process_events) root DEBUG map.py                    1947  _map_mce_mas_get_msg_listing_ev : _map_mce_mas_get_msg_listing_ev b'\xe0N\xe4\x08\xdc\x1b\x00\x00\x90\xfd\x00\x97\x01H\x00\xfb<MAP-msg-listing version = "1.1">\r\n<msg handle = "0123456789000001" subject = "Make subject 256 bytes long for testing. Make subject 256 bytes long for testing. Make subject 256 bytes long for testing. Make subject 256 bytes long for testing. Make '
2026-10-09 08:11:29,092 BTPWorkerThread-31606 (_rx_task) root DEBUG iutctl_common.py          131   read                      : Received: hdr: Header(svc_id=0x29, op=0x8a, ctrl_index=0x00, data_len=0x108) bytearray(b')\x8a\x00\x08\x01')
2026-10-09 08:11:29,092 BTPWorkerThread-31606 (_rx_task) root DEBUG iutctl_common.py          139   read                      : Read 4 bytes data
2026-10-09 08:11:29,102 BTPWorkerThread-31606 (_rx_task) root DEBUG iutctl_common.py          139   read                      : Read 142 bytes data
2026-10-09 08:11:29,104 BTPWorkerThread-31606 (_rx_task) root DEBUG iutctl_common.py          139   read                      : Read 2 bytes data
2026-10-09 08:11:29,114 BTPWorkerThread-31606 (_rx_task) root DEBUG iutctl_common.py          139   read                      : Read 116 bytes data
2026-10-09 08:11:29,115 BTPWorkerThread-31606 (_rx_task) root DEBUG iutctl_common.py          154   read                      : Received data: {'e0 4e e4 08 dc 1b 00 00 90 fd 00 97 01 48 00 fb 73 75 62 6a 65 63 74 20 32 35 36 20 62 79 74 65 73 20 6c 6f 6e 67 20 66 6f 72 20 74 65 73 74 69 6e 67 2e 20 4d 61 6b 65 20 73 75 62 6a 65 63 74 20 32 35 36 20 62 79 74 65 73 20 6c 6f 6e 67 20 66 6f 72 20 74 65 73 74 69 6e 67 2e 22 20 64 61 74 65 74 69 6d 65 20 3d 20 22 32 30 32 36 31 30 30 39 54 30 30 31 31 32 39 22 20 73 65 6e 64 65 72 5f 6e 61 6d 65 20 3d 20 22 49 55 54 2e 20 6d 61 6b 65 20 74 68 65 20 6e 61 6d 65 20 32 35 36 20 62 79 74 65 73 20 6c 6f 6e 67 2e 20 6d 61 6b 65 20 74 68 65 20 6e 61 6d 65 20 32 35 36 20 62 79 74 65 73 20 6c 6f 6e 67 2e 20 6d 61 6b 65 20 74 68 65 20 6e 61 6d 65 20 32 35 36 20 62 79 74 65 73 20 6c 6f 6e 67 2e 20 6d 61 6b 65 20 74 68 65 20 6e 61 6d 65 20 32 35 36 20 62 79 74 65 73 20 6c 6f 6e 67 2e 20 6d'}, bytearray(b'\xe0N\xe4\x08\xdc\x1b\x00\x00\x90\xfd\x00\x97\x01H\x00\xfbsubject 256 bytes long for testing. Make subject 256 bytes long for testing." datetime = "20261009T001129" sender_name = "IUT. make the name 256 bytes long. make the name 256 bytes long. make the name 256 bytes long. make the name 256 bytes long. m')
2026-10-09 08:11:29,115 BTPWorkerThread-31606 (_rx_task) root DEBUG btp.py                    736   event_handler             : Header(svc_id=41, op=138, ctrl_index=0, data_len=264) (b'\xe0N\xe4\x08\xdc\x1b\x00\x00\x90\xfd\x00\x97\x01H\x00\xfbsubject 256 bytes long for testing. Make subject 256 bytes long for testing." datetime = "20261009T001129" sender_name = "IUT. make the name 256 bytes long. make the name 256 bytes long. make the name 256 bytes long. make the name 256 bytes long. m',)
2026-10-09 08:11:29,115 Thread-31614 (_process_events) root DEBUG map.py                    1947  _map_mce_mas_get_msg_listing_ev : _map_mce_mas_get_msg_listing_ev b'\xe0N\xe4\x08\xdc\x1b\x00\x00\x90\xfd\x00\x97\x01H\x00\xfbsubject 256 bytes long for testing. Make subject 256 bytes long for testing." datetime = "20261009T001129" sender_name = "IUT. make the name 256 bytes long. make the name 256 bytes long. make the name 256 bytes long. make the name 256 bytes long. m'
2026-10-09 08:11:29,125 BTPWorkerThread-31606 (_rx_task) root DEBUG iutctl_common.py          123   read                      : Read 5 bytes
2026-10-09 08:11:29,125 BTPWorkerThread-31606 (_rx_task) root DEBUG iutctl_common.py          131   read                      : Received: hdr: Header(svc_id=0x29, op=0x8a, ctrl_index=0x00, data_len=0x108) bytearray(b')\x8a\x00\x08\x01')
2026-10-09 08:11:29,125 BTPWorkerThread-31606 (_rx_task) root DEBUG iutctl_common.py          139   read                      : Read 95 bytes data
2026-10-09 08:11:29,135 BTPWorkerThread-31606 (_rx_task) root DEBUG iutctl_common.py          139   read                      : Read 115 bytes data
2026-10-09 08:11:29,146 BTPWorkerThread-31606 (_rx_task) root DEBUG iutctl_common.py          139   read                      : Read 54 bytes data
2026-10-09 08:11:29,146 BTPWorkerThread-31606 (_rx_task) root DEBUG iutctl_common.py          154   read                      : Received data: {'e0 4e e4 08 dc 1b 00 00 90 fd 00 97 01 48 00 fb 61 6b 65 20 74 68 65 20 6e 61 6d 65 20 32 35 36 20 62 79 74 65 73 20 6c 6f 6e 67 2e 20 6d 61 6b 65 20 74 68 65 20 6e 61 6d 65 20 32 35 36 20 62 79 74 65 73 20 6c 6f 6e 67 2e 20 6d 61 6b 65 20 74 68 65 20 6e 61 6d 65 20 32 35 36 20 62 79 74 65 73 20 6c 6f 6e 67 2e 20 6d 61 6b 65 20 74 68 65 20 6e 61 6d 65 20 32 35 36 20 62 79 74 65 73 20 6c 6f 6e 67 2e 22 20 73 65 6e 64 65 72 5f 61 64 64 72 65 73 73 69 6e 67 20 3d 20 22 31 32 33 34 35 36 37 38 39 31 22 20 72 65 63 69 70 69 65 6e 74 5f 6e 61 6d 65 20 3d 20 22 50 54 53 2e 20 6d 61 6b 65 20 74 68 65 20 6e 61 6d 65 20 32 35 36 20 62 79 74 65 73 20 6c 6f 6e 67 2e 20 6d 61 6b 65 20 74 68 65 20 6e 61 6d 65 20 32 35 36 20 62 79 74 65 73 20 6c 6f 6e 67 2e 20 6d 61 6b 65 20 74 68 65 20 6e 61 6d'}, bytearray(b'\xe0N\xe4\x08\xdc\x1b\x00\x00\x90\xfd\x00\x97\x01H\x00\xfbake the name 256 bytes long. make the name 256 bytes long. make the name 256 bytes long. make the name 256 bytes long." sender_addressing = "1234567891" recipient_name = "PTS. make the name 256 bytes long. make the name 256 bytes long. make the nam')
2026-10-09 08:11:29,146 BTPWorkerThread-31606 (_rx_task) root DEBUG btp.py                    736   event_handler             : Header(svc_id=41, op=138, ctrl_index=0, data_len=264) (b'\xe0N\xe4\x08\xdc\x1b\x00\x00\x90\xfd\x00\x97\x01H\x00\xfbake the name 256 bytes long. make the name 256 bytes long. make the name 256 bytes long. make the name 256 bytes long." sender_addressing = "1234567891" recipient_name = "PTS. make the name 256 bytes long. make the name 256 bytes long. make the nam',)
2026-10-09 08:11:29,146 BTPWorkerThread-31606 (_rx_task) root DEBUG iutctl_common.py          123   read                      : Read 5 bytes
2026-10-09 08:11:29,146 BTPWorkerThread-31606 (_rx_task) root DEBUG iutctl_common.py          131   read                      : Received: hdr: Header(svc_id=0x29, op=0x8a, ctrl_index=0x00, data_len=0x108) bytearray(b')\x8a\x00\x08\x01')
2026-10-09 08:11:29,146 Thread-31614 (_process_events) root DEBUG map.py                    1947  _map_mce_mas_get_msg_listing_ev : _map_mce_mas_get_msg_listing_ev b'\xe0N\xe4\x08\xdc\x1b\x00\x00\x90\xfd\x00\x97\x01H\x00\xfbake the name 256 bytes long. make the name 256 bytes long. make the name 256 bytes long. make the name 256 bytes long." sender_addressing = "1234567891" recipient_name = "PTS. make the name 256 bytes long. make the name 256 bytes long. make the nam'
2026-10-09 08:11:29,146 BTPWorkerThread-31606 (_rx_task) root DEBUG iutctl_common.py          139   read                      : Read 21 bytes data
2026-10-09 08:11:29,157 BTPWorkerThread-31606 (_rx_task) root DEBUG iutctl_common.py          139   read                      : Read 125 bytes data
2026-10-09 08:11:29,157 BTPWorkerThread-31606 (_rx_task) root DEBUG iutctl_common.py          139   read                      : Read 1 bytes data
2026-10-09 08:11:29,167 BTPWorkerThread-31606 (_rx_task) root DEBUG iutctl_common.py          139   read                      : Read 115 bytes data
2026-10-09 08:11:29,178 BTPWorkerThread-31606 (_rx_task) root DEBUG iutctl_common.py          139   read                      : Read 2 bytes data
2026-10-09 08:11:29,178 BTPWorkerThread-31606 (_rx_task) root DEBUG iutctl_common.py          154   read                      : Received data: {'e0 4e e4 08 dc 1b 00 00 90 fd 00 97 01 48 00 fb 65 20 32 35 36 20 62 79 74 65 73 20 6c 6f 6e 67 2e 20 6d 61 6b 65 20 74 68 65 20 6e 61 6d 65 20 32 35 36 20 62 79 74 65 73 20 6c 6f 6e 67 2e 20 6d 61 6b 65 20 74 68 65 20 6e 61 6d 65 20 32 35 36 20 62 79 74 65 73 20 6c 6f 6e 67 2e 20 6d 61 6b 65 20 74 68 65 20 6e 61 6d 65 20 32 35 36 20 62 79 74 65 73 20 6c 6f 6e 67 2e 20 6d 61 6b 65 20 74 68 65 20 6e 61 6d 65 20 32 35 36 20 62 79 74 65 73 20 6c 6f 6e 67 2e 20 6d 61 6b 65 20 74 68 65 20 6e 61 6d 65 20 32 35 36 20 62 79 74 65 73 20 6c 6f 6e 67 2e 22 20 72 65 63 69 70 69 65 6e 74 5f 61 64 64 72 65 73 73 69 6e 67 20 3d 20 22 31 34 32 35 36 39 31 33 35 32 34 22 20 74 79 70 65 20 3d 20 22 53 4d 53 5f 47 53 4d 22 20 73 69 7a 65 20 3d 20 22 39 37 38 22 20 74 65 78 74 20 3d 20 22 79 65 73 22'}, bytearray(b'\xe0N\xe4\x08\xdc\x1b\x00\x00\x90\xfd\x00\x97\x01H\x00\xfbe 256 bytes long. make the name 256 bytes long. make the name 256 bytes long. make the name 256 bytes long. make the name 256 bytes long. make the name 256 bytes long." recipient_addressing = "14256913524" type = "SMS_GSM" size = "978" text = "yes"')
2026-10-09 08:11:29,179 BTPWorkerThread-31606 (_rx_task) root DEBUG btp.py                    736   event_handler             : Header(svc_id=41, op=138, ctrl_index=0, data_len=264) (b'\xe0N\xe4\x08\xdc\x1b\x00\x00\x90\xfd\x00\x97\x01H\x00\xfbe 256 bytes long. make the name 256 bytes long. make the name 256 bytes long. make the name 256 bytes long. make the name 256 bytes long. make the name 256 bytes long." recipient_addressing = "14256913524" type = "SMS_GSM" size = "978" text = "yes"',)
2026-10-09 08:11:29,179 Thread-31614 (_process_events) root DEBUG map.py                    1947  _map_mce_mas_get_msg_listing_ev : _map_mce_mas_get_msg_listing_ev b'\xe0N\xe4\x08\xdc\x1b\x00\x00\x90\xfd\x00\x97\x01H\x00\xfbe 256 bytes long. make the name 256 bytes long. make the name 256 bytes long. make the name 256 bytes long. make the name 256 bytes long. make the name 256 bytes long." recipient_addressing = "14256913524" type = "SMS_GSM" size = "978" text = "yes"'
2026-10-09 08:11:29,179 BTPWorkerThread-31606 (_rx_task) root DEBUG iutctl_common.py          123   read                      : Read 5 bytes
2026-10-09 08:11:29,179 BTPWorkerThread-31606 (_rx_task) root DEBUG iutctl_common.py          131   read                      : Received: hdr: Header(svc_id=0x29, op=0x8a, ctrl_index=0x00, data_len=0x108) bytearray(b')\x8a\x00\x08\x01')
2026-10-09 08:11:29,179 BTPWorkerThread-31606 (_rx_task) root DEBUG iutctl_common.py          139   read                      : Read 86 bytes data
2026-10-09 08:11:29,189 BTPWorkerThread-31606 (_rx_task) root DEBUG iutctl_common.py          139   read                      : Read 128 bytes data
2026-10-09 08:11:29,189 BTPWorkerThread-31606 (_rx_task) root DEBUG iutctl_common.py          139   read                      : Read 3 bytes data
2026-10-09 08:11:29,199 BTPWorkerThread-31606 (_rx_task) root DEBUG iutctl_common.py          139   read                      : Read 47 bytes data
2026-10-09 08:11:29,200 BTPWorkerThread-31606 (_rx_task) root DEBUG iutctl_common.py          154   read                      : Received data: {'e0 4e e4 08 dc 1b 00 00 90 fd 00 97 01 48 00 fb 20 72 65 63 65 70 74 69 6f 6e 5f 73 74 61 74 75 73 20 3d 20 22 63 6f 6d 70 6c 65 74 65 22 20 61 74 74 61 63 68 6d 65 6e 74 5f 73 69 7a 65 20 3d 20 22 30 22 20 70 72 69 6f 72 69 74 79 20 3d 20 22 6e 6f 22 20 72 65 61 64 20 3d 20 22 6e 6f 22 20 73 65 6e 64 20 3d 20 22 6e 6f 22 20 70 72 6f 74 65 63 74 65 64 20 3d 20 22 6e 6f 22 20 63 6f 6e 76 65 72 73 61 74 69 6f 6e 5f 69 64 20 3d 20 22 31 37 33 35 30 39 39 38 35 32 22 20 64 69 72 65 63 74 69 6f 6e 20 3d 20 22 69 6e 63 6f 6d 69 6e 67 22 20 2f 3e 0d 0a 3c 6d 73 67 20 68 61 6e 64 6c 65 20 3d 20 22 30 31 32 33 34 35 36 37 38 39 30 30 30 30 30 32 22 20 73 75 62 6a 65 63 74 20 3d 20 22 4d 61 6b 65 20 73 75 62 6a 65 63 74 20 32 35 36 20 62 79 74 65 73 20 6c 6f 6e 67 20 66 6f 72 20 74 65 73 74'}, bytearray(b'\xe0N\xe4\x08\xdc\x1b\x00\x00\x90\xfd\x00\x97\x01H\x00\xfb reception_status = "complete" attachment_size = "0" priority = "no" read = "no" send = "no" protected = "no" conversation_id = "1735099852" direction = "incoming" />\r\n<msg handle = "0123456789000002" subject = "Make subject 256 bytes long for test')
2026-10-09 08:11:29,200 BTPWorkerThread-31606 (_rx_task) root DEBUG btp.py                    736   event_handler             : Header(svc_id=41, op=138, ctrl_index=0, data_len=264) (b'\xe0N\xe4\x08\xdc\x1b\x00\x00\x90\xfd\x00\x97\x01H\x00\xfb reception_status = "complete" attachment_size = "0" priority = "no" read = "no" send = "no" protected = "no" conversation_id = "1735099852" direction = "incoming" />\r\n<msg handle = "0123456789000002" subject = "Make subject 256 bytes long for test',)
2026-10-09 08:11:29,200 Thread-31614 (_process_events) root DEBUG map.py                    1947  _map_mce_mas_get_msg_listing_ev : _map_mce_mas_get_msg_listing_ev b'\xe0N\xe4\x08\xdc\x1b\x00\x00\x90\xfd\x00\x97\x01H\x00\xfb reception_status = "complete" attachment_size = "0" priority = "no" read = "no" send = "no" protected = "no" conversation_id = "1735099852" direction = "incoming" />\r\n<msg handle = "0123456789000002" subject = "Make subject 256 bytes long for test'
2026-10-09 08:11:29,200 BTPWorkerThread-31606 (_rx_task) root DEBUG iutctl_common.py          123   read                      : Read 5 bytes
2026-10-09 08:11:29,200 BTPWorkerThread-31606 (_rx_task) root DEBUG iutctl_common.py          131   read                      : Received: hdr: Header(svc_id=0x29, op=0x8a, ctrl_index=0x00, data_len=0x108) bytearray(b')\x8a\x00\x08\x01')
2026-10-09 08:11:29,200 BTPWorkerThread-31606 (_rx_task) root DEBUG iutctl_common.py          139   read                      : Read 40 bytes data
2026-10-09 08:11:29,211 BTPWorkerThread-31606 (_rx_task) root DEBUG iutctl_common.py          139   read                      : Read 122 bytes data
2026-10-09 08:11:29,222 BTPWorkerThread-31606 (_rx_task) root DEBUG iutctl_common.py          139   read                      : Read 102 bytes data
2026-10-09 08:11:29,222 BTPWorkerThread-31606 (_rx_task) root DEBUG iutctl_common.py          154   read                      : Received data: {'e0 4e e4 08 dc 1b 00 00 90 fd 00 97 01 48 00 fb 69 6e 67 2e 20 4d 61 6b 65 20 73 75 62 6a 65 63 74 20 32 35 36 20 62 79 74 65 73 20 6c 6f 6e 67 20 66 6f 72 20 74 65 73 74 69 6e 67 2e 20 4d 61 6b 65 20 73 75 62 6a 65 63 74 20 32 35 36 20 62 79 74 65 73 20 6c 6f 6e 67 20 66 6f 72 20 74 65 73 74 69 6e 67 2e 20 4d 61 6b 65 20 73 75 62 6a 65 63 74 20 32 35 36 20 62 79 74 65 73 20 6c 6f 6e 67 20 66 6f 72 20 74 65 73 74 69 6e 67 2e 20 4d 61 6b 65 20 73 75 62 6a 65 63 74 20 32 35 36 20 62 79 74 65 73 20 6c 6f 6e 67 20 66 6f 72 20 74 65 73 74 69 6e 67 2e 20 4d 61 6b 65 20 73 75 62 6a 65 63 74 20 32 35 36 20 62 79 74 65 73 20 6c 6f 6e 67 20 66 6f 72 20 74 65 73 74 69 6e 67 2e 22 20 64 61 74 65 74 69 6d 65 20 3d 20 22 32 30 32 36 31 30 30 39 54 30 30 31 31 32 39 22 20 73 65 6e 64 65 72 5f 6e'}, bytearray(b'\xe0N\xe4\x08\xdc\x1b\x00\x00\x90\xfd\x00\x97\x01H\x00\xfbing. Make subject 256 bytes long for testing. Make subject 256 bytes long for testing. Make subject 256 bytes long for testing. Make subject 256 bytes long for testing. Make subject 256 bytes long for testing." datetime = "20261009T001129" sender_n')
2026-10-09 08:11:29,222 BTPWorkerThread-31606 (_rx_task) root DEBUG btp.py                    736   event_handler             : Header(svc_id=41, op=138, ctrl_index=0, data_len=264) (b'\xe0N\xe4\x08\xdc\x1b\x00\x00\x90\xfd\x00\x97\x01H\x00\xfbing. Make subject 256 bytes long for testing. Make subject 256 bytes long for testing. Make subject 256 bytes long for testing. Make subject 256 bytes long for testing. Make subject 256 bytes long for testing." datetime = "20261009T001129" sender_n',)
2026-10-09 08:11:29,223 Thread-31614 (_process_events) root DEBUG map.py                    1947  _map_mce_mas_get_msg_listing_ev : _map_mce_mas_get_msg_listing_ev b'\xe0N\xe4\x08\xdc\x1b\x00\x00\x90\xfd\x00\x97\x01H\x00\xfbing. Make subject 256 bytes long for testing. Make subject 256 bytes long for testing. Make subject 256 bytes long for testing. Make subject 256 bytes long for testing. Make subject 256 bytes long for testing." datetime = "20261009T001129" sender_n'
2026-10-09 08:11:29,233 BTPWorkerThread-31606 (_rx_task) root DEBUG iutctl_common.py          123   read                      : Read 5 bytes
2026-10-09 08:11:29,233 BTPWorkerThread-31606 (_rx_task) root DEBUG iutctl_common.py          131   read                      : Received: hdr: Header(svc_id=0x29, op=0x8a, ctrl_index=0x00, data_len=0x108) bytearray(b')\x8a\x00\x08\x01')
2026-10-09 08:11:29,233 BTPWorkerThread-31606 (_rx_task) root DEBUG iutctl_common.py          139   read                      : Read 115 bytes data
2026-10-09 08:11:29,244 BTPWorkerThread-31606 (_rx_task) root DEBUG iutctl_common.py          139   read                      : Read 128 bytes data
2026-10-09 08:11:29,255 BTPWorkerThread-31606 (_rx_task) root DEBUG iutctl_common.py          139   read                      : Read 21 bytes data
2026-10-09 08:11:29,256 BTPWorkerThread-31606 (_rx_task) root DEBUG iutctl_common.py          154   read                      : Received data: {'e0 4e e4 08 dc 1b 00 00 90 fd 00 97 01 48 00 fb 61 6d 65 20 3d 20 22 49 55 54 2e 20 6d 61 6b 65 20 74 68 65 20 6e 61 6d 65 20 32 35 36 20 62 79 74 65 73 20 6c 6f 6e 67 2e 20 6d 61 6b 65 20 74 68 65 20 6e 61 6d 65 20 32 35 36 20 62 79 74 65 73 20 6c 6f 6e 67 2e 20 6d 61 6b 65 20 74 68 65 20 6e 61 6d 65 20 32 35 36 20 62 79 74 65 73 20 6c 6f 6e 67 2e 20 6d 61 6b 65 20 74 68 65 20 6e 61 6d 65 20 32 35 36 20 62 79 74 65 73 20 6c 6f 6e 67 2e 20 6d 61 6b 65 20 74 68 65 20 6e 61 6d 65 20 32 35 36 20 62 79 74 65 73 20 6c 6f 6e 67 2e 20 6d 61 6b 65 20 74 68 65 20 6e 61 6d 65 20 32 35 36 20 62 79 74 65 73 20 6c 6f 6e 67 2e 20 6d 61 6b 65 20 74 68 65 20 6e 61 6d 65 20 32 35 36 20 62 79 74 65 73 20 6c 6f 6e 67 2e 20 6d 61 6b 65 20 74 68 65 20 6e 61 6d 65 20 32 35 36 20 62 79 74 65 73 20 6c 6f'}, bytearray(b'\xe0N\xe4\x08\xdc\x1b\x00\x00\x90\xfd\x00\x97\x01H\x00\xfbame = "IUT. make the name 256 bytes long. make the name 256 bytes long. make the name 256 bytes long. make the name 256 bytes long. make the name 256 bytes long. make the name 256 bytes long. make the name 256 bytes long. make the name 256 bytes lo')
2026-10-09 08:11:29,256 BTPWorkerThread-31606 (_rx_task) root DEBUG btp.py                    736   event_handler             : Header(svc_id=41, op=138, ctrl_index=0, data_len=264) (b'\xe0N\xe4\x08\xdc\x1b\x00\x00\x90\xfd\x00\x97\x01H\x00\xfbame = "IUT. make the name 256 bytes long. make the name 256 bytes long. make the name 256 bytes long. make the name 256 bytes long. make the name 256 bytes long. make the name 256 bytes long. make the name 256 bytes long. make the name 256 bytes lo',)
2026-10-09 08:11:29,256 BTPWorkerThread-31606 (_rx_task) root DEBUG iutctl_common.py          123   read                      : Read 5 bytes
2026-10-09 08:11:29,256 Thread-31614 (_process_events) root DEBUG map.py                    1947  _map_mce_mas_get_msg_listing_ev : _map_mce_mas_get_msg_listing_ev b'\xe0N\xe4\x08\xdc\x1b\x00\x00\x90\xfd\x00\x97\x01H\x00\xfbame = "IUT. make the name 256 bytes long. make the name 256 bytes long. make the name 256 bytes long. make the name 256 bytes long. make the name 256 bytes long. make the name 256 bytes long. make the name 256 bytes long. make the name 256 bytes lo'
2026-10-09 08:11:29,256 BTPWorkerThread-31606 (_rx_task) root DEBUG iutctl_common.py          131   read                      : Received: hdr: Header(svc_id=0x29, op=0x8a, ctrl_index=0x00, data_len=0x108) bytearray(b')\x8a\x00\x08\x01')
2026-10-09 08:11:29,256 BTPWorkerThread-31606 (_rx_task) root DEBUG iutctl_common.py          139   read                      : Read 67 bytes data
2026-10-09 08:11:29,266 BTPWorkerThread-31606 (_rx_task) root DEBUG iutctl_common.py          139   read                      : Read 128 bytes data
2026-10-09 08:11:29,277 BTPWorkerThread-31606 (_rx_task) root DEBUG iutctl_common.py          139   read                      : Read 69 bytes data
2026-10-09 08:11:29,277 BTPWorkerThread-31606 (_rx_task) root DEBUG iutctl_common.py          154   read                      : Received data: {'e0 4e e4 08 dc 1b 00 00 90 fd 00 97 01 48 00 fb 6e 67 2e 22 20 73 65 6e 64 65 72 5f 61 64 64 72 65 73 73 69 6e 67 20 3d 20 22 31 32 33 34 35 36 37 38 39 32 22 20 72 65 63 69 70 69 65 6e 74 5f 6e 61 6d 65 20 3d 20 22 50 54 53 2e 20 6d 61 6b 65 20 74 68 65 20 6e 61 6d 65 20 32 35 36 20 62 79 74 65 73 20 6c 6f 6e 67 2e 20 6d 61 6b 65 20 74 68 65 20 6e 61 6d 65 20 32 35 36 20 62 79 74 65 73 20 6c 6f 6e 67 2e 20 6d 61 6b 65 20 74 68 65 20 6e 61 6d 65 20 32 35 36 20 62 79 74 65 73 20 6c 6f 6e 67 2e 20 6d 61 6b 65 20 74 68 65 20 6e 61 6d 65 20 32 35 36 20 62 79 74 65 73 20 6c 6f 6e 67 2e 20 6d 61 6b 65 20 74 68 65 20 6e 61 6d 65 20 32 35 36 20 62 79 74 65 73 20 6c 6f 6e 67 2e 20 6d 61 6b 65 20 74 68 65 20 6e 61 6d 65 20 32 35 36 20 62 79 74 65 73 20 6c 6f 6e 67 2e 20 6d 61 6b 65 20 74 68'}, bytearray(b'\xe0N\xe4\x08\xdc\x1b\x00\x00\x90\xfd\x00\x97\x01H\x00\xfbng." sender_addressing = "1234567892" recipient_name = "PTS. make the name 256 bytes long. make the name 256 bytes long. make the name 256 bytes long. make the name 256 bytes long. make the name 256 bytes long. make the name 256 bytes long. make th')
2026-10-09 08:11:29,278 BTPWorkerThread-31606 (_rx_task) root DEBUG btp.py                    736   event_handler             : Header(svc_id=41, op=138, ctrl_index=0, data_len=264) (b'\xe0N\xe4\x08\xdc\x1b\x00\x00\x90\xfd\x00\x97\x01H\x00\xfbng." sender_addressing = "1234567892" recipient_name = "PTS. make the name 256 bytes long. make the name 256 bytes long. make the name 256 bytes long. make the name 256 bytes long. make the name 256 bytes long. make the name 256 bytes long. make th',)
2026-10-09 08:11:29,278 BTPWorkerThread-31606 (_rx_task) root DEBUG iutctl_common.py          123   read                      : Read 5 bytes
2026-10-09 08:11:29,278 Thread-31614 (_process_events) root DEBUG map.py                    1947  _map_mce_mas_get_msg_listing_ev : _map_mce_mas_get_msg_listing_ev b'\xe0N\xe4\x08\xdc\x1b\x00\x00\x90\xfd\x00\x97\x01H\x00\xfbng." sender_addressing = "1234567892" recipient_name = "PTS. make the name 256 bytes long. make the name 256 bytes long. make the name 256 bytes long. make the name 256 bytes long. make the name 256 bytes long. make the name 256 bytes long. make th'
2026-10-09 08:11:29,278 BTPWorkerThread-31606 (_rx_task) root DEBUG iutctl_common.py          131   read                      : Received: hdr: Header(svc_id=0x29, op=0x8a, ctrl_index=0x00, data_len=0x108) bytearray(b')\x8a\x00\x08\x01')
2026-10-09 08:11:29,278 BTPWorkerThread-31606 (_rx_task) root DEBUG iutctl_common.py          139   read                      : Read 40 bytes data
2026-10-09 08:11:29,289 BTPWorkerThread-31606 (_rx_task) root DEBUG iutctl_common.py          139   read                      : Read 128 bytes data
2026-10-09 08:11:29,289 BTPWorkerThread-31606 (_rx_task) root DEBUG iutctl_common.py          139   read                      : Read 1 bytes data
2026-10-09 08:11:29,299 BTPWorkerThread-31606 (_rx_task) root DEBUG iutctl_common.py          139   read                      : Read 95 bytes data
2026-10-09 08:11:29,299 BTPWorkerThread-31606 (_rx_task) root DEBUG iutctl_common.py          154   read                      : Received data: {'e0 4e e4 08 dc 1b 00 00 90 fd 00 97 01 48 00 fb 65 20 6e 61 6d 65 20 32 35 36 20 62 79 74 65 73 20 6c 6f 6e 67 2e 20 6d 61 6b 65 20 74 68 65 20 6e 61 6d 65 20 32 35 36 20 62 79 74 65 73 20 6c 6f 6e 67 2e 22 20 72 65 63 69 70 69 65 6e 74 5f 61 64 64 72 65 73 73 69 6e 67 20 3d 20 22 31 34 32 35 36 39 31 33 35 32 34 22 20 74 79 70 65 20 3d 20 22 53 4d 53 5f 43 44 4d 41 22 20 73 69 7a 65 20 3d 20 22 31 30 31 34 22 20 74 65 78 74 20 3d 20 22 79 65 73 22 20 72 65 63 65 70 74 69 6f 6e 5f 73 74 61 74 75 73 20 3d 20 22 63 6f 6d 70 6c 65 74 65 22 20 61 74 74 61 63 68 6d 65 6e 74 5f 73 69 7a 65 20 3d 20 22 30 22 20 70 72 69 6f 72 69 74 79 20 3d 20 22 6e 6f 22 20 72 65 61 64 20 3d 20 22 6e 6f 22 20 73 65 6e 64 20 3d 20 22 6e 6f 22 20 70 72 6f 74 65 63 74 65 64 20 3d 20 22 6e 6f 22 20 63 6f 6e'}, bytearray(b'\xe0N\xe4\x08\xdc\x1b\x00\x00\x90\xfd\x00\x97\x01H\x00\xfbe name 256 bytes long. make the name 256 bytes long." recipient_addressing = "14256913524" type = "SMS_CDMA" size = "1014" text = "yes" reception_status = "complete" attachment_size = "0" priority = "no" read = "no" send = "no" protected = "no" con')
2026-10-09 08:11:29,299 BTPWorkerThread-31606 (_rx_task) root DEBUG btp.py                    736   event_handler             : Header(svc_id=41, op=138, ctrl_index=0, data_len=264) (b'\xe0N\xe4\x08\xdc\x1b\x00\x00\x90\xfd\x00\x97\x01H\x00\xfbe name 256 bytes long. make the name 256 bytes long." recipient_addressing = "14256913524" type = "SMS_CDMA" size = "1014" text = "yes" reception_status = "complete" attachment_size = "0" priority = "no" read = "no" send = "no" protected = "no" con',)
2026-10-09 08:11:29,300 Thread-31614 (_process_events) root DEBUG map.py                    1947  _map_mce_mas_get_msg_listing_ev : _map_mce_mas_get_msg_listing_ev b'\xe0N\xe4\x08\xdc\x1b\x00\x00\x90\xfd\x00\x97\x01H\x00\xfbe name 256 bytes long. make the name 256 bytes long." recipient_addressing = "14256913524" type = "SMS_CDMA" size = "1014" text = "yes" reception_status = "complete" attachment_size = "0" priority = "no" read = "no" send = "no" protected = "no" con'
2026-10-09 08:11:29,310 BTPWorkerThread-31606 (_rx_task) root DEBUG iutctl_common.py          123   read                      : Read 5 bytes
2026-10-09 08:11:29,310 BTPWorkerThread-31606 (_rx_task) root DEBUG iutctl_common.py          131   read                      : Received: hdr: Header(svc_id=0x29, op=0x8a, ctrl_index=0x00, data_len=0x108) bytearray(b')\x8a\x00\x08\x01')
2026-10-09 08:11:29,310 BTPWorkerThread-31606 (_rx_task) root DEBUG iutctl_common.py          139   read                      : Read 121 bytes data
2026-10-09 08:11:29,321 BTPWorkerThread-31606 (_rx_task) root DEBUG iutctl_common.py          139   read                      : Read 127 bytes data
2026-10-09 08:11:29,321 BTPWorkerThread-31606 (_rx_task) root DEBUG iutctl_common.py          139   read                      : Read 1 bytes data
2026-10-09 08:11:29,333 BTPWorkerThread-31606 (_rx_task) root DEBUG iutctl_common.py          139   read                      : Read 15 bytes data
2026-10-09 08:11:29,333 BTPWorkerThread-31606 (_rx_task) root DEBUG iutctl_common.py          154   read                      : Received data: {'e0 4e e4 08 dc 1b 00 00 90 fd 00 97 01 48 00 fb 76 65 72 73 61 74 69 6f 6e 5f 69 64 20 3d 20 22 31 37 35 31 38 37 37 34 37 31 22 20 64 69 72 65 63 74 69 6f 6e 20 3d 20 22 69 6e 63 6f 6d 69 6e 67 22 20 2f 3e 0d 0a 3c 6d 73 67 20 68 61 6e 64 6c 65 20 3d 20 22 30 31 32 33 34 35 36 37 38 39 30 30 30 30 30 33 22 20 73 75 62 6a 65 63 74 20 3d 20 22 20 50 54 53 20 74 65 73 74 69 6e 67 22 20 64 61 74 65 74 69 6d 65 20 3d 20 22 32 30 32 36 31 30 30 39 54 30 30 31 31 32 39 22 20 73 65 6e 64 65 72 5f 6e 61 6d 65 20 3d 20 22 49 55 54 2e 20 6d 61 6b 65 20 74 68 65 20 6e 61 6d 65 20 32 35 36 20 62 79 74 65 73 20 6c 6f 6e 67 2e 20 6d 61 6b 65 20 74 68 65 20 6e 61 6d 65 20 32 35 36 20 62 79 74 65 73 20 6c 6f 6e 67 2e 20 6d 61 6b 65 20 74 68 65 20 6e 61 6d 65 20 32 35 36 20 62 79 74 65 73 20 6c 6f'}, bytearray(b'\xe0N\xe4\x08\xdc\x1b\x00\x00\x90\xfd\x00\x97\x01H\x00\xfbversation_id = "1751877471" direction = "incoming" />\r\n<msg handle = "0123456789000003" subject = " PTS testing" datetime = "20261009T001129" sender_name = "IUT. make the name 256 bytes long. make the name 256 bytes long. make the name 256 bytes lo')
2026-10-09 08:11:29,333 BTPWorkerThread-31606 (_rx_task) root DEBUG btp.py                    736   event_handler             : Header(svc_id=41, op=138, ctrl_index=0, data_len=264) (b'\xe0N\xe4\x08\xdc\x1b\x00\x00\x90\xfd\x00\x97\x01H\x00\xfbversation_id = "1751877471" direction = "incoming" />\r\n<msg handle = "0123456789000003" subject = " PTS testing" datetime = "20261009T001129" sender_name = "IUT. make the name 256 bytes long. make the name 256 bytes long. make the name 256 bytes lo',)
2026-10-09 08:11:29,334 Thread-31614 (_process_events) root DEBUG map.py                    1947  _map_mce_mas_get_msg_listing_ev : _map_mce_mas_get_msg_listing_ev b'\xe0N\xe4\x08\xdc\x1b\x00\x00\x90\xfd\x00\x97\x01H\x00\xfbversation_id = "1751877471" direction = "incoming" />\r\n<msg handle = "0123456789000003" subject = " PTS testing" datetime = "20261009T001129" sender_name = "IUT. make the name 256 bytes long. make the name 256 bytes long. make the name 256 bytes lo'
2026-10-09 08:11:29,334 BTPWorkerThread-31606 (_rx_task) root DEBUG iutctl_common.py          123   read                      : Read 5 bytes
2026-10-09 08:11:29,334 BTPWorkerThread-31606 (_rx_task) root DEBUG iutctl_common.py          131   read                      : Received: hdr: Header(svc_id=0x29, op=0x8a, ctrl_index=0x00, data_len=0x108) bytearray(b')\x8a\x00\x08\x01')
2026-10-09 08:11:29,334 BTPWorkerThread-31606 (_rx_task) root DEBUG iutctl_common.py          139   read                      : Read 44 bytes data
2026-10-09 08:11:29,344 BTPWorkerThread-31606 (_rx_task) root DEBUG iutctl_common.py          139   read                      : Read 130 bytes data
2026-10-09 08:11:29,355 BTPWorkerThread-31606 (_rx_task) root DEBUG iutctl_common.py          139   read                      : Read 90 bytes data
2026-10-09 08:11:29,355 BTPWorkerThread-31606 (_rx_task) root DEBUG iutctl_common.py          154   read                      : Received data: {'e0 4e e4 08 dc 1b 00 00 90 fd 00 97 01 48 00 fb 6e 67 2e 20 6d 61 6b 65 20 74 68 65 20 6e 61 6d 65 20 32 35 36 20 62 79 74 65 73 20 6c 6f 6e 67 2e 20 6d 61 6b 65 20 74 68 65 20 6e 61 6d 65 20 32 35 36 20 62 79 74 65 73 20 6c 6f 6e 67 2e 20 6d 61 6b 65 20 74 68 65 20 6e 61 6d 65 20 32 35 36 20 62 79 74 65 73 20 6c 6f 6e 67 2e 20 6d 61 6b 65 20 74 68 65 20 6e 61 6d 65 20 32 35 36 20 62 79 74 65 73 20 6c 6f 6e 67 2e 20 6d 61 6b 65 20 74 68 65 20 6e 61 6d 65 20 32 35 36 20 62 79 74 65 73 20 6c 6f 6e 67 2e 22 20 73 65 6e 64 65 72 5f 61 64 64 72 65 73 73 69 6e 67 20 3d 20 22 6d 6f 6d 62 65 72 40 69 75 74 2e 63 6f 6d 22 20 72 65 63 69 70 69 65 6e 74 5f 6e 61 6d 65 20 3d 20 22 50 54 53 2e 20 6d 61 6b 65 20 74 68 65 20 6e 61 6d 65 20 32 35 36 20 62 79 74 65 73 20 6c 6f 6e 67 2e 20 6d 61 6b'}, bytearray(b'\xe0N\xe4\x08\xdc\x1b\x00\x00\x90\xfd\x00\x97\x01H\x00\xfbng. make the name 256 bytes long. make the name 256 bytes long. make the name 256 bytes long. make the name 256 bytes long. make the name 256 bytes long." sender_addressing = "momber@iut.com" recipient_name = "PTS. make the name 256 bytes long. mak')
2026-10-09 08:11:29,355 BTPWorkerThread-31606 (_rx_task) root DEBUG btp.py                    736   event_handler             : Header(svc_id=41, op=138, ctrl_index=0, data_len=264) (b'\xe0N\xe4\x08\xdc\x1b\x00\x00\x90\xfd\x00\x97\x01H\x00\xfbng. make the name 256 bytes long. make the name 256 bytes long. make the name 256 bytes long. make the name 256 bytes long. make the name 256 bytes long." sender_addressing = "momber@iut.com" recipient_name = "PTS. make the name 256 bytes long. mak',)
2026-10-09 08:11:29,355 Thread-31614 (_process_events) root DEBUG map.py                    1947  _map_mce_mas_get_msg_listing_ev : _map_mce_mas_get_msg_listing_ev b'\xe0N\xe4\x08\xdc\x1b\x00\x00\x90\xfd\x00\x97\x01H\x00\xfbng. make the name 256 bytes long. make the name 256 bytes long. make the name 256 bytes long. make the name 256 bytes long. make the name 256 bytes long." sender_addressing = "momber@iut.com" recipient_name = "PTS. make the name 256 bytes long. mak'
2026-10-09 08:11:29,355 BTPWorkerThread-31606 (_rx_task) root DEBUG iutctl_common.py          123   read                      : Read 5 bytes
2026-10-09 08:11:29,355 BTPWorkerThread-31606 (_rx_task) root DEBUG iutctl_common.py          131   read                      : Received: hdr: Header(svc_id=0x29, op=0x8a, ctrl_index=0x00, data_len=0x108) bytearray(b')\x8a\x00\x08\x01')
2026-10-09 08:11:29,355 BTPWorkerThread-31606 (_rx_task) root DEBUG iutctl_common.py          139   read                      : Read 17 bytes data
2026-10-09 08:11:29,365 BTPWorkerThread-31606 (_rx_task) root DEBUG iutctl_common.py          139   read                      : Read 117 bytes data
2026-10-09 08:11:29,365 BTPWorkerThread-31606 (_rx_task) root DEBUG iutctl_common.py          139   read                      : Read 11 bytes data
2026-10-09 08:11:29,377 BTPWorkerThread-31606 (_rx_task) root DEBUG iutctl_common.py          139   read                      : Read 119 bytes data
2026-10-09 08:11:29,377 BTPWorkerThread-31606 (_rx_task) root DEBUG iutctl_common.py          154   read                      : Received data: {'e0 4e e4 08 dc 1b 00 00 90 fd 00 97 01 48 00 fb 65 20 74 68 65 20 6e 61 6d 65 20 32 35 36 20 62 79 74 65 73 20 6c 6f 6e 67 2e 20 6d 61 6b 65 20 74 68 65 20 6e 61 6d 65 20 32 35 36 20 62 79 74 65 73 20 6c 6f 6e 67 2e 20 6d 61 6b 65 20 74 68 65 20 6e 61 6d 65 20 32 35 36 20 62 79 74 65 73 20 6c 6f 6e 67 2e 20 6d 61 6b 65 20 74 68 65 20 6e 61 6d 65 20 32 35 36 20 62 79 74 65 73 20 6c 6f 6e 67 2e 20 6d 61 6b 65 20 74 68 65 20 6e 61 6d 65 20 32 35 36 20 62 79 74 65 73 20 6c 6f 6e 67 2e 20 6d 61 6b 65 20 74 68 65 20 6e 61 6d 65 20 32 35 36 20 62 79 74 65 73 20 6c 6f 6e 67 2e 20 6d 61 6b 65 20 74 68 65 20 6e 61 6d 65 20 32 35 36 20 62 79 74 65 73 20 6c 6f 6e 67 2e 22 20 72 65 63 69 70 69 65 6e 74 5f 61 64 64 72 65 73 73 69 6e 67 20 3d 20 22 50 54 53 40 62 6c 75 65 74 6f 6f 74 68 2e 63 6f'}, bytearray(b'\xe0N\xe4\x08\xdc\x1b\x00\x00\x90\xfd\x00\x97\x01H\x00\xfbe the name 256 bytes long. make the name 256 bytes long. make the name 256 bytes long. make the name 256 bytes long. make the name 256 bytes long. make the name 256 bytes long. make the name 256 bytes long." recipient_addressing = "PTS@bluetooth.co')
2026-10-09 08:11:29,378 BTPWorkerThread-31606 (_rx_task) root DEBUG btp.py                    736   event_handler             : Header(svc_id=41, op=138, ctrl_index=0, data_len=264) (b'\xe0N\xe4\x08\xdc\x1b\x00\x00\x90\xfd\x00\x97\x01H\x00\xfbe the name 256 bytes long. make the name 256 bytes long. make the name 256 bytes long. make the name 256 bytes long. make the name 256 bytes long. make the name 256 bytes long. make the name 256 bytes long." recipient_addressing = "PTS@bluetooth.co',)
2026-10-09 08:11:29,378 Thread-31614 (_process_events) root DEBUG map.py                    1947  _map_mce_mas_get_msg_listing_ev : _map_mce_mas_get_msg_listing_ev b'\xe0N\xe4\x08\xdc\x1b\x00\x00\x90\xfd\x00\x97\x01H\x00\xfbe the name 256 bytes long. make the name 256 bytes long. make the name 256 bytes long. make the name 256 bytes long. make the name 256 bytes long. make the name 256 bytes long. make the name 256 bytes long." recipient_addressing = "PTS@bluetooth.co'
2026-10-09 08:11:29,388 BTPWorkerThread-31606 (_rx_task) root DEBUG iutctl_common.py          123   read                      : Read 5 bytes
2026-10-09 08:11:29,388 BTPWorkerThread-31606 (_rx_task) root DEBUG iutctl_common.py          131   read                      : Received: hdr: Header(svc_id=0x29, op=0x8a, ctrl_index=0x00, data_len=0x108) bytearray(b')\x8a\x00\x08\x01')
2026-10-09 08:11:29,389 BTPWorkerThread-31606 (_rx_task) root DEBUG iutctl_common.py          139   read                      : Read 104 bytes data
2026-10-09 08:11:29,399 BTPWorkerThread-31606 (_rx_task) root DEBUG iutctl_common.py          139   read                      : Read 123 bytes data
2026-10-09 08:11:29,410 BTPWorkerThread-31606 (_rx_task) root DEBUG iutctl_common.py          139   read                      : Read 37 bytes data
2026-10-09 08:11:29,411 BTPWorkerThread-31606 (_rx_task) root DEBUG iutctl_common.py          154   read                      : Received data: {'e0 4e e4 08 dc 1b 00 00 90 fd 00 97 01 48 00 fb 6d 22 20 74 79 70 65 20 3d 20 22 45 4d 41 49 4c 22 20 73 69 7a 65 20 3d 20 22 35 31 30 30 22 20 74 65 78 74 20 3d 20 22 79 65 73 22 20 72 65 63 65 70 74 69 6f 6e 5f 73 74 61 74 75 73 20 3d 20 22 63 6f 6d 70 6c 65 74 65 22 20 61 74 74 61 63 68 6d 65 6e 74 5f 73 69 7a 65 20 3d 20 22 30 22 20 70 72 69 6f 72 69 74 79 20 3d 20 22 6e 6f 22 20 72 65 61 64 20 3d 20 22 6e 6f 22 20 73 65 6e 64 20 3d 20 22 6e 6f 22 20 70 72 6f 74 65 63 74 65 64 20 3d 20 22 6e 6f 22 20 63 6f 6e 76 65 72 73 61 74 69 6f 6e 5f 69 64 20 3d 20 22 34 33 35 34 34 35 38 30 37 31 22 20 64 69 72 65 63 74 69 6f 6e 20 3d 20 22 69 6e 63 6f 6d 69 6e 67 22 20 2f 3e 0d 0a 3c 6d 73 67 20 68 61 6e 64 6c 65 20 3d 20 22 30 31 32 33 34 35 36 37 38 39 30 30 30 30 30 34 22 20 73 75 62'}, bytearray(b'\xe0N\xe4\x08\xdc\x1b\x00\x00\x90\xfd\x00\x97\x01H\x00\xfbm" type = "EMAIL" size = "5100" text = "yes" reception_status = "complete" attachment_size = "0" priority = "no" read = "no" send = "no" protected = "no" conversation_id = "4354458071" direction = "incoming" />\r\n<msg handle = "0123456789000004" sub')
2026-10-09 08:11:29,411 BTPWorkerThread-31606 (_rx_task) root DEBUG btp.py                    736   event_handler             : Header(svc_id=41, op=138, ctrl_index=0, data_len=264) (b'\xe0N\xe4\x08\xdc\x1b\x00\x00\x90\xfd\x00\x97\x01H\x00\xfbm" type = "EMAIL" size = "5100" text = "yes" reception_status = "complete" attachment_size = "0" priority = "no" read = "no" send = "no" protected = "no" conversation_id = "4354458071" direction = "incoming" />\r\n<msg handle = "0123456789000004" sub',)
2026-10-09 08:11:29,411 BTPWorkerThread-31606 (_rx_task) root DEBUG iutctl_common.py          123   read                      : Read 5 bytes
2026-10-09 08:11:29,411 BTPWorkerThread-31606 (_rx_task) root DEBUG iutctl_common.py          131   read                      : Received: hdr: Header(svc_id=0x29, op=0x8a, ctrl_index=0x00, data_len=0x108) bytearray(b')\x8a\x00\x08\x01')
2026-10-09 08:11:29,411 BTPWorkerThread-31606 (_rx_task) root DEBUG iutctl_common.py          139   read                      : Read 52 bytes data
2026-10-09 08:11:29,412 Thread-31614 (_process_events) root DEBUG map.py                    1947  _map_mce_mas_get_msg_listing_ev : _map_mce_mas_get_msg_listing_ev b'\xe0N\xe4\x08\xdc\x1b\x00\x00\x90\xfd\x00\x97\x01H\x00\xfbm" type = "EMAIL" size = "5100" text = "yes" reception_status = "complete" attachment_size = "0" priority = "no" read = "no" send = "no" protected = "no" conversation_id = "4354458071" direction = "incoming" />\r\n<msg handle = "0123456789000004" sub'
2026-10-09 08:11:29,421 BTPWorkerThread-31606 (_rx_task) root DEBUG iutctl_common.py          139   read                      : Read 133 bytes data
2026-10-09 08:11:29,421 BTPWorkerThread-31606 (_rx_task) root DEBUG iutctl_common.py          139   read                      : Read 1 bytes data
2026-10-09 08:11:29,432 BTPWorkerThread-31606 (_rx_task) root DEBUG iutctl_common.py          139   read                      : Read 78 bytes data
2026-10-09 08:11:29,433 BTPWorkerThread-31606 (_rx_task) root DEBUG iutctl_common.py          154   read                      : Received data: {'e0 4e e4 08 dc 1b 00 00 90 fd 00 97 01 48 00 fb 6a 65 63 74 20 3d 20 22 4d 61 6b 65 20 73 75 62 6a 65 63 74 20 32 35 36 20 62 79 74 65 73 20 6c 6f 6e 67 20 66 6f 72 20 74 65 73 74 69 6e 67 2e 20 4d 61 6b 65 20 73 75 62 6a 65 63 74 20 32 35 36 20 62 79 74 65 73 20 6c 6f 6e 67 20 66 6f 72 20 74 65 73 74 69 6e 67 2e 20 4d 61 6b 65 20 73 75 62 6a 65 63 74 20 32 35 36 20 62 79 74 65 73 20 6c 6f 6e 67 20 66 6f 72 20 74 65 73 74 69 6e 67 2e 20 4d 61 6b 65 20 73 75 62 6a 65 63 74 20 32 35 36 20 62 79 74 65 73 20 6c 6f 6e 67 20 66 6f 72 20 74 65 73 74 69 6e 67 2e 20 4d 61 6b 65 20 73 75 62 6a 65 63 74 20 32 35 36 20 62 79 74 65 73 20 6c 6f 6e 67 20 66 6f 72 20 74 65 73 74 69 6e 67 2e 20 4d 61 6b 65 20 73 75 62 6a 65 63 74 20 32 35 36 20 62 79 74 65 73 20 6c 6f 6e 67 20 66 6f 72 20 74 65 73'}, bytearray(b'\xe0N\xe4\x08\xdc\x1b\x00\x00\x90\xfd\x00\x97\x01H\x00\xfbject = "Make subject 256 bytes long for testing. Make subject 256 bytes long for testing. Make subject 256 bytes long for testing. Make subject 256 bytes long for testing. Make subject 256 bytes long for testing. Make subject 256 bytes long for tes')
2026-10-09 08:11:29,433 BTPWorkerThread-31606 (_rx_task) root DEBUG btp.py                    736   event_handler             : Header(svc_id=41, op=138, ctrl_index=0, data_len=264) (b'\xe0N\xe4\x08\xdc\x1b\x00\x00\x90\xfd\x00\x97\x01H\x00\xfbject = "Make subject 256 bytes long for testing. Make subject 256 bytes long for testing. Make subject 256 bytes long for testing. Make subject 256 bytes long for testing. Make subject 256 bytes long for testing. Make subject 256 bytes long for tes',)
2026-10-09 08:11:29,433 BTPWorkerThread-31606 (_rx_task) root DEBUG iutctl_common.py          123   read                      : Read 5 bytes
2026-10-09 08:11:29,433 Thread-31614 (_process_events) root DEBUG map.py                    1947  _map_mce_mas_get_msg_listing_ev : _map_mce_mas_get_msg_listing_ev b'\xe0N\xe4\x08\xdc\x1b\x00\x00\x90\xfd\x00\x97\x01H\x00\xfbject = "Make subject 256 bytes long for testing. Make subject 256 bytes long for testing. Make subject 256 bytes long for testing. Make subject 256 bytes long for testing. Make subject 256 bytes long for testing. Make subject 256 bytes long for tes'
2026-10-09 08:11:29,433 BTPWorkerThread-31606 (_rx_task) root DEBUG iutctl_common.py          131   read                      : Received: hdr: Header(svc_id=0x29, op=0x8a, ctrl_index=0x00, data_len=0x108) bytearray(b')\x8a\x00\x08\x01')
2026-10-09 08:11:29,433 BTPWorkerThread-31606 (_rx_task) root DEBUG iutctl_common.py          139   read                      : Read 13 bytes data
2026-10-09 08:11:29,443 BTPWorkerThread-31606 (_rx_task) root DEBUG iutctl_common.py          139   read                      : Read 117 bytes data
2026-10-09 08:11:29,443 BTPWorkerThread-31606 (_rx_task) root DEBUG iutctl_common.py          139   read                      : Read 11 bytes data
2026-10-09 08:11:29,454 BTPWorkerThread-31606 (_rx_task) root DEBUG iutctl_common.py          139   read                      : Read 119 bytes data
2026-10-09 08:11:29,454 BTPWorkerThread-31606 (_rx_task) root DEBUG iutctl_common.py          139   read                      : Read 1 bytes data
2026-10-09 08:11:29,465 BTPWorkerThread-31606 (_rx_task) root DEBUG iutctl_common.py          139   read                      : Read 3 bytes data
2026-10-09 08:11:29,466 BTPWorkerThread-31606 (_rx_task) root DEBUG iutctl_common.py          154   read                      : Received data: {'e0 4e e4 08 dc 1b 00 00 90 fd 00 97 01 48 00 fb 74 69 6e 67 2e 22 20 64 61 74 65 74 69 6d 65 20 3d 20 22 32 30 32 36 31 30 30 39 54 30 30 31 31 32 39 22 20 73 65 6e 64 65 72 5f 6e 61 6d 65 20 3d 20 22 49 55 54 2e 20 6d 61 6b 65 20 74 68 65 20 6e 61 6d 65 20 32 35 36 20 62 79 74 65 73 20 6c 6f 6e 67 2e 20 6d 61 6b 65 20 74 68 65 20 6e 61 6d 65 20 32 35 36 20 62 79 74 65 73 20 6c 6f 6e 67 2e 20 6d 61 6b 65 20 74 68 65 20 6e 61 6d 65 20 32 35 36 20 62 79 74 65 73 20 6c 6f 6e 67 2e 20 6d 61 6b 65 20 74 68 65 20 6e 61 6d 65 20 32 35 36 20 62 79 74 65 73 20 6c 6f 6e 67 2e 20 6d 61 6b 65 20 74 68 65 20 6e 61 6d 65 20 32 35 36 20 62 79 74 65 73 20 6c 6f 6e 67 2e 20 6d 61 6b 65 20 74 68 65 20 6e 61 6d 65 20 32 35 36 20 62 79 74 65 73 20 6c 6f 6e 67 2e 20 6d 61 6b 65 20 74 68 65 20 6e 61 6d'}, bytearray(b'\xe0N\xe4\x08\xdc\x1b\x00\x00\x90\xfd\x00\x97\x01H\x00\xfbting." datetime = "20261009T001129" sender_name = "IUT. make the name 256 bytes long. make the name 256 bytes long. make the name 256 bytes long. make the name 256 bytes long. make the name 256 bytes long. make the name 256 bytes long. make the nam')
2026-10-09 08:11:29,466 BTPWorkerThread-31606 (_rx_task) root DEBUG btp.py                    736   event_handler             : Header(svc_id=41, op=138, ctrl_index=0, data_len=264) (b'\xe0N\xe4\x08\xdc\x1b\x00\x00\x90\xfd\x00\x97\x01H\x00\xfbting." datetime = "20261009T001129" sender_name = "IUT. make the name 256 bytes long. make the name 256 bytes long. make the name 256 bytes long. make the name 256 bytes long. make the name 256 bytes long. make the name 256 bytes long. make the nam',)
2026-10-09 08:11:29,466 BTPWorkerThread-31606 (_rx_task) root DEBUG iutctl_common.py          123   read                      : Read 5 bytes
2026-10-09 08:11:29,466 BTPWorkerThread-31606 (_rx_task) root DEBUG iutctl_common.py          131   read                      : Received: hdr: Header(svc_id=0x29, op=0x8a, ctrl_index=0x00, data_len=0x108) bytearray(b')\x8a\x00\x08\x01')
2026-10-09 08:11:29,466 Thread-31614 (_process_events) root DEBUG map.py                    1947  _map_mce_mas_get_msg_listing_ev : _map_mce_mas_get_msg_listing_ev b'\xe0N\xe4\x08\xdc\x1b\x00\x00\x90\xfd\x00\x97\x01H\x00\xfbting." datetime = "20261009T001129" sender_name = "IUT. make the name 256 bytes long. make the name 256 bytes long. make the name 256 bytes long. make the name 256 bytes long. make the name 256 bytes long. make the name 256 bytes long. make the nam'
2026-10-09 08:11:29,466 BTPWorkerThread-31606 (_rx_task) root DEBUG iutctl_common.py          139   read                      : Read 78 bytes data
2026-10-09 08:11:29,477 BTPWorkerThread-31606 (_rx_task) root DEBUG iutctl_common.py          139   read                      : Read 137 bytes data
2026-10-09 08:11:29,489 BTPWorkerThread-31606 (_rx_task) root DEBUG iutctl_common.py          139   read                      : Read 49 bytes data
2026-10-09 08:11:29,489 BTPWorkerThread-31606 (_rx_task) root DEBUG iutctl_common.py          154   read                      : Received data: {'e0 4e e4 08 dc 1b 00 00 90 fd 00 97 01 48 00 fb 65 20 32 35 36 20 62 79 74 65 73 20 6c 6f 6e 67 2e 20 6d 61 6b 65 20 74 68 65 20 6e 61 6d 65 20 32 35 36 20 62 79 74 65 73 20 6c 6f 6e 67 2e 22 20 73 65 6e 64 65 72 5f 61 64 64 72 65 73 73 69 6e 67 20 3d 20 22 31 32 33 34 35 36 37 38 39 34 22 20 72 65 63 69 70 69 65 6e 74 5f 6e 61 6d 65 20 3d 20 22 50 54 53 2e 20 6d 61 6b 65 20 74 68 65 20 6e 61 6d 65 20 32 35 36 20 62 79 74 65 73 20 6c 6f 6e 67 2e 20 6d 61 6b 65 20 74 68 65 20 6e 61 6d 65 20 32 35 36 20 62 79 74 65 73 20 6c 6f 6e 67 2e 20 6d 61 6b 65 20 74 68 65 20 6e 61 6d 65 20 32 35 36 20 62 79 74 65 73 20 6c 6f 6e 67 2e 20 6d 61 6b 65 20 74 68 65 20 6e 61 6d 65 20 32 35 36 20 62 79 74 65 73 20 6c 6f 6e 67 2e 20 6d 61 6b 65 20 74 68 65 20 6e 61 6d 65 20 32 35 36 20 62 79 74 65 73'}, bytearray(b'\xe0N\xe4\x08\xdc\x1b\x00\x00\x90\xfd\x00\x97\x01H\x00\xfbe 256 bytes long. make the name 256 bytes long." sender_addressing = "1234567894" recipient_name = "PTS. make the name 256 bytes long. make the name 256 bytes long. make the name 256 bytes long. make the name 256 bytes long. make the name 256 bytes')
2026-10-09 08:11:29,489 BTPWorkerThread-31606 (_rx_task) root DEBUG btp.py                    736   event_handler             : Header(svc_id=41, op=138, ctrl_index=0, data_len=264) (b'\xe0N\xe4\x08\xdc\x1b\x00\x00\x90\xfd\x00\x97\x01H\x00\xfbe 256 bytes long. make the name 256 bytes long." sender_addressing = "1234567894" recipient_name = "PTS. make the name 256 bytes long. make the name 256 bytes long. make the name 256 bytes long. make the name 256 bytes long. make the name 256 bytes',)
2026-10-09 08:11:29,489 BTPWorkerThread-31606 (_rx_task) root DEBUG iutctl_common.py          123   read                      : Read 5 bytes
2026-10-09 08:11:29,489 Thread-31614 (_process_events) root DEBUG map.py                    1947  _map_mce_mas_get_msg_listing_ev : _map_mce_mas_get_msg_listing_ev b'\xe0N\xe4\x08\xdc\x1b\x00\x00\x90\xfd\x00\x97\x01H\x00\xfbe 256 bytes long. make the name 256 bytes long." sender_addressing = "1234567894" recipient_name = "PTS. make the name 256 bytes long. make the name 256 bytes long. make the name 256 bytes long. make the name 256 bytes long. make the name 256 bytes'
2026-10-09 08:11:29,489 BTPWorkerThread-31606 (_rx_task) root DEBUG iutctl_common.py          131   read                      : Received: hdr: Header(svc_id=0x29, op=0x8a, ctrl_index=0x00, data_len=0x108) bytearray(b')\x8a\x00\x08\x01')
2026-10-09 08:11:29,489 BTPWorkerThread-31606 (_rx_task) root DEBUG iutctl_common.py          139   read                      : Read 42 bytes data
2026-10-09 08:11:29,500 BTPWorkerThread-31606 (_rx_task) root DEBUG iutctl_common.py          139   read                      : Read 127 bytes data
2026-10-09 08:11:29,511 BTPWorkerThread-31606 (_rx_task) root DEBUG iutctl_common.py          139   read                      : Read 95 bytes data
2026-10-09 08:11:29,512 BTPWorkerThread-31606 (_rx_task) root DEBUG iutctl_common.py          154   read                      : Received data: {'e0 4e e4 08 dc 1b 00 00 90 fd 00 97 01 48 00 fb 20 6c 6f 6e 67 2e 20 6d 61 6b 65 20 74 68 65 20 6e 61 6d 65 20 32 35 36 20 62 79 74 65 73 20 6c 6f 6e 67 2e 20 6d 61 6b 65 20 74 68 65 20 6e 61 6d 65 20 32 35 36 20 62 79 74 65 73 20 6c 6f 6e 67 2e 20 6d 61 6b 65 20 74 68 65 20 6e 61 6d 65 20 32 35 36 20 62 79 74 65 73 20 6c 6f 6e 67 2e 22 20 72 65 63 69 70 69 65 6e 74 5f 61 64 64 72 65 73 73 69 6e 67 20 3d 20 22 31 34 32 35 36 39 31 33 35 32 34 22 20 74 79 70 65 20 3d 20 22 4d 4d 53 22 20 73 69 7a 65 20 3d 20 22 39 38 30 22 20 74 65 78 74 20 3d 20 22 79 65 73 22 20 72 65 63 65 70 74 69 6f 6e 5f 73 74 61 74 75 73 20 3d 20 22 63 6f 6d 70 6c 65 74 65 22 20 61 74 74 61 63 68 6d 65 6e 74 5f 73 69 7a 65 20 3d 20 22 30 22 20 70 72 69 6f 72 69 74 79 20 3d 20 22 6e 6f 22 20 72 65 61 64 20 3d'}, bytearray(b'\xe0N\xe4\x08\xdc\x1b\x00\x00\x90\xfd\x00\x97\x01H\x00\xfb long. make the name 256 bytes long. make the name 256 bytes long. make the name 256 bytes long." recipient_addressing = "14256913524" type = "MMS" size = "980" text = "yes" reception_status = "complete" attachment_size = "0" priority = "no" read =')
2026-10-09 08:11:29,512 BTPWorkerThread-31606 (_rx_task) root DEBUG btp.py                    736   event_handler             : Header(svc_id=41, op=138, ctrl_index=0, data_len=264) (b'\xe0N\xe4\x08\xdc\x1b\x00\x00\x90\xfd\x00\x97\x01H\x00\xfb long. make the name 256 bytes long. make the name 256 bytes long. make the name 256 bytes long." recipient_addressing = "14256913524" type = "MMS" size = "980" text = "yes" reception_status = "complete" attachment_size = "0" priority = "no" read =',)
2026-10-09 08:11:29,512 Thread-31614 (_process_events) root DEBUG map.py                    1947  _map_mce_mas_get_msg_listing_ev : _map_mce_mas_get_msg_listing_ev b'\xe0N\xe4\x08\xdc\x1b\x00\x00\x90\xfd\x00\x97\x01H\x00\xfb long. make the name 256 bytes long. make the name 256 bytes long. make the name 256 bytes long." recipient_addressing = "14256913524" type = "MMS" size = "980" text = "yes" reception_status = "complete" attachment_size = "0" priority = "no" read ='
2026-10-09 08:11:29,522 BTPWorkerThread-31606 (_rx_task) root DEBUG iutctl_common.py          123   read                      : Read 5 bytes
2026-10-09 08:11:29,522 BTPWorkerThread-31606 (_rx_task) root DEBUG iutctl_common.py          131   read                      : Received: hdr: Header(svc_id=0x29, op=0x8a, ctrl_index=0x00, data_len=0x108) bytearray(b')\x8a\x00\x08\x01')
2026-10-09 08:11:29,522 BTPWorkerThread-31606 (_rx_task) root DEBUG iutctl_common.py          139   read                      : Read 117 bytes data
2026-10-09 08:11:29,532 BTPWorkerThread-31606 (_rx_task) root DEBUG iutctl_common.py          139   read                      : Read 117 bytes data
2026-10-09 08:11:29,532 BTPWorkerThread-31606 (_rx_task) root DEBUG iutctl_common.py          139   read                      : Read 12 bytes data
2026-10-09 08:11:29,543 BTPWorkerThread-31606 (_rx_task) root DEBUG iutctl_common.py          139   read                      : Read 18 bytes data
2026-10-09 08:11:29,543 BTPWorkerThread-31606 (_rx_task) root DEBUG iutctl_common.py          154   read                      : Received data: {'e0 4e e4 08 dc 1b 00 00 90 fd 00 97 01 48 00 fb 20 22 6e 6f 22 20 73 65 6e 64 20 3d 20 22 6e 6f 22 20 70 72 6f 74 65 63 74 65 64 20 3d 20 22 6e 6f 22 20 63 6f 6e 76 65 72 73 61 74 69 6f 6e 5f 69 64 20 3d 20 22 31 36 35 31 32 31 31 37 35 37 22 20 64 69 72 65 63 74 69 6f 6e 20 3d 20 22 69 6e 63 6f 6d 69 6e 67 22 20 2f 3e 0d 0a 3c 6d 73 67 20 68 61 6e 64 6c 65 20 3d 20 22 30 31 32 33 34 35 36 37 38 39 30 30 30 30 30 35 22 20 73 75 62 6a 65 63 74 20 3d 20 22 4d 61 6b 65 20 73 75 62 6a 65 63 74 20 32 35 36 20 62 79 74 65 73 20 6c 6f 6e 67 20 66 6f 72 20 74 65 73 74 69 6e 67 2e 20 4d 61 6b 65 20 73 75 62 6a 65 63 74 20 32 35 36 20 62 79 74 65 73 20 6c 6f 6e 67 20 66 6f 72 20 74 65 73 74 69 6e 67 2e 20 4d 61 6b 65 20 73 75 62 6a 65 63 74 20 32 35 36 20 62 79 74 65 73 20 6c 6f 6e 67 20 66'}, bytearray(b'\xe0N\xe4\x08\xdc\x1b\x00\x00\x90\xfd\x00\x97\x01H\x00\xfb "no" send = "no" protected = "no" conversation_id = "1651211757" direction = "incoming" />\r\n<msg handle = "0123456789000005" subject = "Make subject 256 bytes long for testing. Make subject 256 bytes long for testing. Make subject 256 bytes long f')
2026-10-09 08:11:29,544 BTPWorkerThread-31606 (_rx_task) root DEBUG btp.py                    736   event_handler             : Header(svc_id=41, op=138, ctrl_index=0, data_len=264) (b'\xe0N\xe4\x08\xdc\x1b\x00\x00\x90\xfd\x00\x97\x01H\x00\xfb "no" send = "no" protected = "no" conversation_id = "1651211757" direction = "incoming" />\r\n<msg handle = "0123456789000005" subject = "Make subject 256 bytes long for testing. Make subject 256 bytes long for testing. Make subject 256 bytes long f',)
2026-10-09 08:11:29,544 BTPWorkerThread-31606 (_rx_task) root DEBUG iutctl_common.py          123   read                      : Read 5 bytes
2026-10-09 08:11:29,544 BTPWorkerThread-31606 (_rx_task) root DEBUG iutctl_common.py          131   read                      : Received: hdr: Header(svc_id=0x29, op=0x8a, ctrl_index=0x00, data_len=0x108) bytearray(b')\x8a\x00\x08\x01')
2026-10-09 08:11:29,544 BTPWorkerThread-31606 (_rx_task) root DEBUG iutctl_common.py          139   read                      : Read 68 bytes data
2026-10-09 08:11:29,544 Thread-31614 (_process_events) root DEBUG map.py                    1947  _map_mce_mas_get_msg_listing_ev : _map_mce_mas_get_msg_listing_ev b'\xe0N\xe4\x08\xdc\x1b\x00\x00\x90\xfd\x00\x97\x01H\x00\xfb "no" send = "no" protected = "no" conversation_id = "1651211757" direction = "incoming" />\r\n<msg handle = "0123456789000005" subject = "Make subject 256 bytes long for testing. Make subject 256 bytes long for testing. Make subject 256 bytes long f'
2026-10-09 08:11:29,554 BTPWorkerThread-31606 (_rx_task) root DEBUG iutctl_common.py          139   read                      : Read 115 bytes data
2026-10-09 08:11:29,554 BTPWorkerThread-31606 (_rx_task) root DEBUG iutctl_common.py          139   read                      : Read 12 bytes data
2026-10-09 08:11:29,566 BTPWorkerThread-31606 (_rx_task) root DEBUG iutctl_common.py          139   read                      : Read 69 bytes data
2026-10-09 08:11:29,567 BTPWorkerThread-31606 (_rx_task) root DEBUG iutctl_common.py          154   read                      : Received data: {'e0 4e e4 08 dc 1b 00 00 90 fd 00 97 01 48 00 fb 6f 72 20 74 65 73 74 69 6e 67 2e 20 4d 61 6b 65 20 73 75 62 6a 65 63 74 20 32 35 36 20 62 79 74 65 73 20 6c 6f 6e 67 20 66 6f 72 20 74 65 73 74 69 6e 67 2e 20 4d 61 6b 65 20 73 75 62 6a 65 63 74 20 32 35 36 20 62 79 74 65 73 20 6c 6f 6e 67 20 66 6f 72 20 74 65 73 74 69 6e 67 2e 20 4d 61 6b 65 20 73 75 62 6a 65 63 74 20 32 35 36 20 62 79 74 65 73 20 6c 6f 6e 67 20 66 6f 72 20 74 65 73 74 69 6e 67 2e 22 20 64 61 74 65 74 69 6d 65 20 3d 20 22 32 30 32 36 31 30 30 39 54 30 30 31 31 32 39 22 20 73 65 6e 64 65 72 5f 6e 61 6d 65 20 3d 20 22 49 55 54 2e 20 6d 61 6b 65 20 74 68 65 20 6e 61 6d 65 20 32 35 36 20 62 79 74 65 73 20 6c 6f 6e 67 2e 20 6d 61 6b 65 20 74 68 65 20 6e 61 6d 65 20 32 35 36 20 62 79 74 65 73 20 6c 6f 6e 67 2e 20 6d 61 6b'}, bytearray(b'\xe0N\xe4\x08\xdc\x1b\x00\x00\x90\xfd\x00\x97\x01H\x00\xfbor testing. Make subject 256 bytes long for testing. Make subject 256 bytes long for testing. Make subject 256 bytes long for testing." datetime = "20261009T001129" sender_name = "IUT. make the name 256 bytes long. make the name 256 bytes long. mak')
2026-10-09 08:11:29,567 BTPWorkerThread-31606 (_rx_task) root DEBUG btp.py                    736   event_handler             : Header(svc_id=41, op=138, ctrl_index=0, data_len=264) (b'\xe0N\xe4\x08\xdc\x1b\x00\x00\x90\xfd\x00\x97\x01H\x00\xfbor testing. Make subject 256 bytes long for testing. Make subject 256 bytes long for testing. Make subject 256 bytes long for testing." datetime = "20261009T001129" sender_name = "IUT. make the name 256 bytes long. make the name 256 bytes long. mak',)
2026-10-09 08:11:29,567 BTPWorkerThread-31606 (_rx_task) root DEBUG iutctl_common.py          123   read                      : Read 5 bytes
2026-10-09 08:11:29,567 BTPWorkerThread-31606 (_rx_task) root DEBUG iutctl_common.py          131   read                      : Received: hdr: Header(svc_id=0x29, op=0x8a, ctrl_index=0x00, data_len=0x108) bytearray(b')\x8a\x00\x08\x01')
2026-10-09 08:11:29,567 BTPWorkerThread-31606 (_rx_task) root DEBUG iutctl_common.py          139   read                      : Read 22 bytes data
2026-10-09 08:11:29,567 Thread-31614 (_process_events) root DEBUG map.py                    1947  _map_mce_mas_get_msg_listing_ev : _map_mce_mas_get_msg_listing_ev b'\xe0N\xe4\x08\xdc\x1b\x00\x00\x90\xfd\x00\x97\x01H\x00\xfbor testing. Make subject 256 bytes long for testing. Make subject 256 bytes long for testing. Make subject 256 bytes long for testing." datetime = "20261009T001129" sender_name = "IUT. make the name 256 bytes long. make the name 256 bytes long. mak'
2026-10-09 08:11:29,576 BTPWorkerThread-31606 (_rx_task) root DEBUG iutctl_common.py          139   read                      : Read 117 bytes data
2026-10-09 08:11:29,587 BTPWorkerThread-31606 (_rx_task) root DEBUG iutctl_common.py          139   read                      : Read 123 bytes data
2026-10-09 08:11:29,598 BTPWorkerThread-31606 (_rx_task) root DEBUG iutctl_common.py          139   read                      : Read 2 bytes data
2026-10-09 08:11:29,598 BTPWorkerThread-31606 (_rx_task) root DEBUG iutctl_common.py          154   read                      : Received data: {'e0 4e e4 08 dc 1b 00 00 90 fd 00 97 01 48 00 fb 65 20 74 68 65 20 6e 61 6d 65 20 32 35 36 20 62 79 74 65 73 20 6c 6f 6e 67 2e 20 6d 61 6b 65 20 74 68 65 20 6e 61 6d 65 20 32 35 36 20 62 79 74 65 73 20 6c 6f 6e 67 2e 20 6d 61 6b 65 20 74 68 65 20 6e 61 6d 65 20 32 35 36 20 62 79 74 65 73 20 6c 6f 6e 67 2e 20 6d 61 6b 65 20 74 68 65 20 6e 61 6d 65 20 32 35 36 20 62 79 74 65 73 20 6c 6f 6e 67 2e 20 6d 61 6b 65 20 74 68 65 20 6e 61 6d 65 20 32 35 36 20 62 79 74 65 73 20 6c 6f 6e 67 2e 20 6d 61 6b 65 20 74 68 65 20 6e 61 6d 65 20 32 35 36 20 62 79 74 65 73 20 6c 6f 6e 67 2e 22 20 73 65 6e 64 65 72 5f 61 64 64 72 65 73 73 69 6e 67 20 3d 20 22 31 35 33 34 35 36 37 38 39 35 22 20 72 65 63 69 70 69 65 6e 74 5f 6e 61 6d 65 20 3d 20 22 50 54 53 2e 20 6d 61 6b 65 20 74 68 65 20 6e 61 6d 65 20'}, bytearray(b'\xe0N\xe4\x08\xdc\x1b\x00\x00\x90\xfd\x00\x97\x01H\x00\xfbe the name 256 bytes long. make the name 256 bytes long. make the name 256 bytes long. make the name 256 bytes long. make the name 256 bytes long. make the name 256 bytes long." sender_addressing = "1534567895" recipient_name = "PTS. make the name ')
2026-10-09 08:11:29,599 BTPWorkerThread-31606 (_rx_task) root DEBUG btp.py                    736   event_handler             : Header(svc_id=41, op=138, ctrl_index=0, data_len=264) (b'\xe0N\xe4\x08\xdc\x1b\x00\x00\x90\xfd\x00\x97\x01H\x00\xfbe the name 256 bytes long. make the name 256 bytes long. make the name 256 bytes long. make the name 256 bytes long. make the name 256 bytes long. make the name 256 bytes long." sender_addressing = "1534567895" recipient_name = "PTS. make the name ',)
2026-10-09 08:11:29,599 BTPWorkerThread-31606 (_rx_task) root DEBUG iutctl_common.py          123   read                      : Read 5 bytes
2026-10-09 08:11:29,599 BTPWorkerThread-31606 (_rx_task) root DEBUG iutctl_common.py          131   read                      : Received: hdr: Header(svc_id=0x29, op=0x8a, ctrl_index=0x00, data_len=0x108) bytearray(b')\x8a\x00\x08\x01')
2026-10-09 08:11:29,599 Thread-31614 (_process_events) root DEBUG map.py                    1947  _map_mce_mas_get_msg_listing_ev : _map_mce_mas_get_msg_listing_ev b'\xe0N\xe4\x08\xdc\x1b\x00\x00\x90\xfd\x00\x97\x01H\x00\xfbe the name 256 bytes long. make the name 256 bytes long. make the name 256 bytes long. make the name 256 bytes long. make the name 256 bytes long. make the name 256 bytes long." sender_addressing = "1534567895" recipient_name = "PTS. make the name '
2026-10-09 08:11:29,599 BTPWorkerThread-31606 (_rx_task) root DEBUG iutctl_common.py          139   read                      : Read 97 bytes data
2026-10-09 08:11:29,610 BTPWorkerThread-31606 (_rx_task) root DEBUG iutctl_common.py          139   read                      : Read 128 bytes data
2026-10-09 08:11:29,621 BTPWorkerThread-31606 (_rx_task) root DEBUG iutctl_common.py          139   read                      : Read 39 bytes data
2026-10-09 08:11:29,621 BTPWorkerThread-31606 (_rx_task) root DEBUG iutctl_common.py          154   read                      : Received data: {'e0 4e e4 08 dc 1b 00 00 90 fd 00 97 01 48 00 fb 32 35 36 20 62 79 74 65 73 20 6c 6f 6e 67 2e 20 6d 61 6b 65 20 74 68 65 20 6e 61 6d 65 20 32 35 36 20 62 79 74 65 73 20 6c 6f 6e 67 2e 20 6d 61 6b 65 20 74 68 65 20 6e 61 6d 65 20 32 35 36 20 62 79 74 65 73 20 6c 6f 6e 67 2e 20 6d 61 6b 65 20 74 68 65 20 6e 61 6d 65 20 32 35 36 20 62 79 74 65 73 20 6c 6f 6e 67 2e 20 6d 61 6b 65 20 74 68 65 20 6e 61 6d 65 20 32 35 36 20 62 79 74 65 73 20 6c 6f 6e 67 2e 20 6d 61 6b 65 20 74 68 65 20 6e 61 6d 65 20 32 35 36 20 62 79 74 65 73 20 6c 6f 6e 67 2e 20 6d 61 6b 65 20 74 68 65 20 6e 61 6d 65 20 32 35 36 20 62 79 74 65 73 20 6c 6f 6e 67 2e 20 6d 61 6b 65 20 74 68 65 20 6e 61 6d 65 20 32 35 36 20 62 79 74 65 73 20 6c 6f 6e 67 2e 22 20 72 65 63 69 70 69 65 6e 74 5f 61 64 64 72 65 73 73 69 6e 67 20'}, bytearray(b'\xe0N\xe4\x08\xdc\x1b\x00\x00\x90\xfd\x00\x97\x01H\x00\xfb256 bytes long. make the name 256 bytes long. make the name 256 bytes long. make the name 256 bytes long. make the name 256 bytes long. make the name 256 bytes long. make the name 256 bytes long. make the name 256 bytes long." recipient_addressing ')
2026-10-09 08:11:29,622 BTPWorkerThread-31606 (_rx_task) root DEBUG btp.py                    736   event_handler             : Header(svc_id=41, op=138, ctrl_index=0, data_len=264) (b'\xe0N\xe4\x08\xdc\x1b\x00\x00\x90\xfd\x00\x97\x01H\x00\xfb256 bytes long. make the name 256 bytes long. make the name 256 bytes long. make the name 256 bytes long. make the name 256 bytes long. make the name 256 bytes long. make the name 256 bytes long. make the name 256 bytes long." recipient_addressing ',)
2026-10-09 08:11:29,622 BTPWorkerThread-31606 (_rx_task) root DEBUG iutctl_common.py          123   read                      : Read 5 bytes
2026-10-09 08:11:29,622 BTPWorkerThread-31606 (_rx_task) root DEBUG iutctl_common.py          131   read                      : Received: hdr: Header(svc_id=0x29, op=0x8a, ctrl_index=0x00, data_len=0x108) bytearray(b')\x8a\x00\x08\x01')
2026-10-09 08:11:29,622 Thread-31614 (_process_events) root DEBUG map.py                    1947  _map_mce_mas_get_msg_listing_ev : _map_mce_mas_get_msg_listing_ev b'\xe0N\xe4\x08\xdc\x1b\x00\x00\x90\xfd\x00\x97\x01H\x00\xfb256 bytes long. make the name 256 bytes long. make the name 256 bytes long. make the name 256 bytes long. make the name 256 bytes long. make the name 256 bytes long. make the name 256 bytes long. make the name 256 bytes long." recipient_addressing '
2026-10-09 08:11:29,622 BTPWorkerThread-31606 (_rx_task) root DEBUG iutctl_common.py          139   read                      : Read 50 bytes data
2026-10-09 08:11:29,632 BTPWorkerThread-31606 (_rx_task) root DEBUG iutctl_common.py          139   read                      : Read 126 bytes data
2026-10-09 08:11:29,632 BTPWorkerThread-31606 (_rx_task) root DEBUG iutctl_common.py          139   read                      : Read 1 bytes data
2026-10-09 08:11:29,643 BTPWorkerThread-31606 (_rx_task) root DEBUG iutctl_common.py          139   read                      : Read 87 bytes data
2026-10-09 08:11:29,644 BTPWorkerThread-31606 (_rx_task) root DEBUG iutctl_common.py          154   read                      : Received data: {'e0 4e e4 08 dc 1b 00 00 90 fd 00 97 01 48 00 fb 3d 20 22 31 34 35 35 36 39 31 33 35 35 34 22 20 74 79 70 65 20 3d 20 22 53 4d 53 5f 43 44 4d 41 22 20 73 69 7a 65 20 3d 20 22 31 30 31 34 22 20 74 65 78 74 20 3d 20 22 79 65 73 22 20 72 65 63 65 70 74 69 6f 6e 5f 73 74 61 74 75 73 20 3d 20 22 63 6f 6d 70 6c 65 74 65 22 20 61 74 74 61 63 68 6d 65 6e 74 5f 73 69 7a 65 20 3d 20 22 30 22 20 70 72 69 6f 72 69 74 79 20 3d 20 22 6e 6f 22 20 72 65 61 64 20 3d 20 22 6e 6f 22 20 73 65 6e 64 20 3d 20 22 6e 6f 22 20 70 72 6f 74 65 63 74 65 64 20 3d 20 22 6e 6f 22 20 63 6f 6e 76 65 72 73 61 74 69 6f 6e 5f 69 64 20 3d 20 22 33 31 35 38 32 30 36 34 39 37 22 20 64 69 72 65 63 74 69 6f 6e 20 3d 20 22 69 6e 63 6f 6d 69 6e 67 22 20 2f 3e 0d 0a 3c 6d 73 67 20 68 61 6e 64 6c 65 20 3d 20 22 30 31 32 33 34'}, bytearray(b'\xe0N\xe4\x08\xdc\x1b\x00\x00\x90\xfd\x00\x97\x01H\x00\xfb= "14556913554" type = "SMS_CDMA" size = "1014" text = "yes" reception_status = "complete" attachment_size = "0" priority = "no" read = "no" send = "no" protected = "no" conversation_id = "3158206497" direction = "incoming" />\r\n<msg handle = "01234')
2026-10-09 08:11:29,644 BTPWorkerThread-31606 (_rx_task) root DEBUG btp.py                    736   event_handler             : Header(svc_id=41, op=138, ctrl_index=0, data_len=264) (b'\xe0N\xe4\x08\xdc\x1b\x00\x00\x90\xfd\x00\x97\x01H\x00\xfb= "14556913554" type = "SMS_CDMA" size = "1014" text = "yes" reception_status = "complete" attachment_size = "0" priority = "no" read = "no" send = "no" protected = "no" conversation_id = "3158206497" direction = "incoming" />\r\n<msg handle = "01234',)
2026-10-09 08:11:29,644 BTPWorkerThread-31606 (_rx_task) root DEBUG iutctl_common.py          123   read                      : Read 5 bytes
2026-10-09 08:11:29,644 BTPWorkerThread-31606 (_rx_task) root DEBUG iutctl_common.py          131   read                      : Received: hdr: Header(svc_id=0x29, op=0x8a, ctrl_index=0x00, data_len=0x108) bytearray(b')\x8a\x00\x08\x01')
2026-10-09 08:11:29,644 Thread-31614 (_process_events) root DEBUG map.py                    1947  _map_mce_mas_get_msg_listing_ev : _map_mce_mas_get_msg_listing_ev b'\xe0N\xe4\x08\xdc\x1b\x00\x00\x90\xfd\x00\x97\x01H\x00\xfb= "14556913554" type = "SMS_CDMA" size = "1014" text = "yes" reception_status = "complete" attachment_size = "0" priority = "no" read = "no" send = "no" protected = "no" conversation_id = "3158206497" direction = "incoming" />\r\n<msg handle = "01234'
2026-10-09 08:11:29,645 BTPWorkerThread-31606 (_rx_task) root DEBUG iutctl_common.py          139   read                      : Read 10 bytes data
2026-10-09 08:11:29,654 BTPWorkerThread-31606 (_rx_task) root DEBUG iutctl_common.py          139   read                      : Read 117 bytes data
2026-10-09 08:11:29,654 BTPWorkerThread-31606 (_rx_task) root DEBUG iutctl_common.py          139   read                      : Read 1 bytes data
2026-10-09 08:11:29,666 BTPWorkerThread-31606 (_rx_task) root DEBUG iutctl_common.py          139   read                      : Read 133 bytes data
2026-10-09 08:11:29,666 BTPWorkerThread-31606 (_rx_task) root DEBUG iutctl_common.py          139   read                      : Read 3 bytes data
2026-10-09 08:11:29,667 BTPWorkerThread-31606 (_rx_task) root DEBUG iutctl_common.py          154   read                      : Received data: {'e0 4e e4 08 dc 1b 00 00 90 fd 00 97 01 48 00 fb 35 36 37 38 39 30 30 30 30 30 36 22 20 73 75 62 6a 65 63 74 20 3d 20 22 20 50 54 53 20 74 65 73 74 69 6e 67 22 20 64 61 74 65 74 69 6d 65 20 3d 20 22 32 30 32 36 31 30 30 39 54 30 30 31 31 32 39 22 20 73 65 6e 64 65 72 5f 6e 61 6d 65 20 3d 20 22 49 55 54 2e 20 6d 61 6b 65 20 74 68 65 20 6e 61 6d 65 20 32 35 36 20 62 79 74 65 73 20 6c 6f 6e 67 2e 20 6d 61 6b 65 20 74 68 65 20 6e 61 6d 65 20 32 35 36 20 62 79 74 65 73 20 6c 6f 6e 67 2e 20 6d 61 6b 65 20 74 68 65 20 6e 61 6d 65 20 32 35 36 20 62 79 74 65 73 20 6c 6f 6e 67 2e 20 6d 61 6b 65 20 74 68 65 20 6e 61 6d 65 20 32 35 36 20 62 79 74 65 73 20 6c 6f 6e 67 2e 20 6d 61 6b 65 20 74 68 65 20 6e 61 6d 65 20 32 35 36 20 62 79 74 65 73 20 6c 6f 6e 67 2e 20 6d 61 6b 65 20 74 68 65 20 6e 61'}, bytearray(b'\xe0N\xe4\x08\xdc\x1b\x00\x00\x90\xfd\x00\x97\x01H\x00\xfb56789000006" subject = " PTS testing" datetime = "20261009T001129" sender_name = "IUT. make the name 256 bytes long. make the name 256 bytes long. make the name 256 bytes long. make the name 256 bytes long. make the name 256 bytes long. make the na')
2026-10-09 08:11:29,667 BTPWorkerThread-31606 (_rx_task) root DEBUG btp.py                    736   event_handler             : Header(svc_id=41, op=138, ctrl_index=0, data_len=264) (b'\xe0N\xe4\x08\xdc\x1b\x00\x00\x90\xfd\x00\x97\x01H\x00\xfb56789000006" subject = " PTS testing" datetime = "20261009T001129" sender_name = "IUT. make the name 256 bytes long. make the name 256 bytes long. make the name 256 bytes long. make the name 256 bytes long. make the name 256 bytes long. make the na',)
2026-10-09 08:11:29,667 Thread-31614 (_process_events) root DEBUG map.py                    1947  _map_mce_mas_get_msg_listing_ev : _map_mce_mas_get_msg_listing_ev b'\xe0N\xe4\x08\xdc\x1b\x00\x00\x90\xfd\x00\x97\x01H\x00\xfb56789000006" subject = " PTS testing" datetime = "20261009T001129" sender_name = "IUT. make the name 256 bytes long. make the name 256 bytes long. make the name 256 bytes long. make the name 256 bytes long. make the name 256 bytes long. make the na'
2026-10-09 08:11:29,676 BTPWorkerThread-31606 (_rx_task) root DEBUG iutctl_common.py          123   read                      : Read 5 bytes
2026-10-09 08:11:29,676 BTPWorkerThread-31606 (_rx_task) root DEBUG iutctl_common.py          131   read                      : Received: hdr: Header(svc_id=0x29, op=0x8a, ctrl_index=0x00, data_len=0x108) bytearray(b')\x8a\x00\x08\x01')
2026-10-09 08:11:29,677 BTPWorkerThread-31606 (_rx_task) root DEBUG iutctl_common.py          139   read                      : Read 94 bytes data
2026-10-09 08:11:29,677 BTPWorkerThread-31606 (_rx_task) root DEBUG iutctl_common.py          139   read                      : Read 2 bytes data
2026-10-09 08:11:29,688 BTPWorkerThread-31606 (_rx_task) root DEBUG iutctl_common.py          139   read                      : Read 121 bytes data
2026-10-09 08:11:29,699 BTPWorkerThread-31606 (_rx_task) root DEBUG iutctl_common.py          139   read                      : Read 47 bytes data
2026-10-09 08:11:29,700 BTPWorkerThread-31606 (_rx_task) root DEBUG iutctl_common.py          154   read                      : Received data: {'e0 4e e4 08 dc 1b 00 00 90 fd 00 97 01 48 00 fb 6d 65 20 32 35 36 20 62 79 74 65 73 20 6c 6f 6e 67 2e 20 6d 61 6b 65 20 74 68 65 20 6e 61 6d 65 20 32 35 36 20 62 79 74 65 73 20 6c 6f 6e 67 2e 20 6d 61 6b 65 20 74 68 65 20 6e 61 6d 65 20 32 35 36 20 62 79 74 65 73 20 6c 6f 6e 67 2e 22 20 73 65 6e 64 65 72 5f 61 64 64 72 65 73 73 69 6e 67 20 3d 20 22 6d 6f 6d 62 65 72 40 69 75 74 2e 63 6f 6d 22 20 72 65 63 69 70 69 65 6e 74 5f 6e 61 6d 65 20 3d 20 22 50 54 53 2e 20 6d 61 6b 65 20 74 68 65 20 6e 61 6d 65 20 32 35 36 20 62 79 74 65 73 20 6c 6f 6e 67 2e 20 6d 61 6b 65 20 74 68 65 20 6e 61 6d 65 20 32 35 36 20 62 79 74 65 73 20 6c 6f 6e 67 2e 20 6d 61 6b 65 20 74 68 65 20 6e 61 6d 65 20 32 35 36 20 62 79 74 65 73 20 6c 6f 6e 67 2e 20 6d 61 6b 65 20 74 68 65 20 6e 61 6d 65 20 32 35 36 20'}, bytearray(b'\xe0N\xe4\x08\xdc\x1b\x00\x00\x90\xfd\x00\x97\x01H\x00\xfbme 256 bytes long. make the name 256 bytes long. make the name 256 bytes long." sender_addressing = "momber@iut.com" recipient_name = "PTS. make the name 256 bytes long. make the name 256 bytes long. make the name 256 bytes long. make the name 256 ')
2026-10-09 08:11:29,700 BTPWorkerThread-31606 (_rx_task) root DEBUG btp.py                    736   event_handler             : Header(svc_id=41, op=138, ctrl_index=0, data_len=264) (b'\xe0N\xe4\x08\xdc\x1b\x00\x00\x90\xfd\x00\x97\x01H\x00\xfbme 256 bytes long. make the name 256 bytes long. make the name 256 bytes long." sender_addressing = "momber@iut.com" recipient_name = "PTS. make the name 256 bytes long. make the name 256 bytes long. make the name 256 bytes long. make the name 256 ',)
2026-10-09 08:11:29,700 BTPWorkerThread-31606 (_rx_task) root DEBUG iutctl_common.py          123   read                      : Read 5 bytes
2026-10-09 08:11:29,700 Thread-31614 (_process_events) root DEBUG map.py                    1947  _map_mce_mas_get_msg_listing_ev : _map_mce_mas_get_msg_listing_ev b'\xe0N\xe4\x08\xdc\x1b\x00\x00\x90\xfd\x00\x97\x01H\x00\xfbme 256 bytes long. make the name 256 bytes long. make the name 256 bytes long." sender_addressing = "momber@iut.com" recipient_name = "PTS. make the name 256 bytes long. make the name 256 bytes long. make the name 256 bytes long. make the name 256 '
2026-10-09 08:11:29,700 BTPWorkerThread-31606 (_rx_task) root DEBUG iutctl_common.py          131   read                      : Received: hdr: Header(svc_id=0x29, op=0x8a, ctrl_index=0x00, data_len=0x108) bytearray(b')\x8a\x00\x08\x01')
2026-10-09 08:11:29,701 BTPWorkerThread-31606 (_rx_task) root DEBUG iutctl_common.py          139   read                      : Read 58 bytes data
2026-10-09 08:11:29,710 BTPWorkerThread-31606 (_rx_task) root DEBUG iutctl_common.py          139   read                      : Read 124 bytes data
2026-10-09 08:11:29,721 BTPWorkerThread-31606 (_rx_task) root DEBUG iutctl_common.py          139   read                      : Read 82 bytes data
2026-10-09 08:11:29,722 BTPWorkerThread-31606 (_rx_task) root DEBUG iutctl_common.py          154   read                      : Received data: {'e0 4e e4 08 dc 1b 00 00 90 fd 00 97 01 48 00 fb 62 79 74 65 73 20 6c 6f 6e 67 2e 20 6d 61 6b 65 20 74 68 65 20 6e 61 6d 65 20 32 35 36 20 62 79 74 65 73 20 6c 6f 6e 67 2e 20 6d 61 6b 65 20 74 68 65 20 6e 61 6d 65 20 32 35 36 20 62 79 74 65 73 20 6c 6f 6e 67 2e 20 6d 61 6b 65 20 74 68 65 20 6e 61 6d 65 20 32 35 36 20 62 79 74 65 73 20 6c 6f 6e 67 2e 20 6d 61 6b 65 20 74 68 65 20 6e 61 6d 65 20 32 35 36 20 62 79 74 65 73 20 6c 6f 6e 67 2e 22 20 72 65 63 69 70 69 65 6e 74 5f 61 64 64 72 65 73 73 69 6e 67 20 3d 20 22 50 54 53 40 62 6c 75 65 74 6f 6f 74 68 2e 63 6f 6d 22 20 74 79 70 65 20 3d 20 22 45 4d 41 49 4c 22 20 73 69 7a 65 20 3d 20 22 35 31 30 30 22 20 74 65 78 74 20 3d 20 22 79 65 73 22 20 72 65 63 65 70 74 69 6f 6e 5f 73 74 61 74 75 73 20 3d 20 22 63 6f 6d 70 6c 65 74 65 22 20'}, bytearray(b'\xe0N\xe4\x08\xdc\x1b\x00\x00\x90\xfd\x00\x97\x01H\x00\xfbbytes long. make the name 256 bytes long. make the name 256 bytes long. make the name 256 bytes long. make the name 256 bytes long." recipient_addressing = "PTS@bluetooth.com" type = "EMAIL" size = "5100" text = "yes" reception_status = "complete" ')
2026-10-09 08:11:29,722 BTPWorkerThread-31606 (_rx_task) root DEBUG btp.py                    736   event_handler             : Header(svc_id=41, op=138, ctrl_index=0, data_len=264) (b'\xe0N\xe4\x08\xdc\x1b\x00\x00\x90\xfd\x00\x97\x01H\x00\xfbbytes long. make the name 256 bytes long. make the name 256 bytes long. make the name 256 bytes long. make the name 256 bytes long." recipient_addressing = "PTS@bluetooth.com" type = "EMAIL" size = "5100" text = "yes" reception_status = "complete" ',)
2026-10-09 08:11:29,722 Thread-31614 (_process_events) root DEBUG map.py                    1947  _map_mce_mas_get_msg_listing_ev : _map_mce_mas_get_msg_listing_ev b'\xe0N\xe4\x08\xdc\x1b\x00\x00\x90\xfd\x00\x97\x01H\x00\xfbbytes long. make the name 256 bytes long. make the name 256 bytes long. make the name 256 bytes long. make the name 256 bytes long." recipient_addressing = "PTS@bluetooth.com" type = "EMAIL" size = "5100" text = "yes" reception_status = "complete" '
2026-10-09 08:11:29,722 BTPWorkerThread-31606 (_rx_task) root DEBUG iutctl_common.py          123   read                      : Read 5 bytes
2026-10-09 08:11:29,722 BTPWorkerThread-31606 (_rx_task) root DEBUG iutctl_common.py          131   read                      : Received: hdr: Header(svc_id=0x29, op=0x8a, ctrl_index=0x00, data_len=0x108) bytearray(b')\x8a\x00\x08\x01')
2026-10-09 08:11:29,722 BTPWorkerThread-31606 (_rx_task) root DEBUG iutctl_common.py          139   read                      : Read 5 bytes data
2026-10-09 08:11:29,731 BTPWorkerThread-31606 (_rx_task) root DEBUG iutctl_common.py          139   read                      : Read 114 bytes data
2026-10-09 08:11:29,731 BTPWorkerThread-31606 (_rx_task) root DEBUG iutctl_common.py          139   read                      : Read 12 bytes data
2026-10-09 08:11:29,743 BTPWorkerThread-31606 (_rx_task) root DEBUG iutctl_common.py          139   read                      : Read 126 bytes data
2026-10-09 08:11:29,754 BTPWorkerThread-31606 (_rx_task) root DEBUG iutctl_common.py          139   read                      : Read 7 bytes data
2026-10-09 08:11:29,754 BTPWorkerThread-31606 (_rx_task) root DEBUG iutctl_common.py          154   read                      : Received data: {'e0 4e e4 08 dc 1b 00 00 90 fd 00 97 01 48 00 fb 61 74 74 61 63 68 6d 65 6e 74 5f 73 69 7a 65 20 3d 20 22 30 22 20 70 72 69 6f 72 69 74 79 20 3d 20 22 6e 6f 22 20 72 65 61 64 20 3d 20 22 6e 6f 22 20 73 65 6e 64 20 3d 20 22 6e 6f 22 20 70 72 6f 74 65 63 74 65 64 20 3d 20 22 6e 6f 22 20 63 6f 6e 76 65 72 73 61 74 69 6f 6e 5f 69 64 20 3d 20 22 34 33 35 34 34 35 38 30 37 31 22 20 64 69 72 65 63 74 69 6f 6e 20 3d 20 22 69 6e 63 6f 6d 69 6e 67 22 20 2f 3e 0d 0a 3c 6d 73 67 20 68 61 6e 64 6c 65 20 3d 20 22 30 31 32 33 34 35 36 37 38 39 30 30 30 30 30 37 22 20 73 75 62 6a 65 63 74 20 3d 20 22 4d 61 6b 65 20 73 75 62 6a 65 63 74 20 32 35 36 20 62 79 74 65 73 20 6c 6f 6e 67 20 66 6f 72 20 74 65 73 74 69 6e 67 2e 20 4d 61 6b 65 20 73 75 62 6a 65 63 74 20 32 35 36 20 62 79 74 65 73 20 6c 6f 6e'}, bytearray(b'\xe0N\xe4\x08\xdc\x1b\x00\x00\x90\xfd\x00\x97\x01H\x00\xfbattachment_size = "0" priority = "no" read = "no" send = "no" protected = "no" conversation_id = "4354458071" direction = "incoming" />\r\n<msg handle = "0123456789000007" subject = "Make subject 256 bytes long for testing. Make subject 256 bytes lon')
2026-10-09 08:11:29,754 BTPWorkerThread-31606 (_rx_task) root DEBUG btp.py                    736   event_handler             : Header(svc_id=41, op=138, ctrl_index=0, data_len=264) (b'\xe0N\xe4\x08\xdc\x1b\x00\x00\x90\xfd\x00\x97\x01H\x00\xfbattachment_size = "0" priority = "no" read = "no" send = "no" protected = "no" conversation_id = "4354458071" direction = "incoming" />\r\n<msg handle = "0123456789000007" subject = "Make subject 256 bytes long for testing. Make subject 256 bytes lon',)
2026-10-09 08:11:29,755 Thread-31614 (_process_events) root DEBUG map.py                    1947  _map_mce_mas_get_msg_listing_ev : _map_mce_mas_get_msg_listing_ev b'\xe0N\xe4\x08\xdc\x1b\x00\x00\x90\xfd\x00\x97\x01H\x00\xfbattachment_size = "0" priority = "no" read = "no" send = "no" protected = "no" conversation_id = "4354458071" direction = "incoming" />\r\n<msg handle = "0123456789000007" subject = "Make subject 256 bytes long for testing. Make subject 256 bytes lon'
2026-10-09 08:11:29,755 BTPWorkerThread-31606 (_rx_task) root DEBUG iutctl_common.py          123   read                      : Read 5 bytes
2026-10-09 08:11:29,755 BTPWorkerThread-31606 (_rx_task) root DEBUG iutctl_common.py          131   read                      : Received: hdr: Header(svc_id=0x29, op=0x8a, ctrl_index=0x00, data_len=0x108) bytearray(b')\x8a\x00\x08\x01')
2026-10-09 08:11:29,755 BTPWorkerThread-31606 (_rx_task) root DEBUG iutctl_common.py          139   read                      : Read 83 bytes data
2026-10-09 08:11:29,765 BTPWorkerThread-31606 (_rx_task) root DEBUG iutctl_common.py          139   read                      : Read 129 bytes data
2026-10-09 08:11:29,776 BTPWorkerThread-31606 (_rx_task) root DEBUG iutctl_common.py          139   read                      : Read 52 bytes data
2026-10-09 08:11:29,776 BTPWorkerThread-31606 (_rx_task) root DEBUG iutctl_common.py          154   read                      : Received data: {'e0 4e e4 08 dc 1b 00 00 90 fd 00 97 01 48 00 fb 67 20 66 6f 72 20 74 65 73 74 69 6e 67 2e 20 4d 61 6b 65 20 73 75 62 6a 65 63 74 20 32 35 36 20 62 79 74 65 73 20 6c 6f 6e 67 20 66 6f 72 20 74 65 73 74 69 6e 67 2e 20 4d 61 6b 65 20 73 75 62 6a 65 63 74 20 32 35 36 20 62 79 74 65 73 20 6c 6f 6e 67 20 66 6f 72 20 74 65 73 74 69 6e 67 2e 20 4d 61 6b 65 20 73 75 62 6a 65 63 74 20 32 35 36 20 62 79 74 65 73 20 6c 6f 6e 67 20 66 6f 72 20 74 65 73 74 69 6e 67 2e 20 4d 61 6b 65 20 73 75 62 6a 65 63 74 20 32 35 36 20 62 79 74 65 73 20 6c 6f 6e 67 20 66 6f 72 20 74 65 73 74 69 6e 67 2e 22 20 64 61 74 65 74 69 6d 65 20 3d 20 22 32 30 32 36 31 30 30 39 54 30 30 31 31 32 39 22 20 73 65 6e 64 65 72 5f 6e 61 6d 65 20 3d 20 22 49 55 54 2e 20 6d 61 6b 65 20 74 68 65 20 6e 61 6d 65 20 32 35 36 20 62'}, bytearray(b'\xe0N\xe4\x08\xdc\x1b\x00\x00\x90\xfd\x00\x97\x01H\x00\xfbg for testing. Make subject 256 bytes long for testing. Make subject 256 bytes long for testing. Make subject 256 bytes long for testing. Make subject 256 bytes long for testing." datetime = "20261009T001129" sender_name = "IUT. make the name 256 b')
2026-10-09 08:11:29,776 BTPWorkerThread-31606 (_rx_task) root DEBUG btp.py                    736   event_handler             : Header(svc_id=41, op=138, ctrl_index=0, data_len=264) (b'\xe0N\xe4\x08\xdc\x1b\x00\x00\x90\xfd\x00\x97\x01H\x00\xfbg for testing. Make subject 256 bytes long for testing. Make subject 256 bytes long for testing. Make subject 256 bytes long for testing. Make subject 256 bytes long for testing." datetime = "20261009T001129" sender_name = "IUT. make the name 256 b',)
2026-10-09 08:11:29,777 BTPWorkerThread-31606 (_rx_task) root DEBUG iutctl_common.py          123   read                      : Read 5 bytes
2026-10-09 08:11:29,777 BTPWorkerThread-31606 (_rx_task) root DEBUG iutctl_common.py          131   read                      : Received: hdr: Header(svc_id=0x29, op=0x8a, ctrl_index=0x00, data_len=0x108) bytearray(b')\x8a\x00\x08\x01')
2026-10-09 08:11:29,777 Thread-31614 (_process_events) root DEBUG map.py                    1947  _map_mce_mas_get_msg_listing_ev : _map_mce_mas_get_msg_listing_ev b'\xe0N\xe4\x08\xdc\x1b\x00\x00\x90\xfd\x00\x97\x01H\x00\xfbg for testing. Make subject 256 bytes long for testing. Make subject 256 bytes long for testing. Make subject 256 bytes long for testing. Make subject 256 bytes long for testing." datetime = "20261009T001129" sender_name = "IUT. make the name 256 b'
2026-10-09 08:11:29,777 BTPWorkerThread-31606 (_rx_task) root DEBUG iutctl_common.py          139   read                      : Read 22 bytes data
2026-10-09 08:11:29,787 BTPWorkerThread-31606 (_rx_task) root DEBUG iutctl_common.py          139   read                      : Read 123 bytes data
2026-10-09 08:11:29,798 BTPWorkerThread-31606 (_rx_task) root DEBUG iutctl_common.py          139   read                      : Read 119 bytes data
2026-10-09 08:11:29,799 BTPWorkerThread-31606 (_rx_task) root DEBUG iutctl_common.py          154   read                      : Received data: {'e0 4e e4 08 dc 1b 00 00 90 fd 00 97 01 48 00 fb 79 74 65 73 20 6c 6f 6e 67 2e 20 6d 61 6b 65 20 74 68 65 20 6e 61 6d 65 20 32 35 36 20 62 79 74 65 73 20 6c 6f 6e 67 2e 20 6d 61 6b 65 20 74 68 65 20 6e 61 6d 65 20 32 35 36 20 62 79 74 65 73 20 6c 6f 6e 67 2e 20 6d 61 6b 65 20 74 68 65 20 6e 61 6d 65 20 32 35 36 20 62 79 74 65 73 20 6c 6f 6e 67 2e 20 6d 61 6b 65 20 74 68 65 20 6e 61 6d 65 20 32 35 36 20 62 79 74 65 73 20 6c 6f 6e 67 2e 20 6d 61 6b 65 20 74 68 65 20 6e 61 6d 65 20 32 35 36 20 62 79 74 65 73 20 6c 6f 6e 67 2e 20 6d 61 6b 65 20 74 68 65 20 6e 61 6d 65 20 32 35 36 20 62 79 74 65 73 20 6c 6f 6e 67 2e 20 6d 61 6b 65 20 74 68 65 20 6e 61 6d 65 20 32 35 36 20 62 79 74 65 73 20 6c 6f 6e 67 2e 22 20 73 65 6e 64 65 72 5f 61 64 64 72 65 73 73 69 6e 67 20 3d 20 22 31 32 33 37 35'}, bytearray(b'\xe0N\xe4\x08\xdc\x1b\x00\x00\x90\xfd\x00\x97\x01H\x00\xfbytes long. make the name 256 bytes long. make the name 256 bytes long. make the name 256 bytes long. make the name 256 bytes long. make the name 256 bytes long. make the name 256 bytes long. make the name 256 bytes long." sender_addressing = "12375')
2026-10-09 08:11:29,799 BTPWorkerThread-31606 (_rx_task) root DEBUG btp.py                    736   event_handler             : Header(svc_id=41, op=138, ctrl_index=0, data_len=264) (b'\xe0N\xe4\x08\xdc\x1b\x00\x00\x90\xfd\x00\x97\x01H\x00\xfbytes long. make the name 256 bytes long. make the name 256 bytes long. make the name 256 bytes long. make the name 256 bytes long. make the name 256 bytes long. make the name 256 bytes long. make the name 256 bytes long." sender_addressing = "12375',)
2026-10-09 08:11:29,799 Thread-31614 (_process_events) root DEBUG map.py                    1947  _map_mce_mas_get_msg_listing_ev : _map_mce_mas_get_msg_listing_ev b'\xe0N\xe4\x08\xdc\x1b\x00\x00\x90\xfd\x00\x97\x01H\x00\xfbytes long. make the name 256 bytes long. make the name 256 bytes long. make the name 256 bytes long. make the name 256 bytes long. make the name 256 bytes long. make the name 256 bytes long. make the name 256 bytes long." sender_addressing = "12375'
2026-10-09 08:11:29,809 BTPWorkerThread-31606 (_rx_task) root DEBUG iutctl_common.py          123   read                      : Read 5 bytes
2026-10-09 08:11:29,809 BTPWorkerThread-31606 (_rx_task) root DEBUG iutctl_common.py          131   read                      : Received: hdr: Header(svc_id=0x29, op=0x8a, ctrl_index=0x00, data_len=0x108) bytearray(b')\x8a\x00\x08\x01')
2026-10-09 08:11:29,810 BTPWorkerThread-31606 (_rx_task) root DEBUG iutctl_common.py          139   read                      : Read 108 bytes data
2026-10-09 08:11:29,821 BTPWorkerThread-31606 (_rx_task) root DEBUG iutctl_common.py          139   read                      : Read 132 bytes data
2026-10-09 08:11:29,821 BTPWorkerThread-31606 (_rx_task) root DEBUG iutctl_common.py          139   read                      : Read 10 bytes data
2026-10-09 08:11:29,832 BTPWorkerThread-31606 (_rx_task) root DEBUG iutctl_common.py          139   read                      : Read 14 bytes data
2026-10-09 08:11:29,833 BTPWorkerThread-31606 (_rx_task) root DEBUG iutctl_common.py          154   read                      : Received data: {'e0 4e e4 08 dc 1b 00 00 90 fd 00 97 01 48 00 fb 36 37 38 39 37 22 20 72 65 63 69 70 69 65 6e 74 5f 6e 61 6d 65 20 3d 20 22 50 54 53 2e 20 6d 61 6b 65 20 74 68 65 20 6e 61 6d 65 20 32 35 36 20 62 79 74 65 73 20 6c 6f 6e 67 2e 20 6d 61 6b 65 20 74 68 65 20 6e 61 6d 65 20 32 35 36 20 62 79 74 65 73 20 6c 6f 6e 67 2e 20 6d 61 6b 65 20 74 68 65 20 6e 61 6d 65 20 32 35 36 20 62 79 74 65 73 20 6c 6f 6e 67 2e 20 6d 61 6b 65 20 74 68 65 20 6e 61 6d 65 20 32 35 36 20 62 79 74 65 73 20 6c 6f 6e 67 2e 20 6d 61 6b 65 20 74 68 65 20 6e 61 6d 65 20 32 35 36 20 62 79 74 65 73 20 6c 6f 6e 67 2e 20 6d 61 6b 65 20 74 68 65 20 6e 61 6d 65 20 32 35 36 20 62 79 74 65 73 20 6c 6f 6e 67 2e 20 6d 61 6b 65 20 74 68 65 20 6e 61 6d 65 20 32 35 36 20 62 79 74 65 73 20 6c 6f 6e 67 2e 20 6d 61 6b 65 20 74 68 65'}, bytearray(b'\xe0N\xe4\x08\xdc\x1b\x00\x00\x90\xfd\x00\x97\x01H\x00\xfb67897" recipient_name = "PTS. make the name 256 bytes long. make the name 256 bytes long. make the name 256 bytes long. make the name 256 bytes long. make the name 256 bytes long. make the name 256 bytes long. make the name 256 bytes long. make the')
2026-10-09 08:11:29,833 BTPWorkerThread-31606 (_rx_task) root DEBUG btp.py                    736   event_handler             : Header(svc_id=41, op=138, ctrl_index=0, data_len=264) (b'\xe0N\xe4\x08\xdc\x1b\x00\x00\x90\xfd\x00\x97\x01H\x00\xfb67897" recipient_name = "PTS. make the name 256 bytes long. make the name 256 bytes long. make the name 256 bytes long. make the name 256 bytes long. make the name 256 bytes long. make the name 256 bytes long. make the name 256 bytes long. make the',)
2026-10-09 08:11:29,833 BTPWorkerThread-31606 (_rx_task) root DEBUG iutctl_common.py          123   read                      : Read 5 bytes
2026-10-09 08:11:29,833 BTPWorkerThread-31606 (_rx_task) root DEBUG iutctl_common.py          131   read                      : Received: hdr: Header(svc_id=0x29, op=0x8a, ctrl_index=0x00, data_len=0x108) bytearray(b')\x8a\x00\x08\x01')
2026-10-09 08:11:29,833 BTPWorkerThread-31606 (_rx_task) root DEBUG iutctl_common.py          139   read                      : Read 72 bytes data
2026-10-09 08:11:29,833 Thread-31614 (_process_events) root DEBUG map.py                    1947  _map_mce_mas_get_msg_listing_ev : _map_mce_mas_get_msg_listing_ev b'\xe0N\xe4\x08\xdc\x1b\x00\x00\x90\xfd\x00\x97\x01H\x00\xfb67897" recipient_name = "PTS. make the name 256 bytes long. make the name 256 bytes long. make the name 256 bytes long. make the name 256 bytes long. make the name 256 bytes long. make the name 256 bytes long. make the name 256 bytes long. make the'
2026-10-09 08:11:29,844 BTPWorkerThread-31606 (_rx_task) root DEBUG iutctl_common.py          139   read                      : Read 129 bytes data
2026-10-09 08:11:29,855 BTPWorkerThread-31606 (_rx_task) root DEBUG iutctl_common.py          139   read                      : Read 63 bytes data
2026-10-09 08:11:29,856 BTPWorkerThread-31606 (_rx_task) root DEBUG iutctl_common.py          154   read                      : Received data: {'e0 4e e4 08 dc 1b 00 00 90 fd 00 97 01 48 00 fb 20 6e 61 6d 65 20 32 35 36 20 62 79 74 65 73 20 6c 6f 6e 67 2e 22 20 72 65 63 69 70 69 65 6e 74 5f 61 64 64 72 65 73 73 69 6e 67 20 3d 20 22 31 34 32 35 36 39 31 33 35 32 34 22 20 74 79 70 65 20 3d 20 22 4d 4d 53 22 20 73 69 7a 65 20 3d 20 22 39 38 30 22 20 74 65 78 74 20 3d 20 22 79 65 73 22 20 72 65 63 65 70 74 69 6f 6e 5f 73 74 61 74 75 73 20 3d 20 22 63 6f 6d 70 6c 65 74 65 22 20 61 74 74 61 63 68 6d 65 6e 74 5f 73 69 7a 65 20 3d 20 22 30 22 20 70 72 69 6f 72 69 74 79 20 3d 20 22 6e 6f 22 20 72 65 61 64 20 3d 20 22 6e 6f 22 20 73 65 6e 64 20 3d 20 22 6e 6f 22 20 70 72 6f 74 65 63 74 65 64 20 3d 20 22 6e 6f 22 20 63 6f 6e 76 65 72 73 61 74 69 6f 6e 5f 69 64 20 3d 20 22 33 31 31 39 39 36 33 39 37 37 22 20 64 69 72 65 63 74 69 6f 6e'}, bytearray(b'\xe0N\xe4\x08\xdc\x1b\x00\x00\x90\xfd\x00\x97\x01H\x00\xfb name 256 bytes long." recipient_addressing = "14256913524" type = "MMS" size = "980" text = "yes" reception_status = "complete" attachment_size = "0" priority = "no" read = "no" send = "no" protected = "no" conversation_id = "3119963977" direction')
2026-10-09 08:11:29,856 BTPWorkerThread-31606 (_rx_task) root DEBUG btp.py                    736   event_handler             : Header(svc_id=41, op=138, ctrl_index=0, data_len=264) (b'\xe0N\xe4\x08\xdc\x1b\x00\x00\x90\xfd\x00\x97\x01H\x00\xfb name 256 bytes long." recipient_addressing = "14256913524" type = "MMS" size = "980" text = "yes" reception_status = "complete" attachment_size = "0" priority = "no" read = "no" send = "no" protected = "no" conversation_id = "3119963977" direction',)
2026-10-09 08:11:29,856 BTPWorkerThread-31606 (_rx_task) root DEBUG iutctl_common.py          123   read                      : Read 5 bytes
2026-10-09 08:11:29,856 BTPWorkerThread-31606 (_rx_task) root DEBUG iutctl_common.py          131   read                      : Received: hdr: Header(svc_id=0x29, op=0x8a, ctrl_index=0x00, data_len=0x108) bytearray(b')\x8a\x00\x08\x01')
2026-10-09 08:11:29,856 Thread-31614 (_process_events) root DEBUG map.py                    1947  _map_mce_mas_get_msg_listing_ev : _map_mce_mas_get_msg_listing_ev b'\xe0N\xe4\x08\xdc\x1b\x00\x00\x90\xfd\x00\x97\x01H\x00\xfb name 256 bytes long." recipient_addressing = "14256913524" type = "MMS" size = "980" text = "yes" reception_status = "complete" attachment_size = "0" priority = "no" read = "no" send = "no" protected = "no" conversation_id = "3119963977" direction'
2026-10-09 08:11:29,857 BTPWorkerThread-31606 (_rx_task) root DEBUG iutctl_common.py          139   read                      : Read 27 bytes data
2026-10-09 08:11:29,866 BTPWorkerThread-31606 (_rx_task) root DEBUG iutctl_common.py          139   read                      : Read 124 bytes data
2026-10-09 08:11:29,877 BTPWorkerThread-31606 (_rx_task) root DEBUG iutctl_common.py          139   read                      : Read 113 bytes data
2026-10-09 08:11:29,877 BTPWorkerThread-31606 (_rx_task) root DEBUG iutctl_common.py          154   read                      : Received data: {'e0 4e e4 08 dc 1b 00 00 90 fd 00 97 01 48 00 fb 20 3d 20 22 69 6e 63 6f 6d 69 6e 67 22 20 2f 3e 0d 0a 3c 6d 73 67 20 68 61 6e 64 6c 65 20 3d 20 22 30 31 32 33 34 35 36 37 38 39 30 30 30 30 30 38 22 20 73 75 62 6a 65 63 74 20 3d 20 22 4d 61 6b 65 20 73 75 62 6a 65 63 74 20 32 35 36 20 62 79 74 65 73 20 6c 6f 6e 67 20 66 6f 72 20 74 65 73 74 69 6e 67 2e 20 4d 61 6b 65 20 73 75 62 6a 65 63 74 20 32 35 36 20 62 79 74 65 73 20 6c 6f 6e 67 20 66 6f 72 20 74 65 73 74 69 6e 67 2e 20 4d 61 6b 65 20 73 75 62 6a 65 63 74 20 32 35 36 20 62 79 74 65 73 20 6c 6f 6e 67 20 66 6f 72 20 74 65 73 74 69 6e 67 2e 20 4d 61 6b 65 20 73 75 62 6a 65 63 74 20 32 35 36 20 62 79 74 65 73 20 6c 6f 6e 67 20 66 6f 72 20 74 65 73 74 69 6e 67 2e 20 4d 61 6b 65 20 73 75 62 6a 65 63 74 20 32 35 36 20 62 79 74 65 73'}, bytearray(b'\xe0N\xe4\x08\xdc\x1b\x00\x00\x90\xfd\x00\x97\x01H\x00\xfb = "incoming" />\r\n<msg handle = "0123456789000008" subject = "Make subject 256 bytes long for testing. Make subject 256 bytes long for testing. Make subject 256 bytes long for testing. Make subject 256 bytes long for testing. Make subject 256 bytes')
2026-10-09 08:11:29,877 BTPWorkerThread-31606 (_rx_task) root DEBUG btp.py                    736   event_handler             : Header(svc_id=41, op=138, ctrl_index=0, data_len=264) (b'\xe0N\xe4\x08\xdc\x1b\x00\x00\x90\xfd\x00\x97\x01H\x00\xfb = "incoming" />\r\n<msg handle = "0123456789000008" subject = "Make subject 256 bytes long for testing. Make subject 256 bytes long for testing. Make subject 256 bytes long for testing. Make subject 256 bytes long for testing. Make subject 256 bytes',)
2026-10-09 08:11:29,877 Thread-31614 (_process_events) root DEBUG map.py                    1947  _map_mce_mas_get_msg_listing_ev : _map_mce_mas_get_msg_listing_ev b'\xe0N\xe4\x08\xdc\x1b\x00\x00\x90\xfd\x00\x97\x01H\x00\xfb = "incoming" />\r\n<msg handle = "0123456789000008" subject = "Make subject 256 bytes long for testing. Make subject 256 bytes long for testing. Make subject 256 bytes long for testing. Make subject 256 bytes long for testing. Make subject 256 bytes'
2026-10-09 08:11:29,888 BTPWorkerThread-31606 (_rx_task) root DEBUG iutctl_common.py          123   read                      : Read 5 bytes
2026-10-09 08:11:29,888 BTPWorkerThread-31606 (_rx_task) root DEBUG iutctl_common.py          131   read                      : Received: hdr: Header(svc_id=0x29, op=0x8a, ctrl_index=0x00, data_len=0x108) bytearray(b')\x8a\x00\x08\x01')
2026-10-09 08:11:29,888 BTPWorkerThread-31606 (_rx_task) root DEBUG iutctl_common.py          139   read                      : Read 103 bytes data
2026-10-09 08:11:29,899 BTPWorkerThread-31606 (_rx_task) root DEBUG iutctl_common.py          139   read                      : Read 126 bytes data
2026-10-09 08:11:29,910 BTPWorkerThread-31606 (_rx_task) root DEBUG iutctl_common.py          139   read                      : Read 35 bytes data
2026-10-09 08:11:29,910 BTPWorkerThread-31606 (_rx_task) root DEBUG iutctl_common.py          154   read                      : Received data: {'e0 4e e4 08 dc 1b 00 00 90 fd 00 97 01 48 00 fb 20 6c 6f 6e 67 20 66 6f 72 20 74 65 73 74 69 6e 67 2e 20 4d 61 6b 65 20 73 75 62 6a 65 63 74 20 32 35 36 20 62 79 74 65 73 20 6c 6f 6e 67 20 66 6f 72 20 74 65 73 74 69 6e 67 2e 22 20 64 61 74 65 74 69 6d 65 20 3d 20 22 32 30 32 36 31 30 30 39 54 30 30 31 31 32 39 22 20 73 65 6e 64 65 72 5f 6e 61 6d 65 20 3d 20 22 49 55 54 2e 20 6d 61 6b 65 20 74 68 65 20 6e 61 6d 65 20 32 35 36 20 62 79 74 65 73 20 6c 6f 6e 67 2e 20 6d 61 6b 65 20 74 68 65 20 6e 61 6d 65 20 32 35 36 20 62 79 74 65 73 20 6c 6f 6e 67 2e 20 6d 61 6b 65 20 74 68 65 20 6e 61 6d 65 20 32 35 36 20 62 79 74 65 73 20 6c 6f 6e 67 2e 20 6d 61 6b 65 20 74 68 65 20 6e 61 6d 65 20 32 35 36 20 62 79 74 65 73 20 6c 6f 6e 67 2e 20 6d 61 6b 65 20 74 68 65 20 6e 61 6d 65 20 32 35 36 20'}, bytearray(b'\xe0N\xe4\x08\xdc\x1b\x00\x00\x90\xfd\x00\x97\x01H\x00\xfb long for testing. Make subject 256 bytes long for testing." datetime = "20261009T001129" sender_name = "IUT. make the name 256 bytes long. make the name 256 bytes long. make the name 256 bytes long. make the name 256 bytes long. make the name 256 ')
2026-10-09 08:11:29,911 BTPWorkerThread-31606 (_rx_task) root DEBUG btp.py                    736   event_handler             : Header(svc_id=41, op=138, ctrl_index=0, data_len=264) (b'\xe0N\xe4\x08\xdc\x1b\x00\x00\x90\xfd\x00\x97\x01H\x00\xfb long for testing. Make subject 256 bytes long for testing." datetime = "20261009T001129" sender_name = "IUT. make the name 256 bytes long. make the name 256 bytes long. make the name 256 bytes long. make the name 256 bytes long. make the name 256 ',)
2026-10-09 08:11:29,911 Thread-31614 (_process_events) root DEBUG map.py                    1947  _map_mce_mas_get_msg_listing_ev : _map_mce_mas_get_msg_listing_ev b'\xe0N\xe4\x08\xdc\x1b\x00\x00\x90\xfd\x00\x97\x01H\x00\xfb long for testing. Make subject 256 bytes long for testing." datetime = "20261009T001129" sender_name = "IUT. make the name 256 bytes long. make the name 256 bytes long. make the name 256 bytes long. make the name 256 bytes long. make the name 256 '
2026-10-09 08:11:29,911 BTPWorkerThread-31606 (_rx_task) root DEBUG iutctl_common.py          123   read                      : Read 5 bytes
2026-10-09 08:11:29,911 BTPWorkerThread-31606 (_rx_task) root DEBUG iutctl_common.py          131   read                      : Received: hdr: Header(svc_id=0x29, op=0x8a, ctrl_index=0x00, data_len=0x108) bytearray(b')\x8a\x00\x08\x01')
2026-10-09 08:11:29,911 BTPWorkerThread-31606 (_rx_task) root DEBUG iutctl_common.py          139   read                      : Read 63 bytes data
2026-10-09 08:11:29,920 BTPWorkerThread-31606 (_rx_task) root DEBUG iutctl_common.py          139   read                      : Read 117 bytes data
2026-10-09 08:11:29,920 BTPWorkerThread-31606 (_rx_task) root DEBUG iutctl_common.py          139   read                      : Read 11 bytes data
2026-10-09 08:11:29,931 BTPWorkerThread-31606 (_rx_task) root DEBUG iutctl_common.py          139   read                      : Read 73 bytes data
2026-10-09 08:11:29,931 BTPWorkerThread-31606 (_rx_task) root DEBUG iutctl_common.py          154   read                      : Received data: {'e0 4e e4 08 dc 1b 00 00 90 fd 00 97 01 48 00 fb 62 79 74 65 73 20 6c 6f 6e 67 2e 20 6d 61 6b 65 20 74 68 65 20 6e 61 6d 65 20 32 35 36 20 62 79 74 65 73 20 6c 6f 6e 67 2e 20 6d 61 6b 65 20 74 68 65 20 6e 61 6d 65 20 32 35 36 20 62 79 74 65 73 20 6c 6f 6e 67 2e 20 6d 61 6b 65 20 74 68 65 20 6e 61 6d 65 20 32 35 36 20 62 79 74 65 73 20 6c 6f 6e 67 2e 22 20 73 65 6e 64 65 72 5f 61 64 64 72 65 73 73 69 6e 67 20 3d 20 22 31 32 33 34 35 36 37 38 39 38 22 20 72 65 63 69 70 69 65 6e 74 5f 6e 61 6d 65 20 3d 20 22 50 54 53 2e 20 6d 61 6b 65 20 74 68 65 20 6e 61 6d 65 20 32 35 36 20 62 79 74 65 73 20 6c 6f 6e 67 2e 20 6d 61 6b 65 20 74 68 65 20 6e 61 6d 65 20 32 35 36 20 62 79 74 65 73 20 6c 6f 6e 67 2e 20 6d 61 6b 65 20 74 68 65 20 6e 61 6d 65 20 32 35 36 20 62 79 74 65 73 20 6c 6f 6e 67 2e'}, bytearray(b'\xe0N\xe4\x08\xdc\x1b\x00\x00\x90\xfd\x00\x97\x01H\x00\xfbbytes long. make the name 256 bytes long. make the name 256 bytes long. make the name 256 bytes long." sender_addressing = "1234567898" recipient_name = "PTS. make the name 256 bytes long. make the name 256 bytes long. make the name 256 bytes long.')
2026-10-09 08:11:29,933 BTPWorkerThread-31606 (_rx_task) root DEBUG btp.py                    736   event_handler             : Header(svc_id=41, op=138, ctrl_index=0, data_len=264) (b'\xe0N\xe4\x08\xdc\x1b\x00\x00\x90\xfd\x00\x97\x01H\x00\xfbbytes long. make the name 256 bytes long. make the name 256 bytes long. make the name 256 bytes long." sender_addressing = "1234567898" recipient_name = "PTS. make the name 256 bytes long. make the name 256 bytes long. make the name 256 bytes long.',)
2026-10-09 08:11:29,933 BTPWorkerThread-31606 (_rx_task) root DEBUG iutctl_common.py          123   read                      : Read 5 bytes
2026-10-09 08:11:29,933 BTPWorkerThread-31606 (_rx_task) root DEBUG iutctl_common.py          131   read                      : Received: hdr: Header(svc_id=0x29, op=0x8a, ctrl_index=0x00, data_len=0x108) bytearray(b')\x8a\x00\x08\x01')
2026-10-09 08:11:29,933 Thread-31614 (_process_events) root DEBUG map.py                    1947  _map_mce_mas_get_msg_listing_ev : _map_mce_mas_get_msg_listing_ev b'\xe0N\xe4\x08\xdc\x1b\x00\x00\x90\xfd\x00\x97\x01H\x00\xfbbytes long. make the name 256 bytes long. make the name 256 bytes long. make the name 256 bytes long." sender_addressing = "1234567898" recipient_name = "PTS. make the name 256 bytes long. make the name 256 bytes long. make the name 256 bytes long.'
2026-10-09 08:11:29,933 BTPWorkerThread-31606 (_rx_task) root DEBUG iutctl_common.py          139   read                      : Read 2 bytes data
2026-10-09 08:11:29,943 BTPWorkerThread-31606 (_rx_task) root DEBUG iutctl_common.py          139   read                      : Read 128 bytes data
2026-10-09 08:11:29,954 BTPWorkerThread-31606 (_rx_task) root DEBUG iutctl_common.py          139   read                      : Read 126 bytes data
2026-10-09 08:11:29,954 BTPWorkerThread-31606 (_rx_task) root DEBUG iutctl_common.py          139   read                      : Read 1 bytes data
2026-10-09 08:11:29,965 BTPWorkerThread-31606 (_rx_task) root DEBUG iutctl_common.py          139   read                      : Read 7 bytes data
2026-10-09 08:11:29,965 BTPWorkerThread-31606 (_rx_task) root DEBUG iutctl_common.py          154   read                      : Received data: {'e0 4e e4 08 dc 1b 00 00 90 fd 00 97 01 48 00 fb 20 6d 61 6b 65 20 74 68 65 20 6e 61 6d 65 20 32 35 36 20 62 79 74 65 73 20 6c 6f 6e 67 2e 20 6d 61 6b 65 20 74 68 65 20 6e 61 6d 65 20 32 35 36 20 62 79 74 65 73 20 6c 6f 6e 67 2e 20 6d 61 6b 65 20 74 68 65 20 6e 61 6d 65 20 32 35 36 20 62 79 74 65 73 20 6c 6f 6e 67 2e 20 6d 61 6b 65 20 74 68 65 20 6e 61 6d 65 20 32 35 36 20 62 79 74 65 73 20 6c 6f 6e 67 2e 20 6d 61 6b 65 20 74 68 65 20 6e 61 6d 65 20 32 35 36 20 62 79 74 65 73 20 6c 6f 6e 67 2e 22 20 72 65 63 69 70 69 65 6e 74 5f 61 64 64 72 65 73 73 69 6e 67 20 3d 20 22 31 34 32 35 36 39 38 33 35 32 34 22 20 74 79 70 65 20 3d 20 22 53 4d 53 5f 47 53 4d 22 20 73 69 7a 65 20 3d 20 22 39 37 38 22 20 74 65 78 74 20 3d 20 22 79 65 73 22 20 72 65 63 65 70 74 69 6f 6e 5f 73 74 61 74 75 73'}, bytearray(b'\xe0N\xe4\x08\xdc\x1b\x00\x00\x90\xfd\x00\x97\x01H\x00\xfb make the name 256 bytes long. make the name 256 bytes long. make the name 256 bytes long. make the name 256 bytes long. make the name 256 bytes long." recipient_addressing = "14256983524" type = "SMS_GSM" size = "978" text = "yes" reception_status')
2026-10-09 08:11:29,966 BTPWorkerThread-31606 (_rx_task) root DEBUG btp.py                    736   event_handler             : Header(svc_id=41, op=138, ctrl_index=0, data_len=264) (b'\xe0N\xe4\x08\xdc\x1b\x00\x00\x90\xfd\x00\x97\x01H\x00\xfb make the name 256 bytes long. make the name 256 bytes long. make the name 256 bytes long. make the name 256 bytes long. make the name 256 bytes long." recipient_addressing = "14256983524" type = "SMS_GSM" size = "978" text = "yes" reception_status',)
2026-10-09 08:11:29,966 BTPWorkerThread-31606 (_rx_task) root DEBUG iutctl_common.py          123   read                      : Read 5 bytes
2026-10-09 08:11:29,966 Thread-31614 (_process_events) root DEBUG map.py                    1947  _map_mce_mas_get_msg_listing_ev : _map_mce_mas_get_msg_listing_ev b'\xe0N\xe4\x08\xdc\x1b\x00\x00\x90\xfd\x00\x97\x01H\x00\xfb make the name 256 bytes long. make the name 256 bytes long. make the name 256 bytes long. make the name 256 bytes long. make the name 256 bytes long." recipient_addressing = "14256983524" type = "SMS_GSM" size = "978" text = "yes" reception_status'
2026-10-09 08:11:29,966 BTPWorkerThread-31606 (_rx_task) root DEBUG iutctl_common.py          131   read                      : Received: hdr: Header(svc_id=0x29, op=0x8a, ctrl_index=0x00, data_len=0x108) bytearray(b')\x8a\x00\x08\x01')
2026-10-09 08:11:29,966 BTPWorkerThread-31606 (_rx_task) root DEBUG iutctl_common.py          139   read                      : Read 82 bytes data
2026-10-09 08:11:29,976 BTPWorkerThread-31606 (_rx_task) root DEBUG iutctl_common.py          139   read                      : Read 124 bytes data
2026-10-09 08:11:29,987 BTPWorkerThread-31606 (_rx_task) root DEBUG iutctl_common.py          139   read                      : Read 58 bytes data
2026-10-09 08:11:29,987 BTPWorkerThread-31606 (_rx_task) root DEBUG iutctl_common.py          154   read                      : Received data: {'e0 4e e4 08 dc 1b 00 00 90 fd 00 97 01 48 00 fb 20 3d 20 22 63 6f 6d 70 6c 65 74 65 22 20 61 74 74 61 63 68 6d 65 6e 74 5f 73 69 7a 65 20 3d 20 22 30 22 20 70 72 69 6f 72 69 74 79 20 3d 20 22 6e 6f 22 20 72 65 61 64 20 3d 20 22 6e 6f 22 20 73 65 6e 64 20 3d 20 22 6e 6f 22 20 70 72 6f 74 65 63 74 65 64 20 3d 20 22 6e 6f 22 20 63 6f 6e 76 65 72 73 61 74 69 6f 6e 5f 69 64 20 3d 20 22 33 34 34 30 36 34 31 37 31 34 22 20 64 69 72 65 63 74 69 6f 6e 20 3d 20 22 69 6e 63 6f 6d 69 6e 67 22 20 2f 3e 0d 0a 3c 6d 73 67 20 68 61 6e 64 6c 65 20 3d 20 22 30 31 32 33 34 35 36 37 38 39 30 30 30 30 30 39 22 20 73 75 62 6a 65 63 74 20 3d 20 22 4d 61 6b 65 20 73 75 62 6a 65 63 74 20 32 35 36 20 62 79 74 65 73 20 6c 6f 6e 67 20 66 6f 72 20 74 65 73 74 69 6e 67 2e 20 4d 61 6b 65 20 73 75 62 6a 65 63 74'}, bytearray(b'\xe0N\xe4\x08\xdc\x1b\x00\x00\x90\xfd\x00\x97\x01H\x00\xfb = "complete" attachment_size = "0" priority = "no" read = "no" send = "no" protected = "no" conversation_id = "3440641714" direction = "incoming" />\r\n<msg handle = "0123456789000009" subject = "Make subject 256 bytes long for testing. Make subject')
2026-10-09 08:11:29,987 BTPWorkerThread-31606 (_rx_task) root DEBUG btp.py                    736   event_handler             : Header(svc_id=41, op=138, ctrl_index=0, data_len=264) (b'\xe0N\xe4\x08\xdc\x1b\x00\x00\x90\xfd\x00\x97\x01H\x00\xfb = "complete" attachment_size = "0" priority = "no" read = "no" send = "no" protected = "no" conversation_id = "3440641714" direction = "incoming" />\r\n<msg handle = "0123456789000009" subject = "Make subject 256 bytes long for testing. Make subject',)
2026-10-09 08:11:29,988 BTPWorkerThread-31606 (_rx_task) root DEBUG iutctl_common.py          123   read                      : Read 4 bytes
2026-10-09 08:11:29,988 Thread-31614 (_process_events) root DEBUG map.py                    1947  _map_mce_mas_get_msg_listing_ev : _map_mce_mas_get_msg_listing_ev b'\xe0N\xe4\x08\xdc\x1b\x00\x00\x90\xfd\x00\x97\x01H\x00\xfb = "complete" attachment_size = "0" priority = "no" read = "no" send = "no" protected = "no" conversation_id = "3440641714" direction = "incoming" />\r\n<msg handle = "0123456789000009" subject = "Make subject 256 bytes long for testing. Make subject'
2026-10-09 08:11:29,998 BTPWorkerThread-31606 (_rx_task) root DEBUG iutctl_common.py          123   read                      : Read 1 bytes
2026-10-09 08:11:29,998 BTPWorkerThread-31606 (_rx_task) root DEBUG iutctl_common.py          131   read                      : Received: hdr: Header(svc_id=0x29, op=0x8a, ctrl_index=0x00, data_len=0x108) bytearray(b')\x8a\x00\x08\x01')
2026-10-09 08:11:29,998 BTPWorkerThread-31606 (_rx_task) root DEBUG iutctl_common.py          139   read                      : Read 127 bytes data
2026-10-09 08:11:30,009 BTPWorkerThread-31606 (_rx_task) root DEBUG iutctl_common.py          139   read                      : Read 127 bytes data
2026-10-09 08:11:30,009 BTPWorkerThread-31606 (_rx_task) root DEBUG iutctl_common.py          139   read                      : Read 9 bytes data
2026-10-09 08:11:30,009 BTPWorkerThread-31606 (_rx_task) root DEBUG iutctl_common.py          139   read                      : Read 1 bytes data
2026-10-09 08:11:30,010 BTPWorkerThread-31606 (_rx_task) root DEBUG iutctl_common.py          154   read                      : Received data: {'e0 4e e4 08 dc 1b 00 00 90 fd 00 97 01 48 00 fb 20 32 35 36 20 62 79 74 65 73 20 6c 6f 6e 67 20 66 6f 72 20 74 65 73 74 69 6e 67 2e 20 4d 61 6b 65 20 73 75 62 6a 65 63 74 20 32 35 36 20 62 79 74 65 73 20 6c 6f 6e 67 20 66 6f 72 20 74 65 73 74 69 6e 67 2e 20 4d 61 6b 65 20 73 75 62 6a 65 63 74 20 32 35 36 20 62 79 74 65 73 20 6c 6f 6e 67 20 66 6f 72 20 74 65 73 74 69 6e 67 2e 20 4d 61 6b 65 20 73 75 62 6a 65 63 74 20 32 35 36 20 62 79 74 65 73 20 6c 6f 6e 67 20 66 6f 72 20 74 65 73 74 69 6e 67 2e 20 4d 61 6b 65 20 73 75 62 6a 65 63 74 20 32 35 36 20 62 79 74 65 73 20 6c 6f 6e 67 20 66 6f 72 20 74 65 73 74 69 6e 67 2e 22 20 64 61 74 65 74 69 6d 65 20 3d 20 22 32 30 32 36 31 30 30 39 54 30 30 31 31 32 39 22 20 73 65 6e 64 65 72 5f 6e 61 6d 65 20 3d 20 22 49 55 54 2e 20 6d 61 6b 65 20'}, bytearray(b'\xe0N\xe4\x08\xdc\x1b\x00\x00\x90\xfd\x00\x97\x01H\x00\xfb 256 bytes long for testing. Make subject 256 bytes long for testing. Make subject 256 bytes long for testing. Make subject 256 bytes long for testing. Make subject 256 bytes long for testing." datetime = "20261009T001129" sender_name = "IUT. make ')
2026-10-09 08:11:30,010 BTPWorkerThread-31606 (_rx_task) root DEBUG btp.py                    736   event_handler             : Header(svc_id=41, op=138, ctrl_index=0, data_len=264) (b'\xe0N\xe4\x08\xdc\x1b\x00\x00\x90\xfd\x00\x97\x01H\x00\xfb 256 bytes long for testing. Make subject 256 bytes long for testing. Make subject 256 bytes long for testing. Make subject 256 bytes long for testing. Make subject 256 bytes long for testing." datetime = "20261009T001129" sender_name = "IUT. make ',)
2026-10-09 08:11:30,010 Thread-31614 (_process_events) root DEBUG map.py                    1947  _map_mce_mas_get_msg_listing_ev : _map_mce_mas_get_msg_listing_ev b'\xe0N\xe4\x08\xdc\x1b\x00\x00\x90\xfd\x00\x97\x01H\x00\xfb 256 bytes long for testing. Make subject 256 bytes long for testing. Make subject 256 bytes long for testing. Make subject 256 bytes long for testing. Make subject 256 bytes long for testing." datetime = "20261009T001129" sender_name = "IUT. make '
2026-10-09 08:11:30,020 BTPWorkerThread-31606 (_rx_task) root DEBUG iutctl_common.py          123   read                      : Read 5 bytes
2026-10-09 08:11:30,020 BTPWorkerThread-31606 (_rx_task) root DEBUG iutctl_common.py          131   read                      : Received: hdr: Header(svc_id=0x29, op=0x8a, ctrl_index=0x00, data_len=0x108) bytearray(b')\x8a\x00\x08\x01')
2026-10-09 08:11:30,020 BTPWorkerThread-31606 (_rx_task) root DEBUG iutctl_common.py          139   read                      : Read 103 bytes data
2026-10-09 08:11:30,031 BTPWorkerThread-31606 (_rx_task) root DEBUG iutctl_common.py          139   read                      : Read 126 bytes data
2026-10-09 08:11:30,031 BTPWorkerThread-31606 (_rx_task) root DEBUG iutctl_common.py          139   read                      : Read 10 bytes data
2026-10-09 08:11:30,031 BTPWorkerThread-31606 (_rx_task) root DEBUG iutctl_common.py          139   read                      : Read 2 bytes data
2026-10-09 08:11:30,043 BTPWorkerThread-31606 (_rx_task) root DEBUG iutctl_common.py          139   read                      : Read 23 bytes data
2026-10-09 08:11:30,043 BTPWorkerThread-31606 (_rx_task) root DEBUG iutctl_common.py          154   read                      : Received data: {'e0 4e e4 08 dc 1b 00 00 90 fd 00 97 01 48 00 fb 74 68 65 20 6e 61 6d 65 20 32 35 36 20 62 79 74 65 73 20 6c 6f 6e 67 2e 20 6d 61 6b 65 20 74 68 65 20 6e 61 6d 65 20 32 35 36 20 62 79 74 65 73 20 6c 6f 6e 67 2e 20 6d 61 6b 65 20 74 68 65 20 6e 61 6d 65 20 32 35 36 20 62 79 74 65 73 20 6c 6f 6e 67 2e 20 6d 61 6b 65 20 74 68 65 20 6e 61 6d 65 20 32 35 36 20 62 79 74 65 73 20 6c 6f 6e 67 2e 20 6d 61 6b 65 20 74 68 65 20 6e 61 6d 65 20 32 35 36 20 62 79 74 65 73 20 6c 6f 6e 67 2e 20 6d 61 6b 65 20 74 68 65 20 6e 61 6d 65 20 32 35 36 20 62 79 74 65 73 20 6c 6f 6e 67 2e 20 6d 61 6b 65 20 74 68 65 20 6e 61 6d 65 20 32 35 36 20 62 79 74 65 73 20 6c 6f 6e 67 2e 20 6d 61 6b 65 20 74 68 65 20 6e 61 6d 65 20 32 35 36 20 62 79 74 65 73 20 6c 6f 6e 67 2e 22 20 73 65 6e 64 65 72 5f 61 64 64 72 65'}, bytearray(b'\xe0N\xe4\x08\xdc\x1b\x00\x00\x90\xfd\x00\x97\x01H\x00\xfbthe name 256 bytes long. make the name 256 bytes long. make the name 256 bytes long. make the name 256 bytes long. make the name 256 bytes long. make the name 256 bytes long. make the name 256 bytes long. make the name 256 bytes long." sender_addre')
2026-10-09 08:11:30,044 BTPWorkerThread-31606 (_rx_task) root DEBUG btp.py                    736   event_handler             : Header(svc_id=41, op=138, ctrl_index=0, data_len=264) (b'\xe0N\xe4\x08\xdc\x1b\x00\x00\x90\xfd\x00\x97\x01H\x00\xfbthe name 256 bytes long. make the name 256 bytes long. make the name 256 bytes long. make the name 256 bytes long. make the name 256 bytes long. make the name 256 bytes long. make the name 256 bytes long. make the name 256 bytes long." sender_addre',)
2026-10-09 08:11:30,044 BTPWorkerThread-31606 (_rx_task) root DEBUG iutctl_common.py          123   read                      : Read 5 bytes
2026-10-09 08:11:30,044 Thread-31614 (_process_events) root DEBUG map.py                    1947  _map_mce_mas_get_msg_listing_ev : _map_mce_mas_get_msg_listing_ev b'\xe0N\xe4\x08\xdc\x1b\x00\x00\x90\xfd\x00\x97\x01H\x00\xfbthe name 256 bytes long. make the name 256 bytes long. make the name 256 bytes long. make the name 256 bytes long. make the name 256 bytes long. make the name 256 bytes long. make the name 256 bytes long. make the name 256 bytes long." sender_addre'
2026-10-09 08:11:30,044 BTPWorkerThread-31606 (_rx_task) root DEBUG iutctl_common.py          131   read                      : Received: hdr: Header(svc_id=0x29, op=0x8a, ctrl_index=0x00, data_len=0x108) bytearray(b')\x8a\x00\x08\x01')
2026-10-09 08:11:30,044 BTPWorkerThread-31606 (_rx_task) root DEBUG iutctl_common.py          139   read                      : Read 71 bytes data
2026-10-09 08:11:30,054 BTPWorkerThread-31606 (_rx_task) root DEBUG iutctl_common.py          139   read                      : Read 129 bytes data
2026-10-09 08:11:30,065 BTPWorkerThread-31606 (_rx_task) root DEBUG iutctl_common.py          139   read                      : Read 64 bytes data
2026-10-09 08:11:30,066 BTPWorkerThread-31606 (_rx_task) root DEBUG iutctl_common.py          154   read                      : Received data: {'e0 4e e4 08 dc 1b 00 00 90 fd 00 97 01 48 00 fb 73 73 69 6e 67 20 3d 20 22 31 32 33 37 35 36 37 38 39 37 22 20 72 65 63 69 70 69 65 6e 74 5f 6e 61 6d 65 20 3d 20 22 50 54 53 2e 20 6d 61 6b 65 20 74 68 65 20 6e 61 6d 65 20 32 35 36 20 62 79 74 65 73 20 6c 6f 6e 67 2e 20 6d 61 6b 65 20 74 68 65 20 6e 61 6d 65 20 32 35 36 20 62 79 74 65 73 20 6c 6f 6e 67 2e 20 6d 61 6b 65 20 74 68 65 20 6e 61 6d 65 20 32 35 36 20 62 79 74 65 73 20 6c 6f 6e 67 2e 20 6d 61 6b 65 20 74 68 65 20 6e 61 6d 65 20 32 35 36 20 62 79 74 65 73 20 6c 6f 6e 67 2e 20 6d 61 6b 65 20 74 68 65 20 6e 61 6d 65 20 32 35 36 20 62 79 74 65 73 20 6c 6f 6e 67 2e 20 6d 61 6b 65 20 74 68 65 20 6e 61 6d 65 20 32 35 36 20 62 79 74 65 73 20 6c 6f 6e 67 2e 20 6d 61 6b 65 20 74 68 65 20 6e 61 6d 65 20 32 35 36 20 62 79 74 65 73 20'}, bytearray(b'\xe0N\xe4\x08\xdc\x1b\x00\x00\x90\xfd\x00\x97\x01H\x00\xfbssing = "1237567897" recipient_name = "PTS. make the name 256 bytes long. make the name 256 bytes long. make the name 256 bytes long. make the name 256 bytes long. make the name 256 bytes long. make the name 256 bytes long. make the name 256 bytes ')
2026-10-09 08:11:30,066 BTPWorkerThread-31606 (_rx_task) root DEBUG btp.py                    736   event_handler             : Header(svc_id=41, op=138, ctrl_index=0, data_len=264) (b'\xe0N\xe4\x08\xdc\x1b\x00\x00\x90\xfd\x00\x97\x01H\x00\xfbssing = "1237567897" recipient_name = "PTS. make the name 256 bytes long. make the name 256 bytes long. make the name 256 bytes long. make the name 256 bytes long. make the name 256 bytes long. make the name 256 bytes long. make the name 256 bytes ',)
2026-10-09 08:11:30,066 BTPWorkerThread-31606 (_rx_task) root DEBUG iutctl_common.py          123   read                      : Read 5 bytes
2026-10-09 08:11:30,067 BTPWorkerThread-31606 (_rx_task) root DEBUG iutctl_common.py          131   read                      : Received: hdr: Header(svc_id=0x29, op=0x8a, ctrl_index=0x00, data_len=0x108) bytearray(b')\x8a\x00\x08\x01')
2026-10-09 08:11:30,067 BTPWorkerThread-31606 (_rx_task) root DEBUG iutctl_common.py          139   read                      : Read 25 bytes data
2026-10-09 08:11:30,067 Thread-31614 (_process_events) root DEBUG map.py                    1947  _map_mce_mas_get_msg_listing_ev : _map_mce_mas_get_msg_listing_ev b'\xe0N\xe4\x08\xdc\x1b\x00\x00\x90\xfd\x00\x97\x01H\x00\xfbssing = "1237567897" recipient_name = "PTS. make the name 256 bytes long. make the name 256 bytes long. make the name 256 bytes long. make the name 256 bytes long. make the name 256 bytes long. make the name 256 bytes long. make the name 256 bytes '
2026-10-09 08:11:30,076 BTPWorkerThread-31606 (_rx_task) root DEBUG iutctl_common.py          139   read                      : Read 123 bytes data
2026-10-09 08:11:30,076 BTPWorkerThread-31606 (_rx_task) root DEBUG iutctl_common.py          139   read                      : Read 13 bytes data
2026-10-09 08:11:30,088 BTPWorkerThread-31606 (_rx_task) root DEBUG iutctl_common.py          139   read                      : Read 103 bytes data
2026-10-09 08:11:30,089 BTPWorkerThread-31606 (_rx_task) root DEBUG iutctl_common.py          154   read                      : Received data: {'e0 4e e4 08 dc 1b 00 00 90 fd 00 97 01 48 00 fb 6c 6f 6e 67 2e 20 6d 61 6b 65 20 74 68 65 20 6e 61 6d 65 20 32 35 36 20 62 79 74 65 73 20 6c 6f 6e 67 2e 22 20 72 65 63 69 70 69 65 6e 74 5f 61 64 64 72 65 73 73 69 6e 67 20 3d 20 22 31 34 32 35 36 39 31 33 35 32 34 22 20 74 79 70 65 20 3d 20 22 4d 4d 53 22 20 73 69 7a 65 20 3d 20 22 39 38 30 22 20 74 65 78 74 20 3d 20 22 79 65 73 22 20 72 65 63 65 70 74 69 6f 6e 5f 73 74 61 74 75 73 20 3d 20 22 63 6f 6d 70 6c 65 74 65 22 20 61 74 74 61 63 68 6d 65 6e 74 5f 73 69 7a 65 20 3d 20 22 30 22 20 70 72 69 6f 72 69 74 79 20 3d 20 22 6e 6f 22 20 72 65 61 64 20 3d 20 22 6e 6f 22 20 73 65 6e 64 20 3d 20 22 6e 6f 22 20 70 72 6f 74 65 63 74 65 64 20 3d 20 22 6e 6f 22 20 63 6f 6e 76 65 72 73 61 74 69 6f 6e 5f 69 64 20 3d 20 22 33 31 31 39 39 36 33'}, bytearray(b'\xe0N\xe4\x08\xdc\x1b\x00\x00\x90\xfd\x00\x97\x01H\x00\xfblong. make the name 256 bytes long." recipient_addressing = "14256913524" type = "MMS" size = "980" text = "yes" reception_status = "complete" attachment_size = "0" priority = "no" read = "no" send = "no" protected = "no" conversation_id = "3119963')
2026-10-09 08:11:30,089 BTPWorkerThread-31606 (_rx_task) root DEBUG btp.py                    736   event_handler             : Header(svc_id=41, op=138, ctrl_index=0, data_len=264) (b'\xe0N\xe4\x08\xdc\x1b\x00\x00\x90\xfd\x00\x97\x01H\x00\xfblong. make the name 256 bytes long." recipient_addressing = "14256913524" type = "MMS" size = "980" text = "yes" reception_status = "complete" attachment_size = "0" priority = "no" read = "no" send = "no" protected = "no" conversation_id = "3119963',)
2026-10-09 08:11:30,089 Thread-31614 (_process_events) root DEBUG map.py                    1947  _map_mce_mas_get_msg_listing_ev : _map_mce_mas_get_msg_listing_ev b'\xe0N\xe4\x08\xdc\x1b\x00\x00\x90\xfd\x00\x97\x01H\x00\xfblong. make the name 256 bytes long." recipient_addressing = "14256913524" type = "MMS" size = "980" text = "yes" reception_status = "complete" attachment_size = "0" priority = "no" read = "no" send = "no" protected = "no" conversation_id = "3119963'
2026-10-09 08:11:30,099 BTPWorkerThread-31606 (_rx_task) root DEBUG iutctl_common.py          123   read                      : Read 5 bytes
2026-10-09 08:11:30,099 BTPWorkerThread-31606 (_rx_task) root DEBUG iutctl_common.py          131   read                      : Received: hdr: Header(svc_id=0x29, op=0x8a, ctrl_index=0x00, data_len=0x108) bytearray(b')\x8a\x00\x08\x01')
2026-10-09 08:11:30,100 BTPWorkerThread-31606 (_rx_task) root DEBUG iutctl_common.py          139   read                      : Read 117 bytes data
2026-10-09 08:11:30,110 BTPWorkerThread-31606 (_rx_task) root DEBUG iutctl_common.py          139   read                      : Read 120 bytes data
2026-10-09 08:11:30,121 BTPWorkerThread-31606 (_rx_task) root DEBUG iutctl_common.py          139   read                      : Read 27 bytes data
2026-10-09 08:11:30,122 BTPWorkerThread-31606 (_rx_task) root DEBUG iutctl_common.py          154   read                      : Received data: {'e0 4e e4 08 dc 1b 00 00 90 fd 00 97 01 48 00 fb 39 37 37 22 20 64 69 72 65 63 74 69 6f 6e 20 3d 20 22 69 6e 63 6f 6d 69 6e 67 22 20 2f 3e 0d 0a 3c 6d 73 67 20 68 61 6e 64 6c 65 20 3d 20 22 30 31 32 33 34 35 36 37 38 39 30 30 30 30 31 30 22 20 73 75 62 6a 65 63 74 20 3d 20 22 20 50 54 53 20 74 65 73 74 69 6e 67 22 20 64 61 74 65 74 69 6d 65 20 3d 20 22 32 30 32 36 31 30 30 39 54 30 30 31 31 32 39 22 20 73 65 6e 64 65 72 5f 6e 61 6d 65 20 3d 20 22 49 55 54 2e 20 6d 61 6b 65 20 74 68 65 20 6e 61 6d 65 20 32 35 36 20 62 79 74 65 73 20 6c 6f 6e 67 2e 20 6d 61 6b 65 20 74 68 65 20 6e 61 6d 65 20 32 35 36 20 62 79 74 65 73 20 6c 6f 6e 67 2e 20 6d 61 6b 65 20 74 68 65 20 6e 61 6d 65 20 32 35 36 20 62 79 74 65 73 20 6c 6f 6e 67 2e 20 6d 61 6b 65 20 74 68 65 20 6e 61 6d 65 20 32 35 36 20 62'}, bytearray(b'\xe0N\xe4\x08\xdc\x1b\x00\x00\x90\xfd\x00\x97\x01H\x00\xfb977" direction = "incoming" />\r\n<msg handle = "0123456789000010" subject = " PTS testing" datetime = "20261009T001129" sender_name = "IUT. make the name 256 bytes long. make the name 256 bytes long. make the name 256 bytes long. make the name 256 b')
2026-10-09 08:11:30,122 BTPWorkerThread-31606 (_rx_task) root DEBUG btp.py                    736   event_handler             : Header(svc_id=41, op=138, ctrl_index=0, data_len=264) (b'\xe0N\xe4\x08\xdc\x1b\x00\x00\x90\xfd\x00\x97\x01H\x00\xfb977" direction = "incoming" />\r\n<msg handle = "0123456789000010" subject = " PTS testing" datetime = "20261009T001129" sender_name = "IUT. make the name 256 bytes long. make the name 256 bytes long. make the name 256 bytes long. make the name 256 b',)
2026-10-09 08:11:30,122 BTPWorkerThread-31606 (_rx_task) root DEBUG iutctl_common.py          123   read                      : Read 5 bytes
2026-10-09 08:11:30,122 BTPWorkerThread-31606 (_rx_task) root DEBUG iutctl_common.py          131   read                      : Received: hdr: Header(svc_id=0x29, op=0x8a, ctrl_index=0x00, data_len=0x108) bytearray(b')\x8a\x00\x08\x01')
2026-10-09 08:11:30,122 Thread-31614 (_process_events) root DEBUG map.py                    1947  _map_mce_mas_get_msg_listing_ev : _map_mce_mas_get_msg_listing_ev b'\xe0N\xe4\x08\xdc\x1b\x00\x00\x90\xfd\x00\x97\x01H\x00\xfb977" direction = "incoming" />\r\n<msg handle = "0123456789000010" subject = " PTS testing" datetime = "20261009T001129" sender_name = "IUT. make the name 256 bytes long. make the name 256 bytes long. make the name 256 bytes long. make the name 256 b'
2026-10-09 08:11:30,123 BTPWorkerThread-31606 (_rx_task) root DEBUG iutctl_common.py          139   read                      : Read 74 bytes data
2026-10-09 08:11:30,133 BTPWorkerThread-31606 (_rx_task) root DEBUG iutctl_common.py          139   read                      : Read 126 bytes data
2026-10-09 08:11:30,143 BTPWorkerThread-31606 (_rx_task) root DEBUG iutctl_common.py          139   read                      : Read 64 bytes data
2026-10-09 08:11:30,144 BTPWorkerThread-31606 (_rx_task) root DEBUG iutctl_common.py          154   read                      : Received data: {'e0 4e e4 08 dc 1b 00 00 90 fd 00 97 01 48 00 fb 79 74 65 73 20 6c 6f 6e 67 2e 20 6d 61 6b 65 20 74 68 65 20 6e 61 6d 65 20 32 35 36 20 62 79 74 65 73 20 6c 6f 6e 67 2e 20 6d 61 6b 65 20 74 68 65 20 6e 61 6d 65 20 32 35 36 20 62 79 74 65 73 20 6c 6f 6e 67 2e 20 6d 61 6b 65 20 74 68 65 20 6e 61 6d 65 20 32 35 36 20 62 79 74 65 73 20 6c 6f 6e 67 2e 20 6d 61 6b 65 20 74 68 65 20 6e 61 6d 65 20 32 35 36 20 62 79 74 65 73 20 6c 6f 6e 67 2e 22 20 73 65 6e 64 65 72 5f 61 64 64 72 65 73 73 69 6e 67 20 3d 20 22 6d 6f 6d 62 65 72 40 69 75 74 2e 63 6f 6d 22 20 72 65 63 69 70 69 65 6e 74 5f 6e 61 6d 65 20 3d 20 22 50 54 53 2e 20 6d 61 6b 65 20 74 68 65 20 6e 61 6d 65 20 32 35 36 20 62 79 74 65 73 20 6c 6f 6e 67 2e 20 6d 61 6b 65 20 74 68 65 20 6e 61 6d 65 20 32 35 36 20 62 79 74 65 73 20 6c 6f'}, bytearray(b'\xe0N\xe4\x08\xdc\x1b\x00\x00\x90\xfd\x00\x97\x01H\x00\xfbytes long. make the name 256 bytes long. make the name 256 bytes long. make the name 256 bytes long. make the name 256 bytes long." sender_addressing = "momber@iut.com" recipient_name = "PTS. make the name 256 bytes long. make the name 256 bytes lo')
2026-10-09 08:11:30,144 BTPWorkerThread-31606 (_rx_task) root DEBUG btp.py                    736   event_handler             : Header(svc_id=41, op=138, ctrl_index=0, data_len=264) (b'\xe0N\xe4\x08\xdc\x1b\x00\x00\x90\xfd\x00\x97\x01H\x00\xfbytes long. make the name 256 bytes long. make the name 256 bytes long. make the name 256 bytes long. make the name 256 bytes long." sender_addressing = "momber@iut.com" recipient_name = "PTS. make the name 256 bytes long. make the name 256 bytes lo',)
2026-10-09 08:11:30,144 Thread-31614 (_process_events) root DEBUG map.py                    1947  _map_mce_mas_get_msg_listing_ev : _map_mce_mas_get_msg_listing_ev b'\xe0N\xe4\x08\xdc\x1b\x00\x00\x90\xfd\x00\x97\x01H\x00\xfbytes long. make the name 256 bytes long. make the name 256 bytes long. make the name 256 bytes long. make the name 256 bytes long." sender_addressing = "momber@iut.com" recipient_name = "PTS. make the name 256 bytes long. make the name 256 bytes lo'
2026-10-09 08:11:30,154 BTPWorkerThread-31606 (_rx_task) root DEBUG iutctl_common.py          123   read                      : Read 5 bytes
2026-10-09 08:11:30,154 BTPWorkerThread-31606 (_rx_task) root DEBUG iutctl_common.py          131   read                      : Received: hdr: Header(svc_id=0x29, op=0x8a, ctrl_index=0x00, data_len=0x108) bytearray(b')\x8a\x00\x08\x01')
2026-10-09 08:11:30,155 BTPWorkerThread-31606 (_rx_task) root DEBUG iutctl_common.py          139   read                      : Read 107 bytes data
2026-10-09 08:11:30,166 BTPWorkerThread-31606 (_rx_task) root DEBUG iutctl_common.py          139   read                      : Read 130 bytes data
2026-10-09 08:11:30,177 BTPWorkerThread-31606 (_rx_task) root DEBUG iutctl_common.py          139   read                      : Read 27 bytes data
2026-10-09 08:11:30,177 BTPWorkerThread-31606 (_rx_task) root DEBUG iutctl_common.py          154   read                      : Received data: {'e0 4e e4 08 dc 1b 00 00 90 fd 00 97 01 48 00 fb 6e 67 2e 20 6d 61 6b 65 20 74 68 65 20 6e 61 6d 65 20 32 35 36 20 62 79 74 65 73 20 6c 6f 6e 67 2e 20 6d 61 6b 65 20 74 68 65 20 6e 61 6d 65 20 32 35 36 20 62 79 74 65 73 20 6c 6f 6e 67 2e 20 6d 61 6b 65 20 74 68 65 20 6e 61 6d 65 20 32 35 36 20 62 79 74 65 73 20 6c 6f 6e 67 2e 20 6d 61 6b 65 20 74 68 65 20 6e 61 6d 65 20 32 35 36 20 62 79 74 65 73 20 6c 6f 6e 67 2e 20 6d 61 6b 65 20 74 68 65 20 6e 61 6d 65 20 32 35 36 20 62 79 74 65 73 20 6c 6f 6e 67 2e 20 6d 61 6b 65 20 74 68 65 20 6e 61 6d 65 20 32 35 36 20 62 79 74 65 73 20 6c 6f 6e 67 2e 22 20 72 65 63 69 70 69 65 6e 74 5f 61 64 64 72 65 73 73 69 6e 67 20 3d 20 22 50 54 53 40 62 6c 75 65 74 6f 6f 74 68 2e 63 6f 6d 22 20 74 79 70 65 20 3d 20 22 45 4d 41 49 4c 22 20 73 69 7a 65 20'}, bytearray(b'\xe0N\xe4\x08\xdc\x1b\x00\x00\x90\xfd\x00\x97\x01H\x00\xfbng. make the name 256 bytes long. make the name 256 bytes long. make the name 256 bytes long. make the name 256 bytes long. make the name 256 bytes long. make the name 256 bytes long." recipient_addressing = "PTS@bluetooth.com" type = "EMAIL" size ')
2026-10-09 08:11:30,177 BTPWorkerThread-31606 (_rx_task) root DEBUG btp.py                    736   event_handler             : Header(svc_id=41, op=138, ctrl_index=0, data_len=264) (b'\xe0N\xe4\x08\xdc\x1b\x00\x00\x90\xfd\x00\x97\x01H\x00\xfbng. make the name 256 bytes long. make the name 256 bytes long. make the name 256 bytes long. make the name 256 bytes long. make the name 256 bytes long. make the name 256 bytes long." recipient_addressing = "PTS@bluetooth.com" type = "EMAIL" size ',)
2026-10-09 08:11:30,177 BTPWorkerThread-31606 (_rx_task) root DEBUG iutctl_common.py          123   read                      : Read 5 bytes
2026-10-09 08:11:30,177 BTPWorkerThread-31606 (_rx_task) root DEBUG iutctl_common.py          131   read                      : Received: hdr: Header(svc_id=0x29, op=0x8a, ctrl_index=0x00, data_len=0x108) bytearray(b')\x8a\x00\x08\x01')
2026-10-09 08:11:30,178 BTPWorkerThread-31606 (_rx_task) root DEBUG iutctl_common.py          139   read                      : Read 80 bytes data
2026-10-09 08:11:30,178 Thread-31614 (_process_events) root DEBUG map.py                    1947  _map_mce_mas_get_msg_listing_ev : _map_mce_mas_get_msg_listing_ev b'\xe0N\xe4\x08\xdc\x1b\x00\x00\x90\xfd\x00\x97\x01H\x00\xfbng. make the name 256 bytes long. make the name 256 bytes long. make the name 256 bytes long. make the name 256 bytes long. make the name 256 bytes long. make the name 256 bytes long." recipient_addressing = "PTS@bluetooth.com" type = "EMAIL" size '
2026-10-09 08:11:30,187 BTPWorkerThread-31606 (_rx_task) root DEBUG iutctl_common.py          139   read                      : Read 117 bytes data
2026-10-09 08:11:30,187 BTPWorkerThread-31606 (_rx_task) root DEBUG iutctl_common.py          139   read                      : Read 10 bytes data
2026-10-09 08:11:30,199 BTPWorkerThread-31606 (_rx_task) root DEBUG iutctl_common.py          139   read                      : Read 57 bytes data
2026-10-09 08:11:30,199 BTPWorkerThread-31606 (_rx_task) root DEBUG iutctl_common.py          154   read                      : Received data: {'e0 4e e4 08 dc 1b 00 00 90 fd 00 97 01 48 00 fb 3d 20 22 35 31 30 30 22 20 74 65 78 74 20 3d 20 22 79 65 73 22 20 72 65 63 65 70 74 69 6f 6e 5f 73 74 61 74 75 73 20 3d 20 22 63 6f 6d 70 6c 65 74 65 22 20 61 74 74 61 63 68 6d 65 6e 74 5f 73 69 7a 65 20 3d 20 22 30 22 20 70 72 69 6f 72 69 74 79 20 3d 20 22 6e 6f 22 20 72 65 61 64 20 3d 20 22 6e 6f 22 20 73 65 6e 64 20 3d 20 22 6e 6f 22 20 70 72 6f 74 65 63 74 65 64 20 3d 20 22 6e 6f 22 20 63 6f 6e 76 65 72 73 61 74 69 6f 6e 5f 69 64 20 3d 20 22 34 33 35 34 34 35 38 30 37 31 22 20 64 69 72 65 63 74 69 6f 6e 20 3d 20 22 69 6e 63 6f 6d 69 6e 67 22 20 2f 3e 0d 0a 3c 6d 73 67 20 68 61 6e 64 6c 65 20 3d 20 22 30 31 32 33 34 35 36 37 38 39 30 30 30 30 31 31 22 20 73 75 62 6a 65 63 74 20 3d 20 22 20 50 54 53 20 74 65 73 74 69 6e 67 22 20 64'}, bytearray(b'\xe0N\xe4\x08\xdc\x1b\x00\x00\x90\xfd\x00\x97\x01H\x00\xfb= "5100" text = "yes" reception_status = "complete" attachment_size = "0" priority = "no" read = "no" send = "no" protected = "no" conversation_id = "4354458071" direction = "incoming" />\r\n<msg handle = "0123456789000011" subject = " PTS testing" d')
2026-10-09 08:11:30,199 BTPWorkerThread-31606 (_rx_task) root DEBUG btp.py                    736   event_handler             : Header(svc_id=41, op=138, ctrl_index=0, data_len=264) (b'\xe0N\xe4\x08\xdc\x1b\x00\x00\x90\xfd\x00\x97\x01H\x00\xfb= "5100" text = "yes" reception_status = "complete" attachment_size = "0" priority = "no" read = "no" send = "no" protected = "no" conversation_id = "4354458071" direction = "incoming" />\r\n<msg handle = "0123456789000011" subject = " PTS testing" d',)
2026-10-09 08:11:30,200 BTPWorkerThread-31606 (_rx_task) root DEBUG iutctl_common.py          123   read                      : Read 5 bytes
2026-10-09 08:11:30,200 Thread-31614 (_process_events) root DEBUG map.py                    1947  _map_mce_mas_get_msg_listing_ev : _map_mce_mas_get_msg_listing_ev b'\xe0N\xe4\x08\xdc\x1b\x00\x00\x90\xfd\x00\x97\x01H\x00\xfb= "5100" text = "yes" reception_status = "complete" attachment_size = "0" priority = "no" read = "no" send = "no" protected = "no" conversation_id = "4354458071" direction = "incoming" />\r\n<msg handle = "0123456789000011" subject = " PTS testing" d'
2026-10-09 08:11:30,200 BTPWorkerThread-31606 (_rx_task) root DEBUG iutctl_common.py          131   read                      : Received: hdr: Header(svc_id=0x29, op=0x8a, ctrl_index=0x00, data_len=0x108) bytearray(b')\x8a\x00\x08\x01')
2026-10-09 08:11:30,200 BTPWorkerThread-31606 (_rx_task) root DEBUG iutctl_common.py          139   read                      : Read 9 bytes data
2026-10-09 08:11:30,210 BTPWorkerThread-31606 (_rx_task) root DEBUG iutctl_common.py          139   read                      : Read 127 bytes data
2026-10-09 08:11:30,210 BTPWorkerThread-31606 (_rx_task) root DEBUG iutctl_common.py          139   read                      : Read 3 bytes data
2026-10-09 08:11:30,221 BTPWorkerThread-31606 (_rx_task) root DEBUG iutctl_common.py          139   read                      : Read 124 bytes data
2026-10-09 08:11:30,231 BTPWorkerThread-31606 (_rx_task) root DEBUG iutctl_common.py          139   read                      : Read 1 bytes data
2026-10-09 08:11:30,231 BTPWorkerThread-31606 (_rx_task) root DEBUG iutctl_common.py          154   read                      : Received data: {'e0 4e e4 08 dc 1b 00 00 90 fd 00 97 01 48 00 fb 61 74 65 74 69 6d 65 20 3d 20 22 32 30 32 36 31 30 30 39 54 30 30 31 31 32 39 22 20 73 65 6e 64 65 72 5f 6e 61 6d 65 20 3d 20 22 49 55 54 2e 20 6d 61 6b 65 20 74 68 65 20 6e 61 6d 65 20 32 35 36 20 62 79 74 65 73 20 6c 6f 6e 67 2e 20 6d 61 6b 65 20 74 68 65 20 6e 61 6d 65 20 32 35 36 20 62 79 74 65 73 20 6c 6f 6e 67 2e 20 6d 61 6b 65 20 74 68 65 20 6e 61 6d 65 20 32 35 36 20 62 79 74 65 73 20 6c 6f 6e 67 2e 20 6d 61 6b 65 20 74 68 65 20 6e 61 6d 65 20 32 35 36 20 62 79 74 65 73 20 6c 6f 6e 67 2e 20 6d 61 6b 65 20 74 68 65 20 6e 61 6d 65 20 32 35 36 20 62 79 74 65 73 20 6c 6f 6e 67 2e 20 6d 61 6b 65 20 74 68 65 20 6e 61 6d 65 20 32 35 36 20 62 79 74 65 73 20 6c 6f 6e 67 2e 20 6d 61 6b 65 20 74 68 65 20 6e 61 6d 65 20 32 35 36 20 62 79'}, bytearray(b'\xe0N\xe4\x08\xdc\x1b\x00\x00\x90\xfd\x00\x97\x01H\x00\xfbatetime = "20261009T001129" sender_name = "IUT. make the name 256 bytes long. make the name 256 bytes long. make the name 256 bytes long. make the name 256 bytes long. make the name 256 bytes long. make the name 256 bytes long. make the name 256 by')
2026-10-09 08:11:30,231 BTPWorkerThread-31606 (_rx_task) root DEBUG btp.py                    736   event_handler             : Header(svc_id=41, op=138, ctrl_index=0, data_len=264) (b'\xe0N\xe4\x08\xdc\x1b\x00\x00\x90\xfd\x00\x97\x01H\x00\xfbatetime = "20261009T001129" sender_name = "IUT. make the name 256 bytes long. make the name 256 bytes long. make the name 256 bytes long. make the name 256 bytes long. make the name 256 bytes long. make the name 256 bytes long. make the name 256 by',)
2026-10-09 08:11:30,232 Thread-31614 (_process_events) root DEBUG map.py                    1947  _map_mce_mas_get_msg_listing_ev : _map_mce_mas_get_msg_listing_ev b'\xe0N\xe4\x08\xdc\x1b\x00\x00\x90\xfd\x00\x97\x01H\x00\xfbatetime = "20261009T001129" sender_name = "IUT. make the name 256 bytes long. make the name 256 bytes long. make the name 256 bytes long. make the name 256 bytes long. make the name 256 bytes long. make the name 256 bytes long. make the name 256 by'
2026-10-09 08:11:30,232 BTPWorkerThread-31606 (_rx_task) root DEBUG iutctl_common.py          123   read                      : Read 5 bytes
2026-10-09 08:11:30,232 BTPWorkerThread-31606 (_rx_task) root DEBUG iutctl_common.py          131   read                      : Received: hdr: Header(svc_id=0x29, op=0x8a, ctrl_index=0x00, data_len=0x108) bytearray(b')\x8a\x00\x08\x01')
2026-10-09 08:11:30,232 BTPWorkerThread-31606 (_rx_task) root DEBUG iutctl_common.py          139   read                      : Read 109 bytes data
2026-10-09 08:11:30,242 BTPWorkerThread-31606 (_rx_task) root DEBUG iutctl_common.py          139   read                      : Read 117 bytes data
2026-10-09 08:11:30,242 BTPWorkerThread-31606 (_rx_task) root DEBUG iutctl_common.py          139   read                      : Read 10 bytes data
2026-10-09 08:11:30,254 BTPWorkerThread-31606 (_rx_task) root DEBUG iutctl_common.py          139   read                      : Read 28 bytes data
2026-10-09 08:11:30,254 BTPWorkerThread-31606 (_rx_task) root DEBUG iutctl_common.py          154   read                      : Received data: {'e0 4e e4 08 dc 1b 00 00 90 fd 00 97 01 48 00 fb 74 65 73 20 6c 6f 6e 67 2e 20 6d 61 6b 65 20 74 68 65 20 6e 61 6d 65 20 32 35 36 20 62 79 74 65 73 20 6c 6f 6e 67 2e 22 20 73 65 6e 64 65 72 5f 61 64 64 72 65 73 73 69 6e 67 20 3d 20 22 6d 6f 6d 62 65 72 40 69 75 74 2e 63 6f 6d 22 20 72 65 63 69 70 69 65 6e 74 5f 6e 61 6d 65 20 3d 20 22 50 54 53 2e 20 6d 61 6b 65 20 74 68 65 20 6e 61 6d 65 20 32 35 36 20 62 79 74 65 73 20 6c 6f 6e 67 2e 20 6d 61 6b 65 20 74 68 65 20 6e 61 6d 65 20 32 35 36 20 62 79 74 65 73 20 6c 6f 6e 67 2e 20 6d 61 6b 65 20 74 68 65 20 6e 61 6d 65 20 32 35 36 20 62 79 74 65 73 20 6c 6f 6e 67 2e 20 6d 61 6b 65 20 74 68 65 20 6e 61 6d 65 20 32 35 36 20 62 79 74 65 73 20 6c 6f 6e 67 2e 20 6d 61 6b 65 20 74 68 65 20 6e 61 6d 65 20 32 35 36 20 62 79 74 65 73 20 6c 6f 6e'}, bytearray(b'\xe0N\xe4\x08\xdc\x1b\x00\x00\x90\xfd\x00\x97\x01H\x00\xfbtes long. make the name 256 bytes long." sender_addressing = "momber@iut.com" recipient_name = "PTS. make the name 256 bytes long. make the name 256 bytes long. make the name 256 bytes long. make the name 256 bytes long. make the name 256 bytes lon')
2026-10-09 08:11:30,254 BTPWorkerThread-31606 (_rx_task) root DEBUG btp.py                    736   event_handler             : Header(svc_id=41, op=138, ctrl_index=0, data_len=264) (b'\xe0N\xe4\x08\xdc\x1b\x00\x00\x90\xfd\x00\x97\x01H\x00\xfbtes long. make the name 256 bytes long." sender_addressing = "momber@iut.com" recipient_name = "PTS. make the name 256 bytes long. make the name 256 bytes long. make the name 256 bytes long. make the name 256 bytes long. make the name 256 bytes lon',)
2026-10-09 08:11:30,255 Thread-31614 (_process_events) root DEBUG map.py                    1947  _map_mce_mas_get_msg_listing_ev : _map_mce_mas_get_msg_listing_ev b'\xe0N\xe4\x08\xdc\x1b\x00\x00\x90\xfd\x00\x97\x01H\x00\xfbtes long. make the name 256 bytes long." sender_addressing = "momber@iut.com" recipient_name = "PTS. make the name 256 bytes long. make the name 256 bytes long. make the name 256 bytes long. make the name 256 bytes long. make the name 256 bytes lon'
2026-10-09 08:11:30,255 BTPWorkerThread-31606 (_rx_task) root DEBUG iutctl_common.py          123   read                      : Read 5 bytes
2026-10-09 08:11:30,255 BTPWorkerThread-31606 (_rx_task) root DEBUG iutctl_common.py          131   read                      : Received: hdr: Header(svc_id=0x29, op=0x8a, ctrl_index=0x00, data_len=0x108) bytearray(b')\x8a\x00\x08\x01')
2026-10-09 08:11:30,255 BTPWorkerThread-31606 (_rx_task) root DEBUG iutctl_common.py          139   read                      : Read 80 bytes data
2026-10-09 08:11:30,264 BTPWorkerThread-31606 (_rx_task) root DEBUG iutctl_common.py          139   read                      : Read 125 bytes data
2026-10-09 08:11:30,264 BTPWorkerThread-31606 (_rx_task) root DEBUG iutctl_common.py          139   read                      : Read 4 bytes data
2026-10-09 08:11:30,276 BTPWorkerThread-31606 (_rx_task) root DEBUG iutctl_common.py          139   read                      : Read 55 bytes data
2026-10-09 08:11:30,276 BTPWorkerThread-31606 (_rx_task) root DEBUG iutctl_common.py          154   read                      : Received data: {'e0 4e e4 08 dc 1b 00 00 90 fd 00 97 01 48 00 fb 67 2e 20 6d 61 6b 65 20 74 68 65 20 6e 61 6d 65 20 32 35 36 20 62 79 74 65 73 20 6c 6f 6e 67 2e 20 6d 61 6b 65 20 74 68 65 20 6e 61 6d 65 20 32 35 36 20 62 79 74 65 73 20 6c 6f 6e 67 2e 20 6d 61 6b 65 20 74 68 65 20 6e 61 6d 65 20 32 35 36 20 62 79 74 65 73 20 6c 6f 6e 67 2e 22 20 72 65 63 69 70 69 65 6e 74 5f 61 64 64 72 65 73 73 69 6e 67 20 3d 20 22 50 54 53 40 62 6c 75 65 74 6f 6f 74 68 2e 63 6f 6d 22 20 74 79 70 65 20 3d 20 22 45 4d 41 49 4c 22 20 73 69 7a 65 20 3d 20 22 35 31 30 30 22 20 74 65 78 74 20 3d 20 22 79 65 73 22 20 72 65 63 65 70 74 69 6f 6e 5f 73 74 61 74 75 73 20 3d 20 22 63 6f 6d 70 6c 65 74 65 22 20 61 74 74 61 63 68 6d 65 6e 74 5f 73 69 7a 65 20 3d 20 22 30 22 20 70 72 69 6f 72 69 74 79 20 3d 20 22 6e 6f 22 20 72'}, bytearray(b'\xe0N\xe4\x08\xdc\x1b\x00\x00\x90\xfd\x00\x97\x01H\x00\xfbg. make the name 256 bytes long. make the name 256 bytes long. make the name 256 bytes long." recipient_addressing = "PTS@bluetooth.com" type = "EMAIL" size = "5100" text = "yes" reception_status = "complete" attachment_size = "0" priority = "no" r')
2026-10-09 08:11:30,277 BTPWorkerThread-31606 (_rx_task) root DEBUG btp.py                    736   event_handler             : Header(svc_id=41, op=138, ctrl_index=0, data_len=264) (b'\xe0N\xe4\x08\xdc\x1b\x00\x00\x90\xfd\x00\x97\x01H\x00\xfbg. make the name 256 bytes long. make the name 256 bytes long. make the name 256 bytes long." recipient_addressing = "PTS@bluetooth.com" type = "EMAIL" size = "5100" text = "yes" reception_status = "complete" attachment_size = "0" priority = "no" r',)
2026-10-09 08:11:30,277 BTPWorkerThread-31606 (_rx_task) root DEBUG iutctl_common.py          123   read                      : Read 5 bytes
2026-10-09 08:11:30,277 Thread-31614 (_process_events) root DEBUG map.py                    1947  _map_mce_mas_get_msg_listing_ev : _map_mce_mas_get_msg_listing_ev b'\xe0N\xe4\x08\xdc\x1b\x00\x00\x90\xfd\x00\x97\x01H\x00\xfbg. make the name 256 bytes long. make the name 256 bytes long. make the name 256 bytes long." recipient_addressing = "PTS@bluetooth.com" type = "EMAIL" size = "5100" text = "yes" reception_status = "complete" attachment_size = "0" priority = "no" r'
2026-10-09 08:11:30,277 BTPWorkerThread-31606 (_rx_task) root DEBUG iutctl_common.py          131   read                      : Received: hdr: Header(svc_id=0x29, op=0x8a, ctrl_index=0x00, data_len=0x108) bytearray(b')\x8a\x00\x08\x01')
2026-10-09 08:11:30,277 BTPWorkerThread-31606 (_rx_task) root DEBUG iutctl_common.py          139   read                      : Read 33 bytes data
2026-10-09 08:11:30,287 BTPWorkerThread-31606 (_rx_task) root DEBUG iutctl_common.py          139   read                      : Read 126 bytes data
2026-10-09 08:11:30,287 BTPWorkerThread-31606 (_rx_task) root DEBUG iutctl_common.py          139   read                      : Read 3 bytes data
2026-10-09 08:11:30,297 BTPWorkerThread-31606 (_rx_task) root DEBUG iutctl_common.py          139   read                      : Read 102 bytes data
2026-10-09 08:11:30,298 BTPWorkerThread-31606 (_rx_task) root DEBUG iutctl_common.py          154   read                      : Received data: {'e0 4e e4 08 dc 1b 00 00 90 fd 00 97 01 48 00 fb 65 61 64 20 3d 20 22 6e 6f 22 20 73 65 6e 64 20 3d 20 22 6e 6f 22 20 70 72 6f 74 65 63 74 65 64 20 3d 20 22 6e 6f 22 20 63 6f 6e 76 65 72 73 61 74 69 6f 6e 5f 69 64 20 3d 20 22 34 33 35 34 34 35 38 30 37 31 22 20 64 69 72 65 63 74 69 6f 6e 20 3d 20 22 69 6e 63 6f 6d 69 6e 67 22 20 2f 3e 0d 0a 3c 6d 73 67 20 68 61 6e 64 6c 65 20 3d 20 22 30 31 32 33 34 35 36 37 38 39 30 30 30 30 31 32 22 20 73 75 62 6a 65 63 74 20 3d 20 22 20 50 54 53 20 74 65 73 74 69 6e 67 22 20 64 61 74 65 74 69 6d 65 20 3d 20 22 32 30 32 36 31 30 30 39 54 30 30 31 31 32 39 22 20 73 65 6e 64 65 72 5f 6e 61 6d 65 20 3d 20 22 49 55 54 2e 20 6d 61 6b 65 20 74 68 65 20 6e 61 6d 65 20 32 35 36 20 62 79 74 65 73 20 6c 6f 6e 67 2e 20 6d 61 6b 65 20 74 68 65 20 6e 61 6d 65'}, bytearray(b'\xe0N\xe4\x08\xdc\x1b\x00\x00\x90\xfd\x00\x97\x01H\x00\xfbead = "no" send = "no" protected = "no" conversation_id = "4354458071" direction = "incoming" />\r\n<msg handle = "0123456789000012" subject = " PTS testing" datetime = "20261009T001129" sender_name = "IUT. make the name 256 bytes long. make the name')
2026-10-09 08:11:30,298 BTPWorkerThread-31606 (_rx_task) root DEBUG btp.py                    736   event_handler             : Header(svc_id=41, op=138, ctrl_index=0, data_len=264) (b'\xe0N\xe4\x08\xdc\x1b\x00\x00\x90\xfd\x00\x97\x01H\x00\xfbead = "no" send = "no" protected = "no" conversation_id = "4354458071" direction = "incoming" />\r\n<msg handle = "0123456789000012" subject = " PTS testing" datetime = "20261009T001129" sender_name = "IUT. make the name 256 bytes long. make the name',)
2026-10-09 08:11:30,298 Thread-31614 (_process_events) root DEBUG map.py                    1947  _map_mce_mas_get_msg_listing_ev : _map_mce_mas_get_msg_listing_ev b'\xe0N\xe4\x08\xdc\x1b\x00\x00\x90\xfd\x00\x97\x01H\x00\xfbead = "no" send = "no" protected = "no" conversation_id = "4354458071" direction = "incoming" />\r\n<msg handle = "0123456789000012" subject = " PTS testing" datetime = "20261009T001129" sender_name = "IUT. make the name 256 bytes long. make the name'
2026-10-09 08:11:30,308 BTPWorkerThread-31606 (_rx_task) root DEBUG iutctl_common.py          123   read                      : Read 5 bytes
2026-10-09 08:11:30,308 BTPWorkerThread-31606 (_rx_task) root DEBUG iutctl_common.py          131   read                      : Received: hdr: Header(svc_id=0x29, op=0x8a, ctrl_index=0x00, data_len=0x108) bytearray(b')\x8a\x00\x08\x01')
2026-10-09 08:11:30,308 BTPWorkerThread-31606 (_rx_task) root DEBUG iutctl_common.py          139   read                      : Read 102 bytes data
2026-10-09 08:11:30,319 BTPWorkerThread-31606 (_rx_task) root DEBUG iutctl_common.py          139   read                      : Read 123 bytes data
2026-10-09 08:11:30,329 BTPWorkerThread-31606 (_rx_task) root DEBUG iutctl_common.py          139   read                      : Read 39 bytes data
2026-10-09 08:11:30,330 BTPWorkerThread-31606 (_rx_task) root DEBUG iutctl_common.py          154   read                      : Received data: {'e0 4e e4 08 dc 1b 00 00 90 fd 00 97 01 48 00 fb 20 32 35 36 20 62 79 74 65 73 20 6c 6f 6e 67 2e 20 6d 61 6b 65 20 74 68 65 20 6e 61 6d 65 20 32 35 36 20 62 79 74 65 73 20 6c 6f 6e 67 2e 20 6d 61 6b 65 20 74 68 65 20 6e 61 6d 65 20 32 35 36 20 62 79 74 65 73 20 6c 6f 6e 67 2e 20 6d 61 6b 65 20 74 68 65 20 6e 61 6d 65 20 32 35 36 20 62 79 74 65 73 20 6c 6f 6e 67 2e 20 6d 61 6b 65 20 74 68 65 20 6e 61 6d 65 20 32 35 36 20 62 79 74 65 73 20 6c 6f 6e 67 2e 20 6d 61 6b 65 20 74 68 65 20 6e 61 6d 65 20 32 35 36 20 62 79 74 65 73 20 6c 6f 6e 67 2e 20 6d 61 6b 65 20 74 68 65 20 6e 61 6d 65 20 32 35 36 20 62 79 74 65 73 20 6c 6f 6e 67 2e 22 20 73 65 6e 64 65 72 5f 61 64 64 72 65 73 73 69 6e 67 20 3d 20 22 6d 6f 6d 62 65 72 40 69 75 74 2e 63 6f 6d 22 20 72 65 63 69 70 69 65 6e 74 5f 6e 61 6d'}, bytearray(b'\xe0N\xe4\x08\xdc\x1b\x00\x00\x90\xfd\x00\x97\x01H\x00\xfb 256 bytes long. make the name 256 bytes long. make the name 256 bytes long. make the name 256 bytes long. make the name 256 bytes long. make the name 256 bytes long. make the name 256 bytes long." sender_addressing = "momber@iut.com" recipient_nam')
2026-10-09 08:11:30,330 BTPWorkerThread-31606 (_rx_task) root DEBUG btp.py                    736   event_handler             : Header(svc_id=41, op=138, ctrl_index=0, data_len=264) (b'\xe0N\xe4\x08\xdc\x1b\x00\x00\x90\xfd\x00\x97\x01H\x00\xfb 256 bytes long. make the name 256 bytes long. make the name 256 bytes long. make the name 256 bytes long. make the name 256 bytes long. make the name 256 bytes long. make the name 256 bytes long." sender_addressing = "momber@iut.com" recipient_nam',)
2026-10-09 08:11:30,330 BTPWorkerThread-31606 (_rx_task) root DEBUG iutctl_common.py          123   read                      : Read 5 bytes
2026-10-09 08:11:30,330 BTPWorkerThread-31606 (_rx_task) root DEBUG iutctl_common.py          131   read                      : Received: hdr: Header(svc_id=0x29, op=0x8a, ctrl_index=0x00, data_len=0x108) bytearray(b')\x8a\x00\x08\x01')
2026-10-09 08:11:30,330 Thread-31614 (_process_events) root DEBUG map.py                    1947  _map_mce_mas_get_msg_listing_ev : _map_mce_mas_get_msg_listing_ev b'\xe0N\xe4\x08\xdc\x1b\x00\x00\x90\xfd\x00\x97\x01H\x00\xfb 256 bytes long. make the name 256 bytes long. make the name 256 bytes long. make the name 256 bytes long. make the name 256 bytes long. make the name 256 bytes long. make the name 256 bytes long." sender_addressing = "momber@iut.com" recipient_nam'
2026-10-09 08:11:30,330 BTPWorkerThread-31606 (_rx_task) root DEBUG iutctl_common.py          139   read                      : Read 50 bytes data
2026-10-09 08:11:30,341 BTPWorkerThread-31606 (_rx_task) root DEBUG iutctl_common.py          139   read                      : Read 127 bytes data
2026-10-09 08:11:30,341 BTPWorkerThread-31606 (_rx_task) root DEBUG iutctl_common.py          139   read                      : Read 1 bytes data
2026-10-09 08:11:30,341 BTPWorkerThread-31606 (_rx_task) root DEBUG iutctl_common.py          139   read                      : Read 1 bytes data
2026-10-09 08:11:30,352 BTPWorkerThread-31606 (_rx_task) root DEBUG iutctl_common.py          139   read                      : Read 85 bytes data
2026-10-09 08:11:30,353 BTPWorkerThread-31606 (_rx_task) root DEBUG iutctl_common.py          154   read                      : Received data: {'e0 4e e4 08 dc 1b 00 00 90 fd 00 97 01 48 00 fb 65 20 3d 20 22 50 54 53 2e 20 6d 61 6b 65 20 74 68 65 20 6e 61 6d 65 20 32 35 36 20 62 79 74 65 73 20 6c 6f 6e 67 2e 20 6d 61 6b 65 20 74 68 65 20 6e 61 6d 65 20 32 35 36 20 62 79 74 65 73 20 6c 6f 6e 67 2e 20 6d 61 6b 65 20 74 68 65 20 6e 61 6d 65 20 32 35 36 20 62 79 74 65 73 20 6c 6f 6e 67 2e 20 6d 61 6b 65 20 74 68 65 20 6e 61 6d 65 20 32 35 36 20 62 79 74 65 73 20 6c 6f 6e 67 2e 20 6d 61 6b 65 20 74 68 65 20 6e 61 6d 65 20 32 35 36 20 62 79 74 65 73 20 6c 6f 6e 67 2e 20 6d 61 6b 65 20 74 68 65 20 6e 61 6d 65 20 32 35 36 20 62 79 74 65 73 20 6c 6f 6e 67 2e 20 6d 61 6b 65 20 74 68 65 20 6e 61 6d 65 20 32 35 36 20 62 79 74 65 73 20 6c 6f 6e 67 2e 20 6d 61 6b 65 20 74 68 65 20 6e 61 6d 65 20 32 35 36 20 62 79 74 65 73 20 6c 6f 6e 67'}, bytearray(b'\xe0N\xe4\x08\xdc\x1b\x00\x00\x90\xfd\x00\x97\x01H\x00\xfbe = "PTS. make the name 256 bytes long. make the name 256 bytes long. make the name 256 bytes long. make the name 256 bytes long. make the name 256 bytes long. make the name 256 bytes long. make the name 256 bytes long. make the name 256 bytes long')
2026-10-09 08:11:30,353 BTPWorkerThread-31606 (_rx_task) root DEBUG btp.py                    736   event_handler             : Header(svc_id=41, op=138, ctrl_index=0, data_len=264) (b'\xe0N\xe4\x08\xdc\x1b\x00\x00\x90\xfd\x00\x97\x01H\x00\xfbe = "PTS. make the name 256 bytes long. make the name 256 bytes long. make the name 256 bytes long. make the name 256 bytes long. make the name 256 bytes long. make the name 256 bytes long. make the name 256 bytes long. make the name 256 bytes long',)
2026-10-09 08:11:30,353 Thread-31614 (_process_events) root DEBUG map.py                    1947  _map_mce_mas_get_msg_listing_ev : _map_mce_mas_get_msg_listing_ev b'\xe0N\xe4\x08\xdc\x1b\x00\x00\x90\xfd\x00\x97\x01H\x00\xfbe = "PTS. make the name 256 bytes long. make the name 256 bytes long. make the name 256 bytes long. make the name 256 bytes long. make the name 256 bytes long. make the name 256 bytes long. make the name 256 bytes long. make the name 256 bytes long'
2026-10-09 08:11:30,363 BTPWorkerThread-31606 (_rx_task) root DEBUG iutctl_common.py          123   read                      : Read 5 bytes
2026-10-09 08:11:30,363 BTPWorkerThread-31606 (_rx_task) root DEBUG iutctl_common.py          131   read                      : Received: hdr: Header(svc_id=0x29, op=0x8a, ctrl_index=0x00, data_len=0x108) bytearray(b')\x8a\x00\x08\x01')
2026-10-09 08:11:30,363 BTPWorkerThread-31606 (_rx_task) root DEBUG iutctl_common.py          139   read                      : Read 114 bytes data
2026-10-09 08:11:30,374 BTPWorkerThread-31606 (_rx_task) root DEBUG iutctl_common.py          139   read                      : Read 129 bytes data
2026-10-09 08:11:30,374 BTPWorkerThread-31606 (_rx_task) root DEBUG iutctl_common.py          139   read                      : Read 2 bytes data
2026-10-09 08:11:30,385 BTPWorkerThread-31606 (_rx_task) root DEBUG iutctl_common.py          139   read                      : Read 19 bytes data
2026-10-09 08:11:30,385 BTPWorkerThread-31606 (_rx_task) root DEBUG iutctl_common.py          154   read                      : Received data: {'e0 4e e4 08 dc 1b 00 00 90 fd 00 97 01 48 00 fb 2e 22 20 72 65 63 69 70 69 65 6e 74 5f 61 64 64 72 65 73 73 69 6e 67 20 3d 20 22 50 54 53 40 62 6c 75 65 74 6f 6f 74 68 2e 63 6f 6d 22 20 74 79 70 65 20 3d 20 22 45 4d 41 49 4c 22 20 73 69 7a 65 20 3d 20 22 35 31 30 30 22 20 74 65 78 74 20 3d 20 22 79 65 73 22 20 72 65 63 65 70 74 69 6f 6e 5f 73 74 61 74 75 73 20 3d 20 22 63 6f 6d 70 6c 65 74 65 22 20 61 74 74 61 63 68 6d 65 6e 74 5f 73 69 7a 65 20 3d 20 22 30 22 20 70 72 69 6f 72 69 74 79 20 3d 20 22 6e 6f 22 20 72 65 61 64 20 3d 20 22 6e 6f 22 20 73 65 6e 64 20 3d 20 22 6e 6f 22 20 70 72 6f 74 65 63 74 65 64 20 3d 20 22 6e 6f 22 20 63 6f 6e 76 65 72 73 61 74 69 6f 6e 5f 69 64 20 3d 20 22 34 33 35 34 34 35 38 30 37 31 22 20 64 69 72 65 63 74 69 6f 6e 20 3d 20 22 69 6e 63 6f 6d 69 6e'}, bytearray(b'\xe0N\xe4\x08\xdc\x1b\x00\x00\x90\xfd\x00\x97\x01H\x00\xfb." recipient_addressing = "PTS@bluetooth.com" type = "EMAIL" size = "5100" text = "yes" reception_status = "complete" attachment_size = "0" priority = "no" read = "no" send = "no" protected = "no" conversation_id = "4354458071" direction = "incomin')
2026-10-09 08:11:30,386 BTPWorkerThread-31606 (_rx_task) root DEBUG btp.py                    736   event_handler             : Header(svc_id=41, op=138, ctrl_index=0, data_len=264) (b'\xe0N\xe4\x08\xdc\x1b\x00\x00\x90\xfd\x00\x97\x01H\x00\xfb." recipient_addressing = "PTS@bluetooth.com" type = "EMAIL" size = "5100" text = "yes" reception_status = "complete" attachment_size = "0" priority = "no" read = "no" send = "no" protected = "no" conversation_id = "4354458071" direction = "incomin',)
2026-10-09 08:11:30,386 Thread-31614 (_process_events) root DEBUG map.py                    1947  _map_mce_mas_get_msg_listing_ev : _map_mce_mas_get_msg_listing_ev b'\xe0N\xe4\x08\xdc\x1b\x00\x00\x90\xfd\x00\x97\x01H\x00\xfb." recipient_addressing = "PTS@bluetooth.com" type = "EMAIL" size = "5100" text = "yes" reception_status = "complete" attachment_size = "0" priority = "no" read = "no" send = "no" protected = "no" conversation_id = "4354458071" direction = "incomin'
2026-10-09 08:11:30,386 BTPWorkerThread-31606 (_rx_task) root DEBUG iutctl_common.py          123   read                      : Read 5 bytes
2026-10-09 08:11:30,386 BTPWorkerThread-31606 (_rx_task) root DEBUG iutctl_common.py          131   read                      : Received: hdr: Header(svc_id=0x29, op=0x8a, ctrl_index=0x00, data_len=0x108) bytearray(b')\x8a\x00\x08\x01')
2026-10-09 08:11:30,386 BTPWorkerThread-31606 (_rx_task) root DEBUG iutctl_common.py          139   read                      : Read 65 bytes data
2026-10-09 08:11:30,396 BTPWorkerThread-31606 (_rx_task) root DEBUG iutctl_common.py          139   read                      : Read 128 bytes data
2026-10-09 08:11:30,407 BTPWorkerThread-31606 (_rx_task) root DEBUG iutctl_common.py          139   read                      : Read 71 bytes data
2026-10-09 08:11:30,407 BTPWorkerThread-31606 (_rx_task) root DEBUG iutctl_common.py          154   read                      : Received data: {'e0 4e e4 08 dc 1b 00 00 90 fd 00 97 01 48 00 fb 67 22 20 2f 3e 0d 0a 3c 6d 73 67 20 68 61 6e 64 6c 65 20 3d 20 22 30 31 32 33 34 35 36 37 38 39 30 30 30 30 31 33 22 20 73 75 62 6a 65 63 74 20 3d 20 22 20 50 54 53 20 74 65 73 74 69 6e 67 22 20 64 61 74 65 74 69 6d 65 20 3d 20 22 32 30 32 36 31 30 30 39 54 30 30 31 31 32 39 22 20 73 65 6e 64 65 72 5f 6e 61 6d 65 20 3d 20 22 49 55 54 2e 20 6d 61 6b 65 20 74 68 65 20 6e 61 6d 65 20 32 35 36 20 62 79 74 65 73 20 6c 6f 6e 67 2e 20 6d 61 6b 65 20 74 68 65 20 6e 61 6d 65 20 32 35 36 20 62 79 74 65 73 20 6c 6f 6e 67 2e 20 6d 61 6b 65 20 74 68 65 20 6e 61 6d 65 20 32 35 36 20 62 79 74 65 73 20 6c 6f 6e 67 2e 20 6d 61 6b 65 20 74 68 65 20 6e 61 6d 65 20 32 35 36 20 62 79 74 65 73 20 6c 6f 6e 67 2e 20 6d 61 6b 65 20 74 68 65 20 6e 61 6d 65 20'}, bytearray(b'\xe0N\xe4\x08\xdc\x1b\x00\x00\x90\xfd\x00\x97\x01H\x00\xfbg" />\r\n<msg handle = "0123456789000013" subject = " PTS testing" datetime = "20261009T001129" sender_name = "IUT. make the name 256 bytes long. make the name 256 bytes long. make the name 256 bytes long. make the name 256 bytes long. make the name ')
2026-10-09 08:11:30,408 BTPWorkerThread-31606 (_rx_task) root DEBUG btp.py                    736   event_handler             : Header(svc_id=41, op=138, ctrl_index=0, data_len=264) (b'\xe0N\xe4\x08\xdc\x1b\x00\x00\x90\xfd\x00\x97\x01H\x00\xfbg" />\r\n<msg handle = "0123456789000013" subject = " PTS testing" datetime = "20261009T001129" sender_name = "IUT. make the name 256 bytes long. make the name 256 bytes long. make the name 256 bytes long. make the name 256 bytes long. make the name ',)
2026-10-09 08:11:30,408 BTPWorkerThread-31606 (_rx_task) root DEBUG iutctl_common.py          123   read                      : Read 5 bytes
2026-10-09 08:11:30,408 Thread-31614 (_process_events) root DEBUG map.py                    1947  _map_mce_mas_get_msg_listing_ev : _map_mce_mas_get_msg_listing_ev b'\xe0N\xe4\x08\xdc\x1b\x00\x00\x90\xfd\x00\x97\x01H\x00\xfbg" />\r\n<msg handle = "0123456789000013" subject = " PTS testing" datetime = "20261009T001129" sender_name = "IUT. make the name 256 bytes long. make the name 256 bytes long. make the name 256 bytes long. make the name 256 bytes long. make the name '
2026-10-09 08:11:30,408 BTPWorkerThread-31606 (_rx_task) root DEBUG iutctl_common.py          131   read                      : Received: hdr: Header(svc_id=0x29, op=0x8a, ctrl_index=0x00, data_len=0x108) bytearray(b')\x8a\x00\x08\x01')
2026-10-09 08:11:30,408 BTPWorkerThread-31606 (_rx_task) root DEBUG iutctl_common.py          139   read                      : Read 17 bytes data
2026-10-09 08:11:30,418 BTPWorkerThread-31606 (_rx_task) root DEBUG iutctl_common.py          139   read                      : Read 126 bytes data
2026-10-09 08:11:30,429 BTPWorkerThread-31606 (_rx_task) root DEBUG iutctl_common.py          139   read                      : Read 121 bytes data
2026-10-09 08:11:30,429 BTPWorkerThread-31606 (_rx_task) root DEBUG iutctl_common.py          154   read                      : Received data: {'e0 4e e4 08 dc 1b 00 00 90 fd 00 97 01 48 00 fb 32 35 36 20 62 79 74 65 73 20 6c 6f 6e 67 2e 20 6d 61 6b 65 20 74 68 65 20 6e 61 6d 65 20 32 35 36 20 62 79 74 65 73 20 6c 6f 6e 67 2e 20 6d 61 6b 65 20 74 68 65 20 6e 61 6d 65 20 32 35 36 20 62 79 74 65 73 20 6c 6f 6e 67 2e 20 6d 61 6b 65 20 74 68 65 20 6e 61 6d 65 20 32 35 36 20 62 79 74 65 73 20 6c 6f 6e 67 2e 22 20 73 65 6e 64 65 72 5f 61 64 64 72 65 73 73 69 6e 67 20 3d 20 22 6d 6f 6d 62 65 72 40 69 75 74 2e 63 6f 6d 22 20 72 65 63 69 70 69 65 6e 74 5f 6e 61 6d 65 20 3d 20 22 50 54 53 2e 20 6d 61 6b 65 20 74 68 65 20 6e 61 6d 65 20 32 35 36 20 62 79 74 65 73 20 6c 6f 6e 67 2e 20 6d 61 6b 65 20 74 68 65 20 6e 61 6d 65 20 32 35 36 20 62 79 74 65 73 20 6c 6f 6e 67 2e 20 6d 61 6b 65 20 74 68 65 20 6e 61 6d 65 20 32 35 36 20 62 79 74'}, bytearray(b'\xe0N\xe4\x08\xdc\x1b\x00\x00\x90\xfd\x00\x97\x01H\x00\xfb256 bytes long. make the name 256 bytes long. make the name 256 bytes long. make the name 256 bytes long." sender_addressing = "momber@iut.com" recipient_name = "PTS. make the name 256 bytes long. make the name 256 bytes long. make the name 256 byt')
2026-10-09 08:11:30,429 BTPWorkerThread-31606 (_rx_task) root DEBUG btp.py                    736   event_handler             : Header(svc_id=41, op=138, ctrl_index=0, data_len=264) (b'\xe0N\xe4\x08\xdc\x1b\x00\x00\x90\xfd\x00\x97\x01H\x00\xfb256 bytes long. make the name 256 bytes long. make the name 256 bytes long. make the name 256 bytes long." sender_addressing = "momber@iut.com" recipient_name = "PTS. make the name 256 bytes long. make the name 256 bytes long. make the name 256 byt',)
2026-10-09 08:11:30,430 Thread-31614 (_process_events) root DEBUG map.py                    1947  _map_mce_mas_get_msg_listing_ev : _map_mce_mas_get_msg_listing_ev b'\xe0N\xe4\x08\xdc\x1b\x00\x00\x90\xfd\x00\x97\x01H\x00\xfb256 bytes long. make the name 256 bytes long. make the name 256 bytes long. make the name 256 bytes long." sender_addressing = "momber@iut.com" recipient_name = "PTS. make the name 256 bytes long. make the name 256 bytes long. make the name 256 byt'
2026-10-09 08:11:30,440 BTPWorkerThread-31606 (_rx_task) root DEBUG iutctl_common.py          123   read                      : Read 5 bytes
2026-10-09 08:11:30,440 BTPWorkerThread-31606 (_rx_task) root DEBUG iutctl_common.py          131   read                      : Received: hdr: Header(svc_id=0x29, op=0x8a, ctrl_index=0x00, data_len=0x108) bytearray(b')\x8a\x00\x08\x01')
2026-10-09 08:11:30,440 BTPWorkerThread-31606 (_rx_task) root DEBUG iutctl_common.py          139   read                      : Read 96 bytes data
2026-10-09 08:11:30,450 BTPWorkerThread-31606 (_rx_task) root DEBUG iutctl_common.py          139   read                      : Read 124 bytes data
2026-10-09 08:11:30,450 BTPWorkerThread-31606 (_rx_task) root DEBUG iutctl_common.py          139   read                      : Read 2 bytes data
2026-10-09 08:11:30,461 BTPWorkerThread-31606 (_rx_task) root DEBUG iutctl_common.py          139   read                      : Read 42 bytes data
2026-10-09 08:11:30,462 BTPWorkerThread-31606 (_rx_task) root DEBUG iutctl_common.py          154   read                      : Received data: {'e0 4e e4 08 dc 1b 00 00 90 fd 00 97 01 48 00 fb 65 73 20 6c 6f 6e 67 2e 20 6d 61 6b 65 20 74 68 65 20 6e 61 6d 65 20 32 35 36 20 62 79 74 65 73 20 6c 6f 6e 67 2e 20 6d 61 6b 65 20 74 68 65 20 6e 61 6d 65 20 32 35 36 20 62 79 74 65 73 20 6c 6f 6e 67 2e 20 6d 61 6b 65 20 74 68 65 20 6e 61 6d 65 20 32 35 36 20 62 79 74 65 73 20 6c 6f 6e 67 2e 20 6d 61 6b 65 20 74 68 65 20 6e 61 6d 65 20 32 35 36 20 62 79 74 65 73 20 6c 6f 6e 67 2e 20 6d 61 6b 65 20 74 68 65 20 6e 61 6d 65 20 32 35 36 20 62 79 74 65 73 20 6c 6f 6e 67 2e 22 20 72 65 63 69 70 69 65 6e 74 5f 61 64 64 72 65 73 73 69 6e 67 20 3d 20 22 50 54 53 40 62 6c 75 65 74 6f 6f 74 68 2e 63 6f 6d 22 20 74 79 70 65 20 3d 20 22 45 4d 41 49 4c 22 20 73 69 7a 65 20 3d 20 22 35 31 30 30 22 20 74 65 78 74 20 3d 20 22 79 65 73 22 20 72 65 63'}, bytearray(b'\xe0N\xe4\x08\xdc\x1b\x00\x00\x90\xfd\x00\x97\x01H\x00\xfbes long. make the name 256 bytes long. make the name 256 bytes long. make the name 256 bytes long. make the name 256 bytes long. make the name 256 bytes long." recipient_addressing = "PTS@bluetooth.com" type = "EMAIL" size = "5100" text = "yes" rec')
2026-10-09 08:11:30,462 BTPWorkerThread-31606 (_rx_task) root DEBUG btp.py                    736   event_handler             : Header(svc_id=41, op=138, ctrl_index=0, data_len=264) (b'\xe0N\xe4\x08\xdc\x1b\x00\x00\x90\xfd\x00\x97\x01H\x00\xfbes long. make the name 256 bytes long. make the name 256 bytes long. make the name 256 bytes long. make the name 256 bytes long. make the name 256 bytes long." recipient_addressing = "PTS@bluetooth.com" type = "EMAIL" size = "5100" text = "yes" rec',)
2026-10-09 08:11:30,462 BTPWorkerThread-31606 (_rx_task) root DEBUG iutctl_common.py          123   read                      : Read 5 bytes
2026-10-09 08:11:30,463 Thread-31614 (_process_events) root DEBUG map.py                    1947  _map_mce_mas_get_msg_listing_ev : _map_mce_mas_get_msg_listing_ev b'\xe0N\xe4\x08\xdc\x1b\x00\x00\x90\xfd\x00\x97\x01H\x00\xfbes long. make the name 256 bytes long. make the name 256 bytes long. make the name 256 bytes long. make the name 256 bytes long. make the name 256 bytes long." recipient_addressing = "PTS@bluetooth.com" type = "EMAIL" size = "5100" text = "yes" rec'
2026-10-09 08:11:30,463 BTPWorkerThread-31606 (_rx_task) root DEBUG iutctl_common.py          131   read                      : Received: hdr: Header(svc_id=0x29, op=0x8a, ctrl_index=0x00, data_len=0x108) bytearray(b')\x8a\x00\x08\x01')
2026-10-09 08:11:30,463 BTPWorkerThread-31606 (_rx_task) root DEBUG iutctl_common.py          139   read                      : Read 60 bytes data
2026-10-09 08:11:30,473 BTPWorkerThread-31606 (_rx_task) root DEBUG iutctl_common.py          139   read                      : Read 129 bytes data
2026-10-09 08:11:30,473 BTPWorkerThread-31606 (_rx_task) root DEBUG iutctl_common.py          139   read                      : Read 4 bytes data
2026-10-09 08:11:30,473 BTPWorkerThread-31606 (_rx_task) root DEBUG iutctl_common.py          139   read                      : Read 2 bytes data
2026-10-09 08:11:30,484 BTPWorkerThread-31606 (_rx_task) root DEBUG iutctl_common.py          139   read                      : Read 69 bytes data
2026-10-09 08:11:30,485 BTPWorkerThread-31606 (_rx_task) root DEBUG iutctl_common.py          154   read                      : Received data: {'e0 4e e4 08 dc 1b 00 00 90 fd 00 97 01 48 00 fb 65 70 74 69 6f 6e 5f 73 74 61 74 75 73 20 3d 20 22 63 6f 6d 70 6c 65 74 65 22 20 61 74 74 61 63 68 6d 65 6e 74 5f 73 69 7a 65 20 3d 20 22 30 22 20 70 72 69 6f 72 69 74 79 20 3d 20 22 6e 6f 22 20 72 65 61 64 20 3d 20 22 6e 6f 22 20 73 65 6e 64 20 3d 20 22 6e 6f 22 20 70 72 6f 74 65 63 74 65 64 20 3d 20 22 6e 6f 22 20 63 6f 6e 76 65 72 73 61 74 69 6f 6e 5f 69 64 20 3d 20 22 34 33 35 34 34 35 38 30 37 31 22 20 64 69 72 65 63 74 69 6f 6e 20 3d 20 22 69 6e 63 6f 6d 69 6e 67 22 20 2f 3e 0d 0a 3c 6d 73 67 20 68 61 6e 64 6c 65 20 3d 20 22 30 31 32 33 34 35 36 37 38 39 30 30 30 30 31 34 22 20 73 75 62 6a 65 63 74 20 3d 20 22 20 50 54 53 20 74 65 73 74 69 6e 67 22 20 64 61 74 65 74 69 6d 65 20 3d 20 22 32 30 32 36 31 30 30 39 54 30 30 31 31 32'}, bytearray(b'\xe0N\xe4\x08\xdc\x1b\x00\x00\x90\xfd\x00\x97\x01H\x00\xfbeption_status = "complete" attachment_size = "0" priority = "no" read = "no" send = "no" protected = "no" conversation_id = "4354458071" direction = "incoming" />\r\n<msg handle = "0123456789000014" subject = " PTS testing" datetime = "20261009T00112')
2026-10-09 08:11:30,485 BTPWorkerThread-31606 (_rx_task) root DEBUG btp.py                    736   event_handler             : Header(svc_id=41, op=138, ctrl_index=0, data_len=264) (b'\xe0N\xe4\x08\xdc\x1b\x00\x00\x90\xfd\x00\x97\x01H\x00\xfbeption_status = "complete" attachment_size = "0" priority = "no" read = "no" send = "no" protected = "no" conversation_id = "4354458071" direction = "incoming" />\r\n<msg handle = "0123456789000014" subject = " PTS testing" datetime = "20261009T00112',)
2026-10-09 08:11:30,485 BTPWorkerThread-31606 (_rx_task) root DEBUG iutctl_common.py          123   read                      : Read 5 bytes
2026-10-09 08:11:30,486 BTPWorkerThread-31606 (_rx_task) root DEBUG iutctl_common.py          131   read                      : Received: hdr: Header(svc_id=0x29, op=0x8a, ctrl_index=0x00, data_len=0x108) bytearray(b')\x8a\x00\x08\x01')
2026-10-09 08:11:30,486 BTPWorkerThread-31606 (_rx_task) root DEBUG iutctl_common.py          139   read                      : Read 5 bytes data
2026-10-09 08:11:30,486 Thread-31614 (_process_events) root DEBUG map.py                    1947  _map_mce_mas_get_msg_listing_ev : _map_mce_mas_get_msg_listing_ev b'\xe0N\xe4\x08\xdc\x1b\x00\x00\x90\xfd\x00\x97\x01H\x00\xfbeption_status = "complete" attachment_size = "0" priority = "no" read = "no" send = "no" protected = "no" conversation_id = "4354458071" direction = "incoming" />\r\n<msg handle = "0123456789000014" subject = " PTS testing" datetime = "20261009T00112'
2026-10-09 08:11:30,496 BTPWorkerThread-31606 (_rx_task) root DEBUG iutctl_common.py          139   read                      : Read 126 bytes data
2026-10-09 08:11:30,496 BTPWorkerThread-31606 (_rx_task) root DEBUG iutctl_common.py          139   read                      : Read 5 bytes data
2026-10-09 08:11:30,506 BTPWorkerThread-31606 (_rx_task) root DEBUG iutctl_common.py          139   read                      : Read 120 bytes data
2026-10-09 08:11:30,506 BTPWorkerThread-31606 (_rx_task) root DEBUG iutctl_common.py          139   read                      : Read 4 bytes data
2026-10-09 08:11:30,517 BTPWorkerThread-31606 (_rx_task) root DEBUG iutctl_common.py          139   read                      : Read 4 bytes data
2026-10-09 08:11:30,517 BTPWorkerThread-31606 (_rx_task) root DEBUG iutctl_common.py          154   read                      : Received data: {'e0 4e e4 08 dc 1b 00 00 90 fd 00 97 01 48 00 fb 39 22 20 73 65 6e 64 65 72 5f 6e 61 6d 65 20 3d 20 22 49 55 54 2e 20 6d 61 6b 65 20 74 68 65 20 6e 61 6d 65 20 32 35 36 20 62 79 74 65 73 20 6c 6f 6e 67 2e 20 6d 61 6b 65 20 74 68 65 20 6e 61 6d 65 20 32 35 36 20 62 79 74 65 73 20 6c 6f 6e 67 2e 20 6d 61 6b 65 20 74 68 65 20 6e 61 6d 65 20 32 35 36 20 62 79 74 65 73 20 6c 6f 6e 67 2e 20 6d 61 6b 65 20 74 68 65 20 6e 61 6d 65 20 32 35 36 20 62 79 74 65 73 20 6c 6f 6e 67 2e 20 6d 61 6b 65 20 74 68 65 20 6e 61 6d 65 20 32 35 36 20 62 79 74 65 73 20 6c 6f 6e 67 2e 20 6d 61 6b 65 20 74 68 65 20 6e 61 6d 65 20 32 35 36 20 62 79 74 65 73 20 6c 6f 6e 67 2e 20 6d 61 6b 65 20 74 68 65 20 6e 61 6d 65 20 32 35 36 20 62 79 74 65 73 20 6c 6f 6e 67 2e 20 6d 61 6b 65 20 74 68 65 20 6e 61 6d 65 20 32'}, bytearray(b'\xe0N\xe4\x08\xdc\x1b\x00\x00\x90\xfd\x00\x97\x01H\x00\xfb9" sender_name = "IUT. make the name 256 bytes long. make the name 256 bytes long. make the name 256 bytes long. make the name 256 bytes long. make the name 256 bytes long. make the name 256 bytes long. make the name 256 bytes long. make the name 2')
2026-10-09 08:11:30,518 BTPWorkerThread-31606 (_rx_task) root DEBUG btp.py                    736   event_handler             : Header(svc_id=41, op=138, ctrl_index=0, data_len=264) (b'\xe0N\xe4\x08\xdc\x1b\x00\x00\x90\xfd\x00\x97\x01H\x00\xfb9" sender_name = "IUT. make the name 256 bytes long. make the name 256 bytes long. make the name 256 bytes long. make the name 256 bytes long. make the name 256 bytes long. make the name 256 bytes long. make the name 256 bytes long. make the name 2',)
2026-10-09 08:11:30,518 BTPWorkerThread-31606 (_rx_task) root DEBUG iutctl_common.py          123   read                      : Read 5 bytes
2026-10-09 08:11:30,518 Thread-31614 (_process_events) root DEBUG map.py                    1947  _map_mce_mas_get_msg_listing_ev : _map_mce_mas_get_msg_listing_ev b'\xe0N\xe4\x08\xdc\x1b\x00\x00\x90\xfd\x00\x97\x01H\x00\xfb9" sender_name = "IUT. make the name 256 bytes long. make the name 256 bytes long. make the name 256 bytes long. make the name 256 bytes long. make the name 256 bytes long. make the name 256 bytes long. make the name 256 bytes long. make the name 2'
2026-10-09 08:11:30,518 BTPWorkerThread-31606 (_rx_task) root DEBUG iutctl_common.py          131   read                      : Received: hdr: Header(svc_id=0x29, op=0x8a, ctrl_index=0x00, data_len=0x108) bytearray(b')\x8a\x00\x08\x01')
2026-10-09 08:11:30,518 BTPWorkerThread-31606 (_rx_task) root DEBUG iutctl_common.py          139   read                      : Read 73 bytes data
2026-10-09 08:11:30,527 BTPWorkerThread-31606 (_rx_task) root DEBUG iutctl_common.py          139   read                      : Read 114 bytes data
2026-10-09 08:11:30,527 BTPWorkerThread-31606 (_rx_task) root DEBUG iutctl_common.py          139   read                      : Read 12 bytes data
2026-10-09 08:11:30,539 BTPWorkerThread-31606 (_rx_task) root DEBUG iutctl_common.py          139   read                      : Read 65 bytes data
2026-10-09 08:11:30,539 BTPWorkerThread-31606 (_rx_task) root DEBUG iutctl_common.py          154   read                      : Received data: {'e0 4e e4 08 dc 1b 00 00 90 fd 00 97 01 48 00 fb 35 36 20 62 79 74 65 73 20 6c 6f 6e 67 2e 22 20 73 65 6e 64 65 72 5f 61 64 64 72 65 73 73 69 6e 67 20 3d 20 22 6d 6f 6d 62 65 72 40 69 75 74 2e 63 6f 6d 22 20 72 65 63 69 70 69 65 6e 74 5f 6e 61 6d 65 20 3d 20 22 50 54 53 2e 20 6d 61 6b 65 20 74 68 65 20 6e 61 6d 65 20 32 35 36 20 62 79 74 65 73 20 6c 6f 6e 67 2e 20 6d 61 6b 65 20 74 68 65 20 6e 61 6d 65 20 32 35 36 20 62 79 74 65 73 20 6c 6f 6e 67 2e 20 6d 61 6b 65 20 74 68 65 20 6e 61 6d 65 20 32 35 36 20 62 79 74 65 73 20 6c 6f 6e 67 2e 20 6d 61 6b 65 20 74 68 65 20 6e 61 6d 65 20 32 35 36 20 62 79 74 65 73 20 6c 6f 6e 67 2e 20 6d 61 6b 65 20 74 68 65 20 6e 61 6d 65 20 32 35 36 20 62 79 74 65 73 20 6c 6f 6e 67 2e 20 6d 61 6b 65 20 74 68 65 20 6e 61 6d 65 20 32 35 36 20 62 79 74 65'}, bytearray(b'\xe0N\xe4\x08\xdc\x1b\x00\x00\x90\xfd\x00\x97\x01H\x00\xfb56 bytes long." sender_addressing = "momber@iut.com" recipient_name = "PTS. make the name 256 bytes long. make the name 256 bytes long. make the name 256 bytes long. make the name 256 bytes long. make the name 256 bytes long. make the name 256 byte')
2026-10-09 08:11:30,539 BTPWorkerThread-31606 (_rx_task) root DEBUG btp.py                    736   event_handler             : Header(svc_id=41, op=138, ctrl_index=0, data_len=264) (b'\xe0N\xe4\x08\xdc\x1b\x00\x00\x90\xfd\x00\x97\x01H\x00\xfb56 bytes long." sender_addressing = "momber@iut.com" recipient_name = "PTS. make the name 256 bytes long. make the name 256 bytes long. make the name 256 bytes long. make the name 256 bytes long. make the name 256 bytes long. make the name 256 byte',)
2026-10-09 08:11:30,539 Thread-31614 (_process_events) root DEBUG map.py                    1947  _map_mce_mas_get_msg_listing_ev : _map_mce_mas_get_msg_listing_ev b'\xe0N\xe4\x08\xdc\x1b\x00\x00\x90\xfd\x00\x97\x01H\x00\xfb56 bytes long." sender_addressing = "momber@iut.com" recipient_name = "PTS. make the name 256 bytes long. make the name 256 bytes long. make the name 256 bytes long. make the name 256 bytes long. make the name 256 bytes long. make the name 256 byte'
2026-10-09 08:11:30,549 BTPWorkerThread-31606 (_rx_task) root DEBUG iutctl_common.py          123   read                      : Read 5 bytes
2026-10-09 08:11:30,549 BTPWorkerThread-31606 (_rx_task) root DEBUG iutctl_common.py          131   read                      : Received: hdr: Header(svc_id=0x29, op=0x8a, ctrl_index=0x00, data_len=0x108) bytearray(b')\x8a\x00\x08\x01')
2026-10-09 08:11:30,549 BTPWorkerThread-31606 (_rx_task) root DEBUG iutctl_common.py          139   read                      : Read 41 bytes data
2026-10-09 08:11:30,561 BTPWorkerThread-31606 (_rx_task) root DEBUG iutctl_common.py          139   read                      : Read 134 bytes data
2026-10-09 08:11:30,561 BTPWorkerThread-31606 (_rx_task) root DEBUG iutctl_common.py          139   read                      : Read 4 bytes data
2026-10-09 08:11:30,571 BTPWorkerThread-31606 (_rx_task) root DEBUG iutctl_common.py          139   read                      : Read 85 bytes data
2026-10-09 08:11:30,573 BTPWorkerThread-31606 (_rx_task) root DEBUG iutctl_common.py          154   read                      : Received data: {'e0 4e e4 08 dc 1b 00 00 90 fd 00 97 01 48 00 fb 73 20 6c 6f 6e 67 2e 20 6d 61 6b 65 20 74 68 65 20 6e 61 6d 65 20 32 35 36 20 62 79 74 65 73 20 6c 6f 6e 67 2e 20 6d 61 6b 65 20 74 68 65 20 6e 61 6d 65 20 32 35 36 20 62 79 74 65 73 20 6c 6f 6e 67 2e 22 20 72 65 63 69 70 69 65 6e 74 5f 61 64 64 72 65 73 73 69 6e 67 20 3d 20 22 50 54 53 40 62 6c 75 65 74 6f 6f 74 68 2e 63 6f 6d 22 20 74 79 70 65 20 3d 20 22 45 4d 41 49 4c 22 20 73 69 7a 65 20 3d 20 22 35 31 30 30 22 20 74 65 78 74 20 3d 20 22 79 65 73 22 20 72 65 63 65 70 74 69 6f 6e 5f 73 74 61 74 75 73 20 3d 20 22 63 6f 6d 70 6c 65 74 65 22 20 61 74 74 61 63 68 6d 65 6e 74 5f 73 69 7a 65 20 3d 20 22 30 22 20 70 72 69 6f 72 69 74 79 20 3d 20 22 6e 6f 22 20 72 65 61 64 20 3d 20 22 6e 6f 22 20 73 65 6e 64 20 3d 20 22 6e 6f 22 20 70 72'}, bytearray(b'\xe0N\xe4\x08\xdc\x1b\x00\x00\x90\xfd\x00\x97\x01H\x00\xfbs long. make the name 256 bytes long. make the name 256 bytes long." recipient_addressing = "PTS@bluetooth.com" type = "EMAIL" size = "5100" text = "yes" reception_status = "complete" attachment_size = "0" priority = "no" read = "no" send = "no" pr')
2026-10-09 08:11:30,573 BTPWorkerThread-31606 (_rx_task) root DEBUG btp.py                    736   event_handler             : Header(svc_id=41, op=138, ctrl_index=0, data_len=264) (b'\xe0N\xe4\x08\xdc\x1b\x00\x00\x90\xfd\x00\x97\x01H\x00\xfbs long. make the name 256 bytes long. make the name 256 bytes long." recipient_addressing = "PTS@bluetooth.com" type = "EMAIL" size = "5100" text = "yes" reception_status = "complete" attachment_size = "0" priority = "no" read = "no" send = "no" pr',)
2026-10-09 08:11:30,573 BTPWorkerThread-31606 (_rx_task) root DEBUG iutctl_common.py          123   read                      : Read 5 bytes
2026-10-09 08:11:30,573 BTPWorkerThread-31606 (_rx_task) root DEBUG iutctl_common.py          131   read                      : Received: hdr: Header(svc_id=0x29, op=0x8a, ctrl_index=0x00, data_len=0x108) bytearray(b')\x8a\x00\x08\x01')
2026-10-09 08:11:30,573 Thread-31614 (_process_events) root DEBUG map.py                    1947  _map_mce_mas_get_msg_listing_ev : _map_mce_mas_get_msg_listing_ev b'\xe0N\xe4\x08\xdc\x1b\x00\x00\x90\xfd\x00\x97\x01H\x00\xfbs long. make the name 256 bytes long. make the name 256 bytes long." recipient_addressing = "PTS@bluetooth.com" type = "EMAIL" size = "5100" text = "yes" reception_status = "complete" attachment_size = "0" priority = "no" read = "no" send = "no" pr'
2026-10-09 08:11:30,573 BTPWorkerThread-31606 (_rx_task) root DEBUG iutctl_common.py          139   read                      : Read 26 bytes data
2026-10-09 08:11:30,582 BTPWorkerThread-31606 (_rx_task) root DEBUG iutctl_common.py          139   read                      : Read 125 bytes data
2026-10-09 08:11:30,582 BTPWorkerThread-31606 (_rx_task) root DEBUG iutctl_common.py          139   read                      : Read 2 bytes data
2026-10-09 08:11:30,594 BTPWorkerThread-31606 (_rx_task) root DEBUG iutctl_common.py          139   read                      : Read 111 bytes data
2026-10-09 08:11:30,594 BTPWorkerThread-31606 (_rx_task) root DEBUG iutctl_common.py          154   read                      : Received data: {'e0 4e e4 08 dc 1b 00 00 90 fd 00 97 01 48 00 fb 6f 74 65 63 74 65 64 20 3d 20 22 6e 6f 22 20 63 6f 6e 76 65 72 73 61 74 69 6f 6e 5f 69 64 20 3d 20 22 34 33 35 34 34 35 38 30 37 31 22 20 64 69 72 65 63 74 69 6f 6e 20 3d 20 22 69 6e 63 6f 6d 69 6e 67 22 20 2f 3e 0d 0a 3c 6d 73 67 20 68 61 6e 64 6c 65 20 3d 20 22 30 31 32 33 34 35 36 37 38 39 30 30 30 30 31 35 22 20 73 75 62 6a 65 63 74 20 3d 20 22 20 50 54 53 20 74 65 73 74 69 6e 67 22 20 64 61 74 65 74 69 6d 65 20 3d 20 22 32 30 32 36 31 30 30 39 54 30 30 31 31 32 39 22 20 73 65 6e 64 65 72 5f 6e 61 6d 65 20 3d 20 22 49 55 54 2e 20 6d 61 6b 65 20 74 68 65 20 6e 61 6d 65 20 32 35 36 20 62 79 74 65 73 20 6c 6f 6e 67 2e 20 6d 61 6b 65 20 74 68 65 20 6e 61 6d 65 20 32 35 36 20 62 79 74 65 73 20 6c 6f 6e 67 2e 20 6d 61 6b 65 20 74 68 65'}, bytearray(b'\xe0N\xe4\x08\xdc\x1b\x00\x00\x90\xfd\x00\x97\x01H\x00\xfbotected = "no" conversation_id = "4354458071" direction = "incoming" />\r\n<msg handle = "0123456789000015" subject = " PTS testing" datetime = "20261009T001129" sender_name = "IUT. make the name 256 bytes long. make the name 256 bytes long. make the')
2026-10-09 08:11:30,595 BTPWorkerThread-31606 (_rx_task) root DEBUG btp.py                    736   event_handler             : Header(svc_id=41, op=138, ctrl_index=0, data_len=264) (b'\xe0N\xe4\x08\xdc\x1b\x00\x00\x90\xfd\x00\x97\x01H\x00\xfbotected = "no" conversation_id = "4354458071" direction = "incoming" />\r\n<msg handle = "0123456789000015" subject = " PTS testing" datetime = "20261009T001129" sender_name = "IUT. make the name 256 bytes long. make the name 256 bytes long. make the',)
2026-10-09 08:11:30,595 BTPWorkerThread-31606 (_rx_task) root DEBUG iutctl_common.py          123   read                      : Read 5 bytes
2026-10-09 08:11:30,595 Thread-31614 (_process_events) root DEBUG map.py                    1947  _map_mce_mas_get_msg_listing_ev : _map_mce_mas_get_msg_listing_ev b'\xe0N\xe4\x08\xdc\x1b\x00\x00\x90\xfd\x00\x97\x01H\x00\xfbotected = "no" conversation_id = "4354458071" direction = "incoming" />\r\n<msg handle = "0123456789000015" subject = " PTS testing" datetime = "20261009T001129" sender_name = "IUT. make the name 256 bytes long. make the name 256 bytes long. make the'
2026-10-09 08:11:30,595 BTPWorkerThread-31606 (_rx_task) root DEBUG iutctl_common.py          131   read                      : Received: hdr: Header(svc_id=0x29, op=0x8a, ctrl_index=0x00, data_len=0x108) bytearray(b')\x8a\x00\x08\x01')
2026-10-09 08:11:30,595 BTPWorkerThread-31606 (_rx_task) root DEBUG iutctl_common.py          139   read                      : Read 3 bytes data
2026-10-09 08:11:30,605 BTPWorkerThread-31606 (_rx_task) root DEBUG iutctl_common.py          139   read                      : Read 127 bytes data
2026-10-09 08:11:30,616 BTPWorkerThread-31606 (_rx_task) root DEBUG iutctl_common.py          139   read                      : Read 127 bytes data
2026-10-09 08:11:30,627 BTPWorkerThread-31606 (_rx_task) root DEBUG iutctl_common.py          139   read                      : Read 7 bytes data
2026-10-09 08:11:30,627 BTPWorkerThread-31606 (_rx_task) root DEBUG iutctl_common.py          154   read                      : Received data: {'e0 4e e4 08 dc 1b 00 00 90 fd 00 97 01 48 00 fb 20 6e 61 6d 65 20 32 35 36 20 62 79 74 65 73 20 6c 6f 6e 67 2e 20 6d 61 6b 65 20 74 68 65 20 6e 61 6d 65 20 32 35 36 20 62 79 74 65 73 20 6c 6f 6e 67 2e 20 6d 61 6b 65 20 74 68 65 20 6e 61 6d 65 20 32 35 36 20 62 79 74 65 73 20 6c 6f 6e 67 2e 20 6d 61 6b 65 20 74 68 65 20 6e 61 6d 65 20 32 35 36 20 62 79 74 65 73 20 6c 6f 6e 67 2e 20 6d 61 6b 65 20 74 68 65 20 6e 61 6d 65 20 32 35 36 20 62 79 74 65 73 20 6c 6f 6e 67 2e 20 6d 61 6b 65 20 74 68 65 20 6e 61 6d 65 20 32 35 36 20 62 79 74 65 73 20 6c 6f 6e 67 2e 22 20 73 65 6e 64 65 72 5f 61 64 64 72 65 73 73 69 6e 67 20 3d 20 22 6d 6f 6d 62 65 72 40 69 75 74 2e 63 6f 6d 22 20 72 65 63 69 70 69 65 6e 74 5f 6e 61 6d 65 20 3d 20 22 50 54 53 2e 20 6d 61 6b 65 20 74 68 65 20 6e 61 6d 65 20 32'}, bytearray(b'\xe0N\xe4\x08\xdc\x1b\x00\x00\x90\xfd\x00\x97\x01H\x00\xfb name 256 bytes long. make the name 256 bytes long. make the name 256 bytes long. make the name 256 bytes long. make the name 256 bytes long. make the name 256 bytes long." sender_addressing = "momber@iut.com" recipient_name = "PTS. make the name 2')
2026-10-09 08:11:30,627 BTPWorkerThread-31606 (_rx_task) root DEBUG btp.py                    736   event_handler             : Header(svc_id=41, op=138, ctrl_index=0, data_len=264) (b'\xe0N\xe4\x08\xdc\x1b\x00\x00\x90\xfd\x00\x97\x01H\x00\xfb name 256 bytes long. make the name 256 bytes long. make the name 256 bytes long. make the name 256 bytes long. make the name 256 bytes long. make the name 256 bytes long." sender_addressing = "momber@iut.com" recipient_name = "PTS. make the name 2',)
2026-10-09 08:11:30,628 BTPWorkerThread-31606 (_rx_task) root DEBUG iutctl_common.py          123   read                      : Read 5 bytes
2026-10-09 08:11:30,628 BTPWorkerThread-31606 (_rx_task) root DEBUG iutctl_common.py          131   read                      : Received: hdr: Header(svc_id=0x29, op=0x8a, ctrl_index=0x00, data_len=0x108) bytearray(b')\x8a\x00\x08\x01')
2026-10-09 08:11:30,628 Thread-31614 (_process_events) root DEBUG map.py                    1947  _map_mce_mas_get_msg_listing_ev : _map_mce_mas_get_msg_listing_ev b'\xe0N\xe4\x08\xdc\x1b\x00\x00\x90\xfd\x00\x97\x01H\x00\xfb name 256 bytes long. make the name 256 bytes long. make the name 256 bytes long. make the name 256 bytes long. make the name 256 bytes long. make the name 256 bytes long." sender_addressing = "momber@iut.com" recipient_name = "PTS. make the name 2'
2026-10-09 08:11:30,628 BTPWorkerThread-31606 (_rx_task) root DEBUG iutctl_common.py          139   read                      : Read 106 bytes data
2026-10-09 08:11:30,637 BTPWorkerThread-31606 (_rx_task) root DEBUG iutctl_common.py          139   read                      : Read 115 bytes data
2026-10-09 08:11:30,649 BTPWorkerThread-31606 (_rx_task) root DEBUG iutctl_common.py          139   read                      : Read 43 bytes data
2026-10-09 08:11:30,650 BTPWorkerThread-31606 (_rx_task) root DEBUG iutctl_common.py          154   read                      : Received data: {'e0 4e e4 08 dc 1b 00 00 90 fd 00 97 01 48 00 fb 35 36 20 62 79 74 65 73 20 6c 6f 6e 67 2e 20 6d 61 6b 65 20 74 68 65 20 6e 61 6d 65 20 32 35 36 20 62 79 74 65 73 20 6c 6f 6e 67 2e 20 6d 61 6b 65 20 74 68 65 20 6e 61 6d 65 20 32 35 36 20 62 79 74 65 73 20 6c 6f 6e 67 2e 20 6d 61 6b 65 20 74 68 65 20 6e 61 6d 65 20 32 35 36 20 62 79 74 65 73 20 6c 6f 6e 67 2e 20 6d 61 6b 65 20 74 68 65 20 6e 61 6d 65 20 32 35 36 20 62 79 74 65 73 20 6c 6f 6e 67 2e 20 6d 61 6b 65 20 74 68 65 20 6e 61 6d 65 20 32 35 36 20 62 79 74 65 73 20 6c 6f 6e 67 2e 20 6d 61 6b 65 20 74 68 65 20 6e 61 6d 65 20 32 35 36 20 62 79 74 65 73 20 6c 6f 6e 67 2e 20 6d 61 6b 65 20 74 68 65 20 6e 61 6d 65 20 32 35 36 20 62 79 74 65 73 20 6c 6f 6e 67 2e 22 20 72 65 63 69 70 69 65 6e 74 5f 61 64 64 72 65 73 73 69 6e 67 20 3d'}, bytearray(b'\xe0N\xe4\x08\xdc\x1b\x00\x00\x90\xfd\x00\x97\x01H\x00\xfb56 bytes long. make the name 256 bytes long. make the name 256 bytes long. make the name 256 bytes long. make the name 256 bytes long. make the name 256 bytes long. make the name 256 bytes long. make the name 256 bytes long." recipient_addressing =')
2026-10-09 08:11:30,650 BTPWorkerThread-31606 (_rx_task) root DEBUG btp.py                    736   event_handler             : Header(svc_id=41, op=138, ctrl_index=0, data_len=264) (b'\xe0N\xe4\x08\xdc\x1b\x00\x00\x90\xfd\x00\x97\x01H\x00\xfb56 bytes long. make the name 256 bytes long. make the name 256 bytes long. make the name 256 bytes long. make the name 256 bytes long. make the name 256 bytes long. make the name 256 bytes long. make the name 256 bytes long." recipient_addressing =',)
2026-10-09 08:11:30,650 BTPWorkerThread-31606 (_rx_task) root DEBUG iutctl_common.py          123   read                      : Read 5 bytes
2026-10-09 08:11:30,650 Thread-31614 (_process_events) root DEBUG map.py                    1947  _map_mce_mas_get_msg_listing_ev : _map_mce_mas_get_msg_listing_ev b'\xe0N\xe4\x08\xdc\x1b\x00\x00\x90\xfd\x00\x97\x01H\x00\xfb56 bytes long. make the name 256 bytes long. make the name 256 bytes long. make the name 256 bytes long. make the name 256 bytes long. make the name 256 bytes long. make the name 256 bytes long. make the name 256 bytes long." recipient_addressing ='
2026-10-09 08:11:30,650 BTPWorkerThread-31606 (_rx_task) root DEBUG iutctl_common.py          131   read                      : Received: hdr: Header(svc_id=0x29, op=0x8a, ctrl_index=0x00, data_len=0x108) bytearray(b')\x8a\x00\x08\x01')
2026-10-09 08:11:30,650 BTPWorkerThread-31606 (_rx_task) root DEBUG iutctl_common.py          139   read                      : Read 13 bytes data
2026-10-09 08:11:30,660 BTPWorkerThread-31606 (_rx_task) root DEBUG iutctl_common.py          139   read                      : Read 124 bytes data
2026-10-09 08:11:30,670 BTPWorkerThread-31606 (_rx_task) root DEBUG iutctl_common.py          139   read                      : Read 117 bytes data
2026-10-09 08:11:30,681 BTPWorkerThread-31606 (_rx_task) root DEBUG iutctl_common.py          139   read                      : Read 10 bytes data
2026-10-09 08:11:30,682 BTPWorkerThread-31606 (_rx_task) root DEBUG iutctl_common.py          154   read                      : Received data: {'e0 4e e4 08 dc 1b 00 00 90 fd 00 97 01 48 00 fb 20 22 50 54 53 40 62 6c 75 65 74 6f 6f 74 68 2e 63 6f 6d 22 20 74 79 70 65 20 3d 20 22 45 4d 41 49 4c 22 20 73 69 7a 65 20 3d 20 22 35 31 30 30 22 20 74 65 78 74 20 3d 20 22 79 65 73 22 20 72 65 63 65 70 74 69 6f 6e 5f 73 74 61 74 75 73 20 3d 20 22 63 6f 6d 70 6c 65 74 65 22 20 61 74 74 61 63 68 6d 65 6e 74 5f 73 69 7a 65 20 3d 20 22 30 22 20 70 72 69 6f 72 69 74 79 20 3d 20 22 6e 6f 22 20 72 65 61 64 20 3d 20 22 6e 6f 22 20 73 65 6e 64 20 3d 20 22 6e 6f 22 20 70 72 6f 74 65 63 74 65 64 20 3d 20 22 6e 6f 22 20 63 6f 6e 76 65 72 73 61 74 69 6f 6e 5f 69 64 20 3d 20 22 34 33 35 34 34 35 38 30 37 31 22 20 64 69 72 65 63 74 69 6f 6e 20 3d 20 22 69 6e 63 6f 6d 69 6e 67 22 20 2f 3e 0d 0a 3c 6d 73 67 20 68 61 6e 64 6c 65 20 3d 20 22 30 31 32'}, bytearray(b'\xe0N\xe4\x08\xdc\x1b\x00\x00\x90\xfd\x00\x97\x01H\x00\xfb "PTS@bluetooth.com" type = "EMAIL" size = "5100" text = "yes" reception_status = "complete" attachment_size = "0" priority = "no" read = "no" send = "no" protected = "no" conversation_id = "4354458071" direction = "incoming" />\r\n<msg handle = "012')
2026-10-09 08:11:30,682 BTPWorkerThread-31606 (_rx_task) root DEBUG btp.py                    736   event_handler             : Header(svc_id=41, op=138, ctrl_index=0, data_len=264) (b'\xe0N\xe4\x08\xdc\x1b\x00\x00\x90\xfd\x00\x97\x01H\x00\xfb "PTS@bluetooth.com" type = "EMAIL" size = "5100" text = "yes" reception_status = "complete" attachment_size = "0" priority = "no" read = "no" send = "no" protected = "no" conversation_id = "4354458071" direction = "incoming" />\r\n<msg handle = "012',)
2026-10-09 08:11:30,682 BTPWorkerThread-31606 (_rx_task) root DEBUG iutctl_common.py          123   read                      : Read 5 bytes
2026-10-09 08:11:30,682 Thread-31614 (_process_events) root DEBUG map.py                    1947  _map_mce_mas_get_msg_listing_ev : _map_mce_mas_get_msg_listing_ev b'\xe0N\xe4\x08\xdc\x1b\x00\x00\x90\xfd\x00\x97\x01H\x00\xfb "PTS@bluetooth.com" type = "EMAIL" size = "5100" text = "yes" reception_status = "complete" attachment_size = "0" priority = "no" read = "no" send = "no" protected = "no" conversation_id = "4354458071" direction = "incoming" />\r\n<msg handle = "012'
2026-10-09 08:11:30,682 BTPWorkerThread-31606 (_rx_task) root DEBUG iutctl_common.py          131   read                      : Received: hdr: Header(svc_id=0x29, op=0x8a, ctrl_index=0x00, data_len=0x108) bytearray(b')\x8a\x00\x08\x01')
2026-10-09 08:11:30,682 BTPWorkerThread-31606 (_rx_task) root DEBUG iutctl_common.py          139   read                      : Read 115 bytes data
2026-10-09 08:11:30,693 BTPWorkerThread-31606 (_rx_task) root DEBUG iutctl_common.py          139   read                      : Read 127 bytes data
2026-10-09 08:11:30,703 BTPWorkerThread-31606 (_rx_task) root DEBUG iutctl_common.py          139   read                      : Read 22 bytes data
2026-10-09 08:11:30,703 BTPWorkerThread-31606 (_rx_task) root DEBUG iutctl_common.py          154   read                      : Received data: {'e0 4e e4 08 dc 1b 00 00 90 fd 00 97 01 48 00 fb 33 34 35 36 37 38 39 30 30 30 30 31 36 22 20 73 75 62 6a 65 63 74 20 3d 20 22 20 50 54 53 20 74 65 73 74 69 6e 67 22 20 64 61 74 65 74 69 6d 65 20 3d 20 22 32 30 32 36 31 30 30 39 54 30 30 31 31 32 39 22 20 73 65 6e 64 65 72 5f 6e 61 6d 65 20 3d 20 22 49 55 54 2e 20 6d 61 6b 65 20 74 68 65 20 6e 61 6d 65 20 32 35 36 20 62 79 74 65 73 20 6c 6f 6e 67 2e 20 6d 61 6b 65 20 74 68 65 20 6e 61 6d 65 20 32 35 36 20 62 79 74 65 73 20 6c 6f 6e 67 2e 20 6d 61 6b 65 20 74 68 65 20 6e 61 6d 65 20 32 35 36 20 62 79 74 65 73 20 6c 6f 6e 67 2e 20 6d 61 6b 65 20 74 68 65 20 6e 61 6d 65 20 32 35 36 20 62 79 74 65 73 20 6c 6f 6e 67 2e 20 6d 61 6b 65 20 74 68 65 20 6e 61 6d 65 20 32 35 36 20 62 79 74 65 73 20 6c 6f 6e 67 2e 20 6d 61 6b 65 20 74 68 65 20'}, bytearray(b'\xe0N\xe4\x08\xdc\x1b\x00\x00\x90\xfd\x00\x97\x01H\x00\xfb3456789000016" subject = " PTS testing" datetime = "20261009T001129" sender_name = "IUT. make the name 256 bytes long. make the name 256 bytes long. make the name 256 bytes long. make the name 256 bytes long. make the name 256 bytes long. make the ')
2026-10-09 08:11:30,704 BTPWorkerThread-31606 (_rx_task) root DEBUG btp.py                    736   event_handler             : Header(svc_id=41, op=138, ctrl_index=0, data_len=264) (b'\xe0N\xe4\x08\xdc\x1b\x00\x00\x90\xfd\x00\x97\x01H\x00\xfb3456789000016" subject = " PTS testing" datetime = "20261009T001129" sender_name = "IUT. make the name 256 bytes long. make the name 256 bytes long. make the name 256 bytes long. make the name 256 bytes long. make the name 256 bytes long. make the ',)
2026-10-09 08:11:30,704 BTPWorkerThread-31606 (_rx_task) root DEBUG iutctl_common.py          123   read                      : Read 5 bytes
2026-10-09 08:11:30,704 Thread-31614 (_process_events) root DEBUG map.py                    1947  _map_mce_mas_get_msg_listing_ev : _map_mce_mas_get_msg_listing_ev b'\xe0N\xe4\x08\xdc\x1b\x00\x00\x90\xfd\x00\x97\x01H\x00\xfb3456789000016" subject = " PTS testing" datetime = "20261009T001129" sender_name = "IUT. make the name 256 bytes long. make the name 256 bytes long. make the name 256 bytes long. make the name 256 bytes long. make the name 256 bytes long. make the '
2026-10-09 08:11:30,704 BTPWorkerThread-31606 (_rx_task) root DEBUG iutctl_common.py          131   read                      : Received: hdr: Header(svc_id=0x29, op=0x8a, ctrl_index=0x00, data_len=0x108) bytearray(b')\x8a\x00\x08\x01')
2026-10-09 08:11:30,704 BTPWorkerThread-31606 (_rx_task) root DEBUG iutctl_common.py          139   read                      : Read 80 bytes data
2026-10-09 08:11:30,714 BTPWorkerThread-31606 (_rx_task) root DEBUG iutctl_common.py          139   read                      : Read 127 bytes data
2026-10-09 08:11:30,714 BTPWorkerThread-31606 (_rx_task) root DEBUG iutctl_common.py          139   read                      : Read 9 bytes data
2026-10-09 08:11:30,714 BTPWorkerThread-31606 (_rx_task) root DEBUG iutctl_common.py          139   read                      : Read 3 bytes data
2026-10-09 08:11:30,725 BTPWorkerThread-31606 (_rx_task) root DEBUG iutctl_common.py          139   read                      : Read 45 bytes data
2026-10-09 08:11:30,726 BTPWorkerThread-31606 (_rx_task) root DEBUG iutctl_common.py          154   read                      : Received data: {'e0 4e e4 08 dc 1b 00 00 90 fd 00 97 01 48 00 fb 6e 61 6d 65 20 32 35 36 20 62 79 74 65 73 20 6c 6f 6e 67 2e 20 6d 61 6b 65 20 74 68 65 20 6e 61 6d 65 20 32 35 36 20 62 79 74 65 73 20 6c 6f 6e 67 2e 20 6d 61 6b 65 20 74 68 65 20 6e 61 6d 65 20 32 35 36 20 62 79 74 65 73 20 6c 6f 6e 67 2e 22 20 73 65 6e 64 65 72 5f 61 64 64 72 65 73 73 69 6e 67 20 3d 20 22 6d 6f 6d 62 65 72 40 69 75 74 2e 63 6f 6d 22 20 72 65 63 69 70 69 65 6e 74 5f 6e 61 6d 65 20 3d 20 22 50 54 53 2e 20 6d 61 6b 65 20 74 68 65 20 6e 61 6d 65 20 32 35 36 20 62 79 74 65 73 20 6c 6f 6e 67 2e 20 6d 61 6b 65 20 74 68 65 20 6e 61 6d 65 20 32 35 36 20 62 79 74 65 73 20 6c 6f 6e 67 2e 20 6d 61 6b 65 20 74 68 65 20 6e 61 6d 65 20 32 35 36 20 62 79 74 65 73 20 6c 6f 6e 67 2e 20 6d 61 6b 65 20 74 68 65 20 6e 61 6d 65 20 32 35'}, bytearray(b'\xe0N\xe4\x08\xdc\x1b\x00\x00\x90\xfd\x00\x97\x01H\x00\xfbname 256 bytes long. make the name 256 bytes long. make the name 256 bytes long." sender_addressing = "momber@iut.com" recipient_name = "PTS. make the name 256 bytes long. make the name 256 bytes long. make the name 256 bytes long. make the name 25')
2026-10-09 08:11:30,726 BTPWorkerThread-31606 (_rx_task) root DEBUG btp.py                    736   event_handler             : Header(svc_id=41, op=138, ctrl_index=0, data_len=264) (b'\xe0N\xe4\x08\xdc\x1b\x00\x00\x90\xfd\x00\x97\x01H\x00\xfbname 256 bytes long. make the name 256 bytes long. make the name 256 bytes long." sender_addressing = "momber@iut.com" recipient_name = "PTS. make the name 256 bytes long. make the name 256 bytes long. make the name 256 bytes long. make the name 25',)
2026-10-09 08:11:30,726 BTPWorkerThread-31606 (_rx_task) root DEBUG iutctl_common.py          123   read                      : Read 5 bytes
2026-10-09 08:11:30,726 Thread-31614 (_process_events) root DEBUG map.py                    1947  _map_mce_mas_get_msg_listing_ev : _map_mce_mas_get_msg_listing_ev b'\xe0N\xe4\x08\xdc\x1b\x00\x00\x90\xfd\x00\x97\x01H\x00\xfbname 256 bytes long. make the name 256 bytes long. make the name 256 bytes long." sender_addressing = "momber@iut.com" recipient_name = "PTS. make the name 256 bytes long. make the name 256 bytes long. make the name 256 bytes long. make the name 25'
2026-10-09 08:11:30,727 BTPWorkerThread-31606 (_rx_task) root DEBUG iutctl_common.py          131   read                      : Received: hdr: Header(svc_id=0x29, op=0x8a, ctrl_index=0x00, data_len=0x108) bytearray(b')\x8a\x00\x08\x01')
2026-10-09 08:11:30,727 BTPWorkerThread-31606 (_rx_task) root DEBUG iutctl_common.py          139   read                      : Read 60 bytes data
2026-10-09 08:11:30,737 BTPWorkerThread-31606 (_rx_task) root DEBUG iutctl_common.py          139   read                      : Read 126 bytes data
2026-10-09 08:11:30,748 BTPWorkerThread-31606 (_rx_task) root DEBUG iutctl_common.py          139   read                      : Read 78 bytes data
2026-10-09 08:11:30,748 BTPWorkerThread-31606 (_rx_task) root DEBUG iutctl_common.py          154   read                      : Received data: {'e0 4e e4 08 dc 1b 00 00 90 fd 00 97 01 48 00 fb 36 20 62 79 74 65 73 20 6c 6f 6e 67 2e 20 6d 61 6b 65 20 74 68 65 20 6e 61 6d 65 20 32 35 36 20 62 79 74 65 73 20 6c 6f 6e 67 2e 20 6d 61 6b 65 20 74 68 65 20 6e 61 6d 65 20 32 35 36 20 62 79 74 65 73 20 6c 6f 6e 67 2e 20 6d 61 6b 65 20 74 68 65 20 6e 61 6d 65 20 32 35 36 20 62 79 74 65 73 20 6c 6f 6e 67 2e 20 6d 61 6b 65 20 74 68 65 20 6e 61 6d 65 20 32 35 36 20 62 79 74 65 73 20 6c 6f 6e 67 2e 22 20 72 65 63 69 70 69 65 6e 74 5f 61 64 64 72 65 73 73 69 6e 67 20 3d 20 22 50 54 53 40 62 6c 75 65 74 6f 6f 74 68 2e 63 6f 6d 22 20 74 79 70 65 20 3d 20 22 45 4d 41 49 4c 22 20 73 69 7a 65 20 3d 20 22 35 31 30 30 22 20 74 65 78 74 20 3d 20 22 79 65 73 22 20 72 65 63 65 70 74 69 6f 6e 5f 73 74 61 74 75 73 20 3d 20 22 63 6f 6d 70 6c 65 74 65'}, bytearray(b'\xe0N\xe4\x08\xdc\x1b\x00\x00\x90\xfd\x00\x97\x01H\x00\xfb6 bytes long. make the name 256 bytes long. make the name 256 bytes long. make the name 256 bytes long. make the name 256 bytes long." recipient_addressing = "PTS@bluetooth.com" type = "EMAIL" size = "5100" text = "yes" reception_status = "complete')
2026-10-09 08:11:30,748 BTPWorkerThread-31606 (_rx_task) root DEBUG btp.py                    736   event_handler             : Header(svc_id=41, op=138, ctrl_index=0, data_len=264) (b'\xe0N\xe4\x08\xdc\x1b\x00\x00\x90\xfd\x00\x97\x01H\x00\xfb6 bytes long. make the name 256 bytes long. make the name 256 bytes long. make the name 256 bytes long. make the name 256 bytes long." recipient_addressing = "PTS@bluetooth.com" type = "EMAIL" size = "5100" text = "yes" reception_status = "complete',)
2026-10-09 08:11:30,749 BTPWorkerThread-31606 (_rx_task) root DEBUG iutctl_common.py          123   read                      : Read 5 bytes
2026-10-09 08:11:30,749 BTPWorkerThread-31606 (_rx_task) root DEBUG iutctl_common.py          131   read                      : Received: hdr: Header(svc_id=0x29, op=0x8a, ctrl_index=0x00, data_len=0x108) bytearray(b')\x8a\x00\x08\x01')
2026-10-09 08:11:30,749 Thread-31614 (_process_events) root DEBUG map.py                    1947  _map_mce_mas_get_msg_listing_ev : _map_mce_mas_get_msg_listing_ev b'\xe0N\xe4\x08\xdc\x1b\x00\x00\x90\xfd\x00\x97\x01H\x00\xfb6 bytes long. make the name 256 bytes long. make the name 256 bytes long. make the name 256 bytes long. make the name 256 bytes long." recipient_addressing = "PTS@bluetooth.com" type = "EMAIL" size = "5100" text = "yes" reception_status = "complete'
2026-10-09 08:11:30,749 BTPWorkerThread-31606 (_rx_task) root DEBUG iutctl_common.py          139   read                      : Read 18 bytes data
2026-10-09 08:11:30,758 BTPWorkerThread-31606 (_rx_task) root DEBUG iutctl_common.py          139   read                      : Read 111 bytes data
2026-10-09 08:11:30,758 BTPWorkerThread-31606 (_rx_task) root DEBUG iutctl_common.py          139   read                      : Read 12 bytes data
2026-10-09 08:11:30,769 BTPWorkerThread-31606 (_rx_task) root DEBUG iutctl_common.py          139   read                      : Read 118 bytes data
2026-10-09 08:11:30,780 BTPWorkerThread-31606 (_rx_task) root DEBUG iutctl_common.py          139   read                      : Read 5 bytes data
2026-10-09 08:11:30,781 BTPWorkerThread-31606 (_rx_task) root DEBUG iutctl_common.py          154   read                      : Received data: {'e0 4e e4 08 dc 1b 00 00 90 fd 00 97 01 48 00 fb 22 20 61 74 74 61 63 68 6d 65 6e 74 5f 73 69 7a 65 20 3d 20 22 30 22 20 70 72 69 6f 72 69 74 79 20 3d 20 22 6e 6f 22 20 72 65 61 64 20 3d 20 22 6e 6f 22 20 73 65 6e 64 20 3d 20 22 6e 6f 22 20 70 72 6f 74 65 63 74 65 64 20 3d 20 22 6e 6f 22 20 63 6f 6e 76 65 72 73 61 74 69 6f 6e 5f 69 64 20 3d 20 22 34 33 35 34 34 35 38 30 37 31 22 20 64 69 72 65 63 74 69 6f 6e 20 3d 20 22 69 6e 63 6f 6d 69 6e 67 22 20 2f 3e 0d 0a 3c 6d 73 67 20 68 61 6e 64 6c 65 20 3d 20 22 30 31 32 33 34 35 36 37 38 39 30 30 30 30 31 37 22 20 73 75 62 6a 65 63 74 20 3d 20 22 20 50 54 53 20 74 65 73 74 69 6e 67 22 20 64 61 74 65 74 69 6d 65 20 3d 20 22 32 30 32 36 31 30 30 39 54 30 30 31 31 32 39 22 20 73 65 6e 64 65 72 5f 6e 61 6d 65 20 3d 20 22 49 55 54 2e 20 6d 61'}, bytearray(b'\xe0N\xe4\x08\xdc\x1b\x00\x00\x90\xfd\x00\x97\x01H\x00\xfb" attachment_size = "0" priority = "no" read = "no" send = "no" protected = "no" conversation_id = "4354458071" direction = "incoming" />\r\n<msg handle = "0123456789000017" subject = " PTS testing" datetime = "20261009T001129" sender_name = "IUT. ma')
2026-10-09 08:11:30,781 BTPWorkerThread-31606 (_rx_task) root DEBUG btp.py                    736   event_handler             : Header(svc_id=41, op=138, ctrl_index=0, data_len=264) (b'\xe0N\xe4\x08\xdc\x1b\x00\x00\x90\xfd\x00\x97\x01H\x00\xfb" attachment_size = "0" priority = "no" read = "no" send = "no" protected = "no" conversation_id = "4354458071" direction = "incoming" />\r\n<msg handle = "0123456789000017" subject = " PTS testing" datetime = "20261009T001129" sender_name = "IUT. ma',)
2026-10-09 08:11:30,781 BTPWorkerThread-31606 (_rx_task) root DEBUG iutctl_common.py          123   read                      : Read 5 bytes
2026-10-09 08:11:30,781 BTPWorkerThread-31606 (_rx_task) root DEBUG iutctl_common.py          131   read                      : Received: hdr: Header(svc_id=0x29, op=0x8a, ctrl_index=0x00, data_len=0x108) bytearray(b')\x8a\x00\x08\x01')
2026-10-09 08:11:30,781 Thread-31614 (_process_events) root DEBUG map.py                    1947  _map_mce_mas_get_msg_listing_ev : _map_mce_mas_get_msg_listing_ev b'\xe0N\xe4\x08\xdc\x1b\x00\x00\x90\xfd\x00\x97\x01H\x00\xfb" attachment_size = "0" priority = "no" read = "no" send = "no" protected = "no" conversation_id = "4354458071" direction = "incoming" />\r\n<msg handle = "0123456789000017" subject = " PTS testing" datetime = "20261009T001129" sender_name = "IUT. ma'
2026-10-09 08:11:30,782 BTPWorkerThread-31606 (_rx_task) root DEBUG iutctl_common.py          139   read                      : Read 90 bytes data
2026-10-09 08:11:30,791 BTPWorkerThread-31606 (_rx_task) root DEBUG iutctl_common.py          139   read                      : Read 118 bytes data
2026-10-09 08:11:30,791 BTPWorkerThread-31606 (_rx_task) root DEBUG iutctl_common.py          139   read                      : Read 9 bytes data
2026-10-09 08:11:30,803 BTPWorkerThread-31606 (_rx_task) root DEBUG iutctl_common.py          139   read                      : Read 47 bytes data
2026-10-09 08:11:30,804 BTPWorkerThread-31606 (_rx_task) root DEBUG iutctl_common.py          154   read                      : Received data: {'e0 4e e4 08 dc 1b 00 00 90 fd 00 97 01 48 00 fb 6b 65 20 74 68 65 20 6e 61 6d 65 20 32 35 36 20 62 79 74 65 73 20 6c 6f 6e 67 2e 20 6d 61 6b 65 20 74 68 65 20 6e 61 6d 65 20 32 35 36 20 62 79 74 65 73 20 6c 6f 6e 67 2e 20 6d 61 6b 65 20 74 68 65 20 6e 61 6d 65 20 32 35 36 20 62 79 74 65 73 20 6c 6f 6e 67 2e 20 6d 61 6b 65 20 74 68 65 20 6e 61 6d 65 20 32 35 36 20 62 79 74 65 73 20 6c 6f 6e 67 2e 20 6d 61 6b 65 20 74 68 65 20 6e 61 6d 65 20 32 35 36 20 62 79 74 65 73 20 6c 6f 6e 67 2e 20 6d 61 6b 65 20 74 68 65 20 6e 61 6d 65 20 32 35 36 20 62 79 74 65 73 20 6c 6f 6e 67 2e 20 6d 61 6b 65 20 74 68 65 20 6e 61 6d 65 20 32 35 36 20 62 79 74 65 73 20 6c 6f 6e 67 2e 20 6d 61 6b 65 20 74 68 65 20 6e 61 6d 65 20 32 35 36 20 62 79 74 65 73 20 6c 6f 6e 67 2e 22 20 73 65 6e 64 65 72 5f 61 64'}, bytearray(b'\xe0N\xe4\x08\xdc\x1b\x00\x00\x90\xfd\x00\x97\x01H\x00\xfbke the name 256 bytes long. make the name 256 bytes long. make the name 256 bytes long. make the name 256 bytes long. make the name 256 bytes long. make the name 256 bytes long. make the name 256 bytes long. make the name 256 bytes long." sender_ad')
2026-10-09 08:11:30,804 BTPWorkerThread-31606 (_rx_task) root DEBUG btp.py                    736   event_handler             : Header(svc_id=41, op=138, ctrl_index=0, data_len=264) (b'\xe0N\xe4\x08\xdc\x1b\x00\x00\x90\xfd\x00\x97\x01H\x00\xfbke the name 256 bytes long. make the name 256 bytes long. make the name 256 bytes long. make the name 256 bytes long. make the name 256 bytes long. make the name 256 bytes long. make the name 256 bytes long. make the name 256 bytes long." sender_ad',)
2026-10-09 08:11:30,804 BTPWorkerThread-31606 (_rx_task) root DEBUG iutctl_common.py          123   read                      : Read 5 bytes
2026-10-09 08:11:30,804 BTPWorkerThread-31606 (_rx_task) root DEBUG iutctl_common.py          131   read                      : Received: hdr: Header(svc_id=0x29, op=0x8a, ctrl_index=0x00, data_len=0x108) bytearray(b')\x8a\x00\x08\x01')
2026-10-09 08:11:30,804 Thread-31614 (_process_events) root DEBUG map.py                    1947  _map_mce_mas_get_msg_listing_ev : _map_mce_mas_get_msg_listing_ev b'\xe0N\xe4\x08\xdc\x1b\x00\x00\x90\xfd\x00\x97\x01H\x00\xfbke the name 256 bytes long. make the name 256 bytes long. make the name 256 bytes long. make the name 256 bytes long. make the name 256 bytes long. make the name 256 bytes long. make the name 256 bytes long. make the name 256 bytes long." sender_ad'
2026-10-09 08:11:30,804 BTPWorkerThread-31606 (_rx_task) root DEBUG iutctl_common.py          139   read                      : Read 47 bytes data
2026-10-09 08:11:30,814 BTPWorkerThread-31606 (_rx_task) root DEBUG iutctl_common.py          139   read                      : Read 122 bytes data
2026-10-09 08:11:30,824 BTPWorkerThread-31606 (_rx_task) root DEBUG iutctl_common.py          139   read                      : Read 95 bytes data
2026-10-09 08:11:30,824 BTPWorkerThread-31606 (_rx_task) root DEBUG iutctl_common.py          154   read                      : Received data: {'e0 4e e4 08 dc 1b 00 00 90 fd 00 97 01 48 00 fb 64 72 65 73 73 69 6e 67 20 3d 20 22 6d 6f 6d 62 65 72 40 69 75 74 2e 63 6f 6d 22 20 72 65 63 69 70 69 65 6e 74 5f 6e 61 6d 65 20 3d 20 22 50 54 53 2e 20 6d 61 6b 65 20 74 68 65 20 6e 61 6d 65 20 32 35 36 20 62 79 74 65 73 20 6c 6f 6e 67 2e 20 6d 61 6b 65 20 74 68 65 20 6e 61 6d 65 20 32 35 36 20 62 79 74 65 73 20 6c 6f 6e 67 2e 20 6d 61 6b 65 20 74 68 65 20 6e 61 6d 65 20 32 35 36 20 62 79 74 65 73 20 6c 6f 6e 67 2e 20 6d 61 6b 65 20 74 68 65 20 6e 61 6d 65 20 32 35 36 20 62 79 74 65 73 20 6c 6f 6e 67 2e 20 6d 61 6b 65 20 74 68 65 20 6e 61 6d 65 20 32 35 36 20 62 79 74 65 73 20 6c 6f 6e 67 2e 20 6d 61 6b 65 20 74 68 65 20 6e 61 6d 65 20 32 35 36 20 62 79 74 65 73 20 6c 6f 6e 67 2e 20 6d 61 6b 65 20 74 68 65 20 6e 61 6d 65 20 32 35 36'}, bytearray(b'\xe0N\xe4\x08\xdc\x1b\x00\x00\x90\xfd\x00\x97\x01H\x00\xfbdressing = "momber@iut.com" recipient_name = "PTS. make the name 256 bytes long. make the name 256 bytes long. make the name 256 bytes long. make the name 256 bytes long. make the name 256 bytes long. make the name 256 bytes long. make the name 256')
2026-10-09 08:11:30,825 BTPWorkerThread-31606 (_rx_task) root DEBUG btp.py                    736   event_handler             : Header(svc_id=41, op=138, ctrl_index=0, data_len=264) (b'\xe0N\xe4\x08\xdc\x1b\x00\x00\x90\xfd\x00\x97\x01H\x00\xfbdressing = "momber@iut.com" recipient_name = "PTS. make the name 256 bytes long. make the name 256 bytes long. make the name 256 bytes long. make the name 256 bytes long. make the name 256 bytes long. make the name 256 bytes long. make the name 256',)
2026-10-09 08:11:30,825 Thread-31614 (_process_events) root DEBUG map.py                    1947  _map_mce_mas_get_msg_listing_ev : _map_mce_mas_get_msg_listing_ev b'\xe0N\xe4\x08\xdc\x1b\x00\x00\x90\xfd\x00\x97\x01H\x00\xfbdressing = "momber@iut.com" recipient_name = "PTS. make the name 256 bytes long. make the name 256 bytes long. make the name 256 bytes long. make the name 256 bytes long. make the name 256 bytes long. make the name 256 bytes long. make the name 256'
2026-10-09 08:11:30,836 BTPWorkerThread-31606 (_rx_task) root DEBUG iutctl_common.py          123   read                      : Read 5 bytes
2026-10-09 08:11:30,836 BTPWorkerThread-31606 (_rx_task) root DEBUG iutctl_common.py          131   read                      : Received: hdr: Header(svc_id=0x29, op=0x8a, ctrl_index=0x00, data_len=0x108) bytearray(b')\x8a\x00\x08\x01')
2026-10-09 08:11:30,837 BTPWorkerThread-31606 (_rx_task) root DEBUG iutctl_common.py          139   read                      : Read 121 bytes data
2026-10-09 08:11:30,847 BTPWorkerThread-31606 (_rx_task) root DEBUG iutctl_common.py          139   read                      : Read 130 bytes data
2026-10-09 08:11:30,857 BTPWorkerThread-31606 (_rx_task) root DEBUG iutctl_common.py          139   read                      : Read 13 bytes data
2026-10-09 08:11:30,858 BTPWorkerThread-31606 (_rx_task) root DEBUG iutctl_common.py          154   read                      : Received data: {'e0 4e e4 08 dc 1b 00 00 90 fd 00 97 01 48 00 fb 20 62 79 74 65 73 20 6c 6f 6e 67 2e 20 6d 61 6b 65 20 74 68 65 20 6e 61 6d 65 20 32 35 36 20 62 79 74 65 73 20 6c 6f 6e 67 2e 22 20 72 65 63 69 70 69 65 6e 74 5f 61 64 64 72 65 73 73 69 6e 67 20 3d 20 22 50 54 53 40 62 6c 75 65 74 6f 6f 74 68 2e 63 6f 6d 22 20 74 79 70 65 20 3d 20 22 45 4d 41 49 4c 22 20 73 69 7a 65 20 3d 20 22 35 31 30 30 22 20 74 65 78 74 20 3d 20 22 79 65 73 22 20 72 65 63 65 70 74 69 6f 6e 5f 73 74 61 74 75 73 20 3d 20 22 63 6f 6d 70 6c 65 74 65 22 20 61 74 74 61 63 68 6d 65 6e 74 5f 73 69 7a 65 20 3d 20 22 30 22 20 70 72 69 6f 72 69 74 79 20 3d 20 22 6e 6f 22 20 72 65 61 64 20 3d 20 22 6e 6f 22 20 73 65 6e 64 20 3d 20 22 6e 6f 22 20 70 72 6f 74 65 63 74 65 64 20 3d 20 22 6e 6f 22 20 63 6f 6e 76 65 72 73 61 74 69'}, bytearray(b'\xe0N\xe4\x08\xdc\x1b\x00\x00\x90\xfd\x00\x97\x01H\x00\xfb bytes long. make the name 256 bytes long." recipient_addressing = "PTS@bluetooth.com" type = "EMAIL" size = "5100" text = "yes" reception_status = "complete" attachment_size = "0" priority = "no" read = "no" send = "no" protected = "no" conversati')
2026-10-09 08:11:30,858 BTPWorkerThread-31606 (_rx_task) root DEBUG btp.py                    736   event_handler             : Header(svc_id=41, op=138, ctrl_index=0, data_len=264) (b'\xe0N\xe4\x08\xdc\x1b\x00\x00\x90\xfd\x00\x97\x01H\x00\xfb bytes long. make the name 256 bytes long." recipient_addressing = "PTS@bluetooth.com" type = "EMAIL" size = "5100" text = "yes" reception_status = "complete" attachment_size = "0" priority = "no" read = "no" send = "no" protected = "no" conversati',)
2026-10-09 08:11:30,858 BTPWorkerThread-31606 (_rx_task) root DEBUG iutctl_common.py          123   read                      : Read 5 bytes
2026-10-09 08:11:30,858 BTPWorkerThread-31606 (_rx_task) root DEBUG iutctl_common.py          131   read                      : Received: hdr: Header(svc_id=0x29, op=0x8a, ctrl_index=0x00, data_len=0x108) bytearray(b')\x8a\x00\x08\x01')
2026-10-09 08:11:30,858 Thread-31614 (_process_events) root DEBUG map.py                    1947  _map_mce_mas_get_msg_listing_ev : _map_mce_mas_get_msg_listing_ev b'\xe0N\xe4\x08\xdc\x1b\x00\x00\x90\xfd\x00\x97\x01H\x00\xfb bytes long. make the name 256 bytes long." recipient_addressing = "PTS@bluetooth.com" type = "EMAIL" size = "5100" text = "yes" reception_status = "complete" attachment_size = "0" priority = "no" read = "no" send = "no" protected = "no" conversati'
2026-10-09 08:11:30,859 BTPWorkerThread-31606 (_rx_task) root DEBUG iutctl_common.py          139   read                      : Read 72 bytes data
2026-10-09 08:11:30,869 BTPWorkerThread-31606 (_rx_task) root DEBUG iutctl_common.py          139   read                      : Read 127 bytes data
2026-10-09 08:11:30,869 BTPWorkerThread-31606 (_rx_task) root DEBUG iutctl_common.py          139   read                      : Read 5 bytes data
2026-10-09 08:11:30,880 BTPWorkerThread-31606 (_rx_task) root DEBUG iutctl_common.py          139   read                      : Read 60 bytes data
2026-10-09 08:11:30,881 BTPWorkerThread-31606 (_rx_task) root DEBUG iutctl_common.py          154   read                      : Received data: {'e0 4e e4 08 dc 1b 00 00 90 fd 00 97 01 48 00 fb 6f 6e 5f 69 64 20 3d 20 22 34 33 35 34 34 35 38 30 37 31 22 20 64 69 72 65 63 74 69 6f 6e 20 3d 20 22 69 6e 63 6f 6d 69 6e 67 22 20 2f 3e 0d 0a 3c 6d 73 67 20 68 61 6e 64 6c 65 20 3d 20 22 30 31 32 33 34 35 36 37 38 39 30 30 30 30 31 38 22 20 73 75 62 6a 65 63 74 20 3d 20 22 20 3d 3f 55 54 46 2d 38 3f 51 3f 54 45 53 54 3f 3d 22 20 64 61 74 65 74 69 6d 65 20 3d 20 22 32 30 32 36 31 30 30 39 54 30 30 31 31 32 39 22 20 73 65 6e 64 65 72 5f 6e 61 6d 65 20 3d 20 22 49 55 54 2e 20 6d 61 6b 65 20 74 68 65 20 6e 61 6d 65 20 32 35 36 20 62 79 74 65 73 20 6c 6f 6e 67 2e 20 6d 61 6b 65 20 74 68 65 20 6e 61 6d 65 20 32 35 36 20 62 79 74 65 73 20 6c 6f 6e 67 2e 20 6d 61 6b 65 20 74 68 65 20 6e 61 6d 65 20 32 35 36 20 62 79 74 65 73 20 6c 6f 6e 67'}, bytearray(b'\xe0N\xe4\x08\xdc\x1b\x00\x00\x90\xfd\x00\x97\x01H\x00\xfbon_id = "4354458071" direction = "incoming" />\r\n<msg handle = "0123456789000018" subject = " =?UTF-8?Q?TEST?=" datetime = "20261009T001129" sender_name = "IUT. make the name 256 bytes long. make the name 256 bytes long. make the name 256 bytes long')
2026-10-09 08:11:30,881 BTPWorkerThread-31606 (_rx_task) root DEBUG btp.py                    736   event_handler             : Header(svc_id=41, op=138, ctrl_index=0, data_len=264) (b'\xe0N\xe4\x08\xdc\x1b\x00\x00\x90\xfd\x00\x97\x01H\x00\xfbon_id = "4354458071" direction = "incoming" />\r\n<msg handle = "0123456789000018" subject = " =?UTF-8?Q?TEST?=" datetime = "20261009T001129" sender_name = "IUT. make the name 256 bytes long. make the name 256 bytes long. make the name 256 bytes long',)
2026-10-09 08:11:30,881 BTPWorkerThread-31606 (_rx_task) root DEBUG iutctl_common.py          123   read                      : Read 5 bytes
2026-10-09 08:11:30,881 BTPWorkerThread-31606 (_rx_task) root DEBUG iutctl_common.py          131   read                      : Received: hdr: Header(svc_id=0x29, op=0x8a, ctrl_index=0x00, data_len=0x108) bytearray(b')\x8a\x00\x08\x01')
2026-10-09 08:11:30,881 Thread-31614 (_process_events) root DEBUG map.py                    1947  _map_mce_mas_get_msg_listing_ev : _map_mce_mas_get_msg_listing_ev b'\xe0N\xe4\x08\xdc\x1b\x00\x00\x90\xfd\x00\x97\x01H\x00\xfbon_id = "4354458071" direction = "incoming" />\r\n<msg handle = "0123456789000018" subject = " =?UTF-8?Q?TEST?=" datetime = "20261009T001129" sender_name = "IUT. make the name 256 bytes long. make the name 256 bytes long. make the name 256 bytes long'
2026-10-09 08:11:30,881 BTPWorkerThread-31606 (_rx_task) root DEBUG iutctl_common.py          139   read                      : Read 32 bytes data
2026-10-09 08:11:30,891 BTPWorkerThread-31606 (_rx_task) root DEBUG iutctl_common.py          139   read                      : Read 119 bytes data
2026-10-09 08:11:30,902 BTPWorkerThread-31606 (_rx_task) root DEBUG iutctl_common.py          139   read                      : Read 113 bytes data
2026-10-09 08:11:30,903 BTPWorkerThread-31606 (_rx_task) root DEBUG iutctl_common.py          154   read                      : Received data: {'e0 4e e4 08 dc 1b 00 00 90 fd 00 97 01 48 00 fb 2e 20 6d 61 6b 65 20 74 68 65 20 6e 61 6d 65 20 32 35 36 20 62 79 74 65 73 20 6c 6f 6e 67 2e 20 6d 61 6b 65 20 74 68 65 20 6e 61 6d 65 20 32 35 36 20 62 79 74 65 73 20 6c 6f 6e 67 2e 20 6d 61 6b 65 20 74 68 65 20 6e 61 6d 65 20 32 35 36 20 62 79 74 65 73 20 6c 6f 6e 67 2e 20 6d 61 6b 65 20 74 68 65 20 6e 61 6d 65 20 32 35 36 20 62 79 74 65 73 20 6c 6f 6e 67 2e 20 6d 61 6b 65 20 74 68 65 20 6e 61 6d 65 20 32 35 36 20 62 79 74 65 73 20 6c 6f 6e 67 2e 22 20 73 65 6e 64 65 72 5f 61 64 64 72 65 73 73 69 6e 67 20 3d 20 22 6d 6f 6d 62 65 72 40 69 75 74 2e 63 6f 6d 22 20 72 65 63 69 70 69 65 6e 74 5f 6e 61 6d 65 20 3d 20 22 50 54 53 2e 20 6d 61 6b 65 20 74 68 65 20 6e 61 6d 65 20 32 35 36 20 62 79 74 65 73 20 6c 6f 6e 67 2e 20 6d 61 6b 65 20'}, bytearray(b'\xe0N\xe4\x08\xdc\x1b\x00\x00\x90\xfd\x00\x97\x01H\x00\xfb. make the name 256 bytes long. make the name 256 bytes long. make the name 256 bytes long. make the name 256 bytes long. make the name 256 bytes long." sender_addressing = "momber@iut.com" recipient_name = "PTS. make the name 256 bytes long. make ')
2026-10-09 08:11:30,903 BTPWorkerThread-31606 (_rx_task) root DEBUG btp.py                    736   event_handler             : Header(svc_id=41, op=138, ctrl_index=0, data_len=264) (b'\xe0N\xe4\x08\xdc\x1b\x00\x00\x90\xfd\x00\x97\x01H\x00\xfb. make the name 256 bytes long. make the name 256 bytes long. make the name 256 bytes long. make the name 256 bytes long. make the name 256 bytes long." sender_addressing = "momber@iut.com" recipient_name = "PTS. make the name 256 bytes long. make ',)
2026-10-09 08:11:30,903 Thread-31614 (_process_events) root DEBUG map.py                    1947  _map_mce_mas_get_msg_listing_ev : _map_mce_mas_get_msg_listing_ev b'\xe0N\xe4\x08\xdc\x1b\x00\x00\x90\xfd\x00\x97\x01H\x00\xfb. make the name 256 bytes long. make the name 256 bytes long. make the name 256 bytes long. make the name 256 bytes long. make the name 256 bytes long." sender_addressing = "momber@iut.com" recipient_name = "PTS. make the name 256 bytes long. make '
2026-10-09 08:11:30,913 BTPWorkerThread-31606 (_rx_task) root DEBUG iutctl_common.py          123   read                      : Read 5 bytes
2026-10-09 08:11:30,913 BTPWorkerThread-31606 (_rx_task) root DEBUG iutctl_common.py          131   read                      : Received: hdr: Header(svc_id=0x29, op=0x8a, ctrl_index=0x00, data_len=0x108) bytearray(b')\x8a\x00\x08\x01')
2026-10-09 08:11:30,913 BTPWorkerThread-31606 (_rx_task) root DEBUG iutctl_common.py          139   read                      : Read 98 bytes data
2026-10-09 08:11:30,924 BTPWorkerThread-31606 (_rx_task) root DEBUG iutctl_common.py          139   read                      : Read 115 bytes data
2026-10-09 08:11:30,934 BTPWorkerThread-31606 (_rx_task) root DEBUG iutctl_common.py          139   read                      : Read 51 bytes data
2026-10-09 08:11:30,934 BTPWorkerThread-31606 (_rx_task) root DEBUG iutctl_common.py          154   read                      : Received data: {'e0 4e e4 08 dc 1b 00 00 90 fd 00 97 01 48 00 fb 74 68 65 20 6e 61 6d 65 20 32 35 36 20 62 79 74 65 73 20 6c 6f 6e 67 2e 20 6d 61 6b 65 20 74 68 65 20 6e 61 6d 65 20 32 35 36 20 62 79 74 65 73 20 6c 6f 6e 67 2e 20 6d 61 6b 65 20 74 68 65 20 6e 61 6d 65 20 32 35 36 20 62 79 74 65 73 20 6c 6f 6e 67 2e 20 6d 61 6b 65 20 74 68 65 20 6e 61 6d 65 20 32 35 36 20 62 79 74 65 73 20 6c 6f 6e 67 2e 20 6d 61 6b 65 20 74 68 65 20 6e 61 6d 65 20 32 35 36 20 62 79 74 65 73 20 6c 6f 6e 67 2e 20 6d 61 6b 65 20 74 68 65 20 6e 61 6d 65 20 32 35 36 20 62 79 74 65 73 20 6c 6f 6e 67 2e 20 6d 61 6b 65 20 74 68 65 20 6e 61 6d 65 20 32 35 36 20 62 79 74 65 73 20 6c 6f 6e 67 2e 22 20 72 65 63 69 70 69 65 6e 74 5f 61 64 64 72 65 73 73 69 6e 67 20 3d 20 22 50 54 53 40 62 6c 75 65 74 6f 6f 74 68 2e 63 6f 6d 22'}, bytearray(b'\xe0N\xe4\x08\xdc\x1b\x00\x00\x90\xfd\x00\x97\x01H\x00\xfbthe name 256 bytes long. make the name 256 bytes long. make the name 256 bytes long. make the name 256 bytes long. make the name 256 bytes long. make the name 256 bytes long. make the name 256 bytes long." recipient_addressing = "PTS@bluetooth.com"')
2026-10-09 08:11:30,935 BTPWorkerThread-31606 (_rx_task) root DEBUG btp.py                    736   event_handler             : Header(svc_id=41, op=138, ctrl_index=0, data_len=264) (b'\xe0N\xe4\x08\xdc\x1b\x00\x00\x90\xfd\x00\x97\x01H\x00\xfbthe name 256 bytes long. make the name 256 bytes long. make the name 256 bytes long. make the name 256 bytes long. make the name 256 bytes long. make the name 256 bytes long. make the name 256 bytes long." recipient_addressing = "PTS@bluetooth.com"',)
2026-10-09 08:11:30,935 BTPWorkerThread-31606 (_rx_task) root DEBUG iutctl_common.py          123   read                      : Read 5 bytes
2026-10-09 08:11:30,935 BTPWorkerThread-31606 (_rx_task) root DEBUG iutctl_common.py          131   read                      : Received: hdr: Header(svc_id=0x29, op=0x8a, ctrl_index=0x00, data_len=0x108) bytearray(b')\x8a\x00\x08\x01')
2026-10-09 08:11:30,935 Thread-31614 (_process_events) root DEBUG map.py                    1947  _map_mce_mas_get_msg_listing_ev : _map_mce_mas_get_msg_listing_ev b'\xe0N\xe4\x08\xdc\x1b\x00\x00\x90\xfd\x00\x97\x01H\x00\xfbthe name 256 bytes long. make the name 256 bytes long. make the name 256 bytes long. make the name 256 bytes long. make the name 256 bytes long. make the name 256 bytes long. make the name 256 bytes long." recipient_addressing = "PTS@bluetooth.com"'
2026-10-09 08:11:30,935 BTPWorkerThread-31606 (_rx_task) root DEBUG iutctl_common.py          139   read                      : Read 50 bytes data
2026-10-09 08:11:30,945 BTPWorkerThread-31606 (_rx_task) root DEBUG iutctl_common.py          139   read                      : Read 126 bytes data
2026-10-09 08:11:30,945 BTPWorkerThread-31606 (_rx_task) root DEBUG iutctl_common.py          139   read                      : Read 3 bytes data
2026-10-09 08:11:30,957 BTPWorkerThread-31606 (_rx_task) root DEBUG iutctl_common.py          139   read                      : Read 85 bytes data
2026-10-09 08:11:30,958 BTPWorkerThread-31606 (_rx_task) root DEBUG iutctl_common.py          154   read                      : Received data: {'e0 4e e4 08 dc 1b 00 00 90 fd 00 97 01 48 00 fb 20 74 79 70 65 20 3d 20 22 45 4d 41 49 4c 22 20 73 69 7a 65 20 3d 20 22 37 30 32 22 20 74 65 78 74 20 3d 20 22 79 65 73 22 20 72 65 63 65 70 74 69 6f 6e 5f 73 74 61 74 75 73 20 3d 20 22 63 6f 6d 70 6c 65 74 65 22 20 61 74 74 61 63 68 6d 65 6e 74 5f 73 69 7a 65 20 3d 20 22 31 31 32 22 20 70 72 69 6f 72 69 74 79 20 3d 20 22 6e 6f 22 20 72 65 61 64 20 3d 20 22 6e 6f 22 20 73 65 6e 64 20 3d 20 22 6e 6f 22 20 70 72 6f 74 65 63 74 65 64 20 3d 20 22 6e 6f 22 20 63 6f 6e 76 65 72 73 61 74 69 6f 6e 5f 69 64 20 3d 20 22 34 33 35 34 34 35 38 30 37 31 22 20 64 69 72 65 63 74 69 6f 6e 20 3d 20 22 69 6e 63 6f 6d 69 6e 67 22 20 2f 3e 0d 0a 3c 6d 73 67 20 68 61 6e 64 6c 65 20 3d 20 22 30 31 32 33 34 35 36 37 38 39 30 30 31 30 30 30 22 20 73 75 62 6a'}, bytearray(b'\xe0N\xe4\x08\xdc\x1b\x00\x00\x90\xfd\x00\x97\x01H\x00\xfb type = "EMAIL" size = "702" text = "yes" reception_status = "complete" attachment_size = "112" priority = "no" read = "no" send = "no" protected = "no" conversation_id = "4354458071" direction = "incoming" />\r\n<msg handle = "0123456789001000" subj')
2026-10-09 08:11:30,958 BTPWorkerThread-31606 (_rx_task) root DEBUG btp.py                    736   event_handler             : Header(svc_id=41, op=138, ctrl_index=0, data_len=264) (b'\xe0N\xe4\x08\xdc\x1b\x00\x00\x90\xfd\x00\x97\x01H\x00\xfb type = "EMAIL" size = "702" text = "yes" reception_status = "complete" attachment_size = "112" priority = "no" read = "no" send = "no" protected = "no" conversation_id = "4354458071" direction = "incoming" />\r\n<msg handle = "0123456789001000" subj',)
2026-10-09 08:11:30,958 BTPWorkerThread-31606 (_rx_task) root DEBUG iutctl_common.py          123   read                      : Read 5 bytes
2026-10-09 08:11:30,958 Thread-31614 (_process_events) root DEBUG map.py                    1947  _map_mce_mas_get_msg_listing_ev : _map_mce_mas_get_msg_listing_ev b'\xe0N\xe4\x08\xdc\x1b\x00\x00\x90\xfd\x00\x97\x01H\x00\xfb type = "EMAIL" size = "702" text = "yes" reception_status = "complete" attachment_size = "112" priority = "no" read = "no" send = "no" protected = "no" conversation_id = "4354458071" direction = "incoming" />\r\n<msg handle = "0123456789001000" subj'
2026-10-09 08:11:30,958 BTPWorkerThread-31606 (_rx_task) root DEBUG iutctl_common.py          131   read                      : Received: hdr: Header(svc_id=0x29, op=0x8a, ctrl_index=0x00, data_len=0x108) bytearray(b')\x8a\x00\x08\x01')
2026-10-09 08:11:30,958 BTPWorkerThread-31606 (_rx_task) root DEBUG iutctl_common.py          139   read                      : Read 3 bytes data
2026-10-09 08:11:30,968 BTPWorkerThread-31606 (_rx_task) root DEBUG iutctl_common.py          139   read                      : Read 127 bytes data
2026-10-09 08:11:30,978 BTPWorkerThread-31606 (_rx_task) root DEBUG iutctl_common.py          139   read                      : Read 116 bytes data
2026-10-09 08:11:30,978 BTPWorkerThread-31606 (_rx_task) root DEBUG iutctl_common.py          139   read                      : Read 11 bytes data
2026-10-09 08:11:30,989 BTPWorkerThread-31606 (_rx_task) root DEBUG iutctl_common.py          139   read                      : Read 7 bytes data
2026-10-09 08:11:30,990 BTPWorkerThread-31606 (_rx_task) root DEBUG iutctl_common.py          154   read                      : Received data: {'e0 4e e4 08 dc 1b 00 00 90 fd 00 97 01 48 00 fb 65 63 74 20 3d 20 22 4d 61 6b 65 20 73 75 62 6a 65 63 74 20 32 35 36 20 62 79 74 65 73 20 6c 6f 6e 67 20 66 6f 72 20 74 65 73 74 69 6e 67 2e 20 4d 61 6b 65 20 73 75 62 6a 65 63 74 20 32 35 36 20 62 79 74 65 73 20 6c 6f 6e 67 20 66 6f 72 20 74 65 73 74 69 6e 67 2e 20 4d 61 6b 65 20 73 75 62 6a 65 63 74 20 32 35 36 20 62 79 74 65 73 20 6c 6f 6e 67 20 66 6f 72 20 74 65 73 74 69 6e 67 2e 20 4d 61 6b 65 20 73 75 62 6a 65 63 74 20 32 35 36 20 62 79 74 65 73 20 6c 6f 6e 67 20 66 6f 72 20 74 65 73 74 69 6e 67 2e 20 4d 61 6b 65 20 73 75 62 6a 65 63 74 20 32 35 36 20 62 79 74 65 73 20 6c 6f 6e 67 20 66 6f 72 20 74 65 73 74 69 6e 67 2e 20 4d 61 6b 65 20 73 75 62 6a 65 63 74 20 32 35 36 20 62 79 74 65 73 20 6c 6f 6e 67 20 66 6f 72 20 74 65 73 74'}, bytearray(b'\xe0N\xe4\x08\xdc\x1b\x00\x00\x90\xfd\x00\x97\x01H\x00\xfbect = "Make subject 256 bytes long for testing. Make subject 256 bytes long for testing. Make subject 256 bytes long for testing. Make subject 256 bytes long for testing. Make subject 256 bytes long for testing. Make subject 256 bytes long for test')
2026-10-09 08:11:30,990 BTPWorkerThread-31606 (_rx_task) root DEBUG btp.py                    736   event_handler             : Header(svc_id=41, op=138, ctrl_index=0, data_len=264) (b'\xe0N\xe4\x08\xdc\x1b\x00\x00\x90\xfd\x00\x97\x01H\x00\xfbect = "Make subject 256 bytes long for testing. Make subject 256 bytes long for testing. Make subject 256 bytes long for testing. Make subject 256 bytes long for testing. Make subject 256 bytes long for testing. Make subject 256 bytes long for test',)
2026-10-09 08:11:30,990 BTPWorkerThread-31606 (_rx_task) root DEBUG iutctl_common.py          123   read                      : Read 5 bytes
2026-10-09 08:11:30,990 Thread-31614 (_process_events) root DEBUG map.py                    1947  _map_mce_mas_get_msg_listing_ev : _map_mce_mas_get_msg_listing_ev b'\xe0N\xe4\x08\xdc\x1b\x00\x00\x90\xfd\x00\x97\x01H\x00\xfbect = "Make subject 256 bytes long for testing. Make subject 256 bytes long for testing. Make subject 256 bytes long for testing. Make subject 256 bytes long for testing. Make subject 256 bytes long for testing. Make subject 256 bytes long for test'
2026-10-09 08:11:30,990 BTPWorkerThread-31606 (_rx_task) root DEBUG iutctl_common.py          131   read                      : Received: hdr: Header(svc_id=0x29, op=0x8a, ctrl_index=0x00, data_len=0x108) bytearray(b')\x8a\x00\x08\x01')
2026-10-09 08:11:30,991 BTPWorkerThread-31606 (_rx_task) root DEBUG iutctl_common.py          139   read                      : Read 71 bytes data
2026-10-09 08:11:30,999 BTPWorkerThread-31606 (_rx_task) root DEBUG iutctl_common.py          139   read                      : Read 112 bytes data
2026-10-09 08:11:30,999 BTPWorkerThread-31606 (_rx_task) root DEBUG iutctl_common.py          139   read                      : Read 12 bytes data
2026-10-09 08:11:31,011 BTPWorkerThread-31606 (_rx_task) root DEBUG iutctl_common.py          139   read                      : Read 69 bytes data
2026-10-09 08:11:31,011 BTPWorkerThread-31606 (_rx_task) root DEBUG iutctl_common.py          154   read                      : Received data: {'e0 4e e4 08 dc 1b 00 00 90 fd 00 97 01 48 00 fb 69 6e 67 2e 22 20 64 61 74 65 74 69 6d 65 20 3d 20 22 32 30 32 36 31 30 30 39 54 30 30 31 31 32 39 22 20 73 65 6e 64 65 72 5f 6e 61 6d 65 20 3d 20 22 49 55 54 3b 4f 4e 45 22 20 73 65 6e 64 65 72 5f 61 64 64 72 65 73 73 69 6e 67 20 3d 20 22 73 6b 79 70 65 3a 62 65 61 73 74 6d 6f 64 65 31 20 22 20 72 65 63 69 70 69 65 6e 74 5f 6e 61 6d 65 20 3d 20 22 50 54 53 3b 4f 4e 45 22 20 72 65 63 69 70 69 65 6e 74 5f 61 64 64 72 65 73 73 69 6e 67 20 3d 20 22 73 6b 79 70 65 3a 62 65 61 73 74 6d 6f 64 65 32 22 20 74 79 70 65 20 3d 20 22 49 4d 22 20 73 69 7a 65 20 3d 20 22 34 36 30 32 22 20 74 65 78 74 20 3d 20 22 79 65 73 22 20 72 65 63 65 70 74 69 6f 6e 5f 73 74 61 74 75 73 20 3d 20 22 63 6f 6d 70 6c 65 74 65 22 20 61 74 74 61 63 68 6d 65 6e 74 5f'}, bytearray(b'\xe0N\xe4\x08\xdc\x1b\x00\x00\x90\xfd\x00\x97\x01H\x00\xfbing." datetime = "20261009T001129" sender_name = "IUT;ONE" sender_addressing = "skype:beastmode1 " recipient_name = "PTS;ONE" recipient_addressing = "skype:beastmode2" type = "IM" size = "4602" text = "yes" reception_status = "complete" attachment_')
2026-10-09 08:11:31,012 BTPWorkerThread-31606 (_rx_task) root DEBUG btp.py                    736   event_handler             : Header(svc_id=41, op=138, ctrl_index=0, data_len=264) (b'\xe0N\xe4\x08\xdc\x1b\x00\x00\x90\xfd\x00\x97\x01H\x00\xfbing." datetime = "20261009T001129" sender_name = "IUT;ONE" sender_addressing = "skype:beastmode1 " recipient_name = "PTS;ONE" recipient_addressing = "skype:beastmode2" type = "IM" size = "4602" text = "yes" reception_status = "complete" attachment_',)
2026-10-09 08:11:31,012 BTPWorkerThread-31606 (_rx_task) root DEBUG iutctl_common.py          123   read                      : Read 5 bytes
2026-10-09 08:11:31,012 Thread-31614 (_process_events) root DEBUG map.py                    1947  _map_mce_mas_get_msg_listing_ev : _map_mce_mas_get_msg_listing_ev b'\xe0N\xe4\x08\xdc\x1b\x00\x00\x90\xfd\x00\x97\x01H\x00\xfbing." datetime = "20261009T001129" sender_name = "IUT;ONE" sender_addressing = "skype:beastmode1 " recipient_name = "PTS;ONE" recipient_addressing = "skype:beastmode2" type = "IM" size = "4602" text = "yes" reception_status = "complete" attachment_'
2026-10-09 08:11:31,012 BTPWorkerThread-31606 (_rx_task) root DEBUG iutctl_common.py          131   read                      : Received: hdr: Header(svc_id=0x29, op=0x8a, ctrl_index=0x00, data_len=0xa2) bytearray(b')\x8a\x00\xa2\x00')
2026-10-09 08:11:31,012 BTPWorkerThread-31606 (_rx_task) root DEBUG iutctl_common.py          139   read                      : Read 12 bytes data
2026-10-09 08:11:31,021 BTPWorkerThread-31606 (_rx_task) root DEBUG iutctl_common.py          139   read                      : Read 119 bytes data
2026-10-09 08:11:31,021 BTPWorkerThread-31606 (_rx_task) root DEBUG iutctl_common.py          139   read                      : Read 9 bytes data
2026-10-09 08:11:31,033 BTPWorkerThread-31606 (_rx_task) root DEBUG iutctl_common.py          139   read                      : Read 22 bytes data
2026-10-09 08:11:31,034 BTPWorkerThread-31606 (_rx_task) root DEBUG iutctl_common.py          154   read                      : Received data: {'e0 4e e4 08 dc 1b 00 00 a0 97 00 97 01 49 00 95 73 69 7a 65 20 3d 20 22 30 22 20 70 72 69 6f 72 69 74 79 20 3d 20 22 6e 6f 22 20 72 65 61 64 20 3d 20 22 6e 6f 22 20 73 65 6e 64 20 3d 20 22 6e 6f 22 20 70 72 6f 74 65 63 74 65 64 20 3d 20 22 6e 6f 22 20 63 6f 6e 76 65 72 73 61 74 69 6f 6e 5f 69 64 20 3d 20 22 34 35 33 33 35 38 30 30 32 31 22 20 64 69 72 65 63 74 69 6f 6e 20 3d 20 22 69 6e 63 6f 6d 69 6e 67 22 20 2f 3e 0d 0a 3c 2f 4d 41 50 2d 6d 73 67 2d 6c 69 73 74 69 6e 67 3e 0d 0a'}, bytearray(b'\xe0N\xe4\x08\xdc\x1b\x00\x00\xa0\x97\x00\x97\x01I\x00\x95size = "0" priority = "no" read = "no" send = "no" protected = "no" conversation_id = "4533580021" direction = "incoming" />\r\n</MAP-msg-listing>\r\n')
2026-10-09 08:11:31,034 BTPWorkerThread-31606 (_rx_task) root DEBUG btp.py                    736   event_handler             : Header(svc_id=41, op=138, ctrl_index=0, data_len=162) (b'\xe0N\xe4\x08\xdc\x1b\x00\x00\xa0\x97\x00\x97\x01I\x00\x95size = "0" priority = "no" read = "no" send = "no" protected = "no" conversation_id = "4533580021" direction = "incoming" />\r\n</MAP-msg-listing>\r\n',)
2026-10-09 08:11:31,034 Thread-31614 (_process_events) root DEBUG map.py                    1947  _map_mce_mas_get_msg_listing_ev : _map_mce_mas_get_msg_listing_ev b'\xe0N\xe4\x08\xdc\x1b\x00\x00\xa0\x97\x00\x97\x01I\x00\x95size = "0" priority = "no" read = "no" send = "no" protected = "no" conversation_id = "4533580021" direction = "incoming" />\r\n</MAP-msg-listing>\r\n'
2026-10-09 08:11:31,080 LT1-thread root DEBUG map.py                    670   map_mce_mas_set_folder    : map_mce_mas_set_folder 0 '../outbox' None
2026-10-09 08:11:31,080 LT1-thread root DEBUG iutctl_common.py          161   send                      : 41 9 0 "bytearray(b'\\xe0N\\xe4\\x08\\xdc\\x1b\\x00\\x00\\x03\\x16\\x00\\xcbK\\x95\\x8a[\\x01\\x00\\x11\\x00o\\x00u\\x00t\\x00b\\x00o\\x00x\\x00\\x00')"
2026-10-09 08:11:31,081 LT1-thread root DEBUG iutctl_common.py          166   send                      : sending frame '2909002100e04ee408dc1b0000031600cb4b958a5b010011006f007500740062006f00780000'
2026-10-09 08:11:31,081 LT1-thread root DEBUG map.py                    518   map_command_rsp_succ      : map_command_rsp_succ
2026-10-09 08:11:31,081 LT1-thread root DEBUG iutctl_common.py          339   read                      : 
2026-10-09 08:11:31,112 BTPWorkerThread-31606 (_rx_task) root DEBUG iutctl_common.py          123   read                      : Read 5 bytes
2026-10-09 08:11:31,124 BTPWorkerThread-31606 (_rx_task) root DEBUG iutctl_common.py          131   read                      : Received: hdr: Header(svc_id=0x29, op=0x09, ctrl_index=0x00, data_len=0x00) bytearray(b')\t\x00\x00\x00')
2026-10-09 08:11:31,129 BTPWorkerThread-31606 (_rx_task) root DEBUG iutctl_common.py          154   read                      : Received data: {''}, bytearray(b'')
2026-10-09 08:11:31,129 LT1-thread root DEBUG map.py                    523   map_command_rsp_succ      : received Header(svc_id=41, op=9, ctrl_index=0, data_len=0) (b'',)
2026-10-09 08:11:31,130 BTPWorkerThread-31606 (_rx_task) root DEBUG iutctl_common.py          123   read                      : Read 5 bytes
2026-10-09 08:11:31,130 BTPWorkerThread-31606 (_rx_task) root DEBUG iutctl_common.py          131   read                      : Received: hdr: Header(svc_id=0x29, op=0x88, ctrl_index=0x00, data_len=0x0b) bytearray(b')\x88\x00\x0b\x00')
2026-10-09 08:11:31,130 BTPWorkerThread-31606 (_rx_task) root DEBUG iutctl_common.py          139   read                      : Read 11 bytes data
2026-10-09 08:11:31,131 BTPWorkerThread-31606 (_rx_task) root DEBUG iutctl_common.py          154   read                      : Received data: {'e0 4e e4 08 dc 1b 00 00 a0 00 00'}, bytearray(b'\xe0N\xe4\x08\xdc\x1b\x00\x00\xa0\x00\x00')
2026-10-09 08:11:31,131 BTPWorkerThread-31606 (_rx_task) root DEBUG btp.py                    736   event_handler             : Header(svc_id=41, op=136, ctrl_index=0, data_len=11) (b'\xe0N\xe4\x08\xdc\x1b\x00\x00\xa0\x00\x00',)
2026-10-09 08:11:31,131 Thread-31614 (_process_events) root DEBUG map.py                    1894  _map_mce_mas_set_folder_ev : _map_mce_mas_set_folder_ev b'\xe0N\xe4\x08\xdc\x1b\x00\x00\xa0\x00\x00'
2026-10-09 08:11:31,230 LT1-thread root INFO map.py                    206   parse_msg_listing         : Parsed 19 messages from listing
2026-10-09 08:11:31,231 LT1-thread root INFO map.py                    262   filter_msg_from_listing   : Filtered 11 messages from 19 total
2026-10-09 08:11:31,231 LT1-thread root DEBUG map.py                    843   map_mce_mas_push_msg      : map_mce_mas_push_msg 0 False b'\xcbK\x95\x8a[\x97\x01B\x00\x10x-bt/message\x00\x01\x00\x03L\x00\x1e\x14\x01\x01*\x100123456789000003\n\x01\x00+\x01\x00H\x00\xc4BEGIN:BMSG\r\nVERSION:1.1\r\nSTATUS:UNREAD\r\nTYPE:EMAIL\r\nFOLDER:TELECOM/MSG/OUTBOX\r\nBEGIN:VCARD\r\nVERSION:2.1\r\nN:PTS\r\nEMAIL:pts@example.com\r\nEND:VCARD\r\nBEGIN:BENV\r\nBEGIN:VCARD\r\nVERSION:2.1\r\nN:IUT\r\nEM' None
2026-10-09 08:11:31,231 LT1-thread root DEBUG iutctl_common.py          161   send                      : 41 15 0 "bytearray(b'\\xe0N\\xe4\\x08\\xdc\\x1b\\x00\\x00\\x00\\xfc\\x00\\xcbK\\x95\\x8a[\\x97\\x01B\\x00\\x10x-bt/message\\x00\\x01\\x00\\x03L\\x00\\x1e\\x14\\x01\\x01*\\x100123456789000003\\n\\x01\\x00+\\x01\\x00H\\x00\\xc4BEGIN:BMSG\\r\\nVERSION:1.1\\r\\nSTATUS:UNREAD\\r\\nTYPE:EMAIL\\r\\nFOLDER:TELECOM/MSG/OUTBOX\\r\\nBEGIN:VCARD\\r\\nVERSION:2.1\\r\\nN:PTS\\r\\nEMAIL:pts@example.com\\r\\nEND:VCARD\\r\\nBEGIN:BENV\\r\\nBEGIN:VCARD\\r\\nVERSION:2.1\\r\\nN:IUT\\r\\nEM')"
2026-10-09 08:11:31,231 LT1-thread root DEBUG iutctl_common.py          166   send                      : sending frame '290f000701e04ee408dc1b000000fc00cb4b958a5b9701420010782d62742f6d657373616765000100034c001e1401012a10303132333435363738393030303030330a01002b01004800c4424547494e3a424d53470d0a56455253494f4e3a312e310d0a5354415455533a554e524541440d0a545950453a454d41494c0d0a464f4c4445523a54454c45434f4d2f4d53472f4f5554424f580d0a424547494e3a56434152440d0a56455253494f4e3a322e310d0a4e3a5054530d0a454d41494c3a707473406578616d706c652e636f6d0d0a454e443a56434152440d0a424547494e3a42454e560d0a424547494e3a56434152440d0a56455253494f4e3a322e310d0a4e3a4955540d0a454d'
2026-10-09 08:11:31,232 LT1-thread root DEBUG map.py                    518   map_command_rsp_succ      : map_command_rsp_succ
2026-10-09 08:11:31,232 LT1-thread root DEBUG iutctl_common.py          339   read                      : 
2026-10-09 08:11:31,284 BTPWorkerThread-31606 (_rx_task) root DEBUG iutctl_common.py          123   read                      : Read 5 bytes
2026-10-09 08:11:31,295 BTPWorkerThread-31606 (_rx_task) root DEBUG iutctl_common.py          131   read                      : Received: hdr: Header(svc_id=0x29, op=0x0f, ctrl_index=0x00, data_len=0x00) bytearray(b')\x0f\x00\x00\x00')
2026-10-09 08:11:31,301 BTPWorkerThread-31606 (_rx_task) root DEBUG iutctl_common.py          154   read                      : Received data: {''}, bytearray(b'')
2026-10-09 08:11:31,307 BTPWorkerThread-31606 (_rx_task) root DEBUG iutctl_common.py          123   read                      : Read 5 bytes
2026-10-09 08:11:31,307 LT1-thread root DEBUG map.py                    523   map_command_rsp_succ      : received Header(svc_id=41, op=15, ctrl_index=0, data_len=0) (b'',)
2026-10-09 08:11:31,307 BTPWorkerThread-31606 (_rx_task) root DEBUG iutctl_common.py          131   read                      : Received: hdr: Header(svc_id=0x29, op=0x8d, ctrl_index=0x00, data_len=0x0d) bytearray(b')\x8d\x00\r\x00')
2026-10-09 08:11:31,308 BTPWorkerThread-31606 (_rx_task) root DEBUG iutctl_common.py          139   read                      : Read 13 bytes data
2026-10-09 08:11:31,308 BTPWorkerThread-31606 (_rx_task) root DEBUG iutctl_common.py          154   read                      : Received data: {'e0 4e e4 08 dc 1b 00 00 90 02 00 97 01'}, bytearray(b'\xe0N\xe4\x08\xdc\x1b\x00\x00\x90\x02\x00\x97\x01')
2026-10-09 08:11:31,308 BTPWorkerThread-31606 (_rx_task) root DEBUG btp.py                    736   event_handler             : Header(svc_id=41, op=141, ctrl_index=0, data_len=13) (b'\xe0N\xe4\x08\xdc\x1b\x00\x00\x90\x02\x00\x97\x01',)
2026-10-09 08:11:31,308 Thread-31614 (_process_events) root DEBUG map.py                    2046  _map_mce_mas_push_msg_ev  : _map_mce_mas_push_msg_ev b'\xe0N\xe4\x08\xdc\x1b\x00\x00\x90\x02\x00\x97\x01'
2026-10-09 08:11:31,308 Thread-31614 (_process_events) root DEBUG map.py                    843   map_mce_mas_push_msg      : map_mce_mas_push_msg 0 False b'H\x00\xfcAIL:iut@example.com\r\nEND:VCARD\r\nBEGIN:BBODY\r\nCHARSET:UTF-8\r\nLANGUAGE:UNKNOWN\r\nLENGTH:845\r\nBEGIN:MSG\r\nThis is a message for Bluetooth MAP test.\n\nFeatures being tested:\n- UTF-8 character encoding\n- Multi-line message content\n- Special characters: @#$%' None
2026-10-09 08:11:31,309 Thread-31614 (_process_events) root DEBUG iutctl_common.py          161   send                      : 41 15 0 "bytearray(b'\\xe0N\\xe4\\x08\\xdc\\x1b\\x00\\x00\\x00\\xfc\\x00H\\x00\\xfcAIL:iut@example.com\\r\\nEND:VCARD\\r\\nBEGIN:BBODY\\r\\nCHARSET:UTF-8\\r\\nLANGUAGE:UNKNOWN\\r\\nLENGTH:845\\r\\nBEGIN:MSG\\r\\nThis is a message for Bluetooth MAP test.\\n\\nFeatures being tested:\\n- UTF-8 character encoding\\n- Multi-line message content\\n- Special characters: @#$%')"
2026-10-09 08:11:31,309 Thread-31614 (_process_events) root DEBUG iutctl_common.py          166   send                      : sending frame '290f000701e04ee408dc1b000000fc004800fc41494c3a697574406578616d706c652e636f6d0d0a454e443a56434152440d0a424547494e3a42424f44590d0a434841525345543a5554462d380d0a4c414e47554147453a554e4b4e4f574e0d0a4c454e4754483a3834350d0a424547494e3a4d53470d0a546869732069732061206d65737361676520666f7220426c7565746f6f7468204d415020746573742e0a0a4665617475726573206265696e67207465737465643a0a2d205554462d382063686172616374657220656e636f64696e670a2d204d756c74692d6c696e65206d65737361676520636f6e74656e740a2d205370656369616c20636861726163746572733a2040232425'
2026-10-09 08:11:31,309 Thread-31614 (_process_events) root DEBUG map.py                    518   map_command_rsp_succ      : map_command_rsp_succ
2026-10-09 08:11:31,309 Thread-31614 (_process_events) root DEBUG iutctl_common.py          339   read                      : 
2026-10-09 08:11:31,356 BTPWorkerThread-31606 (_rx_task) root DEBUG iutctl_common.py          123   read                      : Read 5 bytes
2026-10-09 08:11:31,362 BTPWorkerThread-31606 (_rx_task) root DEBUG iutctl_common.py          131   read                      : Received: hdr: Header(svc_id=0x29, op=0x0f, ctrl_index=0x00, data_len=0x00) bytearray(b')\x0f\x00\x00\x00')
2026-10-09 08:11:31,367 BTPWorkerThread-31606 (_rx_task) root DEBUG iutctl_common.py          154   read                      : Received data: {''}, bytearray(b'')
2026-10-09 08:11:31,367 Thread-31614 (_process_events) root DEBUG map.py                    523   map_command_rsp_succ      : received Header(svc_id=41, op=15, ctrl_index=0, data_len=0) (b'',)
2026-10-09 08:11:31,367 Thread-31614 (_process_events) root DEBUG map.py                    843   map_mce_mas_push_msg      : map_mce_mas_push_msg 0 False b"H\x00\xfc&*()_+-=[]{{}}|;:',.<>?/\n- Numbers: 0123456789\n\nThis test message has been designed to thoroughly test the MAP\nimplementation's ability to handle large messages that require\nfragmentation across multiple OBEX packets. The message includes\nvarious ch" None
2026-10-09 08:11:31,367 Thread-31614 (_process_events) root DEBUG iutctl_common.py          161   send                      : 41 15 0 'bytearray(b"\\xe0N\\xe4\\x08\\xdc\\x1b\\x00\\x00\\x00\\xfc\\x00H\\x00\\xfc&*()_+-=[]{{}}|;:\\\',.<>?/\\n- Numbers: 0123456789\\n\\nThis test message has been designed to thoroughly test the MAP\\nimplementation\\\'s ability to handle large messages that require\\nfragmentation across multiple OBEX packets. The message includes\\nvarious ch")'
2026-10-09 08:11:31,368 Thread-31614 (_process_events) root DEBUG iutctl_common.py          166   send                      : sending frame '290f000701e04ee408dc1b000000fc004800fc262a28295f2b2d3d5b5d7b7b7d7d7c3b3a272c2e3c3e3f2f0a2d204e756d626572733a20303132333435363738390a0a546869732074657374206d65737361676520686173206265656e2064657369676e656420746f2074686f726f7567686c79207465737420746865204d41500a696d706c656d656e746174696f6e2773206162696c69747920746f2068616e646c65206c61726765206d65737361676573207468617420726571756972650a667261676d656e746174696f6e206163726f7373206d756c7469706c65204f424558207061636b6574732e20546865206d65737361676520696e636c756465730a766172696f7573206368'
2026-10-09 08:11:31,368 Thread-31614 (_process_events) root DEBUG map.py                    518   map_command_rsp_succ      : map_command_rsp_succ
2026-10-09 08:11:31,368 Thread-31614 (_process_events) root DEBUG iutctl_common.py          339   read                      : 
2026-10-09 08:11:31,426 BTPWorkerThread-31606 (_rx_task) root DEBUG iutctl_common.py          123   read                      : Read 5 bytes
2026-10-09 08:11:31,426 BTPWorkerThread-31606 (_rx_task) root DEBUG iutctl_common.py          131   read                      : Received: hdr: Header(svc_id=0x29, op=0x0f, ctrl_index=0x00, data_len=0x00) bytearray(b')\x0f\x00\x00\x00')
2026-10-09 08:11:31,432 BTPWorkerThread-31606 (_rx_task) root DEBUG iutctl_common.py          154   read                      : Received data: {''}, bytearray(b'')
2026-10-09 08:11:31,432 Thread-31614 (_process_events) root DEBUG map.py                    523   map_command_rsp_succ      : received Header(svc_id=41, op=15, ctrl_index=0, data_len=0) (b'',)
2026-10-09 08:11:31,432 Thread-31614 (_process_events) root DEBUG map.py                    843   map_mce_mas_push_msg      : map_mce_mas_push_msg 0 False b'H\x00\xfcaracter types, formatting, and structured content to\nensure comprehensive testing coverage.\n\nThe Message Access Profile (MAP) enables remote devices to access\nmessages stored on a Message Server Equipment (MSE). This includes\nSMS, MMS, EMAIL, and IM' None
2026-10-09 08:11:31,433 Thread-31614 (_process_events) root DEBUG iutctl_common.py          161   send                      : 41 15 0 "bytearray(b'\\xe0N\\xe4\\x08\\xdc\\x1b\\x00\\x00\\x00\\xfc\\x00H\\x00\\xfcaracter types, formatting, and structured content to\\nensure comprehensive testing coverage.\\n\\nThe Message Access Profile (MAP) enables remote devices to access\\nmessages stored on a Message Server Equipment (MSE). This includes\\nSMS, MMS, EMAIL, and IM')"
2026-10-09 08:11:31,433 Thread-31614 (_process_events) root DEBUG iutctl_common.py          166   send                      : sending frame '290f000701e04ee408dc1b000000fc004800fc617261637465722074797065732c20666f726d617474696e672c20616e64207374727563747572656420636f6e74656e7420746f0a656e7375726520636f6d70726568656e736976652074657374696e6720636f7665726167652e0a0a546865204d657373616765204163636573732050726f66696c6520284d41502920656e61626c65732072656d6f7465206465766963657320746f206163636573730a6d657373616765732073746f726564206f6e2061204d657373616765205365727665722045717569706d656e7420284d5345292e205468697320696e636c756465730a534d532c204d4d532c20454d41494c2c20616e6420494d'
2026-10-09 08:11:31,433 Thread-31614 (_process_events) root DEBUG map.py                    518   map_command_rsp_succ      : map_command_rsp_succ
2026-10-09 08:11:31,433 Thread-31614 (_process_events) root DEBUG iutctl_common.py          339   read                      : 
2026-10-09 08:11:31,502 BTPWorkerThread-31606 (_rx_task) root DEBUG iutctl_common.py          123   read                      : Read 5 bytes
2026-10-09 08:11:31,502 BTPWorkerThread-31606 (_rx_task) root DEBUG iutctl_common.py          131   read                      : Received: hdr: Header(svc_id=0x29, op=0x0f, ctrl_index=0x00, data_len=0x00) bytearray(b')\x0f\x00\x00\x00')
2026-10-09 08:11:31,507 BTPWorkerThread-31606 (_rx_task) root DEBUG iutctl_common.py          154   read                      : Received data: {''}, bytearray(b'')
2026-10-09 08:11:31,507 Thread-31614 (_process_events) root DEBUG map.py                    523   map_command_rsp_succ      : received Header(svc_id=41, op=15, ctrl_index=0, data_len=0) (b'',)
2026-10-09 08:11:31,507 Thread-31614 (_process_events) root DEBUG map.py                    843   map_mce_mas_push_msg      : map_mce_mas_push_msg 0 True b'I\x00\xde message types. The profile supports various\noperations such as listing messages, retrieving message content,\nsending new messages, and managing message status.\n\nEnd of message.\r\nEND:MSG\r\nEND:BBODY\r\nEND:BENV\r\nEND:BMSG\r\n' None
2026-10-09 08:11:31,507 Thread-31614 (_process_events) root DEBUG iutctl_common.py          161   send                      : 41 15 0 "bytearray(b'\\xe0N\\xe4\\x08\\xdc\\x1b\\x00\\x00\\x01\\xde\\x00I\\x00\\xde message types. The profile supports various\\noperations such as listing messages, retrieving message content,\\nsending new messages, and managing message status.\\n\\nEnd of message.\\r\\nEND:MSG\\r\\nEND:BBODY\\r\\nEND:BENV\\r\\nEND:BMSG\\r\\n')"
2026-10-09 08:11:31,507 Thread-31614 (_process_events) root DEBUG iutctl_common.py          166   send                      : sending frame '290f00e900e04ee408dc1b000001de004900de206d6573736167652074797065732e205468652070726f66696c6520737570706f72747320766172696f75730a6f7065726174696f6e732073756368206173206c697374696e67206d657373616765732c2072657472696576696e67206d65737361676520636f6e74656e742c0a73656e64696e67206e6577206d657373616765732c20616e64206d616e6167696e67206d657373616765207374617475732e0a0a456e64206f66206d6573736167652e0d0a454e443a4d53470d0a454e443a42424f44590d0a454e443a42454e560d0a454e443a424d53470d0a'
2026-10-09 08:11:31,507 Thread-31614 (_process_events) root DEBUG map.py                    518   map_command_rsp_succ      : map_command_rsp_succ
2026-10-09 08:11:31,509 Thread-31614 (_process_events) root DEBUG iutctl_common.py          339   read                      : 
2026-10-09 08:11:31,573 BTPWorkerThread-31606 (_rx_task) root DEBUG iutctl_common.py          123   read                      : Read 5 bytes
2026-10-09 08:11:31,578 BTPWorkerThread-31606 (_rx_task) root DEBUG iutctl_common.py          131   read                      : Received: hdr: Header(svc_id=0x29, op=0x0f, ctrl_index=0x00, data_len=0x00) bytearray(b')\x0f\x00\x00\x00')
2026-10-09 08:11:31,584 BTPWorkerThread-31606 (_rx_task) root DEBUG iutctl_common.py          154   read                      : Received data: {''}, bytearray(b'')
2026-10-09 08:11:31,584 Thread-31614 (_process_events) root DEBUG map.py                    523   map_command_rsp_succ      : received Header(svc_id=41, op=15, ctrl_index=0, data_len=0) (b'',)
2026-10-09 08:11:31,584 BTPWorkerThread-31606 (_rx_task) root DEBUG iutctl_common.py          123   read                      : Read 5 bytes
2026-10-09 08:11:31,584 BTPWorkerThread-31606 (_rx_task) root DEBUG iutctl_common.py          131   read                      : Received: hdr: Header(svc_id=0x29, op=0x8d, ctrl_index=0x00, data_len=0x2a) bytearray(b')\x8d\x00*\x00')
2026-10-09 08:11:31,584 BTPWorkerThread-31606 (_rx_task) root DEBUG iutctl_common.py          139   read                      : Read 42 bytes data
2026-10-09 08:11:31,584 BTPWorkerThread-31606 (_rx_task) root DEBUG iutctl_common.py          154   read                      : Received data: {'e0 4e e4 08 dc 1b 00 00 a0 1f 00 01 00 1f 00 39 00 32 00 62 00 34 00 62 00 37 00 66 00 61 00 32 00 37 00 30 00 66 00 31 00 00'}, bytearray(b'\xe0N\xe4\x08\xdc\x1b\x00\x00\xa0\x1f\x00\x01\x00\x1f\x009\x002\x00b\x004\x00b\x007\x00f\x00a\x002\x007\x000\x00f\x001\x00\x00')
2026-10-09 08:11:31,584 BTPWorkerThread-31606 (_rx_task) root DEBUG btp.py                    736   event_handler             : Header(svc_id=41, op=141, ctrl_index=0, data_len=42) (b'\xe0N\xe4\x08\xdc\x1b\x00\x00\xa0\x1f\x00\x01\x00\x1f\x009\x002\x00b\x004\x00b\x007\x00f\x00a\x002\x007\x000\x00f\x001\x00\x00',)
2026-10-09 08:11:31,584 Thread-31614 (_process_events) root DEBUG map.py                    2046  _map_mce_mas_push_msg_ev  : _map_mce_mas_push_msg_ev b'\xe0N\xe4\x08\xdc\x1b\x00\x00\xa0\x1f\x00\x01\x00\x1f\x009\x002\x00b\x004\x00b\x007\x00f\x00a\x002\x007\x000\x00f\x001\x00\x00'
2026-10-09 08:11:31,621 LT1-thread root DEBUG testcase.py               722   run_wid                   : Sending response 'OK' to wid 28 test case MAP/MCE/MFMH/BV-01-C
2026-10-09 08:11:31,623 LT1-thread root DEBUG client.py                 276   get_result                : ClientCallback.get_result run_test_case
2026-10-09 08:11:36,588 BTPWorkerThread-31606 (_rx_task) root DEBUG iutctl_common.py          123   read                      : Read 5 bytes
2026-10-09 08:11:36,588 BTPWorkerThread-31606 (_rx_task) root DEBUG iutctl_common.py          131   read                      : Received: hdr: Header(svc_id=0x29, op=0x83, ctrl_index=0x00, data_len=0x08) bytearray(b')\x83\x00\x08\x00')
2026-10-09 08:11:36,588 BTPWorkerThread-31606 (_rx_task) root DEBUG iutctl_common.py          139   read                      : Read 8 bytes data
2026-10-09 08:11:36,589 BTPWorkerThread-31606 (_rx_task) root DEBUG iutctl_common.py          154   read                      : Received data: {'e0 4e e4 08 dc 1b 00 00'}, bytearray(b'\xe0N\xe4\x08\xdc\x1b\x00\x00')
2026-10-09 08:11:36,589 BTPWorkerThread-31606 (_rx_task) root DEBUG btp.py                    736   event_handler             : Header(svc_id=41, op=131, ctrl_index=0, data_len=8) (b'\xe0N\xe4\x08\xdc\x1b\x00\x00',)
2026-10-09 08:11:36,589 BTPWorkerThread-31606 (_rx_task) root DEBUG iutctl_common.py          123   read                      : Read 5 bytes
2026-10-09 08:11:36,589 Thread-31614 (_process_events) root DEBUG map.py                    1838  _map_mce_mas_l2cap_disconnected_ev : _map_mce_mas_l2cap_disconnected_ev b'\xe0N\xe4\x08\xdc\x1b\x00\x00'
2026-10-09 08:11:36,589 Thread-31614 (_process_events) root DEBUG map.py                    2105  remove_connection         : Cleared OBEX: addr=001bdc08e44e, instance=0, type=132
2026-10-09 08:11:36,589 Thread-31614 (_process_events) root DEBUG map.py                    2102  remove_connection         : Cleared transport: addr=001bdc08e44e, instance=0, type=130
2026-10-09 08:11:36,590 Thread-31614 (_process_events) root DEBUG map.py                    2110  remove_connection         : Removed connection: addr=001bdc08e44e, instance=0
2026-10-09 08:11:36,590 Thread-31614 (_process_events) root DEBUG map.py                    2115  remove_connection         : Removed address entry: addr=001bdc08e44e
2026-10-09 08:11:36,590 BTPWorkerThread-31606 (_rx_task) root DEBUG iutctl_common.py          131   read                      : Received: hdr: Header(svc_id=0x01, op=0x83, ctrl_index=0x00, data_len=0x07) bytearray(b'\x01\x83\x00\x07\x00')
2026-10-09 08:11:36,590 BTPWorkerThread-31606 (_rx_task) root DEBUG iutctl_common.py          139   read                      : Read 7 bytes data
2026-10-09 08:11:36,590 BTPWorkerThread-31606 (_rx_task) root DEBUG iutctl_common.py          154   read                      : Received data: {'e0 4e e4 08 dc 1b 00'}, bytearray(b'\xe0N\xe4\x08\xdc\x1b\x00')
2026-10-09 08:11:36,590 BTPWorkerThread-31606 (_rx_task) root DEBUG btp.py                    736   event_handler             : Header(svc_id=1, op=131, ctrl_index=0, data_len=7) (b'\xe0N\xe4\x08\xdc\x1b\x00',)
2026-10-09 08:11:36,590 BTPWorkerThread-31606 (_rx_task) root DEBUG gap.py                    228   gap_disconnected_ev_      : b'\xe0N\xe4\x08\xdc\x1b\x00'
2026-10-09 08:11:39,367 LT1-callback ClientCallback.log INFO client.py                 200   log                       : PTS_LOGTYPE_START_TEST Start Test Case 

+1344 ms
 MAP/MCE/MFMH/BV-01-C MAP/MCE/MFMH/BV-01-C

2026-10-09 08:11:40,656 LT1-callback ClientCallback.log INFO client.py                 200   log                       : PTS_LOGTYPE_FINAL_VERDICT Final Verdict 

+21656 ms
 MAP/MCE/MFMH/BV-01-C PASS

2026-10-09 08:11:40,661 LT1-callback ClientCallback.log INFO client.py                 200   log                       : PTS_LOGTYPE_FINAL_VERDICT Encrypted Verdict 

+21656 ms
 MAP/MCE/MFMH/BV-01-C A1#ZWY4MzQ5MDg3MmQwNTIxOGQzMzQ5YjY2ODA5M2MzNjQ5ZDY4NmY0Yjc2MzIzM2VkNTUyNTFhNGU4Mjg1MjI0NA==#ZZs3SSJ0XDlHQQWkyGaAElDj5/KDkTVFpbTVm/uENmB0HDR5a4jK0qsNYMr/YCMX

2026-10-09 08:11:40,666 LT1-callback ClientCallback.log INFO client.py                 200   log                       : PTS_LOGTYPE_END_TEST Test Case Ended 

+21656 ms
 MAP/MCE/MFMH/BV-01-C MAP/MCE/MFMH/BV-01-C

2026-10-09 08:11:40,767 LT1-callback root DEBUG client.py                 261   set_result                : ClientCallback, set_result, run_test_case, PASS
2026-10-09 08:11:40,768 LT1-thread root DEBUG client.py                 1186  _run_test_case            : After run_test_case error_code=0 status='PASS'
2026-10-09 08:11:40,768 LT1-thread root DEBUG testcase.py               766   post_run                  : post_run MAP MAP/MCE/MFMH/BV-01-C 0
2026-10-09 08:11:40,768 LT1-thread root DEBUG testcase.py               254   start                     : Starting test function: class=<class 'autopts.ptsprojects.testcase.TestFuncCleanUp'>, func=<bound method ZTestCase._test_case_cleanup of <autopts.ptsprojects.zephyr.ztestcase.ZTestCase object at 0x000002C687B80A40>> start_wid=None stop_wid=None post_wid=None skip_call=None call_count=1 args=() kwds={}
2026-10-09 08:11:40,768 LT1-thread root DEBUG testcase.py               266   start                     : Test function parameters: args=(), kwds={}
2026-10-09 08:11:40,769 LT1-thread root DEBUG map.py                    3404  start                     : MAP event handler started
2026-10-09 08:11:40,769 LT1-thread root DEBUG iutctl.py                 415   stop                      : <class 'autopts.ptsprojects.zephyr.iutctl.create_zephyr_ctl_class.<locals>.ZephyrCtl'>.stop
2026-10-09 08:11:40,769 LT1-thread root DEBUG __init__.py               51    reset                     : About to reset DUT: JLink -CommandFile reset.jlink -usb 1063214216 -device MIMXRT1176XXXA_M7
2026-10-09 08:11:41,069 BTPWorkerThread-31606 (_rx_task) root DEBUG iutctl_common.py          123   read                      : Read 5 bytes
2026-10-09 08:11:41,069 BTPWorkerThread-31606 (_rx_task) root DEBUG iutctl_common.py          131   read                      : Received: hdr: Header(svc_id=0x00, op=0x80, ctrl_index=0xff, data_len=0x00) bytearray(b'\x00\x80\xff\x00\x00')
2026-10-09 08:11:41,069 BTPWorkerThread-31606 (_rx_task) root DEBUG iutctl_common.py          154   read                      : Received data: {''}, bytearray(b'')
2026-10-09 08:11:41,069 BTPWorkerThread-31606 (_rx_task) root DEBUG btp.py                    736   event_handler             : Header(svc_id=0, op=128, ctrl_index=255, data_len=0) (b'',)
2026-10-09 08:11:41,070 BTPWorkerThread-31606 (_rx_task) root DEBUG core.py                   23    core_iut_ready_ev         : 
2026-10-09 08:11:41,149 LT1-thread root DEBUG iutctl.py                 436   _stop_tty_mode            : IUT ready event received OK
2026-10-09 08:11:41,149 LT1-thread root DEBUG iutctl_common.py          416   close                     : Waiting for _rx_worker to finish ...
2026-10-09 08:11:42,072 BTPWorkerThread-31606 (_rx_task) root DEBUG iutctl_common.py          332   _rx_task                  : BTPWorkerThread-31606 (_rx_task) finishing...
2026-10-09 08:11:45,079 LT1-thread root DEBUG testcase.py               794   post_run                  : post_run, cleanup running post test case script
2026-10-09 08:11:45,079 LT1-thread root DEBUG testcase.py               802   post_run                  : post_run, run post test case script
2026-10-09 08:11:45,153 LT1-thread root DEBUG client.py                 1220  _run_test_case            : Done TestCase _run_test_case MAP MAP/MCE/MFMH/BV-01-C
