2026-09-24 15:06:50,844 LT1-thread root DEBUG client.py                 1099  _run_test_case            : Starting TestCase _run_test_case GAP GAP/IDLE/GIN/BV-01-C
2026-09-24 15:06:50,844 LT1-thread root DEBUG testcase.py               727   pre_run                   : pre_run GAP GAP/IDLE/GIN/BV-01-C
2026-09-24 15:06:50,844 LT1-thread root DEBUG testcase.py               729   pre_run                   : About to run test case GAP GAP/IDLE/GIN/BV-01-C with commands:
2026-09-24 15:06:50,844 LT1-thread root DEBUG testcase.py               731   pre_run                   : 0) class=<class 'autopts.ptsprojects.testcase.TestFunc'>, func=<bound method ZTestCase._test_case_start of <autopts.ptsprojects.zephyr.ztestcase.ZTestCase object at 0x000002622B2E6600>> start_wid=None stop_wid=None post_wid=None skip_call=None call_count=0 args=() kwds={}
2026-09-24 15:06:50,845 LT1-thread root DEBUG testcase.py               731   pre_run                   : 1) class=<class 'autopts.ptsprojects.testcase.TestFunc'>, func=<function core_reg_svc_gap at 0x0000026227D2E160> start_wid=None stop_wid=None post_wid=None skip_call=None call_count=31 args=() kwds={}
2026-09-24 15:06:50,845 LT1-thread root DEBUG testcase.py               731   pre_run                   : 2) class=<class 'autopts.ptsprojects.testcase.TestFunc'>, func=<bound method Stack.gap_init of <autopts.ptsprojects.stack.stack.Stack object at 0x000002622ACA1670>> start_wid=None stop_wid=None post_wid=None skip_call=None call_count=31 args=(b'Tester_08E44E', 'ABCD', '1111', '1111', '11', '1111', b'\x17github.com/auto-pts', (8, 'PADV_Tester'), 'FF') kwds={}
2026-09-24 15:06:50,845 LT1-thread root DEBUG testcase.py               731   pre_run                   : 3) class=<class 'autopts.ptsprojects.testcase.TestFunc'>, func=<function gap_read_controller_info at 0x0000026227D6EB60> start_wid=None stop_wid=None post_wid=None skip_call=None call_count=31 args=() kwds={}
2026-09-24 15:06:50,845 LT1-thread root DEBUG testcase.py               731   pre_run                   : 4) class=<class 'autopts.ptsprojects.testcase.TestFunc'>, func=<function test_cases.<locals>.<lambda> at 0x000002622B3920C0> start_wid=None stop_wid=None post_wid=None skip_call=None call_count=31 args=() kwds={}
2026-09-24 15:06:50,845 LT1-thread root DEBUG testcase.py               731   pre_run                   : 5) class=<class 'autopts.ptsprojects.testcase.TestFunc'>, func=<function test_cases.<locals>.<lambda> at 0x000002622B392020> start_wid=None stop_wid=None post_wid=None skip_call=None call_count=31 args=() kwds={}
2026-09-24 15:06:50,845 LT1-thread root DEBUG testcase.py               731   pre_run                   : 6) class=<class 'autopts.ptsprojects.testcase.TestFunc'>, func=<function test_cases.<locals>.<lambda> at 0x000002622B392160> start_wid=None stop_wid=None post_wid=None skip_call=None call_count=31 args=() kwds={}
2026-09-24 15:06:50,845 LT1-thread root DEBUG testcase.py               731   pre_run                   : 7) class=<class 'autopts.ptsprojects.testcase.TestFunc'>, func=<function test_cases.<locals>.<lambda> at 0x000002622B392200> start_wid=None stop_wid=None post_wid=None skip_call=None call_count=31 args=() kwds={}
2026-09-24 15:06:50,845 LT1-thread root DEBUG testcase.py               731   pre_run                   : 8) class=<class 'autopts.ptsprojects.testcase.TestFunc'>, func=<function test_cases.<locals>.<lambda> at 0x000002622B3922A0> start_wid=None stop_wid=None post_wid=None skip_call=None call_count=31 args=() kwds={}
2026-09-24 15:06:50,845 LT1-thread root DEBUG testcase.py               731   pre_run                   : 9) class=<class 'autopts.ptsprojects.testcase.TestFunc'>, func=<function test_cases.<locals>.<lambda> at 0x000002622B392340> start_wid=None stop_wid=None post_wid=None skip_call=None call_count=31 args=() kwds={}
2026-09-24 15:06:50,846 LT1-thread root DEBUG testcase.py               731   pre_run                   : 10) class=<class 'autopts.ptsprojects.testcase.TestFunc'>, func=<function test_cases.<locals>.<lambda> at 0x000002622B3923E0> start_wid=None stop_wid=None post_wid=None skip_call=None call_count=31 args=() kwds={}
2026-09-24 15:06:50,846 LT1-thread root DEBUG testcase.py               731   pre_run                   : 11) class=<class 'autopts.ptsprojects.testcase.TestFunc'>, func=<function test_cases.<locals>.<lambda> at 0x000002622B392480> start_wid=None stop_wid=None post_wid=None skip_call=None call_count=31 args=() kwds={}
2026-09-24 15:06:50,846 LT1-thread root DEBUG testcase.py               731   pre_run                   : 12) class=<class 'autopts.ptsprojects.testcase.TestFunc'>, func=<function test_cases.<locals>.<lambda> at 0x000002622B392520> start_wid=None stop_wid=None post_wid=None skip_call=None call_count=31 args=() kwds={}
2026-09-24 15:06:50,846 LT1-thread root DEBUG testcase.py               731   pre_run                   : 13) class=<class 'autopts.ptsprojects.testcase.TestFunc'>, func=<function test_cases.<locals>.<lambda> at 0x000002622B3925C0> start_wid=None stop_wid=None post_wid=None skip_call=None call_count=31 args=() kwds={}
2026-09-24 15:06:50,846 LT1-thread root DEBUG testcase.py               731   pre_run                   : 14) class=<class 'autopts.ptsprojects.testcase.TestFunc'>, func=<function core_reg_svc_gatt at 0x0000026227D2E2A0> start_wid=None stop_wid=None post_wid=None skip_call=None call_count=31 args=() kwds={}
2026-09-24 15:06:50,846 LT1-thread root DEBUG testcase.py               731   pre_run                   : 15) class=<class 'autopts.ptsprojects.testcase.TestFunc'>, func=<bound method Stack.gatt_init of <autopts.ptsprojects.stack.stack.Stack object at 0x000002622ACA1670>> start_wid=None stop_wid=None post_wid=None skip_call=None call_count=31 args=() kwds={}
2026-09-24 15:06:50,846 LT1-thread root DEBUG testcase.py               731   pre_run                   : 16) class=<class 'autopts.ptsprojects.testcase.TestFunc'>, func=<function gap_set_io_capability at 0x0000026227D6E020> start_wid=None stop_wid=None post_wid=None skip_call=None call_count=31 args=(4,) kwds={}
2026-09-24 15:06:50,846 LT1-thread root DEBUG testcase.py               731   pre_run                   : 17) class=<class 'autopts.ptsprojects.testcase.TestFunc'>, func=<function gap_set_broadcast_code at 0x0000026227D74220> start_wid=None stop_wid=None post_wid=None skip_call=None call_count=31 args=('0102680553F1415AA265BBAFC6EA03B8',) kwds={}
2026-09-24 15:06:50,846 LT1-thread root DEBUG testcase.py               731   pre_run                   : 18) class=<class 'autopts.ptsprojects.testcase.TestFunc'>, func=<function set_pts_addr at 0x0000026227D2DD00> start_wid=None stop_wid=None post_wid=None skip_call=None call_count=31 args=('00:1B:DC:08:E4:4E', 0) kwds={}
2026-09-24 15:06:50,846 LT1-thread root DEBUG testcase.py               731   pre_run                   : 19) class=<class 'autopts.ptsprojects.testcase.TestFunc'>, func=<function gatts_add_svc at 0x0000026227D85940> start_wid=None stop_wid=None post_wid=None skip_call=None call_count=31 args=(0, 'AA51') kwds={}
2026-09-24 15:06:50,846 LT1-thread root DEBUG testcase.py               731   pre_run                   : 20) class=<class 'autopts.ptsprojects.testcase.TestFunc'>, func=<function gatts_add_char at 0x0000026227D85A80> start_wid=None stop_wid=None post_wid=None skip_call=None call_count=31 args=(0, 2, 17, 'AA52') kwds={}
2026-09-24 15:06:50,846 LT1-thread root DEBUG testcase.py               731   pre_run                   : 21) class=<class 'autopts.ptsprojects.testcase.TestFunc'>, func=<function gatts_set_val at 0x0000026227D85B20> start_wid=None stop_wid=None post_wid=None skip_call=None call_count=31 args=(0, '01') kwds={}
2026-09-24 15:06:50,846 LT1-thread root DEBUG testcase.py               731   pre_run                   : 22) class=<class 'autopts.ptsprojects.testcase.TestFunc'>, func=<function gatts_add_char at 0x0000026227D85A80> start_wid=None stop_wid=None post_wid=None skip_call=None call_count=31 args=(0, 2, 5, 'AA53') kwds={}
2026-09-24 15:06:50,847 LT1-thread root DEBUG testcase.py               731   pre_run                   : 23) class=<class 'autopts.ptsprojects.testcase.TestFunc'>, func=<function gatts_set_val at 0x0000026227D85B20> start_wid=None stop_wid=None post_wid=None skip_call=None call_count=31 args=(0, '02') kwds={}
2026-09-24 15:06:50,847 LT1-thread root DEBUG testcase.py               731   pre_run                   : 24) class=<class 'autopts.ptsprojects.testcase.TestFunc'>, func=<function gatts_add_char at 0x0000026227D85A80> start_wid=None stop_wid=None post_wid=None skip_call=None call_count=31 args=(0, 10, 48, 'AA55') kwds={}
2026-09-24 15:06:50,847 LT1-thread root DEBUG testcase.py               731   pre_run                   : 25) class=<class 'autopts.ptsprojects.testcase.TestFunc'>, func=<function gatts_set_val at 0x0000026227D85B20> start_wid=None stop_wid=None post_wid=None skip_call=None call_count=31 args=(0, '04') kwds={}
2026-09-24 15:06:50,847 LT1-thread root DEBUG testcase.py               731   pre_run                   : 26) class=<class 'autopts.ptsprojects.testcase.TestFunc'>, func=<function gatts_start_server at 0x0000026227D85DA0> start_wid=None stop_wid=None post_wid=None skip_call=None call_count=31 args=() kwds={}
2026-09-24 15:06:50,847 LT1-thread root DEBUG testcase.py               731   pre_run                   : 27) class=<class 'autopts.ptsprojects.testcase.TestFuncCleanUp'>, func=<bound method ZTestCase._test_case_cleanup of <autopts.ptsprojects.zephyr.ztestcase.ZTestCase object at 0x000002622B2E6600>> start_wid=None stop_wid=None post_wid=None skip_call=None call_count=0 args=() kwds={}
2026-09-24 15:06:50,847 LT1-thread root DEBUG testcase.py               738   pre_run                   : pre_run, run pre test case script
2026-09-24 15:06:50,856 LT1-thread root DEBUG testcase.py               254   start                     : Starting test function: class=<class 'autopts.ptsprojects.testcase.TestFunc'>, func=<bound method ZTestCase._test_case_start of <autopts.ptsprojects.zephyr.ztestcase.ZTestCase object at 0x000002622B2E6600>> start_wid=None stop_wid=None post_wid=None skip_call=None call_count=1 args=() kwds={}
2026-09-24 15:06:50,857 LT1-thread root DEBUG testcase.py               266   start                     : Test function parameters: args=(), kwds={}
2026-09-24 15:06:50,857 LT1-thread root DEBUG iutctl.py                 172   start                     : <class 'autopts.ptsprojects.zephyr.iutctl.create_zephyr_ctl_class.<locals>.ZephyrCtl'>.start
2026-09-24 15:06:50,857 LT1-thread root DEBUG iutctl.py                 325   flush_serial              : <class 'autopts.ptsprojects.zephyr.iutctl.create_zephyr_ctl_class.<locals>.ZephyrCtl'>.flush_serial
2026-09-24 15:06:52,043 LT1-thread root DEBUG iutctl.py                 249   _start_tty_mode           : Starting socat process: socat.exe -x -v tcp:10.17.12.9:53683,retry=100,interval=1 /dev/ttyS2,raw,b115200,
2026-09-24 15:06:52,050 LT1-thread root DEBUG iutctl_common.py          402   accept                    : 
2026-09-24 15:06:52,125 BTPWorkerThread-8830 (_rx_task) root DEBUG iutctl_common.py          299   _rx_task                  : BTPWorkerThread-8830 (_rx_task) started
2026-09-24 15:06:52,125 LT1-thread root DEBUG iutctl.py                 395   wait_iut_ready_event      : IUT ready event received OK
2026-09-24 15:06:52,125 LT1-thread root DEBUG btp.py                    51    read_supp_svcs            : 
2026-09-24 15:06:52,126 LT1-thread root DEBUG iutctl_common.py          161   send                      : 0 2 255 ''
2026-09-24 15:06:52,126 LT1-thread root DEBUG iutctl_common.py          166   send                      : sending frame '0002ff0000'
2026-09-24 15:06:52,126 LT1-thread root DEBUG iutctl_common.py          339   read                      : 
2026-09-24 15:06:52,136 BTPWorkerThread-8830 (_rx_task) root DEBUG iutctl_common.py          123   read                      : Read 5 bytes
2026-09-24 15:06:52,147 BTPWorkerThread-8830 (_rx_task) root DEBUG iutctl_common.py          131   read                      : Received: hdr: Header(svc_id=0x00, op=0x02, ctrl_index=0xff, data_len=0x06) bytearray(b'\x00\x02\xff\x06\x00')
2026-09-24 15:06:52,158 BTPWorkerThread-8830 (_rx_task) root DEBUG iutctl_common.py          139   read                      : Read 6 bytes data
2026-09-24 15:06:52,168 BTPWorkerThread-8830 (_rx_task) root DEBUG iutctl_common.py          154   read                      : Received data: {'0f 00 00 a0 ff 03'}, bytearray(b'\x0f\x00\x00\xa0\xff\x03')
2026-09-24 15:06:52,174 LT1-thread root DEBUG btp.py                    62    read_supp_svcs            : received Header(svc_id=0, op=2, ctrl_index=255, data_len=6) (b'\x0f\x00\x00\xa0\xff\x03',)
2026-09-24 15:06:52,174 LT1-thread root DEBUG testcase.py               254   start                     : Starting test function: class=<class 'autopts.ptsprojects.testcase.TestFunc'>, func=<function core_reg_svc_gap at 0x0000026227D2E160> start_wid=None stop_wid=None post_wid=None skip_call=None call_count=32 args=() kwds={}
2026-09-24 15:06:52,174 LT1-thread root DEBUG testcase.py               266   start                     : Test function parameters: args=(), kwds={}
2026-09-24 15:06:52,174 LT1-thread root DEBUG btp.py                    117   core_reg_svc_univ         : core_reg_svc_univ: gap_reg (GAP)
2026-09-24 15:06:52,174 LT1-thread root DEBUG iutctl_common.py          161   send                      : 0 3 255 '1'
2026-09-24 15:06:52,174 LT1-thread root DEBUG iutctl_common.py          166   send                      : sending frame '0003ff010001'
2026-09-24 15:06:52,174 LT1-thread root DEBUG btp.py                    654   core_reg_svc_rsp_succ     : 
2026-09-24 15:06:52,175 LT1-thread root DEBUG iutctl_common.py          339   read                      : 
2026-09-24 15:06:56,271 BTPWorkerThread-8830 (_rx_task) root DEBUG iutctl_common.py          123   read                      : Read 5 bytes
2026-09-24 15:06:56,282 BTPWorkerThread-8830 (_rx_task) root DEBUG iutctl_common.py          131   read                      : Received: hdr: Header(svc_id=0x00, op=0x03, ctrl_index=0xff, data_len=0x00) bytearray(b'\x00\x03\xff\x00\x00')
2026-09-24 15:06:56,293 BTPWorkerThread-8830 (_rx_task) root DEBUG iutctl_common.py          154   read                      : Received data: {''}, bytearray(b'')
2026-09-24 15:06:56,303 LT1-thread root DEBUG btp.py                    665   core_reg_svc_rsp_succ     : received Header(svc_id=0, op=3, ctrl_index=255, data_len=0) (b'',)
2026-09-24 15:06:56,303 LT1-thread root DEBUG btp.py                    666   core_reg_svc_rsp_succ     : expected ((0, 3, 255, 0), (b'',))
2026-09-24 15:06:56,303 LT1-thread root DEBUG btp.py                    671   core_reg_svc_rsp_succ     : response is valid
2026-09-24 15:06:56,303 LT1-thread root DEBUG btp.py                    674   core_reg_svc_rsp_succ     : Reading supported commands for service: GAP
2026-09-24 15:06:56,303 LT1-thread root DEBUG iutctl_common.py          161   send                      : 1 1 255 ''
2026-09-24 15:06:56,303 LT1-thread root DEBUG iutctl_common.py          166   send                      : sending frame '0101ff0000'
2026-09-24 15:06:56,304 LT1-thread root DEBUG iutctl_common.py          339   read                      : 
2026-09-24 15:06:56,337 BTPWorkerThread-8830 (_rx_task) root DEBUG iutctl_common.py          123   read                      : Read 5 bytes
2026-09-24 15:06:56,348 BTPWorkerThread-8830 (_rx_task) root DEBUG iutctl_common.py          131   read                      : Received: hdr: Header(svc_id=0x01, op=0x01, ctrl_index=0xff, data_len=0x07) bytearray(b'\x01\x01\xff\x07\x00')
2026-09-24 15:06:56,359 BTPWorkerThread-8830 (_rx_task) root DEBUG iutctl_common.py          139   read                      : Read 7 bytes data
2026-09-24 15:06:56,364 BTPWorkerThread-8830 (_rx_task) root DEBUG iutctl_common.py          154   read                      : Received data: {'6e ff 7f 1f fe ff 2e'}, bytearray(b'n\xff\x7f\x1f\xfe\xff.')
2026-09-24 15:06:56,374 LT1-thread root DEBUG testcase.py               254   start                     : Starting test function: class=<class 'autopts.ptsprojects.testcase.TestFunc'>, func=<bound method Stack.gap_init of <autopts.ptsprojects.stack.stack.Stack object at 0x000002622ACA1670>> start_wid=None stop_wid=None post_wid=None skip_call=None call_count=32 args=(b'Tester_08E44E', 'ABCD', '1111', '1111', '11', '1111', b'\x17github.com/auto-pts', (8, 'PADV_Tester'), 'FF') kwds={}
2026-09-24 15:06:56,374 LT1-thread root DEBUG testcase.py               266   start                     : Test function parameters: args=(b'Tester_08E44E', 'ABCD', '1111', '1111', '11', '1111', b'\x17github.com/auto-pts', (8, 'PADV_Tester'), 'FF'), kwds={}
2026-09-24 15:06:56,374 LT1-thread root DEBUG testcase.py               254   start                     : Starting test function: class=<class 'autopts.ptsprojects.testcase.TestFunc'>, func=<function gap_read_controller_info at 0x0000026227D6EB60> start_wid=None stop_wid=None post_wid=None skip_call=None call_count=32 args=() kwds={}
2026-09-24 15:06:56,374 LT1-thread root DEBUG testcase.py               266   start                     : Test function parameters: args=(), kwds={}
2026-09-24 15:06:56,375 LT1-thread root DEBUG gap.py                    1163  gap_read_controller_info  : 
2026-09-24 15:06:56,375 LT1-thread root DEBUG iutctl_common.py          161   send                      : 1 3 0 ''
2026-09-24 15:06:56,375 LT1-thread root DEBUG iutctl_common.py          166   send                      : sending frame '0103000000'
2026-09-24 15:06:56,375 LT1-thread root DEBUG iutctl_common.py          339   read                      : 
2026-09-24 15:06:56,412 BTPWorkerThread-8830 (_rx_task) root DEBUG iutctl_common.py          123   read                      : Read 5 bytes
2026-09-24 15:06:56,424 BTPWorkerThread-8830 (_rx_task) root DEBUG iutctl_common.py          131   read                      : Received: hdr: Header(svc_id=0x01, op=0x03, ctrl_index=0x00, data_len=0x115) bytearray(b'\x01\x03\x00\x15\x01')
2026-09-24 15:06:56,424 BTPWorkerThread-8830 (_rx_task) root DEBUG iutctl_common.py          139   read                      : Read 238 bytes data
2026-09-24 15:06:56,435 BTPWorkerThread-8830 (_rx_task) root DEBUG iutctl_common.py          139   read                      : Read 39 bytes data
2026-09-24 15:06:56,440 BTPWorkerThread-8830 (_rx_task) root DEBUG iutctl_common.py          154   read                      : Received data: {'19 78 ee 69 17 d0 d3 06 02 00 13 02 00 00 00 00 00 62 74 70 5f 74 65 73 74 65 72 00 00 00 00 00 00 00 00 00 00 00 00 00 00 00 00 00 00 00 00 00 00 00 00 00 00 00 00 00 00 00 00 00 00 00 00 00 00 00 00 00 00 00 00 00 00 00 00 00 00 00 00 00 00 00 00 00 00 00 00 00 00 00 00 00 00 00 00 00 00 00 00 00 00 00 00 00 00 00 00 00 00 00 00 00 00 00 00 00 00 00 00 00 00 00 00 00 00 00 00 00 00 00 00 00 00 00 00 00 00 00 00 00 00 00 00 00 00 00 00 00 00 00 00 00 00 00 00 00 00 00 00 00 00 00 00 00 00 00 00 00 00 00 00 00 00 00 00 00 00 00 00 00 00 00 00 00 00 00 00 00 00 00 00 00 00 00 00 00 00 00 00 00 00 00 00 00 00 00 00 00 00 00 00 00 00 00 00 00 00 00 00 00 00 00 00 00 00 00 00 00 00 00 00 00 00 00 00 00 00 00 00 00 00 00 00 00 00 00 00 00 00 00 00 00 00 00 00 00 00 00 00 00 00 00 00 00 00 00 00 00 00 00 00 00 00 00 00 00 00'}, bytearray(b'\x19x\xeei\x17\xd0\xd3\x06\x02\x00\x13\x02\x00\x00\x00\x00\x00btp_tester\x00\x00\x00\x00\x00\x00\x00\x00\x00\x00\x00\x00\x00\x00\x00\x00\x00\x00\x00\x00\x00\x00\x00\x00\x00\x00\x00\x00\x00\x00\x00\x00\x00\x00\x00\x00\x00\x00\x00\x00\x00\x00\x00\x00\x00\x00\x00\x00\x00\x00\x00\x00\x00\x00\x00\x00\x00\x00\x00\x00\x00\x00\x00\x00\x00\x00\x00\x00\x00\x00\x00\x00\x00\x00\x00\x00\x00\x00\x00\x00\x00\x00\x00\x00\x00\x00\x00\x00\x00\x00\x00\x00\x00\x00\x00\x00\x00\x00\x00\x00\x00\x00\x00\x00\x00\x00\x00\x00\x00\x00\x00\x00\x00\x00\x00\x00\x00\x00\x00\x00\x00\x00\x00\x00\x00\x00\x00\x00\x00\x00\x00\x00\x00\x00\x00\x00\x00\x00\x00\x00\x00\x00\x00\x00\x00\x00\x00\x00\x00\x00\x00\x00\x00\x00\x00\x00\x00\x00\x00\x00\x00\x00\x00\x00\x00\x00\x00\x00\x00\x00\x00\x00\x00\x00\x00\x00\x00\x00\x00\x00\x00\x00\x00\x00\x00\x00\x00\x00\x00\x00\x00\x00\x00\x00\x00\x00\x00\x00\x00\x00\x00\x00\x00\x00\x00\x00\x00\x00\x00\x00\x00\x00\x00\x00\x00\x00\x00\x00\x00\x00\x00\x00\x00\x00\x00\x00\x00\x00\x00\x00\x00\x00\x00\x00\x00\x00\x00\x00\x00\x00\x00\x00\x00\x00\x00\x00\x00\x00\x00\x00')
2026-09-24 15:06:56,446 LT1-thread root DEBUG gap.py                    1170  gap_read_controller_info  : received Header(svc_id=1, op=3, ctrl_index=0, data_len=277) (b'\x19x\xeei\x17\xd0\xd3\x06\x02\x00\x13\x02\x00\x00\x00\x00\x00btp_tester\x00\x00\x00\x00\x00\x00\x00\x00\x00\x00\x00\x00\x00\x00\x00\x00\x00\x00\x00\x00\x00\x00\x00\x00\x00\x00\x00\x00\x00\x00\x00\x00\x00\x00\x00\x00\x00\x00\x00\x00\x00\x00\x00\x00\x00\x00\x00\x00\x00\x00\x00\x00\x00\x00\x00\x00\x00\x00\x00\x00\x00\x00\x00\x00\x00\x00\x00\x00\x00\x00\x00\x00\x00\x00\x00\x00\x00\x00\x00\x00\x00\x00\x00\x00\x00\x00\x00\x00\x00\x00\x00\x00\x00\x00\x00\x00\x00\x00\x00\x00\x00\x00\x00\x00\x00\x00\x00\x00\x00\x00\x00\x00\x00\x00\x00\x00\x00\x00\x00\x00\x00\x00\x00\x00\x00\x00\x00\x00\x00\x00\x00\x00\x00\x00\x00\x00\x00\x00\x00\x00\x00\x00\x00\x00\x00\x00\x00\x00\x00\x00\x00\x00\x00\x00\x00\x00\x00\x00\x00\x00\x00\x00\x00\x00\x00\x00\x00\x00\x00\x00\x00\x00\x00\x00\x00\x00\x00\x00\x00\x00\x00\x00\x00\x00\x00\x00\x00\x00\x00\x00\x00\x00\x00\x00\x00\x00\x00\x00\x00\x00\x00\x00\x00\x00\x00\x00\x00\x00\x00\x00\x00\x00\x00\x00\x00\x00\x00\x00\x00\x00\x00\x00\x00\x00\x00\x00\x00\x00\x00\x00\x00\x00\x00\x00\x00\x00\x00\x00\x00\x00\x00\x00\x00\x00\x00\x00\x00\x00\x00\x00',)
2026-09-24 15:06:56,446 LT1-thread root DEBUG gap.py                    1191  gap_read_controller_info  : IUT address 'd01769ee7819' 'public'
2026-09-24 15:06:56,446 LT1-thread root DEBUG gap.py                    596   __gap_current_settings_update : 531
2026-09-24 15:06:56,446 LT1-thread root DEBUG testcase.py               254   start                     : Starting test function: class=<class 'autopts.ptsprojects.testcase.TestFunc'>, func=<function test_cases.<locals>.<lambda> at 0x000002622B3920C0> start_wid=None stop_wid=None post_wid=None skip_call=None call_count=32 args=() kwds={}
2026-09-24 15:06:56,446 LT1-thread root DEBUG testcase.py               266   start                     : Test function parameters: args=(), kwds={}
2026-09-24 15:06:56,455 LT1-thread root DEBUG testcase.py               254   start                     : Starting test function: class=<class 'autopts.ptsprojects.testcase.TestFunc'>, func=<function test_cases.<locals>.<lambda> at 0x000002622B392020> start_wid=None stop_wid=None post_wid=None skip_call=None call_count=32 args=() kwds={}
2026-09-24 15:06:56,456 LT1-thread root DEBUG testcase.py               266   start                     : Test function parameters: args=(), kwds={}
2026-09-24 15:06:56,465 LT1-thread root DEBUG testcase.py               254   start                     : Starting test function: class=<class 'autopts.ptsprojects.testcase.TestFunc'>, func=<function test_cases.<locals>.<lambda> at 0x000002622B392160> start_wid=None stop_wid=None post_wid=None skip_call=None call_count=32 args=() kwds={}
2026-09-24 15:06:56,466 LT1-thread root DEBUG testcase.py               266   start                     : Test function parameters: args=(), kwds={}
2026-09-24 15:06:56,477 LT1-thread root DEBUG testcase.py               254   start                     : Starting test function: class=<class 'autopts.ptsprojects.testcase.TestFunc'>, func=<function test_cases.<locals>.<lambda> at 0x000002622B392200> start_wid=None stop_wid=None post_wid=None skip_call=None call_count=32 args=() kwds={}
2026-09-24 15:06:56,477 LT1-thread root DEBUG testcase.py               266   start                     : Test function parameters: args=(), kwds={}
2026-09-24 15:06:56,486 LT1-thread root DEBUG testcase.py               254   start                     : Starting test function: class=<class 'autopts.ptsprojects.testcase.TestFunc'>, func=<function test_cases.<locals>.<lambda> at 0x000002622B3922A0> start_wid=None stop_wid=None post_wid=None skip_call=None call_count=32 args=() kwds={}
2026-09-24 15:06:56,487 LT1-thread root DEBUG testcase.py               266   start                     : Test function parameters: args=(), kwds={}
2026-09-24 15:06:56,496 LT1-thread root DEBUG testcase.py               254   start                     : Starting test function: class=<class 'autopts.ptsprojects.testcase.TestFunc'>, func=<function test_cases.<locals>.<lambda> at 0x000002622B392340> start_wid=None stop_wid=None post_wid=None skip_call=None call_count=32 args=() kwds={}
2026-09-24 15:06:56,496 LT1-thread root DEBUG testcase.py               266   start                     : Test function parameters: args=(), kwds={}
2026-09-24 15:06:56,505 LT1-thread root DEBUG testcase.py               254   start                     : Starting test function: class=<class 'autopts.ptsprojects.testcase.TestFunc'>, func=<function test_cases.<locals>.<lambda> at 0x000002622B3923E0> start_wid=None stop_wid=None post_wid=None skip_call=None call_count=32 args=() kwds={}
2026-09-24 15:06:56,505 LT1-thread root DEBUG testcase.py               266   start                     : Test function parameters: args=(), kwds={}
2026-09-24 15:06:56,514 LT1-thread root DEBUG testcase.py               254   start                     : Starting test function: class=<class 'autopts.ptsprojects.testcase.TestFunc'>, func=<function test_cases.<locals>.<lambda> at 0x000002622B392480> start_wid=None stop_wid=None post_wid=None skip_call=None call_count=32 args=() kwds={}
2026-09-24 15:06:56,514 LT1-thread root DEBUG testcase.py               266   start                     : Test function parameters: args=(), kwds={}
2026-09-24 15:06:56,524 LT1-thread root DEBUG testcase.py               254   start                     : Starting test function: class=<class 'autopts.ptsprojects.testcase.TestFunc'>, func=<function test_cases.<locals>.<lambda> at 0x000002622B392520> start_wid=None stop_wid=None post_wid=None skip_call=None call_count=32 args=() kwds={}
2026-09-24 15:06:56,524 LT1-thread root DEBUG testcase.py               266   start                     : Test function parameters: args=(), kwds={}
2026-09-24 15:06:56,533 LT1-thread root DEBUG testcase.py               254   start                     : Starting test function: class=<class 'autopts.ptsprojects.testcase.TestFunc'>, func=<function test_cases.<locals>.<lambda> at 0x000002622B3925C0> start_wid=None stop_wid=None post_wid=None skip_call=None call_count=32 args=() kwds={}
2026-09-24 15:06:56,533 LT1-thread root DEBUG testcase.py               266   start                     : Test function parameters: args=(), kwds={}
2026-09-24 15:06:56,542 LT1-thread root DEBUG testcase.py               254   start                     : Starting test function: class=<class 'autopts.ptsprojects.testcase.TestFunc'>, func=<function core_reg_svc_gatt at 0x0000026227D2E2A0> start_wid=None stop_wid=None post_wid=None skip_call=None call_count=32 args=() kwds={}
2026-09-24 15:06:56,542 LT1-thread root DEBUG testcase.py               266   start                     : Test function parameters: args=(), kwds={}
2026-09-24 15:06:56,542 LT1-thread root DEBUG btp.py                    117   core_reg_svc_univ         : core_reg_svc_univ: gatt_reg (GATT)
2026-09-24 15:06:56,543 LT1-thread root DEBUG iutctl_common.py          161   send                      : 0 3 255 '2'
2026-09-24 15:06:56,543 LT1-thread root DEBUG iutctl_common.py          166   send                      : sending frame '0003ff010002'
2026-09-24 15:06:56,543 LT1-thread root DEBUG btp.py                    654   core_reg_svc_rsp_succ     : 
2026-09-24 15:06:56,543 LT1-thread root DEBUG iutctl_common.py          339   read                      : 
2026-09-24 15:06:56,578 BTPWorkerThread-8830 (_rx_task) root DEBUG iutctl_common.py          123   read                      : Read 5 bytes
2026-09-24 15:06:56,584 BTPWorkerThread-8830 (_rx_task) root DEBUG iutctl_common.py          131   read                      : Received: hdr: Header(svc_id=0x00, op=0x03, ctrl_index=0xff, data_len=0x00) bytearray(b'\x00\x03\xff\x00\x00')
2026-09-24 15:06:56,590 BTPWorkerThread-8830 (_rx_task) root DEBUG iutctl_common.py          154   read                      : Received data: {''}, bytearray(b'')
2026-09-24 15:06:56,590 LT1-thread root DEBUG btp.py                    665   core_reg_svc_rsp_succ     : received Header(svc_id=0, op=3, ctrl_index=255, data_len=0) (b'',)
2026-09-24 15:06:56,590 LT1-thread root DEBUG btp.py                    666   core_reg_svc_rsp_succ     : expected ((0, 3, 255, 0), (b'',))
2026-09-24 15:06:56,590 LT1-thread root DEBUG btp.py                    671   core_reg_svc_rsp_succ     : response is valid
2026-09-24 15:06:56,590 LT1-thread root DEBUG btp.py                    674   core_reg_svc_rsp_succ     : Reading supported commands for service: GATT
2026-09-24 15:06:56,591 LT1-thread root DEBUG iutctl_common.py          161   send                      : 2 1 255 ''
2026-09-24 15:06:56,591 LT1-thread root DEBUG iutctl_common.py          166   send                      : sending frame '0201ff0000'
2026-09-24 15:06:56,591 LT1-thread root DEBUG iutctl_common.py          339   read                      : 
2026-09-24 15:06:56,621 BTPWorkerThread-8830 (_rx_task) root DEBUG iutctl_common.py          123   read                      : Read 5 bytes
2026-09-24 15:06:56,633 BTPWorkerThread-8830 (_rx_task) root DEBUG iutctl_common.py          131   read                      : Received: hdr: Header(svc_id=0x02, op=0x01, ctrl_index=0xff, data_len=0x05) bytearray(b'\x02\x01\xff\x05\x00')
2026-09-24 15:06:56,656 BTPWorkerThread-8830 (_rx_task) root DEBUG iutctl_common.py          139   read                      : Read 5 bytes data
2026-09-24 15:06:56,667 BTPWorkerThread-8830 (_rx_task) root DEBUG iutctl_common.py          154   read                      : Received data: {'fe fe bf fd 0f'}, bytearray(b'\xfe\xfe\xbf\xfd\x0f')
2026-09-24 15:06:56,678 LT1-thread root DEBUG testcase.py               254   start                     : Starting test function: class=<class 'autopts.ptsprojects.testcase.TestFunc'>, func=<bound method Stack.gatt_init of <autopts.ptsprojects.stack.stack.Stack object at 0x000002622ACA1670>> start_wid=None stop_wid=None post_wid=None skip_call=None call_count=32 args=() kwds={}
2026-09-24 15:06:56,678 LT1-thread root DEBUG testcase.py               266   start                     : Test function parameters: args=(), kwds={}
2026-09-24 15:06:56,678 LT1-thread root DEBUG testcase.py               254   start                     : Starting test function: class=<class 'autopts.ptsprojects.testcase.TestFunc'>, func=<function gap_set_io_capability at 0x0000026227D6E020> start_wid=None stop_wid=None post_wid=None skip_call=None call_count=32 args=(4,) kwds={}
2026-09-24 15:06:56,678 LT1-thread root DEBUG testcase.py               266   start                     : Test function parameters: args=(4,), kwds={}
2026-09-24 15:06:56,678 LT1-thread root DEBUG gap.py                    861   gap_set_io_capability     : 4
2026-09-24 15:06:56,678 LT1-thread root DEBUG iutctl_common.py          161   send                      : 1 16 0 '\x04'
2026-09-24 15:06:56,678 LT1-thread root DEBUG iutctl_common.py          166   send                      : sending frame '011000010004'
2026-09-24 15:06:56,679 LT1-thread root DEBUG gap.py                    1229  gap_command_rsp_succ      : 
2026-09-24 15:06:56,679 LT1-thread root DEBUG iutctl_common.py          339   read                      : 
2026-09-24 15:06:56,716 BTPWorkerThread-8830 (_rx_task) root DEBUG iutctl_common.py          123   read                      : Read 5 bytes
2026-09-24 15:06:56,727 BTPWorkerThread-8830 (_rx_task) root DEBUG iutctl_common.py          131   read                      : Received: hdr: Header(svc_id=0x01, op=0x10, ctrl_index=0x00, data_len=0x00) bytearray(b'\x01\x10\x00\x00\x00')
2026-09-24 15:06:56,737 BTPWorkerThread-8830 (_rx_task) root DEBUG iutctl_common.py          154   read                      : Received data: {''}, bytearray(b'')
2026-09-24 15:06:56,755 LT1-thread root DEBUG gap.py                    1234  gap_command_rsp_succ      : received Header(svc_id=1, op=16, ctrl_index=0, data_len=0) (b'',)
2026-09-24 15:06:56,755 LT1-thread root DEBUG testcase.py               254   start                     : Starting test function: class=<class 'autopts.ptsprojects.testcase.TestFunc'>, func=<function gap_set_broadcast_code at 0x0000026227D74220> start_wid=None stop_wid=None post_wid=None skip_call=None call_count=32 args=('0102680553F1415AA265BBAFC6EA03B8',) kwds={}
2026-09-24 15:06:56,755 LT1-thread root DEBUG testcase.py               266   start                     : Test function parameters: args=('0102680553F1415AA265BBAFC6EA03B8',), kwds={}
2026-09-24 15:06:56,755 LT1-thread root DEBUG gap.py                    1891  gap_set_broadcast_code    : '0102680553F1415AA265BBAFC6EA03B8'
2026-09-24 15:06:56,755 LT1-thread root DEBUG testcase.py               254   start                     : Starting test function: class=<class 'autopts.ptsprojects.testcase.TestFunc'>, func=<function set_pts_addr at 0x0000026227D2DD00> start_wid=None stop_wid=None post_wid=None skip_call=None call_count=32 args=('00:1B:DC:08:E4:4E', 0) kwds={}
2026-09-24 15:06:56,755 LT1-thread root DEBUG testcase.py               266   start                     : Test function parameters: args=('00:1B:DC:08:E4:4E', 0), kwds={}
2026-09-24 15:06:56,756 LT1-thread root DEBUG testcase.py               254   start                     : Starting test function: class=<class 'autopts.ptsprojects.testcase.TestFunc'>, func=<function gatts_add_svc at 0x0000026227D85940> start_wid=None stop_wid=None post_wid=None skip_call=None call_count=32 args=(0, 'AA51') kwds={}
2026-09-24 15:06:56,756 LT1-thread root DEBUG testcase.py               266   start                     : Test function parameters: args=(0, 'AA51'), kwds={}
2026-09-24 15:06:56,756 LT1-thread root DEBUG gatt.py                   143   gatts_add_svc             : 0 'AA51'
2026-09-24 15:06:56,756 LT1-thread root DEBUG iutctl_common.py          161   send                      : 2 2 0 "bytearray(b'\\x00\\x02Q\\xaa')"
2026-09-24 15:06:56,756 LT1-thread root DEBUG iutctl_common.py          166   send                      : sending frame '0202000400000251aa'
2026-09-24 15:06:56,756 LT1-thread root DEBUG gatt.py                   1190  gatt_command_rsp_succ     : 
2026-09-24 15:06:56,756 LT1-thread root DEBUG iutctl_common.py          339   read                      : 
2026-09-24 15:06:56,792 BTPWorkerThread-8830 (_rx_task) root DEBUG iutctl_common.py          123   read                      : Read 5 bytes
2026-09-24 15:06:56,803 BTPWorkerThread-8830 (_rx_task) root DEBUG iutctl_common.py          131   read                      : Received: hdr: Header(svc_id=0x02, op=0x02, ctrl_index=0x00, data_len=0x02) bytearray(b'\x02\x02\x00\x02\x00')
2026-09-24 15:06:56,819 BTPWorkerThread-8830 (_rx_task) root DEBUG iutctl_common.py          139   read                      : Read 2 bytes data
2026-09-24 15:06:56,830 BTPWorkerThread-8830 (_rx_task) root DEBUG iutctl_common.py          154   read                      : Received data: {'00 00'}, bytearray(b'\x00\x00')
2026-09-24 15:06:56,846 LT1-thread root DEBUG gatt.py                   1195  gatt_command_rsp_succ     : received Header(svc_id=2, op=2, ctrl_index=0, data_len=2) (b'\x00\x00',)
2026-09-24 15:06:56,846 LT1-thread root DEBUG testcase.py               254   start                     : Starting test function: class=<class 'autopts.ptsprojects.testcase.TestFunc'>, func=<function gatts_add_char at 0x0000026227D85A80> start_wid=None stop_wid=None post_wid=None skip_call=None call_count=32 args=(0, 2, 17, 'AA52') kwds={}
2026-09-24 15:06:56,846 LT1-thread root DEBUG testcase.py               266   start                     : Test function parameters: args=(0, 2, 17, 'AA52'), kwds={}
2026-09-24 15:06:56,846 LT1-thread root DEBUG gatt.py                   177   gatts_add_char            : 0 2 17 'AA52'
2026-09-24 15:06:56,846 LT1-thread root DEBUG iutctl_common.py          161   send                      : 2 3 0 "bytearray(b'\\x00\\x00\\x02\\x11\\x02R\\xaa')"
2026-09-24 15:06:56,846 LT1-thread root DEBUG iutctl_common.py          166   send                      : sending frame '0203000700000002110252aa'
2026-09-24 15:06:56,847 LT1-thread root DEBUG gatt.py                   1190  gatt_command_rsp_succ     : 
2026-09-24 15:06:56,847 LT1-thread root DEBUG iutctl_common.py          339   read                      : 
2026-09-24 15:06:56,891 BTPWorkerThread-8830 (_rx_task) root DEBUG iutctl_common.py          123   read                      : Read 5 bytes
2026-09-24 15:06:56,902 BTPWorkerThread-8830 (_rx_task) root DEBUG iutctl_common.py          131   read                      : Received: hdr: Header(svc_id=0x02, op=0x03, ctrl_index=0x00, data_len=0x02) bytearray(b'\x02\x03\x00\x02\x00')
2026-09-24 15:06:56,913 BTPWorkerThread-8830 (_rx_task) root DEBUG iutctl_common.py          139   read                      : Read 2 bytes data
2026-09-24 15:06:56,913 BTPWorkerThread-8830 (_rx_task) root DEBUG iutctl_common.py          154   read                      : Received data: {'00 00'}, bytearray(b'\x00\x00')
2026-09-24 15:06:56,913 LT1-thread root DEBUG gatt.py                   1195  gatt_command_rsp_succ     : received Header(svc_id=2, op=3, ctrl_index=0, data_len=2) (b'\x00\x00',)
2026-09-24 15:06:56,913 LT1-thread root DEBUG testcase.py               254   start                     : Starting test function: class=<class 'autopts.ptsprojects.testcase.TestFunc'>, func=<function gatts_set_val at 0x0000026227D85B20> start_wid=None stop_wid=None post_wid=None skip_call=None call_count=32 args=(0, '01') kwds={}
2026-09-24 15:06:56,913 LT1-thread root DEBUG testcase.py               266   start                     : Test function parameters: args=(0, '01'), kwds={}
2026-09-24 15:06:56,914 LT1-thread root DEBUG gatt.py                   209   gatts_set_val             : 0 '01' 
2026-09-24 15:06:56,914 LT1-thread root DEBUG iutctl_common.py          161   send                      : 2 6 0 "bytearray(b'\\x00\\x00\\x01\\x00\\x01')"
2026-09-24 15:06:56,914 LT1-thread root DEBUG iutctl_common.py          166   send                      : sending frame '02060005000000010001'
2026-09-24 15:06:56,914 LT1-thread root DEBUG gatt.py                   1190  gatt_command_rsp_succ     : 
2026-09-24 15:06:56,914 LT1-thread root DEBUG iutctl_common.py          339   read                      : 
2026-09-24 15:06:56,951 BTPWorkerThread-8830 (_rx_task) root DEBUG iutctl_common.py          123   read                      : Read 5 bytes
2026-09-24 15:06:56,962 BTPWorkerThread-8830 (_rx_task) root DEBUG iutctl_common.py          131   read                      : Received: hdr: Header(svc_id=0x02, op=0x06, ctrl_index=0x00, data_len=0x00) bytearray(b'\x02\x06\x00\x00\x00')
2026-09-24 15:06:56,973 BTPWorkerThread-8830 (_rx_task) root DEBUG iutctl_common.py          154   read                      : Received data: {''}, bytearray(b'')
2026-09-24 15:06:56,983 LT1-thread root DEBUG gatt.py                   1195  gatt_command_rsp_succ     : received Header(svc_id=2, op=6, ctrl_index=0, data_len=0) (b'',)
2026-09-24 15:06:56,983 LT1-thread root DEBUG testcase.py               254   start                     : Starting test function: class=<class 'autopts.ptsprojects.testcase.TestFunc'>, func=<function gatts_add_char at 0x0000026227D85A80> start_wid=None stop_wid=None post_wid=None skip_call=None call_count=32 args=(0, 2, 5, 'AA53') kwds={}
2026-09-24 15:06:56,983 LT1-thread root DEBUG testcase.py               266   start                     : Test function parameters: args=(0, 2, 5, 'AA53'), kwds={}
2026-09-24 15:06:56,983 LT1-thread root DEBUG gatt.py                   177   gatts_add_char            : 0 2 5 'AA53'
2026-09-24 15:06:56,983 LT1-thread root DEBUG iutctl_common.py          161   send                      : 2 3 0 "bytearray(b'\\x00\\x00\\x02\\x05\\x02S\\xaa')"
2026-09-24 15:06:56,983 LT1-thread root DEBUG iutctl_common.py          166   send                      : sending frame '0203000700000002050253aa'
2026-09-24 15:06:56,984 LT1-thread root DEBUG gatt.py                   1190  gatt_command_rsp_succ     : 
2026-09-24 15:06:56,984 LT1-thread root DEBUG iutctl_common.py          339   read                      : 
2026-09-24 15:06:57,022 BTPWorkerThread-8830 (_rx_task) root DEBUG iutctl_common.py          123   read                      : Read 5 bytes
2026-09-24 15:06:57,034 BTPWorkerThread-8830 (_rx_task) root DEBUG iutctl_common.py          131   read                      : Received: hdr: Header(svc_id=0x02, op=0x03, ctrl_index=0x00, data_len=0x02) bytearray(b'\x02\x03\x00\x02\x00')
2026-09-24 15:06:57,045 BTPWorkerThread-8830 (_rx_task) root DEBUG iutctl_common.py          139   read                      : Read 2 bytes data
2026-09-24 15:06:57,057 BTPWorkerThread-8830 (_rx_task) root DEBUG iutctl_common.py          154   read                      : Received data: {'00 00'}, bytearray(b'\x00\x00')
2026-09-24 15:06:57,057 LT1-thread root DEBUG gatt.py                   1195  gatt_command_rsp_succ     : received Header(svc_id=2, op=3, ctrl_index=0, data_len=2) (b'\x00\x00',)
2026-09-24 15:06:57,057 LT1-thread root DEBUG testcase.py               254   start                     : Starting test function: class=<class 'autopts.ptsprojects.testcase.TestFunc'>, func=<function gatts_set_val at 0x0000026227D85B20> start_wid=None stop_wid=None post_wid=None skip_call=None call_count=32 args=(0, '02') kwds={}
2026-09-24 15:06:57,057 LT1-thread root DEBUG testcase.py               266   start                     : Test function parameters: args=(0, '02'), kwds={}
2026-09-24 15:06:57,057 LT1-thread root DEBUG gatt.py                   209   gatts_set_val             : 0 '02' 
2026-09-24 15:06:57,058 LT1-thread root DEBUG iutctl_common.py          161   send                      : 2 6 0 "bytearray(b'\\x00\\x00\\x01\\x00\\x02')"
2026-09-24 15:06:57,058 LT1-thread root DEBUG iutctl_common.py          166   send                      : sending frame '02060005000000010002'
2026-09-24 15:06:57,058 LT1-thread root DEBUG gatt.py                   1190  gatt_command_rsp_succ     : 
2026-09-24 15:06:57,058 LT1-thread root DEBUG iutctl_common.py          339   read                      : 
2026-09-24 15:06:57,094 BTPWorkerThread-8830 (_rx_task) root DEBUG iutctl_common.py          123   read                      : Read 5 bytes
2026-09-24 15:06:57,105 BTPWorkerThread-8830 (_rx_task) root DEBUG iutctl_common.py          131   read                      : Received: hdr: Header(svc_id=0x02, op=0x06, ctrl_index=0x00, data_len=0x00) bytearray(b'\x02\x06\x00\x00\x00')
2026-09-24 15:06:57,116 BTPWorkerThread-8830 (_rx_task) root DEBUG iutctl_common.py          154   read                      : Received data: {''}, bytearray(b'')
2026-09-24 15:06:57,122 LT1-thread root DEBUG gatt.py                   1195  gatt_command_rsp_succ     : received Header(svc_id=2, op=6, ctrl_index=0, data_len=0) (b'',)
2026-09-24 15:06:57,122 LT1-thread root DEBUG testcase.py               254   start                     : Starting test function: class=<class 'autopts.ptsprojects.testcase.TestFunc'>, func=<function gatts_add_char at 0x0000026227D85A80> start_wid=None stop_wid=None post_wid=None skip_call=None call_count=32 args=(0, 10, 48, 'AA55') kwds={}
2026-09-24 15:06:57,122 LT1-thread root DEBUG testcase.py               266   start                     : Test function parameters: args=(0, 10, 48, 'AA55'), kwds={}
2026-09-24 15:06:57,122 LT1-thread root DEBUG gatt.py                   177   gatts_add_char            : 0 10 48 'AA55'
2026-09-24 15:06:57,122 LT1-thread root DEBUG iutctl_common.py          161   send                      : 2 3 0 "bytearray(b'\\x00\\x00\\n0\\x02U\\xaa')"
2026-09-24 15:06:57,122 LT1-thread root DEBUG iutctl_common.py          166   send                      : sending frame '020300070000000a300255aa'
2026-09-24 15:06:57,123 LT1-thread root DEBUG gatt.py                   1190  gatt_command_rsp_succ     : 
2026-09-24 15:06:57,123 LT1-thread root DEBUG iutctl_common.py          339   read                      : 
2026-09-24 15:06:57,165 BTPWorkerThread-8830 (_rx_task) root DEBUG iutctl_common.py          123   read                      : Read 5 bytes
2026-09-24 15:06:57,171 BTPWorkerThread-8830 (_rx_task) root DEBUG iutctl_common.py          131   read                      : Received: hdr: Header(svc_id=0x02, op=0x03, ctrl_index=0x00, data_len=0x02) bytearray(b'\x02\x03\x00\x02\x00')
2026-09-24 15:06:57,177 BTPWorkerThread-8830 (_rx_task) root DEBUG iutctl_common.py          139   read                      : Read 2 bytes data
2026-09-24 15:06:57,182 BTPWorkerThread-8830 (_rx_task) root DEBUG iutctl_common.py          154   read                      : Received data: {'00 00'}, bytearray(b'\x00\x00')
2026-09-24 15:06:57,194 LT1-thread root DEBUG gatt.py                   1195  gatt_command_rsp_succ     : received Header(svc_id=2, op=3, ctrl_index=0, data_len=2) (b'\x00\x00',)
2026-09-24 15:06:57,194 LT1-thread root DEBUG testcase.py               254   start                     : Starting test function: class=<class 'autopts.ptsprojects.testcase.TestFunc'>, func=<function gatts_set_val at 0x0000026227D85B20> start_wid=None stop_wid=None post_wid=None skip_call=None call_count=32 args=(0, '04') kwds={}
2026-09-24 15:06:57,194 LT1-thread root DEBUG testcase.py               266   start                     : Test function parameters: args=(0, '04'), kwds={}
2026-09-24 15:06:57,194 LT1-thread root DEBUG gatt.py                   209   gatts_set_val             : 0 '04' 
2026-09-24 15:06:57,194 LT1-thread root DEBUG iutctl_common.py          161   send                      : 2 6 0 "bytearray(b'\\x00\\x00\\x01\\x00\\x04')"
2026-09-24 15:06:57,194 LT1-thread root DEBUG iutctl_common.py          166   send                      : sending frame '02060005000000010004'
2026-09-24 15:06:57,195 LT1-thread root DEBUG gatt.py                   1190  gatt_command_rsp_succ     : 
2026-09-24 15:06:57,195 LT1-thread root DEBUG iutctl_common.py          339   read                      : 
2026-09-24 15:06:57,225 BTPWorkerThread-8830 (_rx_task) root DEBUG iutctl_common.py          123   read                      : Read 5 bytes
2026-09-24 15:06:57,230 BTPWorkerThread-8830 (_rx_task) root DEBUG iutctl_common.py          131   read                      : Received: hdr: Header(svc_id=0x02, op=0x06, ctrl_index=0x00, data_len=0x00) bytearray(b'\x02\x06\x00\x00\x00')
2026-09-24 15:06:57,236 BTPWorkerThread-8830 (_rx_task) root DEBUG iutctl_common.py          154   read                      : Received data: {''}, bytearray(b'')
2026-09-24 15:06:57,246 LT1-thread root DEBUG gatt.py                   1195  gatt_command_rsp_succ     : received Header(svc_id=2, op=6, ctrl_index=0, data_len=0) (b'',)
2026-09-24 15:06:57,246 LT1-thread root DEBUG testcase.py               254   start                     : Starting test function: class=<class 'autopts.ptsprojects.testcase.TestFunc'>, func=<function gatts_start_server at 0x0000026227D85DA0> start_wid=None stop_wid=None post_wid=None skip_call=None call_count=32 args=() kwds={}
2026-09-24 15:06:57,246 LT1-thread root DEBUG testcase.py               266   start                     : Test function parameters: args=(), kwds={}
2026-09-24 15:06:57,246 LT1-thread root DEBUG gatt.py                   306   gatts_start_server        : 
2026-09-24 15:06:57,246 LT1-thread root DEBUG iutctl_common.py          161   send                      : 2 7 0 ''
2026-09-24 15:06:57,246 LT1-thread root DEBUG iutctl_common.py          166   send                      : sending frame '0207000000'
2026-09-24 15:06:57,247 LT1-thread root DEBUG gatt.py                   1190  gatt_command_rsp_succ     : 
2026-09-24 15:06:57,247 LT1-thread root DEBUG iutctl_common.py          339   read                      : 
2026-09-24 15:06:57,280 BTPWorkerThread-8830 (_rx_task) root DEBUG iutctl_common.py          123   read                      : Read 5 bytes
2026-09-24 15:06:57,291 BTPWorkerThread-8830 (_rx_task) root DEBUG iutctl_common.py          131   read                      : Received: hdr: Header(svc_id=0x02, op=0x07, ctrl_index=0x00, data_len=0x03) bytearray(b'\x02\x07\x00\x03\x00')
2026-09-24 15:06:57,302 BTPWorkerThread-8830 (_rx_task) root DEBUG iutctl_common.py          139   read                      : Read 3 bytes data
2026-09-24 15:06:57,313 BTPWorkerThread-8830 (_rx_task) root DEBUG iutctl_common.py          154   read                      : Received data: {'00 00 00'}, bytearray(b'\x00\x00\x00')
2026-09-24 15:06:57,330 LT1-thread root DEBUG gatt.py                   1195  gatt_command_rsp_succ     : received Header(svc_id=2, op=7, ctrl_index=0, data_len=3) (b'\x00\x00\x00',)
2026-09-24 15:06:57,332 LT1-thread root DEBUG client.py                 276   get_result                : ClientCallback.get_result run_test_case
2026-09-24 15:06:59,546 LT1-callback ClientCallback.on_implicit_send INFO client.py                 223   on_implicit_send          : 
    ********************
    BEGIN OnImplicitSend:
    project_name: GAP
    wid: 146
    test_case_name: GAP/IDLE/GIN/BV-01-C
    description: Please start general inquiry. Click 'Yes' If IUT does discovers PTS and ready for PTS to initiate a create connection otherwise click 'No'.
    style: MMI_Style_Yes_No1 0x11044
2026-09-24 15:06:59,546 LT1-callback ClientCallback.on_implicit_send INFO client.py                 236   on_implicit_send          : Calling test cases on_implicit_send
2026-09-24 15:06:59,546 LT1-callback ClientCallback.on_implicit_send INFO client.py                 249   on_implicit_send          : 
    on_implicit_send returned response: WAIT
    END OnImplicitSend
    ********************
2026-09-24 15:07:00,334 LT1-thread root DEBUG testcase.py               679   run_wid                   : GAP GAP/IDLE/GIN/BV-01-C on_implicit_send
2026-09-24 15:07:00,334 LT1-thread root DEBUG gap_wid.py                26    gap_wid_hdl               : gap_wid_hdl, 146, Please start general inquiry. Click 'Yes' If IUT does discovers PTS and ready for PTS to initiate a create connection otherwise click 'No'., GAP/IDLE/GIN/BV-01-C
2026-09-24 15:07:00,334 LT1-thread root DEBUG gap.py                    1122  gap_start_discovery       : 
2026-09-24 15:07:00,334 LT1-thread root DEBUG iutctl_common.py          161   send                      : 1 12 0 '\x02'
2026-09-24 15:07:00,334 LT1-thread root DEBUG iutctl_common.py          166   send                      : sending frame '010c00010002'
2026-09-24 15:07:00,334 LT1-thread root DEBUG gap.py                    1229  gap_command_rsp_succ      : 
2026-09-24 15:07:00,334 LT1-thread root DEBUG iutctl_common.py          339   read                      : 
2026-09-24 15:07:00,366 BTPWorkerThread-8830 (_rx_task) root DEBUG iutctl_common.py          123   read                      : Read 5 bytes
2026-09-24 15:07:00,371 BTPWorkerThread-8830 (_rx_task) root DEBUG iutctl_common.py          131   read                      : Received: hdr: Header(svc_id=0x01, op=0x0c, ctrl_index=0x00, data_len=0x00) bytearray(b'\x01\x0c\x00\x00\x00')
2026-09-24 15:07:00,376 BTPWorkerThread-8830 (_rx_task) root DEBUG iutctl_common.py          154   read                      : Received data: {''}, bytearray(b'')
2026-09-24 15:07:00,381 LT1-thread root DEBUG gap.py                    1234  gap_command_rsp_succ      : received Header(svc_id=1, op=12, ctrl_index=0, data_len=0) (b'',)
2026-09-24 15:07:00,640 BTPWorkerThread-8830 (_rx_task) root DEBUG iutctl_common.py          123   read                      : Read 5 bytes
2026-09-24 15:07:00,640 BTPWorkerThread-8830 (_rx_task) root DEBUG iutctl_common.py          131   read                      : Received: hdr: Header(svc_id=0x01, op=0x81, ctrl_index=0x00, data_len=0x26) bytearray(b'\x01\x81\x00&\x00')
2026-09-24 15:07:00,640 BTPWorkerThread-8830 (_rx_task) root DEBUG iutctl_common.py          139   read                      : Read 38 bytes data
2026-09-24 15:07:00,641 BTPWorkerThread-8830 (_rx_task) root DEBUG iutctl_common.py          154   read                      : Received data: {'e0 53 00 4c 17 e5 44 b0 03 1b 00 09 09 4e 58 4c 36 36 35 32 38 02 0a 0c 0d 03 0c 11 0a 11 0b 11 0e 11 1f 11 1e 11'}, bytearray(b'\xe0S\x00L\x17\xe5D\xb0\x03\x1b\x00\t\tNXL66528\x02\n\x0c\r\x03\x0c\x11\n\x11\x0b\x11\x0e\x11\x1f\x11\x1e\x11')
2026-09-24 15:07:00,641 BTPWorkerThread-8830 (_rx_task) root DEBUG btp.py                    736   event_handler             : Header(svc_id=1, op=129, ctrl_index=0, data_len=38) (b'\xe0S\x00L\x17\xe5D\xb0\x03\x1b\x00\t\tNXL66528\x02\n\x0c\r\x03\x0c\x11\n\x11\x0b\x11\x0e\x11\x1f\x11\x1e\x11',)
2026-09-24 15:07:00,641 BTPWorkerThread-8830 (_rx_task) root DEBUG gap.py                    193   gap_device_found_ev_      : b'\xe0S\x00L\x17\xe5D\xb0\x03\x1b\x00\t\tNXL66528\x02\n\x0c\r\x03\x0c\x11\n\x11\x0b\x11\x0e\x11\x1f\x11\x1e\x11'
2026-09-24 15:07:00,641 BTPWorkerThread-8830 (_rx_task) root DEBUG gap.py                    207   gap_device_found_ev_      : found '44e5174c0053' type 224 eir b'\t\tNXL66528\x02\n\x0c\r\x03\x0c\x11\n\x11\x0b\x11\x0e\x11\x1f\x11\x1e\x11'
2026-09-24 15:07:00,931 BTPWorkerThread-8830 (_rx_task) root DEBUG iutctl_common.py          123   read                      : Read 5 bytes
2026-09-24 15:07:00,931 BTPWorkerThread-8830 (_rx_task) root DEBUG iutctl_common.py          131   read                      : Received: hdr: Header(svc_id=0x01, op=0x81, ctrl_index=0x00, data_len=0x27) bytearray(b"\x01\x81\x00\'\x00")
2026-09-24 15:07:00,931 BTPWorkerThread-8830 (_rx_task) root DEBUG iutctl_common.py          139   read                      : Read 39 bytes data
2026-09-24 15:07:00,932 BTPWorkerThread-8830 (_rx_task) root DEBUG iutctl_common.py          154   read                      : Received data: {'e0 08 67 b2 17 60 e4 a8 03 1c 00 0a 09 53 4d 57 30 30 39 39 33 32 02 0a 0c 0d 03 1f 11 0a 11 0c 11 0e 11 0b 11 1e 11'}, bytearray(b'\xe0\x08g\xb2\x17`\xe4\xa8\x03\x1c\x00\n\tSMW009932\x02\n\x0c\r\x03\x1f\x11\n\x11\x0c\x11\x0e\x11\x0b\x11\x1e\x11')
2026-09-24 15:07:00,932 BTPWorkerThread-8830 (_rx_task) root DEBUG btp.py                    736   event_handler             : Header(svc_id=1, op=129, ctrl_index=0, data_len=39) (b'\xe0\x08g\xb2\x17`\xe4\xa8\x03\x1c\x00\n\tSMW009932\x02\n\x0c\r\x03\x1f\x11\n\x11\x0c\x11\x0e\x11\x0b\x11\x1e\x11',)
2026-09-24 15:07:00,932 BTPWorkerThread-8830 (_rx_task) root DEBUG gap.py                    193   gap_device_found_ev_      : b'\xe0\x08g\xb2\x17`\xe4\xa8\x03\x1c\x00\n\tSMW009932\x02\n\x0c\r\x03\x1f\x11\n\x11\x0c\x11\x0e\x11\x0b\x11\x1e\x11'
2026-09-24 15:07:00,932 BTPWorkerThread-8830 (_rx_task) root DEBUG gap.py                    207   gap_device_found_ev_      : found 'e46017b26708' type 224 eir b'\n\tSMW009932\x02\n\x0c\r\x03\x1f\x11\n\x11\x0c\x11\x0e\x11\x0b\x11\x1e\x11'
2026-09-24 15:07:01,105 BTPWorkerThread-8830 (_rx_task) root DEBUG iutctl_common.py          123   read                      : Read 5 bytes
2026-09-24 15:07:01,106 BTPWorkerThread-8830 (_rx_task) root DEBUG iutctl_common.py          131   read                      : Received: hdr: Header(svc_id=0x01, op=0x81, ctrl_index=0x00, data_len=0x26) bytearray(b'\x01\x81\x00&\x00')
2026-09-24 15:07:01,106 BTPWorkerThread-8830 (_rx_task) root DEBUG iutctl_common.py          139   read                      : Read 38 bytes data
2026-09-24 15:07:01,106 BTPWorkerThread-8830 (_rx_task) root DEBUG iutctl_common.py          154   read                      : Received data: {'e0 53 00 4c 17 e5 44 b1 03 1b 00 09 09 4e 58 4c 36 36 35 32 38 02 0a 0c 0d 03 0c 11 0a 11 0b 11 0e 11 1f 11 1e 11'}, bytearray(b'\xe0S\x00L\x17\xe5D\xb1\x03\x1b\x00\t\tNXL66528\x02\n\x0c\r\x03\x0c\x11\n\x11\x0b\x11\x0e\x11\x1f\x11\x1e\x11')
2026-09-24 15:07:01,106 BTPWorkerThread-8830 (_rx_task) root DEBUG btp.py                    736   event_handler             : Header(svc_id=1, op=129, ctrl_index=0, data_len=38) (b'\xe0S\x00L\x17\xe5D\xb1\x03\x1b\x00\t\tNXL66528\x02\n\x0c\r\x03\x0c\x11\n\x11\x0b\x11\x0e\x11\x1f\x11\x1e\x11',)
2026-09-24 15:07:01,107 BTPWorkerThread-8830 (_rx_task) root DEBUG gap.py                    193   gap_device_found_ev_      : b'\xe0S\x00L\x17\xe5D\xb1\x03\x1b\x00\t\tNXL66528\x02\n\x0c\r\x03\x0c\x11\n\x11\x0b\x11\x0e\x11\x1f\x11\x1e\x11'
2026-09-24 15:07:01,107 BTPWorkerThread-8830 (_rx_task) root DEBUG gap.py                    207   gap_device_found_ev_      : found '44e5174c0053' type 224 eir b'\t\tNXL66528\x02\n\x0c\r\x03\x0c\x11\n\x11\x0b\x11\x0e\x11\x1f\x11\x1e\x11'
2026-09-24 15:07:01,266 BTPWorkerThread-8830 (_rx_task) root DEBUG iutctl_common.py          123   read                      : Read 5 bytes
2026-09-24 15:07:01,266 BTPWorkerThread-8830 (_rx_task) root DEBUG iutctl_common.py          131   read                      : Received: hdr: Header(svc_id=0x01, op=0x81, ctrl_index=0x00, data_len=0x27) bytearray(b"\x01\x81\x00\'\x00")
2026-09-24 15:07:01,266 BTPWorkerThread-8830 (_rx_task) root DEBUG iutctl_common.py          139   read                      : Read 39 bytes data
2026-09-24 15:07:01,267 BTPWorkerThread-8830 (_rx_task) root DEBUG iutctl_common.py          154   read                      : Received data: {'e0 08 67 b2 17 60 e4 af 03 1c 00 0a 09 53 4d 57 30 30 39 39 33 32 02 0a 0c 0d 03 1f 11 0a 11 0c 11 0e 11 0b 11 1e 11'}, bytearray(b'\xe0\x08g\xb2\x17`\xe4\xaf\x03\x1c\x00\n\tSMW009932\x02\n\x0c\r\x03\x1f\x11\n\x11\x0c\x11\x0e\x11\x0b\x11\x1e\x11')
2026-09-24 15:07:01,267 BTPWorkerThread-8830 (_rx_task) root DEBUG btp.py                    736   event_handler             : Header(svc_id=1, op=129, ctrl_index=0, data_len=39) (b'\xe0\x08g\xb2\x17`\xe4\xaf\x03\x1c\x00\n\tSMW009932\x02\n\x0c\r\x03\x1f\x11\n\x11\x0c\x11\x0e\x11\x0b\x11\x1e\x11',)
2026-09-24 15:07:01,267 BTPWorkerThread-8830 (_rx_task) root DEBUG gap.py                    193   gap_device_found_ev_      : b'\xe0\x08g\xb2\x17`\xe4\xaf\x03\x1c\x00\n\tSMW009932\x02\n\x0c\r\x03\x1f\x11\n\x11\x0c\x11\x0e\x11\x0b\x11\x1e\x11'
2026-09-24 15:07:01,267 BTPWorkerThread-8830 (_rx_task) root DEBUG gap.py                    207   gap_device_found_ev_      : found 'e46017b26708' type 224 eir b'\n\tSMW009932\x02\n\x0c\r\x03\x1f\x11\n\x11\x0c\x11\x0e\x11\x0b\x11\x1e\x11'
2026-09-24 15:07:01,843 BTPWorkerThread-8830 (_rx_task) root DEBUG iutctl_common.py          123   read                      : Read 5 bytes
2026-09-24 15:07:01,843 BTPWorkerThread-8830 (_rx_task) root DEBUG iutctl_common.py          131   read                      : Received: hdr: Header(svc_id=0x01, op=0x81, ctrl_index=0x00, data_len=0x0b) bytearray(b'\x01\x81\x00\x0b\x00')
2026-09-24 15:07:01,843 BTPWorkerThread-8830 (_rx_task) root DEBUG iutctl_common.py          139   read                      : Read 11 bytes data
2026-09-24 15:07:01,844 BTPWorkerThread-8830 (_rx_task) root DEBUG iutctl_common.py          154   read                      : Received data: {'e0 53 00 4c 17 e5 44 b3 03 00 00'}, bytearray(b'\xe0S\x00L\x17\xe5D\xb3\x03\x00\x00')
2026-09-24 15:07:01,844 BTPWorkerThread-8830 (_rx_task) root DEBUG btp.py                    736   event_handler             : Header(svc_id=1, op=129, ctrl_index=0, data_len=11) (b'\xe0S\x00L\x17\xe5D\xb3\x03\x00\x00',)
2026-09-24 15:07:01,844 BTPWorkerThread-8830 (_rx_task) root DEBUG gap.py                    193   gap_device_found_ev_      : b'\xe0S\x00L\x17\xe5D\xb3\x03\x00\x00'
2026-09-24 15:07:01,844 BTPWorkerThread-8830 (_rx_task) root DEBUG gap.py                    207   gap_device_found_ev_      : found '44e5174c0053' type 224 eir b''
2026-09-24 15:07:02,115 BTPWorkerThread-8830 (_rx_task) root DEBUG iutctl_common.py          123   read                      : Read 5 bytes
2026-09-24 15:07:02,115 BTPWorkerThread-8830 (_rx_task) root DEBUG iutctl_common.py          131   read                      : Received: hdr: Header(svc_id=0x01, op=0x81, ctrl_index=0x00, data_len=0x1a) bytearray(b'\x01\x81\x00\x1a\x00')
2026-09-24 15:07:02,115 BTPWorkerThread-8830 (_rx_task) root DEBUG iutctl_common.py          139   read                      : Read 26 bytes data
2026-09-24 15:07:02,116 BTPWorkerThread-8830 (_rx_task) root DEBUG iutctl_common.py          154   read                      : Received data: {'e0 4e e4 08 dc 1b 00 d1 03 0f 00 0e 09 50 54 53 2d 47 41 50 2d 45 34 34 45 00'}, bytearray(b'\xe0N\xe4\x08\xdc\x1b\x00\xd1\x03\x0f\x00\x0e\tPTS-GAP-E44E\x00')
2026-09-24 15:07:02,116 BTPWorkerThread-8830 (_rx_task) root DEBUG btp.py                    736   event_handler             : Header(svc_id=1, op=129, ctrl_index=0, data_len=26) (b'\xe0N\xe4\x08\xdc\x1b\x00\xd1\x03\x0f\x00\x0e\tPTS-GAP-E44E\x00',)
2026-09-24 15:07:02,116 BTPWorkerThread-8830 (_rx_task) root DEBUG gap.py                    193   gap_device_found_ev_      : b'\xe0N\xe4\x08\xdc\x1b\x00\xd1\x03\x0f\x00\x0e\tPTS-GAP-E44E\x00'
2026-09-24 15:07:02,116 BTPWorkerThread-8830 (_rx_task) root DEBUG gap.py                    207   gap_device_found_ev_      : found '001bdc08e44e' type 224 eir b'\x0e\tPTS-GAP-E44E\x00'
2026-09-24 15:07:02,146 BTPWorkerThread-8830 (_rx_task) root DEBUG iutctl_common.py          123   read                      : Read 5 bytes
2026-09-24 15:07:02,146 BTPWorkerThread-8830 (_rx_task) root DEBUG iutctl_common.py          131   read                      : Received: hdr: Header(svc_id=0x01, op=0x81, ctrl_index=0x00, data_len=0x0b) bytearray(b'\x01\x81\x00\x0b\x00')
2026-09-24 15:07:02,147 BTPWorkerThread-8830 (_rx_task) root DEBUG iutctl_common.py          139   read                      : Read 11 bytes data
2026-09-24 15:07:02,147 BTPWorkerThread-8830 (_rx_task) root DEBUG iutctl_common.py          154   read                      : Received data: {'e0 31 9b 03 23 e0 fa a5 03 00 00'}, bytearray(b'\xe01\x9b\x03#\xe0\xfa\xa5\x03\x00\x00')
2026-09-24 15:07:02,147 BTPWorkerThread-8830 (_rx_task) root DEBUG btp.py                    736   event_handler             : Header(svc_id=1, op=129, ctrl_index=0, data_len=11) (b'\xe01\x9b\x03#\xe0\xfa\xa5\x03\x00\x00',)
2026-09-24 15:07:02,147 BTPWorkerThread-8830 (_rx_task) root DEBUG gap.py                    193   gap_device_found_ev_      : b'\xe01\x9b\x03#\xe0\xfa\xa5\x03\x00\x00'
2026-09-24 15:07:02,147 BTPWorkerThread-8830 (_rx_task) root DEBUG gap.py                    207   gap_device_found_ev_      : found 'fae023039b31' type 224 eir b''
2026-09-24 15:07:02,332 BTPWorkerThread-8830 (_rx_task) root DEBUG iutctl_common.py          123   read                      : Read 5 bytes
2026-09-24 15:07:02,332 BTPWorkerThread-8830 (_rx_task) root DEBUG iutctl_common.py          131   read                      : Received: hdr: Header(svc_id=0x01, op=0x81, ctrl_index=0x00, data_len=0x0b) bytearray(b'\x01\x81\x00\x0b\x00')
2026-09-24 15:07:02,332 BTPWorkerThread-8830 (_rx_task) root DEBUG iutctl_common.py          139   read                      : Read 11 bytes data
2026-09-24 15:07:02,333 BTPWorkerThread-8830 (_rx_task) root DEBUG iutctl_common.py          154   read                      : Received data: {'e0 4d 65 9b 70 f3 5c a9 03 00 00'}, bytearray(b'\xe0Me\x9bp\xf3\\\xa9\x03\x00\x00')
2026-09-24 15:07:02,333 BTPWorkerThread-8830 (_rx_task) root DEBUG btp.py                    736   event_handler             : Header(svc_id=1, op=129, ctrl_index=0, data_len=11) (b'\xe0Me\x9bp\xf3\\\xa9\x03\x00\x00',)
2026-09-24 15:07:02,333 BTPWorkerThread-8830 (_rx_task) root DEBUG gap.py                    193   gap_device_found_ev_      : b'\xe0Me\x9bp\xf3\\\xa9\x03\x00\x00'
2026-09-24 15:07:02,333 BTPWorkerThread-8830 (_rx_task) root DEBUG gap.py                    207   gap_device_found_ev_      : found '5cf3709b654d' type 224 eir b''
2026-09-24 15:07:02,363 BTPWorkerThread-8830 (_rx_task) root DEBUG iutctl_common.py          123   read                      : Read 5 bytes
2026-09-24 15:07:02,363 BTPWorkerThread-8830 (_rx_task) root DEBUG iutctl_common.py          131   read                      : Received: hdr: Header(svc_id=0x01, op=0x81, ctrl_index=0x00, data_len=0x0b) bytearray(b'\x01\x81\x00\x0b\x00')
2026-09-24 15:07:02,363 BTPWorkerThread-8830 (_rx_task) root DEBUG iutctl_common.py          139   read                      : Read 11 bytes data
2026-09-24 15:07:02,363 BTPWorkerThread-8830 (_rx_task) root DEBUG iutctl_common.py          154   read                      : Received data: {'e0 4d 65 9b 70 f3 5c a0 03 00 00'}, bytearray(b'\xe0Me\x9bp\xf3\\\xa0\x03\x00\x00')
2026-09-24 15:07:02,363 BTPWorkerThread-8830 (_rx_task) root DEBUG btp.py                    736   event_handler             : Header(svc_id=1, op=129, ctrl_index=0, data_len=11) (b'\xe0Me\x9bp\xf3\\\xa0\x03\x00\x00',)
2026-09-24 15:07:02,364 BTPWorkerThread-8830 (_rx_task) root DEBUG gap.py                    193   gap_device_found_ev_      : b'\xe0Me\x9bp\xf3\\\xa0\x03\x00\x00'
2026-09-24 15:07:02,364 BTPWorkerThread-8830 (_rx_task) root DEBUG gap.py                    207   gap_device_found_ev_      : found '5cf3709b654d' type 224 eir b''
2026-09-24 15:07:02,473 BTPWorkerThread-8830 (_rx_task) root DEBUG iutctl_common.py          123   read                      : Read 5 bytes
2026-09-24 15:07:02,473 BTPWorkerThread-8830 (_rx_task) root DEBUG iutctl_common.py          131   read                      : Received: hdr: Header(svc_id=0x01, op=0x81, ctrl_index=0x00, data_len=0x27) bytearray(b"\x01\x81\x00\'\x00")
2026-09-24 15:07:02,473 BTPWorkerThread-8830 (_rx_task) root DEBUG iutctl_common.py          139   read                      : Read 39 bytes data
2026-09-24 15:07:02,473 BTPWorkerThread-8830 (_rx_task) root DEBUG iutctl_common.py          154   read                      : Received data: {'e0 08 67 b2 17 60 e4 aa 03 1c 00 0a 09 53 4d 57 30 30 39 39 33 32 02 0a 0c 0d 03 1f 11 0a 11 0c 11 0e 11 0b 11 1e 11'}, bytearray(b'\xe0\x08g\xb2\x17`\xe4\xaa\x03\x1c\x00\n\tSMW009932\x02\n\x0c\r\x03\x1f\x11\n\x11\x0c\x11\x0e\x11\x0b\x11\x1e\x11')
2026-09-24 15:07:02,474 BTPWorkerThread-8830 (_rx_task) root DEBUG btp.py                    736   event_handler             : Header(svc_id=1, op=129, ctrl_index=0, data_len=39) (b'\xe0\x08g\xb2\x17`\xe4\xaa\x03\x1c\x00\n\tSMW009932\x02\n\x0c\r\x03\x1f\x11\n\x11\x0c\x11\x0e\x11\x0b\x11\x1e\x11',)
2026-09-24 15:07:02,474 BTPWorkerThread-8830 (_rx_task) root DEBUG gap.py                    193   gap_device_found_ev_      : b'\xe0\x08g\xb2\x17`\xe4\xaa\x03\x1c\x00\n\tSMW009932\x02\n\x0c\r\x03\x1f\x11\n\x11\x0c\x11\x0e\x11\x0b\x11\x1e\x11'
2026-09-24 15:07:02,474 BTPWorkerThread-8830 (_rx_task) root DEBUG gap.py                    207   gap_device_found_ev_      : found 'e46017b26708' type 224 eir b'\n\tSMW009932\x02\n\x0c\r\x03\x1f\x11\n\x11\x0c\x11\x0e\x11\x0b\x11\x1e\x11'
2026-09-24 15:07:02,568 BTPWorkerThread-8830 (_rx_task) root DEBUG iutctl_common.py          123   read                      : Read 5 bytes
2026-09-24 15:07:02,568 BTPWorkerThread-8830 (_rx_task) root DEBUG iutctl_common.py          131   read                      : Received: hdr: Header(svc_id=0x01, op=0x81, ctrl_index=0x00, data_len=0x1a) bytearray(b'\x01\x81\x00\x1a\x00')
2026-09-24 15:07:02,568 BTPWorkerThread-8830 (_rx_task) root DEBUG iutctl_common.py          139   read                      : Read 15 bytes data
2026-09-24 15:07:02,579 BTPWorkerThread-8830 (_rx_task) root DEBUG iutctl_common.py          139   read                      : Read 11 bytes data
2026-09-24 15:07:02,579 BTPWorkerThread-8830 (_rx_task) root DEBUG iutctl_common.py          154   read                      : Received data: {'e0 4e e4 08 dc 1b 00 cd 03 0f 00 0e 09 50 54 53 2d 47 41 50 2d 45 34 34 45 00'}, bytearray(b'\xe0N\xe4\x08\xdc\x1b\x00\xcd\x03\x0f\x00\x0e\tPTS-GAP-E44E\x00')
2026-09-24 15:07:02,580 BTPWorkerThread-8830 (_rx_task) root DEBUG btp.py                    736   event_handler             : Header(svc_id=1, op=129, ctrl_index=0, data_len=26) (b'\xe0N\xe4\x08\xdc\x1b\x00\xcd\x03\x0f\x00\x0e\tPTS-GAP-E44E\x00',)
2026-09-24 15:07:02,580 BTPWorkerThread-8830 (_rx_task) root DEBUG gap.py                    193   gap_device_found_ev_      : b'\xe0N\xe4\x08\xdc\x1b\x00\xcd\x03\x0f\x00\x0e\tPTS-GAP-E44E\x00'
2026-09-24 15:07:02,580 BTPWorkerThread-8830 (_rx_task) root DEBUG gap.py                    207   gap_device_found_ev_      : found '001bdc08e44e' type 224 eir b'\x0e\tPTS-GAP-E44E\x00'
2026-09-24 15:07:02,612 BTPWorkerThread-8830 (_rx_task) root DEBUG iutctl_common.py          123   read                      : Read 5 bytes
2026-09-24 15:07:02,612 BTPWorkerThread-8830 (_rx_task) root DEBUG iutctl_common.py          131   read                      : Received: hdr: Header(svc_id=0x01, op=0x81, ctrl_index=0x00, data_len=0x26) bytearray(b'\x01\x81\x00&\x00')
2026-09-24 15:07:02,612 BTPWorkerThread-8830 (_rx_task) root DEBUG iutctl_common.py          139   read                      : Read 38 bytes data
2026-09-24 15:07:02,613 BTPWorkerThread-8830 (_rx_task) root DEBUG iutctl_common.py          154   read                      : Received data: {'e0 53 00 4c 17 e5 44 b0 03 1b 00 09 09 4e 58 4c 36 36 35 32 38 02 0a 0c 0d 03 0c 11 0a 11 0b 11 0e 11 1f 11 1e 11'}, bytearray(b'\xe0S\x00L\x17\xe5D\xb0\x03\x1b\x00\t\tNXL66528\x02\n\x0c\r\x03\x0c\x11\n\x11\x0b\x11\x0e\x11\x1f\x11\x1e\x11')
2026-09-24 15:07:02,613 BTPWorkerThread-8830 (_rx_task) root DEBUG btp.py                    736   event_handler             : Header(svc_id=1, op=129, ctrl_index=0, data_len=38) (b'\xe0S\x00L\x17\xe5D\xb0\x03\x1b\x00\t\tNXL66528\x02\n\x0c\r\x03\x0c\x11\n\x11\x0b\x11\x0e\x11\x1f\x11\x1e\x11',)
2026-09-24 15:07:02,613 BTPWorkerThread-8830 (_rx_task) root DEBUG gap.py                    193   gap_device_found_ev_      : b'\xe0S\x00L\x17\xe5D\xb0\x03\x1b\x00\t\tNXL66528\x02\n\x0c\r\x03\x0c\x11\n\x11\x0b\x11\x0e\x11\x1f\x11\x1e\x11'
2026-09-24 15:07:02,613 BTPWorkerThread-8830 (_rx_task) root DEBUG gap.py                    207   gap_device_found_ev_      : found '44e5174c0053' type 224 eir b'\t\tNXL66528\x02\n\x0c\r\x03\x0c\x11\n\x11\x0b\x11\x0e\x11\x1f\x11\x1e\x11'
2026-09-24 15:07:02,623 BTPWorkerThread-8830 (_rx_task) root DEBUG iutctl_common.py          123   read                      : Read 5 bytes
2026-09-24 15:07:02,623 BTPWorkerThread-8830 (_rx_task) root DEBUG iutctl_common.py          131   read                      : Received: hdr: Header(svc_id=0x01, op=0x81, ctrl_index=0x00, data_len=0x2a) bytearray(b'\x01\x81\x00*\x00')
2026-09-24 15:07:02,623 BTPWorkerThread-8830 (_rx_task) root DEBUG iutctl_common.py          139   read                      : Read 42 bytes data
2026-09-24 15:07:02,624 BTPWorkerThread-8830 (_rx_task) root DEBUG iutctl_common.py          154   read                      : Received data: {'e0 4d 65 9b 70 f3 5c ab 03 1f 00 1e 09 48 46 50 20 41 47 20 44 65 6d 6f 20 35 43 3a 46 33 3a 37 30 3a 39 42 3a 36 35 3a 34 44'}, bytearray(b'\xe0Me\x9bp\xf3\\\xab\x03\x1f\x00\x1e\tHFP AG Demo 5C:F3:70:9B:65:4D')
2026-09-24 15:07:02,624 BTPWorkerThread-8830 (_rx_task) root DEBUG btp.py                    736   event_handler             : Header(svc_id=1, op=129, ctrl_index=0, data_len=42) (b'\xe0Me\x9bp\xf3\\\xab\x03\x1f\x00\x1e\tHFP AG Demo 5C:F3:70:9B:65:4D',)
2026-09-24 15:07:02,624 BTPWorkerThread-8830 (_rx_task) root DEBUG gap.py                    193   gap_device_found_ev_      : b'\xe0Me\x9bp\xf3\\\xab\x03\x1f\x00\x1e\tHFP AG Demo 5C:F3:70:9B:65:4D'
2026-09-24 15:07:02,624 BTPWorkerThread-8830 (_rx_task) root DEBUG gap.py                    207   gap_device_found_ev_      : found '5cf3709b654d' type 224 eir b'\x1e\tHFP AG Demo 5C:F3:70:9B:65:4D'
2026-09-24 15:07:02,721 BTPWorkerThread-8830 (_rx_task) root DEBUG iutctl_common.py          123   read                      : Read 5 bytes
2026-09-24 15:07:02,721 BTPWorkerThread-8830 (_rx_task) root DEBUG iutctl_common.py          131   read                      : Received: hdr: Header(svc_id=0x01, op=0x81, ctrl_index=0x00, data_len=0x26) bytearray(b'\x01\x81\x00&\x00')
2026-09-24 15:07:02,721 BTPWorkerThread-8830 (_rx_task) root DEBUG iutctl_common.py          139   read                      : Read 35 bytes data
2026-09-24 15:07:02,732 BTPWorkerThread-8830 (_rx_task) root DEBUG iutctl_common.py          139   read                      : Read 3 bytes data
2026-09-24 15:07:02,732 BTPWorkerThread-8830 (_rx_task) root DEBUG iutctl_common.py          154   read                      : Received data: {'e0 53 00 4c 17 e5 44 ac 03 1b 00 09 09 4e 58 4c 36 36 35 32 38 02 0a 0c 0d 03 0c 11 0a 11 0b 11 0e 11 1f 11 1e 11'}, bytearray(b'\xe0S\x00L\x17\xe5D\xac\x03\x1b\x00\t\tNXL66528\x02\n\x0c\r\x03\x0c\x11\n\x11\x0b\x11\x0e\x11\x1f\x11\x1e\x11')
2026-09-24 15:07:02,732 BTPWorkerThread-8830 (_rx_task) root DEBUG btp.py                    736   event_handler             : Header(svc_id=1, op=129, ctrl_index=0, data_len=38) (b'\xe0S\x00L\x17\xe5D\xac\x03\x1b\x00\t\tNXL66528\x02\n\x0c\r\x03\x0c\x11\n\x11\x0b\x11\x0e\x11\x1f\x11\x1e\x11',)
2026-09-24 15:07:02,732 BTPWorkerThread-8830 (_rx_task) root DEBUG gap.py                    193   gap_device_found_ev_      : b'\xe0S\x00L\x17\xe5D\xac\x03\x1b\x00\t\tNXL66528\x02\n\x0c\r\x03\x0c\x11\n\x11\x0b\x11\x0e\x11\x1f\x11\x1e\x11'
2026-09-24 15:07:02,732 BTPWorkerThread-8830 (_rx_task) root DEBUG gap.py                    207   gap_device_found_ev_      : found '44e5174c0053' type 224 eir b'\t\tNXL66528\x02\n\x0c\r\x03\x0c\x11\n\x11\x0b\x11\x0e\x11\x1f\x11\x1e\x11'
2026-09-24 15:07:02,984 BTPWorkerThread-8830 (_rx_task) root DEBUG iutctl_common.py          123   read                      : Read 5 bytes
2026-09-24 15:07:02,984 BTPWorkerThread-8830 (_rx_task) root DEBUG iutctl_common.py          131   read                      : Received: hdr: Header(svc_id=0x01, op=0x81, ctrl_index=0x00, data_len=0x27) bytearray(b"\x01\x81\x00\'\x00")
2026-09-24 15:07:02,984 BTPWorkerThread-8830 (_rx_task) root DEBUG iutctl_common.py          139   read                      : Read 39 bytes data
2026-09-24 15:07:02,985 BTPWorkerThread-8830 (_rx_task) root DEBUG iutctl_common.py          154   read                      : Received data: {'e0 08 67 b2 17 60 e4 ad 03 1c 00 0a 09 53 4d 57 30 30 39 39 33 32 02 0a 0c 0d 03 1f 11 0a 11 0c 11 0e 11 0b 11 1e 11'}, bytearray(b'\xe0\x08g\xb2\x17`\xe4\xad\x03\x1c\x00\n\tSMW009932\x02\n\x0c\r\x03\x1f\x11\n\x11\x0c\x11\x0e\x11\x0b\x11\x1e\x11')
2026-09-24 15:07:02,985 BTPWorkerThread-8830 (_rx_task) root DEBUG btp.py                    736   event_handler             : Header(svc_id=1, op=129, ctrl_index=0, data_len=39) (b'\xe0\x08g\xb2\x17`\xe4\xad\x03\x1c\x00\n\tSMW009932\x02\n\x0c\r\x03\x1f\x11\n\x11\x0c\x11\x0e\x11\x0b\x11\x1e\x11',)
2026-09-24 15:07:02,985 BTPWorkerThread-8830 (_rx_task) root DEBUG gap.py                    193   gap_device_found_ev_      : b'\xe0\x08g\xb2\x17`\xe4\xad\x03\x1c\x00\n\tSMW009932\x02\n\x0c\r\x03\x1f\x11\n\x11\x0c\x11\x0e\x11\x0b\x11\x1e\x11'
2026-09-24 15:07:02,985 BTPWorkerThread-8830 (_rx_task) root DEBUG gap.py                    207   gap_device_found_ev_      : found 'e46017b26708' type 224 eir b'\n\tSMW009932\x02\n\x0c\r\x03\x1f\x11\n\x11\x0c\x11\x0e\x11\x0b\x11\x1e\x11'
2026-09-24 15:07:03,160 BTPWorkerThread-8830 (_rx_task) root DEBUG iutctl_common.py          123   read                      : Read 5 bytes
2026-09-24 15:07:03,160 BTPWorkerThread-8830 (_rx_task) root DEBUG iutctl_common.py          131   read                      : Received: hdr: Header(svc_id=0x01, op=0x81, ctrl_index=0x00, data_len=0x27) bytearray(b"\x01\x81\x00\'\x00")
2026-09-24 15:07:03,161 BTPWorkerThread-8830 (_rx_task) root DEBUG iutctl_common.py          139   read                      : Read 23 bytes data
2026-09-24 15:07:03,171 BTPWorkerThread-8830 (_rx_task) root DEBUG iutctl_common.py          139   read                      : Read 16 bytes data
2026-09-24 15:07:03,171 BTPWorkerThread-8830 (_rx_task) root DEBUG iutctl_common.py          154   read                      : Received data: {'e0 08 67 b2 17 60 e4 a5 03 1c 00 0a 09 53 4d 57 30 30 39 39 33 32 02 0a 0c 0d 03 1f 11 0a 11 0c 11 0e 11 0b 11 1e 11'}, bytearray(b'\xe0\x08g\xb2\x17`\xe4\xa5\x03\x1c\x00\n\tSMW009932\x02\n\x0c\r\x03\x1f\x11\n\x11\x0c\x11\x0e\x11\x0b\x11\x1e\x11')
2026-09-24 15:07:03,171 BTPWorkerThread-8830 (_rx_task) root DEBUG btp.py                    736   event_handler             : Header(svc_id=1, op=129, ctrl_index=0, data_len=39) (b'\xe0\x08g\xb2\x17`\xe4\xa5\x03\x1c\x00\n\tSMW009932\x02\n\x0c\r\x03\x1f\x11\n\x11\x0c\x11\x0e\x11\x0b\x11\x1e\x11',)
2026-09-24 15:07:03,171 BTPWorkerThread-8830 (_rx_task) root DEBUG gap.py                    193   gap_device_found_ev_      : b'\xe0\x08g\xb2\x17`\xe4\xa5\x03\x1c\x00\n\tSMW009932\x02\n\x0c\r\x03\x1f\x11\n\x11\x0c\x11\x0e\x11\x0b\x11\x1e\x11'
2026-09-24 15:07:03,171 BTPWorkerThread-8830 (_rx_task) root DEBUG gap.py                    207   gap_device_found_ev_      : found 'e46017b26708' type 224 eir b'\n\tSMW009932\x02\n\x0c\r\x03\x1f\x11\n\x11\x0c\x11\x0e\x11\x0b\x11\x1e\x11'
2026-09-24 15:07:04,513 BTPWorkerThread-8830 (_rx_task) root DEBUG iutctl_common.py          123   read                      : Read 5 bytes
2026-09-24 15:07:04,513 BTPWorkerThread-8830 (_rx_task) root DEBUG iutctl_common.py          131   read                      : Received: hdr: Header(svc_id=0x01, op=0x81, ctrl_index=0x00, data_len=0x26) bytearray(b'\x01\x81\x00&\x00')
2026-09-24 15:07:04,513 BTPWorkerThread-8830 (_rx_task) root DEBUG iutctl_common.py          139   read                      : Read 31 bytes data
2026-09-24 15:07:04,523 BTPWorkerThread-8830 (_rx_task) root DEBUG iutctl_common.py          139   read                      : Read 7 bytes data
2026-09-24 15:07:04,523 BTPWorkerThread-8830 (_rx_task) root DEBUG iutctl_common.py          154   read                      : Received data: {'e0 53 00 4c 17 e5 44 b1 03 1b 00 09 09 4e 58 4c 36 36 35 32 38 02 0a 0c 0d 03 0c 11 0a 11 0b 11 0e 11 1f 11 1e 11'}, bytearray(b'\xe0S\x00L\x17\xe5D\xb1\x03\x1b\x00\t\tNXL66528\x02\n\x0c\r\x03\x0c\x11\n\x11\x0b\x11\x0e\x11\x1f\x11\x1e\x11')
2026-09-24 15:07:04,523 BTPWorkerThread-8830 (_rx_task) root DEBUG btp.py                    736   event_handler             : Header(svc_id=1, op=129, ctrl_index=0, data_len=38) (b'\xe0S\x00L\x17\xe5D\xb1\x03\x1b\x00\t\tNXL66528\x02\n\x0c\r\x03\x0c\x11\n\x11\x0b\x11\x0e\x11\x1f\x11\x1e\x11',)
2026-09-24 15:07:04,523 BTPWorkerThread-8830 (_rx_task) root DEBUG gap.py                    193   gap_device_found_ev_      : b'\xe0S\x00L\x17\xe5D\xb1\x03\x1b\x00\t\tNXL66528\x02\n\x0c\r\x03\x0c\x11\n\x11\x0b\x11\x0e\x11\x1f\x11\x1e\x11'
2026-09-24 15:07:04,524 BTPWorkerThread-8830 (_rx_task) root DEBUG gap.py                    207   gap_device_found_ev_      : found '44e5174c0053' type 224 eir b'\t\tNXL66528\x02\n\x0c\r\x03\x0c\x11\n\x11\x0b\x11\x0e\x11\x1f\x11\x1e\x11'
2026-09-24 15:07:04,963 BTPWorkerThread-8830 (_rx_task) root DEBUG iutctl_common.py          123   read                      : Read 5 bytes
2026-09-24 15:07:04,963 BTPWorkerThread-8830 (_rx_task) root DEBUG iutctl_common.py          131   read                      : Received: hdr: Header(svc_id=0x01, op=0x81, ctrl_index=0x00, data_len=0x27) bytearray(b"\x01\x81\x00\'\x00")
2026-09-24 15:07:04,964 BTPWorkerThread-8830 (_rx_task) root DEBUG iutctl_common.py          139   read                      : Read 34 bytes data
2026-09-24 15:07:04,975 BTPWorkerThread-8830 (_rx_task) root DEBUG iutctl_common.py          139   read                      : Read 5 bytes data
2026-09-24 15:07:04,975 BTPWorkerThread-8830 (_rx_task) root DEBUG iutctl_common.py          154   read                      : Received data: {'e0 08 67 b2 17 60 e4 ad 03 1c 00 0a 09 53 4d 57 30 30 39 39 33 32 02 0a 0c 0d 03 1f 11 0a 11 0c 11 0e 11 0b 11 1e 11'}, bytearray(b'\xe0\x08g\xb2\x17`\xe4\xad\x03\x1c\x00\n\tSMW009932\x02\n\x0c\r\x03\x1f\x11\n\x11\x0c\x11\x0e\x11\x0b\x11\x1e\x11')
2026-09-24 15:07:04,975 BTPWorkerThread-8830 (_rx_task) root DEBUG btp.py                    736   event_handler             : Header(svc_id=1, op=129, ctrl_index=0, data_len=39) (b'\xe0\x08g\xb2\x17`\xe4\xad\x03\x1c\x00\n\tSMW009932\x02\n\x0c\r\x03\x1f\x11\n\x11\x0c\x11\x0e\x11\x0b\x11\x1e\x11',)
2026-09-24 15:07:04,975 BTPWorkerThread-8830 (_rx_task) root DEBUG gap.py                    193   gap_device_found_ev_      : b'\xe0\x08g\xb2\x17`\xe4\xad\x03\x1c\x00\n\tSMW009932\x02\n\x0c\r\x03\x1f\x11\n\x11\x0c\x11\x0e\x11\x0b\x11\x1e\x11'
2026-09-24 15:07:04,976 BTPWorkerThread-8830 (_rx_task) root DEBUG gap.py                    207   gap_device_found_ev_      : found 'e46017b26708' type 224 eir b'\n\tSMW009932\x02\n\x0c\r\x03\x1f\x11\n\x11\x0c\x11\x0e\x11\x0b\x11\x1e\x11'
2026-09-24 15:07:05,210 BTPWorkerThread-8830 (_rx_task) root DEBUG iutctl_common.py          123   read                      : Read 5 bytes
2026-09-24 15:07:05,210 BTPWorkerThread-8830 (_rx_task) root DEBUG iutctl_common.py          131   read                      : Received: hdr: Header(svc_id=0x01, op=0x81, ctrl_index=0x00, data_len=0x26) bytearray(b'\x01\x81\x00&\x00')
2026-09-24 15:07:05,210 BTPWorkerThread-8830 (_rx_task) root DEBUG iutctl_common.py          139   read                      : Read 38 bytes data
2026-09-24 15:07:05,211 BTPWorkerThread-8830 (_rx_task) root DEBUG iutctl_common.py          154   read                      : Received data: {'e0 53 00 4c 17 e5 44 b0 03 1b 00 09 09 4e 58 4c 36 36 35 32 38 02 0a 0c 0d 03 0c 11 0a 11 0b 11 0e 11 1f 11 1e 11'}, bytearray(b'\xe0S\x00L\x17\xe5D\xb0\x03\x1b\x00\t\tNXL66528\x02\n\x0c\r\x03\x0c\x11\n\x11\x0b\x11\x0e\x11\x1f\x11\x1e\x11')
2026-09-24 15:07:05,211 BTPWorkerThread-8830 (_rx_task) root DEBUG btp.py                    736   event_handler             : Header(svc_id=1, op=129, ctrl_index=0, data_len=38) (b'\xe0S\x00L\x17\xe5D\xb0\x03\x1b\x00\t\tNXL66528\x02\n\x0c\r\x03\x0c\x11\n\x11\x0b\x11\x0e\x11\x1f\x11\x1e\x11',)
2026-09-24 15:07:05,211 BTPWorkerThread-8830 (_rx_task) root DEBUG gap.py                    193   gap_device_found_ev_      : b'\xe0S\x00L\x17\xe5D\xb0\x03\x1b\x00\t\tNXL66528\x02\n\x0c\r\x03\x0c\x11\n\x11\x0b\x11\x0e\x11\x1f\x11\x1e\x11'
2026-09-24 15:07:05,211 BTPWorkerThread-8830 (_rx_task) root DEBUG gap.py                    207   gap_device_found_ev_      : found '44e5174c0053' type 224 eir b'\t\tNXL66528\x02\n\x0c\r\x03\x0c\x11\n\x11\x0b\x11\x0e\x11\x1f\x11\x1e\x11'
2026-09-24 15:07:05,695 BTPWorkerThread-8830 (_rx_task) root DEBUG iutctl_common.py          123   read                      : Read 5 bytes
2026-09-24 15:07:05,695 BTPWorkerThread-8830 (_rx_task) root DEBUG iutctl_common.py          131   read                      : Received: hdr: Header(svc_id=0x01, op=0x81, ctrl_index=0x00, data_len=0x1a) bytearray(b'\x01\x81\x00\x1a\x00')
2026-09-24 15:07:05,695 BTPWorkerThread-8830 (_rx_task) root DEBUG iutctl_common.py          139   read                      : Read 26 bytes data
2026-09-24 15:07:05,696 BTPWorkerThread-8830 (_rx_task) root DEBUG iutctl_common.py          154   read                      : Received data: {'e0 4e e4 08 dc 1b 00 cd 03 0f 00 0e 09 50 54 53 2d 47 41 50 2d 45 34 34 45 00'}, bytearray(b'\xe0N\xe4\x08\xdc\x1b\x00\xcd\x03\x0f\x00\x0e\tPTS-GAP-E44E\x00')
2026-09-24 15:07:05,696 BTPWorkerThread-8830 (_rx_task) root DEBUG btp.py                    736   event_handler             : Header(svc_id=1, op=129, ctrl_index=0, data_len=26) (b'\xe0N\xe4\x08\xdc\x1b\x00\xcd\x03\x0f\x00\x0e\tPTS-GAP-E44E\x00',)
2026-09-24 15:07:05,696 BTPWorkerThread-8830 (_rx_task) root DEBUG gap.py                    193   gap_device_found_ev_      : b'\xe0N\xe4\x08\xdc\x1b\x00\xcd\x03\x0f\x00\x0e\tPTS-GAP-E44E\x00'
2026-09-24 15:07:05,696 BTPWorkerThread-8830 (_rx_task) root DEBUG gap.py                    207   gap_device_found_ev_      : found '001bdc08e44e' type 224 eir b'\x0e\tPTS-GAP-E44E\x00'
2026-09-24 15:07:05,728 BTPWorkerThread-8830 (_rx_task) root DEBUG iutctl_common.py          123   read                      : Read 5 bytes
2026-09-24 15:07:05,728 BTPWorkerThread-8830 (_rx_task) root DEBUG iutctl_common.py          131   read                      : Received: hdr: Header(svc_id=0x01, op=0x81, ctrl_index=0x00, data_len=0x1a) bytearray(b'\x01\x81\x00\x1a\x00')
2026-09-24 15:07:05,728 BTPWorkerThread-8830 (_rx_task) root DEBUG iutctl_common.py          139   read                      : Read 26 bytes data
2026-09-24 15:07:05,729 BTPWorkerThread-8830 (_rx_task) root DEBUG iutctl_common.py          154   read                      : Received data: {'e0 4e e4 08 dc 1b 00 cf 03 0f 00 0e 09 50 54 53 2d 47 41 50 2d 45 34 34 45 00'}, bytearray(b'\xe0N\xe4\x08\xdc\x1b\x00\xcf\x03\x0f\x00\x0e\tPTS-GAP-E44E\x00')
2026-09-24 15:07:05,729 BTPWorkerThread-8830 (_rx_task) root DEBUG btp.py                    736   event_handler             : Header(svc_id=1, op=129, ctrl_index=0, data_len=26) (b'\xe0N\xe4\x08\xdc\x1b\x00\xcf\x03\x0f\x00\x0e\tPTS-GAP-E44E\x00',)
2026-09-24 15:07:05,729 BTPWorkerThread-8830 (_rx_task) root DEBUG gap.py                    193   gap_device_found_ev_      : b'\xe0N\xe4\x08\xdc\x1b\x00\xcf\x03\x0f\x00\x0e\tPTS-GAP-E44E\x00'
2026-09-24 15:07:05,729 BTPWorkerThread-8830 (_rx_task) root DEBUG gap.py                    207   gap_device_found_ev_      : found '001bdc08e44e' type 224 eir b'\x0e\tPTS-GAP-E44E\x00'
2026-09-24 15:07:05,783 BTPWorkerThread-8830 (_rx_task) root DEBUG iutctl_common.py          123   read                      : Read 5 bytes
2026-09-24 15:07:05,783 BTPWorkerThread-8830 (_rx_task) root DEBUG iutctl_common.py          131   read                      : Received: hdr: Header(svc_id=0x01, op=0x81, ctrl_index=0x00, data_len=0x26) bytearray(b'\x01\x81\x00&\x00')
2026-09-24 15:07:05,783 BTPWorkerThread-8830 (_rx_task) root DEBUG iutctl_common.py          139   read                      : Read 12 bytes data
2026-09-24 15:07:05,794 BTPWorkerThread-8830 (_rx_task) root DEBUG iutctl_common.py          139   read                      : Read 26 bytes data
2026-09-24 15:07:05,794 BTPWorkerThread-8830 (_rx_task) root DEBUG iutctl_common.py          154   read                      : Received data: {'e0 53 00 4c 17 e5 44 b0 03 1b 00 09 09 4e 58 4c 36 36 35 32 38 02 0a 0c 0d 03 0c 11 0a 11 0b 11 0e 11 1f 11 1e 11'}, bytearray(b'\xe0S\x00L\x17\xe5D\xb0\x03\x1b\x00\t\tNXL66528\x02\n\x0c\r\x03\x0c\x11\n\x11\x0b\x11\x0e\x11\x1f\x11\x1e\x11')
2026-09-24 15:07:05,794 BTPWorkerThread-8830 (_rx_task) root DEBUG btp.py                    736   event_handler             : Header(svc_id=1, op=129, ctrl_index=0, data_len=38) (b'\xe0S\x00L\x17\xe5D\xb0\x03\x1b\x00\t\tNXL66528\x02\n\x0c\r\x03\x0c\x11\n\x11\x0b\x11\x0e\x11\x1f\x11\x1e\x11',)
2026-09-24 15:07:05,794 BTPWorkerThread-8830 (_rx_task) root DEBUG gap.py                    193   gap_device_found_ev_      : b'\xe0S\x00L\x17\xe5D\xb0\x03\x1b\x00\t\tNXL66528\x02\n\x0c\r\x03\x0c\x11\n\x11\x0b\x11\x0e\x11\x1f\x11\x1e\x11'
2026-09-24 15:07:05,795 BTPWorkerThread-8830 (_rx_task) root DEBUG gap.py                    207   gap_device_found_ev_      : found '44e5174c0053' type 224 eir b'\t\tNXL66528\x02\n\x0c\r\x03\x0c\x11\n\x11\x0b\x11\x0e\x11\x1f\x11\x1e\x11'
2026-09-24 15:07:05,805 BTPWorkerThread-8830 (_rx_task) root DEBUG iutctl_common.py          123   read                      : Read 5 bytes
2026-09-24 15:07:05,805 BTPWorkerThread-8830 (_rx_task) root DEBUG iutctl_common.py          131   read                      : Received: hdr: Header(svc_id=0x01, op=0x81, ctrl_index=0x00, data_len=0x0b) bytearray(b'\x01\x81\x00\x0b\x00')
2026-09-24 15:07:05,806 BTPWorkerThread-8830 (_rx_task) root DEBUG iutctl_common.py          139   read                      : Read 11 bytes data
2026-09-24 15:07:05,806 BTPWorkerThread-8830 (_rx_task) root DEBUG iutctl_common.py          154   read                      : Received data: {'e0 eb b2 06 dc 1b 00 a2 03 00 00'}, bytearray(b'\xe0\xeb\xb2\x06\xdc\x1b\x00\xa2\x03\x00\x00')
2026-09-24 15:07:05,806 BTPWorkerThread-8830 (_rx_task) root DEBUG btp.py                    736   event_handler             : Header(svc_id=1, op=129, ctrl_index=0, data_len=11) (b'\xe0\xeb\xb2\x06\xdc\x1b\x00\xa2\x03\x00\x00',)
2026-09-24 15:07:05,806 BTPWorkerThread-8830 (_rx_task) root DEBUG gap.py                    193   gap_device_found_ev_      : b'\xe0\xeb\xb2\x06\xdc\x1b\x00\xa2\x03\x00\x00'
2026-09-24 15:07:05,806 BTPWorkerThread-8830 (_rx_task) root DEBUG gap.py                    207   gap_device_found_ev_      : found '001bdc06b2eb' type 224 eir b''
2026-09-24 15:07:06,051 BTPWorkerThread-8830 (_rx_task) root DEBUG iutctl_common.py          123   read                      : Read 5 bytes
2026-09-24 15:07:06,051 BTPWorkerThread-8830 (_rx_task) root DEBUG iutctl_common.py          131   read                      : Received: hdr: Header(svc_id=0x01, op=0x81, ctrl_index=0x00, data_len=0x1a) bytearray(b'\x01\x81\x00\x1a\x00')
2026-09-24 15:07:06,051 BTPWorkerThread-8830 (_rx_task) root DEBUG iutctl_common.py          139   read                      : Read 22 bytes data
2026-09-24 15:07:06,062 BTPWorkerThread-8830 (_rx_task) root DEBUG iutctl_common.py          139   read                      : Read 4 bytes data
2026-09-24 15:07:06,063 BTPWorkerThread-8830 (_rx_task) root DEBUG iutctl_common.py          154   read                      : Received data: {'e0 4e e4 08 dc 1b 00 ce 03 0f 00 0e 09 50 54 53 2d 47 41 50 2d 45 34 34 45 00'}, bytearray(b'\xe0N\xe4\x08\xdc\x1b\x00\xce\x03\x0f\x00\x0e\tPTS-GAP-E44E\x00')
2026-09-24 15:07:06,063 BTPWorkerThread-8830 (_rx_task) root DEBUG btp.py                    736   event_handler             : Header(svc_id=1, op=129, ctrl_index=0, data_len=26) (b'\xe0N\xe4\x08\xdc\x1b\x00\xce\x03\x0f\x00\x0e\tPTS-GAP-E44E\x00',)
2026-09-24 15:07:06,063 BTPWorkerThread-8830 (_rx_task) root DEBUG gap.py                    193   gap_device_found_ev_      : b'\xe0N\xe4\x08\xdc\x1b\x00\xce\x03\x0f\x00\x0e\tPTS-GAP-E44E\x00'
2026-09-24 15:07:06,063 BTPWorkerThread-8830 (_rx_task) root DEBUG gap.py                    207   gap_device_found_ev_      : found '001bdc08e44e' type 224 eir b'\x0e\tPTS-GAP-E44E\x00'
2026-09-24 15:07:06,231 BTPWorkerThread-8830 (_rx_task) root DEBUG iutctl_common.py          123   read                      : Read 5 bytes
2026-09-24 15:07:06,231 BTPWorkerThread-8830 (_rx_task) root DEBUG iutctl_common.py          131   read                      : Received: hdr: Header(svc_id=0x01, op=0x81, ctrl_index=0x00, data_len=0x27) bytearray(b"\x01\x81\x00\'\x00")
2026-09-24 15:07:06,231 BTPWorkerThread-8830 (_rx_task) root DEBUG iutctl_common.py          139   read                      : Read 39 bytes data
2026-09-24 15:07:06,232 BTPWorkerThread-8830 (_rx_task) root DEBUG iutctl_common.py          154   read                      : Received data: {'e0 08 67 b2 17 60 e4 a8 03 1c 00 0a 09 53 4d 57 30 30 39 39 33 32 02 0a 0c 0d 03 1f 11 0a 11 0c 11 0e 11 0b 11 1e 11'}, bytearray(b'\xe0\x08g\xb2\x17`\xe4\xa8\x03\x1c\x00\n\tSMW009932\x02\n\x0c\r\x03\x1f\x11\n\x11\x0c\x11\x0e\x11\x0b\x11\x1e\x11')
2026-09-24 15:07:06,232 BTPWorkerThread-8830 (_rx_task) root DEBUG btp.py                    736   event_handler             : Header(svc_id=1, op=129, ctrl_index=0, data_len=39) (b'\xe0\x08g\xb2\x17`\xe4\xa8\x03\x1c\x00\n\tSMW009932\x02\n\x0c\r\x03\x1f\x11\n\x11\x0c\x11\x0e\x11\x0b\x11\x1e\x11',)
2026-09-24 15:07:06,232 BTPWorkerThread-8830 (_rx_task) root DEBUG gap.py                    193   gap_device_found_ev_      : b'\xe0\x08g\xb2\x17`\xe4\xa8\x03\x1c\x00\n\tSMW009932\x02\n\x0c\r\x03\x1f\x11\n\x11\x0c\x11\x0e\x11\x0b\x11\x1e\x11'
2026-09-24 15:07:06,232 BTPWorkerThread-8830 (_rx_task) root DEBUG gap.py                    207   gap_device_found_ev_      : found 'e46017b26708' type 224 eir b'\n\tSMW009932\x02\n\x0c\r\x03\x1f\x11\n\x11\x0c\x11\x0e\x11\x0b\x11\x1e\x11'
2026-09-24 15:07:06,362 BTPWorkerThread-8830 (_rx_task) root DEBUG iutctl_common.py          123   read                      : Read 5 bytes
2026-09-24 15:07:06,363 BTPWorkerThread-8830 (_rx_task) root DEBUG iutctl_common.py          131   read                      : Received: hdr: Header(svc_id=0x01, op=0x81, ctrl_index=0x00, data_len=0x1a) bytearray(b'\x01\x81\x00\x1a\x00')
2026-09-24 15:07:06,363 BTPWorkerThread-8830 (_rx_task) root DEBUG iutctl_common.py          139   read                      : Read 17 bytes data
2026-09-24 15:07:06,373 BTPWorkerThread-8830 (_rx_task) root DEBUG iutctl_common.py          139   read                      : Read 9 bytes data
2026-09-24 15:07:06,373 BTPWorkerThread-8830 (_rx_task) root DEBUG iutctl_common.py          154   read                      : Received data: {'e0 4e e4 08 dc 1b 00 cc 03 0f 00 0e 09 50 54 53 2d 47 41 50 2d 45 34 34 45 00'}, bytearray(b'\xe0N\xe4\x08\xdc\x1b\x00\xcc\x03\x0f\x00\x0e\tPTS-GAP-E44E\x00')
2026-09-24 15:07:06,373 BTPWorkerThread-8830 (_rx_task) root DEBUG btp.py                    736   event_handler             : Header(svc_id=1, op=129, ctrl_index=0, data_len=26) (b'\xe0N\xe4\x08\xdc\x1b\x00\xcc\x03\x0f\x00\x0e\tPTS-GAP-E44E\x00',)
2026-09-24 15:07:06,374 BTPWorkerThread-8830 (_rx_task) root DEBUG gap.py                    193   gap_device_found_ev_      : b'\xe0N\xe4\x08\xdc\x1b\x00\xcc\x03\x0f\x00\x0e\tPTS-GAP-E44E\x00'
2026-09-24 15:07:06,374 BTPWorkerThread-8830 (_rx_task) root DEBUG gap.py                    207   gap_device_found_ev_      : found '001bdc08e44e' type 224 eir b'\x0e\tPTS-GAP-E44E\x00'
2026-09-24 15:07:06,415 BTPWorkerThread-8830 (_rx_task) root DEBUG iutctl_common.py          123   read                      : Read 5 bytes
2026-09-24 15:07:06,415 BTPWorkerThread-8830 (_rx_task) root DEBUG iutctl_common.py          131   read                      : Received: hdr: Header(svc_id=0x01, op=0x81, ctrl_index=0x00, data_len=0x0b) bytearray(b'\x01\x81\x00\x0b\x00')
2026-09-24 15:07:06,416 BTPWorkerThread-8830 (_rx_task) root DEBUG iutctl_common.py          139   read                      : Read 11 bytes data
2026-09-24 15:07:06,416 BTPWorkerThread-8830 (_rx_task) root DEBUG iutctl_common.py          154   read                      : Received data: {'e0 53 00 4c 17 e5 44 ab 03 00 00'}, bytearray(b'\xe0S\x00L\x17\xe5D\xab\x03\x00\x00')
2026-09-24 15:07:06,416 BTPWorkerThread-8830 (_rx_task) root DEBUG btp.py                    736   event_handler             : Header(svc_id=1, op=129, ctrl_index=0, data_len=11) (b'\xe0S\x00L\x17\xe5D\xab\x03\x00\x00',)
2026-09-24 15:07:06,416 BTPWorkerThread-8830 (_rx_task) root DEBUG gap.py                    193   gap_device_found_ev_      : b'\xe0S\x00L\x17\xe5D\xab\x03\x00\x00'
2026-09-24 15:07:06,416 BTPWorkerThread-8830 (_rx_task) root DEBUG gap.py                    207   gap_device_found_ev_      : found '44e5174c0053' type 224 eir b''
2026-09-24 15:07:06,557 BTPWorkerThread-8830 (_rx_task) root DEBUG iutctl_common.py          123   read                      : Read 5 bytes
2026-09-24 15:07:06,557 BTPWorkerThread-8830 (_rx_task) root DEBUG iutctl_common.py          131   read                      : Received: hdr: Header(svc_id=0x01, op=0x81, ctrl_index=0x00, data_len=0x1a) bytearray(b'\x01\x81\x00\x1a\x00')
2026-09-24 15:07:06,558 BTPWorkerThread-8830 (_rx_task) root DEBUG iutctl_common.py          139   read                      : Read 26 bytes data
2026-09-24 15:07:06,558 BTPWorkerThread-8830 (_rx_task) root DEBUG iutctl_common.py          154   read                      : Received data: {'e0 4e e4 08 dc 1b 00 cd 03 0f 00 0e 09 50 54 53 2d 47 41 50 2d 45 34 34 45 00'}, bytearray(b'\xe0N\xe4\x08\xdc\x1b\x00\xcd\x03\x0f\x00\x0e\tPTS-GAP-E44E\x00')
2026-09-24 15:07:06,558 BTPWorkerThread-8830 (_rx_task) root DEBUG btp.py                    736   event_handler             : Header(svc_id=1, op=129, ctrl_index=0, data_len=26) (b'\xe0N\xe4\x08\xdc\x1b\x00\xcd\x03\x0f\x00\x0e\tPTS-GAP-E44E\x00',)
2026-09-24 15:07:06,558 BTPWorkerThread-8830 (_rx_task) root DEBUG gap.py                    193   gap_device_found_ev_      : b'\xe0N\xe4\x08\xdc\x1b\x00\xcd\x03\x0f\x00\x0e\tPTS-GAP-E44E\x00'
2026-09-24 15:07:06,558 BTPWorkerThread-8830 (_rx_task) root DEBUG gap.py                    207   gap_device_found_ev_      : found '001bdc08e44e' type 224 eir b'\x0e\tPTS-GAP-E44E\x00'
2026-09-24 15:07:06,643 BTPWorkerThread-8830 (_rx_task) root DEBUG iutctl_common.py          123   read                      : Read 5 bytes
2026-09-24 15:07:06,643 BTPWorkerThread-8830 (_rx_task) root DEBUG iutctl_common.py          131   read                      : Received: hdr: Header(svc_id=0x01, op=0x81, ctrl_index=0x00, data_len=0x1a) bytearray(b'\x01\x81\x00\x1a\x00')
2026-09-24 15:07:06,643 BTPWorkerThread-8830 (_rx_task) root DEBUG iutctl_common.py          139   read                      : Read 26 bytes data
2026-09-24 15:07:06,644 BTPWorkerThread-8830 (_rx_task) root DEBUG iutctl_common.py          154   read                      : Received data: {'e0 4e e4 08 dc 1b 00 cc 03 0f 00 0e 09 50 54 53 2d 47 41 50 2d 45 34 34 45 00'}, bytearray(b'\xe0N\xe4\x08\xdc\x1b\x00\xcc\x03\x0f\x00\x0e\tPTS-GAP-E44E\x00')
2026-09-24 15:07:06,644 BTPWorkerThread-8830 (_rx_task) root DEBUG btp.py                    736   event_handler             : Header(svc_id=1, op=129, ctrl_index=0, data_len=26) (b'\xe0N\xe4\x08\xdc\x1b\x00\xcc\x03\x0f\x00\x0e\tPTS-GAP-E44E\x00',)
2026-09-24 15:07:06,644 BTPWorkerThread-8830 (_rx_task) root DEBUG gap.py                    193   gap_device_found_ev_      : b'\xe0N\xe4\x08\xdc\x1b\x00\xcc\x03\x0f\x00\x0e\tPTS-GAP-E44E\x00'
2026-09-24 15:07:06,644 BTPWorkerThread-8830 (_rx_task) root DEBUG gap.py                    207   gap_device_found_ev_      : found '001bdc08e44e' type 224 eir b'\x0e\tPTS-GAP-E44E\x00'
2026-09-24 15:07:07,041 BTPWorkerThread-8830 (_rx_task) root DEBUG iutctl_common.py          123   read                      : Read 5 bytes
2026-09-24 15:07:07,042 BTPWorkerThread-8830 (_rx_task) root DEBUG iutctl_common.py          131   read                      : Received: hdr: Header(svc_id=0x01, op=0x81, ctrl_index=0x00, data_len=0x26) bytearray(b'\x01\x81\x00&\x00')
2026-09-24 15:07:07,042 BTPWorkerThread-8830 (_rx_task) root DEBUG iutctl_common.py          139   read                      : Read 38 bytes data
2026-09-24 15:07:07,042 BTPWorkerThread-8830 (_rx_task) root DEBUG iutctl_common.py          154   read                      : Received data: {'e0 53 00 4c 17 e5 44 b0 03 1b 00 09 09 4e 58 4c 36 36 35 32 38 02 0a 0c 0d 03 0c 11 0a 11 0b 11 0e 11 1f 11 1e 11'}, bytearray(b'\xe0S\x00L\x17\xe5D\xb0\x03\x1b\x00\t\tNXL66528\x02\n\x0c\r\x03\x0c\x11\n\x11\x0b\x11\x0e\x11\x1f\x11\x1e\x11')
2026-09-24 15:07:07,042 BTPWorkerThread-8830 (_rx_task) root DEBUG btp.py                    736   event_handler             : Header(svc_id=1, op=129, ctrl_index=0, data_len=38) (b'\xe0S\x00L\x17\xe5D\xb0\x03\x1b\x00\t\tNXL66528\x02\n\x0c\r\x03\x0c\x11\n\x11\x0b\x11\x0e\x11\x1f\x11\x1e\x11',)
2026-09-24 15:07:07,042 BTPWorkerThread-8830 (_rx_task) root DEBUG gap.py                    193   gap_device_found_ev_      : b'\xe0S\x00L\x17\xe5D\xb0\x03\x1b\x00\t\tNXL66528\x02\n\x0c\r\x03\x0c\x11\n\x11\x0b\x11\x0e\x11\x1f\x11\x1e\x11'
2026-09-24 15:07:07,043 BTPWorkerThread-8830 (_rx_task) root DEBUG gap.py                    207   gap_device_found_ev_      : found '44e5174c0053' type 224 eir b'\t\tNXL66528\x02\n\x0c\r\x03\x0c\x11\n\x11\x0b\x11\x0e\x11\x1f\x11\x1e\x11'
2026-09-24 15:07:07,139 BTPWorkerThread-8830 (_rx_task) root DEBUG iutctl_common.py          123   read                      : Read 5 bytes
2026-09-24 15:07:07,139 BTPWorkerThread-8830 (_rx_task) root DEBUG iutctl_common.py          131   read                      : Received: hdr: Header(svc_id=0x01, op=0x81, ctrl_index=0x00, data_len=0x1a) bytearray(b'\x01\x81\x00\x1a\x00')
2026-09-24 15:07:07,140 BTPWorkerThread-8830 (_rx_task) root DEBUG iutctl_common.py          139   read                      : Read 26 bytes data
2026-09-24 15:07:07,140 BTPWorkerThread-8830 (_rx_task) root DEBUG iutctl_common.py          154   read                      : Received data: {'e0 4e e4 08 dc 1b 00 cf 03 0f 00 0e 09 50 54 53 2d 47 41 50 2d 45 34 34 45 00'}, bytearray(b'\xe0N\xe4\x08\xdc\x1b\x00\xcf\x03\x0f\x00\x0e\tPTS-GAP-E44E\x00')
2026-09-24 15:07:07,140 BTPWorkerThread-8830 (_rx_task) root DEBUG btp.py                    736   event_handler             : Header(svc_id=1, op=129, ctrl_index=0, data_len=26) (b'\xe0N\xe4\x08\xdc\x1b\x00\xcf\x03\x0f\x00\x0e\tPTS-GAP-E44E\x00',)
2026-09-24 15:07:07,140 BTPWorkerThread-8830 (_rx_task) root DEBUG gap.py                    193   gap_device_found_ev_      : b'\xe0N\xe4\x08\xdc\x1b\x00\xcf\x03\x0f\x00\x0e\tPTS-GAP-E44E\x00'
2026-09-24 15:07:07,140 BTPWorkerThread-8830 (_rx_task) root DEBUG gap.py                    207   gap_device_found_ev_      : found '001bdc08e44e' type 224 eir b'\x0e\tPTS-GAP-E44E\x00'
2026-09-24 15:07:07,140 BTPWorkerThread-8830 (_rx_task) root DEBUG iutctl_common.py          123   read                      : Read 5 bytes
2026-09-24 15:07:07,140 BTPWorkerThread-8830 (_rx_task) root DEBUG iutctl_common.py          131   read                      : Received: hdr: Header(svc_id=0x01, op=0x81, ctrl_index=0x00, data_len=0x2b) bytearray(b'\x01\x81\x00+\x00')
2026-09-24 15:07:07,140 BTPWorkerThread-8830 (_rx_task) root DEBUG iutctl_common.py          139   read                      : Read 21 bytes data
2026-09-24 15:07:07,151 BTPWorkerThread-8830 (_rx_task) root DEBUG iutctl_common.py          139   read                      : Read 22 bytes data
2026-09-24 15:07:07,151 BTPWorkerThread-8830 (_rx_task) root DEBUG iutctl_common.py          154   read                      : Received data: {'e0 31 9b 03 23 e0 fa a5 03 20 00 0d 09 45 4d 2d 42 54 32 2d 39 42 33 31 00 11 ff 62 72 32 32 78 78 11 22 33 44 55 66 aa bb 00 00'}, bytearray(b'\xe01\x9b\x03#\xe0\xfa\xa5\x03 \x00\r\tEM-BT2-9B31\x00\x11\xffbr22xx\x11"3DUf\xaa\xbb\x00\x00')
2026-09-24 15:07:07,152 BTPWorkerThread-8830 (_rx_task) root DEBUG btp.py                    736   event_handler             : Header(svc_id=1, op=129, ctrl_index=0, data_len=43) (b'\xe01\x9b\x03#\xe0\xfa\xa5\x03 \x00\r\tEM-BT2-9B31\x00\x11\xffbr22xx\x11"3DUf\xaa\xbb\x00\x00',)
2026-09-24 15:07:07,152 BTPWorkerThread-8830 (_rx_task) root DEBUG gap.py                    193   gap_device_found_ev_      : b'\xe01\x9b\x03#\xe0\xfa\xa5\x03 \x00\r\tEM-BT2-9B31\x00\x11\xffbr22xx\x11"3DUf\xaa\xbb\x00\x00'
2026-09-24 15:07:07,152 BTPWorkerThread-8830 (_rx_task) root DEBUG gap.py                    207   gap_device_found_ev_      : found 'fae023039b31' type 224 eir b'\r\tEM-BT2-9B31\x00\x11\xffbr22xx\x11"3DUf\xaa\xbb\x00\x00'
2026-09-24 15:07:07,463 BTPWorkerThread-8830 (_rx_task) root DEBUG iutctl_common.py          123   read                      : Read 5 bytes
2026-09-24 15:07:07,463 BTPWorkerThread-8830 (_rx_task) root DEBUG iutctl_common.py          131   read                      : Received: hdr: Header(svc_id=0x01, op=0x81, ctrl_index=0x00, data_len=0x0b) bytearray(b'\x01\x81\x00\x0b\x00')
2026-09-24 15:07:07,463 BTPWorkerThread-8830 (_rx_task) root DEBUG iutctl_common.py          139   read                      : Read 11 bytes data
2026-09-24 15:07:07,463 BTPWorkerThread-8830 (_rx_task) root DEBUG iutctl_common.py          154   read                      : Received data: {'e0 4d 65 9b 70 f3 5c a2 03 00 00'}, bytearray(b'\xe0Me\x9bp\xf3\\\xa2\x03\x00\x00')
2026-09-24 15:07:07,463 BTPWorkerThread-8830 (_rx_task) root DEBUG btp.py                    736   event_handler             : Header(svc_id=1, op=129, ctrl_index=0, data_len=11) (b'\xe0Me\x9bp\xf3\\\xa2\x03\x00\x00',)
2026-09-24 15:07:07,465 BTPWorkerThread-8830 (_rx_task) root DEBUG gap.py                    193   gap_device_found_ev_      : b'\xe0Me\x9bp\xf3\\\xa2\x03\x00\x00'
2026-09-24 15:07:07,465 BTPWorkerThread-8830 (_rx_task) root DEBUG gap.py                    207   gap_device_found_ev_      : found '5cf3709b654d' type 224 eir b''
2026-09-24 15:07:07,486 BTPWorkerThread-8830 (_rx_task) root DEBUG iutctl_common.py          123   read                      : Read 5 bytes
2026-09-24 15:07:07,487 BTPWorkerThread-8830 (_rx_task) root DEBUG iutctl_common.py          131   read                      : Received: hdr: Header(svc_id=0x01, op=0x81, ctrl_index=0x00, data_len=0x26) bytearray(b'\x01\x81\x00&\x00')
2026-09-24 15:07:07,487 BTPWorkerThread-8830 (_rx_task) root DEBUG iutctl_common.py          139   read                      : Read 38 bytes data
2026-09-24 15:07:07,487 BTPWorkerThread-8830 (_rx_task) root DEBUG iutctl_common.py          154   read                      : Received data: {'e0 53 00 4c 17 e5 44 b0 03 1b 00 09 09 4e 58 4c 36 36 35 32 38 02 0a 0c 0d 03 0c 11 0a 11 0b 11 0e 11 1f 11 1e 11'}, bytearray(b'\xe0S\x00L\x17\xe5D\xb0\x03\x1b\x00\t\tNXL66528\x02\n\x0c\r\x03\x0c\x11\n\x11\x0b\x11\x0e\x11\x1f\x11\x1e\x11')
2026-09-24 15:07:07,487 BTPWorkerThread-8830 (_rx_task) root DEBUG btp.py                    736   event_handler             : Header(svc_id=1, op=129, ctrl_index=0, data_len=38) (b'\xe0S\x00L\x17\xe5D\xb0\x03\x1b\x00\t\tNXL66528\x02\n\x0c\r\x03\x0c\x11\n\x11\x0b\x11\x0e\x11\x1f\x11\x1e\x11',)
2026-09-24 15:07:07,487 BTPWorkerThread-8830 (_rx_task) root DEBUG gap.py                    193   gap_device_found_ev_      : b'\xe0S\x00L\x17\xe5D\xb0\x03\x1b\x00\t\tNXL66528\x02\n\x0c\r\x03\x0c\x11\n\x11\x0b\x11\x0e\x11\x1f\x11\x1e\x11'
2026-09-24 15:07:07,487 BTPWorkerThread-8830 (_rx_task) root DEBUG gap.py                    207   gap_device_found_ev_      : found '44e5174c0053' type 224 eir b'\t\tNXL66528\x02\n\x0c\r\x03\x0c\x11\n\x11\x0b\x11\x0e\x11\x1f\x11\x1e\x11'
2026-09-24 15:07:07,507 BTPWorkerThread-8830 (_rx_task) root DEBUG iutctl_common.py          123   read                      : Read 5 bytes
2026-09-24 15:07:07,507 BTPWorkerThread-8830 (_rx_task) root DEBUG iutctl_common.py          131   read                      : Received: hdr: Header(svc_id=0x01, op=0x81, ctrl_index=0x00, data_len=0x27) bytearray(b"\x01\x81\x00\'\x00")
2026-09-24 15:07:07,507 BTPWorkerThread-8830 (_rx_task) root DEBUG iutctl_common.py          139   read                      : Read 39 bytes data
2026-09-24 15:07:07,508 BTPWorkerThread-8830 (_rx_task) root DEBUG iutctl_common.py          154   read                      : Received data: {'e0 08 67 b2 17 60 e4 a6 03 1c 00 0a 09 53 4d 57 30 30 39 39 33 32 02 0a 0c 0d 03 1f 11 0a 11 0c 11 0e 11 0b 11 1e 11'}, bytearray(b'\xe0\x08g\xb2\x17`\xe4\xa6\x03\x1c\x00\n\tSMW009932\x02\n\x0c\r\x03\x1f\x11\n\x11\x0c\x11\x0e\x11\x0b\x11\x1e\x11')
2026-09-24 15:07:07,508 BTPWorkerThread-8830 (_rx_task) root DEBUG btp.py                    736   event_handler             : Header(svc_id=1, op=129, ctrl_index=0, data_len=39) (b'\xe0\x08g\xb2\x17`\xe4\xa6\x03\x1c\x00\n\tSMW009932\x02\n\x0c\r\x03\x1f\x11\n\x11\x0c\x11\x0e\x11\x0b\x11\x1e\x11',)
2026-09-24 15:07:07,508 BTPWorkerThread-8830 (_rx_task) root DEBUG gap.py                    193   gap_device_found_ev_      : b'\xe0\x08g\xb2\x17`\xe4\xa6\x03\x1c\x00\n\tSMW009932\x02\n\x0c\r\x03\x1f\x11\n\x11\x0c\x11\x0e\x11\x0b\x11\x1e\x11'
2026-09-24 15:07:07,508 BTPWorkerThread-8830 (_rx_task) root DEBUG gap.py                    207   gap_device_found_ev_      : found 'e46017b26708' type 224 eir b'\n\tSMW009932\x02\n\x0c\r\x03\x1f\x11\n\x11\x0c\x11\x0e\x11\x0b\x11\x1e\x11'
2026-09-24 15:07:07,713 BTPWorkerThread-8830 (_rx_task) root DEBUG iutctl_common.py          123   read                      : Read 5 bytes
2026-09-24 15:07:07,713 BTPWorkerThread-8830 (_rx_task) root DEBUG iutctl_common.py          131   read                      : Received: hdr: Header(svc_id=0x01, op=0x81, ctrl_index=0x00, data_len=0x1a) bytearray(b'\x01\x81\x00\x1a\x00')
2026-09-24 15:07:07,713 BTPWorkerThread-8830 (_rx_task) root DEBUG iutctl_common.py          139   read                      : Read 26 bytes data
2026-09-24 15:07:07,714 BTPWorkerThread-8830 (_rx_task) root DEBUG iutctl_common.py          154   read                      : Received data: {'e0 4e e4 08 dc 1b 00 cf 03 0f 00 0e 09 50 54 53 2d 47 41 50 2d 45 34 34 45 00'}, bytearray(b'\xe0N\xe4\x08\xdc\x1b\x00\xcf\x03\x0f\x00\x0e\tPTS-GAP-E44E\x00')
2026-09-24 15:07:07,714 BTPWorkerThread-8830 (_rx_task) root DEBUG btp.py                    736   event_handler             : Header(svc_id=1, op=129, ctrl_index=0, data_len=26) (b'\xe0N\xe4\x08\xdc\x1b\x00\xcf\x03\x0f\x00\x0e\tPTS-GAP-E44E\x00',)
2026-09-24 15:07:07,714 BTPWorkerThread-8830 (_rx_task) root DEBUG gap.py                    193   gap_device_found_ev_      : b'\xe0N\xe4\x08\xdc\x1b\x00\xcf\x03\x0f\x00\x0e\tPTS-GAP-E44E\x00'
2026-09-24 15:07:07,714 BTPWorkerThread-8830 (_rx_task) root DEBUG gap.py                    207   gap_device_found_ev_      : found '001bdc08e44e' type 224 eir b'\x0e\tPTS-GAP-E44E\x00'
2026-09-24 15:07:07,746 BTPWorkerThread-8830 (_rx_task) root DEBUG iutctl_common.py          123   read                      : Read 5 bytes
2026-09-24 15:07:07,746 BTPWorkerThread-8830 (_rx_task) root DEBUG iutctl_common.py          131   read                      : Received: hdr: Header(svc_id=0x01, op=0x81, ctrl_index=0x00, data_len=0x26) bytearray(b'\x01\x81\x00&\x00')
2026-09-24 15:07:07,747 BTPWorkerThread-8830 (_rx_task) root DEBUG iutctl_common.py          139   read                      : Read 38 bytes data
2026-09-24 15:07:07,747 BTPWorkerThread-8830 (_rx_task) root DEBUG iutctl_common.py          154   read                      : Received data: {'e0 53 00 4c 17 e5 44 a7 03 1b 00 09 09 4e 58 4c 36 36 35 32 38 02 0a 0c 0d 03 0c 11 0a 11 0b 11 0e 11 1f 11 1e 11'}, bytearray(b'\xe0S\x00L\x17\xe5D\xa7\x03\x1b\x00\t\tNXL66528\x02\n\x0c\r\x03\x0c\x11\n\x11\x0b\x11\x0e\x11\x1f\x11\x1e\x11')
2026-09-24 15:07:07,747 BTPWorkerThread-8830 (_rx_task) root DEBUG btp.py                    736   event_handler             : Header(svc_id=1, op=129, ctrl_index=0, data_len=38) (b'\xe0S\x00L\x17\xe5D\xa7\x03\x1b\x00\t\tNXL66528\x02\n\x0c\r\x03\x0c\x11\n\x11\x0b\x11\x0e\x11\x1f\x11\x1e\x11',)
2026-09-24 15:07:07,747 BTPWorkerThread-8830 (_rx_task) root DEBUG gap.py                    193   gap_device_found_ev_      : b'\xe0S\x00L\x17\xe5D\xa7\x03\x1b\x00\t\tNXL66528\x02\n\x0c\r\x03\x0c\x11\n\x11\x0b\x11\x0e\x11\x1f\x11\x1e\x11'
2026-09-24 15:07:07,747 BTPWorkerThread-8830 (_rx_task) root DEBUG gap.py                    207   gap_device_found_ev_      : found '44e5174c0053' type 224 eir b'\t\tNXL66528\x02\n\x0c\r\x03\x0c\x11\n\x11\x0b\x11\x0e\x11\x1f\x11\x1e\x11'
2026-09-24 15:07:07,854 BTPWorkerThread-8830 (_rx_task) root DEBUG iutctl_common.py          123   read                      : Read 5 bytes
2026-09-24 15:07:07,854 BTPWorkerThread-8830 (_rx_task) root DEBUG iutctl_common.py          131   read                      : Received: hdr: Header(svc_id=0x01, op=0x81, ctrl_index=0x00, data_len=0x1a) bytearray(b'\x01\x81\x00\x1a\x00')
2026-09-24 15:07:07,854 BTPWorkerThread-8830 (_rx_task) root DEBUG iutctl_common.py          139   read                      : Read 26 bytes data
2026-09-24 15:07:07,855 BTPWorkerThread-8830 (_rx_task) root DEBUG iutctl_common.py          154   read                      : Received data: {'e0 4e e4 08 dc 1b 00 cf 03 0f 00 0e 09 50 54 53 2d 47 41 50 2d 45 34 34 45 00'}, bytearray(b'\xe0N\xe4\x08\xdc\x1b\x00\xcf\x03\x0f\x00\x0e\tPTS-GAP-E44E\x00')
2026-09-24 15:07:07,855 BTPWorkerThread-8830 (_rx_task) root DEBUG btp.py                    736   event_handler             : Header(svc_id=1, op=129, ctrl_index=0, data_len=26) (b'\xe0N\xe4\x08\xdc\x1b\x00\xcf\x03\x0f\x00\x0e\tPTS-GAP-E44E\x00',)
2026-09-24 15:07:07,855 BTPWorkerThread-8830 (_rx_task) root DEBUG gap.py                    193   gap_device_found_ev_      : b'\xe0N\xe4\x08\xdc\x1b\x00\xcf\x03\x0f\x00\x0e\tPTS-GAP-E44E\x00'
2026-09-24 15:07:07,855 BTPWorkerThread-8830 (_rx_task) root DEBUG gap.py                    207   gap_device_found_ev_      : found '001bdc08e44e' type 224 eir b'\x0e\tPTS-GAP-E44E\x00'
2026-09-24 15:07:07,941 BTPWorkerThread-8830 (_rx_task) root DEBUG iutctl_common.py          123   read                      : Read 5 bytes
2026-09-24 15:07:07,941 BTPWorkerThread-8830 (_rx_task) root DEBUG iutctl_common.py          131   read                      : Received: hdr: Header(svc_id=0x01, op=0x81, ctrl_index=0x00, data_len=0x26) bytearray(b'\x01\x81\x00&\x00')
2026-09-24 15:07:07,941 BTPWorkerThread-8830 (_rx_task) root DEBUG iutctl_common.py          139   read                      : Read 38 bytes data
2026-09-24 15:07:07,941 BTPWorkerThread-8830 (_rx_task) root DEBUG iutctl_common.py          154   read                      : Received data: {'e0 53 00 4c 17 e5 44 b0 03 1b 00 09 09 4e 58 4c 36 36 35 32 38 02 0a 0c 0d 03 0c 11 0a 11 0b 11 0e 11 1f 11 1e 11'}, bytearray(b'\xe0S\x00L\x17\xe5D\xb0\x03\x1b\x00\t\tNXL66528\x02\n\x0c\r\x03\x0c\x11\n\x11\x0b\x11\x0e\x11\x1f\x11\x1e\x11')
2026-09-24 15:07:07,941 BTPWorkerThread-8830 (_rx_task) root DEBUG btp.py                    736   event_handler             : Header(svc_id=1, op=129, ctrl_index=0, data_len=38) (b'\xe0S\x00L\x17\xe5D\xb0\x03\x1b\x00\t\tNXL66528\x02\n\x0c\r\x03\x0c\x11\n\x11\x0b\x11\x0e\x11\x1f\x11\x1e\x11',)
2026-09-24 15:07:07,942 BTPWorkerThread-8830 (_rx_task) root DEBUG gap.py                    193   gap_device_found_ev_      : b'\xe0S\x00L\x17\xe5D\xb0\x03\x1b\x00\t\tNXL66528\x02\n\x0c\r\x03\x0c\x11\n\x11\x0b\x11\x0e\x11\x1f\x11\x1e\x11'
2026-09-24 15:07:07,942 BTPWorkerThread-8830 (_rx_task) root DEBUG gap.py                    207   gap_device_found_ev_      : found '44e5174c0053' type 224 eir b'\t\tNXL66528\x02\n\x0c\r\x03\x0c\x11\n\x11\x0b\x11\x0e\x11\x1f\x11\x1e\x11'
2026-09-24 15:07:07,963 BTPWorkerThread-8830 (_rx_task) root DEBUG iutctl_common.py          123   read                      : Read 5 bytes
2026-09-24 15:07:07,963 BTPWorkerThread-8830 (_rx_task) root DEBUG iutctl_common.py          131   read                      : Received: hdr: Header(svc_id=0x01, op=0x81, ctrl_index=0x00, data_len=0x26) bytearray(b'\x01\x81\x00&\x00')
2026-09-24 15:07:07,963 BTPWorkerThread-8830 (_rx_task) root DEBUG iutctl_common.py          139   read                      : Read 38 bytes data
2026-09-24 15:07:07,964 BTPWorkerThread-8830 (_rx_task) root DEBUG iutctl_common.py          154   read                      : Received data: {'e0 53 00 4c 17 e5 44 ad 03 1b 00 09 09 4e 58 4c 36 36 35 32 38 02 0a 0c 0d 03 0c 11 0a 11 0b 11 0e 11 1f 11 1e 11'}, bytearray(b'\xe0S\x00L\x17\xe5D\xad\x03\x1b\x00\t\tNXL66528\x02\n\x0c\r\x03\x0c\x11\n\x11\x0b\x11\x0e\x11\x1f\x11\x1e\x11')
2026-09-24 15:07:07,964 BTPWorkerThread-8830 (_rx_task) root DEBUG btp.py                    736   event_handler             : Header(svc_id=1, op=129, ctrl_index=0, data_len=38) (b'\xe0S\x00L\x17\xe5D\xad\x03\x1b\x00\t\tNXL66528\x02\n\x0c\r\x03\x0c\x11\n\x11\x0b\x11\x0e\x11\x1f\x11\x1e\x11',)
2026-09-24 15:07:07,964 BTPWorkerThread-8830 (_rx_task) root DEBUG gap.py                    193   gap_device_found_ev_      : b'\xe0S\x00L\x17\xe5D\xad\x03\x1b\x00\t\tNXL66528\x02\n\x0c\r\x03\x0c\x11\n\x11\x0b\x11\x0e\x11\x1f\x11\x1e\x11'
2026-09-24 15:07:07,964 BTPWorkerThread-8830 (_rx_task) root DEBUG gap.py                    207   gap_device_found_ev_      : found '44e5174c0053' type 224 eir b'\t\tNXL66528\x02\n\x0c\r\x03\x0c\x11\n\x11\x0b\x11\x0e\x11\x1f\x11\x1e\x11'
2026-09-24 15:07:08,007 BTPWorkerThread-8830 (_rx_task) root DEBUG iutctl_common.py          123   read                      : Read 5 bytes
2026-09-24 15:07:08,007 BTPWorkerThread-8830 (_rx_task) root DEBUG iutctl_common.py          131   read                      : Received: hdr: Header(svc_id=0x01, op=0x81, ctrl_index=0x00, data_len=0x26) bytearray(b'\x01\x81\x00&\x00')
2026-09-24 15:07:08,007 BTPWorkerThread-8830 (_rx_task) root DEBUG iutctl_common.py          139   read                      : Read 38 bytes data
2026-09-24 15:07:08,008 BTPWorkerThread-8830 (_rx_task) root DEBUG iutctl_common.py          154   read                      : Received data: {'e0 53 00 4c 17 e5 44 b0 03 1b 00 09 09 4e 58 4c 36 36 35 32 38 02 0a 0c 0d 03 0c 11 0a 11 0b 11 0e 11 1f 11 1e 11'}, bytearray(b'\xe0S\x00L\x17\xe5D\xb0\x03\x1b\x00\t\tNXL66528\x02\n\x0c\r\x03\x0c\x11\n\x11\x0b\x11\x0e\x11\x1f\x11\x1e\x11')
2026-09-24 15:07:08,008 BTPWorkerThread-8830 (_rx_task) root DEBUG btp.py                    736   event_handler             : Header(svc_id=1, op=129, ctrl_index=0, data_len=38) (b'\xe0S\x00L\x17\xe5D\xb0\x03\x1b\x00\t\tNXL66528\x02\n\x0c\r\x03\x0c\x11\n\x11\x0b\x11\x0e\x11\x1f\x11\x1e\x11',)
2026-09-24 15:07:08,008 BTPWorkerThread-8830 (_rx_task) root DEBUG gap.py                    193   gap_device_found_ev_      : b'\xe0S\x00L\x17\xe5D\xb0\x03\x1b\x00\t\tNXL66528\x02\n\x0c\r\x03\x0c\x11\n\x11\x0b\x11\x0e\x11\x1f\x11\x1e\x11'
2026-09-24 15:07:08,008 BTPWorkerThread-8830 (_rx_task) root DEBUG gap.py                    207   gap_device_found_ev_      : found '44e5174c0053' type 224 eir b'\t\tNXL66528\x02\n\x0c\r\x03\x0c\x11\n\x11\x0b\x11\x0e\x11\x1f\x11\x1e\x11'
2026-09-24 15:07:08,273 BTPWorkerThread-8830 (_rx_task) root DEBUG iutctl_common.py          123   read                      : Read 5 bytes
2026-09-24 15:07:08,273 BTPWorkerThread-8830 (_rx_task) root DEBUG iutctl_common.py          131   read                      : Received: hdr: Header(svc_id=0x01, op=0x81, ctrl_index=0x00, data_len=0x2a) bytearray(b'\x01\x81\x00*\x00')
2026-09-24 15:07:08,274 BTPWorkerThread-8830 (_rx_task) root DEBUG iutctl_common.py          139   read                      : Read 42 bytes data
2026-09-24 15:07:08,274 BTPWorkerThread-8830 (_rx_task) root DEBUG iutctl_common.py          154   read                      : Received data: {'e0 cd 83 06 dc 1b 00 a7 03 1f 00 1e 09 41 32 44 50 20 53 6f 75 72 63 65 20 30 30 3a 31 42 3a 44 43 3a 30 36 3a 38 33 3a 43 44'}, bytearray(b'\xe0\xcd\x83\x06\xdc\x1b\x00\xa7\x03\x1f\x00\x1e\tA2DP Source 00:1B:DC:06:83:CD')
2026-09-24 15:07:08,274 BTPWorkerThread-8830 (_rx_task) root DEBUG btp.py                    736   event_handler             : Header(svc_id=1, op=129, ctrl_index=0, data_len=42) (b'\xe0\xcd\x83\x06\xdc\x1b\x00\xa7\x03\x1f\x00\x1e\tA2DP Source 00:1B:DC:06:83:CD',)
2026-09-24 15:07:08,274 BTPWorkerThread-8830 (_rx_task) root DEBUG gap.py                    193   gap_device_found_ev_      : b'\xe0\xcd\x83\x06\xdc\x1b\x00\xa7\x03\x1f\x00\x1e\tA2DP Source 00:1B:DC:06:83:CD'
2026-09-24 15:07:08,274 BTPWorkerThread-8830 (_rx_task) root DEBUG gap.py                    207   gap_device_found_ev_      : found '001bdc0683cd' type 224 eir b'\x1e\tA2DP Source 00:1B:DC:06:83:CD'
2026-09-24 15:07:08,400 BTPWorkerThread-8830 (_rx_task) root DEBUG iutctl_common.py          123   read                      : Read 5 bytes
2026-09-24 15:07:08,400 BTPWorkerThread-8830 (_rx_task) root DEBUG iutctl_common.py          131   read                      : Received: hdr: Header(svc_id=0x01, op=0x81, ctrl_index=0x00, data_len=0x2a) bytearray(b'\x01\x81\x00*\x00')
2026-09-24 15:07:08,400 BTPWorkerThread-8830 (_rx_task) root DEBUG iutctl_common.py          139   read                      : Read 13 bytes data
2026-09-24 15:07:08,411 BTPWorkerThread-8830 (_rx_task) root DEBUG iutctl_common.py          139   read                      : Read 29 bytes data
2026-09-24 15:07:08,411 BTPWorkerThread-8830 (_rx_task) root DEBUG iutctl_common.py          154   read                      : Received data: {'e0 cd 83 06 dc 1b 00 ae 03 1f 00 1e 09 41 32 44 50 20 53 6f 75 72 63 65 20 30 30 3a 31 42 3a 44 43 3a 30 36 3a 38 33 3a 43 44'}, bytearray(b'\xe0\xcd\x83\x06\xdc\x1b\x00\xae\x03\x1f\x00\x1e\tA2DP Source 00:1B:DC:06:83:CD')
2026-09-24 15:07:08,411 BTPWorkerThread-8830 (_rx_task) root DEBUG btp.py                    736   event_handler             : Header(svc_id=1, op=129, ctrl_index=0, data_len=42) (b'\xe0\xcd\x83\x06\xdc\x1b\x00\xae\x03\x1f\x00\x1e\tA2DP Source 00:1B:DC:06:83:CD',)
2026-09-24 15:07:08,412 BTPWorkerThread-8830 (_rx_task) root DEBUG gap.py                    193   gap_device_found_ev_      : b'\xe0\xcd\x83\x06\xdc\x1b\x00\xae\x03\x1f\x00\x1e\tA2DP Source 00:1B:DC:06:83:CD'
2026-09-24 15:07:08,412 BTPWorkerThread-8830 (_rx_task) root DEBUG gap.py                    207   gap_device_found_ev_      : found '001bdc0683cd' type 224 eir b'\x1e\tA2DP Source 00:1B:DC:06:83:CD'
2026-09-24 15:07:08,455 BTPWorkerThread-8830 (_rx_task) root DEBUG iutctl_common.py          123   read                      : Read 5 bytes
2026-09-24 15:07:08,455 BTPWorkerThread-8830 (_rx_task) root DEBUG iutctl_common.py          131   read                      : Received: hdr: Header(svc_id=0x01, op=0x81, ctrl_index=0x00, data_len=0x2a) bytearray(b'\x01\x81\x00*\x00')
2026-09-24 15:07:08,455 BTPWorkerThread-8830 (_rx_task) root DEBUG iutctl_common.py          139   read                      : Read 42 bytes data
2026-09-24 15:07:08,456 BTPWorkerThread-8830 (_rx_task) root DEBUG iutctl_common.py          154   read                      : Received data: {'e0 cd 83 06 dc 1b 00 ad 03 1f 00 1e 09 41 32 44 50 20 53 6f 75 72 63 65 20 30 30 3a 31 42 3a 44 43 3a 30 36 3a 38 33 3a 43 44'}, bytearray(b'\xe0\xcd\x83\x06\xdc\x1b\x00\xad\x03\x1f\x00\x1e\tA2DP Source 00:1B:DC:06:83:CD')
2026-09-24 15:07:08,456 BTPWorkerThread-8830 (_rx_task) root DEBUG btp.py                    736   event_handler             : Header(svc_id=1, op=129, ctrl_index=0, data_len=42) (b'\xe0\xcd\x83\x06\xdc\x1b\x00\xad\x03\x1f\x00\x1e\tA2DP Source 00:1B:DC:06:83:CD',)
2026-09-24 15:07:08,456 BTPWorkerThread-8830 (_rx_task) root DEBUG gap.py                    193   gap_device_found_ev_      : b'\xe0\xcd\x83\x06\xdc\x1b\x00\xad\x03\x1f\x00\x1e\tA2DP Source 00:1B:DC:06:83:CD'
2026-09-24 15:07:08,456 BTPWorkerThread-8830 (_rx_task) root DEBUG gap.py                    207   gap_device_found_ev_      : found '001bdc0683cd' type 224 eir b'\x1e\tA2DP Source 00:1B:DC:06:83:CD'
2026-09-24 15:07:08,996 BTPWorkerThread-8830 (_rx_task) root DEBUG iutctl_common.py          123   read                      : Read 5 bytes
2026-09-24 15:07:08,996 BTPWorkerThread-8830 (_rx_task) root DEBUG iutctl_common.py          131   read                      : Received: hdr: Header(svc_id=0x01, op=0x81, ctrl_index=0x00, data_len=0x0b) bytearray(b'\x01\x81\x00\x0b\x00')
2026-09-24 15:07:08,996 BTPWorkerThread-8830 (_rx_task) root DEBUG iutctl_common.py          139   read                      : Read 11 bytes data
2026-09-24 15:07:08,996 BTPWorkerThread-8830 (_rx_task) root DEBUG iutctl_common.py          154   read                      : Received data: {'e0 cd 83 06 dc 1b 00 a7 03 00 00'}, bytearray(b'\xe0\xcd\x83\x06\xdc\x1b\x00\xa7\x03\x00\x00')
2026-09-24 15:07:08,997 BTPWorkerThread-8830 (_rx_task) root DEBUG btp.py                    736   event_handler             : Header(svc_id=1, op=129, ctrl_index=0, data_len=11) (b'\xe0\xcd\x83\x06\xdc\x1b\x00\xa7\x03\x00\x00',)
2026-09-24 15:07:08,997 BTPWorkerThread-8830 (_rx_task) root DEBUG gap.py                    193   gap_device_found_ev_      : b'\xe0\xcd\x83\x06\xdc\x1b\x00\xa7\x03\x00\x00'
2026-09-24 15:07:08,997 BTPWorkerThread-8830 (_rx_task) root DEBUG gap.py                    207   gap_device_found_ev_      : found '001bdc0683cd' type 224 eir b''
2026-09-24 15:07:09,567 BTPWorkerThread-8830 (_rx_task) root DEBUG iutctl_common.py          123   read                      : Read 5 bytes
2026-09-24 15:07:09,568 BTPWorkerThread-8830 (_rx_task) root DEBUG iutctl_common.py          131   read                      : Received: hdr: Header(svc_id=0x01, op=0x81, ctrl_index=0x00, data_len=0x2a) bytearray(b'\x01\x81\x00*\x00')
2026-09-24 15:07:09,568 BTPWorkerThread-8830 (_rx_task) root DEBUG iutctl_common.py          139   read                      : Read 42 bytes data
2026-09-24 15:07:09,569 BTPWorkerThread-8830 (_rx_task) root DEBUG iutctl_common.py          154   read                      : Received data: {'e0 cd 83 06 dc 1b 00 ad 03 1f 00 1e 09 41 32 44 50 20 53 6f 75 72 63 65 20 30 30 3a 31 42 3a 44 43 3a 30 36 3a 38 33 3a 43 44'}, bytearray(b'\xe0\xcd\x83\x06\xdc\x1b\x00\xad\x03\x1f\x00\x1e\tA2DP Source 00:1B:DC:06:83:CD')
2026-09-24 15:07:09,570 BTPWorkerThread-8830 (_rx_task) root DEBUG btp.py                    736   event_handler             : Header(svc_id=1, op=129, ctrl_index=0, data_len=42) (b'\xe0\xcd\x83\x06\xdc\x1b\x00\xad\x03\x1f\x00\x1e\tA2DP Source 00:1B:DC:06:83:CD',)
2026-09-24 15:07:09,570 BTPWorkerThread-8830 (_rx_task) root DEBUG gap.py                    193   gap_device_found_ev_      : b'\xe0\xcd\x83\x06\xdc\x1b\x00\xad\x03\x1f\x00\x1e\tA2DP Source 00:1B:DC:06:83:CD'
2026-09-24 15:07:09,571 BTPWorkerThread-8830 (_rx_task) root DEBUG gap.py                    207   gap_device_found_ev_      : found '001bdc0683cd' type 224 eir b'\x1e\tA2DP Source 00:1B:DC:06:83:CD'
2026-09-24 15:07:09,597 BTPWorkerThread-8830 (_rx_task) root DEBUG iutctl_common.py          123   read                      : Read 5 bytes
2026-09-24 15:07:09,597 BTPWorkerThread-8830 (_rx_task) root DEBUG iutctl_common.py          131   read                      : Received: hdr: Header(svc_id=0x01, op=0x81, ctrl_index=0x00, data_len=0x26) bytearray(b'\x01\x81\x00&\x00')
2026-09-24 15:07:09,597 BTPWorkerThread-8830 (_rx_task) root DEBUG iutctl_common.py          139   read                      : Read 38 bytes data
2026-09-24 15:07:09,598 BTPWorkerThread-8830 (_rx_task) root DEBUG iutctl_common.py          154   read                      : Received data: {'e0 53 00 4c 17 e5 44 b1 03 1b 00 09 09 4e 58 4c 36 36 35 32 38 02 0a 0c 0d 03 0c 11 0a 11 0b 11 0e 11 1f 11 1e 11'}, bytearray(b'\xe0S\x00L\x17\xe5D\xb1\x03\x1b\x00\t\tNXL66528\x02\n\x0c\r\x03\x0c\x11\n\x11\x0b\x11\x0e\x11\x1f\x11\x1e\x11')
2026-09-24 15:07:09,598 BTPWorkerThread-8830 (_rx_task) root DEBUG btp.py                    736   event_handler             : Header(svc_id=1, op=129, ctrl_index=0, data_len=38) (b'\xe0S\x00L\x17\xe5D\xb1\x03\x1b\x00\t\tNXL66528\x02\n\x0c\r\x03\x0c\x11\n\x11\x0b\x11\x0e\x11\x1f\x11\x1e\x11',)
2026-09-24 15:07:09,598 BTPWorkerThread-8830 (_rx_task) root DEBUG gap.py                    193   gap_device_found_ev_      : b'\xe0S\x00L\x17\xe5D\xb1\x03\x1b\x00\t\tNXL66528\x02\n\x0c\r\x03\x0c\x11\n\x11\x0b\x11\x0e\x11\x1f\x11\x1e\x11'
2026-09-24 15:07:09,598 BTPWorkerThread-8830 (_rx_task) root DEBUG gap.py                    207   gap_device_found_ev_      : found '44e5174c0053' type 224 eir b'\t\tNXL66528\x02\n\x0c\r\x03\x0c\x11\n\x11\x0b\x11\x0e\x11\x1f\x11\x1e\x11'
2026-09-24 15:07:09,815 BTPWorkerThread-8830 (_rx_task) root DEBUG iutctl_common.py          123   read                      : Read 5 bytes
2026-09-24 15:07:09,815 BTPWorkerThread-8830 (_rx_task) root DEBUG iutctl_common.py          131   read                      : Received: hdr: Header(svc_id=0x01, op=0x81, ctrl_index=0x00, data_len=0x26) bytearray(b'\x01\x81\x00&\x00')
2026-09-24 15:07:09,815 BTPWorkerThread-8830 (_rx_task) root DEBUG iutctl_common.py          139   read                      : Read 26 bytes data
2026-09-24 15:07:09,826 BTPWorkerThread-8830 (_rx_task) root DEBUG iutctl_common.py          139   read                      : Read 12 bytes data
2026-09-24 15:07:09,826 BTPWorkerThread-8830 (_rx_task) root DEBUG iutctl_common.py          154   read                      : Received data: {'e0 53 00 4c 17 e5 44 a7 03 1b 00 09 09 4e 58 4c 36 36 35 32 38 02 0a 0c 0d 03 0c 11 0a 11 0b 11 0e 11 1f 11 1e 11'}, bytearray(b'\xe0S\x00L\x17\xe5D\xa7\x03\x1b\x00\t\tNXL66528\x02\n\x0c\r\x03\x0c\x11\n\x11\x0b\x11\x0e\x11\x1f\x11\x1e\x11')
2026-09-24 15:07:09,826 BTPWorkerThread-8830 (_rx_task) root DEBUG btp.py                    736   event_handler             : Header(svc_id=1, op=129, ctrl_index=0, data_len=38) (b'\xe0S\x00L\x17\xe5D\xa7\x03\x1b\x00\t\tNXL66528\x02\n\x0c\r\x03\x0c\x11\n\x11\x0b\x11\x0e\x11\x1f\x11\x1e\x11',)
2026-09-24 15:07:09,827 BTPWorkerThread-8830 (_rx_task) root DEBUG gap.py                    193   gap_device_found_ev_      : b'\xe0S\x00L\x17\xe5D\xa7\x03\x1b\x00\t\tNXL66528\x02\n\x0c\r\x03\x0c\x11\n\x11\x0b\x11\x0e\x11\x1f\x11\x1e\x11'
2026-09-24 15:07:09,827 BTPWorkerThread-8830 (_rx_task) root DEBUG gap.py                    207   gap_device_found_ev_      : found '44e5174c0053' type 224 eir b'\t\tNXL66528\x02\n\x0c\r\x03\x0c\x11\n\x11\x0b\x11\x0e\x11\x1f\x11\x1e\x11'
2026-09-24 15:07:10,093 BTPWorkerThread-8830 (_rx_task) root DEBUG iutctl_common.py          123   read                      : Read 5 bytes
2026-09-24 15:07:10,093 BTPWorkerThread-8830 (_rx_task) root DEBUG iutctl_common.py          131   read                      : Received: hdr: Header(svc_id=0x01, op=0x81, ctrl_index=0x00, data_len=0x27) bytearray(b"\x01\x81\x00\'\x00")
2026-09-24 15:07:10,093 BTPWorkerThread-8830 (_rx_task) root DEBUG iutctl_common.py          139   read                      : Read 39 bytes data
2026-09-24 15:07:10,094 BTPWorkerThread-8830 (_rx_task) root DEBUG iutctl_common.py          154   read                      : Received data: {'e0 08 67 b2 17 60 e4 a5 03 1c 00 0a 09 53 4d 57 30 30 39 39 33 32 02 0a 0c 0d 03 1f 11 0a 11 0c 11 0e 11 0b 11 1e 11'}, bytearray(b'\xe0\x08g\xb2\x17`\xe4\xa5\x03\x1c\x00\n\tSMW009932\x02\n\x0c\r\x03\x1f\x11\n\x11\x0c\x11\x0e\x11\x0b\x11\x1e\x11')
2026-09-24 15:07:10,094 BTPWorkerThread-8830 (_rx_task) root DEBUG btp.py                    736   event_handler             : Header(svc_id=1, op=129, ctrl_index=0, data_len=39) (b'\xe0\x08g\xb2\x17`\xe4\xa5\x03\x1c\x00\n\tSMW009932\x02\n\x0c\r\x03\x1f\x11\n\x11\x0c\x11\x0e\x11\x0b\x11\x1e\x11',)
2026-09-24 15:07:10,094 BTPWorkerThread-8830 (_rx_task) root DEBUG gap.py                    193   gap_device_found_ev_      : b'\xe0\x08g\xb2\x17`\xe4\xa5\x03\x1c\x00\n\tSMW009932\x02\n\x0c\r\x03\x1f\x11\n\x11\x0c\x11\x0e\x11\x0b\x11\x1e\x11'
2026-09-24 15:07:10,094 BTPWorkerThread-8830 (_rx_task) root DEBUG gap.py                    207   gap_device_found_ev_      : found 'e46017b26708' type 224 eir b'\n\tSMW009932\x02\n\x0c\r\x03\x1f\x11\n\x11\x0c\x11\x0e\x11\x0b\x11\x1e\x11'
2026-09-24 15:07:10,234 BTPWorkerThread-8830 (_rx_task) root DEBUG iutctl_common.py          123   read                      : Read 5 bytes
2026-09-24 15:07:10,234 BTPWorkerThread-8830 (_rx_task) root DEBUG iutctl_common.py          131   read                      : Received: hdr: Header(svc_id=0x01, op=0x81, ctrl_index=0x00, data_len=0x26) bytearray(b'\x01\x81\x00&\x00')
2026-09-24 15:07:10,234 BTPWorkerThread-8830 (_rx_task) root DEBUG iutctl_common.py          139   read                      : Read 38 bytes data
2026-09-24 15:07:10,235 BTPWorkerThread-8830 (_rx_task) root DEBUG iutctl_common.py          154   read                      : Received data: {'e0 53 00 4c 17 e5 44 b0 03 1b 00 09 09 4e 58 4c 36 36 35 32 38 02 0a 0c 0d 03 0c 11 0a 11 0b 11 0e 11 1f 11 1e 11'}, bytearray(b'\xe0S\x00L\x17\xe5D\xb0\x03\x1b\x00\t\tNXL66528\x02\n\x0c\r\x03\x0c\x11\n\x11\x0b\x11\x0e\x11\x1f\x11\x1e\x11')
2026-09-24 15:07:10,235 BTPWorkerThread-8830 (_rx_task) root DEBUG btp.py                    736   event_handler             : Header(svc_id=1, op=129, ctrl_index=0, data_len=38) (b'\xe0S\x00L\x17\xe5D\xb0\x03\x1b\x00\t\tNXL66528\x02\n\x0c\r\x03\x0c\x11\n\x11\x0b\x11\x0e\x11\x1f\x11\x1e\x11',)
2026-09-24 15:07:10,235 BTPWorkerThread-8830 (_rx_task) root DEBUG gap.py                    193   gap_device_found_ev_      : b'\xe0S\x00L\x17\xe5D\xb0\x03\x1b\x00\t\tNXL66528\x02\n\x0c\r\x03\x0c\x11\n\x11\x0b\x11\x0e\x11\x1f\x11\x1e\x11'
2026-09-24 15:07:10,235 BTPWorkerThread-8830 (_rx_task) root DEBUG gap.py                    207   gap_device_found_ev_      : found '44e5174c0053' type 224 eir b'\t\tNXL66528\x02\n\x0c\r\x03\x0c\x11\n\x11\x0b\x11\x0e\x11\x1f\x11\x1e\x11'
2026-09-24 15:07:10,266 BTPWorkerThread-8830 (_rx_task) root DEBUG iutctl_common.py          123   read                      : Read 5 bytes
2026-09-24 15:07:10,266 BTPWorkerThread-8830 (_rx_task) root DEBUG iutctl_common.py          131   read                      : Received: hdr: Header(svc_id=0x01, op=0x81, ctrl_index=0x00, data_len=0x27) bytearray(b"\x01\x81\x00\'\x00")
2026-09-24 15:07:10,266 BTPWorkerThread-8830 (_rx_task) root DEBUG iutctl_common.py          139   read                      : Read 6 bytes data
2026-09-24 15:07:10,277 BTPWorkerThread-8830 (_rx_task) root DEBUG iutctl_common.py          139   read                      : Read 33 bytes data
2026-09-24 15:07:10,277 BTPWorkerThread-8830 (_rx_task) root DEBUG iutctl_common.py          154   read                      : Received data: {'e0 08 67 b2 17 60 e4 ad 03 1c 00 0a 09 53 4d 57 30 30 39 39 33 32 02 0a 0c 0d 03 1f 11 0a 11 0c 11 0e 11 0b 11 1e 11'}, bytearray(b'\xe0\x08g\xb2\x17`\xe4\xad\x03\x1c\x00\n\tSMW009932\x02\n\x0c\r\x03\x1f\x11\n\x11\x0c\x11\x0e\x11\x0b\x11\x1e\x11')
2026-09-24 15:07:10,278 BTPWorkerThread-8830 (_rx_task) root DEBUG btp.py                    736   event_handler             : Header(svc_id=1, op=129, ctrl_index=0, data_len=39) (b'\xe0\x08g\xb2\x17`\xe4\xad\x03\x1c\x00\n\tSMW009932\x02\n\x0c\r\x03\x1f\x11\n\x11\x0c\x11\x0e\x11\x0b\x11\x1e\x11',)
2026-09-24 15:07:10,278 BTPWorkerThread-8830 (_rx_task) root DEBUG gap.py                    193   gap_device_found_ev_      : b'\xe0\x08g\xb2\x17`\xe4\xad\x03\x1c\x00\n\tSMW009932\x02\n\x0c\r\x03\x1f\x11\n\x11\x0c\x11\x0e\x11\x0b\x11\x1e\x11'
2026-09-24 15:07:10,278 BTPWorkerThread-8830 (_rx_task) root DEBUG gap.py                    207   gap_device_found_ev_      : found 'e46017b26708' type 224 eir b'\n\tSMW009932\x02\n\x0c\r\x03\x1f\x11\n\x11\x0c\x11\x0e\x11\x0b\x11\x1e\x11'
2026-09-24 15:07:10,382 LT1-thread root DEBUG gap.py                    1150  gap_stop_discovery        : 
2026-09-24 15:07:10,382 LT1-thread root DEBUG iutctl_common.py          161   send                      : 1 13 0 ''
2026-09-24 15:07:10,382 LT1-thread root DEBUG iutctl_common.py          166   send                      : sending frame '010d000000'
2026-09-24 15:07:10,382 LT1-thread root DEBUG gap.py                    1229  gap_command_rsp_succ      : 
2026-09-24 15:07:10,382 LT1-thread root DEBUG iutctl_common.py          339   read                      : 
2026-09-24 15:07:10,417 BTPWorkerThread-8830 (_rx_task) root DEBUG iutctl_common.py          123   read                      : Read 5 bytes
2026-09-24 15:07:10,422 BTPWorkerThread-8830 (_rx_task) root DEBUG iutctl_common.py          131   read                      : Received: hdr: Header(svc_id=0x01, op=0x0d, ctrl_index=0x00, data_len=0x00) bytearray(b'\x01\r\x00\x00\x00')
2026-09-24 15:07:10,422 BTPWorkerThread-8830 (_rx_task) root DEBUG iutctl_common.py          154   read                      : Received data: {''}, bytearray(b'')
2026-09-24 15:07:10,434 LT1-thread root DEBUG gap.py                    1234  gap_command_rsp_succ      : received Header(svc_id=1, op=13, ctrl_index=0, data_len=0) (b'',)
2026-09-24 15:07:10,434 LT1-thread root DEBUG gap.py                    1510  check_discovery_results   : 224 '001bdc08e44e' True None
2026-09-24 15:07:10,434 LT1-thread root DEBUG gap.py                    1519  check_discovery_results   : matching LeAdv(addr_type=224, addr='44e5174c0053', rssi=176, flags=3, eir=b'\t\tNXL66528\x02\n\x0c\r\x03\x0c\x11\n\x11\x0b\x11\x0e\x11\x1f\x11\x1e\x11')
2026-09-24 15:07:10,434 LT1-thread root DEBUG gap.py                    1519  check_discovery_results   : matching LeAdv(addr_type=224, addr='e46017b26708', rssi=168, flags=3, eir=b'\n\tSMW009932\x02\n\x0c\r\x03\x1f\x11\n\x11\x0c\x11\x0e\x11\x0b\x11\x1e\x11')
2026-09-24 15:07:10,434 LT1-thread root DEBUG gap.py                    1519  check_discovery_results   : matching LeAdv(addr_type=224, addr='44e5174c0053', rssi=177, flags=3, eir=b'\t\tNXL66528\x02\n\x0c\r\x03\x0c\x11\n\x11\x0b\x11\x0e\x11\x1f\x11\x1e\x11')
2026-09-24 15:07:10,434 LT1-thread root DEBUG gap.py                    1519  check_discovery_results   : matching LeAdv(addr_type=224, addr='e46017b26708', rssi=175, flags=3, eir=b'\n\tSMW009932\x02\n\x0c\r\x03\x1f\x11\n\x11\x0c\x11\x0e\x11\x0b\x11\x1e\x11')
2026-09-24 15:07:10,434 LT1-thread root DEBUG gap.py                    1519  check_discovery_results   : matching LeAdv(addr_type=224, addr='44e5174c0053', rssi=179, flags=3, eir=b'')
2026-09-24 15:07:10,434 LT1-thread root DEBUG gap.py                    1519  check_discovery_results   : matching LeAdv(addr_type=224, addr='001bdc08e44e', rssi=209, flags=3, eir=b'\x0e\tPTS-GAP-E44E\x00')
2026-09-24 15:07:10,434 LT1-thread root DEBUG testcase.py               722   run_wid                   : Sending response 'Yes' to wid 146 test case GAP/IDLE/GIN/BV-01-C
2026-09-24 15:07:10,437 LT1-thread root DEBUG client.py                 276   get_result                : ClientCallback.get_result run_test_case
2026-09-24 15:07:13,073 LT1-callback ClientCallback.log INFO client.py                 200   log                       : PTS_LOGTYPE_START_TEST Start Test Case 

+141 ms
 GAP/IDLE/GIN/BV-01-C GAP/IDLE/GIN/BV-01-C

2026-09-24 15:07:13,300 LT1-callback ClientCallback.log INFO client.py                 200   log                       : PTS_LOGTYPE_FINAL_VERDICT Final Verdict 

+14891 ms
 GAP/IDLE/GIN/BV-01-C PASS

2026-09-24 15:07:13,305 LT1-callback ClientCallback.log INFO client.py                 200   log                       : PTS_LOGTYPE_FINAL_VERDICT Encrypted Verdict 

+14891 ms
 GAP/IDLE/GIN/BV-01-C A1#ZWY4MzQ5MDg3MmQwNTIxOGQzMzQ5YjY2ODA5M2MzNjQ5ZDY4NmY0Yjc2MzIzM2VkNTUyNTFhNGU4Mjg1MjI0NA==#RZL+jKhtMN7JwZX0BVZ5SdwS36dRCI9kRcKKrwQoObF0HDR5a4jK0qsNYMr/YCMX

2026-09-24 15:07:13,309 LT1-callback ClientCallback.log INFO client.py                 200   log                       : PTS_LOGTYPE_END_TEST Test Case Ended 

+14891 ms
 GAP/IDLE/GIN/BV-01-C GAP/IDLE/GIN/BV-01-C

2026-09-24 15:07:13,427 LT1-callback root DEBUG client.py                 261   set_result                : ClientCallback, set_result, run_test_case, PASS
2026-09-24 15:07:13,427 LT1-thread root DEBUG client.py                 1186  _run_test_case            : After run_test_case error_code=0 status='PASS'
2026-09-24 15:07:13,427 LT1-thread root DEBUG testcase.py               766   post_run                  : post_run GAP GAP/IDLE/GIN/BV-01-C 0
2026-09-24 15:07:13,427 LT1-thread root DEBUG testcase.py               254   start                     : Starting test function: class=<class 'autopts.ptsprojects.testcase.TestFuncCleanUp'>, func=<bound method ZTestCase._test_case_cleanup of <autopts.ptsprojects.zephyr.ztestcase.ZTestCase object at 0x000002622B2E6600>> start_wid=None stop_wid=None post_wid=None skip_call=None call_count=1 args=() kwds={}
2026-09-24 15:07:13,427 LT1-thread root DEBUG testcase.py               266   start                     : Test function parameters: args=(), kwds={}
2026-09-24 15:07:13,428 LT1-thread root DEBUG iutctl.py                 415   stop                      : <class 'autopts.ptsprojects.zephyr.iutctl.create_zephyr_ctl_class.<locals>.ZephyrCtl'>.stop
2026-09-24 15:07:13,428 LT1-thread root DEBUG __init__.py               51    reset                     : About to reset DUT: JLink -CommandFile reset.jlink -usb 1063214216 -device MIMXRT1176XXXA_M7
2026-09-24 15:07:13,738 BTPWorkerThread-8830 (_rx_task) root DEBUG iutctl_common.py          123   read                      : Read 5 bytes
2026-09-24 15:07:13,738 BTPWorkerThread-8830 (_rx_task) root DEBUG iutctl_common.py          131   read                      : Received: hdr: Header(svc_id=0x00, op=0x80, ctrl_index=0xff, data_len=0x00) bytearray(b'\x00\x80\xff\x00\x00')
2026-09-24 15:07:13,738 BTPWorkerThread-8830 (_rx_task) root DEBUG iutctl_common.py          154   read                      : Received data: {''}, bytearray(b'')
2026-09-24 15:07:13,738 BTPWorkerThread-8830 (_rx_task) root DEBUG btp.py                    736   event_handler             : Header(svc_id=0, op=128, ctrl_index=255, data_len=0) (b'',)
2026-09-24 15:07:13,739 BTPWorkerThread-8830 (_rx_task) root DEBUG core.py                   23    core_iut_ready_ev         : 
2026-09-24 15:07:13,807 LT1-thread root DEBUG iutctl.py                 436   _stop_tty_mode            : IUT ready event received OK
2026-09-24 15:07:13,807 LT1-thread root DEBUG iutctl_common.py          416   close                     : Waiting for _rx_worker to finish ...
2026-09-24 15:07:14,740 BTPWorkerThread-8830 (_rx_task) root DEBUG iutctl_common.py          332   _rx_task                  : BTPWorkerThread-8830 (_rx_task) finishing...
2026-09-24 15:07:17,747 LT1-thread root DEBUG testcase.py               794   post_run                  : post_run, cleanup running post test case script
2026-09-24 15:07:17,747 LT1-thread root DEBUG testcase.py               802   post_run                  : post_run, run post test case script
2026-09-24 15:07:17,824 LT1-thread root DEBUG client.py                 1220  _run_test_case            : Done TestCase _run_test_case GAP GAP/IDLE/GIN/BV-01-C
