2026-10-08 15:58:11,562 LT1-thread root DEBUG client.py                 1099  _run_test_case            : Starting TestCase _run_test_case HID11 HID11/HOS/HCE/BV-01-C
2026-10-08 15:58:11,563 LT1-thread root DEBUG testcase.py               727   pre_run                   : pre_run HID11 HID11/HOS/HCE/BV-01-C
2026-10-08 15:58:11,563 LT1-thread root DEBUG testcase.py               729   pre_run                   : About to run test case HID11 HID11/HOS/HCE/BV-01-C with commands:
2026-10-08 15:58:11,563 LT1-thread root DEBUG testcase.py               731   pre_run                   : 0) class=<class 'autopts.ptsprojects.testcase.TestFunc'>, func=<bound method ZTestCase._test_case_start of <autopts.ptsprojects.zephyr.ztestcase.ZTestCase object at 0x00000275EFCFB920>> start_wid=None stop_wid=None post_wid=None skip_call=None call_count=0 args=() kwds={}
2026-10-08 15:58:11,564 LT1-thread root DEBUG testcase.py               731   pre_run                   : 1) class=<class 'autopts.ptsprojects.testcase.TestFunc'>, func=<function core_reg_svc_gap at 0x00000275ECAA1B20> start_wid=None stop_wid=None post_wid=None skip_call=None call_count=1 args=() kwds={}
2026-10-08 15:58:11,564 LT1-thread root DEBUG testcase.py               731   pre_run                   : 2) class=<class 'autopts.ptsprojects.testcase.TestFunc'>, func=<bound method Stack.gap_init of <autopts.ptsprojects.stack.stack.Stack object at 0x00000275EE9B1F70>> start_wid=None stop_wid=None post_wid=None skip_call=None call_count=1 args=(b'Tester_08E44E',) kwds={}
2026-10-08 15:58:11,564 LT1-thread root DEBUG testcase.py               731   pre_run                   : 3) class=<class 'autopts.ptsprojects.testcase.TestFunc'>, func=<function gap_read_controller_info at 0x00000275ECAE0AE0> start_wid=None stop_wid=None post_wid=None skip_call=None call_count=1 args=() kwds={}
2026-10-08 15:58:11,564 LT1-thread root DEBUG testcase.py               731   pre_run                   : 4) class=<class 'autopts.ptsprojects.testcase.TestFunc'>, func=<function test_cases.<locals>.<lambda> at 0x00000275EFC22520> start_wid=None stop_wid=None post_wid=None skip_call=None call_count=1 args=() kwds={}
2026-10-08 15:58:11,564 LT1-thread root DEBUG testcase.py               731   pre_run                   : 5) class=<class 'autopts.ptsprojects.testcase.TestFunc'>, func=<function set_pts_addr at 0x00000275ECAA16C0> start_wid=None stop_wid=None post_wid=None skip_call=None call_count=1 args=('00:1B:DC:08:E4:4E', 0) kwds={}
2026-10-08 15:58:11,564 LT1-thread root DEBUG testcase.py               731   pre_run                   : 6) class=<class 'autopts.ptsprojects.testcase.TestFunc'>, func=<function gap_set_io_capability at 0x00000275ECAA7F60> start_wid=None stop_wid=None post_wid=None skip_call=None call_count=1 args=(3,) kwds={}
2026-10-08 15:58:11,564 LT1-thread root DEBUG testcase.py               731   pre_run                   : 7) class=<class 'autopts.ptsprojects.testcase.TestFunc'>, func=<function core_reg_svc_sdp at 0x00000275ECAA3100> start_wid=None stop_wid=None post_wid=None skip_call=None call_count=1 args=() kwds={}
2026-10-08 15:58:11,564 LT1-thread root DEBUG testcase.py               731   pre_run                   : 8) class=<class 'autopts.ptsprojects.testcase.TestFunc'>, func=<function core_reg_svc_hid_host at 0x00000275ECAA32E0> start_wid=None stop_wid=None post_wid=None skip_call=None call_count=1 args=() kwds={}
2026-10-08 15:58:11,564 LT1-thread root DEBUG testcase.py               731   pre_run                   : 9) class=<class 'autopts.ptsprojects.testcase.TestFunc'>, func=<bound method Stack.hid_host_init of <autopts.ptsprojects.stack.stack.Stack object at 0x00000275EE9B1F70>> start_wid=None stop_wid=None post_wid=None skip_call=None call_count=1 args=() kwds={}
2026-10-08 15:58:11,565 LT1-thread root DEBUG testcase.py               731   pre_run                   : 10) class=<class 'autopts.ptsprojects.testcase.TestFuncCleanUp'>, func=<bound method ZTestCase._test_case_cleanup of <autopts.ptsprojects.zephyr.ztestcase.ZTestCase object at 0x00000275EFCFB920>> start_wid=None stop_wid=None post_wid=None skip_call=None call_count=0 args=() kwds={}
2026-10-08 15:58:11,565 LT1-thread root DEBUG testcase.py               738   pre_run                   : pre_run, run pre test case script
2026-10-08 15:58:11,572 LT1-thread root DEBUG testcase.py               254   start                     : Starting test function: class=<class 'autopts.ptsprojects.testcase.TestFunc'>, func=<bound method ZTestCase._test_case_start of <autopts.ptsprojects.zephyr.ztestcase.ZTestCase object at 0x00000275EFCFB920>> start_wid=None stop_wid=None post_wid=None skip_call=None call_count=1 args=() kwds={}
2026-10-08 15:58:11,572 LT1-thread root DEBUG testcase.py               266   start                     : Test function parameters: args=(), kwds={}
2026-10-08 15:58:11,573 LT1-thread root DEBUG iutctl.py                 172   start                     : <class 'autopts.ptsprojects.zephyr.iutctl.create_zephyr_ctl_class.<locals>.ZephyrCtl'>.start
2026-10-08 15:58:11,573 LT1-thread root DEBUG iutctl.py                 325   flush_serial              : <class 'autopts.ptsprojects.zephyr.iutctl.create_zephyr_ctl_class.<locals>.ZephyrCtl'>.flush_serial
2026-10-08 15:58:12,766 LT1-thread root DEBUG iutctl.py                 249   _start_tty_mode           : Starting socat process: socat.exe -x -v tcp:10.17.12.9:59522,retry=100,interval=1 /dev/ttyS2,raw,b115200,
2026-10-08 15:58:12,773 LT1-thread root DEBUG iutctl_common.py          402   accept                    : 
2026-10-08 15:58:12,853 BTPWorkerThread-46 (_rx_task) root DEBUG iutctl_common.py          299   _rx_task                  : BTPWorkerThread-46 (_rx_task) started
2026-10-08 15:58:12,854 LT1-thread root DEBUG iutctl.py                 395   wait_iut_ready_event      : IUT ready event received OK
2026-10-08 15:58:12,854 LT1-thread root DEBUG btp.py                    51    read_supp_svcs            : 
2026-10-08 15:58:12,854 LT1-thread root DEBUG iutctl_common.py          161   send                      : 0 2 255 ''
2026-10-08 15:58:12,854 LT1-thread root DEBUG iutctl_common.py          166   send                      : sending frame '0002ff0000'
2026-10-08 15:58:12,854 LT1-thread root DEBUG iutctl_common.py          339   read                      : 
2026-10-08 15:58:12,870 BTPWorkerThread-46 (_rx_task) root DEBUG iutctl_common.py          123   read                      : Read 5 bytes
2026-10-08 15:58:12,880 BTPWorkerThread-46 (_rx_task) root DEBUG iutctl_common.py          131   read                      : Received: hdr: Header(svc_id=0x00, op=0x02, ctrl_index=0xff, data_len=0x06) bytearray(b'\x00\x02\xff\x06\x00')
2026-10-08 15:58:12,891 BTPWorkerThread-46 (_rx_task) root DEBUG iutctl_common.py          139   read                      : Read 6 bytes data
2026-10-08 15:58:12,902 BTPWorkerThread-46 (_rx_task) root DEBUG iutctl_common.py          154   read                      : Received data: {'0f 00 00 a0 01 03'}, bytearray(b'\x0f\x00\x00\xa0\x01\x03')
2026-10-08 15:58:12,912 LT1-thread root DEBUG btp.py                    62    read_supp_svcs            : received Header(svc_id=0, op=2, ctrl_index=255, data_len=6) (b'\x0f\x00\x00\xa0\x01\x03',)
2026-10-08 15:58:12,912 LT1-thread root DEBUG testcase.py               254   start                     : Starting test function: class=<class 'autopts.ptsprojects.testcase.TestFunc'>, func=<function core_reg_svc_gap at 0x00000275ECAA1B20> start_wid=None stop_wid=None post_wid=None skip_call=None call_count=2 args=() kwds={}
2026-10-08 15:58:12,912 LT1-thread root DEBUG testcase.py               266   start                     : Test function parameters: args=(), kwds={}
2026-10-08 15:58:12,912 LT1-thread root DEBUG btp.py                    117   core_reg_svc_univ         : core_reg_svc_univ: gap_reg (GAP)
2026-10-08 15:58:12,913 LT1-thread root DEBUG iutctl_common.py          161   send                      : 0 3 255 '1'
2026-10-08 15:58:12,913 LT1-thread root DEBUG iutctl_common.py          166   send                      : sending frame '0003ff010001'
2026-10-08 15:58:12,913 LT1-thread root DEBUG btp.py                    626   core_reg_svc_rsp_succ     : 
2026-10-08 15:58:12,913 LT1-thread root DEBUG iutctl_common.py          339   read                      : 
2026-10-08 15:58:17,019 BTPWorkerThread-46 (_rx_task) root DEBUG iutctl_common.py          123   read                      : Read 5 bytes
2026-10-08 15:58:17,024 BTPWorkerThread-46 (_rx_task) root DEBUG iutctl_common.py          131   read                      : Received: hdr: Header(svc_id=0x00, op=0x03, ctrl_index=0xff, data_len=0x00) bytearray(b'\x00\x03\xff\x00\x00')
2026-10-08 15:58:17,029 BTPWorkerThread-46 (_rx_task) root DEBUG iutctl_common.py          154   read                      : Received data: {''}, bytearray(b'')
2026-10-08 15:58:17,040 LT1-thread root DEBUG btp.py                    637   core_reg_svc_rsp_succ     : received Header(svc_id=0, op=3, ctrl_index=255, data_len=0) (b'',)
2026-10-08 15:58:17,040 LT1-thread root DEBUG btp.py                    638   core_reg_svc_rsp_succ     : expected ((0, 3, 255, 0), (b'',))
2026-10-08 15:58:17,040 LT1-thread root DEBUG btp.py                    643   core_reg_svc_rsp_succ     : response is valid
2026-10-08 15:58:17,040 LT1-thread root DEBUG btp.py                    646   core_reg_svc_rsp_succ     : Reading supported commands for service: GAP
2026-10-08 15:58:17,040 LT1-thread root DEBUG iutctl_common.py          161   send                      : 1 1 255 ''
2026-10-08 15:58:17,040 LT1-thread root DEBUG iutctl_common.py          166   send                      : sending frame '0101ff0000'
2026-10-08 15:58:17,041 LT1-thread root DEBUG iutctl_common.py          339   read                      : 
2026-10-08 15:58:17,075 BTPWorkerThread-46 (_rx_task) root DEBUG iutctl_common.py          123   read                      : Read 5 bytes
2026-10-08 15:58:17,085 BTPWorkerThread-46 (_rx_task) root DEBUG iutctl_common.py          131   read                      : Received: hdr: Header(svc_id=0x01, op=0x01, ctrl_index=0xff, data_len=0x07) bytearray(b'\x01\x01\xff\x07\x00')
2026-10-08 15:58:17,109 BTPWorkerThread-46 (_rx_task) root DEBUG iutctl_common.py          139   read                      : Read 7 bytes data
2026-10-08 15:58:17,120 BTPWorkerThread-46 (_rx_task) root DEBUG iutctl_common.py          154   read                      : Received data: {'6e ff 7f 1f fe ff 0e'}, bytearray(b'n\xff\x7f\x1f\xfe\xff\x0e')
2026-10-08 15:58:17,130 LT1-thread root DEBUG testcase.py               254   start                     : Starting test function: class=<class 'autopts.ptsprojects.testcase.TestFunc'>, func=<bound method Stack.gap_init of <autopts.ptsprojects.stack.stack.Stack object at 0x00000275EE9B1F70>> start_wid=None stop_wid=None post_wid=None skip_call=None call_count=2 args=(b'Tester_08E44E',) kwds={}
2026-10-08 15:58:17,130 LT1-thread root DEBUG testcase.py               266   start                     : Test function parameters: args=(b'Tester_08E44E',), kwds={}
2026-10-08 15:58:17,130 LT1-thread root DEBUG testcase.py               254   start                     : Starting test function: class=<class 'autopts.ptsprojects.testcase.TestFunc'>, func=<function gap_read_controller_info at 0x00000275ECAE0AE0> start_wid=None stop_wid=None post_wid=None skip_call=None call_count=2 args=() kwds={}
2026-10-08 15:58:17,130 LT1-thread root DEBUG testcase.py               266   start                     : Test function parameters: args=(), kwds={}
2026-10-08 15:58:17,130 LT1-thread root DEBUG gap.py                    1161  gap_read_controller_info  : 
2026-10-08 15:58:17,130 LT1-thread root DEBUG iutctl_common.py          161   send                      : 1 3 0 ''
2026-10-08 15:58:17,130 LT1-thread root DEBUG iutctl_common.py          166   send                      : sending frame '0103000000'
2026-10-08 15:58:17,130 LT1-thread root DEBUG iutctl_common.py          339   read                      : 
2026-10-08 15:58:17,167 BTPWorkerThread-46 (_rx_task) root DEBUG iutctl_common.py          123   read                      : Read 5 bytes
2026-10-08 15:58:17,177 BTPWorkerThread-46 (_rx_task) root DEBUG iutctl_common.py          131   read                      : Received: hdr: Header(svc_id=0x01, op=0x03, ctrl_index=0x00, data_len=0x115) bytearray(b'\x01\x03\x00\x15\x01')
2026-10-08 15:58:17,195 BTPWorkerThread-46 (_rx_task) root DEBUG iutctl_common.py          139   read                      : Read 277 bytes data
2026-10-08 15:58:17,205 BTPWorkerThread-46 (_rx_task) root DEBUG iutctl_common.py          154   read                      : Received data: {'19 78 ee 69 17 d0 d3 06 02 00 13 02 00 00 00 00 00 62 74 70 5f 74 65 73 74 65 72 00 00 00 00 00 00 00 00 00 00 00 00 00 00 00 00 00 00 00 00 00 00 00 00 00 00 00 00 00 00 00 00 00 00 00 00 00 00 00 00 00 00 00 00 00 00 00 00 00 00 00 00 00 00 00 00 00 00 00 00 00 00 00 00 00 00 00 00 00 00 00 00 00 00 00 00 00 00 00 00 00 00 00 00 00 00 00 00 00 00 00 00 00 00 00 00 00 00 00 00 00 00 00 00 00 00 00 00 00 00 00 00 00 00 00 00 00 00 00 00 00 00 00 00 00 00 00 00 00 00 00 00 00 00 00 00 00 00 00 00 00 00 00 00 00 00 00 00 00 00 00 00 00 00 00 00 00 00 00 00 00 00 00 00 00 00 00 00 00 00 00 00 00 00 00 00 00 00 00 00 00 00 00 00 00 00 00 00 00 00 00 00 00 00 00 00 00 00 00 00 00 00 00 00 00 00 00 00 00 00 00 00 00 00 00 00 00 00 00 00 00 00 00 00 00 00 00 00 00 00 00 00 00 00 00 00 00 00 00 00 00 00 00 00 00 00 00 00 00 00'}, bytearray(b'\x19x\xeei\x17\xd0\xd3\x06\x02\x00\x13\x02\x00\x00\x00\x00\x00btp_tester\x00\x00\x00\x00\x00\x00\x00\x00\x00\x00\x00\x00\x00\x00\x00\x00\x00\x00\x00\x00\x00\x00\x00\x00\x00\x00\x00\x00\x00\x00\x00\x00\x00\x00\x00\x00\x00\x00\x00\x00\x00\x00\x00\x00\x00\x00\x00\x00\x00\x00\x00\x00\x00\x00\x00\x00\x00\x00\x00\x00\x00\x00\x00\x00\x00\x00\x00\x00\x00\x00\x00\x00\x00\x00\x00\x00\x00\x00\x00\x00\x00\x00\x00\x00\x00\x00\x00\x00\x00\x00\x00\x00\x00\x00\x00\x00\x00\x00\x00\x00\x00\x00\x00\x00\x00\x00\x00\x00\x00\x00\x00\x00\x00\x00\x00\x00\x00\x00\x00\x00\x00\x00\x00\x00\x00\x00\x00\x00\x00\x00\x00\x00\x00\x00\x00\x00\x00\x00\x00\x00\x00\x00\x00\x00\x00\x00\x00\x00\x00\x00\x00\x00\x00\x00\x00\x00\x00\x00\x00\x00\x00\x00\x00\x00\x00\x00\x00\x00\x00\x00\x00\x00\x00\x00\x00\x00\x00\x00\x00\x00\x00\x00\x00\x00\x00\x00\x00\x00\x00\x00\x00\x00\x00\x00\x00\x00\x00\x00\x00\x00\x00\x00\x00\x00\x00\x00\x00\x00\x00\x00\x00\x00\x00\x00\x00\x00\x00\x00\x00\x00\x00\x00\x00\x00\x00\x00\x00\x00\x00\x00\x00\x00\x00\x00\x00\x00\x00\x00\x00\x00\x00\x00\x00\x00\x00\x00\x00\x00\x00\x00')
2026-10-08 15:58:17,216 LT1-thread root DEBUG gap.py                    1168  gap_read_controller_info  : received Header(svc_id=1, op=3, ctrl_index=0, data_len=277) (b'\x19x\xeei\x17\xd0\xd3\x06\x02\x00\x13\x02\x00\x00\x00\x00\x00btp_tester\x00\x00\x00\x00\x00\x00\x00\x00\x00\x00\x00\x00\x00\x00\x00\x00\x00\x00\x00\x00\x00\x00\x00\x00\x00\x00\x00\x00\x00\x00\x00\x00\x00\x00\x00\x00\x00\x00\x00\x00\x00\x00\x00\x00\x00\x00\x00\x00\x00\x00\x00\x00\x00\x00\x00\x00\x00\x00\x00\x00\x00\x00\x00\x00\x00\x00\x00\x00\x00\x00\x00\x00\x00\x00\x00\x00\x00\x00\x00\x00\x00\x00\x00\x00\x00\x00\x00\x00\x00\x00\x00\x00\x00\x00\x00\x00\x00\x00\x00\x00\x00\x00\x00\x00\x00\x00\x00\x00\x00\x00\x00\x00\x00\x00\x00\x00\x00\x00\x00\x00\x00\x00\x00\x00\x00\x00\x00\x00\x00\x00\x00\x00\x00\x00\x00\x00\x00\x00\x00\x00\x00\x00\x00\x00\x00\x00\x00\x00\x00\x00\x00\x00\x00\x00\x00\x00\x00\x00\x00\x00\x00\x00\x00\x00\x00\x00\x00\x00\x00\x00\x00\x00\x00\x00\x00\x00\x00\x00\x00\x00\x00\x00\x00\x00\x00\x00\x00\x00\x00\x00\x00\x00\x00\x00\x00\x00\x00\x00\x00\x00\x00\x00\x00\x00\x00\x00\x00\x00\x00\x00\x00\x00\x00\x00\x00\x00\x00\x00\x00\x00\x00\x00\x00\x00\x00\x00\x00\x00\x00\x00\x00\x00\x00\x00\x00\x00\x00\x00\x00\x00\x00\x00\x00\x00\x00\x00\x00\x00\x00\x00',)
2026-10-08 15:58:17,216 LT1-thread root DEBUG gap.py                    1189  gap_read_controller_info  : IUT address 'd01769ee7819' 'public'
2026-10-08 15:58:17,216 LT1-thread root DEBUG gap.py                    594   __gap_current_settings_update : 531
2026-10-08 15:58:17,216 LT1-thread root DEBUG testcase.py               254   start                     : Starting test function: class=<class 'autopts.ptsprojects.testcase.TestFunc'>, func=<function test_cases.<locals>.<lambda> at 0x00000275EFC22520> start_wid=None stop_wid=None post_wid=None skip_call=None call_count=2 args=() kwds={}
2026-10-08 15:58:17,216 LT1-thread root DEBUG testcase.py               266   start                     : Test function parameters: args=(), kwds={}
2026-10-08 15:58:17,219 LT1-thread root DEBUG testcase.py               254   start                     : Starting test function: class=<class 'autopts.ptsprojects.testcase.TestFunc'>, func=<function set_pts_addr at 0x00000275ECAA16C0> start_wid=None stop_wid=None post_wid=None skip_call=None call_count=2 args=('00:1B:DC:08:E4:4E', 0) kwds={}
2026-10-08 15:58:17,220 LT1-thread root DEBUG testcase.py               266   start                     : Test function parameters: args=('00:1B:DC:08:E4:4E', 0), kwds={}
2026-10-08 15:58:17,220 LT1-thread root DEBUG testcase.py               254   start                     : Starting test function: class=<class 'autopts.ptsprojects.testcase.TestFunc'>, func=<function gap_set_io_capability at 0x00000275ECAA7F60> start_wid=None stop_wid=None post_wid=None skip_call=None call_count=2 args=(3,) kwds={}
2026-10-08 15:58:17,220 LT1-thread root DEBUG testcase.py               266   start                     : Test function parameters: args=(3,), kwds={}
2026-10-08 15:58:17,220 LT1-thread root DEBUG gap.py                    859   gap_set_io_capability     : 3
2026-10-08 15:58:17,220 LT1-thread root DEBUG iutctl_common.py          161   send                      : 1 16 0 '\x03'
2026-10-08 15:58:17,220 LT1-thread root DEBUG iutctl_common.py          166   send                      : sending frame '011000010003'
2026-10-08 15:58:17,220 LT1-thread root DEBUG gap.py                    1227  gap_command_rsp_succ      : 
2026-10-08 15:58:17,220 LT1-thread root DEBUG iutctl_common.py          339   read                      : 
2026-10-08 15:58:17,254 BTPWorkerThread-46 (_rx_task) root DEBUG iutctl_common.py          123   read                      : Read 5 bytes
2026-10-08 15:58:17,265 BTPWorkerThread-46 (_rx_task) root DEBUG iutctl_common.py          131   read                      : Received: hdr: Header(svc_id=0x01, op=0x10, ctrl_index=0x00, data_len=0x00) bytearray(b'\x01\x10\x00\x00\x00')
2026-10-08 15:58:17,276 BTPWorkerThread-46 (_rx_task) root DEBUG iutctl_common.py          154   read                      : Received data: {''}, bytearray(b'')
2026-10-08 15:58:17,286 LT1-thread root DEBUG gap.py                    1232  gap_command_rsp_succ      : received Header(svc_id=1, op=16, ctrl_index=0, data_len=0) (b'',)
2026-10-08 15:58:17,286 LT1-thread root DEBUG testcase.py               254   start                     : Starting test function: class=<class 'autopts.ptsprojects.testcase.TestFunc'>, func=<function core_reg_svc_sdp at 0x00000275ECAA3100> start_wid=None stop_wid=None post_wid=None skip_call=None call_count=2 args=() kwds={}
2026-10-08 15:58:17,286 LT1-thread root DEBUG testcase.py               266   start                     : Test function parameters: args=(), kwds={}
2026-10-08 15:58:17,286 LT1-thread root DEBUG btp.py                    117   core_reg_svc_univ         : core_reg_svc_univ: sdp_reg (SDP)
2026-10-08 15:58:17,286 LT1-thread root DEBUG iutctl_common.py          161   send                      : 0 3 255 '31'
2026-10-08 15:58:17,286 LT1-thread root DEBUG iutctl_common.py          166   send                      : sending frame '0003ff01001f'
2026-10-08 15:58:17,286 LT1-thread root DEBUG btp.py                    626   core_reg_svc_rsp_succ     : 
2026-10-08 15:58:17,286 LT1-thread root DEBUG iutctl_common.py          339   read                      : 
2026-10-08 15:58:17,319 BTPWorkerThread-46 (_rx_task) root DEBUG iutctl_common.py          123   read                      : Read 5 bytes
2026-10-08 15:58:17,329 BTPWorkerThread-46 (_rx_task) root DEBUG iutctl_common.py          131   read                      : Received: hdr: Header(svc_id=0x00, op=0x03, ctrl_index=0xff, data_len=0x00) bytearray(b'\x00\x03\xff\x00\x00')
2026-10-08 15:58:17,329 BTPWorkerThread-46 (_rx_task) root DEBUG iutctl_common.py          154   read                      : Received data: {''}, bytearray(b'')
2026-10-08 15:58:17,362 LT1-thread root DEBUG btp.py                    637   core_reg_svc_rsp_succ     : received Header(svc_id=0, op=3, ctrl_index=255, data_len=0) (b'',)
2026-10-08 15:58:17,362 LT1-thread root DEBUG btp.py                    638   core_reg_svc_rsp_succ     : expected ((0, 3, 255, 0), (b'',))
2026-10-08 15:58:17,362 LT1-thread root DEBUG btp.py                    643   core_reg_svc_rsp_succ     : response is valid
2026-10-08 15:58:17,362 LT1-thread root DEBUG btp.py                    646   core_reg_svc_rsp_succ     : Reading supported commands for service: SDP
2026-10-08 15:58:17,362 LT1-thread root DEBUG iutctl_common.py          161   send                      : 31 1 255 ''
2026-10-08 15:58:17,362 LT1-thread root DEBUG iutctl_common.py          166   send                      : sending frame '1f01ff0000'
2026-10-08 15:58:17,363 LT1-thread root DEBUG iutctl_common.py          339   read                      : 
2026-10-08 15:58:17,400 BTPWorkerThread-46 (_rx_task) root DEBUG iutctl_common.py          123   read                      : Read 5 bytes
2026-10-08 15:58:17,410 BTPWorkerThread-46 (_rx_task) root DEBUG iutctl_common.py          131   read                      : Received: hdr: Header(svc_id=0x1f, op=0x01, ctrl_index=0xff, data_len=0x01) bytearray(b'\x1f\x01\xff\x01\x00')
2026-10-08 15:58:17,428 BTPWorkerThread-46 (_rx_task) root DEBUG iutctl_common.py          139   read                      : Read 1 bytes data
2026-10-08 15:58:17,439 BTPWorkerThread-46 (_rx_task) root DEBUG iutctl_common.py          154   read                      : Received data: {'1e'}, bytearray(b'\x1e')
2026-10-08 15:58:17,456 LT1-thread root DEBUG testcase.py               254   start                     : Starting test function: class=<class 'autopts.ptsprojects.testcase.TestFunc'>, func=<function core_reg_svc_hid_host at 0x00000275ECAA32E0> start_wid=None stop_wid=None post_wid=None skip_call=None call_count=2 args=() kwds={}
2026-10-08 15:58:17,456 LT1-thread root DEBUG testcase.py               266   start                     : Test function parameters: args=(), kwds={}
2026-10-08 15:58:17,456 LT1-thread root DEBUG btp.py                    117   core_reg_svc_univ         : core_reg_svc_univ: hid_host_reg (HID_HOST)
2026-10-08 15:58:17,456 LT1-thread root DEBUG iutctl_common.py          161   send                      : 0 3 255 '41'
2026-10-08 15:58:17,456 LT1-thread root DEBUG iutctl_common.py          166   send                      : sending frame '0003ff010029'
2026-10-08 15:58:17,456 LT1-thread root DEBUG btp.py                    626   core_reg_svc_rsp_succ     : 
2026-10-08 15:58:17,457 LT1-thread root DEBUG iutctl_common.py          339   read                      : 
2026-10-08 15:58:17,492 BTPWorkerThread-46 (_rx_task) root DEBUG iutctl_common.py          123   read                      : Read 5 bytes
2026-10-08 15:58:17,502 BTPWorkerThread-46 (_rx_task) root DEBUG iutctl_common.py          131   read                      : Received: hdr: Header(svc_id=0x00, op=0x03, ctrl_index=0xff, data_len=0x00) bytearray(b'\x00\x03\xff\x00\x00')
2026-10-08 15:58:17,513 BTPWorkerThread-46 (_rx_task) root DEBUG iutctl_common.py          154   read                      : Received data: {''}, bytearray(b'')
2026-10-08 15:58:17,528 LT1-thread root DEBUG btp.py                    637   core_reg_svc_rsp_succ     : received Header(svc_id=0, op=3, ctrl_index=255, data_len=0) (b'',)
2026-10-08 15:58:17,528 LT1-thread root DEBUG btp.py                    638   core_reg_svc_rsp_succ     : expected ((0, 3, 255, 0), (b'',))
2026-10-08 15:58:17,528 LT1-thread root DEBUG btp.py                    643   core_reg_svc_rsp_succ     : response is valid
2026-10-08 15:58:17,528 LT1-thread root DEBUG btp.py                    646   core_reg_svc_rsp_succ     : Reading supported commands for service: HID_HOST
2026-10-08 15:58:17,528 LT1-thread root DEBUG iutctl_common.py          161   send                      : 41 1 255 ''
2026-10-08 15:58:17,529 LT1-thread root DEBUG iutctl_common.py          166   send                      : sending frame '2901ff0000'
2026-10-08 15:58:17,529 LT1-thread root DEBUG iutctl_common.py          339   read                      : 
2026-10-08 15:58:17,567 BTPWorkerThread-46 (_rx_task) root DEBUG iutctl_common.py          123   read                      : Read 5 bytes
2026-10-08 15:58:17,578 BTPWorkerThread-46 (_rx_task) root DEBUG iutctl_common.py          131   read                      : Received: hdr: Header(svc_id=0x29, op=0x01, ctrl_index=0xff, data_len=0x02) bytearray(b')\x01\xff\x02\x00')
2026-10-08 15:58:17,584 BTPWorkerThread-46 (_rx_task) root DEBUG iutctl_common.py          139   read                      : Read 2 bytes data
2026-10-08 15:58:17,596 BTPWorkerThread-46 (_rx_task) root DEBUG iutctl_common.py          154   read                      : Received data: {'fe 7f'}, bytearray(b'\xfe\x7f')
2026-10-08 15:58:17,612 LT1-thread root DEBUG testcase.py               254   start                     : Starting test function: class=<class 'autopts.ptsprojects.testcase.TestFunc'>, func=<bound method Stack.hid_host_init of <autopts.ptsprojects.stack.stack.Stack object at 0x00000275EE9B1F70>> start_wid=None stop_wid=None post_wid=None skip_call=None call_count=2 args=() kwds={}
2026-10-08 15:58:17,612 LT1-thread root DEBUG testcase.py               266   start                     : Test function parameters: args=(), kwds={}
2026-10-08 15:58:17,612 LT1-thread root DEBUG hid_host.py               29    __init__                  : __init__
2026-10-08 15:58:17,615 LT1-thread root DEBUG client.py                 276   get_result                : ClientCallback.get_result run_test_case
2026-10-08 15:58:19,405 LT1-callback ClientCallback.on_implicit_send INFO client.py                 223   on_implicit_send          : 
    ********************
    BEGIN OnImplicitSend:
    project_name: HID11
    wid: 34
    test_case_name: HID11/HOS/HCE/BV-01-C
    description: Initiate an inquiry using the GIAC on the Implementation Under Test (IUT) to discover the tester/PTS. If PTS is discoverable, click OK.
    style: MMI_Style_Ok_Cancel1 0x11041
2026-10-08 15:58:19,406 LT1-callback ClientCallback.on_implicit_send INFO client.py                 236   on_implicit_send          : Calling test cases on_implicit_send
2026-10-08 15:58:19,406 LT1-callback ClientCallback.on_implicit_send INFO client.py                 249   on_implicit_send          : 
    on_implicit_send returned response: WAIT
    END OnImplicitSend
    ********************
2026-10-08 15:58:19,615 LT1-thread root DEBUG testcase.py               679   run_wid                   : HID11 HID11/HOS/HCE/BV-01-C on_implicit_send
2026-10-08 15:58:19,615 LT1-thread root DEBUG hid_host_wid.py           27    hid_host_wid_hdl          : hid_host_wid_hdl, 34, Initiate an inquiry using the GIAC on the Implementation Under Test (IUT) to discover the tester/PTS. If PTS is discoverable, click OK., HID11/HOS/HCE/BV-01-C
2026-10-08 15:58:19,615 LT1-thread root DEBUG gap.py                    1120  gap_start_discovery       : 
2026-10-08 15:58:19,615 LT1-thread root DEBUG iutctl_common.py          161   send                      : 1 12 0 '\x02'
2026-10-08 15:58:19,615 LT1-thread root DEBUG iutctl_common.py          166   send                      : sending frame '010c00010002'
2026-10-08 15:58:19,615 LT1-thread root DEBUG gap.py                    1227  gap_command_rsp_succ      : 
2026-10-08 15:58:19,615 LT1-thread root DEBUG iutctl_common.py          339   read                      : 
2026-10-08 15:58:19,654 BTPWorkerThread-46 (_rx_task) root DEBUG iutctl_common.py          123   read                      : Read 5 bytes
2026-10-08 15:58:19,664 BTPWorkerThread-46 (_rx_task) root DEBUG iutctl_common.py          131   read                      : Received: hdr: Header(svc_id=0x01, op=0x0c, ctrl_index=0x00, data_len=0x00) bytearray(b'\x01\x0c\x00\x00\x00')
2026-10-08 15:58:19,670 BTPWorkerThread-46 (_rx_task) root DEBUG iutctl_common.py          154   read                      : Received data: {''}, bytearray(b'')
2026-10-08 15:58:19,680 LT1-thread root DEBUG gap.py                    1232  gap_command_rsp_succ      : received Header(svc_id=1, op=12, ctrl_index=0, data_len=0) (b'',)
2026-10-08 15:58:19,782 BTPWorkerThread-46 (_rx_task) root DEBUG iutctl_common.py          123   read                      : Read 5 bytes
2026-10-08 15:58:19,782 BTPWorkerThread-46 (_rx_task) root DEBUG iutctl_common.py          131   read                      : Received: hdr: Header(svc_id=0x01, op=0x81, ctrl_index=0x00, data_len=0x27) bytearray(b"\x01\x81\x00\'\x00")
2026-10-08 15:58:19,782 BTPWorkerThread-46 (_rx_task) root DEBUG iutctl_common.py          139   read                      : Read 39 bytes data
2026-10-08 15:58:19,783 BTPWorkerThread-46 (_rx_task) root DEBUG iutctl_common.py          154   read                      : Received data: {'e0 6c cc c0 a9 94 d4 b9 03 1c 00 0a 09 53 4d 57 30 32 38 33 37 33 02 0a 0c 0d 03 0c 11 0a 11 0e 11 0b 11 1f 11 1e 11'}, bytearray(b'\xe0l\xcc\xc0\xa9\x94\xd4\xb9\x03\x1c\x00\n\tSMW028373\x02\n\x0c\r\x03\x0c\x11\n\x11\x0e\x11\x0b\x11\x1f\x11\x1e\x11')
2026-10-08 15:58:19,783 BTPWorkerThread-46 (_rx_task) root DEBUG btp.py                    708   event_handler             : Header(svc_id=1, op=129, ctrl_index=0, data_len=39) (b'\xe0l\xcc\xc0\xa9\x94\xd4\xb9\x03\x1c\x00\n\tSMW028373\x02\n\x0c\r\x03\x0c\x11\n\x11\x0e\x11\x0b\x11\x1f\x11\x1e\x11',)
2026-10-08 15:58:19,783 BTPWorkerThread-46 (_rx_task) root DEBUG gap.py                    191   gap_device_found_ev_      : b'\xe0l\xcc\xc0\xa9\x94\xd4\xb9\x03\x1c\x00\n\tSMW028373\x02\n\x0c\r\x03\x0c\x11\n\x11\x0e\x11\x0b\x11\x1f\x11\x1e\x11'
2026-10-08 15:58:19,783 BTPWorkerThread-46 (_rx_task) root DEBUG gap.py                    205   gap_device_found_ev_      : found 'd494a9c0cc6c' type 224 eir b'\n\tSMW028373\x02\n\x0c\r\x03\x0c\x11\n\x11\x0e\x11\x0b\x11\x1f\x11\x1e\x11'
2026-10-08 15:58:20,682 BTPWorkerThread-46 (_rx_task) root DEBUG iutctl_common.py          123   read                      : Read 5 bytes
2026-10-08 15:58:20,683 BTPWorkerThread-46 (_rx_task) root DEBUG iutctl_common.py          131   read                      : Received: hdr: Header(svc_id=0x01, op=0x81, ctrl_index=0x00, data_len=0x27) bytearray(b"\x01\x81\x00\'\x00")
2026-10-08 15:58:20,683 BTPWorkerThread-46 (_rx_task) root DEBUG iutctl_common.py          139   read                      : Read 39 bytes data
2026-10-08 15:58:20,683 BTPWorkerThread-46 (_rx_task) root DEBUG iutctl_common.py          154   read                      : Received data: {'e0 6c cc c0 a9 94 d4 b6 03 1c 00 0a 09 53 4d 57 30 32 38 33 37 33 02 0a 0c 0d 03 0c 11 0a 11 0e 11 0b 11 1f 11 1e 11'}, bytearray(b'\xe0l\xcc\xc0\xa9\x94\xd4\xb6\x03\x1c\x00\n\tSMW028373\x02\n\x0c\r\x03\x0c\x11\n\x11\x0e\x11\x0b\x11\x1f\x11\x1e\x11')
2026-10-08 15:58:20,683 BTPWorkerThread-46 (_rx_task) root DEBUG btp.py                    708   event_handler             : Header(svc_id=1, op=129, ctrl_index=0, data_len=39) (b'\xe0l\xcc\xc0\xa9\x94\xd4\xb6\x03\x1c\x00\n\tSMW028373\x02\n\x0c\r\x03\x0c\x11\n\x11\x0e\x11\x0b\x11\x1f\x11\x1e\x11',)
2026-10-08 15:58:20,683 BTPWorkerThread-46 (_rx_task) root DEBUG gap.py                    191   gap_device_found_ev_      : b'\xe0l\xcc\xc0\xa9\x94\xd4\xb6\x03\x1c\x00\n\tSMW028373\x02\n\x0c\r\x03\x0c\x11\n\x11\x0e\x11\x0b\x11\x1f\x11\x1e\x11'
2026-10-08 15:58:20,683 BTPWorkerThread-46 (_rx_task) root DEBUG gap.py                    205   gap_device_found_ev_      : found 'd494a9c0cc6c' type 224 eir b'\n\tSMW028373\x02\n\x0c\r\x03\x0c\x11\n\x11\x0e\x11\x0b\x11\x1f\x11\x1e\x11'
2026-10-08 15:58:21,034 BTPWorkerThread-46 (_rx_task) root DEBUG iutctl_common.py          123   read                      : Read 5 bytes
2026-10-08 15:58:21,034 BTPWorkerThread-46 (_rx_task) root DEBUG iutctl_common.py          131   read                      : Received: hdr: Header(svc_id=0x01, op=0x81, ctrl_index=0x00, data_len=0x0b) bytearray(b'\x01\x81\x00\x0b\x00')
2026-10-08 15:58:21,034 BTPWorkerThread-46 (_rx_task) root DEBUG iutctl_common.py          139   read                      : Read 11 bytes data
2026-10-08 15:58:21,035 BTPWorkerThread-46 (_rx_task) root DEBUG iutctl_common.py          154   read                      : Received data: {'e0 4d 65 9b 70 f3 5c a5 03 00 00'}, bytearray(b'\xe0Me\x9bp\xf3\\\xa5\x03\x00\x00')
2026-10-08 15:58:21,035 BTPWorkerThread-46 (_rx_task) root DEBUG btp.py                    708   event_handler             : Header(svc_id=1, op=129, ctrl_index=0, data_len=11) (b'\xe0Me\x9bp\xf3\\\xa5\x03\x00\x00',)
2026-10-08 15:58:21,035 BTPWorkerThread-46 (_rx_task) root DEBUG gap.py                    191   gap_device_found_ev_      : b'\xe0Me\x9bp\xf3\\\xa5\x03\x00\x00'
2026-10-08 15:58:21,035 BTPWorkerThread-46 (_rx_task) root DEBUG gap.py                    205   gap_device_found_ev_      : found '5cf3709b654d' type 224 eir b''
2026-10-08 15:58:21,390 BTPWorkerThread-46 (_rx_task) root DEBUG iutctl_common.py          123   read                      : Read 5 bytes
2026-10-08 15:58:21,390 BTPWorkerThread-46 (_rx_task) root DEBUG iutctl_common.py          131   read                      : Received: hdr: Header(svc_id=0x01, op=0x81, ctrl_index=0x00, data_len=0x27) bytearray(b"\x01\x81\x00\'\x00")
2026-10-08 15:58:21,390 BTPWorkerThread-46 (_rx_task) root DEBUG iutctl_common.py          139   read                      : Read 27 bytes data
2026-10-08 15:58:21,401 BTPWorkerThread-46 (_rx_task) root DEBUG iutctl_common.py          139   read                      : Read 12 bytes data
2026-10-08 15:58:21,401 BTPWorkerThread-46 (_rx_task) root DEBUG iutctl_common.py          154   read                      : Received data: {'e0 6c cc c0 a9 94 d4 b7 03 1c 00 0a 09 53 4d 57 30 32 38 33 37 33 02 0a 0c 0d 03 0c 11 0a 11 0e 11 0b 11 1f 11 1e 11'}, bytearray(b'\xe0l\xcc\xc0\xa9\x94\xd4\xb7\x03\x1c\x00\n\tSMW028373\x02\n\x0c\r\x03\x0c\x11\n\x11\x0e\x11\x0b\x11\x1f\x11\x1e\x11')
2026-10-08 15:58:21,401 BTPWorkerThread-46 (_rx_task) root DEBUG btp.py                    708   event_handler             : Header(svc_id=1, op=129, ctrl_index=0, data_len=39) (b'\xe0l\xcc\xc0\xa9\x94\xd4\xb7\x03\x1c\x00\n\tSMW028373\x02\n\x0c\r\x03\x0c\x11\n\x11\x0e\x11\x0b\x11\x1f\x11\x1e\x11',)
2026-10-08 15:58:21,401 BTPWorkerThread-46 (_rx_task) root DEBUG gap.py                    191   gap_device_found_ev_      : b'\xe0l\xcc\xc0\xa9\x94\xd4\xb7\x03\x1c\x00\n\tSMW028373\x02\n\x0c\r\x03\x0c\x11\n\x11\x0e\x11\x0b\x11\x1f\x11\x1e\x11'
2026-10-08 15:58:21,402 BTPWorkerThread-46 (_rx_task) root DEBUG gap.py                    205   gap_device_found_ev_      : found 'd494a9c0cc6c' type 224 eir b'\n\tSMW028373\x02\n\x0c\r\x03\x0c\x11\n\x11\x0e\x11\x0b\x11\x1f\x11\x1e\x11'
2026-10-08 15:58:21,499 BTPWorkerThread-46 (_rx_task) root DEBUG iutctl_common.py          123   read                      : Read 5 bytes
2026-10-08 15:58:21,500 BTPWorkerThread-46 (_rx_task) root DEBUG iutctl_common.py          131   read                      : Received: hdr: Header(svc_id=0x01, op=0x81, ctrl_index=0x00, data_len=0x26) bytearray(b'\x01\x81\x00&\x00')
2026-10-08 15:58:21,500 BTPWorkerThread-46 (_rx_task) root DEBUG iutctl_common.py          139   read                      : Read 38 bytes data
2026-10-08 15:58:21,500 BTPWorkerThread-46 (_rx_task) root DEBUG iutctl_common.py          154   read                      : Received data: {'e0 53 00 4c 17 e5 44 a8 03 1b 00 09 09 4e 58 4c 36 36 35 32 38 02 0a 0c 0d 03 0c 11 0a 11 0b 11 0e 11 1f 11 1e 11'}, bytearray(b'\xe0S\x00L\x17\xe5D\xa8\x03\x1b\x00\t\tNXL66528\x02\n\x0c\r\x03\x0c\x11\n\x11\x0b\x11\x0e\x11\x1f\x11\x1e\x11')
2026-10-08 15:58:21,500 BTPWorkerThread-46 (_rx_task) root DEBUG btp.py                    708   event_handler             : Header(svc_id=1, op=129, ctrl_index=0, data_len=38) (b'\xe0S\x00L\x17\xe5D\xa8\x03\x1b\x00\t\tNXL66528\x02\n\x0c\r\x03\x0c\x11\n\x11\x0b\x11\x0e\x11\x1f\x11\x1e\x11',)
2026-10-08 15:58:21,500 BTPWorkerThread-46 (_rx_task) root DEBUG gap.py                    191   gap_device_found_ev_      : b'\xe0S\x00L\x17\xe5D\xa8\x03\x1b\x00\t\tNXL66528\x02\n\x0c\r\x03\x0c\x11\n\x11\x0b\x11\x0e\x11\x1f\x11\x1e\x11'
2026-10-08 15:58:21,500 BTPWorkerThread-46 (_rx_task) root DEBUG gap.py                    205   gap_device_found_ev_      : found '44e5174c0053' type 224 eir b'\t\tNXL66528\x02\n\x0c\r\x03\x0c\x11\n\x11\x0b\x11\x0e\x11\x1f\x11\x1e\x11'
2026-10-08 15:58:21,575 BTPWorkerThread-46 (_rx_task) root DEBUG iutctl_common.py          123   read                      : Read 5 bytes
2026-10-08 15:58:21,575 BTPWorkerThread-46 (_rx_task) root DEBUG iutctl_common.py          131   read                      : Received: hdr: Header(svc_id=0x01, op=0x81, ctrl_index=0x00, data_len=0x0b) bytearray(b'\x01\x81\x00\x0b\x00')
2026-10-08 15:58:21,575 BTPWorkerThread-46 (_rx_task) root DEBUG iutctl_common.py          139   read                      : Read 11 bytes data
2026-10-08 15:58:21,576 BTPWorkerThread-46 (_rx_task) root DEBUG iutctl_common.py          154   read                      : Received data: {'e0 4d 65 9b 70 f3 5c a3 03 00 00'}, bytearray(b'\xe0Me\x9bp\xf3\\\xa3\x03\x00\x00')
2026-10-08 15:58:21,576 BTPWorkerThread-46 (_rx_task) root DEBUG btp.py                    708   event_handler             : Header(svc_id=1, op=129, ctrl_index=0, data_len=11) (b'\xe0Me\x9bp\xf3\\\xa3\x03\x00\x00',)
2026-10-08 15:58:21,576 BTPWorkerThread-46 (_rx_task) root DEBUG gap.py                    191   gap_device_found_ev_      : b'\xe0Me\x9bp\xf3\\\xa3\x03\x00\x00'
2026-10-08 15:58:21,576 BTPWorkerThread-46 (_rx_task) root DEBUG gap.py                    205   gap_device_found_ev_      : found '5cf3709b654d' type 224 eir b''
2026-10-08 15:58:21,671 BTPWorkerThread-46 (_rx_task) root DEBUG iutctl_common.py          123   read                      : Read 5 bytes
2026-10-08 15:58:21,671 BTPWorkerThread-46 (_rx_task) root DEBUG iutctl_common.py          131   read                      : Received: hdr: Header(svc_id=0x01, op=0x81, ctrl_index=0x00, data_len=0x26) bytearray(b'\x01\x81\x00&\x00')
2026-10-08 15:58:21,671 BTPWorkerThread-46 (_rx_task) root DEBUG iutctl_common.py          139   read                      : Read 38 bytes data
2026-10-08 15:58:21,672 BTPWorkerThread-46 (_rx_task) root DEBUG iutctl_common.py          154   read                      : Received data: {'e0 53 00 4c 17 e5 44 ab 03 1b 00 09 09 4e 58 4c 36 36 35 32 38 02 0a 0c 0d 03 0c 11 0a 11 0b 11 0e 11 1f 11 1e 11'}, bytearray(b'\xe0S\x00L\x17\xe5D\xab\x03\x1b\x00\t\tNXL66528\x02\n\x0c\r\x03\x0c\x11\n\x11\x0b\x11\x0e\x11\x1f\x11\x1e\x11')
2026-10-08 15:58:21,672 BTPWorkerThread-46 (_rx_task) root DEBUG btp.py                    708   event_handler             : Header(svc_id=1, op=129, ctrl_index=0, data_len=38) (b'\xe0S\x00L\x17\xe5D\xab\x03\x1b\x00\t\tNXL66528\x02\n\x0c\r\x03\x0c\x11\n\x11\x0b\x11\x0e\x11\x1f\x11\x1e\x11',)
2026-10-08 15:58:21,672 BTPWorkerThread-46 (_rx_task) root DEBUG gap.py                    191   gap_device_found_ev_      : b'\xe0S\x00L\x17\xe5D\xab\x03\x1b\x00\t\tNXL66528\x02\n\x0c\r\x03\x0c\x11\n\x11\x0b\x11\x0e\x11\x1f\x11\x1e\x11'
2026-10-08 15:58:21,672 BTPWorkerThread-46 (_rx_task) root DEBUG gap.py                    205   gap_device_found_ev_      : found '44e5174c0053' type 224 eir b'\t\tNXL66528\x02\n\x0c\r\x03\x0c\x11\n\x11\x0b\x11\x0e\x11\x1f\x11\x1e\x11'
2026-10-08 15:58:21,725 BTPWorkerThread-46 (_rx_task) root DEBUG iutctl_common.py          123   read                      : Read 5 bytes
2026-10-08 15:58:21,725 BTPWorkerThread-46 (_rx_task) root DEBUG iutctl_common.py          131   read                      : Received: hdr: Header(svc_id=0x01, op=0x81, ctrl_index=0x00, data_len=0x2a) bytearray(b'\x01\x81\x00*\x00')
2026-10-08 15:58:21,726 BTPWorkerThread-46 (_rx_task) root DEBUG iutctl_common.py          139   read                      : Read 42 bytes data
2026-10-08 15:58:21,726 BTPWorkerThread-46 (_rx_task) root DEBUG iutctl_common.py          154   read                      : Received data: {'e0 4d 65 9b 70 f3 5c a5 03 1f 00 1e 09 48 46 50 20 41 47 20 44 65 6d 6f 20 35 43 3a 46 33 3a 37 30 3a 39 42 3a 36 35 3a 34 44'}, bytearray(b'\xe0Me\x9bp\xf3\\\xa5\x03\x1f\x00\x1e\tHFP AG Demo 5C:F3:70:9B:65:4D')
2026-10-08 15:58:21,726 BTPWorkerThread-46 (_rx_task) root DEBUG btp.py                    708   event_handler             : Header(svc_id=1, op=129, ctrl_index=0, data_len=42) (b'\xe0Me\x9bp\xf3\\\xa5\x03\x1f\x00\x1e\tHFP AG Demo 5C:F3:70:9B:65:4D',)
2026-10-08 15:58:21,726 BTPWorkerThread-46 (_rx_task) root DEBUG gap.py                    191   gap_device_found_ev_      : b'\xe0Me\x9bp\xf3\\\xa5\x03\x1f\x00\x1e\tHFP AG Demo 5C:F3:70:9B:65:4D'
2026-10-08 15:58:21,726 BTPWorkerThread-46 (_rx_task) root DEBUG gap.py                    205   gap_device_found_ev_      : found '5cf3709b654d' type 224 eir b'\x1e\tHFP AG Demo 5C:F3:70:9B:65:4D'
2026-10-08 15:58:21,972 BTPWorkerThread-46 (_rx_task) root DEBUG iutctl_common.py          123   read                      : Read 5 bytes
2026-10-08 15:58:21,972 BTPWorkerThread-46 (_rx_task) root DEBUG iutctl_common.py          131   read                      : Received: hdr: Header(svc_id=0x01, op=0x81, ctrl_index=0x00, data_len=0x27) bytearray(b"\x01\x81\x00\'\x00")
2026-10-08 15:58:21,973 BTPWorkerThread-46 (_rx_task) root DEBUG iutctl_common.py          139   read                      : Read 39 bytes data
2026-10-08 15:58:21,973 BTPWorkerThread-46 (_rx_task) root DEBUG iutctl_common.py          154   read                      : Received data: {'e0 6c cc c0 a9 94 d4 b3 03 1c 00 0a 09 53 4d 57 30 32 38 33 37 33 02 0a 0c 0d 03 0c 11 0a 11 0e 11 0b 11 1f 11 1e 11'}, bytearray(b'\xe0l\xcc\xc0\xa9\x94\xd4\xb3\x03\x1c\x00\n\tSMW028373\x02\n\x0c\r\x03\x0c\x11\n\x11\x0e\x11\x0b\x11\x1f\x11\x1e\x11')
2026-10-08 15:58:21,973 BTPWorkerThread-46 (_rx_task) root DEBUG btp.py                    708   event_handler             : Header(svc_id=1, op=129, ctrl_index=0, data_len=39) (b'\xe0l\xcc\xc0\xa9\x94\xd4\xb3\x03\x1c\x00\n\tSMW028373\x02\n\x0c\r\x03\x0c\x11\n\x11\x0e\x11\x0b\x11\x1f\x11\x1e\x11',)
2026-10-08 15:58:21,973 BTPWorkerThread-46 (_rx_task) root DEBUG gap.py                    191   gap_device_found_ev_      : b'\xe0l\xcc\xc0\xa9\x94\xd4\xb3\x03\x1c\x00\n\tSMW028373\x02\n\x0c\r\x03\x0c\x11\n\x11\x0e\x11\x0b\x11\x1f\x11\x1e\x11'
2026-10-08 15:58:21,973 BTPWorkerThread-46 (_rx_task) root DEBUG gap.py                    205   gap_device_found_ev_      : found 'd494a9c0cc6c' type 224 eir b'\n\tSMW028373\x02\n\x0c\r\x03\x0c\x11\n\x11\x0e\x11\x0b\x11\x1f\x11\x1e\x11'
2026-10-08 15:58:22,080 BTPWorkerThread-46 (_rx_task) root DEBUG iutctl_common.py          123   read                      : Read 5 bytes
2026-10-08 15:58:22,080 BTPWorkerThread-46 (_rx_task) root DEBUG iutctl_common.py          131   read                      : Received: hdr: Header(svc_id=0x01, op=0x81, ctrl_index=0x00, data_len=0x2a) bytearray(b'\x01\x81\x00*\x00')
2026-10-08 15:58:22,081 BTPWorkerThread-46 (_rx_task) root DEBUG iutctl_common.py          139   read                      : Read 42 bytes data
2026-10-08 15:58:22,081 BTPWorkerThread-46 (_rx_task) root DEBUG iutctl_common.py          154   read                      : Received data: {'e0 eb b2 06 dc 1b 00 af 03 1f 00 1e 09 41 32 44 50 20 53 6f 75 72 63 65 20 30 30 3a 31 42 3a 44 43 3a 30 36 3a 42 32 3a 45 42'}, bytearray(b'\xe0\xeb\xb2\x06\xdc\x1b\x00\xaf\x03\x1f\x00\x1e\tA2DP Source 00:1B:DC:06:B2:EB')
2026-10-08 15:58:22,081 BTPWorkerThread-46 (_rx_task) root DEBUG btp.py                    708   event_handler             : Header(svc_id=1, op=129, ctrl_index=0, data_len=42) (b'\xe0\xeb\xb2\x06\xdc\x1b\x00\xaf\x03\x1f\x00\x1e\tA2DP Source 00:1B:DC:06:B2:EB',)
2026-10-08 15:58:22,081 BTPWorkerThread-46 (_rx_task) root DEBUG gap.py                    191   gap_device_found_ev_      : b'\xe0\xeb\xb2\x06\xdc\x1b\x00\xaf\x03\x1f\x00\x1e\tA2DP Source 00:1B:DC:06:B2:EB'
2026-10-08 15:58:22,081 BTPWorkerThread-46 (_rx_task) root DEBUG gap.py                    205   gap_device_found_ev_      : found '001bdc06b2eb' type 224 eir b'\x1e\tA2DP Source 00:1B:DC:06:B2:EB'
2026-10-08 15:58:22,510 BTPWorkerThread-46 (_rx_task) root DEBUG iutctl_common.py          123   read                      : Read 5 bytes
2026-10-08 15:58:22,510 BTPWorkerThread-46 (_rx_task) root DEBUG iutctl_common.py          131   read                      : Received: hdr: Header(svc_id=0x01, op=0x81, ctrl_index=0x00, data_len=0x0b) bytearray(b'\x01\x81\x00\x0b\x00')
2026-10-08 15:58:22,511 BTPWorkerThread-46 (_rx_task) root DEBUG iutctl_common.py          139   read                      : Read 11 bytes data
2026-10-08 15:58:22,511 BTPWorkerThread-46 (_rx_task) root DEBUG iutctl_common.py          154   read                      : Received data: {'e0 cd 83 06 dc 1b 00 b1 03 00 00'}, bytearray(b'\xe0\xcd\x83\x06\xdc\x1b\x00\xb1\x03\x00\x00')
2026-10-08 15:58:22,511 BTPWorkerThread-46 (_rx_task) root DEBUG btp.py                    708   event_handler             : Header(svc_id=1, op=129, ctrl_index=0, data_len=11) (b'\xe0\xcd\x83\x06\xdc\x1b\x00\xb1\x03\x00\x00',)
2026-10-08 15:58:22,511 BTPWorkerThread-46 (_rx_task) root DEBUG gap.py                    191   gap_device_found_ev_      : b'\xe0\xcd\x83\x06\xdc\x1b\x00\xb1\x03\x00\x00'
2026-10-08 15:58:22,511 BTPWorkerThread-46 (_rx_task) root DEBUG gap.py                    205   gap_device_found_ev_      : found '001bdc0683cd' type 224 eir b''
2026-10-08 15:58:23,035 BTPWorkerThread-46 (_rx_task) root DEBUG iutctl_common.py          123   read                      : Read 5 bytes
2026-10-08 15:58:23,035 BTPWorkerThread-46 (_rx_task) root DEBUG iutctl_common.py          131   read                      : Received: hdr: Header(svc_id=0x01, op=0x81, ctrl_index=0x00, data_len=0x0b) bytearray(b'\x01\x81\x00\x0b\x00')
2026-10-08 15:58:23,036 BTPWorkerThread-46 (_rx_task) root DEBUG iutctl_common.py          139   read                      : Read 11 bytes data
2026-10-08 15:58:23,036 BTPWorkerThread-46 (_rx_task) root DEBUG iutctl_common.py          154   read                      : Received data: {'e0 95 83 06 dc 1b 00 ab 03 00 00'}, bytearray(b'\xe0\x95\x83\x06\xdc\x1b\x00\xab\x03\x00\x00')
2026-10-08 15:58:23,036 BTPWorkerThread-46 (_rx_task) root DEBUG btp.py                    708   event_handler             : Header(svc_id=1, op=129, ctrl_index=0, data_len=11) (b'\xe0\x95\x83\x06\xdc\x1b\x00\xab\x03\x00\x00',)
2026-10-08 15:58:23,036 BTPWorkerThread-46 (_rx_task) root DEBUG gap.py                    191   gap_device_found_ev_      : b'\xe0\x95\x83\x06\xdc\x1b\x00\xab\x03\x00\x00'
2026-10-08 15:58:23,036 BTPWorkerThread-46 (_rx_task) root DEBUG gap.py                    205   gap_device_found_ev_      : found '001bdc068395' type 224 eir b''
2026-10-08 15:58:23,238 BTPWorkerThread-46 (_rx_task) root DEBUG iutctl_common.py          123   read                      : Read 5 bytes
2026-10-08 15:58:23,238 BTPWorkerThread-46 (_rx_task) root DEBUG iutctl_common.py          131   read                      : Received: hdr: Header(svc_id=0x01, op=0x81, ctrl_index=0x00, data_len=0x26) bytearray(b'\x01\x81\x00&\x00')
2026-10-08 15:58:23,238 BTPWorkerThread-46 (_rx_task) root DEBUG iutctl_common.py          139   read                      : Read 38 bytes data
2026-10-08 15:58:23,239 BTPWorkerThread-46 (_rx_task) root DEBUG iutctl_common.py          154   read                      : Received data: {'e0 53 00 4c 17 e5 44 ae 03 1b 00 09 09 4e 58 4c 36 36 35 32 38 02 0a 0c 0d 03 0c 11 0a 11 0b 11 0e 11 1f 11 1e 11'}, bytearray(b'\xe0S\x00L\x17\xe5D\xae\x03\x1b\x00\t\tNXL66528\x02\n\x0c\r\x03\x0c\x11\n\x11\x0b\x11\x0e\x11\x1f\x11\x1e\x11')
2026-10-08 15:58:23,239 BTPWorkerThread-46 (_rx_task) root DEBUG btp.py                    708   event_handler             : Header(svc_id=1, op=129, ctrl_index=0, data_len=38) (b'\xe0S\x00L\x17\xe5D\xae\x03\x1b\x00\t\tNXL66528\x02\n\x0c\r\x03\x0c\x11\n\x11\x0b\x11\x0e\x11\x1f\x11\x1e\x11',)
2026-10-08 15:58:23,239 BTPWorkerThread-46 (_rx_task) root DEBUG gap.py                    191   gap_device_found_ev_      : b'\xe0S\x00L\x17\xe5D\xae\x03\x1b\x00\t\tNXL66528\x02\n\x0c\r\x03\x0c\x11\n\x11\x0b\x11\x0e\x11\x1f\x11\x1e\x11'
2026-10-08 15:58:23,239 BTPWorkerThread-46 (_rx_task) root DEBUG gap.py                    205   gap_device_found_ev_      : found '44e5174c0053' type 224 eir b'\t\tNXL66528\x02\n\x0c\r\x03\x0c\x11\n\x11\x0b\x11\x0e\x11\x1f\x11\x1e\x11'
2026-10-08 15:58:23,292 BTPWorkerThread-46 (_rx_task) root DEBUG iutctl_common.py          123   read                      : Read 5 bytes
2026-10-08 15:58:23,292 BTPWorkerThread-46 (_rx_task) root DEBUG iutctl_common.py          131   read                      : Received: hdr: Header(svc_id=0x01, op=0x81, ctrl_index=0x00, data_len=0x0b) bytearray(b'\x01\x81\x00\x0b\x00')
2026-10-08 15:58:23,292 BTPWorkerThread-46 (_rx_task) root DEBUG iutctl_common.py          139   read                      : Read 11 bytes data
2026-10-08 15:58:23,293 BTPWorkerThread-46 (_rx_task) root DEBUG iutctl_common.py          154   read                      : Received data: {'e0 95 83 06 dc 1b 00 a9 03 00 00'}, bytearray(b'\xe0\x95\x83\x06\xdc\x1b\x00\xa9\x03\x00\x00')
2026-10-08 15:58:23,293 BTPWorkerThread-46 (_rx_task) root DEBUG btp.py                    708   event_handler             : Header(svc_id=1, op=129, ctrl_index=0, data_len=11) (b'\xe0\x95\x83\x06\xdc\x1b\x00\xa9\x03\x00\x00',)
2026-10-08 15:58:23,293 BTPWorkerThread-46 (_rx_task) root DEBUG gap.py                    191   gap_device_found_ev_      : b'\xe0\x95\x83\x06\xdc\x1b\x00\xa9\x03\x00\x00'
2026-10-08 15:58:23,293 BTPWorkerThread-46 (_rx_task) root DEBUG gap.py                    205   gap_device_found_ev_      : found '001bdc068395' type 224 eir b''
2026-10-08 15:58:23,604 BTPWorkerThread-46 (_rx_task) root DEBUG iutctl_common.py          123   read                      : Read 5 bytes
2026-10-08 15:58:23,604 BTPWorkerThread-46 (_rx_task) root DEBUG iutctl_common.py          131   read                      : Received: hdr: Header(svc_id=0x01, op=0x81, ctrl_index=0x00, data_len=0x0b) bytearray(b'\x01\x81\x00\x0b\x00')
2026-10-08 15:58:23,604 BTPWorkerThread-46 (_rx_task) root DEBUG iutctl_common.py          139   read                      : Read 11 bytes data
2026-10-08 15:58:23,605 BTPWorkerThread-46 (_rx_task) root DEBUG iutctl_common.py          154   read                      : Received data: {'e0 6c cc c0 a9 94 d4 b8 03 00 00'}, bytearray(b'\xe0l\xcc\xc0\xa9\x94\xd4\xb8\x03\x00\x00')
2026-10-08 15:58:23,605 BTPWorkerThread-46 (_rx_task) root DEBUG btp.py                    708   event_handler             : Header(svc_id=1, op=129, ctrl_index=0, data_len=11) (b'\xe0l\xcc\xc0\xa9\x94\xd4\xb8\x03\x00\x00',)
2026-10-08 15:58:23,605 BTPWorkerThread-46 (_rx_task) root DEBUG gap.py                    191   gap_device_found_ev_      : b'\xe0l\xcc\xc0\xa9\x94\xd4\xb8\x03\x00\x00'
2026-10-08 15:58:23,605 BTPWorkerThread-46 (_rx_task) root DEBUG gap.py                    205   gap_device_found_ev_      : found 'd494a9c0cc6c' type 224 eir b''
2026-10-08 15:58:23,834 BTPWorkerThread-46 (_rx_task) root DEBUG iutctl_common.py          123   read                      : Read 5 bytes
2026-10-08 15:58:23,834 BTPWorkerThread-46 (_rx_task) root DEBUG iutctl_common.py          131   read                      : Received: hdr: Header(svc_id=0x01, op=0x81, ctrl_index=0x00, data_len=0x26) bytearray(b'\x01\x81\x00&\x00')
2026-10-08 15:58:23,834 BTPWorkerThread-46 (_rx_task) root DEBUG iutctl_common.py          139   read                      : Read 38 bytes data
2026-10-08 15:58:23,834 BTPWorkerThread-46 (_rx_task) root DEBUG iutctl_common.py          154   read                      : Received data: {'e0 53 00 4c 17 e5 44 aa 03 1b 00 09 09 4e 58 4c 36 36 35 32 38 02 0a 0c 0d 03 0c 11 0a 11 0b 11 0e 11 1f 11 1e 11'}, bytearray(b'\xe0S\x00L\x17\xe5D\xaa\x03\x1b\x00\t\tNXL66528\x02\n\x0c\r\x03\x0c\x11\n\x11\x0b\x11\x0e\x11\x1f\x11\x1e\x11')
2026-10-08 15:58:23,835 BTPWorkerThread-46 (_rx_task) root DEBUG btp.py                    708   event_handler             : Header(svc_id=1, op=129, ctrl_index=0, data_len=38) (b'\xe0S\x00L\x17\xe5D\xaa\x03\x1b\x00\t\tNXL66528\x02\n\x0c\r\x03\x0c\x11\n\x11\x0b\x11\x0e\x11\x1f\x11\x1e\x11',)
2026-10-08 15:58:23,835 BTPWorkerThread-46 (_rx_task) root DEBUG gap.py                    191   gap_device_found_ev_      : b'\xe0S\x00L\x17\xe5D\xaa\x03\x1b\x00\t\tNXL66528\x02\n\x0c\r\x03\x0c\x11\n\x11\x0b\x11\x0e\x11\x1f\x11\x1e\x11'
2026-10-08 15:58:23,835 BTPWorkerThread-46 (_rx_task) root DEBUG gap.py                    205   gap_device_found_ev_      : found '44e5174c0053' type 224 eir b'\t\tNXL66528\x02\n\x0c\r\x03\x0c\x11\n\x11\x0b\x11\x0e\x11\x1f\x11\x1e\x11'
2026-10-08 15:58:23,897 BTPWorkerThread-46 (_rx_task) root DEBUG iutctl_common.py          123   read                      : Read 5 bytes
2026-10-08 15:58:23,897 BTPWorkerThread-46 (_rx_task) root DEBUG iutctl_common.py          131   read                      : Received: hdr: Header(svc_id=0x01, op=0x81, ctrl_index=0x00, data_len=0x27) bytearray(b"\x01\x81\x00\'\x00")
2026-10-08 15:58:23,898 BTPWorkerThread-46 (_rx_task) root DEBUG iutctl_common.py          139   read                      : Read 39 bytes data
2026-10-08 15:58:23,898 BTPWorkerThread-46 (_rx_task) root DEBUG iutctl_common.py          154   read                      : Received data: {'e0 6c cc c0 a9 94 d4 b8 03 1c 00 0a 09 53 4d 57 30 32 38 33 37 33 02 0a 0c 0d 03 0c 11 0a 11 0e 11 0b 11 1f 11 1e 11'}, bytearray(b'\xe0l\xcc\xc0\xa9\x94\xd4\xb8\x03\x1c\x00\n\tSMW028373\x02\n\x0c\r\x03\x0c\x11\n\x11\x0e\x11\x0b\x11\x1f\x11\x1e\x11')
2026-10-08 15:58:23,898 BTPWorkerThread-46 (_rx_task) root DEBUG btp.py                    708   event_handler             : Header(svc_id=1, op=129, ctrl_index=0, data_len=39) (b'\xe0l\xcc\xc0\xa9\x94\xd4\xb8\x03\x1c\x00\n\tSMW028373\x02\n\x0c\r\x03\x0c\x11\n\x11\x0e\x11\x0b\x11\x1f\x11\x1e\x11',)
2026-10-08 15:58:23,898 BTPWorkerThread-46 (_rx_task) root DEBUG gap.py                    191   gap_device_found_ev_      : b'\xe0l\xcc\xc0\xa9\x94\xd4\xb8\x03\x1c\x00\n\tSMW028373\x02\n\x0c\r\x03\x0c\x11\n\x11\x0e\x11\x0b\x11\x1f\x11\x1e\x11'
2026-10-08 15:58:23,898 BTPWorkerThread-46 (_rx_task) root DEBUG gap.py                    205   gap_device_found_ev_      : found 'd494a9c0cc6c' type 224 eir b'\n\tSMW028373\x02\n\x0c\r\x03\x0c\x11\n\x11\x0e\x11\x0b\x11\x1f\x11\x1e\x11'
2026-10-08 15:58:23,962 BTPWorkerThread-46 (_rx_task) root DEBUG iutctl_common.py          123   read                      : Read 5 bytes
2026-10-08 15:58:23,962 BTPWorkerThread-46 (_rx_task) root DEBUG iutctl_common.py          131   read                      : Received: hdr: Header(svc_id=0x01, op=0x81, ctrl_index=0x00, data_len=0x27) bytearray(b"\x01\x81\x00\'\x00")
2026-10-08 15:58:23,962 BTPWorkerThread-46 (_rx_task) root DEBUG iutctl_common.py          139   read                      : Read 39 bytes data
2026-10-08 15:58:23,962 BTPWorkerThread-46 (_rx_task) root DEBUG iutctl_common.py          154   read                      : Received data: {'e0 6c cc c0 a9 94 d4 b7 03 1c 00 0a 09 53 4d 57 30 32 38 33 37 33 02 0a 0c 0d 03 0c 11 0a 11 0e 11 0b 11 1f 11 1e 11'}, bytearray(b'\xe0l\xcc\xc0\xa9\x94\xd4\xb7\x03\x1c\x00\n\tSMW028373\x02\n\x0c\r\x03\x0c\x11\n\x11\x0e\x11\x0b\x11\x1f\x11\x1e\x11')
2026-10-08 15:58:23,963 BTPWorkerThread-46 (_rx_task) root DEBUG btp.py                    708   event_handler             : Header(svc_id=1, op=129, ctrl_index=0, data_len=39) (b'\xe0l\xcc\xc0\xa9\x94\xd4\xb7\x03\x1c\x00\n\tSMW028373\x02\n\x0c\r\x03\x0c\x11\n\x11\x0e\x11\x0b\x11\x1f\x11\x1e\x11',)
2026-10-08 15:58:23,963 BTPWorkerThread-46 (_rx_task) root DEBUG gap.py                    191   gap_device_found_ev_      : b'\xe0l\xcc\xc0\xa9\x94\xd4\xb7\x03\x1c\x00\n\tSMW028373\x02\n\x0c\r\x03\x0c\x11\n\x11\x0e\x11\x0b\x11\x1f\x11\x1e\x11'
2026-10-08 15:58:23,963 BTPWorkerThread-46 (_rx_task) root DEBUG gap.py                    205   gap_device_found_ev_      : found 'd494a9c0cc6c' type 224 eir b'\n\tSMW028373\x02\n\x0c\r\x03\x0c\x11\n\x11\x0e\x11\x0b\x11\x1f\x11\x1e\x11'
2026-10-08 15:58:24,207 BTPWorkerThread-46 (_rx_task) root DEBUG iutctl_common.py          123   read                      : Read 5 bytes
2026-10-08 15:58:24,208 BTPWorkerThread-46 (_rx_task) root DEBUG iutctl_common.py          131   read                      : Received: hdr: Header(svc_id=0x01, op=0x81, ctrl_index=0x00, data_len=0x26) bytearray(b'\x01\x81\x00&\x00')
2026-10-08 15:58:24,208 BTPWorkerThread-46 (_rx_task) root DEBUG iutctl_common.py          139   read                      : Read 38 bytes data
2026-10-08 15:58:24,209 BTPWorkerThread-46 (_rx_task) root DEBUG iutctl_common.py          154   read                      : Received data: {'e0 53 00 4c 17 e5 44 a3 03 1b 00 09 09 4e 58 4c 36 36 35 32 38 02 0a 0c 0d 03 0c 11 0a 11 0b 11 0e 11 1f 11 1e 11'}, bytearray(b'\xe0S\x00L\x17\xe5D\xa3\x03\x1b\x00\t\tNXL66528\x02\n\x0c\r\x03\x0c\x11\n\x11\x0b\x11\x0e\x11\x1f\x11\x1e\x11')
2026-10-08 15:58:24,209 BTPWorkerThread-46 (_rx_task) root DEBUG btp.py                    708   event_handler             : Header(svc_id=1, op=129, ctrl_index=0, data_len=38) (b'\xe0S\x00L\x17\xe5D\xa3\x03\x1b\x00\t\tNXL66528\x02\n\x0c\r\x03\x0c\x11\n\x11\x0b\x11\x0e\x11\x1f\x11\x1e\x11',)
2026-10-08 15:58:24,209 BTPWorkerThread-46 (_rx_task) root DEBUG gap.py                    191   gap_device_found_ev_      : b'\xe0S\x00L\x17\xe5D\xa3\x03\x1b\x00\t\tNXL66528\x02\n\x0c\r\x03\x0c\x11\n\x11\x0b\x11\x0e\x11\x1f\x11\x1e\x11'
2026-10-08 15:58:24,209 BTPWorkerThread-46 (_rx_task) root DEBUG gap.py                    205   gap_device_found_ev_      : found '44e5174c0053' type 224 eir b'\t\tNXL66528\x02\n\x0c\r\x03\x0c\x11\n\x11\x0b\x11\x0e\x11\x1f\x11\x1e\x11'
2026-10-08 15:58:24,412 BTPWorkerThread-46 (_rx_task) root DEBUG iutctl_common.py          123   read                      : Read 5 bytes
2026-10-08 15:58:24,412 BTPWorkerThread-46 (_rx_task) root DEBUG iutctl_common.py          131   read                      : Received: hdr: Header(svc_id=0x01, op=0x81, ctrl_index=0x00, data_len=0x26) bytearray(b'\x01\x81\x00&\x00')
2026-10-08 15:58:24,412 BTPWorkerThread-46 (_rx_task) root DEBUG iutctl_common.py          139   read                      : Read 38 bytes data
2026-10-08 15:58:24,413 BTPWorkerThread-46 (_rx_task) root DEBUG iutctl_common.py          154   read                      : Received data: {'e0 53 00 4c 17 e5 44 ab 03 1b 00 09 09 4e 58 4c 36 36 35 32 38 02 0a 0c 0d 03 0c 11 0a 11 0b 11 0e 11 1f 11 1e 11'}, bytearray(b'\xe0S\x00L\x17\xe5D\xab\x03\x1b\x00\t\tNXL66528\x02\n\x0c\r\x03\x0c\x11\n\x11\x0b\x11\x0e\x11\x1f\x11\x1e\x11')
2026-10-08 15:58:24,413 BTPWorkerThread-46 (_rx_task) root DEBUG btp.py                    708   event_handler             : Header(svc_id=1, op=129, ctrl_index=0, data_len=38) (b'\xe0S\x00L\x17\xe5D\xab\x03\x1b\x00\t\tNXL66528\x02\n\x0c\r\x03\x0c\x11\n\x11\x0b\x11\x0e\x11\x1f\x11\x1e\x11',)
2026-10-08 15:58:24,413 BTPWorkerThread-46 (_rx_task) root DEBUG gap.py                    191   gap_device_found_ev_      : b'\xe0S\x00L\x17\xe5D\xab\x03\x1b\x00\t\tNXL66528\x02\n\x0c\r\x03\x0c\x11\n\x11\x0b\x11\x0e\x11\x1f\x11\x1e\x11'
2026-10-08 15:58:24,413 BTPWorkerThread-46 (_rx_task) root DEBUG gap.py                    205   gap_device_found_ev_      : found '44e5174c0053' type 224 eir b'\t\tNXL66528\x02\n\x0c\r\x03\x0c\x11\n\x11\x0b\x11\x0e\x11\x1f\x11\x1e\x11'
2026-10-08 15:58:24,520 BTPWorkerThread-46 (_rx_task) root DEBUG iutctl_common.py          123   read                      : Read 5 bytes
2026-10-08 15:58:24,520 BTPWorkerThread-46 (_rx_task) root DEBUG iutctl_common.py          131   read                      : Received: hdr: Header(svc_id=0x01, op=0x81, ctrl_index=0x00, data_len=0x1c) bytearray(b'\x01\x81\x00\x1c\x00')
2026-10-08 15:58:24,520 BTPWorkerThread-46 (_rx_task) root DEBUG iutctl_common.py          139   read                      : Read 28 bytes data
2026-10-08 15:58:24,521 BTPWorkerThread-46 (_rx_task) root DEBUG iutctl_common.py          154   read                      : Received data: {'e0 4e e4 08 dc 1b 00 ce 03 11 00 10 09 50 54 53 2d 48 49 44 31 31 2d 45 34 34 45 00'}, bytearray(b'\xe0N\xe4\x08\xdc\x1b\x00\xce\x03\x11\x00\x10\tPTS-HID11-E44E\x00')
2026-10-08 15:58:24,521 BTPWorkerThread-46 (_rx_task) root DEBUG btp.py                    708   event_handler             : Header(svc_id=1, op=129, ctrl_index=0, data_len=28) (b'\xe0N\xe4\x08\xdc\x1b\x00\xce\x03\x11\x00\x10\tPTS-HID11-E44E\x00',)
2026-10-08 15:58:24,521 BTPWorkerThread-46 (_rx_task) root DEBUG gap.py                    191   gap_device_found_ev_      : b'\xe0N\xe4\x08\xdc\x1b\x00\xce\x03\x11\x00\x10\tPTS-HID11-E44E\x00'
2026-10-08 15:58:24,521 BTPWorkerThread-46 (_rx_task) root DEBUG gap.py                    205   gap_device_found_ev_      : found '001bdc08e44e' type 224 eir b'\x10\tPTS-HID11-E44E\x00'
2026-10-08 15:58:24,552 BTPWorkerThread-46 (_rx_task) root DEBUG iutctl_common.py          123   read                      : Read 5 bytes
2026-10-08 15:58:24,552 BTPWorkerThread-46 (_rx_task) root DEBUG iutctl_common.py          131   read                      : Received: hdr: Header(svc_id=0x01, op=0x81, ctrl_index=0x00, data_len=0x1c) bytearray(b'\x01\x81\x00\x1c\x00')
2026-10-08 15:58:24,552 BTPWorkerThread-46 (_rx_task) root DEBUG iutctl_common.py          139   read                      : Read 28 bytes data
2026-10-08 15:58:24,553 BTPWorkerThread-46 (_rx_task) root DEBUG iutctl_common.py          154   read                      : Received data: {'e0 4e e4 08 dc 1b 00 cf 03 11 00 10 09 50 54 53 2d 48 49 44 31 31 2d 45 34 34 45 00'}, bytearray(b'\xe0N\xe4\x08\xdc\x1b\x00\xcf\x03\x11\x00\x10\tPTS-HID11-E44E\x00')
2026-10-08 15:58:24,553 BTPWorkerThread-46 (_rx_task) root DEBUG btp.py                    708   event_handler             : Header(svc_id=1, op=129, ctrl_index=0, data_len=28) (b'\xe0N\xe4\x08\xdc\x1b\x00\xcf\x03\x11\x00\x10\tPTS-HID11-E44E\x00',)
2026-10-08 15:58:24,553 BTPWorkerThread-46 (_rx_task) root DEBUG gap.py                    191   gap_device_found_ev_      : b'\xe0N\xe4\x08\xdc\x1b\x00\xcf\x03\x11\x00\x10\tPTS-HID11-E44E\x00'
2026-10-08 15:58:24,553 BTPWorkerThread-46 (_rx_task) root DEBUG gap.py                    205   gap_device_found_ev_      : found '001bdc08e44e' type 224 eir b'\x10\tPTS-HID11-E44E\x00'
2026-10-08 15:58:24,893 BTPWorkerThread-46 (_rx_task) root DEBUG iutctl_common.py          123   read                      : Read 5 bytes
2026-10-08 15:58:24,893 BTPWorkerThread-46 (_rx_task) root DEBUG iutctl_common.py          131   read                      : Received: hdr: Header(svc_id=0x01, op=0x81, ctrl_index=0x00, data_len=0x27) bytearray(b"\x01\x81\x00\'\x00")
2026-10-08 15:58:24,893 BTPWorkerThread-46 (_rx_task) root DEBUG iutctl_common.py          139   read                      : Read 10 bytes data
2026-10-08 15:58:24,905 BTPWorkerThread-46 (_rx_task) root DEBUG iutctl_common.py          139   read                      : Read 29 bytes data
2026-10-08 15:58:24,905 BTPWorkerThread-46 (_rx_task) root DEBUG iutctl_common.py          154   read                      : Received data: {'e0 6c cc c0 a9 94 d4 a2 03 1c 00 0a 09 53 4d 57 30 32 38 33 37 33 02 0a 0c 0d 03 0c 11 0a 11 0e 11 0b 11 1f 11 1e 11'}, bytearray(b'\xe0l\xcc\xc0\xa9\x94\xd4\xa2\x03\x1c\x00\n\tSMW028373\x02\n\x0c\r\x03\x0c\x11\n\x11\x0e\x11\x0b\x11\x1f\x11\x1e\x11')
2026-10-08 15:58:24,906 BTPWorkerThread-46 (_rx_task) root DEBUG btp.py                    708   event_handler             : Header(svc_id=1, op=129, ctrl_index=0, data_len=39) (b'\xe0l\xcc\xc0\xa9\x94\xd4\xa2\x03\x1c\x00\n\tSMW028373\x02\n\x0c\r\x03\x0c\x11\n\x11\x0e\x11\x0b\x11\x1f\x11\x1e\x11',)
2026-10-08 15:58:24,906 BTPWorkerThread-46 (_rx_task) root DEBUG gap.py                    191   gap_device_found_ev_      : b'\xe0l\xcc\xc0\xa9\x94\xd4\xa2\x03\x1c\x00\n\tSMW028373\x02\n\x0c\r\x03\x0c\x11\n\x11\x0e\x11\x0b\x11\x1f\x11\x1e\x11'
2026-10-08 15:58:24,906 BTPWorkerThread-46 (_rx_task) root DEBUG gap.py                    205   gap_device_found_ev_      : found 'd494a9c0cc6c' type 224 eir b'\n\tSMW028373\x02\n\x0c\r\x03\x0c\x11\n\x11\x0e\x11\x0b\x11\x1f\x11\x1e\x11'
2026-10-08 15:58:25,256 BTPWorkerThread-46 (_rx_task) root DEBUG iutctl_common.py          123   read                      : Read 5 bytes
2026-10-08 15:58:25,256 BTPWorkerThread-46 (_rx_task) root DEBUG iutctl_common.py          131   read                      : Received: hdr: Header(svc_id=0x01, op=0x81, ctrl_index=0x00, data_len=0x27) bytearray(b"\x01\x81\x00\'\x00")
2026-10-08 15:58:25,257 BTPWorkerThread-46 (_rx_task) root DEBUG iutctl_common.py          139   read                      : Read 28 bytes data
2026-10-08 15:58:25,267 BTPWorkerThread-46 (_rx_task) root DEBUG iutctl_common.py          139   read                      : Read 11 bytes data
2026-10-08 15:58:25,268 BTPWorkerThread-46 (_rx_task) root DEBUG iutctl_common.py          154   read                      : Received data: {'e0 6c cc c0 a9 94 d4 b8 03 1c 00 0a 09 53 4d 57 30 32 38 33 37 33 02 0a 0c 0d 03 0c 11 0a 11 0e 11 0b 11 1f 11 1e 11'}, bytearray(b'\xe0l\xcc\xc0\xa9\x94\xd4\xb8\x03\x1c\x00\n\tSMW028373\x02\n\x0c\r\x03\x0c\x11\n\x11\x0e\x11\x0b\x11\x1f\x11\x1e\x11')
2026-10-08 15:58:25,268 BTPWorkerThread-46 (_rx_task) root DEBUG btp.py                    708   event_handler             : Header(svc_id=1, op=129, ctrl_index=0, data_len=39) (b'\xe0l\xcc\xc0\xa9\x94\xd4\xb8\x03\x1c\x00\n\tSMW028373\x02\n\x0c\r\x03\x0c\x11\n\x11\x0e\x11\x0b\x11\x1f\x11\x1e\x11',)
2026-10-08 15:58:25,268 BTPWorkerThread-46 (_rx_task) root DEBUG gap.py                    191   gap_device_found_ev_      : b'\xe0l\xcc\xc0\xa9\x94\xd4\xb8\x03\x1c\x00\n\tSMW028373\x02\n\x0c\r\x03\x0c\x11\n\x11\x0e\x11\x0b\x11\x1f\x11\x1e\x11'
2026-10-08 15:58:25,268 BTPWorkerThread-46 (_rx_task) root DEBUG gap.py                    205   gap_device_found_ev_      : found 'd494a9c0cc6c' type 224 eir b'\n\tSMW028373\x02\n\x0c\r\x03\x0c\x11\n\x11\x0e\x11\x0b\x11\x1f\x11\x1e\x11'
2026-10-08 15:58:25,289 BTPWorkerThread-46 (_rx_task) root DEBUG iutctl_common.py          123   read                      : Read 5 bytes
2026-10-08 15:58:25,289 BTPWorkerThread-46 (_rx_task) root DEBUG iutctl_common.py          131   read                      : Received: hdr: Header(svc_id=0x01, op=0x81, ctrl_index=0x00, data_len=0x1c) bytearray(b'\x01\x81\x00\x1c\x00')
2026-10-08 15:58:25,289 BTPWorkerThread-46 (_rx_task) root DEBUG iutctl_common.py          139   read                      : Read 28 bytes data
2026-10-08 15:58:25,289 BTPWorkerThread-46 (_rx_task) root DEBUG iutctl_common.py          154   read                      : Received data: {'e0 4e e4 08 dc 1b 00 ce 03 11 00 10 09 50 54 53 2d 48 49 44 31 31 2d 45 34 34 45 00'}, bytearray(b'\xe0N\xe4\x08\xdc\x1b\x00\xce\x03\x11\x00\x10\tPTS-HID11-E44E\x00')
2026-10-08 15:58:25,290 BTPWorkerThread-46 (_rx_task) root DEBUG btp.py                    708   event_handler             : Header(svc_id=1, op=129, ctrl_index=0, data_len=28) (b'\xe0N\xe4\x08\xdc\x1b\x00\xce\x03\x11\x00\x10\tPTS-HID11-E44E\x00',)
2026-10-08 15:58:25,290 BTPWorkerThread-46 (_rx_task) root DEBUG gap.py                    191   gap_device_found_ev_      : b'\xe0N\xe4\x08\xdc\x1b\x00\xce\x03\x11\x00\x10\tPTS-HID11-E44E\x00'
2026-10-08 15:58:25,290 BTPWorkerThread-46 (_rx_task) root DEBUG gap.py                    205   gap_device_found_ev_      : found '001bdc08e44e' type 224 eir b'\x10\tPTS-HID11-E44E\x00'
2026-10-08 15:58:25,710 BTPWorkerThread-46 (_rx_task) root DEBUG iutctl_common.py          123   read                      : Read 5 bytes
2026-10-08 15:58:25,710 BTPWorkerThread-46 (_rx_task) root DEBUG iutctl_common.py          131   read                      : Received: hdr: Header(svc_id=0x01, op=0x81, ctrl_index=0x00, data_len=0x1c) bytearray(b'\x01\x81\x00\x1c\x00')
2026-10-08 15:58:25,710 BTPWorkerThread-46 (_rx_task) root DEBUG iutctl_common.py          139   read                      : Read 28 bytes data
2026-10-08 15:58:25,710 BTPWorkerThread-46 (_rx_task) root DEBUG iutctl_common.py          154   read                      : Received data: {'e0 4e e4 08 dc 1b 00 cd 03 11 00 10 09 50 54 53 2d 48 49 44 31 31 2d 45 34 34 45 00'}, bytearray(b'\xe0N\xe4\x08\xdc\x1b\x00\xcd\x03\x11\x00\x10\tPTS-HID11-E44E\x00')
2026-10-08 15:58:25,710 BTPWorkerThread-46 (_rx_task) root DEBUG btp.py                    708   event_handler             : Header(svc_id=1, op=129, ctrl_index=0, data_len=28) (b'\xe0N\xe4\x08\xdc\x1b\x00\xcd\x03\x11\x00\x10\tPTS-HID11-E44E\x00',)
2026-10-08 15:58:25,710 BTPWorkerThread-46 (_rx_task) root DEBUG gap.py                    191   gap_device_found_ev_      : b'\xe0N\xe4\x08\xdc\x1b\x00\xcd\x03\x11\x00\x10\tPTS-HID11-E44E\x00'
2026-10-08 15:58:25,710 BTPWorkerThread-46 (_rx_task) root DEBUG gap.py                    205   gap_device_found_ev_      : found '001bdc08e44e' type 224 eir b'\x10\tPTS-HID11-E44E\x00'
2026-10-08 15:58:25,721 BTPWorkerThread-46 (_rx_task) root DEBUG iutctl_common.py          123   read                      : Read 5 bytes
2026-10-08 15:58:25,721 BTPWorkerThread-46 (_rx_task) root DEBUG iutctl_common.py          131   read                      : Received: hdr: Header(svc_id=0x01, op=0x81, ctrl_index=0x00, data_len=0x27) bytearray(b"\x01\x81\x00\'\x00")
2026-10-08 15:58:25,721 BTPWorkerThread-46 (_rx_task) root DEBUG iutctl_common.py          139   read                      : Read 39 bytes data
2026-10-08 15:58:25,722 BTPWorkerThread-46 (_rx_task) root DEBUG iutctl_common.py          154   read                      : Received data: {'e0 6c cc c0 a9 94 d4 b0 03 1c 00 0a 09 53 4d 57 30 32 38 33 37 33 02 0a 0c 0d 03 0c 11 0a 11 0e 11 0b 11 1f 11 1e 11'}, bytearray(b'\xe0l\xcc\xc0\xa9\x94\xd4\xb0\x03\x1c\x00\n\tSMW028373\x02\n\x0c\r\x03\x0c\x11\n\x11\x0e\x11\x0b\x11\x1f\x11\x1e\x11')
2026-10-08 15:58:25,722 BTPWorkerThread-46 (_rx_task) root DEBUG btp.py                    708   event_handler             : Header(svc_id=1, op=129, ctrl_index=0, data_len=39) (b'\xe0l\xcc\xc0\xa9\x94\xd4\xb0\x03\x1c\x00\n\tSMW028373\x02\n\x0c\r\x03\x0c\x11\n\x11\x0e\x11\x0b\x11\x1f\x11\x1e\x11',)
2026-10-08 15:58:25,722 BTPWorkerThread-46 (_rx_task) root DEBUG gap.py                    191   gap_device_found_ev_      : b'\xe0l\xcc\xc0\xa9\x94\xd4\xb0\x03\x1c\x00\n\tSMW028373\x02\n\x0c\r\x03\x0c\x11\n\x11\x0e\x11\x0b\x11\x1f\x11\x1e\x11'
2026-10-08 15:58:25,722 BTPWorkerThread-46 (_rx_task) root DEBUG gap.py                    205   gap_device_found_ev_      : found 'd494a9c0cc6c' type 224 eir b'\n\tSMW028373\x02\n\x0c\r\x03\x0c\x11\n\x11\x0e\x11\x0b\x11\x1f\x11\x1e\x11'
2026-10-08 15:58:26,213 BTPWorkerThread-46 (_rx_task) root DEBUG iutctl_common.py          123   read                      : Read 5 bytes
2026-10-08 15:58:26,213 BTPWorkerThread-46 (_rx_task) root DEBUG iutctl_common.py          131   read                      : Received: hdr: Header(svc_id=0x01, op=0x81, ctrl_index=0x00, data_len=0x27) bytearray(b"\x01\x81\x00\'\x00")
2026-10-08 15:58:26,213 BTPWorkerThread-46 (_rx_task) root DEBUG iutctl_common.py          139   read                      : Read 39 bytes data
2026-10-08 15:58:26,213 BTPWorkerThread-46 (_rx_task) root DEBUG iutctl_common.py          154   read                      : Received data: {'e0 6c cc c0 a9 94 d4 b6 03 1c 00 0a 09 53 4d 57 30 32 38 33 37 33 02 0a 0c 0d 03 0c 11 0a 11 0e 11 0b 11 1f 11 1e 11'}, bytearray(b'\xe0l\xcc\xc0\xa9\x94\xd4\xb6\x03\x1c\x00\n\tSMW028373\x02\n\x0c\r\x03\x0c\x11\n\x11\x0e\x11\x0b\x11\x1f\x11\x1e\x11')
2026-10-08 15:58:26,213 BTPWorkerThread-46 (_rx_task) root DEBUG btp.py                    708   event_handler             : Header(svc_id=1, op=129, ctrl_index=0, data_len=39) (b'\xe0l\xcc\xc0\xa9\x94\xd4\xb6\x03\x1c\x00\n\tSMW028373\x02\n\x0c\r\x03\x0c\x11\n\x11\x0e\x11\x0b\x11\x1f\x11\x1e\x11',)
2026-10-08 15:58:26,214 BTPWorkerThread-46 (_rx_task) root DEBUG gap.py                    191   gap_device_found_ev_      : b'\xe0l\xcc\xc0\xa9\x94\xd4\xb6\x03\x1c\x00\n\tSMW028373\x02\n\x0c\r\x03\x0c\x11\n\x11\x0e\x11\x0b\x11\x1f\x11\x1e\x11'
2026-10-08 15:58:26,214 BTPWorkerThread-46 (_rx_task) root DEBUG gap.py                    205   gap_device_found_ev_      : found 'd494a9c0cc6c' type 224 eir b'\n\tSMW028373\x02\n\x0c\r\x03\x0c\x11\n\x11\x0e\x11\x0b\x11\x1f\x11\x1e\x11'
2026-10-08 15:58:26,342 BTPWorkerThread-46 (_rx_task) root DEBUG iutctl_common.py          123   read                      : Read 5 bytes
2026-10-08 15:58:26,342 BTPWorkerThread-46 (_rx_task) root DEBUG iutctl_common.py          131   read                      : Received: hdr: Header(svc_id=0x01, op=0x81, ctrl_index=0x00, data_len=0x1c) bytearray(b'\x01\x81\x00\x1c\x00')
2026-10-08 15:58:26,342 BTPWorkerThread-46 (_rx_task) root DEBUG iutctl_common.py          139   read                      : Read 28 bytes data
2026-10-08 15:58:26,343 BTPWorkerThread-46 (_rx_task) root DEBUG iutctl_common.py          154   read                      : Received data: {'e0 4e e4 08 dc 1b 00 c8 03 11 00 10 09 50 54 53 2d 48 49 44 31 31 2d 45 34 34 45 00'}, bytearray(b'\xe0N\xe4\x08\xdc\x1b\x00\xc8\x03\x11\x00\x10\tPTS-HID11-E44E\x00')
2026-10-08 15:58:26,343 BTPWorkerThread-46 (_rx_task) root DEBUG btp.py                    708   event_handler             : Header(svc_id=1, op=129, ctrl_index=0, data_len=28) (b'\xe0N\xe4\x08\xdc\x1b\x00\xc8\x03\x11\x00\x10\tPTS-HID11-E44E\x00',)
2026-10-08 15:58:26,343 BTPWorkerThread-46 (_rx_task) root DEBUG gap.py                    191   gap_device_found_ev_      : b'\xe0N\xe4\x08\xdc\x1b\x00\xc8\x03\x11\x00\x10\tPTS-HID11-E44E\x00'
2026-10-08 15:58:26,343 BTPWorkerThread-46 (_rx_task) root DEBUG gap.py                    205   gap_device_found_ev_      : found '001bdc08e44e' type 224 eir b'\x10\tPTS-HID11-E44E\x00'
2026-10-08 15:58:26,683 BTPWorkerThread-46 (_rx_task) root DEBUG iutctl_common.py          123   read                      : Read 5 bytes
2026-10-08 15:58:26,683 BTPWorkerThread-46 (_rx_task) root DEBUG iutctl_common.py          131   read                      : Received: hdr: Header(svc_id=0x01, op=0x81, ctrl_index=0x00, data_len=0x26) bytearray(b'\x01\x81\x00&\x00')
2026-10-08 15:58:26,683 BTPWorkerThread-46 (_rx_task) root DEBUG iutctl_common.py          139   read                      : Read 38 bytes data
2026-10-08 15:58:26,684 BTPWorkerThread-46 (_rx_task) root DEBUG iutctl_common.py          154   read                      : Received data: {'e0 53 00 4c 17 e5 44 aa 03 1b 00 09 09 4e 58 4c 36 36 35 32 38 02 0a 0c 0d 03 0c 11 0a 11 0b 11 0e 11 1f 11 1e 11'}, bytearray(b'\xe0S\x00L\x17\xe5D\xaa\x03\x1b\x00\t\tNXL66528\x02\n\x0c\r\x03\x0c\x11\n\x11\x0b\x11\x0e\x11\x1f\x11\x1e\x11')
2026-10-08 15:58:26,684 BTPWorkerThread-46 (_rx_task) root DEBUG btp.py                    708   event_handler             : Header(svc_id=1, op=129, ctrl_index=0, data_len=38) (b'\xe0S\x00L\x17\xe5D\xaa\x03\x1b\x00\t\tNXL66528\x02\n\x0c\r\x03\x0c\x11\n\x11\x0b\x11\x0e\x11\x1f\x11\x1e\x11',)
2026-10-08 15:58:26,684 BTPWorkerThread-46 (_rx_task) root DEBUG gap.py                    191   gap_device_found_ev_      : b'\xe0S\x00L\x17\xe5D\xaa\x03\x1b\x00\t\tNXL66528\x02\n\x0c\r\x03\x0c\x11\n\x11\x0b\x11\x0e\x11\x1f\x11\x1e\x11'
2026-10-08 15:58:26,684 BTPWorkerThread-46 (_rx_task) root DEBUG gap.py                    205   gap_device_found_ev_      : found '44e5174c0053' type 224 eir b'\t\tNXL66528\x02\n\x0c\r\x03\x0c\x11\n\x11\x0b\x11\x0e\x11\x1f\x11\x1e\x11'
2026-10-08 15:58:26,717 BTPWorkerThread-46 (_rx_task) root DEBUG iutctl_common.py          123   read                      : Read 5 bytes
2026-10-08 15:58:26,717 BTPWorkerThread-46 (_rx_task) root DEBUG iutctl_common.py          131   read                      : Received: hdr: Header(svc_id=0x01, op=0x81, ctrl_index=0x00, data_len=0x1c) bytearray(b'\x01\x81\x00\x1c\x00')
2026-10-08 15:58:26,717 BTPWorkerThread-46 (_rx_task) root DEBUG iutctl_common.py          139   read                      : Read 28 bytes data
2026-10-08 15:58:26,717 BTPWorkerThread-46 (_rx_task) root DEBUG iutctl_common.py          154   read                      : Received data: {'e0 4e e4 08 dc 1b 00 ce 03 11 00 10 09 50 54 53 2d 48 49 44 31 31 2d 45 34 34 45 00'}, bytearray(b'\xe0N\xe4\x08\xdc\x1b\x00\xce\x03\x11\x00\x10\tPTS-HID11-E44E\x00')
2026-10-08 15:58:26,717 BTPWorkerThread-46 (_rx_task) root DEBUG btp.py                    708   event_handler             : Header(svc_id=1, op=129, ctrl_index=0, data_len=28) (b'\xe0N\xe4\x08\xdc\x1b\x00\xce\x03\x11\x00\x10\tPTS-HID11-E44E\x00',)
2026-10-08 15:58:26,717 BTPWorkerThread-46 (_rx_task) root DEBUG gap.py                    191   gap_device_found_ev_      : b'\xe0N\xe4\x08\xdc\x1b\x00\xce\x03\x11\x00\x10\tPTS-HID11-E44E\x00'
2026-10-08 15:58:26,717 BTPWorkerThread-46 (_rx_task) root DEBUG gap.py                    205   gap_device_found_ev_      : found '001bdc08e44e' type 224 eir b'\x10\tPTS-HID11-E44E\x00'
2026-10-08 15:58:26,771 BTPWorkerThread-46 (_rx_task) root DEBUG iutctl_common.py          123   read                      : Read 5 bytes
2026-10-08 15:58:26,771 BTPWorkerThread-46 (_rx_task) root DEBUG iutctl_common.py          131   read                      : Received: hdr: Header(svc_id=0x01, op=0x81, ctrl_index=0x00, data_len=0x26) bytearray(b'\x01\x81\x00&\x00')
2026-10-08 15:58:26,772 BTPWorkerThread-46 (_rx_task) root DEBUG iutctl_common.py          139   read                      : Read 38 bytes data
2026-10-08 15:58:26,772 BTPWorkerThread-46 (_rx_task) root DEBUG iutctl_common.py          154   read                      : Received data: {'e0 53 00 4c 17 e5 44 a8 03 1b 00 09 09 4e 58 4c 36 36 35 32 38 02 0a 0c 0d 03 0c 11 0a 11 0b 11 0e 11 1f 11 1e 11'}, bytearray(b'\xe0S\x00L\x17\xe5D\xa8\x03\x1b\x00\t\tNXL66528\x02\n\x0c\r\x03\x0c\x11\n\x11\x0b\x11\x0e\x11\x1f\x11\x1e\x11')
2026-10-08 15:58:26,772 BTPWorkerThread-46 (_rx_task) root DEBUG btp.py                    708   event_handler             : Header(svc_id=1, op=129, ctrl_index=0, data_len=38) (b'\xe0S\x00L\x17\xe5D\xa8\x03\x1b\x00\t\tNXL66528\x02\n\x0c\r\x03\x0c\x11\n\x11\x0b\x11\x0e\x11\x1f\x11\x1e\x11',)
2026-10-08 15:58:26,772 BTPWorkerThread-46 (_rx_task) root DEBUG gap.py                    191   gap_device_found_ev_      : b'\xe0S\x00L\x17\xe5D\xa8\x03\x1b\x00\t\tNXL66528\x02\n\x0c\r\x03\x0c\x11\n\x11\x0b\x11\x0e\x11\x1f\x11\x1e\x11'
2026-10-08 15:58:26,772 BTPWorkerThread-46 (_rx_task) root DEBUG gap.py                    205   gap_device_found_ev_      : found '44e5174c0053' type 224 eir b'\t\tNXL66528\x02\n\x0c\r\x03\x0c\x11\n\x11\x0b\x11\x0e\x11\x1f\x11\x1e\x11'
2026-10-08 15:58:26,772 BTPWorkerThread-46 (_rx_task) root DEBUG iutctl_common.py          123   read                      : Read 5 bytes
2026-10-08 15:58:26,772 BTPWorkerThread-46 (_rx_task) root DEBUG iutctl_common.py          131   read                      : Received: hdr: Header(svc_id=0x01, op=0x81, ctrl_index=0x00, data_len=0x27) bytearray(b"\x01\x81\x00\'\x00")
2026-10-08 15:58:26,772 BTPWorkerThread-46 (_rx_task) root DEBUG iutctl_common.py          139   read                      : Read 39 bytes data
2026-10-08 15:58:26,772 BTPWorkerThread-46 (_rx_task) root DEBUG iutctl_common.py          154   read                      : Received data: {'e0 6c cc c0 a9 94 d4 bb 03 1c 00 0a 09 53 4d 57 30 32 38 33 37 33 02 0a 0c 0d 03 0c 11 0a 11 0e 11 0b 11 1f 11 1e 11'}, bytearray(b'\xe0l\xcc\xc0\xa9\x94\xd4\xbb\x03\x1c\x00\n\tSMW028373\x02\n\x0c\r\x03\x0c\x11\n\x11\x0e\x11\x0b\x11\x1f\x11\x1e\x11')
2026-10-08 15:58:26,773 BTPWorkerThread-46 (_rx_task) root DEBUG btp.py                    708   event_handler             : Header(svc_id=1, op=129, ctrl_index=0, data_len=39) (b'\xe0l\xcc\xc0\xa9\x94\xd4\xbb\x03\x1c\x00\n\tSMW028373\x02\n\x0c\r\x03\x0c\x11\n\x11\x0e\x11\x0b\x11\x1f\x11\x1e\x11',)
2026-10-08 15:58:26,773 BTPWorkerThread-46 (_rx_task) root DEBUG gap.py                    191   gap_device_found_ev_      : b'\xe0l\xcc\xc0\xa9\x94\xd4\xbb\x03\x1c\x00\n\tSMW028373\x02\n\x0c\r\x03\x0c\x11\n\x11\x0e\x11\x0b\x11\x1f\x11\x1e\x11'
2026-10-08 15:58:26,773 BTPWorkerThread-46 (_rx_task) root DEBUG gap.py                    205   gap_device_found_ev_      : found 'd494a9c0cc6c' type 224 eir b'\n\tSMW028373\x02\n\x0c\r\x03\x0c\x11\n\x11\x0e\x11\x0b\x11\x1f\x11\x1e\x11'
2026-10-08 15:58:26,974 BTPWorkerThread-46 (_rx_task) root DEBUG iutctl_common.py          123   read                      : Read 5 bytes
2026-10-08 15:58:26,974 BTPWorkerThread-46 (_rx_task) root DEBUG iutctl_common.py          131   read                      : Received: hdr: Header(svc_id=0x01, op=0x81, ctrl_index=0x00, data_len=0x2a) bytearray(b'\x01\x81\x00*\x00')
2026-10-08 15:58:26,974 BTPWorkerThread-46 (_rx_task) root DEBUG iutctl_common.py          139   read                      : Read 42 bytes data
2026-10-08 15:58:26,974 BTPWorkerThread-46 (_rx_task) root DEBUG iutctl_common.py          154   read                      : Received data: {'e0 4d 65 9b 70 f3 5c a5 03 1f 00 1e 09 48 46 50 20 41 47 20 44 65 6d 6f 20 35 43 3a 46 33 3a 37 30 3a 39 42 3a 36 35 3a 34 44'}, bytearray(b'\xe0Me\x9bp\xf3\\\xa5\x03\x1f\x00\x1e\tHFP AG Demo 5C:F3:70:9B:65:4D')
2026-10-08 15:58:26,975 BTPWorkerThread-46 (_rx_task) root DEBUG btp.py                    708   event_handler             : Header(svc_id=1, op=129, ctrl_index=0, data_len=42) (b'\xe0Me\x9bp\xf3\\\xa5\x03\x1f\x00\x1e\tHFP AG Demo 5C:F3:70:9B:65:4D',)
2026-10-08 15:58:26,975 BTPWorkerThread-46 (_rx_task) root DEBUG gap.py                    191   gap_device_found_ev_      : b'\xe0Me\x9bp\xf3\\\xa5\x03\x1f\x00\x1e\tHFP AG Demo 5C:F3:70:9B:65:4D'
2026-10-08 15:58:26,975 BTPWorkerThread-46 (_rx_task) root DEBUG gap.py                    205   gap_device_found_ev_      : found '5cf3709b654d' type 224 eir b'\x1e\tHFP AG Demo 5C:F3:70:9B:65:4D'
2026-10-08 15:58:26,975 BTPWorkerThread-46 (_rx_task) root DEBUG iutctl_common.py          123   read                      : Read 5 bytes
2026-10-08 15:58:26,975 BTPWorkerThread-46 (_rx_task) root DEBUG iutctl_common.py          131   read                      : Received: hdr: Header(svc_id=0x01, op=0x81, ctrl_index=0x00, data_len=0x26) bytearray(b'\x01\x81\x00&\x00')
2026-10-08 15:58:26,975 BTPWorkerThread-46 (_rx_task) root DEBUG iutctl_common.py          139   read                      : Read 23 bytes data
2026-10-08 15:58:26,985 BTPWorkerThread-46 (_rx_task) root DEBUG iutctl_common.py          139   read                      : Read 15 bytes data
2026-10-08 15:58:26,985 BTPWorkerThread-46 (_rx_task) root DEBUG iutctl_common.py          154   read                      : Received data: {'e0 53 00 4c 17 e5 44 ac 03 1b 00 09 09 4e 58 4c 36 36 35 32 38 02 0a 0c 0d 03 0c 11 0a 11 0b 11 0e 11 1f 11 1e 11'}, bytearray(b'\xe0S\x00L\x17\xe5D\xac\x03\x1b\x00\t\tNXL66528\x02\n\x0c\r\x03\x0c\x11\n\x11\x0b\x11\x0e\x11\x1f\x11\x1e\x11')
2026-10-08 15:58:26,986 BTPWorkerThread-46 (_rx_task) root DEBUG btp.py                    708   event_handler             : Header(svc_id=1, op=129, ctrl_index=0, data_len=38) (b'\xe0S\x00L\x17\xe5D\xac\x03\x1b\x00\t\tNXL66528\x02\n\x0c\r\x03\x0c\x11\n\x11\x0b\x11\x0e\x11\x1f\x11\x1e\x11',)
2026-10-08 15:58:26,986 BTPWorkerThread-46 (_rx_task) root DEBUG gap.py                    191   gap_device_found_ev_      : b'\xe0S\x00L\x17\xe5D\xac\x03\x1b\x00\t\tNXL66528\x02\n\x0c\r\x03\x0c\x11\n\x11\x0b\x11\x0e\x11\x1f\x11\x1e\x11'
2026-10-08 15:58:26,986 BTPWorkerThread-46 (_rx_task) root DEBUG gap.py                    205   gap_device_found_ev_      : found '44e5174c0053' type 224 eir b'\t\tNXL66528\x02\n\x0c\r\x03\x0c\x11\n\x11\x0b\x11\x0e\x11\x1f\x11\x1e\x11'
2026-10-08 15:58:27,155 BTPWorkerThread-46 (_rx_task) root DEBUG iutctl_common.py          123   read                      : Read 5 bytes
2026-10-08 15:58:27,156 BTPWorkerThread-46 (_rx_task) root DEBUG iutctl_common.py          131   read                      : Received: hdr: Header(svc_id=0x01, op=0x81, ctrl_index=0x00, data_len=0x26) bytearray(b'\x01\x81\x00&\x00')
2026-10-08 15:58:27,156 BTPWorkerThread-46 (_rx_task) root DEBUG iutctl_common.py          139   read                      : Read 38 bytes data
2026-10-08 15:58:27,156 BTPWorkerThread-46 (_rx_task) root DEBUG iutctl_common.py          154   read                      : Received data: {'e0 53 00 4c 17 e5 44 a8 03 1b 00 09 09 4e 58 4c 36 36 35 32 38 02 0a 0c 0d 03 0c 11 0a 11 0b 11 0e 11 1f 11 1e 11'}, bytearray(b'\xe0S\x00L\x17\xe5D\xa8\x03\x1b\x00\t\tNXL66528\x02\n\x0c\r\x03\x0c\x11\n\x11\x0b\x11\x0e\x11\x1f\x11\x1e\x11')
2026-10-08 15:58:27,156 BTPWorkerThread-46 (_rx_task) root DEBUG btp.py                    708   event_handler             : Header(svc_id=1, op=129, ctrl_index=0, data_len=38) (b'\xe0S\x00L\x17\xe5D\xa8\x03\x1b\x00\t\tNXL66528\x02\n\x0c\r\x03\x0c\x11\n\x11\x0b\x11\x0e\x11\x1f\x11\x1e\x11',)
2026-10-08 15:58:27,156 BTPWorkerThread-46 (_rx_task) root DEBUG gap.py                    191   gap_device_found_ev_      : b'\xe0S\x00L\x17\xe5D\xa8\x03\x1b\x00\t\tNXL66528\x02\n\x0c\r\x03\x0c\x11\n\x11\x0b\x11\x0e\x11\x1f\x11\x1e\x11'
2026-10-08 15:58:27,156 BTPWorkerThread-46 (_rx_task) root DEBUG gap.py                    205   gap_device_found_ev_      : found '44e5174c0053' type 224 eir b'\t\tNXL66528\x02\n\x0c\r\x03\x0c\x11\n\x11\x0b\x11\x0e\x11\x1f\x11\x1e\x11'
2026-10-08 15:58:27,263 BTPWorkerThread-46 (_rx_task) root DEBUG iutctl_common.py          123   read                      : Read 5 bytes
2026-10-08 15:58:27,263 BTPWorkerThread-46 (_rx_task) root DEBUG iutctl_common.py          131   read                      : Received: hdr: Header(svc_id=0x01, op=0x81, ctrl_index=0x00, data_len=0x26) bytearray(b'\x01\x81\x00&\x00')
2026-10-08 15:58:27,263 BTPWorkerThread-46 (_rx_task) root DEBUG iutctl_common.py          139   read                      : Read 10 bytes data
2026-10-08 15:58:27,274 BTPWorkerThread-46 (_rx_task) root DEBUG iutctl_common.py          139   read                      : Read 28 bytes data
2026-10-08 15:58:27,274 BTPWorkerThread-46 (_rx_task) root DEBUG iutctl_common.py          154   read                      : Received data: {'e0 53 00 4c 17 e5 44 ab 03 1b 00 09 09 4e 58 4c 36 36 35 32 38 02 0a 0c 0d 03 0c 11 0a 11 0b 11 0e 11 1f 11 1e 11'}, bytearray(b'\xe0S\x00L\x17\xe5D\xab\x03\x1b\x00\t\tNXL66528\x02\n\x0c\r\x03\x0c\x11\n\x11\x0b\x11\x0e\x11\x1f\x11\x1e\x11')
2026-10-08 15:58:27,274 BTPWorkerThread-46 (_rx_task) root DEBUG btp.py                    708   event_handler             : Header(svc_id=1, op=129, ctrl_index=0, data_len=38) (b'\xe0S\x00L\x17\xe5D\xab\x03\x1b\x00\t\tNXL66528\x02\n\x0c\r\x03\x0c\x11\n\x11\x0b\x11\x0e\x11\x1f\x11\x1e\x11',)
2026-10-08 15:58:27,274 BTPWorkerThread-46 (_rx_task) root DEBUG gap.py                    191   gap_device_found_ev_      : b'\xe0S\x00L\x17\xe5D\xab\x03\x1b\x00\t\tNXL66528\x02\n\x0c\r\x03\x0c\x11\n\x11\x0b\x11\x0e\x11\x1f\x11\x1e\x11'
2026-10-08 15:58:27,274 BTPWorkerThread-46 (_rx_task) root DEBUG gap.py                    205   gap_device_found_ev_      : found '44e5174c0053' type 224 eir b'\t\tNXL66528\x02\n\x0c\r\x03\x0c\x11\n\x11\x0b\x11\x0e\x11\x1f\x11\x1e\x11'
2026-10-08 15:58:27,640 BTPWorkerThread-46 (_rx_task) root DEBUG iutctl_common.py          123   read                      : Read 5 bytes
2026-10-08 15:58:27,640 BTPWorkerThread-46 (_rx_task) root DEBUG iutctl_common.py          131   read                      : Received: hdr: Header(svc_id=0x01, op=0x81, ctrl_index=0x00, data_len=0x0b) bytearray(b'\x01\x81\x00\x0b\x00')
2026-10-08 15:58:27,640 BTPWorkerThread-46 (_rx_task) root DEBUG iutctl_common.py          139   read                      : Read 11 bytes data
2026-10-08 15:58:27,640 BTPWorkerThread-46 (_rx_task) root DEBUG iutctl_common.py          154   read                      : Received data: {'e0 83 99 a7 9f f2 54 a0 03 00 00'}, bytearray(b'\xe0\x83\x99\xa7\x9f\xf2T\xa0\x03\x00\x00')
2026-10-08 15:58:27,641 BTPWorkerThread-46 (_rx_task) root DEBUG btp.py                    708   event_handler             : Header(svc_id=1, op=129, ctrl_index=0, data_len=11) (b'\xe0\x83\x99\xa7\x9f\xf2T\xa0\x03\x00\x00',)
2026-10-08 15:58:27,641 BTPWorkerThread-46 (_rx_task) root DEBUG gap.py                    191   gap_device_found_ev_      : b'\xe0\x83\x99\xa7\x9f\xf2T\xa0\x03\x00\x00'
2026-10-08 15:58:27,641 BTPWorkerThread-46 (_rx_task) root DEBUG gap.py                    205   gap_device_found_ev_      : found '54f29fa79983' type 224 eir b''
2026-10-08 15:58:27,927 BTPWorkerThread-46 (_rx_task) root DEBUG iutctl_common.py          123   read                      : Read 5 bytes
2026-10-08 15:58:27,927 BTPWorkerThread-46 (_rx_task) root DEBUG iutctl_common.py          131   read                      : Received: hdr: Header(svc_id=0x01, op=0x81, ctrl_index=0x00, data_len=0x0b) bytearray(b'\x01\x81\x00\x0b\x00')
2026-10-08 15:58:27,928 BTPWorkerThread-46 (_rx_task) root DEBUG iutctl_common.py          139   read                      : Read 11 bytes data
2026-10-08 15:58:27,928 BTPWorkerThread-46 (_rx_task) root DEBUG iutctl_common.py          154   read                      : Received data: {'e0 4d 65 9b 70 f3 5c a3 03 00 00'}, bytearray(b'\xe0Me\x9bp\xf3\\\xa3\x03\x00\x00')
2026-10-08 15:58:27,928 BTPWorkerThread-46 (_rx_task) root DEBUG btp.py                    708   event_handler             : Header(svc_id=1, op=129, ctrl_index=0, data_len=11) (b'\xe0Me\x9bp\xf3\\\xa3\x03\x00\x00',)
2026-10-08 15:58:27,928 BTPWorkerThread-46 (_rx_task) root DEBUG gap.py                    191   gap_device_found_ev_      : b'\xe0Me\x9bp\xf3\\\xa3\x03\x00\x00'
2026-10-08 15:58:27,928 BTPWorkerThread-46 (_rx_task) root DEBUG gap.py                    205   gap_device_found_ev_      : found '5cf3709b654d' type 224 eir b''
2026-10-08 15:58:27,960 BTPWorkerThread-46 (_rx_task) root DEBUG iutctl_common.py          123   read                      : Read 5 bytes
2026-10-08 15:58:27,960 BTPWorkerThread-46 (_rx_task) root DEBUG iutctl_common.py          131   read                      : Received: hdr: Header(svc_id=0x01, op=0x81, ctrl_index=0x00, data_len=0x2a) bytearray(b'\x01\x81\x00*\x00')
2026-10-08 15:58:27,960 BTPWorkerThread-46 (_rx_task) root DEBUG iutctl_common.py          139   read                      : Read 42 bytes data
2026-10-08 15:58:27,961 BTPWorkerThread-46 (_rx_task) root DEBUG iutctl_common.py          154   read                      : Received data: {'e0 cd 83 06 dc 1b 00 b0 03 1f 00 1e 09 41 32 44 50 20 53 6f 75 72 63 65 20 30 30 3a 31 42 3a 44 43 3a 30 36 3a 38 33 3a 43 44'}, bytearray(b'\xe0\xcd\x83\x06\xdc\x1b\x00\xb0\x03\x1f\x00\x1e\tA2DP Source 00:1B:DC:06:83:CD')
2026-10-08 15:58:27,961 BTPWorkerThread-46 (_rx_task) root DEBUG btp.py                    708   event_handler             : Header(svc_id=1, op=129, ctrl_index=0, data_len=42) (b'\xe0\xcd\x83\x06\xdc\x1b\x00\xb0\x03\x1f\x00\x1e\tA2DP Source 00:1B:DC:06:83:CD',)
2026-10-08 15:58:27,961 BTPWorkerThread-46 (_rx_task) root DEBUG gap.py                    191   gap_device_found_ev_      : b'\xe0\xcd\x83\x06\xdc\x1b\x00\xb0\x03\x1f\x00\x1e\tA2DP Source 00:1B:DC:06:83:CD'
2026-10-08 15:58:27,961 BTPWorkerThread-46 (_rx_task) root DEBUG gap.py                    205   gap_device_found_ev_      : found '001bdc0683cd' type 224 eir b'\x1e\tA2DP Source 00:1B:DC:06:83:CD'
2026-10-08 15:58:28,034 BTPWorkerThread-46 (_rx_task) root DEBUG iutctl_common.py          123   read                      : Read 5 bytes
2026-10-08 15:58:28,034 BTPWorkerThread-46 (_rx_task) root DEBUG iutctl_common.py          131   read                      : Received: hdr: Header(svc_id=0x01, op=0x81, ctrl_index=0x00, data_len=0x2a) bytearray(b'\x01\x81\x00*\x00')
2026-10-08 15:58:28,035 BTPWorkerThread-46 (_rx_task) root DEBUG iutctl_common.py          139   read                      : Read 8 bytes data
2026-10-08 15:58:28,045 BTPWorkerThread-46 (_rx_task) root DEBUG iutctl_common.py          139   read                      : Read 34 bytes data
2026-10-08 15:58:28,045 BTPWorkerThread-46 (_rx_task) root DEBUG iutctl_common.py          154   read                      : Received data: {'e0 cd 83 06 dc 1b 00 b0 03 1f 00 1e 09 41 32 44 50 20 53 6f 75 72 63 65 20 30 30 3a 31 42 3a 44 43 3a 30 36 3a 38 33 3a 43 44'}, bytearray(b'\xe0\xcd\x83\x06\xdc\x1b\x00\xb0\x03\x1f\x00\x1e\tA2DP Source 00:1B:DC:06:83:CD')
2026-10-08 15:58:28,045 BTPWorkerThread-46 (_rx_task) root DEBUG btp.py                    708   event_handler             : Header(svc_id=1, op=129, ctrl_index=0, data_len=42) (b'\xe0\xcd\x83\x06\xdc\x1b\x00\xb0\x03\x1f\x00\x1e\tA2DP Source 00:1B:DC:06:83:CD',)
2026-10-08 15:58:28,046 BTPWorkerThread-46 (_rx_task) root DEBUG gap.py                    191   gap_device_found_ev_      : b'\xe0\xcd\x83\x06\xdc\x1b\x00\xb0\x03\x1f\x00\x1e\tA2DP Source 00:1B:DC:06:83:CD'
2026-10-08 15:58:28,046 BTPWorkerThread-46 (_rx_task) root DEBUG gap.py                    205   gap_device_found_ev_      : found '001bdc0683cd' type 224 eir b'\x1e\tA2DP Source 00:1B:DC:06:83:CD'
2026-10-08 15:58:28,163 BTPWorkerThread-46 (_rx_task) root DEBUG iutctl_common.py          123   read                      : Read 5 bytes
2026-10-08 15:58:28,163 BTPWorkerThread-46 (_rx_task) root DEBUG iutctl_common.py          131   read                      : Received: hdr: Header(svc_id=0x01, op=0x81, ctrl_index=0x00, data_len=0x0b) bytearray(b'\x01\x81\x00\x0b\x00')
2026-10-08 15:58:28,163 BTPWorkerThread-46 (_rx_task) root DEBUG iutctl_common.py          139   read                      : Read 11 bytes data
2026-10-08 15:58:28,164 BTPWorkerThread-46 (_rx_task) root DEBUG iutctl_common.py          154   read                      : Received data: {'e0 4d 65 9b 70 f3 5c a6 03 00 00'}, bytearray(b'\xe0Me\x9bp\xf3\\\xa6\x03\x00\x00')
2026-10-08 15:58:28,164 BTPWorkerThread-46 (_rx_task) root DEBUG btp.py                    708   event_handler             : Header(svc_id=1, op=129, ctrl_index=0, data_len=11) (b'\xe0Me\x9bp\xf3\\\xa6\x03\x00\x00',)
2026-10-08 15:58:28,164 BTPWorkerThread-46 (_rx_task) root DEBUG gap.py                    191   gap_device_found_ev_      : b'\xe0Me\x9bp\xf3\\\xa6\x03\x00\x00'
2026-10-08 15:58:28,164 BTPWorkerThread-46 (_rx_task) root DEBUG gap.py                    205   gap_device_found_ev_      : found '5cf3709b654d' type 224 eir b''
2026-10-08 15:58:28,325 BTPWorkerThread-46 (_rx_task) root DEBUG iutctl_common.py          123   read                      : Read 5 bytes
2026-10-08 15:58:28,325 BTPWorkerThread-46 (_rx_task) root DEBUG iutctl_common.py          131   read                      : Received: hdr: Header(svc_id=0x01, op=0x81, ctrl_index=0x00, data_len=0x2a) bytearray(b'\x01\x81\x00*\x00')
2026-10-08 15:58:28,326 BTPWorkerThread-46 (_rx_task) root DEBUG iutctl_common.py          139   read                      : Read 42 bytes data
2026-10-08 15:58:28,326 BTPWorkerThread-46 (_rx_task) root DEBUG iutctl_common.py          154   read                      : Received data: {'e0 cd 83 06 dc 1b 00 ae 03 1f 00 1e 09 41 32 44 50 20 53 6f 75 72 63 65 20 30 30 3a 31 42 3a 44 43 3a 30 36 3a 38 33 3a 43 44'}, bytearray(b'\xe0\xcd\x83\x06\xdc\x1b\x00\xae\x03\x1f\x00\x1e\tA2DP Source 00:1B:DC:06:83:CD')
2026-10-08 15:58:28,326 BTPWorkerThread-46 (_rx_task) root DEBUG btp.py                    708   event_handler             : Header(svc_id=1, op=129, ctrl_index=0, data_len=42) (b'\xe0\xcd\x83\x06\xdc\x1b\x00\xae\x03\x1f\x00\x1e\tA2DP Source 00:1B:DC:06:83:CD',)
2026-10-08 15:58:28,326 BTPWorkerThread-46 (_rx_task) root DEBUG gap.py                    191   gap_device_found_ev_      : b'\xe0\xcd\x83\x06\xdc\x1b\x00\xae\x03\x1f\x00\x1e\tA2DP Source 00:1B:DC:06:83:CD'
2026-10-08 15:58:28,326 BTPWorkerThread-46 (_rx_task) root DEBUG gap.py                    205   gap_device_found_ev_      : found '001bdc0683cd' type 224 eir b'\x1e\tA2DP Source 00:1B:DC:06:83:CD'
2026-10-08 15:58:28,682 BTPWorkerThread-46 (_rx_task) root DEBUG iutctl_common.py          123   read                      : Read 5 bytes
2026-10-08 15:58:28,682 BTPWorkerThread-46 (_rx_task) root DEBUG iutctl_common.py          131   read                      : Received: hdr: Header(svc_id=0x01, op=0x81, ctrl_index=0x00, data_len=0x27) bytearray(b"\x01\x81\x00\'\x00")
2026-10-08 15:58:28,682 BTPWorkerThread-46 (_rx_task) root DEBUG iutctl_common.py          139   read                      : Read 39 bytes data
2026-10-08 15:58:28,683 BTPWorkerThread-46 (_rx_task) root DEBUG iutctl_common.py          154   read                      : Received data: {'e0 6c cc c0 a9 94 d4 b9 03 1c 00 0a 09 53 4d 57 30 32 38 33 37 33 02 0a 0c 0d 03 0c 11 0a 11 0e 11 0b 11 1f 11 1e 11'}, bytearray(b'\xe0l\xcc\xc0\xa9\x94\xd4\xb9\x03\x1c\x00\n\tSMW028373\x02\n\x0c\r\x03\x0c\x11\n\x11\x0e\x11\x0b\x11\x1f\x11\x1e\x11')
2026-10-08 15:58:28,683 BTPWorkerThread-46 (_rx_task) root DEBUG btp.py                    708   event_handler             : Header(svc_id=1, op=129, ctrl_index=0, data_len=39) (b'\xe0l\xcc\xc0\xa9\x94\xd4\xb9\x03\x1c\x00\n\tSMW028373\x02\n\x0c\r\x03\x0c\x11\n\x11\x0e\x11\x0b\x11\x1f\x11\x1e\x11',)
2026-10-08 15:58:28,683 BTPWorkerThread-46 (_rx_task) root DEBUG gap.py                    191   gap_device_found_ev_      : b'\xe0l\xcc\xc0\xa9\x94\xd4\xb9\x03\x1c\x00\n\tSMW028373\x02\n\x0c\r\x03\x0c\x11\n\x11\x0e\x11\x0b\x11\x1f\x11\x1e\x11'
2026-10-08 15:58:28,683 BTPWorkerThread-46 (_rx_task) root DEBUG gap.py                    205   gap_device_found_ev_      : found 'd494a9c0cc6c' type 224 eir b'\n\tSMW028373\x02\n\x0c\r\x03\x0c\x11\n\x11\x0e\x11\x0b\x11\x1f\x11\x1e\x11'
2026-10-08 15:58:28,693 BTPWorkerThread-46 (_rx_task) root DEBUG iutctl_common.py          123   read                      : Read 5 bytes
2026-10-08 15:58:28,693 BTPWorkerThread-46 (_rx_task) root DEBUG iutctl_common.py          131   read                      : Received: hdr: Header(svc_id=0x01, op=0x81, ctrl_index=0x00, data_len=0x26) bytearray(b'\x01\x81\x00&\x00')
2026-10-08 15:58:28,694 BTPWorkerThread-46 (_rx_task) root DEBUG iutctl_common.py          139   read                      : Read 38 bytes data
2026-10-08 15:58:28,694 BTPWorkerThread-46 (_rx_task) root DEBUG iutctl_common.py          154   read                      : Received data: {'e0 53 00 4c 17 e5 44 ae 03 1b 00 09 09 4e 58 4c 36 36 35 32 38 02 0a 0c 0d 03 0c 11 0a 11 0b 11 0e 11 1f 11 1e 11'}, bytearray(b'\xe0S\x00L\x17\xe5D\xae\x03\x1b\x00\t\tNXL66528\x02\n\x0c\r\x03\x0c\x11\n\x11\x0b\x11\x0e\x11\x1f\x11\x1e\x11')
2026-10-08 15:58:28,694 BTPWorkerThread-46 (_rx_task) root DEBUG btp.py                    708   event_handler             : Header(svc_id=1, op=129, ctrl_index=0, data_len=38) (b'\xe0S\x00L\x17\xe5D\xae\x03\x1b\x00\t\tNXL66528\x02\n\x0c\r\x03\x0c\x11\n\x11\x0b\x11\x0e\x11\x1f\x11\x1e\x11',)
2026-10-08 15:58:28,694 BTPWorkerThread-46 (_rx_task) root DEBUG gap.py                    191   gap_device_found_ev_      : b'\xe0S\x00L\x17\xe5D\xae\x03\x1b\x00\t\tNXL66528\x02\n\x0c\r\x03\x0c\x11\n\x11\x0b\x11\x0e\x11\x1f\x11\x1e\x11'
2026-10-08 15:58:28,694 BTPWorkerThread-46 (_rx_task) root DEBUG gap.py                    205   gap_device_found_ev_      : found '44e5174c0053' type 224 eir b'\t\tNXL66528\x02\n\x0c\r\x03\x0c\x11\n\x11\x0b\x11\x0e\x11\x1f\x11\x1e\x11'
2026-10-08 15:58:28,715 BTPWorkerThread-46 (_rx_task) root DEBUG iutctl_common.py          123   read                      : Read 5 bytes
2026-10-08 15:58:28,715 BTPWorkerThread-46 (_rx_task) root DEBUG iutctl_common.py          131   read                      : Received: hdr: Header(svc_id=0x01, op=0x81, ctrl_index=0x00, data_len=0x27) bytearray(b"\x01\x81\x00\'\x00")
2026-10-08 15:58:28,716 BTPWorkerThread-46 (_rx_task) root DEBUG iutctl_common.py          139   read                      : Read 39 bytes data
2026-10-08 15:58:28,716 BTPWorkerThread-46 (_rx_task) root DEBUG iutctl_common.py          154   read                      : Received data: {'e0 6c cc c0 a9 94 d4 b8 03 1c 00 0a 09 53 4d 57 30 32 38 33 37 33 02 0a 0c 0d 03 0c 11 0a 11 0e 11 0b 11 1f 11 1e 11'}, bytearray(b'\xe0l\xcc\xc0\xa9\x94\xd4\xb8\x03\x1c\x00\n\tSMW028373\x02\n\x0c\r\x03\x0c\x11\n\x11\x0e\x11\x0b\x11\x1f\x11\x1e\x11')
2026-10-08 15:58:28,716 BTPWorkerThread-46 (_rx_task) root DEBUG btp.py                    708   event_handler             : Header(svc_id=1, op=129, ctrl_index=0, data_len=39) (b'\xe0l\xcc\xc0\xa9\x94\xd4\xb8\x03\x1c\x00\n\tSMW028373\x02\n\x0c\r\x03\x0c\x11\n\x11\x0e\x11\x0b\x11\x1f\x11\x1e\x11',)
2026-10-08 15:58:28,716 BTPWorkerThread-46 (_rx_task) root DEBUG gap.py                    191   gap_device_found_ev_      : b'\xe0l\xcc\xc0\xa9\x94\xd4\xb8\x03\x1c\x00\n\tSMW028373\x02\n\x0c\r\x03\x0c\x11\n\x11\x0e\x11\x0b\x11\x1f\x11\x1e\x11'
2026-10-08 15:58:28,716 BTPWorkerThread-46 (_rx_task) root DEBUG gap.py                    205   gap_device_found_ev_      : found 'd494a9c0cc6c' type 224 eir b'\n\tSMW028373\x02\n\x0c\r\x03\x0c\x11\n\x11\x0e\x11\x0b\x11\x1f\x11\x1e\x11'
2026-10-08 15:58:28,726 BTPWorkerThread-46 (_rx_task) root DEBUG iutctl_common.py          123   read                      : Read 5 bytes
2026-10-08 15:58:28,726 BTPWorkerThread-46 (_rx_task) root DEBUG iutctl_common.py          131   read                      : Received: hdr: Header(svc_id=0x01, op=0x81, ctrl_index=0x00, data_len=0x2a) bytearray(b'\x01\x81\x00*\x00')
2026-10-08 15:58:28,727 BTPWorkerThread-46 (_rx_task) root DEBUG iutctl_common.py          139   read                      : Read 42 bytes data
2026-10-08 15:58:28,727 BTPWorkerThread-46 (_rx_task) root DEBUG iutctl_common.py          154   read                      : Received data: {'e0 cd 83 06 dc 1b 00 ac 03 1f 00 1e 09 41 32 44 50 20 53 6f 75 72 63 65 20 30 30 3a 31 42 3a 44 43 3a 30 36 3a 38 33 3a 43 44'}, bytearray(b'\xe0\xcd\x83\x06\xdc\x1b\x00\xac\x03\x1f\x00\x1e\tA2DP Source 00:1B:DC:06:83:CD')
2026-10-08 15:58:28,727 BTPWorkerThread-46 (_rx_task) root DEBUG btp.py                    708   event_handler             : Header(svc_id=1, op=129, ctrl_index=0, data_len=42) (b'\xe0\xcd\x83\x06\xdc\x1b\x00\xac\x03\x1f\x00\x1e\tA2DP Source 00:1B:DC:06:83:CD',)
2026-10-08 15:58:28,727 BTPWorkerThread-46 (_rx_task) root DEBUG gap.py                    191   gap_device_found_ev_      : b'\xe0\xcd\x83\x06\xdc\x1b\x00\xac\x03\x1f\x00\x1e\tA2DP Source 00:1B:DC:06:83:CD'
2026-10-08 15:58:28,727 BTPWorkerThread-46 (_rx_task) root DEBUG gap.py                    205   gap_device_found_ev_      : found '001bdc0683cd' type 224 eir b'\x1e\tA2DP Source 00:1B:DC:06:83:CD'
2026-10-08 15:58:28,760 BTPWorkerThread-46 (_rx_task) root DEBUG iutctl_common.py          123   read                      : Read 5 bytes
2026-10-08 15:58:28,760 BTPWorkerThread-46 (_rx_task) root DEBUG iutctl_common.py          131   read                      : Received: hdr: Header(svc_id=0x01, op=0x81, ctrl_index=0x00, data_len=0x27) bytearray(b"\x01\x81\x00\'\x00")
2026-10-08 15:58:28,760 BTPWorkerThread-46 (_rx_task) root DEBUG iutctl_common.py          139   read                      : Read 11 bytes data
2026-10-08 15:58:28,771 BTPWorkerThread-46 (_rx_task) root DEBUG iutctl_common.py          139   read                      : Read 28 bytes data
2026-10-08 15:58:28,771 BTPWorkerThread-46 (_rx_task) root DEBUG iutctl_common.py          154   read                      : Received data: {'e0 6c cc c0 a9 94 d4 b1 03 1c 00 0a 09 53 4d 57 30 32 38 33 37 33 02 0a 0c 0d 03 0c 11 0a 11 0e 11 0b 11 1f 11 1e 11'}, bytearray(b'\xe0l\xcc\xc0\xa9\x94\xd4\xb1\x03\x1c\x00\n\tSMW028373\x02\n\x0c\r\x03\x0c\x11\n\x11\x0e\x11\x0b\x11\x1f\x11\x1e\x11')
2026-10-08 15:58:28,771 BTPWorkerThread-46 (_rx_task) root DEBUG btp.py                    708   event_handler             : Header(svc_id=1, op=129, ctrl_index=0, data_len=39) (b'\xe0l\xcc\xc0\xa9\x94\xd4\xb1\x03\x1c\x00\n\tSMW028373\x02\n\x0c\r\x03\x0c\x11\n\x11\x0e\x11\x0b\x11\x1f\x11\x1e\x11',)
2026-10-08 15:58:28,771 BTPWorkerThread-46 (_rx_task) root DEBUG gap.py                    191   gap_device_found_ev_      : b'\xe0l\xcc\xc0\xa9\x94\xd4\xb1\x03\x1c\x00\n\tSMW028373\x02\n\x0c\r\x03\x0c\x11\n\x11\x0e\x11\x0b\x11\x1f\x11\x1e\x11'
2026-10-08 15:58:28,771 BTPWorkerThread-46 (_rx_task) root DEBUG gap.py                    205   gap_device_found_ev_      : found 'd494a9c0cc6c' type 224 eir b'\n\tSMW028373\x02\n\x0c\r\x03\x0c\x11\n\x11\x0e\x11\x0b\x11\x1f\x11\x1e\x11'
2026-10-08 15:58:28,923 BTPWorkerThread-46 (_rx_task) root DEBUG iutctl_common.py          123   read                      : Read 5 bytes
2026-10-08 15:58:28,923 BTPWorkerThread-46 (_rx_task) root DEBUG iutctl_common.py          131   read                      : Received: hdr: Header(svc_id=0x01, op=0x81, ctrl_index=0x00, data_len=0x26) bytearray(b'\x01\x81\x00&\x00')
2026-10-08 15:58:28,923 BTPWorkerThread-46 (_rx_task) root DEBUG iutctl_common.py          139   read                      : Read 38 bytes data
2026-10-08 15:58:28,924 BTPWorkerThread-46 (_rx_task) root DEBUG iutctl_common.py          154   read                      : Received data: {'e0 53 00 4c 17 e5 44 ae 03 1b 00 09 09 4e 58 4c 36 36 35 32 38 02 0a 0c 0d 03 0c 11 0a 11 0b 11 0e 11 1f 11 1e 11'}, bytearray(b'\xe0S\x00L\x17\xe5D\xae\x03\x1b\x00\t\tNXL66528\x02\n\x0c\r\x03\x0c\x11\n\x11\x0b\x11\x0e\x11\x1f\x11\x1e\x11')
2026-10-08 15:58:28,924 BTPWorkerThread-46 (_rx_task) root DEBUG btp.py                    708   event_handler             : Header(svc_id=1, op=129, ctrl_index=0, data_len=38) (b'\xe0S\x00L\x17\xe5D\xae\x03\x1b\x00\t\tNXL66528\x02\n\x0c\r\x03\x0c\x11\n\x11\x0b\x11\x0e\x11\x1f\x11\x1e\x11',)
2026-10-08 15:58:28,924 BTPWorkerThread-46 (_rx_task) root DEBUG gap.py                    191   gap_device_found_ev_      : b'\xe0S\x00L\x17\xe5D\xae\x03\x1b\x00\t\tNXL66528\x02\n\x0c\r\x03\x0c\x11\n\x11\x0b\x11\x0e\x11\x1f\x11\x1e\x11'
2026-10-08 15:58:28,924 BTPWorkerThread-46 (_rx_task) root DEBUG gap.py                    205   gap_device_found_ev_      : found '44e5174c0053' type 224 eir b'\t\tNXL66528\x02\n\x0c\r\x03\x0c\x11\n\x11\x0b\x11\x0e\x11\x1f\x11\x1e\x11'
2026-10-08 15:58:29,148 BTPWorkerThread-46 (_rx_task) root DEBUG iutctl_common.py          123   read                      : Read 5 bytes
2026-10-08 15:58:29,148 BTPWorkerThread-46 (_rx_task) root DEBUG iutctl_common.py          131   read                      : Received: hdr: Header(svc_id=0x01, op=0x81, ctrl_index=0x00, data_len=0x0b) bytearray(b'\x01\x81\x00\x0b\x00')
2026-10-08 15:58:29,148 BTPWorkerThread-46 (_rx_task) root DEBUG iutctl_common.py          139   read                      : Read 11 bytes data
2026-10-08 15:58:29,149 BTPWorkerThread-46 (_rx_task) root DEBUG iutctl_common.py          154   read                      : Received data: {'e0 53 00 4c 17 e5 44 a3 03 00 00'}, bytearray(b'\xe0S\x00L\x17\xe5D\xa3\x03\x00\x00')
2026-10-08 15:58:29,149 BTPWorkerThread-46 (_rx_task) root DEBUG btp.py                    708   event_handler             : Header(svc_id=1, op=129, ctrl_index=0, data_len=11) (b'\xe0S\x00L\x17\xe5D\xa3\x03\x00\x00',)
2026-10-08 15:58:29,149 BTPWorkerThread-46 (_rx_task) root DEBUG gap.py                    191   gap_device_found_ev_      : b'\xe0S\x00L\x17\xe5D\xa3\x03\x00\x00'
2026-10-08 15:58:29,149 BTPWorkerThread-46 (_rx_task) root DEBUG gap.py                    205   gap_device_found_ev_      : found '44e5174c0053' type 224 eir b''
2026-10-08 15:58:29,170 BTPWorkerThread-46 (_rx_task) root DEBUG iutctl_common.py          123   read                      : Read 5 bytes
2026-10-08 15:58:29,170 BTPWorkerThread-46 (_rx_task) root DEBUG iutctl_common.py          131   read                      : Received: hdr: Header(svc_id=0x01, op=0x81, ctrl_index=0x00, data_len=0x27) bytearray(b"\x01\x81\x00\'\x00")
2026-10-08 15:58:29,170 BTPWorkerThread-46 (_rx_task) root DEBUG iutctl_common.py          139   read                      : Read 39 bytes data
2026-10-08 15:58:29,171 BTPWorkerThread-46 (_rx_task) root DEBUG iutctl_common.py          154   read                      : Received data: {'e0 6c cc c0 a9 94 d4 ba 03 1c 00 0a 09 53 4d 57 30 32 38 33 37 33 02 0a 0c 0d 03 0c 11 0a 11 0e 11 0b 11 1f 11 1e 11'}, bytearray(b'\xe0l\xcc\xc0\xa9\x94\xd4\xba\x03\x1c\x00\n\tSMW028373\x02\n\x0c\r\x03\x0c\x11\n\x11\x0e\x11\x0b\x11\x1f\x11\x1e\x11')
2026-10-08 15:58:29,171 BTPWorkerThread-46 (_rx_task) root DEBUG btp.py                    708   event_handler             : Header(svc_id=1, op=129, ctrl_index=0, data_len=39) (b'\xe0l\xcc\xc0\xa9\x94\xd4\xba\x03\x1c\x00\n\tSMW028373\x02\n\x0c\r\x03\x0c\x11\n\x11\x0e\x11\x0b\x11\x1f\x11\x1e\x11',)
2026-10-08 15:58:29,171 BTPWorkerThread-46 (_rx_task) root DEBUG gap.py                    191   gap_device_found_ev_      : b'\xe0l\xcc\xc0\xa9\x94\xd4\xba\x03\x1c\x00\n\tSMW028373\x02\n\x0c\r\x03\x0c\x11\n\x11\x0e\x11\x0b\x11\x1f\x11\x1e\x11'
2026-10-08 15:58:29,171 BTPWorkerThread-46 (_rx_task) root DEBUG gap.py                    205   gap_device_found_ev_      : found 'd494a9c0cc6c' type 224 eir b'\n\tSMW028373\x02\n\x0c\r\x03\x0c\x11\n\x11\x0e\x11\x0b\x11\x1f\x11\x1e\x11'
2026-10-08 15:58:29,332 BTPWorkerThread-46 (_rx_task) root DEBUG iutctl_common.py          123   read                      : Read 5 bytes
2026-10-08 15:58:29,332 BTPWorkerThread-46 (_rx_task) root DEBUG iutctl_common.py          131   read                      : Received: hdr: Header(svc_id=0x01, op=0x81, ctrl_index=0x00, data_len=0x2a) bytearray(b'\x01\x81\x00*\x00')
2026-10-08 15:58:29,332 BTPWorkerThread-46 (_rx_task) root DEBUG iutctl_common.py          139   read                      : Read 42 bytes data
2026-10-08 15:58:29,333 BTPWorkerThread-46 (_rx_task) root DEBUG iutctl_common.py          154   read                      : Received data: {'e0 cd 83 06 dc 1b 00 b0 03 1f 00 1e 09 41 32 44 50 20 53 6f 75 72 63 65 20 30 30 3a 31 42 3a 44 43 3a 30 36 3a 38 33 3a 43 44'}, bytearray(b'\xe0\xcd\x83\x06\xdc\x1b\x00\xb0\x03\x1f\x00\x1e\tA2DP Source 00:1B:DC:06:83:CD')
2026-10-08 15:58:29,333 BTPWorkerThread-46 (_rx_task) root DEBUG btp.py                    708   event_handler             : Header(svc_id=1, op=129, ctrl_index=0, data_len=42) (b'\xe0\xcd\x83\x06\xdc\x1b\x00\xb0\x03\x1f\x00\x1e\tA2DP Source 00:1B:DC:06:83:CD',)
2026-10-08 15:58:29,333 BTPWorkerThread-46 (_rx_task) root DEBUG gap.py                    191   gap_device_found_ev_      : b'\xe0\xcd\x83\x06\xdc\x1b\x00\xb0\x03\x1f\x00\x1e\tA2DP Source 00:1B:DC:06:83:CD'
2026-10-08 15:58:29,333 BTPWorkerThread-46 (_rx_task) root DEBUG gap.py                    205   gap_device_found_ev_      : found '001bdc0683cd' type 224 eir b'\x1e\tA2DP Source 00:1B:DC:06:83:CD'
2026-10-08 15:58:29,343 BTPWorkerThread-46 (_rx_task) root DEBUG iutctl_common.py          123   read                      : Read 5 bytes
2026-10-08 15:58:29,344 BTPWorkerThread-46 (_rx_task) root DEBUG iutctl_common.py          131   read                      : Received: hdr: Header(svc_id=0x01, op=0x81, ctrl_index=0x00, data_len=0x27) bytearray(b"\x01\x81\x00\'\x00")
2026-10-08 15:58:29,344 BTPWorkerThread-46 (_rx_task) root DEBUG iutctl_common.py          139   read                      : Read 33 bytes data
2026-10-08 15:58:29,354 BTPWorkerThread-46 (_rx_task) root DEBUG iutctl_common.py          139   read                      : Read 6 bytes data
2026-10-08 15:58:29,354 BTPWorkerThread-46 (_rx_task) root DEBUG iutctl_common.py          154   read                      : Received data: {'e0 6c cc c0 a9 94 d4 ba 03 1c 00 0a 09 53 4d 57 30 32 38 33 37 33 02 0a 0c 0d 03 0c 11 0a 11 0e 11 0b 11 1f 11 1e 11'}, bytearray(b'\xe0l\xcc\xc0\xa9\x94\xd4\xba\x03\x1c\x00\n\tSMW028373\x02\n\x0c\r\x03\x0c\x11\n\x11\x0e\x11\x0b\x11\x1f\x11\x1e\x11')
2026-10-08 15:58:29,354 BTPWorkerThread-46 (_rx_task) root DEBUG btp.py                    708   event_handler             : Header(svc_id=1, op=129, ctrl_index=0, data_len=39) (b'\xe0l\xcc\xc0\xa9\x94\xd4\xba\x03\x1c\x00\n\tSMW028373\x02\n\x0c\r\x03\x0c\x11\n\x11\x0e\x11\x0b\x11\x1f\x11\x1e\x11',)
2026-10-08 15:58:29,354 BTPWorkerThread-46 (_rx_task) root DEBUG gap.py                    191   gap_device_found_ev_      : b'\xe0l\xcc\xc0\xa9\x94\xd4\xba\x03\x1c\x00\n\tSMW028373\x02\n\x0c\r\x03\x0c\x11\n\x11\x0e\x11\x0b\x11\x1f\x11\x1e\x11'
2026-10-08 15:58:29,355 BTPWorkerThread-46 (_rx_task) root DEBUG gap.py                    205   gap_device_found_ev_      : found 'd494a9c0cc6c' type 224 eir b'\n\tSMW028373\x02\n\x0c\r\x03\x0c\x11\n\x11\x0e\x11\x0b\x11\x1f\x11\x1e\x11'
2026-10-08 15:58:29,398 BTPWorkerThread-46 (_rx_task) root DEBUG iutctl_common.py          123   read                      : Read 5 bytes
2026-10-08 15:58:29,398 BTPWorkerThread-46 (_rx_task) root DEBUG iutctl_common.py          131   read                      : Received: hdr: Header(svc_id=0x01, op=0x81, ctrl_index=0x00, data_len=0x2a) bytearray(b'\x01\x81\x00*\x00')
2026-10-08 15:58:29,398 BTPWorkerThread-46 (_rx_task) root DEBUG iutctl_common.py          139   read                      : Read 42 bytes data
2026-10-08 15:58:29,399 BTPWorkerThread-46 (_rx_task) root DEBUG iutctl_common.py          154   read                      : Received data: {'e0 cd 83 06 dc 1b 00 af 03 1f 00 1e 09 41 32 44 50 20 53 6f 75 72 63 65 20 30 30 3a 31 42 3a 44 43 3a 30 36 3a 38 33 3a 43 44'}, bytearray(b'\xe0\xcd\x83\x06\xdc\x1b\x00\xaf\x03\x1f\x00\x1e\tA2DP Source 00:1B:DC:06:83:CD')
2026-10-08 15:58:29,399 BTPWorkerThread-46 (_rx_task) root DEBUG btp.py                    708   event_handler             : Header(svc_id=1, op=129, ctrl_index=0, data_len=42) (b'\xe0\xcd\x83\x06\xdc\x1b\x00\xaf\x03\x1f\x00\x1e\tA2DP Source 00:1B:DC:06:83:CD',)
2026-10-08 15:58:29,399 BTPWorkerThread-46 (_rx_task) root DEBUG gap.py                    191   gap_device_found_ev_      : b'\xe0\xcd\x83\x06\xdc\x1b\x00\xaf\x03\x1f\x00\x1e\tA2DP Source 00:1B:DC:06:83:CD'
2026-10-08 15:58:29,399 BTPWorkerThread-46 (_rx_task) root DEBUG gap.py                    205   gap_device_found_ev_      : found '001bdc0683cd' type 224 eir b'\x1e\tA2DP Source 00:1B:DC:06:83:CD'
2026-10-08 15:58:29,483 BTPWorkerThread-46 (_rx_task) root DEBUG iutctl_common.py          123   read                      : Read 5 bytes
2026-10-08 15:58:29,483 BTPWorkerThread-46 (_rx_task) root DEBUG iutctl_common.py          131   read                      : Received: hdr: Header(svc_id=0x01, op=0x81, ctrl_index=0x00, data_len=0x26) bytearray(b'\x01\x81\x00&\x00')
2026-10-08 15:58:29,483 BTPWorkerThread-46 (_rx_task) root DEBUG iutctl_common.py          139   read                      : Read 38 bytes data
2026-10-08 15:58:29,484 BTPWorkerThread-46 (_rx_task) root DEBUG iutctl_common.py          154   read                      : Received data: {'e0 53 00 4c 17 e5 44 ab 03 1b 00 09 09 4e 58 4c 36 36 35 32 38 02 0a 0c 0d 03 0c 11 0a 11 0b 11 0e 11 1f 11 1e 11'}, bytearray(b'\xe0S\x00L\x17\xe5D\xab\x03\x1b\x00\t\tNXL66528\x02\n\x0c\r\x03\x0c\x11\n\x11\x0b\x11\x0e\x11\x1f\x11\x1e\x11')
2026-10-08 15:58:29,484 BTPWorkerThread-46 (_rx_task) root DEBUG btp.py                    708   event_handler             : Header(svc_id=1, op=129, ctrl_index=0, data_len=38) (b'\xe0S\x00L\x17\xe5D\xab\x03\x1b\x00\t\tNXL66528\x02\n\x0c\r\x03\x0c\x11\n\x11\x0b\x11\x0e\x11\x1f\x11\x1e\x11',)
2026-10-08 15:58:29,484 BTPWorkerThread-46 (_rx_task) root DEBUG gap.py                    191   gap_device_found_ev_      : b'\xe0S\x00L\x17\xe5D\xab\x03\x1b\x00\t\tNXL66528\x02\n\x0c\r\x03\x0c\x11\n\x11\x0b\x11\x0e\x11\x1f\x11\x1e\x11'
2026-10-08 15:58:29,484 BTPWorkerThread-46 (_rx_task) root DEBUG gap.py                    205   gap_device_found_ev_      : found '44e5174c0053' type 224 eir b'\t\tNXL66528\x02\n\x0c\r\x03\x0c\x11\n\x11\x0b\x11\x0e\x11\x1f\x11\x1e\x11'
2026-10-08 15:58:29,504 BTPWorkerThread-46 (_rx_task) root DEBUG iutctl_common.py          123   read                      : Read 5 bytes
2026-10-08 15:58:29,504 BTPWorkerThread-46 (_rx_task) root DEBUG iutctl_common.py          131   read                      : Received: hdr: Header(svc_id=0x01, op=0x81, ctrl_index=0x00, data_len=0x26) bytearray(b'\x01\x81\x00&\x00')
2026-10-08 15:58:29,504 BTPWorkerThread-46 (_rx_task) root DEBUG iutctl_common.py          139   read                      : Read 38 bytes data
2026-10-08 15:58:29,505 BTPWorkerThread-46 (_rx_task) root DEBUG iutctl_common.py          154   read                      : Received data: {'e0 53 00 4c 17 e5 44 a9 03 1b 00 09 09 4e 58 4c 36 36 35 32 38 02 0a 0c 0d 03 0c 11 0a 11 0b 11 0e 11 1f 11 1e 11'}, bytearray(b'\xe0S\x00L\x17\xe5D\xa9\x03\x1b\x00\t\tNXL66528\x02\n\x0c\r\x03\x0c\x11\n\x11\x0b\x11\x0e\x11\x1f\x11\x1e\x11')
2026-10-08 15:58:29,505 BTPWorkerThread-46 (_rx_task) root DEBUG btp.py                    708   event_handler             : Header(svc_id=1, op=129, ctrl_index=0, data_len=38) (b'\xe0S\x00L\x17\xe5D\xa9\x03\x1b\x00\t\tNXL66528\x02\n\x0c\r\x03\x0c\x11\n\x11\x0b\x11\x0e\x11\x1f\x11\x1e\x11',)
2026-10-08 15:58:29,505 BTPWorkerThread-46 (_rx_task) root DEBUG gap.py                    191   gap_device_found_ev_      : b'\xe0S\x00L\x17\xe5D\xa9\x03\x1b\x00\t\tNXL66528\x02\n\x0c\r\x03\x0c\x11\n\x11\x0b\x11\x0e\x11\x1f\x11\x1e\x11'
2026-10-08 15:58:29,505 BTPWorkerThread-46 (_rx_task) root DEBUG gap.py                    205   gap_device_found_ev_      : found '44e5174c0053' type 224 eir b'\t\tNXL66528\x02\n\x0c\r\x03\x0c\x11\n\x11\x0b\x11\x0e\x11\x1f\x11\x1e\x11'
2026-10-08 15:58:29,681 LT1-thread root DEBUG gap.py                    1148  gap_stop_discovery        : 
2026-10-08 15:58:29,681 LT1-thread root DEBUG iutctl_common.py          161   send                      : 1 13 0 ''
2026-10-08 15:58:29,681 LT1-thread root DEBUG iutctl_common.py          166   send                      : sending frame '010d000000'
2026-10-08 15:58:29,681 LT1-thread root DEBUG gap.py                    1227  gap_command_rsp_succ      : 
2026-10-08 15:58:29,681 LT1-thread root DEBUG iutctl_common.py          339   read                      : 
2026-10-08 15:58:29,719 BTPWorkerThread-46 (_rx_task) root DEBUG iutctl_common.py          123   read                      : Read 5 bytes
2026-10-08 15:58:29,729 BTPWorkerThread-46 (_rx_task) root DEBUG iutctl_common.py          131   read                      : Received: hdr: Header(svc_id=0x01, op=0x0d, ctrl_index=0x00, data_len=0x00) bytearray(b'\x01\r\x00\x00\x00')
2026-10-08 15:58:29,734 BTPWorkerThread-46 (_rx_task) root DEBUG iutctl_common.py          154   read                      : Received data: {''}, bytearray(b'')
2026-10-08 15:58:29,744 LT1-thread root DEBUG gap.py                    1232  gap_command_rsp_succ      : received Header(svc_id=1, op=13, ctrl_index=0, data_len=0) (b'',)
2026-10-08 15:58:29,744 LT1-thread root DEBUG gap.py                    1508  check_discovery_results   : 224 '001bdc08e44e' True None
2026-10-08 15:58:29,744 LT1-thread root DEBUG gap.py                    1517  check_discovery_results   : matching LeAdv(addr_type=224, addr='d494a9c0cc6c', rssi=185, flags=3, eir=b'\n\tSMW028373\x02\n\x0c\r\x03\x0c\x11\n\x11\x0e\x11\x0b\x11\x1f\x11\x1e\x11')
2026-10-08 15:58:29,744 LT1-thread root DEBUG gap.py                    1517  check_discovery_results   : matching LeAdv(addr_type=224, addr='d494a9c0cc6c', rssi=182, flags=3, eir=b'\n\tSMW028373\x02\n\x0c\r\x03\x0c\x11\n\x11\x0e\x11\x0b\x11\x1f\x11\x1e\x11')
2026-10-08 15:58:29,744 LT1-thread root DEBUG gap.py                    1517  check_discovery_results   : matching LeAdv(addr_type=224, addr='5cf3709b654d', rssi=165, flags=3, eir=b'')
2026-10-08 15:58:29,744 LT1-thread root DEBUG gap.py                    1517  check_discovery_results   : matching LeAdv(addr_type=224, addr='d494a9c0cc6c', rssi=183, flags=3, eir=b'\n\tSMW028373\x02\n\x0c\r\x03\x0c\x11\n\x11\x0e\x11\x0b\x11\x1f\x11\x1e\x11')
2026-10-08 15:58:29,744 LT1-thread root DEBUG gap.py                    1517  check_discovery_results   : matching LeAdv(addr_type=224, addr='44e5174c0053', rssi=168, flags=3, eir=b'\t\tNXL66528\x02\n\x0c\r\x03\x0c\x11\n\x11\x0b\x11\x0e\x11\x1f\x11\x1e\x11')
2026-10-08 15:58:29,744 LT1-thread root DEBUG gap.py                    1517  check_discovery_results   : matching LeAdv(addr_type=224, addr='5cf3709b654d', rssi=163, flags=3, eir=b'')
2026-10-08 15:58:29,744 LT1-thread root DEBUG gap.py                    1517  check_discovery_results   : matching LeAdv(addr_type=224, addr='44e5174c0053', rssi=171, flags=3, eir=b'\t\tNXL66528\x02\n\x0c\r\x03\x0c\x11\n\x11\x0b\x11\x0e\x11\x1f\x11\x1e\x11')
2026-10-08 15:58:29,744 LT1-thread root DEBUG gap.py                    1517  check_discovery_results   : matching LeAdv(addr_type=224, addr='5cf3709b654d', rssi=165, flags=3, eir=b'\x1e\tHFP AG Demo 5C:F3:70:9B:65:4D')
2026-10-08 15:58:29,744 LT1-thread root DEBUG gap.py                    1517  check_discovery_results   : matching LeAdv(addr_type=224, addr='d494a9c0cc6c', rssi=179, flags=3, eir=b'\n\tSMW028373\x02\n\x0c\r\x03\x0c\x11\n\x11\x0e\x11\x0b\x11\x1f\x11\x1e\x11')
2026-10-08 15:58:29,745 LT1-thread root DEBUG gap.py                    1517  check_discovery_results   : matching LeAdv(addr_type=224, addr='001bdc06b2eb', rssi=175, flags=3, eir=b'\x1e\tA2DP Source 00:1B:DC:06:B2:EB')
2026-10-08 15:58:29,745 LT1-thread root DEBUG gap.py                    1517  check_discovery_results   : matching LeAdv(addr_type=224, addr='001bdc0683cd', rssi=177, flags=3, eir=b'')
2026-10-08 15:58:29,745 LT1-thread root DEBUG gap.py                    1517  check_discovery_results   : matching LeAdv(addr_type=224, addr='001bdc068395', rssi=171, flags=3, eir=b'')
2026-10-08 15:58:29,745 LT1-thread root DEBUG gap.py                    1517  check_discovery_results   : matching LeAdv(addr_type=224, addr='44e5174c0053', rssi=174, flags=3, eir=b'\t\tNXL66528\x02\n\x0c\r\x03\x0c\x11\n\x11\x0b\x11\x0e\x11\x1f\x11\x1e\x11')
2026-10-08 15:58:29,745 LT1-thread root DEBUG gap.py                    1517  check_discovery_results   : matching LeAdv(addr_type=224, addr='001bdc068395', rssi=169, flags=3, eir=b'')
2026-10-08 15:58:29,745 LT1-thread root DEBUG gap.py                    1517  check_discovery_results   : matching LeAdv(addr_type=224, addr='d494a9c0cc6c', rssi=184, flags=3, eir=b'')
2026-10-08 15:58:29,745 LT1-thread root DEBUG gap.py                    1517  check_discovery_results   : matching LeAdv(addr_type=224, addr='44e5174c0053', rssi=170, flags=3, eir=b'\t\tNXL66528\x02\n\x0c\r\x03\x0c\x11\n\x11\x0b\x11\x0e\x11\x1f\x11\x1e\x11')
2026-10-08 15:58:29,745 LT1-thread root DEBUG gap.py                    1517  check_discovery_results   : matching LeAdv(addr_type=224, addr='d494a9c0cc6c', rssi=184, flags=3, eir=b'\n\tSMW028373\x02\n\x0c\r\x03\x0c\x11\n\x11\x0e\x11\x0b\x11\x1f\x11\x1e\x11')
2026-10-08 15:58:29,745 LT1-thread root DEBUG gap.py                    1517  check_discovery_results   : matching LeAdv(addr_type=224, addr='d494a9c0cc6c', rssi=183, flags=3, eir=b'\n\tSMW028373\x02\n\x0c\r\x03\x0c\x11\n\x11\x0e\x11\x0b\x11\x1f\x11\x1e\x11')
2026-10-08 15:58:29,745 LT1-thread root DEBUG gap.py                    1517  check_discovery_results   : matching LeAdv(addr_type=224, addr='44e5174c0053', rssi=163, flags=3, eir=b'\t\tNXL66528\x02\n\x0c\r\x03\x0c\x11\n\x11\x0b\x11\x0e\x11\x1f\x11\x1e\x11')
2026-10-08 15:58:29,745 LT1-thread root DEBUG gap.py                    1517  check_discovery_results   : matching LeAdv(addr_type=224, addr='44e5174c0053', rssi=171, flags=3, eir=b'\t\tNXL66528\x02\n\x0c\r\x03\x0c\x11\n\x11\x0b\x11\x0e\x11\x1f\x11\x1e\x11')
2026-10-08 15:58:29,745 LT1-thread root DEBUG gap.py                    1517  check_discovery_results   : matching LeAdv(addr_type=224, addr='001bdc08e44e', rssi=206, flags=3, eir=b'\x10\tPTS-HID11-E44E\x00')
2026-10-08 15:58:29,745 LT1-thread root DEBUG gap.py                    1120  gap_start_discovery       : 
2026-10-08 15:58:29,745 LT1-thread root DEBUG iutctl_common.py          161   send                      : 1 12 0 '\x02'
2026-10-08 15:58:29,746 LT1-thread root DEBUG iutctl_common.py          166   send                      : sending frame '010c00010002'
2026-10-08 15:58:29,746 LT1-thread root DEBUG gap.py                    1227  gap_command_rsp_succ      : 
2026-10-08 15:58:29,746 LT1-thread root DEBUG iutctl_common.py          339   read                      : 
2026-10-08 15:58:29,780 BTPWorkerThread-46 (_rx_task) root DEBUG iutctl_common.py          123   read                      : Read 5 bytes
2026-10-08 15:58:29,790 BTPWorkerThread-46 (_rx_task) root DEBUG iutctl_common.py          131   read                      : Received: hdr: Header(svc_id=0x01, op=0x0c, ctrl_index=0x00, data_len=0x00) bytearray(b'\x01\x0c\x00\x00\x00')
2026-10-08 15:58:29,796 BTPWorkerThread-46 (_rx_task) root DEBUG iutctl_common.py          154   read                      : Received data: {''}, bytearray(b'')
2026-10-08 15:58:29,802 LT1-thread root DEBUG gap.py                    1232  gap_command_rsp_succ      : received Header(svc_id=1, op=12, ctrl_index=0, data_len=0) (b'',)
2026-10-08 15:58:29,829 BTPWorkerThread-46 (_rx_task) root DEBUG iutctl_common.py          123   read                      : Read 5 bytes
2026-10-08 15:58:29,829 BTPWorkerThread-46 (_rx_task) root DEBUG iutctl_common.py          131   read                      : Received: hdr: Header(svc_id=0x01, op=0x81, ctrl_index=0x00, data_len=0x2a) bytearray(b'\x01\x81\x00*\x00')
2026-10-08 15:58:29,829 BTPWorkerThread-46 (_rx_task) root DEBUG iutctl_common.py          139   read                      : Read 42 bytes data
2026-10-08 15:58:29,830 BTPWorkerThread-46 (_rx_task) root DEBUG iutctl_common.py          154   read                      : Received data: {'e0 cd 83 06 dc 1b 00 af 03 1f 00 1e 09 41 32 44 50 20 53 6f 75 72 63 65 20 30 30 3a 31 42 3a 44 43 3a 30 36 3a 38 33 3a 43 44'}, bytearray(b'\xe0\xcd\x83\x06\xdc\x1b\x00\xaf\x03\x1f\x00\x1e\tA2DP Source 00:1B:DC:06:83:CD')
2026-10-08 15:58:29,830 BTPWorkerThread-46 (_rx_task) root DEBUG btp.py                    708   event_handler             : Header(svc_id=1, op=129, ctrl_index=0, data_len=42) (b'\xe0\xcd\x83\x06\xdc\x1b\x00\xaf\x03\x1f\x00\x1e\tA2DP Source 00:1B:DC:06:83:CD',)
2026-10-08 15:58:29,830 BTPWorkerThread-46 (_rx_task) root DEBUG gap.py                    191   gap_device_found_ev_      : b'\xe0\xcd\x83\x06\xdc\x1b\x00\xaf\x03\x1f\x00\x1e\tA2DP Source 00:1B:DC:06:83:CD'
2026-10-08 15:58:29,830 BTPWorkerThread-46 (_rx_task) root DEBUG gap.py                    205   gap_device_found_ev_      : found '001bdc0683cd' type 224 eir b'\x1e\tA2DP Source 00:1B:DC:06:83:CD'
2026-10-08 15:58:29,980 BTPWorkerThread-46 (_rx_task) root DEBUG iutctl_common.py          123   read                      : Read 5 bytes
2026-10-08 15:58:29,980 BTPWorkerThread-46 (_rx_task) root DEBUG iutctl_common.py          131   read                      : Received: hdr: Header(svc_id=0x01, op=0x81, ctrl_index=0x00, data_len=0x27) bytearray(b"\x01\x81\x00\'\x00")
2026-10-08 15:58:29,981 BTPWorkerThread-46 (_rx_task) root DEBUG iutctl_common.py          139   read                      : Read 39 bytes data
2026-10-08 15:58:29,981 BTPWorkerThread-46 (_rx_task) root DEBUG iutctl_common.py          154   read                      : Received data: {'e0 6c cc c0 a9 94 d4 b6 03 1c 00 0a 09 53 4d 57 30 32 38 33 37 33 02 0a 0c 0d 03 0c 11 0a 11 0e 11 0b 11 1f 11 1e 11'}, bytearray(b'\xe0l\xcc\xc0\xa9\x94\xd4\xb6\x03\x1c\x00\n\tSMW028373\x02\n\x0c\r\x03\x0c\x11\n\x11\x0e\x11\x0b\x11\x1f\x11\x1e\x11')
2026-10-08 15:58:29,981 BTPWorkerThread-46 (_rx_task) root DEBUG btp.py                    708   event_handler             : Header(svc_id=1, op=129, ctrl_index=0, data_len=39) (b'\xe0l\xcc\xc0\xa9\x94\xd4\xb6\x03\x1c\x00\n\tSMW028373\x02\n\x0c\r\x03\x0c\x11\n\x11\x0e\x11\x0b\x11\x1f\x11\x1e\x11',)
2026-10-08 15:58:29,981 BTPWorkerThread-46 (_rx_task) root DEBUG gap.py                    191   gap_device_found_ev_      : b'\xe0l\xcc\xc0\xa9\x94\xd4\xb6\x03\x1c\x00\n\tSMW028373\x02\n\x0c\r\x03\x0c\x11\n\x11\x0e\x11\x0b\x11\x1f\x11\x1e\x11'
2026-10-08 15:58:29,981 BTPWorkerThread-46 (_rx_task) root DEBUG gap.py                    205   gap_device_found_ev_      : found 'd494a9c0cc6c' type 224 eir b'\n\tSMW028373\x02\n\x0c\r\x03\x0c\x11\n\x11\x0e\x11\x0b\x11\x1f\x11\x1e\x11'
2026-10-08 15:58:30,239 BTPWorkerThread-46 (_rx_task) root DEBUG iutctl_common.py          123   read                      : Read 5 bytes
2026-10-08 15:58:30,239 BTPWorkerThread-46 (_rx_task) root DEBUG iutctl_common.py          131   read                      : Received: hdr: Header(svc_id=0x01, op=0x81, ctrl_index=0x00, data_len=0x0b) bytearray(b'\x01\x81\x00\x0b\x00')
2026-10-08 15:58:30,239 BTPWorkerThread-46 (_rx_task) root DEBUG iutctl_common.py          139   read                      : Read 11 bytes data
2026-10-08 15:58:30,240 BTPWorkerThread-46 (_rx_task) root DEBUG iutctl_common.py          154   read                      : Received data: {'e0 cd 83 06 dc 1b 00 a3 03 00 00'}, bytearray(b'\xe0\xcd\x83\x06\xdc\x1b\x00\xa3\x03\x00\x00')
2026-10-08 15:58:30,240 BTPWorkerThread-46 (_rx_task) root DEBUG btp.py                    708   event_handler             : Header(svc_id=1, op=129, ctrl_index=0, data_len=11) (b'\xe0\xcd\x83\x06\xdc\x1b\x00\xa3\x03\x00\x00',)
2026-10-08 15:58:30,240 BTPWorkerThread-46 (_rx_task) root DEBUG gap.py                    191   gap_device_found_ev_      : b'\xe0\xcd\x83\x06\xdc\x1b\x00\xa3\x03\x00\x00'
2026-10-08 15:58:30,240 BTPWorkerThread-46 (_rx_task) root DEBUG gap.py                    205   gap_device_found_ev_      : found '001bdc0683cd' type 224 eir b''
2026-10-08 15:58:30,293 BTPWorkerThread-46 (_rx_task) root DEBUG iutctl_common.py          123   read                      : Read 5 bytes
2026-10-08 15:58:30,293 BTPWorkerThread-46 (_rx_task) root DEBUG iutctl_common.py          131   read                      : Received: hdr: Header(svc_id=0x01, op=0x81, ctrl_index=0x00, data_len=0x27) bytearray(b"\x01\x81\x00\'\x00")
2026-10-08 15:58:30,293 BTPWorkerThread-46 (_rx_task) root DEBUG iutctl_common.py          139   read                      : Read 8 bytes data
2026-10-08 15:58:30,304 BTPWorkerThread-46 (_rx_task) root DEBUG iutctl_common.py          139   read                      : Read 31 bytes data
2026-10-08 15:58:30,304 BTPWorkerThread-46 (_rx_task) root DEBUG iutctl_common.py          154   read                      : Received data: {'e0 6c cc c0 a9 94 d4 b9 03 1c 00 0a 09 53 4d 57 30 32 38 33 37 33 02 0a 0c 0d 03 0c 11 0a 11 0e 11 0b 11 1f 11 1e 11'}, bytearray(b'\xe0l\xcc\xc0\xa9\x94\xd4\xb9\x03\x1c\x00\n\tSMW028373\x02\n\x0c\r\x03\x0c\x11\n\x11\x0e\x11\x0b\x11\x1f\x11\x1e\x11')
2026-10-08 15:58:30,305 BTPWorkerThread-46 (_rx_task) root DEBUG btp.py                    708   event_handler             : Header(svc_id=1, op=129, ctrl_index=0, data_len=39) (b'\xe0l\xcc\xc0\xa9\x94\xd4\xb9\x03\x1c\x00\n\tSMW028373\x02\n\x0c\r\x03\x0c\x11\n\x11\x0e\x11\x0b\x11\x1f\x11\x1e\x11',)
2026-10-08 15:58:30,305 BTPWorkerThread-46 (_rx_task) root DEBUG gap.py                    191   gap_device_found_ev_      : b'\xe0l\xcc\xc0\xa9\x94\xd4\xb9\x03\x1c\x00\n\tSMW028373\x02\n\x0c\r\x03\x0c\x11\n\x11\x0e\x11\x0b\x11\x1f\x11\x1e\x11'
2026-10-08 15:58:30,305 BTPWorkerThread-46 (_rx_task) root DEBUG gap.py                    205   gap_device_found_ev_      : found 'd494a9c0cc6c' type 224 eir b'\n\tSMW028373\x02\n\x0c\r\x03\x0c\x11\n\x11\x0e\x11\x0b\x11\x1f\x11\x1e\x11'
2026-10-08 15:58:30,441 BTPWorkerThread-46 (_rx_task) root DEBUG iutctl_common.py          123   read                      : Read 5 bytes
2026-10-08 15:58:30,441 BTPWorkerThread-46 (_rx_task) root DEBUG iutctl_common.py          131   read                      : Received: hdr: Header(svc_id=0x01, op=0x81, ctrl_index=0x00, data_len=0x27) bytearray(b"\x01\x81\x00\'\x00")
2026-10-08 15:58:30,441 BTPWorkerThread-46 (_rx_task) root DEBUG iutctl_common.py          139   read                      : Read 39 bytes data
2026-10-08 15:58:30,442 BTPWorkerThread-46 (_rx_task) root DEBUG iutctl_common.py          154   read                      : Received data: {'e0 6c cc c0 a9 94 d4 b8 03 1c 00 0a 09 53 4d 57 30 32 38 33 37 33 02 0a 0c 0d 03 0c 11 0a 11 0e 11 0b 11 1f 11 1e 11'}, bytearray(b'\xe0l\xcc\xc0\xa9\x94\xd4\xb8\x03\x1c\x00\n\tSMW028373\x02\n\x0c\r\x03\x0c\x11\n\x11\x0e\x11\x0b\x11\x1f\x11\x1e\x11')
2026-10-08 15:58:30,442 BTPWorkerThread-46 (_rx_task) root DEBUG btp.py                    708   event_handler             : Header(svc_id=1, op=129, ctrl_index=0, data_len=39) (b'\xe0l\xcc\xc0\xa9\x94\xd4\xb8\x03\x1c\x00\n\tSMW028373\x02\n\x0c\r\x03\x0c\x11\n\x11\x0e\x11\x0b\x11\x1f\x11\x1e\x11',)
2026-10-08 15:58:30,442 BTPWorkerThread-46 (_rx_task) root DEBUG gap.py                    191   gap_device_found_ev_      : b'\xe0l\xcc\xc0\xa9\x94\xd4\xb8\x03\x1c\x00\n\tSMW028373\x02\n\x0c\r\x03\x0c\x11\n\x11\x0e\x11\x0b\x11\x1f\x11\x1e\x11'
2026-10-08 15:58:30,442 BTPWorkerThread-46 (_rx_task) root DEBUG gap.py                    205   gap_device_found_ev_      : found 'd494a9c0cc6c' type 224 eir b'\n\tSMW028373\x02\n\x0c\r\x03\x0c\x11\n\x11\x0e\x11\x0b\x11\x1f\x11\x1e\x11'
2026-10-08 15:58:30,452 BTPWorkerThread-46 (_rx_task) root DEBUG iutctl_common.py          123   read                      : Read 5 bytes
2026-10-08 15:58:30,452 BTPWorkerThread-46 (_rx_task) root DEBUG iutctl_common.py          131   read                      : Received: hdr: Header(svc_id=0x01, op=0x81, ctrl_index=0x00, data_len=0x27) bytearray(b"\x01\x81\x00\'\x00")
2026-10-08 15:58:30,452 BTPWorkerThread-46 (_rx_task) root DEBUG iutctl_common.py          139   read                      : Read 39 bytes data
2026-10-08 15:58:30,453 BTPWorkerThread-46 (_rx_task) root DEBUG iutctl_common.py          154   read                      : Received data: {'e0 6c cc c0 a9 94 d4 b3 03 1c 00 0a 09 53 4d 57 30 32 38 33 37 33 02 0a 0c 0d 03 0c 11 0a 11 0e 11 0b 11 1f 11 1e 11'}, bytearray(b'\xe0l\xcc\xc0\xa9\x94\xd4\xb3\x03\x1c\x00\n\tSMW028373\x02\n\x0c\r\x03\x0c\x11\n\x11\x0e\x11\x0b\x11\x1f\x11\x1e\x11')
2026-10-08 15:58:30,453 BTPWorkerThread-46 (_rx_task) root DEBUG btp.py                    708   event_handler             : Header(svc_id=1, op=129, ctrl_index=0, data_len=39) (b'\xe0l\xcc\xc0\xa9\x94\xd4\xb3\x03\x1c\x00\n\tSMW028373\x02\n\x0c\r\x03\x0c\x11\n\x11\x0e\x11\x0b\x11\x1f\x11\x1e\x11',)
2026-10-08 15:58:30,453 BTPWorkerThread-46 (_rx_task) root DEBUG gap.py                    191   gap_device_found_ev_      : b'\xe0l\xcc\xc0\xa9\x94\xd4\xb3\x03\x1c\x00\n\tSMW028373\x02\n\x0c\r\x03\x0c\x11\n\x11\x0e\x11\x0b\x11\x1f\x11\x1e\x11'
2026-10-08 15:58:30,453 BTPWorkerThread-46 (_rx_task) root DEBUG gap.py                    205   gap_device_found_ev_      : found 'd494a9c0cc6c' type 224 eir b'\n\tSMW028373\x02\n\x0c\r\x03\x0c\x11\n\x11\x0e\x11\x0b\x11\x1f\x11\x1e\x11'
2026-10-08 15:58:30,559 BTPWorkerThread-46 (_rx_task) root DEBUG iutctl_common.py          123   read                      : Read 5 bytes
2026-10-08 15:58:30,559 BTPWorkerThread-46 (_rx_task) root DEBUG iutctl_common.py          131   read                      : Received: hdr: Header(svc_id=0x01, op=0x81, ctrl_index=0x00, data_len=0x26) bytearray(b'\x01\x81\x00&\x00')
2026-10-08 15:58:30,560 BTPWorkerThread-46 (_rx_task) root DEBUG iutctl_common.py          139   read                      : Read 38 bytes data
2026-10-08 15:58:30,560 BTPWorkerThread-46 (_rx_task) root DEBUG iutctl_common.py          154   read                      : Received data: {'e0 53 00 4c 17 e5 44 ab 03 1b 00 09 09 4e 58 4c 36 36 35 32 38 02 0a 0c 0d 03 0c 11 0a 11 0b 11 0e 11 1f 11 1e 11'}, bytearray(b'\xe0S\x00L\x17\xe5D\xab\x03\x1b\x00\t\tNXL66528\x02\n\x0c\r\x03\x0c\x11\n\x11\x0b\x11\x0e\x11\x1f\x11\x1e\x11')
2026-10-08 15:58:30,560 BTPWorkerThread-46 (_rx_task) root DEBUG btp.py                    708   event_handler             : Header(svc_id=1, op=129, ctrl_index=0, data_len=38) (b'\xe0S\x00L\x17\xe5D\xab\x03\x1b\x00\t\tNXL66528\x02\n\x0c\r\x03\x0c\x11\n\x11\x0b\x11\x0e\x11\x1f\x11\x1e\x11',)
2026-10-08 15:58:30,560 BTPWorkerThread-46 (_rx_task) root DEBUG gap.py                    191   gap_device_found_ev_      : b'\xe0S\x00L\x17\xe5D\xab\x03\x1b\x00\t\tNXL66528\x02\n\x0c\r\x03\x0c\x11\n\x11\x0b\x11\x0e\x11\x1f\x11\x1e\x11'
2026-10-08 15:58:30,560 BTPWorkerThread-46 (_rx_task) root DEBUG gap.py                    205   gap_device_found_ev_      : found '44e5174c0053' type 224 eir b'\t\tNXL66528\x02\n\x0c\r\x03\x0c\x11\n\x11\x0b\x11\x0e\x11\x1f\x11\x1e\x11'
2026-10-08 15:58:30,667 BTPWorkerThread-46 (_rx_task) root DEBUG iutctl_common.py          123   read                      : Read 5 bytes
2026-10-08 15:58:30,667 BTPWorkerThread-46 (_rx_task) root DEBUG iutctl_common.py          131   read                      : Received: hdr: Header(svc_id=0x01, op=0x81, ctrl_index=0x00, data_len=0x26) bytearray(b'\x01\x81\x00&\x00')
2026-10-08 15:58:30,667 BTPWorkerThread-46 (_rx_task) root DEBUG iutctl_common.py          139   read                      : Read 38 bytes data
2026-10-08 15:58:30,668 BTPWorkerThread-46 (_rx_task) root DEBUG iutctl_common.py          154   read                      : Received data: {'e0 53 00 4c 17 e5 44 aa 03 1b 00 09 09 4e 58 4c 36 36 35 32 38 02 0a 0c 0d 03 0c 11 0a 11 0b 11 0e 11 1f 11 1e 11'}, bytearray(b'\xe0S\x00L\x17\xe5D\xaa\x03\x1b\x00\t\tNXL66528\x02\n\x0c\r\x03\x0c\x11\n\x11\x0b\x11\x0e\x11\x1f\x11\x1e\x11')
2026-10-08 15:58:30,668 BTPWorkerThread-46 (_rx_task) root DEBUG btp.py                    708   event_handler             : Header(svc_id=1, op=129, ctrl_index=0, data_len=38) (b'\xe0S\x00L\x17\xe5D\xaa\x03\x1b\x00\t\tNXL66528\x02\n\x0c\r\x03\x0c\x11\n\x11\x0b\x11\x0e\x11\x1f\x11\x1e\x11',)
2026-10-08 15:58:30,668 BTPWorkerThread-46 (_rx_task) root DEBUG gap.py                    191   gap_device_found_ev_      : b'\xe0S\x00L\x17\xe5D\xaa\x03\x1b\x00\t\tNXL66528\x02\n\x0c\r\x03\x0c\x11\n\x11\x0b\x11\x0e\x11\x1f\x11\x1e\x11'
2026-10-08 15:58:30,668 BTPWorkerThread-46 (_rx_task) root DEBUG gap.py                    205   gap_device_found_ev_      : found '44e5174c0053' type 224 eir b'\t\tNXL66528\x02\n\x0c\r\x03\x0c\x11\n\x11\x0b\x11\x0e\x11\x1f\x11\x1e\x11'
2026-10-08 15:58:30,772 BTPWorkerThread-46 (_rx_task) root DEBUG iutctl_common.py          123   read                      : Read 5 bytes
2026-10-08 15:58:30,772 BTPWorkerThread-46 (_rx_task) root DEBUG iutctl_common.py          131   read                      : Received: hdr: Header(svc_id=0x01, op=0x81, ctrl_index=0x00, data_len=0x27) bytearray(b"\x01\x81\x00\'\x00")
2026-10-08 15:58:30,772 BTPWorkerThread-46 (_rx_task) root DEBUG iutctl_common.py          139   read                      : Read 39 bytes data
2026-10-08 15:58:30,773 BTPWorkerThread-46 (_rx_task) root DEBUG iutctl_common.py          154   read                      : Received data: {'e0 6c cc c0 a9 94 d4 ba 03 1c 00 0a 09 53 4d 57 30 32 38 33 37 33 02 0a 0c 0d 03 0c 11 0a 11 0e 11 0b 11 1f 11 1e 11'}, bytearray(b'\xe0l\xcc\xc0\xa9\x94\xd4\xba\x03\x1c\x00\n\tSMW028373\x02\n\x0c\r\x03\x0c\x11\n\x11\x0e\x11\x0b\x11\x1f\x11\x1e\x11')
2026-10-08 15:58:30,773 BTPWorkerThread-46 (_rx_task) root DEBUG btp.py                    708   event_handler             : Header(svc_id=1, op=129, ctrl_index=0, data_len=39) (b'\xe0l\xcc\xc0\xa9\x94\xd4\xba\x03\x1c\x00\n\tSMW028373\x02\n\x0c\r\x03\x0c\x11\n\x11\x0e\x11\x0b\x11\x1f\x11\x1e\x11',)
2026-10-08 15:58:30,773 BTPWorkerThread-46 (_rx_task) root DEBUG gap.py                    191   gap_device_found_ev_      : b'\xe0l\xcc\xc0\xa9\x94\xd4\xba\x03\x1c\x00\n\tSMW028373\x02\n\x0c\r\x03\x0c\x11\n\x11\x0e\x11\x0b\x11\x1f\x11\x1e\x11'
2026-10-08 15:58:30,773 BTPWorkerThread-46 (_rx_task) root DEBUG gap.py                    205   gap_device_found_ev_      : found 'd494a9c0cc6c' type 224 eir b'\n\tSMW028373\x02\n\x0c\r\x03\x0c\x11\n\x11\x0e\x11\x0b\x11\x1f\x11\x1e\x11'
2026-10-08 15:58:30,816 BTPWorkerThread-46 (_rx_task) root DEBUG iutctl_common.py          123   read                      : Read 5 bytes
2026-10-08 15:58:30,816 BTPWorkerThread-46 (_rx_task) root DEBUG iutctl_common.py          131   read                      : Received: hdr: Header(svc_id=0x01, op=0x81, ctrl_index=0x00, data_len=0x27) bytearray(b"\x01\x81\x00\'\x00")
2026-10-08 15:58:30,817 BTPWorkerThread-46 (_rx_task) root DEBUG iutctl_common.py          139   read                      : Read 17 bytes data
2026-10-08 15:58:30,827 BTPWorkerThread-46 (_rx_task) root DEBUG iutctl_common.py          139   read                      : Read 22 bytes data
2026-10-08 15:58:30,827 BTPWorkerThread-46 (_rx_task) root DEBUG iutctl_common.py          154   read                      : Received data: {'e0 6c cc c0 a9 94 d4 a8 03 1c 00 0a 09 53 4d 57 30 32 38 33 37 33 02 0a 0c 0d 03 0c 11 0a 11 0e 11 0b 11 1f 11 1e 11'}, bytearray(b'\xe0l\xcc\xc0\xa9\x94\xd4\xa8\x03\x1c\x00\n\tSMW028373\x02\n\x0c\r\x03\x0c\x11\n\x11\x0e\x11\x0b\x11\x1f\x11\x1e\x11')
2026-10-08 15:58:30,827 BTPWorkerThread-46 (_rx_task) root DEBUG btp.py                    708   event_handler             : Header(svc_id=1, op=129, ctrl_index=0, data_len=39) (b'\xe0l\xcc\xc0\xa9\x94\xd4\xa8\x03\x1c\x00\n\tSMW028373\x02\n\x0c\r\x03\x0c\x11\n\x11\x0e\x11\x0b\x11\x1f\x11\x1e\x11',)
2026-10-08 15:58:30,827 BTPWorkerThread-46 (_rx_task) root DEBUG gap.py                    191   gap_device_found_ev_      : b'\xe0l\xcc\xc0\xa9\x94\xd4\xa8\x03\x1c\x00\n\tSMW028373\x02\n\x0c\r\x03\x0c\x11\n\x11\x0e\x11\x0b\x11\x1f\x11\x1e\x11'
2026-10-08 15:58:30,827 BTPWorkerThread-46 (_rx_task) root DEBUG gap.py                    205   gap_device_found_ev_      : found 'd494a9c0cc6c' type 224 eir b'\n\tSMW028373\x02\n\x0c\r\x03\x0c\x11\n\x11\x0e\x11\x0b\x11\x1f\x11\x1e\x11'
2026-10-08 15:58:31,258 BTPWorkerThread-46 (_rx_task) root DEBUG iutctl_common.py          123   read                      : Read 5 bytes
2026-10-08 15:58:31,258 BTPWorkerThread-46 (_rx_task) root DEBUG iutctl_common.py          131   read                      : Received: hdr: Header(svc_id=0x01, op=0x81, ctrl_index=0x00, data_len=0x2a) bytearray(b'\x01\x81\x00*\x00')
2026-10-08 15:58:31,259 BTPWorkerThread-46 (_rx_task) root DEBUG iutctl_common.py          139   read                      : Read 42 bytes data
2026-10-08 15:58:31,259 BTPWorkerThread-46 (_rx_task) root DEBUG iutctl_common.py          154   read                      : Received data: {'e0 cd 83 06 dc 1b 00 b1 03 1f 00 1e 09 41 32 44 50 20 53 6f 75 72 63 65 20 30 30 3a 31 42 3a 44 43 3a 30 36 3a 38 33 3a 43 44'}, bytearray(b'\xe0\xcd\x83\x06\xdc\x1b\x00\xb1\x03\x1f\x00\x1e\tA2DP Source 00:1B:DC:06:83:CD')
2026-10-08 15:58:31,259 BTPWorkerThread-46 (_rx_task) root DEBUG btp.py                    708   event_handler             : Header(svc_id=1, op=129, ctrl_index=0, data_len=42) (b'\xe0\xcd\x83\x06\xdc\x1b\x00\xb1\x03\x1f\x00\x1e\tA2DP Source 00:1B:DC:06:83:CD',)
2026-10-08 15:58:31,259 BTPWorkerThread-46 (_rx_task) root DEBUG gap.py                    191   gap_device_found_ev_      : b'\xe0\xcd\x83\x06\xdc\x1b\x00\xb1\x03\x1f\x00\x1e\tA2DP Source 00:1B:DC:06:83:CD'
2026-10-08 15:58:31,259 BTPWorkerThread-46 (_rx_task) root DEBUG gap.py                    205   gap_device_found_ev_      : found '001bdc0683cd' type 224 eir b'\x1e\tA2DP Source 00:1B:DC:06:83:CD'
2026-10-08 15:58:31,301 BTPWorkerThread-46 (_rx_task) root DEBUG iutctl_common.py          123   read                      : Read 2 bytes
2026-10-08 15:58:31,313 BTPWorkerThread-46 (_rx_task) root DEBUG iutctl_common.py          123   read                      : Read 3 bytes
2026-10-08 15:58:31,313 BTPWorkerThread-46 (_rx_task) root DEBUG iutctl_common.py          131   read                      : Received: hdr: Header(svc_id=0x01, op=0x81, ctrl_index=0x00, data_len=0x26) bytearray(b'\x01\x81\x00&\x00')
2026-10-08 15:58:31,314 BTPWorkerThread-46 (_rx_task) root DEBUG iutctl_common.py          139   read                      : Read 38 bytes data
2026-10-08 15:58:31,314 BTPWorkerThread-46 (_rx_task) root DEBUG iutctl_common.py          154   read                      : Received data: {'e0 53 00 4c 17 e5 44 a8 03 1b 00 09 09 4e 58 4c 36 36 35 32 38 02 0a 0c 0d 03 0c 11 0a 11 0b 11 0e 11 1f 11 1e 11'}, bytearray(b'\xe0S\x00L\x17\xe5D\xa8\x03\x1b\x00\t\tNXL66528\x02\n\x0c\r\x03\x0c\x11\n\x11\x0b\x11\x0e\x11\x1f\x11\x1e\x11')
2026-10-08 15:58:31,314 BTPWorkerThread-46 (_rx_task) root DEBUG btp.py                    708   event_handler             : Header(svc_id=1, op=129, ctrl_index=0, data_len=38) (b'\xe0S\x00L\x17\xe5D\xa8\x03\x1b\x00\t\tNXL66528\x02\n\x0c\r\x03\x0c\x11\n\x11\x0b\x11\x0e\x11\x1f\x11\x1e\x11',)
2026-10-08 15:58:31,314 BTPWorkerThread-46 (_rx_task) root DEBUG gap.py                    191   gap_device_found_ev_      : b'\xe0S\x00L\x17\xe5D\xa8\x03\x1b\x00\t\tNXL66528\x02\n\x0c\r\x03\x0c\x11\n\x11\x0b\x11\x0e\x11\x1f\x11\x1e\x11'
2026-10-08 15:58:31,314 BTPWorkerThread-46 (_rx_task) root DEBUG gap.py                    205   gap_device_found_ev_      : found '44e5174c0053' type 224 eir b'\t\tNXL66528\x02\n\x0c\r\x03\x0c\x11\n\x11\x0b\x11\x0e\x11\x1f\x11\x1e\x11'
2026-10-08 15:58:31,345 BTPWorkerThread-46 (_rx_task) root DEBUG iutctl_common.py          123   read                      : Read 5 bytes
2026-10-08 15:58:31,345 BTPWorkerThread-46 (_rx_task) root DEBUG iutctl_common.py          131   read                      : Received: hdr: Header(svc_id=0x01, op=0x81, ctrl_index=0x00, data_len=0x2a) bytearray(b'\x01\x81\x00*\x00')
2026-10-08 15:58:31,345 BTPWorkerThread-46 (_rx_task) root DEBUG iutctl_common.py          139   read                      : Read 40 bytes data
2026-10-08 15:58:31,356 BTPWorkerThread-46 (_rx_task) root DEBUG iutctl_common.py          139   read                      : Read 2 bytes data
2026-10-08 15:58:31,356 BTPWorkerThread-46 (_rx_task) root DEBUG iutctl_common.py          154   read                      : Received data: {'e0 cd 83 06 dc 1b 00 ac 03 1f 00 1e 09 41 32 44 50 20 53 6f 75 72 63 65 20 30 30 3a 31 42 3a 44 43 3a 30 36 3a 38 33 3a 43 44'}, bytearray(b'\xe0\xcd\x83\x06\xdc\x1b\x00\xac\x03\x1f\x00\x1e\tA2DP Source 00:1B:DC:06:83:CD')
2026-10-08 15:58:31,356 BTPWorkerThread-46 (_rx_task) root DEBUG btp.py                    708   event_handler             : Header(svc_id=1, op=129, ctrl_index=0, data_len=42) (b'\xe0\xcd\x83\x06\xdc\x1b\x00\xac\x03\x1f\x00\x1e\tA2DP Source 00:1B:DC:06:83:CD',)
2026-10-08 15:58:31,357 BTPWorkerThread-46 (_rx_task) root DEBUG gap.py                    191   gap_device_found_ev_      : b'\xe0\xcd\x83\x06\xdc\x1b\x00\xac\x03\x1f\x00\x1e\tA2DP Source 00:1B:DC:06:83:CD'
2026-10-08 15:58:31,357 BTPWorkerThread-46 (_rx_task) root DEBUG gap.py                    205   gap_device_found_ev_      : found '001bdc0683cd' type 224 eir b'\x1e\tA2DP Source 00:1B:DC:06:83:CD'
2026-10-08 15:58:31,410 BTPWorkerThread-46 (_rx_task) root DEBUG iutctl_common.py          123   read                      : Read 5 bytes
2026-10-08 15:58:31,410 BTPWorkerThread-46 (_rx_task) root DEBUG iutctl_common.py          131   read                      : Received: hdr: Header(svc_id=0x01, op=0x81, ctrl_index=0x00, data_len=0x27) bytearray(b"\x01\x81\x00\'\x00")
2026-10-08 15:58:31,410 BTPWorkerThread-46 (_rx_task) root DEBUG iutctl_common.py          139   read                      : Read 39 bytes data
2026-10-08 15:58:31,411 BTPWorkerThread-46 (_rx_task) root DEBUG iutctl_common.py          154   read                      : Received data: {'e0 6c cc c0 a9 94 d4 b7 03 1c 00 0a 09 53 4d 57 30 32 38 33 37 33 02 0a 0c 0d 03 0c 11 0a 11 0e 11 0b 11 1f 11 1e 11'}, bytearray(b'\xe0l\xcc\xc0\xa9\x94\xd4\xb7\x03\x1c\x00\n\tSMW028373\x02\n\x0c\r\x03\x0c\x11\n\x11\x0e\x11\x0b\x11\x1f\x11\x1e\x11')
2026-10-08 15:58:31,411 BTPWorkerThread-46 (_rx_task) root DEBUG btp.py                    708   event_handler             : Header(svc_id=1, op=129, ctrl_index=0, data_len=39) (b'\xe0l\xcc\xc0\xa9\x94\xd4\xb7\x03\x1c\x00\n\tSMW028373\x02\n\x0c\r\x03\x0c\x11\n\x11\x0e\x11\x0b\x11\x1f\x11\x1e\x11',)
2026-10-08 15:58:31,411 BTPWorkerThread-46 (_rx_task) root DEBUG gap.py                    191   gap_device_found_ev_      : b'\xe0l\xcc\xc0\xa9\x94\xd4\xb7\x03\x1c\x00\n\tSMW028373\x02\n\x0c\r\x03\x0c\x11\n\x11\x0e\x11\x0b\x11\x1f\x11\x1e\x11'
2026-10-08 15:58:31,411 BTPWorkerThread-46 (_rx_task) root DEBUG gap.py                    205   gap_device_found_ev_      : found 'd494a9c0cc6c' type 224 eir b'\n\tSMW028373\x02\n\x0c\r\x03\x0c\x11\n\x11\x0e\x11\x0b\x11\x1f\x11\x1e\x11'
2026-10-08 15:58:31,432 BTPWorkerThread-46 (_rx_task) root DEBUG iutctl_common.py          123   read                      : Read 5 bytes
2026-10-08 15:58:31,432 BTPWorkerThread-46 (_rx_task) root DEBUG iutctl_common.py          131   read                      : Received: hdr: Header(svc_id=0x01, op=0x81, ctrl_index=0x00, data_len=0x26) bytearray(b'\x01\x81\x00&\x00')
2026-10-08 15:58:31,432 BTPWorkerThread-46 (_rx_task) root DEBUG iutctl_common.py          139   read                      : Read 38 bytes data
2026-10-08 15:58:31,433 BTPWorkerThread-46 (_rx_task) root DEBUG iutctl_common.py          154   read                      : Received data: {'e0 53 00 4c 17 e5 44 ac 03 1b 00 09 09 4e 58 4c 36 36 35 32 38 02 0a 0c 0d 03 0c 11 0a 11 0b 11 0e 11 1f 11 1e 11'}, bytearray(b'\xe0S\x00L\x17\xe5D\xac\x03\x1b\x00\t\tNXL66528\x02\n\x0c\r\x03\x0c\x11\n\x11\x0b\x11\x0e\x11\x1f\x11\x1e\x11')
2026-10-08 15:58:31,433 BTPWorkerThread-46 (_rx_task) root DEBUG btp.py                    708   event_handler             : Header(svc_id=1, op=129, ctrl_index=0, data_len=38) (b'\xe0S\x00L\x17\xe5D\xac\x03\x1b\x00\t\tNXL66528\x02\n\x0c\r\x03\x0c\x11\n\x11\x0b\x11\x0e\x11\x1f\x11\x1e\x11',)
2026-10-08 15:58:31,433 BTPWorkerThread-46 (_rx_task) root DEBUG gap.py                    191   gap_device_found_ev_      : b'\xe0S\x00L\x17\xe5D\xac\x03\x1b\x00\t\tNXL66528\x02\n\x0c\r\x03\x0c\x11\n\x11\x0b\x11\x0e\x11\x1f\x11\x1e\x11'
2026-10-08 15:58:31,433 BTPWorkerThread-46 (_rx_task) root DEBUG gap.py                    205   gap_device_found_ev_      : found '44e5174c0053' type 224 eir b'\t\tNXL66528\x02\n\x0c\r\x03\x0c\x11\n\x11\x0b\x11\x0e\x11\x1f\x11\x1e\x11'
2026-10-08 15:58:31,529 BTPWorkerThread-46 (_rx_task) root DEBUG iutctl_common.py          123   read                      : Read 5 bytes
2026-10-08 15:58:31,529 BTPWorkerThread-46 (_rx_task) root DEBUG iutctl_common.py          131   read                      : Received: hdr: Header(svc_id=0x01, op=0x81, ctrl_index=0x00, data_len=0x27) bytearray(b"\x01\x81\x00\'\x00")
2026-10-08 15:58:31,530 BTPWorkerThread-46 (_rx_task) root DEBUG iutctl_common.py          139   read                      : Read 34 bytes data
2026-10-08 15:58:31,540 BTPWorkerThread-46 (_rx_task) root DEBUG iutctl_common.py          139   read                      : Read 5 bytes data
2026-10-08 15:58:31,541 BTPWorkerThread-46 (_rx_task) root DEBUG iutctl_common.py          154   read                      : Received data: {'e0 6c cc c0 a9 94 d4 b6 03 1c 00 0a 09 53 4d 57 30 32 38 33 37 33 02 0a 0c 0d 03 0c 11 0a 11 0e 11 0b 11 1f 11 1e 11'}, bytearray(b'\xe0l\xcc\xc0\xa9\x94\xd4\xb6\x03\x1c\x00\n\tSMW028373\x02\n\x0c\r\x03\x0c\x11\n\x11\x0e\x11\x0b\x11\x1f\x11\x1e\x11')
2026-10-08 15:58:31,541 BTPWorkerThread-46 (_rx_task) root DEBUG btp.py                    708   event_handler             : Header(svc_id=1, op=129, ctrl_index=0, data_len=39) (b'\xe0l\xcc\xc0\xa9\x94\xd4\xb6\x03\x1c\x00\n\tSMW028373\x02\n\x0c\r\x03\x0c\x11\n\x11\x0e\x11\x0b\x11\x1f\x11\x1e\x11',)
2026-10-08 15:58:31,541 BTPWorkerThread-46 (_rx_task) root DEBUG gap.py                    191   gap_device_found_ev_      : b'\xe0l\xcc\xc0\xa9\x94\xd4\xb6\x03\x1c\x00\n\tSMW028373\x02\n\x0c\r\x03\x0c\x11\n\x11\x0e\x11\x0b\x11\x1f\x11\x1e\x11'
2026-10-08 15:58:31,541 BTPWorkerThread-46 (_rx_task) root DEBUG gap.py                    205   gap_device_found_ev_      : found 'd494a9c0cc6c' type 224 eir b'\n\tSMW028373\x02\n\x0c\r\x03\x0c\x11\n\x11\x0e\x11\x0b\x11\x1f\x11\x1e\x11'
2026-10-08 15:58:31,604 BTPWorkerThread-46 (_rx_task) root DEBUG iutctl_common.py          123   read                      : Read 5 bytes
2026-10-08 15:58:31,604 BTPWorkerThread-46 (_rx_task) root DEBUG iutctl_common.py          131   read                      : Received: hdr: Header(svc_id=0x01, op=0x81, ctrl_index=0x00, data_len=0x2a) bytearray(b'\x01\x81\x00*\x00')
2026-10-08 15:58:31,604 BTPWorkerThread-46 (_rx_task) root DEBUG iutctl_common.py          139   read                      : Read 42 bytes data
2026-10-08 15:58:31,605 BTPWorkerThread-46 (_rx_task) root DEBUG iutctl_common.py          154   read                      : Received data: {'e0 95 83 06 dc 1b 00 a7 03 1f 00 1e 09 48 46 50 20 41 47 20 44 65 6d 6f 20 30 30 3a 31 42 3a 44 43 3a 30 36 3a 38 33 3a 39 35'}, bytearray(b'\xe0\x95\x83\x06\xdc\x1b\x00\xa7\x03\x1f\x00\x1e\tHFP AG Demo 00:1B:DC:06:83:95')
2026-10-08 15:58:31,605 BTPWorkerThread-46 (_rx_task) root DEBUG btp.py                    708   event_handler             : Header(svc_id=1, op=129, ctrl_index=0, data_len=42) (b'\xe0\x95\x83\x06\xdc\x1b\x00\xa7\x03\x1f\x00\x1e\tHFP AG Demo 00:1B:DC:06:83:95',)
2026-10-08 15:58:31,605 BTPWorkerThread-46 (_rx_task) root DEBUG gap.py                    191   gap_device_found_ev_      : b'\xe0\x95\x83\x06\xdc\x1b\x00\xa7\x03\x1f\x00\x1e\tHFP AG Demo 00:1B:DC:06:83:95'
2026-10-08 15:58:31,605 BTPWorkerThread-46 (_rx_task) root DEBUG gap.py                    205   gap_device_found_ev_      : found '001bdc068395' type 224 eir b'\x1e\tHFP AG Demo 00:1B:DC:06:83:95'
2026-10-08 15:58:31,711 BTPWorkerThread-46 (_rx_task) root DEBUG iutctl_common.py          123   read                      : Read 5 bytes
2026-10-08 15:58:31,711 BTPWorkerThread-46 (_rx_task) root DEBUG iutctl_common.py          131   read                      : Received: hdr: Header(svc_id=0x01, op=0x81, ctrl_index=0x00, data_len=0x2a) bytearray(b'\x01\x81\x00*\x00')
2026-10-08 15:58:31,711 BTPWorkerThread-46 (_rx_task) root DEBUG iutctl_common.py          139   read                      : Read 42 bytes data
2026-10-08 15:58:31,712 BTPWorkerThread-46 (_rx_task) root DEBUG iutctl_common.py          154   read                      : Received data: {'e0 4d 65 9b 70 f3 5c a3 03 1f 00 1e 09 48 46 50 20 41 47 20 44 65 6d 6f 20 35 43 3a 46 33 3a 37 30 3a 39 42 3a 36 35 3a 34 44'}, bytearray(b'\xe0Me\x9bp\xf3\\\xa3\x03\x1f\x00\x1e\tHFP AG Demo 5C:F3:70:9B:65:4D')
2026-10-08 15:58:31,712 BTPWorkerThread-46 (_rx_task) root DEBUG btp.py                    708   event_handler             : Header(svc_id=1, op=129, ctrl_index=0, data_len=42) (b'\xe0Me\x9bp\xf3\\\xa3\x03\x1f\x00\x1e\tHFP AG Demo 5C:F3:70:9B:65:4D',)
2026-10-08 15:58:31,712 BTPWorkerThread-46 (_rx_task) root DEBUG gap.py                    191   gap_device_found_ev_      : b'\xe0Me\x9bp\xf3\\\xa3\x03\x1f\x00\x1e\tHFP AG Demo 5C:F3:70:9B:65:4D'
2026-10-08 15:58:31,712 BTPWorkerThread-46 (_rx_task) root DEBUG gap.py                    205   gap_device_found_ev_      : found '5cf3709b654d' type 224 eir b'\x1e\tHFP AG Demo 5C:F3:70:9B:65:4D'
2026-10-08 15:58:31,788 BTPWorkerThread-46 (_rx_task) root DEBUG iutctl_common.py          123   read                      : Read 5 bytes
2026-10-08 15:58:31,788 BTPWorkerThread-46 (_rx_task) root DEBUG iutctl_common.py          131   read                      : Received: hdr: Header(svc_id=0x01, op=0x81, ctrl_index=0x00, data_len=0x27) bytearray(b"\x01\x81\x00\'\x00")
2026-10-08 15:58:31,788 BTPWorkerThread-46 (_rx_task) root DEBUG iutctl_common.py          139   read                      : Read 5 bytes data
2026-10-08 15:58:31,799 BTPWorkerThread-46 (_rx_task) root DEBUG iutctl_common.py          139   read                      : Read 34 bytes data
2026-10-08 15:58:31,799 BTPWorkerThread-46 (_rx_task) root DEBUG iutctl_common.py          154   read                      : Received data: {'e0 6c cc c0 a9 94 d4 ba 03 1c 00 0a 09 53 4d 57 30 32 38 33 37 33 02 0a 0c 0d 03 0c 11 0a 11 0e 11 0b 11 1f 11 1e 11'}, bytearray(b'\xe0l\xcc\xc0\xa9\x94\xd4\xba\x03\x1c\x00\n\tSMW028373\x02\n\x0c\r\x03\x0c\x11\n\x11\x0e\x11\x0b\x11\x1f\x11\x1e\x11')
2026-10-08 15:58:31,799 BTPWorkerThread-46 (_rx_task) root DEBUG btp.py                    708   event_handler             : Header(svc_id=1, op=129, ctrl_index=0, data_len=39) (b'\xe0l\xcc\xc0\xa9\x94\xd4\xba\x03\x1c\x00\n\tSMW028373\x02\n\x0c\r\x03\x0c\x11\n\x11\x0e\x11\x0b\x11\x1f\x11\x1e\x11',)
2026-10-08 15:58:31,799 BTPWorkerThread-46 (_rx_task) root DEBUG gap.py                    191   gap_device_found_ev_      : b'\xe0l\xcc\xc0\xa9\x94\xd4\xba\x03\x1c\x00\n\tSMW028373\x02\n\x0c\r\x03\x0c\x11\n\x11\x0e\x11\x0b\x11\x1f\x11\x1e\x11'
2026-10-08 15:58:31,800 BTPWorkerThread-46 (_rx_task) root DEBUG gap.py                    205   gap_device_found_ev_      : found 'd494a9c0cc6c' type 224 eir b'\n\tSMW028373\x02\n\x0c\r\x03\x0c\x11\n\x11\x0e\x11\x0b\x11\x1f\x11\x1e\x11'
2026-10-08 15:58:31,810 BTPWorkerThread-46 (_rx_task) root DEBUG iutctl_common.py          123   read                      : Read 5 bytes
2026-10-08 15:58:31,810 BTPWorkerThread-46 (_rx_task) root DEBUG iutctl_common.py          131   read                      : Received: hdr: Header(svc_id=0x01, op=0x81, ctrl_index=0x00, data_len=0x26) bytearray(b'\x01\x81\x00&\x00')
2026-10-08 15:58:31,810 BTPWorkerThread-46 (_rx_task) root DEBUG iutctl_common.py          139   read                      : Read 38 bytes data
2026-10-08 15:58:31,810 BTPWorkerThread-46 (_rx_task) root DEBUG iutctl_common.py          154   read                      : Received data: {'e0 53 00 4c 17 e5 44 ab 03 1b 00 09 09 4e 58 4c 36 36 35 32 38 02 0a 0c 0d 03 0c 11 0a 11 0b 11 0e 11 1f 11 1e 11'}, bytearray(b'\xe0S\x00L\x17\xe5D\xab\x03\x1b\x00\t\tNXL66528\x02\n\x0c\r\x03\x0c\x11\n\x11\x0b\x11\x0e\x11\x1f\x11\x1e\x11')
2026-10-08 15:58:31,810 BTPWorkerThread-46 (_rx_task) root DEBUG btp.py                    708   event_handler             : Header(svc_id=1, op=129, ctrl_index=0, data_len=38) (b'\xe0S\x00L\x17\xe5D\xab\x03\x1b\x00\t\tNXL66528\x02\n\x0c\r\x03\x0c\x11\n\x11\x0b\x11\x0e\x11\x1f\x11\x1e\x11',)
2026-10-08 15:58:31,810 BTPWorkerThread-46 (_rx_task) root DEBUG gap.py                    191   gap_device_found_ev_      : b'\xe0S\x00L\x17\xe5D\xab\x03\x1b\x00\t\tNXL66528\x02\n\x0c\r\x03\x0c\x11\n\x11\x0b\x11\x0e\x11\x1f\x11\x1e\x11'
2026-10-08 15:58:31,810 BTPWorkerThread-46 (_rx_task) root DEBUG gap.py                    205   gap_device_found_ev_      : found '44e5174c0053' type 224 eir b'\t\tNXL66528\x02\n\x0c\r\x03\x0c\x11\n\x11\x0b\x11\x0e\x11\x1f\x11\x1e\x11'
2026-10-08 15:58:31,907 BTPWorkerThread-46 (_rx_task) root DEBUG iutctl_common.py          123   read                      : Read 5 bytes
2026-10-08 15:58:31,907 BTPWorkerThread-46 (_rx_task) root DEBUG iutctl_common.py          131   read                      : Received: hdr: Header(svc_id=0x01, op=0x81, ctrl_index=0x00, data_len=0x2a) bytearray(b'\x01\x81\x00*\x00')
2026-10-08 15:58:31,907 BTPWorkerThread-46 (_rx_task) root DEBUG iutctl_common.py          139   read                      : Read 42 bytes data
2026-10-08 15:58:31,908 BTPWorkerThread-46 (_rx_task) root DEBUG iutctl_common.py          154   read                      : Received data: {'e0 95 83 06 dc 1b 00 ac 03 1f 00 1e 09 48 46 50 20 41 47 20 44 65 6d 6f 20 30 30 3a 31 42 3a 44 43 3a 30 36 3a 38 33 3a 39 35'}, bytearray(b'\xe0\x95\x83\x06\xdc\x1b\x00\xac\x03\x1f\x00\x1e\tHFP AG Demo 00:1B:DC:06:83:95')
2026-10-08 15:58:31,908 BTPWorkerThread-46 (_rx_task) root DEBUG btp.py                    708   event_handler             : Header(svc_id=1, op=129, ctrl_index=0, data_len=42) (b'\xe0\x95\x83\x06\xdc\x1b\x00\xac\x03\x1f\x00\x1e\tHFP AG Demo 00:1B:DC:06:83:95',)
2026-10-08 15:58:31,908 BTPWorkerThread-46 (_rx_task) root DEBUG gap.py                    191   gap_device_found_ev_      : b'\xe0\x95\x83\x06\xdc\x1b\x00\xac\x03\x1f\x00\x1e\tHFP AG Demo 00:1B:DC:06:83:95'
2026-10-08 15:58:31,908 BTPWorkerThread-46 (_rx_task) root DEBUG gap.py                    205   gap_device_found_ev_      : found '001bdc068395' type 224 eir b'\x1e\tHFP AG Demo 00:1B:DC:06:83:95'
2026-10-08 15:58:31,939 BTPWorkerThread-46 (_rx_task) root DEBUG iutctl_common.py          123   read                      : Read 5 bytes
2026-10-08 15:58:31,939 BTPWorkerThread-46 (_rx_task) root DEBUG iutctl_common.py          131   read                      : Received: hdr: Header(svc_id=0x01, op=0x81, ctrl_index=0x00, data_len=0x27) bytearray(b"\x01\x81\x00\'\x00")
2026-10-08 15:58:31,939 BTPWorkerThread-46 (_rx_task) root DEBUG iutctl_common.py          139   read                      : Read 22 bytes data
2026-10-08 15:58:31,950 BTPWorkerThread-46 (_rx_task) root DEBUG iutctl_common.py          139   read                      : Read 17 bytes data
2026-10-08 15:58:31,950 BTPWorkerThread-46 (_rx_task) root DEBUG iutctl_common.py          154   read                      : Received data: {'e0 6c cc c0 a9 94 d4 b6 03 1c 00 0a 09 53 4d 57 30 32 38 33 37 33 02 0a 0c 0d 03 0c 11 0a 11 0e 11 0b 11 1f 11 1e 11'}, bytearray(b'\xe0l\xcc\xc0\xa9\x94\xd4\xb6\x03\x1c\x00\n\tSMW028373\x02\n\x0c\r\x03\x0c\x11\n\x11\x0e\x11\x0b\x11\x1f\x11\x1e\x11')
2026-10-08 15:58:31,951 BTPWorkerThread-46 (_rx_task) root DEBUG btp.py                    708   event_handler             : Header(svc_id=1, op=129, ctrl_index=0, data_len=39) (b'\xe0l\xcc\xc0\xa9\x94\xd4\xb6\x03\x1c\x00\n\tSMW028373\x02\n\x0c\r\x03\x0c\x11\n\x11\x0e\x11\x0b\x11\x1f\x11\x1e\x11',)
2026-10-08 15:58:31,951 BTPWorkerThread-46 (_rx_task) root DEBUG gap.py                    191   gap_device_found_ev_      : b'\xe0l\xcc\xc0\xa9\x94\xd4\xb6\x03\x1c\x00\n\tSMW028373\x02\n\x0c\r\x03\x0c\x11\n\x11\x0e\x11\x0b\x11\x1f\x11\x1e\x11'
2026-10-08 15:58:31,951 BTPWorkerThread-46 (_rx_task) root DEBUG gap.py                    205   gap_device_found_ev_      : found 'd494a9c0cc6c' type 224 eir b'\n\tSMW028373\x02\n\x0c\r\x03\x0c\x11\n\x11\x0e\x11\x0b\x11\x1f\x11\x1e\x11'
2026-10-08 15:58:31,972 BTPWorkerThread-46 (_rx_task) root DEBUG iutctl_common.py          123   read                      : Read 5 bytes
2026-10-08 15:58:31,972 BTPWorkerThread-46 (_rx_task) root DEBUG iutctl_common.py          131   read                      : Received: hdr: Header(svc_id=0x01, op=0x81, ctrl_index=0x00, data_len=0x2a) bytearray(b'\x01\x81\x00*\x00')
2026-10-08 15:58:31,972 BTPWorkerThread-46 (_rx_task) root DEBUG iutctl_common.py          139   read                      : Read 42 bytes data
2026-10-08 15:58:31,973 BTPWorkerThread-46 (_rx_task) root DEBUG iutctl_common.py          154   read                      : Received data: {'e0 95 83 06 dc 1b 00 a8 03 1f 00 1e 09 48 46 50 20 41 47 20 44 65 6d 6f 20 30 30 3a 31 42 3a 44 43 3a 30 36 3a 38 33 3a 39 35'}, bytearray(b'\xe0\x95\x83\x06\xdc\x1b\x00\xa8\x03\x1f\x00\x1e\tHFP AG Demo 00:1B:DC:06:83:95')
2026-10-08 15:58:31,973 BTPWorkerThread-46 (_rx_task) root DEBUG btp.py                    708   event_handler             : Header(svc_id=1, op=129, ctrl_index=0, data_len=42) (b'\xe0\x95\x83\x06\xdc\x1b\x00\xa8\x03\x1f\x00\x1e\tHFP AG Demo 00:1B:DC:06:83:95',)
2026-10-08 15:58:31,973 BTPWorkerThread-46 (_rx_task) root DEBUG gap.py                    191   gap_device_found_ev_      : b'\xe0\x95\x83\x06\xdc\x1b\x00\xa8\x03\x1f\x00\x1e\tHFP AG Demo 00:1B:DC:06:83:95'
2026-10-08 15:58:31,973 BTPWorkerThread-46 (_rx_task) root DEBUG gap.py                    205   gap_device_found_ev_      : found '001bdc068395' type 224 eir b'\x1e\tHFP AG Demo 00:1B:DC:06:83:95'
2026-10-08 15:58:32,015 BTPWorkerThread-46 (_rx_task) root DEBUG iutctl_common.py          123   read                      : Read 5 bytes
2026-10-08 15:58:32,015 BTPWorkerThread-46 (_rx_task) root DEBUG iutctl_common.py          131   read                      : Received: hdr: Header(svc_id=0x01, op=0x81, ctrl_index=0x00, data_len=0x26) bytearray(b'\x01\x81\x00&\x00')
2026-10-08 15:58:32,015 BTPWorkerThread-46 (_rx_task) root DEBUG iutctl_common.py          139   read                      : Read 13 bytes data
2026-10-08 15:58:32,026 BTPWorkerThread-46 (_rx_task) root DEBUG iutctl_common.py          139   read                      : Read 25 bytes data
2026-10-08 15:58:32,026 BTPWorkerThread-46 (_rx_task) root DEBUG iutctl_common.py          154   read                      : Received data: {'e0 53 00 4c 17 e5 44 af 03 1b 00 09 09 4e 58 4c 36 36 35 32 38 02 0a 0c 0d 03 0c 11 0a 11 0b 11 0e 11 1f 11 1e 11'}, bytearray(b'\xe0S\x00L\x17\xe5D\xaf\x03\x1b\x00\t\tNXL66528\x02\n\x0c\r\x03\x0c\x11\n\x11\x0b\x11\x0e\x11\x1f\x11\x1e\x11')
2026-10-08 15:58:32,026 BTPWorkerThread-46 (_rx_task) root DEBUG btp.py                    708   event_handler             : Header(svc_id=1, op=129, ctrl_index=0, data_len=38) (b'\xe0S\x00L\x17\xe5D\xaf\x03\x1b\x00\t\tNXL66528\x02\n\x0c\r\x03\x0c\x11\n\x11\x0b\x11\x0e\x11\x1f\x11\x1e\x11',)
2026-10-08 15:58:32,026 BTPWorkerThread-46 (_rx_task) root DEBUG gap.py                    191   gap_device_found_ev_      : b'\xe0S\x00L\x17\xe5D\xaf\x03\x1b\x00\t\tNXL66528\x02\n\x0c\r\x03\x0c\x11\n\x11\x0b\x11\x0e\x11\x1f\x11\x1e\x11'
2026-10-08 15:58:32,027 BTPWorkerThread-46 (_rx_task) root DEBUG gap.py                    205   gap_device_found_ev_      : found '44e5174c0053' type 224 eir b'\t\tNXL66528\x02\n\x0c\r\x03\x0c\x11\n\x11\x0b\x11\x0e\x11\x1f\x11\x1e\x11'
2026-10-08 15:58:32,047 BTPWorkerThread-46 (_rx_task) root DEBUG iutctl_common.py          123   read                      : Read 5 bytes
2026-10-08 15:58:32,047 BTPWorkerThread-46 (_rx_task) root DEBUG iutctl_common.py          131   read                      : Received: hdr: Header(svc_id=0x01, op=0x81, ctrl_index=0x00, data_len=0x27) bytearray(b"\x01\x81\x00\'\x00")
2026-10-08 15:58:32,047 BTPWorkerThread-46 (_rx_task) root DEBUG iutctl_common.py          139   read                      : Read 39 bytes data
2026-10-08 15:58:32,048 BTPWorkerThread-46 (_rx_task) root DEBUG iutctl_common.py          154   read                      : Received data: {'e0 6c cc c0 a9 94 d4 b8 03 1c 00 0a 09 53 4d 57 30 32 38 33 37 33 02 0a 0c 0d 03 0c 11 0a 11 0e 11 0b 11 1f 11 1e 11'}, bytearray(b'\xe0l\xcc\xc0\xa9\x94\xd4\xb8\x03\x1c\x00\n\tSMW028373\x02\n\x0c\r\x03\x0c\x11\n\x11\x0e\x11\x0b\x11\x1f\x11\x1e\x11')
2026-10-08 15:58:32,048 BTPWorkerThread-46 (_rx_task) root DEBUG btp.py                    708   event_handler             : Header(svc_id=1, op=129, ctrl_index=0, data_len=39) (b'\xe0l\xcc\xc0\xa9\x94\xd4\xb8\x03\x1c\x00\n\tSMW028373\x02\n\x0c\r\x03\x0c\x11\n\x11\x0e\x11\x0b\x11\x1f\x11\x1e\x11',)
2026-10-08 15:58:32,048 BTPWorkerThread-46 (_rx_task) root DEBUG gap.py                    191   gap_device_found_ev_      : b'\xe0l\xcc\xc0\xa9\x94\xd4\xb8\x03\x1c\x00\n\tSMW028373\x02\n\x0c\r\x03\x0c\x11\n\x11\x0e\x11\x0b\x11\x1f\x11\x1e\x11'
2026-10-08 15:58:32,048 BTPWorkerThread-46 (_rx_task) root DEBUG gap.py                    205   gap_device_found_ev_      : found 'd494a9c0cc6c' type 224 eir b'\n\tSMW028373\x02\n\x0c\r\x03\x0c\x11\n\x11\x0e\x11\x0b\x11\x1f\x11\x1e\x11'
2026-10-08 15:58:32,111 BTPWorkerThread-46 (_rx_task) root DEBUG iutctl_common.py          123   read                      : Read 5 bytes
2026-10-08 15:58:32,111 BTPWorkerThread-46 (_rx_task) root DEBUG iutctl_common.py          131   read                      : Received: hdr: Header(svc_id=0x01, op=0x81, ctrl_index=0x00, data_len=0x26) bytearray(b'\x01\x81\x00&\x00')
2026-10-08 15:58:32,111 BTPWorkerThread-46 (_rx_task) root DEBUG iutctl_common.py          139   read                      : Read 38 bytes data
2026-10-08 15:58:32,111 BTPWorkerThread-46 (_rx_task) root DEBUG iutctl_common.py          154   read                      : Received data: {'e0 53 00 4c 17 e5 44 aa 03 1b 00 09 09 4e 58 4c 36 36 35 32 38 02 0a 0c 0d 03 0c 11 0a 11 0b 11 0e 11 1f 11 1e 11'}, bytearray(b'\xe0S\x00L\x17\xe5D\xaa\x03\x1b\x00\t\tNXL66528\x02\n\x0c\r\x03\x0c\x11\n\x11\x0b\x11\x0e\x11\x1f\x11\x1e\x11')
2026-10-08 15:58:32,111 BTPWorkerThread-46 (_rx_task) root DEBUG btp.py                    708   event_handler             : Header(svc_id=1, op=129, ctrl_index=0, data_len=38) (b'\xe0S\x00L\x17\xe5D\xaa\x03\x1b\x00\t\tNXL66528\x02\n\x0c\r\x03\x0c\x11\n\x11\x0b\x11\x0e\x11\x1f\x11\x1e\x11',)
2026-10-08 15:58:32,111 BTPWorkerThread-46 (_rx_task) root DEBUG gap.py                    191   gap_device_found_ev_      : b'\xe0S\x00L\x17\xe5D\xaa\x03\x1b\x00\t\tNXL66528\x02\n\x0c\r\x03\x0c\x11\n\x11\x0b\x11\x0e\x11\x1f\x11\x1e\x11'
2026-10-08 15:58:32,111 BTPWorkerThread-46 (_rx_task) root DEBUG gap.py                    205   gap_device_found_ev_      : found '44e5174c0053' type 224 eir b'\t\tNXL66528\x02\n\x0c\r\x03\x0c\x11\n\x11\x0b\x11\x0e\x11\x1f\x11\x1e\x11'
2026-10-08 15:58:32,122 BTPWorkerThread-46 (_rx_task) root DEBUG iutctl_common.py          123   read                      : Read 5 bytes
2026-10-08 15:58:32,122 BTPWorkerThread-46 (_rx_task) root DEBUG iutctl_common.py          131   read                      : Received: hdr: Header(svc_id=0x01, op=0x81, ctrl_index=0x00, data_len=0x2a) bytearray(b'\x01\x81\x00*\x00')
2026-10-08 15:58:32,122 BTPWorkerThread-46 (_rx_task) root DEBUG iutctl_common.py          139   read                      : Read 42 bytes data
2026-10-08 15:58:32,122 BTPWorkerThread-46 (_rx_task) root DEBUG iutctl_common.py          154   read                      : Received data: {'e0 95 83 06 dc 1b 00 af 03 1f 00 1e 09 48 46 50 20 41 47 20 44 65 6d 6f 20 30 30 3a 31 42 3a 44 43 3a 30 36 3a 38 33 3a 39 35'}, bytearray(b'\xe0\x95\x83\x06\xdc\x1b\x00\xaf\x03\x1f\x00\x1e\tHFP AG Demo 00:1B:DC:06:83:95')
2026-10-08 15:58:32,122 BTPWorkerThread-46 (_rx_task) root DEBUG btp.py                    708   event_handler             : Header(svc_id=1, op=129, ctrl_index=0, data_len=42) (b'\xe0\x95\x83\x06\xdc\x1b\x00\xaf\x03\x1f\x00\x1e\tHFP AG Demo 00:1B:DC:06:83:95',)
2026-10-08 15:58:32,122 BTPWorkerThread-46 (_rx_task) root DEBUG gap.py                    191   gap_device_found_ev_      : b'\xe0\x95\x83\x06\xdc\x1b\x00\xaf\x03\x1f\x00\x1e\tHFP AG Demo 00:1B:DC:06:83:95'
2026-10-08 15:58:32,122 BTPWorkerThread-46 (_rx_task) root DEBUG gap.py                    205   gap_device_found_ev_      : found '001bdc068395' type 224 eir b'\x1e\tHFP AG Demo 00:1B:DC:06:83:95'
2026-10-08 15:58:32,218 BTPWorkerThread-46 (_rx_task) root DEBUG iutctl_common.py          123   read                      : Read 5 bytes
2026-10-08 15:58:32,218 BTPWorkerThread-46 (_rx_task) root DEBUG iutctl_common.py          131   read                      : Received: hdr: Header(svc_id=0x01, op=0x81, ctrl_index=0x00, data_len=0x0b) bytearray(b'\x01\x81\x00\x0b\x00')
2026-10-08 15:58:32,218 BTPWorkerThread-46 (_rx_task) root DEBUG iutctl_common.py          139   read                      : Read 11 bytes data
2026-10-08 15:58:32,218 BTPWorkerThread-46 (_rx_task) root DEBUG iutctl_common.py          154   read                      : Received data: {'e0 53 00 4c 17 e5 44 ae 03 00 00'}, bytearray(b'\xe0S\x00L\x17\xe5D\xae\x03\x00\x00')
2026-10-08 15:58:32,218 BTPWorkerThread-46 (_rx_task) root DEBUG btp.py                    708   event_handler             : Header(svc_id=1, op=129, ctrl_index=0, data_len=11) (b'\xe0S\x00L\x17\xe5D\xae\x03\x00\x00',)
2026-10-08 15:58:32,218 BTPWorkerThread-46 (_rx_task) root DEBUG gap.py                    191   gap_device_found_ev_      : b'\xe0S\x00L\x17\xe5D\xae\x03\x00\x00'
2026-10-08 15:58:32,218 BTPWorkerThread-46 (_rx_task) root DEBUG gap.py                    205   gap_device_found_ev_      : found '44e5174c0053' type 224 eir b''
2026-10-08 15:58:32,542 BTPWorkerThread-46 (_rx_task) root DEBUG iutctl_common.py          123   read                      : Read 5 bytes
2026-10-08 15:58:32,542 BTPWorkerThread-46 (_rx_task) root DEBUG iutctl_common.py          131   read                      : Received: hdr: Header(svc_id=0x01, op=0x81, ctrl_index=0x00, data_len=0x15) bytearray(b'\x01\x81\x00\x15\x00')
2026-10-08 15:58:32,542 BTPWorkerThread-46 (_rx_task) root DEBUG iutctl_common.py          139   read                      : Read 21 bytes data
2026-10-08 15:58:32,542 BTPWorkerThread-46 (_rx_task) root DEBUG iutctl_common.py          154   read                      : Received data: {'e0 9e 03 80 3d 90 ee c3 03 0a 00 09 09 58 32 31 00 00 00 00 00'}, bytearray(b'\xe0\x9e\x03\x80=\x90\xee\xc3\x03\n\x00\t\tX21\x00\x00\x00\x00\x00')
2026-10-08 15:58:32,543 BTPWorkerThread-46 (_rx_task) root DEBUG btp.py                    708   event_handler             : Header(svc_id=1, op=129, ctrl_index=0, data_len=21) (b'\xe0\x9e\x03\x80=\x90\xee\xc3\x03\n\x00\t\tX21\x00\x00\x00\x00\x00',)
2026-10-08 15:58:32,543 BTPWorkerThread-46 (_rx_task) root DEBUG gap.py                    191   gap_device_found_ev_      : b'\xe0\x9e\x03\x80=\x90\xee\xc3\x03\n\x00\t\tX21\x00\x00\x00\x00\x00'
2026-10-08 15:58:32,543 BTPWorkerThread-46 (_rx_task) root DEBUG gap.py                    205   gap_device_found_ev_      : found 'ee903d80039e' type 224 eir b'\t\tX21\x00\x00\x00\x00\x00'
2026-10-08 15:58:32,564 BTPWorkerThread-46 (_rx_task) root DEBUG iutctl_common.py          123   read                      : Read 5 bytes
2026-10-08 15:58:32,564 BTPWorkerThread-46 (_rx_task) root DEBUG iutctl_common.py          131   read                      : Received: hdr: Header(svc_id=0x01, op=0x81, ctrl_index=0x00, data_len=0x15) bytearray(b'\x01\x81\x00\x15\x00')
2026-10-08 15:58:32,565 BTPWorkerThread-46 (_rx_task) root DEBUG iutctl_common.py          139   read                      : Read 21 bytes data
2026-10-08 15:58:32,565 BTPWorkerThread-46 (_rx_task) root DEBUG iutctl_common.py          154   read                      : Received data: {'e0 9e 03 80 3d 90 ee ca 03 0a 00 09 09 58 32 31 00 00 00 00 00'}, bytearray(b'\xe0\x9e\x03\x80=\x90\xee\xca\x03\n\x00\t\tX21\x00\x00\x00\x00\x00')
2026-10-08 15:58:32,565 BTPWorkerThread-46 (_rx_task) root DEBUG btp.py                    708   event_handler             : Header(svc_id=1, op=129, ctrl_index=0, data_len=21) (b'\xe0\x9e\x03\x80=\x90\xee\xca\x03\n\x00\t\tX21\x00\x00\x00\x00\x00',)
2026-10-08 15:58:32,565 BTPWorkerThread-46 (_rx_task) root DEBUG gap.py                    191   gap_device_found_ev_      : b'\xe0\x9e\x03\x80=\x90\xee\xca\x03\n\x00\t\tX21\x00\x00\x00\x00\x00'
2026-10-08 15:58:32,565 BTPWorkerThread-46 (_rx_task) root DEBUG gap.py                    205   gap_device_found_ev_      : found 'ee903d80039e' type 224 eir b'\t\tX21\x00\x00\x00\x00\x00'
2026-10-08 15:58:33,826 BTPWorkerThread-46 (_rx_task) root DEBUG iutctl_common.py          123   read                      : Read 5 bytes
2026-10-08 15:58:33,826 BTPWorkerThread-46 (_rx_task) root DEBUG iutctl_common.py          131   read                      : Received: hdr: Header(svc_id=0x01, op=0x81, ctrl_index=0x00, data_len=0x27) bytearray(b"\x01\x81\x00\'\x00")
2026-10-08 15:58:33,826 BTPWorkerThread-46 (_rx_task) root DEBUG iutctl_common.py          139   read                      : Read 39 bytes data
2026-10-08 15:58:33,827 BTPWorkerThread-46 (_rx_task) root DEBUG iutctl_common.py          154   read                      : Received data: {'e0 6c cc c0 a9 94 d4 b8 03 1c 00 0a 09 53 4d 57 30 32 38 33 37 33 02 0a 0c 0d 03 0c 11 0a 11 0e 11 0b 11 1f 11 1e 11'}, bytearray(b'\xe0l\xcc\xc0\xa9\x94\xd4\xb8\x03\x1c\x00\n\tSMW028373\x02\n\x0c\r\x03\x0c\x11\n\x11\x0e\x11\x0b\x11\x1f\x11\x1e\x11')
2026-10-08 15:58:33,827 BTPWorkerThread-46 (_rx_task) root DEBUG btp.py                    708   event_handler             : Header(svc_id=1, op=129, ctrl_index=0, data_len=39) (b'\xe0l\xcc\xc0\xa9\x94\xd4\xb8\x03\x1c\x00\n\tSMW028373\x02\n\x0c\r\x03\x0c\x11\n\x11\x0e\x11\x0b\x11\x1f\x11\x1e\x11',)
2026-10-08 15:58:33,827 BTPWorkerThread-46 (_rx_task) root DEBUG gap.py                    191   gap_device_found_ev_      : b'\xe0l\xcc\xc0\xa9\x94\xd4\xb8\x03\x1c\x00\n\tSMW028373\x02\n\x0c\r\x03\x0c\x11\n\x11\x0e\x11\x0b\x11\x1f\x11\x1e\x11'
2026-10-08 15:58:33,827 BTPWorkerThread-46 (_rx_task) root DEBUG gap.py                    205   gap_device_found_ev_      : found 'd494a9c0cc6c' type 224 eir b'\n\tSMW028373\x02\n\x0c\r\x03\x0c\x11\n\x11\x0e\x11\x0b\x11\x1f\x11\x1e\x11'
2026-10-08 15:58:33,934 BTPWorkerThread-46 (_rx_task) root DEBUG iutctl_common.py          123   read                      : Read 5 bytes
2026-10-08 15:58:33,934 BTPWorkerThread-46 (_rx_task) root DEBUG iutctl_common.py          131   read                      : Received: hdr: Header(svc_id=0x01, op=0x81, ctrl_index=0x00, data_len=0x2a) bytearray(b'\x01\x81\x00*\x00')
2026-10-08 15:58:33,934 BTPWorkerThread-46 (_rx_task) root DEBUG iutctl_common.py          139   read                      : Read 21 bytes data
2026-10-08 15:58:33,945 BTPWorkerThread-46 (_rx_task) root DEBUG iutctl_common.py          139   read                      : Read 21 bytes data
2026-10-08 15:58:33,945 BTPWorkerThread-46 (_rx_task) root DEBUG iutctl_common.py          154   read                      : Received data: {'e0 cd 83 06 dc 1b 00 b1 03 1f 00 1e 09 41 32 44 50 20 53 6f 75 72 63 65 20 30 30 3a 31 42 3a 44 43 3a 30 36 3a 38 33 3a 43 44'}, bytearray(b'\xe0\xcd\x83\x06\xdc\x1b\x00\xb1\x03\x1f\x00\x1e\tA2DP Source 00:1B:DC:06:83:CD')
2026-10-08 15:58:33,945 BTPWorkerThread-46 (_rx_task) root DEBUG btp.py                    708   event_handler             : Header(svc_id=1, op=129, ctrl_index=0, data_len=42) (b'\xe0\xcd\x83\x06\xdc\x1b\x00\xb1\x03\x1f\x00\x1e\tA2DP Source 00:1B:DC:06:83:CD',)
2026-10-08 15:58:33,946 BTPWorkerThread-46 (_rx_task) root DEBUG gap.py                    191   gap_device_found_ev_      : b'\xe0\xcd\x83\x06\xdc\x1b\x00\xb1\x03\x1f\x00\x1e\tA2DP Source 00:1B:DC:06:83:CD'
2026-10-08 15:58:33,946 BTPWorkerThread-46 (_rx_task) root DEBUG gap.py                    205   gap_device_found_ev_      : found '001bdc0683cd' type 224 eir b'\x1e\tA2DP Source 00:1B:DC:06:83:CD'
2026-10-08 15:58:34,107 BTPWorkerThread-46 (_rx_task) root DEBUG iutctl_common.py          123   read                      : Read 5 bytes
2026-10-08 15:58:34,107 BTPWorkerThread-46 (_rx_task) root DEBUG iutctl_common.py          131   read                      : Received: hdr: Header(svc_id=0x01, op=0x81, ctrl_index=0x00, data_len=0x26) bytearray(b'\x01\x81\x00&\x00')
2026-10-08 15:58:34,107 BTPWorkerThread-46 (_rx_task) root DEBUG iutctl_common.py          139   read                      : Read 6 bytes data
2026-10-08 15:58:34,117 BTPWorkerThread-46 (_rx_task) root DEBUG iutctl_common.py          139   read                      : Read 32 bytes data
2026-10-08 15:58:34,118 BTPWorkerThread-46 (_rx_task) root DEBUG iutctl_common.py          154   read                      : Received data: {'e0 53 00 4c 17 e5 44 ad 03 1b 00 09 09 4e 58 4c 36 36 35 32 38 02 0a 0c 0d 03 0c 11 0a 11 0b 11 0e 11 1f 11 1e 11'}, bytearray(b'\xe0S\x00L\x17\xe5D\xad\x03\x1b\x00\t\tNXL66528\x02\n\x0c\r\x03\x0c\x11\n\x11\x0b\x11\x0e\x11\x1f\x11\x1e\x11')
2026-10-08 15:58:34,118 BTPWorkerThread-46 (_rx_task) root DEBUG btp.py                    708   event_handler             : Header(svc_id=1, op=129, ctrl_index=0, data_len=38) (b'\xe0S\x00L\x17\xe5D\xad\x03\x1b\x00\t\tNXL66528\x02\n\x0c\r\x03\x0c\x11\n\x11\x0b\x11\x0e\x11\x1f\x11\x1e\x11',)
2026-10-08 15:58:34,118 BTPWorkerThread-46 (_rx_task) root DEBUG gap.py                    191   gap_device_found_ev_      : b'\xe0S\x00L\x17\xe5D\xad\x03\x1b\x00\t\tNXL66528\x02\n\x0c\r\x03\x0c\x11\n\x11\x0b\x11\x0e\x11\x1f\x11\x1e\x11'
2026-10-08 15:58:34,118 BTPWorkerThread-46 (_rx_task) root DEBUG gap.py                    205   gap_device_found_ev_      : found '44e5174c0053' type 224 eir b'\t\tNXL66528\x02\n\x0c\r\x03\x0c\x11\n\x11\x0b\x11\x0e\x11\x1f\x11\x1e\x11'
2026-10-08 15:58:34,269 BTPWorkerThread-46 (_rx_task) root DEBUG iutctl_common.py          123   read                      : Read 5 bytes
2026-10-08 15:58:34,269 BTPWorkerThread-46 (_rx_task) root DEBUG iutctl_common.py          131   read                      : Received: hdr: Header(svc_id=0x01, op=0x81, ctrl_index=0x00, data_len=0x26) bytearray(b'\x01\x81\x00&\x00')
2026-10-08 15:58:34,269 BTPWorkerThread-46 (_rx_task) root DEBUG iutctl_common.py          139   read                      : Read 3 bytes data
2026-10-08 15:58:34,280 BTPWorkerThread-46 (_rx_task) root DEBUG iutctl_common.py          139   read                      : Read 35 bytes data
2026-10-08 15:58:34,280 BTPWorkerThread-46 (_rx_task) root DEBUG iutctl_common.py          154   read                      : Received data: {'e0 53 00 4c 17 e5 44 ab 03 1b 00 09 09 4e 58 4c 36 36 35 32 38 02 0a 0c 0d 03 0c 11 0a 11 0b 11 0e 11 1f 11 1e 11'}, bytearray(b'\xe0S\x00L\x17\xe5D\xab\x03\x1b\x00\t\tNXL66528\x02\n\x0c\r\x03\x0c\x11\n\x11\x0b\x11\x0e\x11\x1f\x11\x1e\x11')
2026-10-08 15:58:34,281 BTPWorkerThread-46 (_rx_task) root DEBUG btp.py                    708   event_handler             : Header(svc_id=1, op=129, ctrl_index=0, data_len=38) (b'\xe0S\x00L\x17\xe5D\xab\x03\x1b\x00\t\tNXL66528\x02\n\x0c\r\x03\x0c\x11\n\x11\x0b\x11\x0e\x11\x1f\x11\x1e\x11',)
2026-10-08 15:58:34,281 BTPWorkerThread-46 (_rx_task) root DEBUG gap.py                    191   gap_device_found_ev_      : b'\xe0S\x00L\x17\xe5D\xab\x03\x1b\x00\t\tNXL66528\x02\n\x0c\r\x03\x0c\x11\n\x11\x0b\x11\x0e\x11\x1f\x11\x1e\x11'
2026-10-08 15:58:34,281 BTPWorkerThread-46 (_rx_task) root DEBUG gap.py                    205   gap_device_found_ev_      : found '44e5174c0053' type 224 eir b'\t\tNXL66528\x02\n\x0c\r\x03\x0c\x11\n\x11\x0b\x11\x0e\x11\x1f\x11\x1e\x11'
2026-10-08 15:58:34,453 BTPWorkerThread-46 (_rx_task) root DEBUG iutctl_common.py          123   read                      : Read 5 bytes
2026-10-08 15:58:34,453 BTPWorkerThread-46 (_rx_task) root DEBUG iutctl_common.py          131   read                      : Received: hdr: Header(svc_id=0x01, op=0x81, ctrl_index=0x00, data_len=0x1c) bytearray(b'\x01\x81\x00\x1c\x00')
2026-10-08 15:58:34,454 BTPWorkerThread-46 (_rx_task) root DEBUG iutctl_common.py          139   read                      : Read 28 bytes data
2026-10-08 15:58:34,454 BTPWorkerThread-46 (_rx_task) root DEBUG iutctl_common.py          154   read                      : Received data: {'e0 4e e4 08 dc 1b 00 c8 03 11 00 10 09 50 54 53 2d 48 49 44 31 31 2d 45 34 34 45 00'}, bytearray(b'\xe0N\xe4\x08\xdc\x1b\x00\xc8\x03\x11\x00\x10\tPTS-HID11-E44E\x00')
2026-10-08 15:58:34,454 BTPWorkerThread-46 (_rx_task) root DEBUG btp.py                    708   event_handler             : Header(svc_id=1, op=129, ctrl_index=0, data_len=28) (b'\xe0N\xe4\x08\xdc\x1b\x00\xc8\x03\x11\x00\x10\tPTS-HID11-E44E\x00',)
2026-10-08 15:58:34,454 BTPWorkerThread-46 (_rx_task) root DEBUG gap.py                    191   gap_device_found_ev_      : b'\xe0N\xe4\x08\xdc\x1b\x00\xc8\x03\x11\x00\x10\tPTS-HID11-E44E\x00'
2026-10-08 15:58:34,454 BTPWorkerThread-46 (_rx_task) root DEBUG gap.py                    205   gap_device_found_ev_      : found '001bdc08e44e' type 224 eir b'\x10\tPTS-HID11-E44E\x00'
2026-10-08 15:58:34,562 BTPWorkerThread-46 (_rx_task) root DEBUG iutctl_common.py          123   read                      : Read 5 bytes
2026-10-08 15:58:34,562 BTPWorkerThread-46 (_rx_task) root DEBUG iutctl_common.py          131   read                      : Received: hdr: Header(svc_id=0x01, op=0x81, ctrl_index=0x00, data_len=0x2a) bytearray(b'\x01\x81\x00*\x00')
2026-10-08 15:58:34,562 BTPWorkerThread-46 (_rx_task) root DEBUG iutctl_common.py          139   read                      : Read 42 bytes data
2026-10-08 15:58:34,563 BTPWorkerThread-46 (_rx_task) root DEBUG iutctl_common.py          154   read                      : Received data: {'e0 cd 83 06 dc 1b 00 b1 03 1f 00 1e 09 41 32 44 50 20 53 6f 75 72 63 65 20 30 30 3a 31 42 3a 44 43 3a 30 36 3a 38 33 3a 43 44'}, bytearray(b'\xe0\xcd\x83\x06\xdc\x1b\x00\xb1\x03\x1f\x00\x1e\tA2DP Source 00:1B:DC:06:83:CD')
2026-10-08 15:58:34,563 BTPWorkerThread-46 (_rx_task) root DEBUG btp.py                    708   event_handler             : Header(svc_id=1, op=129, ctrl_index=0, data_len=42) (b'\xe0\xcd\x83\x06\xdc\x1b\x00\xb1\x03\x1f\x00\x1e\tA2DP Source 00:1B:DC:06:83:CD',)
2026-10-08 15:58:34,563 BTPWorkerThread-46 (_rx_task) root DEBUG gap.py                    191   gap_device_found_ev_      : b'\xe0\xcd\x83\x06\xdc\x1b\x00\xb1\x03\x1f\x00\x1e\tA2DP Source 00:1B:DC:06:83:CD'
2026-10-08 15:58:34,563 BTPWorkerThread-46 (_rx_task) root DEBUG gap.py                    205   gap_device_found_ev_      : found '001bdc0683cd' type 224 eir b'\x1e\tA2DP Source 00:1B:DC:06:83:CD'
2026-10-08 15:58:34,724 BTPWorkerThread-46 (_rx_task) root DEBUG iutctl_common.py          123   read                      : Read 5 bytes
2026-10-08 15:58:34,724 BTPWorkerThread-46 (_rx_task) root DEBUG iutctl_common.py          131   read                      : Received: hdr: Header(svc_id=0x01, op=0x81, ctrl_index=0x00, data_len=0x2a) bytearray(b'\x01\x81\x00*\x00')
2026-10-08 15:58:34,724 BTPWorkerThread-46 (_rx_task) root DEBUG iutctl_common.py          139   read                      : Read 42 bytes data
2026-10-08 15:58:34,725 BTPWorkerThread-46 (_rx_task) root DEBUG iutctl_common.py          154   read                      : Received data: {'e0 cd 83 06 dc 1b 00 af 03 1f 00 1e 09 41 32 44 50 20 53 6f 75 72 63 65 20 30 30 3a 31 42 3a 44 43 3a 30 36 3a 38 33 3a 43 44'}, bytearray(b'\xe0\xcd\x83\x06\xdc\x1b\x00\xaf\x03\x1f\x00\x1e\tA2DP Source 00:1B:DC:06:83:CD')
2026-10-08 15:58:34,725 BTPWorkerThread-46 (_rx_task) root DEBUG btp.py                    708   event_handler             : Header(svc_id=1, op=129, ctrl_index=0, data_len=42) (b'\xe0\xcd\x83\x06\xdc\x1b\x00\xaf\x03\x1f\x00\x1e\tA2DP Source 00:1B:DC:06:83:CD',)
2026-10-08 15:58:34,725 BTPWorkerThread-46 (_rx_task) root DEBUG gap.py                    191   gap_device_found_ev_      : b'\xe0\xcd\x83\x06\xdc\x1b\x00\xaf\x03\x1f\x00\x1e\tA2DP Source 00:1B:DC:06:83:CD'
2026-10-08 15:58:34,725 BTPWorkerThread-46 (_rx_task) root DEBUG gap.py                    205   gap_device_found_ev_      : found '001bdc0683cd' type 224 eir b'\x1e\tA2DP Source 00:1B:DC:06:83:CD'
2026-10-08 15:58:34,756 BTPWorkerThread-46 (_rx_task) root DEBUG iutctl_common.py          123   read                      : Read 5 bytes
2026-10-08 15:58:34,756 BTPWorkerThread-46 (_rx_task) root DEBUG iutctl_common.py          131   read                      : Received: hdr: Header(svc_id=0x01, op=0x81, ctrl_index=0x00, data_len=0x26) bytearray(b'\x01\x81\x00&\x00')
2026-10-08 15:58:34,756 BTPWorkerThread-46 (_rx_task) root DEBUG iutctl_common.py          139   read                      : Read 38 bytes data
2026-10-08 15:58:34,757 BTPWorkerThread-46 (_rx_task) root DEBUG iutctl_common.py          154   read                      : Received data: {'e0 53 00 4c 17 e5 44 aa 03 1b 00 09 09 4e 58 4c 36 36 35 32 38 02 0a 0c 0d 03 0c 11 0a 11 0b 11 0e 11 1f 11 1e 11'}, bytearray(b'\xe0S\x00L\x17\xe5D\xaa\x03\x1b\x00\t\tNXL66528\x02\n\x0c\r\x03\x0c\x11\n\x11\x0b\x11\x0e\x11\x1f\x11\x1e\x11')
2026-10-08 15:58:34,757 BTPWorkerThread-46 (_rx_task) root DEBUG btp.py                    708   event_handler             : Header(svc_id=1, op=129, ctrl_index=0, data_len=38) (b'\xe0S\x00L\x17\xe5D\xaa\x03\x1b\x00\t\tNXL66528\x02\n\x0c\r\x03\x0c\x11\n\x11\x0b\x11\x0e\x11\x1f\x11\x1e\x11',)
2026-10-08 15:58:34,757 BTPWorkerThread-46 (_rx_task) root DEBUG gap.py                    191   gap_device_found_ev_      : b'\xe0S\x00L\x17\xe5D\xaa\x03\x1b\x00\t\tNXL66528\x02\n\x0c\r\x03\x0c\x11\n\x11\x0b\x11\x0e\x11\x1f\x11\x1e\x11'
2026-10-08 15:58:34,757 BTPWorkerThread-46 (_rx_task) root DEBUG gap.py                    205   gap_device_found_ev_      : found '44e5174c0053' type 224 eir b'\t\tNXL66528\x02\n\x0c\r\x03\x0c\x11\n\x11\x0b\x11\x0e\x11\x1f\x11\x1e\x11'
2026-10-08 15:58:35,066 BTPWorkerThread-46 (_rx_task) root DEBUG iutctl_common.py          123   read                      : Read 5 bytes
2026-10-08 15:58:35,066 BTPWorkerThread-46 (_rx_task) root DEBUG iutctl_common.py          131   read                      : Received: hdr: Header(svc_id=0x01, op=0x81, ctrl_index=0x00, data_len=0x2a) bytearray(b'\x01\x81\x00*\x00')
2026-10-08 15:58:35,066 BTPWorkerThread-46 (_rx_task) root DEBUG iutctl_common.py          139   read                      : Read 42 bytes data
2026-10-08 15:58:35,067 BTPWorkerThread-46 (_rx_task) root DEBUG iutctl_common.py          154   read                      : Received data: {'e0 95 83 06 dc 1b 00 ae 03 1f 00 1e 09 48 46 50 20 41 47 20 44 65 6d 6f 20 30 30 3a 31 42 3a 44 43 3a 30 36 3a 38 33 3a 39 35'}, bytearray(b'\xe0\x95\x83\x06\xdc\x1b\x00\xae\x03\x1f\x00\x1e\tHFP AG Demo 00:1B:DC:06:83:95')
2026-10-08 15:58:35,067 BTPWorkerThread-46 (_rx_task) root DEBUG btp.py                    708   event_handler             : Header(svc_id=1, op=129, ctrl_index=0, data_len=42) (b'\xe0\x95\x83\x06\xdc\x1b\x00\xae\x03\x1f\x00\x1e\tHFP AG Demo 00:1B:DC:06:83:95',)
2026-10-08 15:58:35,067 BTPWorkerThread-46 (_rx_task) root DEBUG gap.py                    191   gap_device_found_ev_      : b'\xe0\x95\x83\x06\xdc\x1b\x00\xae\x03\x1f\x00\x1e\tHFP AG Demo 00:1B:DC:06:83:95'
2026-10-08 15:58:35,067 BTPWorkerThread-46 (_rx_task) root DEBUG gap.py                    205   gap_device_found_ev_      : found '001bdc068395' type 224 eir b'\x1e\tHFP AG Demo 00:1B:DC:06:83:95'
2026-10-08 15:58:35,098 BTPWorkerThread-46 (_rx_task) root DEBUG iutctl_common.py          123   read                      : Read 5 bytes
2026-10-08 15:58:35,098 BTPWorkerThread-46 (_rx_task) root DEBUG iutctl_common.py          131   read                      : Received: hdr: Header(svc_id=0x01, op=0x81, ctrl_index=0x00, data_len=0x27) bytearray(b"\x01\x81\x00\'\x00")
2026-10-08 15:58:35,098 BTPWorkerThread-46 (_rx_task) root DEBUG iutctl_common.py          139   read                      : Read 39 bytes data
2026-10-08 15:58:35,099 BTPWorkerThread-46 (_rx_task) root DEBUG iutctl_common.py          154   read                      : Received data: {'e0 6c cc c0 a9 94 d4 b3 03 1c 00 0a 09 53 4d 57 30 32 38 33 37 33 02 0a 0c 0d 03 0c 11 0a 11 0e 11 0b 11 1f 11 1e 11'}, bytearray(b'\xe0l\xcc\xc0\xa9\x94\xd4\xb3\x03\x1c\x00\n\tSMW028373\x02\n\x0c\r\x03\x0c\x11\n\x11\x0e\x11\x0b\x11\x1f\x11\x1e\x11')
2026-10-08 15:58:35,099 BTPWorkerThread-46 (_rx_task) root DEBUG btp.py                    708   event_handler             : Header(svc_id=1, op=129, ctrl_index=0, data_len=39) (b'\xe0l\xcc\xc0\xa9\x94\xd4\xb3\x03\x1c\x00\n\tSMW028373\x02\n\x0c\r\x03\x0c\x11\n\x11\x0e\x11\x0b\x11\x1f\x11\x1e\x11',)
2026-10-08 15:58:35,099 BTPWorkerThread-46 (_rx_task) root DEBUG gap.py                    191   gap_device_found_ev_      : b'\xe0l\xcc\xc0\xa9\x94\xd4\xb3\x03\x1c\x00\n\tSMW028373\x02\n\x0c\r\x03\x0c\x11\n\x11\x0e\x11\x0b\x11\x1f\x11\x1e\x11'
2026-10-08 15:58:35,099 BTPWorkerThread-46 (_rx_task) root DEBUG gap.py                    205   gap_device_found_ev_      : found 'd494a9c0cc6c' type 224 eir b'\n\tSMW028373\x02\n\x0c\r\x03\x0c\x11\n\x11\x0e\x11\x0b\x11\x1f\x11\x1e\x11'
2026-10-08 15:58:35,270 BTPWorkerThread-46 (_rx_task) root DEBUG iutctl_common.py          123   read                      : Read 5 bytes
2026-10-08 15:58:35,271 BTPWorkerThread-46 (_rx_task) root DEBUG iutctl_common.py          131   read                      : Received: hdr: Header(svc_id=0x01, op=0x81, ctrl_index=0x00, data_len=0x26) bytearray(b'\x01\x81\x00&\x00')
2026-10-08 15:58:35,271 BTPWorkerThread-46 (_rx_task) root DEBUG iutctl_common.py          139   read                      : Read 12 bytes data
2026-10-08 15:58:35,282 BTPWorkerThread-46 (_rx_task) root DEBUG iutctl_common.py          139   read                      : Read 26 bytes data
2026-10-08 15:58:35,282 BTPWorkerThread-46 (_rx_task) root DEBUG iutctl_common.py          154   read                      : Received data: {'e0 53 00 4c 17 e5 44 ab 03 1b 00 09 09 4e 58 4c 36 36 35 32 38 02 0a 0c 0d 03 0c 11 0a 11 0b 11 0e 11 1f 11 1e 11'}, bytearray(b'\xe0S\x00L\x17\xe5D\xab\x03\x1b\x00\t\tNXL66528\x02\n\x0c\r\x03\x0c\x11\n\x11\x0b\x11\x0e\x11\x1f\x11\x1e\x11')
2026-10-08 15:58:35,282 BTPWorkerThread-46 (_rx_task) root DEBUG btp.py                    708   event_handler             : Header(svc_id=1, op=129, ctrl_index=0, data_len=38) (b'\xe0S\x00L\x17\xe5D\xab\x03\x1b\x00\t\tNXL66528\x02\n\x0c\r\x03\x0c\x11\n\x11\x0b\x11\x0e\x11\x1f\x11\x1e\x11',)
2026-10-08 15:58:35,282 BTPWorkerThread-46 (_rx_task) root DEBUG gap.py                    191   gap_device_found_ev_      : b'\xe0S\x00L\x17\xe5D\xab\x03\x1b\x00\t\tNXL66528\x02\n\x0c\r\x03\x0c\x11\n\x11\x0b\x11\x0e\x11\x1f\x11\x1e\x11'
2026-10-08 15:58:35,282 BTPWorkerThread-46 (_rx_task) root DEBUG gap.py                    205   gap_device_found_ev_      : found '44e5174c0053' type 224 eir b'\t\tNXL66528\x02\n\x0c\r\x03\x0c\x11\n\x11\x0b\x11\x0e\x11\x1f\x11\x1e\x11'
2026-10-08 15:58:35,398 BTPWorkerThread-46 (_rx_task) root DEBUG iutctl_common.py          123   read                      : Read 5 bytes
2026-10-08 15:58:35,398 BTPWorkerThread-46 (_rx_task) root DEBUG iutctl_common.py          131   read                      : Received: hdr: Header(svc_id=0x01, op=0x81, ctrl_index=0x00, data_len=0x2a) bytearray(b'\x01\x81\x00*\x00')
2026-10-08 15:58:35,399 BTPWorkerThread-46 (_rx_task) root DEBUG iutctl_common.py          139   read                      : Read 42 bytes data
2026-10-08 15:58:35,399 BTPWorkerThread-46 (_rx_task) root DEBUG iutctl_common.py          154   read                      : Received data: {'e0 95 83 06 dc 1b 00 aa 03 1f 00 1e 09 48 46 50 20 41 47 20 44 65 6d 6f 20 30 30 3a 31 42 3a 44 43 3a 30 36 3a 38 33 3a 39 35'}, bytearray(b'\xe0\x95\x83\x06\xdc\x1b\x00\xaa\x03\x1f\x00\x1e\tHFP AG Demo 00:1B:DC:06:83:95')
2026-10-08 15:58:35,399 BTPWorkerThread-46 (_rx_task) root DEBUG btp.py                    708   event_handler             : Header(svc_id=1, op=129, ctrl_index=0, data_len=42) (b'\xe0\x95\x83\x06\xdc\x1b\x00\xaa\x03\x1f\x00\x1e\tHFP AG Demo 00:1B:DC:06:83:95',)
2026-10-08 15:58:35,399 BTPWorkerThread-46 (_rx_task) root DEBUG gap.py                    191   gap_device_found_ev_      : b'\xe0\x95\x83\x06\xdc\x1b\x00\xaa\x03\x1f\x00\x1e\tHFP AG Demo 00:1B:DC:06:83:95'
2026-10-08 15:58:35,399 BTPWorkerThread-46 (_rx_task) root DEBUG gap.py                    205   gap_device_found_ev_      : found '001bdc068395' type 224 eir b'\x1e\tHFP AG Demo 00:1B:DC:06:83:95'
2026-10-08 15:58:35,687 BTPWorkerThread-46 (_rx_task) root DEBUG iutctl_common.py          123   read                      : Read 5 bytes
2026-10-08 15:58:35,687 BTPWorkerThread-46 (_rx_task) root DEBUG iutctl_common.py          131   read                      : Received: hdr: Header(svc_id=0x01, op=0x81, ctrl_index=0x00, data_len=0x26) bytearray(b'\x01\x81\x00&\x00')
2026-10-08 15:58:35,687 BTPWorkerThread-46 (_rx_task) root DEBUG iutctl_common.py          139   read                      : Read 38 bytes data
2026-10-08 15:58:35,688 BTPWorkerThread-46 (_rx_task) root DEBUG iutctl_common.py          154   read                      : Received data: {'e0 53 00 4c 17 e5 44 a8 03 1b 00 09 09 4e 58 4c 36 36 35 32 38 02 0a 0c 0d 03 0c 11 0a 11 0b 11 0e 11 1f 11 1e 11'}, bytearray(b'\xe0S\x00L\x17\xe5D\xa8\x03\x1b\x00\t\tNXL66528\x02\n\x0c\r\x03\x0c\x11\n\x11\x0b\x11\x0e\x11\x1f\x11\x1e\x11')
2026-10-08 15:58:35,688 BTPWorkerThread-46 (_rx_task) root DEBUG btp.py                    708   event_handler             : Header(svc_id=1, op=129, ctrl_index=0, data_len=38) (b'\xe0S\x00L\x17\xe5D\xa8\x03\x1b\x00\t\tNXL66528\x02\n\x0c\r\x03\x0c\x11\n\x11\x0b\x11\x0e\x11\x1f\x11\x1e\x11',)
2026-10-08 15:58:35,688 BTPWorkerThread-46 (_rx_task) root DEBUG gap.py                    191   gap_device_found_ev_      : b'\xe0S\x00L\x17\xe5D\xa8\x03\x1b\x00\t\tNXL66528\x02\n\x0c\r\x03\x0c\x11\n\x11\x0b\x11\x0e\x11\x1f\x11\x1e\x11'
2026-10-08 15:58:35,688 BTPWorkerThread-46 (_rx_task) root DEBUG gap.py                    205   gap_device_found_ev_      : found '44e5174c0053' type 224 eir b'\t\tNXL66528\x02\n\x0c\r\x03\x0c\x11\n\x11\x0b\x11\x0e\x11\x1f\x11\x1e\x11'
2026-10-08 15:58:35,828 BTPWorkerThread-46 (_rx_task) root DEBUG iutctl_common.py          123   read                      : Read 5 bytes
2026-10-08 15:58:35,828 BTPWorkerThread-46 (_rx_task) root DEBUG iutctl_common.py          131   read                      : Received: hdr: Header(svc_id=0x01, op=0x81, ctrl_index=0x00, data_len=0x0b) bytearray(b'\x01\x81\x00\x0b\x00')
2026-10-08 15:58:35,828 BTPWorkerThread-46 (_rx_task) root DEBUG iutctl_common.py          139   read                      : Read 11 bytes data
2026-10-08 15:58:35,828 BTPWorkerThread-46 (_rx_task) root DEBUG iutctl_common.py          154   read                      : Received data: {'e0 4d 65 9b 70 f3 5c a4 03 00 00'}, bytearray(b'\xe0Me\x9bp\xf3\\\xa4\x03\x00\x00')
2026-10-08 15:58:35,829 BTPWorkerThread-46 (_rx_task) root DEBUG btp.py                    708   event_handler             : Header(svc_id=1, op=129, ctrl_index=0, data_len=11) (b'\xe0Me\x9bp\xf3\\\xa4\x03\x00\x00',)
2026-10-08 15:58:35,829 BTPWorkerThread-46 (_rx_task) root DEBUG gap.py                    191   gap_device_found_ev_      : b'\xe0Me\x9bp\xf3\\\xa4\x03\x00\x00'
2026-10-08 15:58:35,829 BTPWorkerThread-46 (_rx_task) root DEBUG gap.py                    205   gap_device_found_ev_      : found '5cf3709b654d' type 224 eir b''
2026-10-08 15:58:35,949 BTPWorkerThread-46 (_rx_task) root DEBUG iutctl_common.py          123   read                      : Read 5 bytes
2026-10-08 15:58:35,949 BTPWorkerThread-46 (_rx_task) root DEBUG iutctl_common.py          131   read                      : Received: hdr: Header(svc_id=0x01, op=0x81, ctrl_index=0x00, data_len=0x0b) bytearray(b'\x01\x81\x00\x0b\x00')
2026-10-08 15:58:35,949 BTPWorkerThread-46 (_rx_task) root DEBUG iutctl_common.py          139   read                      : Read 11 bytes data
2026-10-08 15:58:35,950 BTPWorkerThread-46 (_rx_task) root DEBUG iutctl_common.py          154   read                      : Received data: {'e0 95 83 06 dc 1b 00 aa 03 00 00'}, bytearray(b'\xe0\x95\x83\x06\xdc\x1b\x00\xaa\x03\x00\x00')
2026-10-08 15:58:35,950 BTPWorkerThread-46 (_rx_task) root DEBUG btp.py                    708   event_handler             : Header(svc_id=1, op=129, ctrl_index=0, data_len=11) (b'\xe0\x95\x83\x06\xdc\x1b\x00\xaa\x03\x00\x00',)
2026-10-08 15:58:35,950 BTPWorkerThread-46 (_rx_task) root DEBUG gap.py                    191   gap_device_found_ev_      : b'\xe0\x95\x83\x06\xdc\x1b\x00\xaa\x03\x00\x00'
2026-10-08 15:58:35,950 BTPWorkerThread-46 (_rx_task) root DEBUG gap.py                    205   gap_device_found_ev_      : found '001bdc068395' type 224 eir b''
2026-10-08 15:58:36,067 BTPWorkerThread-46 (_rx_task) root DEBUG iutctl_common.py          123   read                      : Read 5 bytes
2026-10-08 15:58:36,067 BTPWorkerThread-46 (_rx_task) root DEBUG iutctl_common.py          131   read                      : Received: hdr: Header(svc_id=0x01, op=0x81, ctrl_index=0x00, data_len=0x26) bytearray(b'\x01\x81\x00&\x00')
2026-10-08 15:58:36,068 BTPWorkerThread-46 (_rx_task) root DEBUG iutctl_common.py          139   read                      : Read 38 bytes data
2026-10-08 15:58:36,068 BTPWorkerThread-46 (_rx_task) root DEBUG iutctl_common.py          154   read                      : Received data: {'e0 53 00 4c 17 e5 44 ab 03 1b 00 09 09 4e 58 4c 36 36 35 32 38 02 0a 0c 0d 03 0c 11 0a 11 0b 11 0e 11 1f 11 1e 11'}, bytearray(b'\xe0S\x00L\x17\xe5D\xab\x03\x1b\x00\t\tNXL66528\x02\n\x0c\r\x03\x0c\x11\n\x11\x0b\x11\x0e\x11\x1f\x11\x1e\x11')
2026-10-08 15:58:36,068 BTPWorkerThread-46 (_rx_task) root DEBUG btp.py                    708   event_handler             : Header(svc_id=1, op=129, ctrl_index=0, data_len=38) (b'\xe0S\x00L\x17\xe5D\xab\x03\x1b\x00\t\tNXL66528\x02\n\x0c\r\x03\x0c\x11\n\x11\x0b\x11\x0e\x11\x1f\x11\x1e\x11',)
2026-10-08 15:58:36,068 BTPWorkerThread-46 (_rx_task) root DEBUG gap.py                    191   gap_device_found_ev_      : b'\xe0S\x00L\x17\xe5D\xab\x03\x1b\x00\t\tNXL66528\x02\n\x0c\r\x03\x0c\x11\n\x11\x0b\x11\x0e\x11\x1f\x11\x1e\x11'
2026-10-08 15:58:36,068 BTPWorkerThread-46 (_rx_task) root DEBUG gap.py                    205   gap_device_found_ev_      : found '44e5174c0053' type 224 eir b'\t\tNXL66528\x02\n\x0c\r\x03\x0c\x11\n\x11\x0b\x11\x0e\x11\x1f\x11\x1e\x11'
2026-10-08 15:58:36,399 BTPWorkerThread-46 (_rx_task) root DEBUG iutctl_common.py          123   read                      : Read 5 bytes
2026-10-08 15:58:36,399 BTPWorkerThread-46 (_rx_task) root DEBUG iutctl_common.py          131   read                      : Received: hdr: Header(svc_id=0x01, op=0x81, ctrl_index=0x00, data_len=0x2a) bytearray(b'\x01\x81\x00*\x00')
2026-10-08 15:58:36,399 BTPWorkerThread-46 (_rx_task) root DEBUG iutctl_common.py          139   read                      : Read 42 bytes data
2026-10-08 15:58:36,399 BTPWorkerThread-46 (_rx_task) root DEBUG iutctl_common.py          154   read                      : Received data: {'e0 95 83 06 dc 1b 00 af 03 1f 00 1e 09 48 46 50 20 41 47 20 44 65 6d 6f 20 30 30 3a 31 42 3a 44 43 3a 30 36 3a 38 33 3a 39 35'}, bytearray(b'\xe0\x95\x83\x06\xdc\x1b\x00\xaf\x03\x1f\x00\x1e\tHFP AG Demo 00:1B:DC:06:83:95')
2026-10-08 15:58:36,400 BTPWorkerThread-46 (_rx_task) root DEBUG btp.py                    708   event_handler             : Header(svc_id=1, op=129, ctrl_index=0, data_len=42) (b'\xe0\x95\x83\x06\xdc\x1b\x00\xaf\x03\x1f\x00\x1e\tHFP AG Demo 00:1B:DC:06:83:95',)
2026-10-08 15:58:36,400 BTPWorkerThread-46 (_rx_task) root DEBUG gap.py                    191   gap_device_found_ev_      : b'\xe0\x95\x83\x06\xdc\x1b\x00\xaf\x03\x1f\x00\x1e\tHFP AG Demo 00:1B:DC:06:83:95'
2026-10-08 15:58:36,400 BTPWorkerThread-46 (_rx_task) root DEBUG gap.py                    205   gap_device_found_ev_      : found '001bdc068395' type 224 eir b'\x1e\tHFP AG Demo 00:1B:DC:06:83:95'
2026-10-08 15:58:36,668 BTPWorkerThread-46 (_rx_task) root DEBUG iutctl_common.py          123   read                      : Read 5 bytes
2026-10-08 15:58:36,668 BTPWorkerThread-46 (_rx_task) root DEBUG iutctl_common.py          131   read                      : Received: hdr: Header(svc_id=0x01, op=0x81, ctrl_index=0x00, data_len=0x2a) bytearray(b'\x01\x81\x00*\x00')
2026-10-08 15:58:36,668 BTPWorkerThread-46 (_rx_task) root DEBUG iutctl_common.py          139   read                      : Read 42 bytes data
2026-10-08 15:58:36,668 BTPWorkerThread-46 (_rx_task) root DEBUG iutctl_common.py          154   read                      : Received data: {'e0 95 83 06 dc 1b 00 b1 03 1f 00 1e 09 48 46 50 20 41 47 20 44 65 6d 6f 20 30 30 3a 31 42 3a 44 43 3a 30 36 3a 38 33 3a 39 35'}, bytearray(b'\xe0\x95\x83\x06\xdc\x1b\x00\xb1\x03\x1f\x00\x1e\tHFP AG Demo 00:1B:DC:06:83:95')
2026-10-08 15:58:36,668 BTPWorkerThread-46 (_rx_task) root DEBUG btp.py                    708   event_handler             : Header(svc_id=1, op=129, ctrl_index=0, data_len=42) (b'\xe0\x95\x83\x06\xdc\x1b\x00\xb1\x03\x1f\x00\x1e\tHFP AG Demo 00:1B:DC:06:83:95',)
2026-10-08 15:58:36,668 BTPWorkerThread-46 (_rx_task) root DEBUG gap.py                    191   gap_device_found_ev_      : b'\xe0\x95\x83\x06\xdc\x1b\x00\xb1\x03\x1f\x00\x1e\tHFP AG Demo 00:1B:DC:06:83:95'
2026-10-08 15:58:36,668 BTPWorkerThread-46 (_rx_task) root DEBUG gap.py                    205   gap_device_found_ev_      : found '001bdc068395' type 224 eir b'\x1e\tHFP AG Demo 00:1B:DC:06:83:95'
2026-10-08 15:58:36,722 BTPWorkerThread-46 (_rx_task) root DEBUG iutctl_common.py          123   read                      : Read 5 bytes
2026-10-08 15:58:36,722 BTPWorkerThread-46 (_rx_task) root DEBUG iutctl_common.py          131   read                      : Received: hdr: Header(svc_id=0x01, op=0x81, ctrl_index=0x00, data_len=0x27) bytearray(b"\x01\x81\x00\'\x00")
2026-10-08 15:58:36,722 BTPWorkerThread-46 (_rx_task) root DEBUG iutctl_common.py          139   read                      : Read 39 bytes data
2026-10-08 15:58:36,723 BTPWorkerThread-46 (_rx_task) root DEBUG iutctl_common.py          154   read                      : Received data: {'e0 6c cc c0 a9 94 d4 b9 03 1c 00 0a 09 53 4d 57 30 32 38 33 37 33 02 0a 0c 0d 03 0c 11 0a 11 0e 11 0b 11 1f 11 1e 11'}, bytearray(b'\xe0l\xcc\xc0\xa9\x94\xd4\xb9\x03\x1c\x00\n\tSMW028373\x02\n\x0c\r\x03\x0c\x11\n\x11\x0e\x11\x0b\x11\x1f\x11\x1e\x11')
2026-10-08 15:58:36,723 BTPWorkerThread-46 (_rx_task) root DEBUG btp.py                    708   event_handler             : Header(svc_id=1, op=129, ctrl_index=0, data_len=39) (b'\xe0l\xcc\xc0\xa9\x94\xd4\xb9\x03\x1c\x00\n\tSMW028373\x02\n\x0c\r\x03\x0c\x11\n\x11\x0e\x11\x0b\x11\x1f\x11\x1e\x11',)
2026-10-08 15:58:36,723 BTPWorkerThread-46 (_rx_task) root DEBUG gap.py                    191   gap_device_found_ev_      : b'\xe0l\xcc\xc0\xa9\x94\xd4\xb9\x03\x1c\x00\n\tSMW028373\x02\n\x0c\r\x03\x0c\x11\n\x11\x0e\x11\x0b\x11\x1f\x11\x1e\x11'
2026-10-08 15:58:36,723 BTPWorkerThread-46 (_rx_task) root DEBUG gap.py                    205   gap_device_found_ev_      : found 'd494a9c0cc6c' type 224 eir b'\n\tSMW028373\x02\n\x0c\r\x03\x0c\x11\n\x11\x0e\x11\x0b\x11\x1f\x11\x1e\x11'
2026-10-08 15:58:36,851 BTPWorkerThread-46 (_rx_task) root DEBUG iutctl_common.py          123   read                      : Read 5 bytes
2026-10-08 15:58:36,851 BTPWorkerThread-46 (_rx_task) root DEBUG iutctl_common.py          131   read                      : Received: hdr: Header(svc_id=0x01, op=0x81, ctrl_index=0x00, data_len=0x2a) bytearray(b'\x01\x81\x00*\x00')
2026-10-08 15:58:36,851 BTPWorkerThread-46 (_rx_task) root DEBUG iutctl_common.py          139   read                      : Read 42 bytes data
2026-10-08 15:58:36,852 BTPWorkerThread-46 (_rx_task) root DEBUG iutctl_common.py          154   read                      : Received data: {'e0 4d 65 9b 70 f3 5c a7 03 1f 00 1e 09 48 46 50 20 41 47 20 44 65 6d 6f 20 35 43 3a 46 33 3a 37 30 3a 39 42 3a 36 35 3a 34 44'}, bytearray(b'\xe0Me\x9bp\xf3\\\xa7\x03\x1f\x00\x1e\tHFP AG Demo 5C:F3:70:9B:65:4D')
2026-10-08 15:58:36,852 BTPWorkerThread-46 (_rx_task) root DEBUG btp.py                    708   event_handler             : Header(svc_id=1, op=129, ctrl_index=0, data_len=42) (b'\xe0Me\x9bp\xf3\\\xa7\x03\x1f\x00\x1e\tHFP AG Demo 5C:F3:70:9B:65:4D',)
2026-10-08 15:58:36,852 BTPWorkerThread-46 (_rx_task) root DEBUG gap.py                    191   gap_device_found_ev_      : b'\xe0Me\x9bp\xf3\\\xa7\x03\x1f\x00\x1e\tHFP AG Demo 5C:F3:70:9B:65:4D'
2026-10-08 15:58:36,852 BTPWorkerThread-46 (_rx_task) root DEBUG gap.py                    205   gap_device_found_ev_      : found '5cf3709b654d' type 224 eir b'\x1e\tHFP AG Demo 5C:F3:70:9B:65:4D'
2026-10-08 15:58:37,022 BTPWorkerThread-46 (_rx_task) root DEBUG iutctl_common.py          123   read                      : Read 5 bytes
2026-10-08 15:58:37,022 BTPWorkerThread-46 (_rx_task) root DEBUG iutctl_common.py          131   read                      : Received: hdr: Header(svc_id=0x01, op=0x81, ctrl_index=0x00, data_len=0x2a) bytearray(b'\x01\x81\x00*\x00')
2026-10-08 15:58:37,022 BTPWorkerThread-46 (_rx_task) root DEBUG iutctl_common.py          139   read                      : Read 42 bytes data
2026-10-08 15:58:37,023 BTPWorkerThread-46 (_rx_task) root DEBUG iutctl_common.py          154   read                      : Received data: {'e0 95 83 06 dc 1b 00 ad 03 1f 00 1e 09 48 46 50 20 41 47 20 44 65 6d 6f 20 30 30 3a 31 42 3a 44 43 3a 30 36 3a 38 33 3a 39 35'}, bytearray(b'\xe0\x95\x83\x06\xdc\x1b\x00\xad\x03\x1f\x00\x1e\tHFP AG Demo 00:1B:DC:06:83:95')
2026-10-08 15:58:37,023 BTPWorkerThread-46 (_rx_task) root DEBUG btp.py                    708   event_handler             : Header(svc_id=1, op=129, ctrl_index=0, data_len=42) (b'\xe0\x95\x83\x06\xdc\x1b\x00\xad\x03\x1f\x00\x1e\tHFP AG Demo 00:1B:DC:06:83:95',)
2026-10-08 15:58:37,023 BTPWorkerThread-46 (_rx_task) root DEBUG gap.py                    191   gap_device_found_ev_      : b'\xe0\x95\x83\x06\xdc\x1b\x00\xad\x03\x1f\x00\x1e\tHFP AG Demo 00:1B:DC:06:83:95'
2026-10-08 15:58:37,023 BTPWorkerThread-46 (_rx_task) root DEBUG gap.py                    205   gap_device_found_ev_      : found '001bdc068395' type 224 eir b'\x1e\tHFP AG Demo 00:1B:DC:06:83:95'
2026-10-08 15:58:37,118 BTPWorkerThread-46 (_rx_task) root DEBUG iutctl_common.py          123   read                      : Read 5 bytes
2026-10-08 15:58:37,118 BTPWorkerThread-46 (_rx_task) root DEBUG iutctl_common.py          131   read                      : Received: hdr: Header(svc_id=0x01, op=0x81, ctrl_index=0x00, data_len=0x27) bytearray(b"\x01\x81\x00\'\x00")
2026-10-08 15:58:37,118 BTPWorkerThread-46 (_rx_task) root DEBUG iutctl_common.py          139   read                      : Read 39 bytes data
2026-10-08 15:58:37,119 BTPWorkerThread-46 (_rx_task) root DEBUG iutctl_common.py          154   read                      : Received data: {'e0 6c cc c0 a9 94 d4 ad 03 1c 00 0a 09 53 4d 57 30 32 38 33 37 33 02 0a 0c 0d 03 0c 11 0a 11 0e 11 0b 11 1f 11 1e 11'}, bytearray(b'\xe0l\xcc\xc0\xa9\x94\xd4\xad\x03\x1c\x00\n\tSMW028373\x02\n\x0c\r\x03\x0c\x11\n\x11\x0e\x11\x0b\x11\x1f\x11\x1e\x11')
2026-10-08 15:58:37,119 BTPWorkerThread-46 (_rx_task) root DEBUG btp.py                    708   event_handler             : Header(svc_id=1, op=129, ctrl_index=0, data_len=39) (b'\xe0l\xcc\xc0\xa9\x94\xd4\xad\x03\x1c\x00\n\tSMW028373\x02\n\x0c\r\x03\x0c\x11\n\x11\x0e\x11\x0b\x11\x1f\x11\x1e\x11',)
2026-10-08 15:58:37,119 BTPWorkerThread-46 (_rx_task) root DEBUG gap.py                    191   gap_device_found_ev_      : b'\xe0l\xcc\xc0\xa9\x94\xd4\xad\x03\x1c\x00\n\tSMW028373\x02\n\x0c\r\x03\x0c\x11\n\x11\x0e\x11\x0b\x11\x1f\x11\x1e\x11'
2026-10-08 15:58:37,119 BTPWorkerThread-46 (_rx_task) root DEBUG gap.py                    205   gap_device_found_ev_      : found 'd494a9c0cc6c' type 224 eir b'\n\tSMW028373\x02\n\x0c\r\x03\x0c\x11\n\x11\x0e\x11\x0b\x11\x1f\x11\x1e\x11'
2026-10-08 15:58:37,216 BTPWorkerThread-46 (_rx_task) root DEBUG iutctl_common.py          123   read                      : Read 5 bytes
2026-10-08 15:58:37,216 BTPWorkerThread-46 (_rx_task) root DEBUG iutctl_common.py          131   read                      : Received: hdr: Header(svc_id=0x01, op=0x81, ctrl_index=0x00, data_len=0x26) bytearray(b'\x01\x81\x00&\x00')
2026-10-08 15:58:37,216 BTPWorkerThread-46 (_rx_task) root DEBUG iutctl_common.py          139   read                      : Read 32 bytes data
2026-10-08 15:58:37,227 BTPWorkerThread-46 (_rx_task) root DEBUG iutctl_common.py          139   read                      : Read 6 bytes data
2026-10-08 15:58:37,228 BTPWorkerThread-46 (_rx_task) root DEBUG iutctl_common.py          154   read                      : Received data: {'e0 53 00 4c 17 e5 44 aa 03 1b 00 09 09 4e 58 4c 36 36 35 32 38 02 0a 0c 0d 03 0c 11 0a 11 0b 11 0e 11 1f 11 1e 11'}, bytearray(b'\xe0S\x00L\x17\xe5D\xaa\x03\x1b\x00\t\tNXL66528\x02\n\x0c\r\x03\x0c\x11\n\x11\x0b\x11\x0e\x11\x1f\x11\x1e\x11')
2026-10-08 15:58:37,228 BTPWorkerThread-46 (_rx_task) root DEBUG btp.py                    708   event_handler             : Header(svc_id=1, op=129, ctrl_index=0, data_len=38) (b'\xe0S\x00L\x17\xe5D\xaa\x03\x1b\x00\t\tNXL66528\x02\n\x0c\r\x03\x0c\x11\n\x11\x0b\x11\x0e\x11\x1f\x11\x1e\x11',)
2026-10-08 15:58:37,228 BTPWorkerThread-46 (_rx_task) root DEBUG gap.py                    191   gap_device_found_ev_      : b'\xe0S\x00L\x17\xe5D\xaa\x03\x1b\x00\t\tNXL66528\x02\n\x0c\r\x03\x0c\x11\n\x11\x0b\x11\x0e\x11\x1f\x11\x1e\x11'
2026-10-08 15:58:37,228 BTPWorkerThread-46 (_rx_task) root DEBUG gap.py                    205   gap_device_found_ev_      : found '44e5174c0053' type 224 eir b'\t\tNXL66528\x02\n\x0c\r\x03\x0c\x11\n\x11\x0b\x11\x0e\x11\x1f\x11\x1e\x11'
2026-10-08 15:58:37,617 BTPWorkerThread-46 (_rx_task) root DEBUG iutctl_common.py          123   read                      : Read 5 bytes
2026-10-08 15:58:37,617 BTPWorkerThread-46 (_rx_task) root DEBUG iutctl_common.py          131   read                      : Received: hdr: Header(svc_id=0x01, op=0x81, ctrl_index=0x00, data_len=0x2a) bytearray(b'\x01\x81\x00*\x00')
2026-10-08 15:58:37,618 BTPWorkerThread-46 (_rx_task) root DEBUG iutctl_common.py          139   read                      : Read 42 bytes data
2026-10-08 15:58:37,618 BTPWorkerThread-46 (_rx_task) root DEBUG iutctl_common.py          154   read                      : Received data: {'e0 cd 83 06 dc 1b 00 af 03 1f 00 1e 09 41 32 44 50 20 53 6f 75 72 63 65 20 30 30 3a 31 42 3a 44 43 3a 30 36 3a 38 33 3a 43 44'}, bytearray(b'\xe0\xcd\x83\x06\xdc\x1b\x00\xaf\x03\x1f\x00\x1e\tA2DP Source 00:1B:DC:06:83:CD')
2026-10-08 15:58:37,618 BTPWorkerThread-46 (_rx_task) root DEBUG btp.py                    708   event_handler             : Header(svc_id=1, op=129, ctrl_index=0, data_len=42) (b'\xe0\xcd\x83\x06\xdc\x1b\x00\xaf\x03\x1f\x00\x1e\tA2DP Source 00:1B:DC:06:83:CD',)
2026-10-08 15:58:37,618 BTPWorkerThread-46 (_rx_task) root DEBUG gap.py                    191   gap_device_found_ev_      : b'\xe0\xcd\x83\x06\xdc\x1b\x00\xaf\x03\x1f\x00\x1e\tA2DP Source 00:1B:DC:06:83:CD'
2026-10-08 15:58:37,618 BTPWorkerThread-46 (_rx_task) root DEBUG gap.py                    205   gap_device_found_ev_      : found '001bdc0683cd' type 224 eir b'\x1e\tA2DP Source 00:1B:DC:06:83:CD'
2026-10-08 15:58:37,821 BTPWorkerThread-46 (_rx_task) root DEBUG iutctl_common.py          123   read                      : Read 5 bytes
2026-10-08 15:58:37,822 BTPWorkerThread-46 (_rx_task) root DEBUG iutctl_common.py          131   read                      : Received: hdr: Header(svc_id=0x01, op=0x81, ctrl_index=0x00, data_len=0x27) bytearray(b"\x01\x81\x00\'\x00")
2026-10-08 15:58:37,822 BTPWorkerThread-46 (_rx_task) root DEBUG iutctl_common.py          139   read                      : Read 39 bytes data
2026-10-08 15:58:37,822 BTPWorkerThread-46 (_rx_task) root DEBUG iutctl_common.py          154   read                      : Received data: {'e0 6c cc c0 a9 94 d4 b6 03 1c 00 0a 09 53 4d 57 30 32 38 33 37 33 02 0a 0c 0d 03 0c 11 0a 11 0e 11 0b 11 1f 11 1e 11'}, bytearray(b'\xe0l\xcc\xc0\xa9\x94\xd4\xb6\x03\x1c\x00\n\tSMW028373\x02\n\x0c\r\x03\x0c\x11\n\x11\x0e\x11\x0b\x11\x1f\x11\x1e\x11')
2026-10-08 15:58:37,822 BTPWorkerThread-46 (_rx_task) root DEBUG btp.py                    708   event_handler             : Header(svc_id=1, op=129, ctrl_index=0, data_len=39) (b'\xe0l\xcc\xc0\xa9\x94\xd4\xb6\x03\x1c\x00\n\tSMW028373\x02\n\x0c\r\x03\x0c\x11\n\x11\x0e\x11\x0b\x11\x1f\x11\x1e\x11',)
2026-10-08 15:58:37,822 BTPWorkerThread-46 (_rx_task) root DEBUG gap.py                    191   gap_device_found_ev_      : b'\xe0l\xcc\xc0\xa9\x94\xd4\xb6\x03\x1c\x00\n\tSMW028373\x02\n\x0c\r\x03\x0c\x11\n\x11\x0e\x11\x0b\x11\x1f\x11\x1e\x11'
2026-10-08 15:58:37,822 BTPWorkerThread-46 (_rx_task) root DEBUG gap.py                    205   gap_device_found_ev_      : found 'd494a9c0cc6c' type 224 eir b'\n\tSMW028373\x02\n\x0c\r\x03\x0c\x11\n\x11\x0e\x11\x0b\x11\x1f\x11\x1e\x11'
2026-10-08 15:58:37,949 BTPWorkerThread-46 (_rx_task) root DEBUG iutctl_common.py          123   read                      : Read 5 bytes
2026-10-08 15:58:37,949 BTPWorkerThread-46 (_rx_task) root DEBUG iutctl_common.py          131   read                      : Received: hdr: Header(svc_id=0x01, op=0x81, ctrl_index=0x00, data_len=0x2a) bytearray(b'\x01\x81\x00*\x00')
2026-10-08 15:58:37,949 BTPWorkerThread-46 (_rx_task) root DEBUG iutctl_common.py          139   read                      : Read 21 bytes data
2026-10-08 15:58:37,960 BTPWorkerThread-46 (_rx_task) root DEBUG iutctl_common.py          139   read                      : Read 21 bytes data
2026-10-08 15:58:37,960 BTPWorkerThread-46 (_rx_task) root DEBUG iutctl_common.py          154   read                      : Received data: {'e0 cd 83 06 dc 1b 00 b0 03 1f 00 1e 09 41 32 44 50 20 53 6f 75 72 63 65 20 30 30 3a 31 42 3a 44 43 3a 30 36 3a 38 33 3a 43 44'}, bytearray(b'\xe0\xcd\x83\x06\xdc\x1b\x00\xb0\x03\x1f\x00\x1e\tA2DP Source 00:1B:DC:06:83:CD')
2026-10-08 15:58:37,960 BTPWorkerThread-46 (_rx_task) root DEBUG btp.py                    708   event_handler             : Header(svc_id=1, op=129, ctrl_index=0, data_len=42) (b'\xe0\xcd\x83\x06\xdc\x1b\x00\xb0\x03\x1f\x00\x1e\tA2DP Source 00:1B:DC:06:83:CD',)
2026-10-08 15:58:37,961 BTPWorkerThread-46 (_rx_task) root DEBUG gap.py                    191   gap_device_found_ev_      : b'\xe0\xcd\x83\x06\xdc\x1b\x00\xb0\x03\x1f\x00\x1e\tA2DP Source 00:1B:DC:06:83:CD'
2026-10-08 15:58:37,961 BTPWorkerThread-46 (_rx_task) root DEBUG gap.py                    205   gap_device_found_ev_      : found '001bdc0683cd' type 224 eir b'\x1e\tA2DP Source 00:1B:DC:06:83:CD'
2026-10-08 15:58:38,144 BTPWorkerThread-46 (_rx_task) root DEBUG iutctl_common.py          123   read                      : Read 5 bytes
2026-10-08 15:58:38,144 BTPWorkerThread-46 (_rx_task) root DEBUG iutctl_common.py          131   read                      : Received: hdr: Header(svc_id=0x01, op=0x81, ctrl_index=0x00, data_len=0x27) bytearray(b"\x01\x81\x00\'\x00")
2026-10-08 15:58:38,144 BTPWorkerThread-46 (_rx_task) root DEBUG iutctl_common.py          139   read                      : Read 39 bytes data
2026-10-08 15:58:38,145 BTPWorkerThread-46 (_rx_task) root DEBUG iutctl_common.py          154   read                      : Received data: {'e0 6c cc c0 a9 94 d4 b7 03 1c 00 0a 09 53 4d 57 30 32 38 33 37 33 02 0a 0c 0d 03 0c 11 0a 11 0e 11 0b 11 1f 11 1e 11'}, bytearray(b'\xe0l\xcc\xc0\xa9\x94\xd4\xb7\x03\x1c\x00\n\tSMW028373\x02\n\x0c\r\x03\x0c\x11\n\x11\x0e\x11\x0b\x11\x1f\x11\x1e\x11')
2026-10-08 15:58:38,145 BTPWorkerThread-46 (_rx_task) root DEBUG btp.py                    708   event_handler             : Header(svc_id=1, op=129, ctrl_index=0, data_len=39) (b'\xe0l\xcc\xc0\xa9\x94\xd4\xb7\x03\x1c\x00\n\tSMW028373\x02\n\x0c\r\x03\x0c\x11\n\x11\x0e\x11\x0b\x11\x1f\x11\x1e\x11',)
2026-10-08 15:58:38,145 BTPWorkerThread-46 (_rx_task) root DEBUG gap.py                    191   gap_device_found_ev_      : b'\xe0l\xcc\xc0\xa9\x94\xd4\xb7\x03\x1c\x00\n\tSMW028373\x02\n\x0c\r\x03\x0c\x11\n\x11\x0e\x11\x0b\x11\x1f\x11\x1e\x11'
2026-10-08 15:58:38,145 BTPWorkerThread-46 (_rx_task) root DEBUG gap.py                    205   gap_device_found_ev_      : found 'd494a9c0cc6c' type 224 eir b'\n\tSMW028373\x02\n\x0c\r\x03\x0c\x11\n\x11\x0e\x11\x0b\x11\x1f\x11\x1e\x11'
2026-10-08 15:58:38,284 BTPWorkerThread-46 (_rx_task) root DEBUG iutctl_common.py          123   read                      : Read 5 bytes
2026-10-08 15:58:38,284 BTPWorkerThread-46 (_rx_task) root DEBUG iutctl_common.py          131   read                      : Received: hdr: Header(svc_id=0x01, op=0x81, ctrl_index=0x00, data_len=0x0b) bytearray(b'\x01\x81\x00\x0b\x00')
2026-10-08 15:58:38,285 BTPWorkerThread-46 (_rx_task) root DEBUG iutctl_common.py          139   read                      : Read 11 bytes data
2026-10-08 15:58:38,285 BTPWorkerThread-46 (_rx_task) root DEBUG iutctl_common.py          154   read                      : Received data: {'e0 cd 83 06 dc 1b 00 af 03 00 00'}, bytearray(b'\xe0\xcd\x83\x06\xdc\x1b\x00\xaf\x03\x00\x00')
2026-10-08 15:58:38,285 BTPWorkerThread-46 (_rx_task) root DEBUG btp.py                    708   event_handler             : Header(svc_id=1, op=129, ctrl_index=0, data_len=11) (b'\xe0\xcd\x83\x06\xdc\x1b\x00\xaf\x03\x00\x00',)
2026-10-08 15:58:38,285 BTPWorkerThread-46 (_rx_task) root DEBUG gap.py                    191   gap_device_found_ev_      : b'\xe0\xcd\x83\x06\xdc\x1b\x00\xaf\x03\x00\x00'
2026-10-08 15:58:38,285 BTPWorkerThread-46 (_rx_task) root DEBUG gap.py                    205   gap_device_found_ev_      : found '001bdc0683cd' type 224 eir b''
2026-10-08 15:58:38,391 BTPWorkerThread-46 (_rx_task) root DEBUG iutctl_common.py          123   read                      : Read 5 bytes
2026-10-08 15:58:38,391 BTPWorkerThread-46 (_rx_task) root DEBUG iutctl_common.py          131   read                      : Received: hdr: Header(svc_id=0x01, op=0x81, ctrl_index=0x00, data_len=0x0b) bytearray(b'\x01\x81\x00\x0b\x00')
2026-10-08 15:58:38,391 BTPWorkerThread-46 (_rx_task) root DEBUG iutctl_common.py          139   read                      : Read 11 bytes data
2026-10-08 15:58:38,391 BTPWorkerThread-46 (_rx_task) root DEBUG iutctl_common.py          154   read                      : Received data: {'e0 cd 83 06 dc 1b 00 ae 03 00 00'}, bytearray(b'\xe0\xcd\x83\x06\xdc\x1b\x00\xae\x03\x00\x00')
2026-10-08 15:58:38,391 BTPWorkerThread-46 (_rx_task) root DEBUG btp.py                    708   event_handler             : Header(svc_id=1, op=129, ctrl_index=0, data_len=11) (b'\xe0\xcd\x83\x06\xdc\x1b\x00\xae\x03\x00\x00',)
2026-10-08 15:58:38,391 BTPWorkerThread-46 (_rx_task) root DEBUG gap.py                    191   gap_device_found_ev_      : b'\xe0\xcd\x83\x06\xdc\x1b\x00\xae\x03\x00\x00'
2026-10-08 15:58:38,391 BTPWorkerThread-46 (_rx_task) root DEBUG gap.py                    205   gap_device_found_ev_      : found '001bdc0683cd' type 224 eir b''
2026-10-08 15:58:38,732 BTPWorkerThread-46 (_rx_task) root DEBUG iutctl_common.py          123   read                      : Read 5 bytes
2026-10-08 15:58:38,732 BTPWorkerThread-46 (_rx_task) root DEBUG iutctl_common.py          131   read                      : Received: hdr: Header(svc_id=0x01, op=0x81, ctrl_index=0x00, data_len=0x0b) bytearray(b'\x01\x81\x00\x0b\x00')
2026-10-08 15:58:38,732 BTPWorkerThread-46 (_rx_task) root DEBUG iutctl_common.py          139   read                      : Read 11 bytes data
2026-10-08 15:58:38,733 BTPWorkerThread-46 (_rx_task) root DEBUG iutctl_common.py          154   read                      : Received data: {'e0 4d 65 9b 70 f3 5c a2 03 00 00'}, bytearray(b'\xe0Me\x9bp\xf3\\\xa2\x03\x00\x00')
2026-10-08 15:58:38,733 BTPWorkerThread-46 (_rx_task) root DEBUG btp.py                    708   event_handler             : Header(svc_id=1, op=129, ctrl_index=0, data_len=11) (b'\xe0Me\x9bp\xf3\\\xa2\x03\x00\x00',)
2026-10-08 15:58:38,733 BTPWorkerThread-46 (_rx_task) root DEBUG gap.py                    191   gap_device_found_ev_      : b'\xe0Me\x9bp\xf3\\\xa2\x03\x00\x00'
2026-10-08 15:58:38,733 BTPWorkerThread-46 (_rx_task) root DEBUG gap.py                    205   gap_device_found_ev_      : found '5cf3709b654d' type 224 eir b''
2026-10-08 15:58:39,117 BTPWorkerThread-46 (_rx_task) root DEBUG iutctl_common.py          123   read                      : Read 5 bytes
2026-10-08 15:58:39,117 BTPWorkerThread-46 (_rx_task) root DEBUG iutctl_common.py          131   read                      : Received: hdr: Header(svc_id=0x01, op=0x81, ctrl_index=0x00, data_len=0x2a) bytearray(b'\x01\x81\x00*\x00')
2026-10-08 15:58:39,117 BTPWorkerThread-46 (_rx_task) root DEBUG iutctl_common.py          139   read                      : Read 42 bytes data
2026-10-08 15:58:39,118 BTPWorkerThread-46 (_rx_task) root DEBUG iutctl_common.py          154   read                      : Received data: {'e0 cd 83 06 dc 1b 00 ae 03 1f 00 1e 09 41 32 44 50 20 53 6f 75 72 63 65 20 30 30 3a 31 42 3a 44 43 3a 30 36 3a 38 33 3a 43 44'}, bytearray(b'\xe0\xcd\x83\x06\xdc\x1b\x00\xae\x03\x1f\x00\x1e\tA2DP Source 00:1B:DC:06:83:CD')
2026-10-08 15:58:39,118 BTPWorkerThread-46 (_rx_task) root DEBUG btp.py                    708   event_handler             : Header(svc_id=1, op=129, ctrl_index=0, data_len=42) (b'\xe0\xcd\x83\x06\xdc\x1b\x00\xae\x03\x1f\x00\x1e\tA2DP Source 00:1B:DC:06:83:CD',)
2026-10-08 15:58:39,118 BTPWorkerThread-46 (_rx_task) root DEBUG gap.py                    191   gap_device_found_ev_      : b'\xe0\xcd\x83\x06\xdc\x1b\x00\xae\x03\x1f\x00\x1e\tA2DP Source 00:1B:DC:06:83:CD'
2026-10-08 15:58:39,118 BTPWorkerThread-46 (_rx_task) root DEBUG gap.py                    205   gap_device_found_ev_      : found '001bdc0683cd' type 224 eir b'\x1e\tA2DP Source 00:1B:DC:06:83:CD'
2026-10-08 15:58:39,257 BTPWorkerThread-46 (_rx_task) root DEBUG iutctl_common.py          123   read                      : Read 5 bytes
2026-10-08 15:58:39,257 BTPWorkerThread-46 (_rx_task) root DEBUG iutctl_common.py          131   read                      : Received: hdr: Header(svc_id=0x01, op=0x81, ctrl_index=0x00, data_len=0x2a) bytearray(b'\x01\x81\x00*\x00')
2026-10-08 15:58:39,257 BTPWorkerThread-46 (_rx_task) root DEBUG iutctl_common.py          139   read                      : Read 42 bytes data
2026-10-08 15:58:39,258 BTPWorkerThread-46 (_rx_task) root DEBUG iutctl_common.py          154   read                      : Received data: {'e0 4d 65 9b 70 f3 5c a6 03 1f 00 1e 09 48 46 50 20 41 47 20 44 65 6d 6f 20 35 43 3a 46 33 3a 37 30 3a 39 42 3a 36 35 3a 34 44'}, bytearray(b'\xe0Me\x9bp\xf3\\\xa6\x03\x1f\x00\x1e\tHFP AG Demo 5C:F3:70:9B:65:4D')
2026-10-08 15:58:39,258 BTPWorkerThread-46 (_rx_task) root DEBUG btp.py                    708   event_handler             : Header(svc_id=1, op=129, ctrl_index=0, data_len=42) (b'\xe0Me\x9bp\xf3\\\xa6\x03\x1f\x00\x1e\tHFP AG Demo 5C:F3:70:9B:65:4D',)
2026-10-08 15:58:39,258 BTPWorkerThread-46 (_rx_task) root DEBUG gap.py                    191   gap_device_found_ev_      : b'\xe0Me\x9bp\xf3\\\xa6\x03\x1f\x00\x1e\tHFP AG Demo 5C:F3:70:9B:65:4D'
2026-10-08 15:58:39,258 BTPWorkerThread-46 (_rx_task) root DEBUG gap.py                    205   gap_device_found_ev_      : found '5cf3709b654d' type 224 eir b'\x1e\tHFP AG Demo 5C:F3:70:9B:65:4D'
2026-10-08 15:58:39,334 BTPWorkerThread-46 (_rx_task) root DEBUG iutctl_common.py          123   read                      : Read 5 bytes
2026-10-08 15:58:39,334 BTPWorkerThread-46 (_rx_task) root DEBUG iutctl_common.py          131   read                      : Received: hdr: Header(svc_id=0x01, op=0x81, ctrl_index=0x00, data_len=0x2a) bytearray(b'\x01\x81\x00*\x00')
2026-10-08 15:58:39,334 BTPWorkerThread-46 (_rx_task) root DEBUG iutctl_common.py          139   read                      : Read 36 bytes data
2026-10-08 15:58:39,345 BTPWorkerThread-46 (_rx_task) root DEBUG iutctl_common.py          139   read                      : Read 6 bytes data
2026-10-08 15:58:39,345 BTPWorkerThread-46 (_rx_task) root DEBUG iutctl_common.py          154   read                      : Received data: {'e0 cd 83 06 dc 1b 00 b0 03 1f 00 1e 09 41 32 44 50 20 53 6f 75 72 63 65 20 30 30 3a 31 42 3a 44 43 3a 30 36 3a 38 33 3a 43 44'}, bytearray(b'\xe0\xcd\x83\x06\xdc\x1b\x00\xb0\x03\x1f\x00\x1e\tA2DP Source 00:1B:DC:06:83:CD')
2026-10-08 15:58:39,345 BTPWorkerThread-46 (_rx_task) root DEBUG btp.py                    708   event_handler             : Header(svc_id=1, op=129, ctrl_index=0, data_len=42) (b'\xe0\xcd\x83\x06\xdc\x1b\x00\xb0\x03\x1f\x00\x1e\tA2DP Source 00:1B:DC:06:83:CD',)
2026-10-08 15:58:39,346 BTPWorkerThread-46 (_rx_task) root DEBUG gap.py                    191   gap_device_found_ev_      : b'\xe0\xcd\x83\x06\xdc\x1b\x00\xb0\x03\x1f\x00\x1e\tA2DP Source 00:1B:DC:06:83:CD'
2026-10-08 15:58:39,346 BTPWorkerThread-46 (_rx_task) root DEBUG gap.py                    205   gap_device_found_ev_      : found '001bdc0683cd' type 224 eir b'\x1e\tA2DP Source 00:1B:DC:06:83:CD'
2026-10-08 15:58:39,624 BTPWorkerThread-46 (_rx_task) root DEBUG iutctl_common.py          123   read                      : Read 5 bytes
2026-10-08 15:58:39,624 BTPWorkerThread-46 (_rx_task) root DEBUG iutctl_common.py          131   read                      : Received: hdr: Header(svc_id=0x01, op=0x81, ctrl_index=0x00, data_len=0x2a) bytearray(b'\x01\x81\x00*\x00')
2026-10-08 15:58:39,625 BTPWorkerThread-46 (_rx_task) root DEBUG iutctl_common.py          139   read                      : Read 42 bytes data
2026-10-08 15:58:39,625 BTPWorkerThread-46 (_rx_task) root DEBUG iutctl_common.py          154   read                      : Received data: {'e0 95 83 06 dc 1b 00 ac 03 1f 00 1e 09 48 46 50 20 41 47 20 44 65 6d 6f 20 30 30 3a 31 42 3a 44 43 3a 30 36 3a 38 33 3a 39 35'}, bytearray(b'\xe0\x95\x83\x06\xdc\x1b\x00\xac\x03\x1f\x00\x1e\tHFP AG Demo 00:1B:DC:06:83:95')
2026-10-08 15:58:39,625 BTPWorkerThread-46 (_rx_task) root DEBUG btp.py                    708   event_handler             : Header(svc_id=1, op=129, ctrl_index=0, data_len=42) (b'\xe0\x95\x83\x06\xdc\x1b\x00\xac\x03\x1f\x00\x1e\tHFP AG Demo 00:1B:DC:06:83:95',)
2026-10-08 15:58:39,625 BTPWorkerThread-46 (_rx_task) root DEBUG gap.py                    191   gap_device_found_ev_      : b'\xe0\x95\x83\x06\xdc\x1b\x00\xac\x03\x1f\x00\x1e\tHFP AG Demo 00:1B:DC:06:83:95'
2026-10-08 15:58:39,625 BTPWorkerThread-46 (_rx_task) root DEBUG gap.py                    205   gap_device_found_ev_      : found '001bdc068395' type 224 eir b'\x1e\tHFP AG Demo 00:1B:DC:06:83:95'
2026-10-08 15:58:39,711 BTPWorkerThread-46 (_rx_task) root DEBUG iutctl_common.py          123   read                      : Read 5 bytes
2026-10-08 15:58:39,711 BTPWorkerThread-46 (_rx_task) root DEBUG iutctl_common.py          131   read                      : Received: hdr: Header(svc_id=0x01, op=0x81, ctrl_index=0x00, data_len=0x2a) bytearray(b'\x01\x81\x00*\x00')
2026-10-08 15:58:39,711 BTPWorkerThread-46 (_rx_task) root DEBUG iutctl_common.py          139   read                      : Read 42 bytes data
2026-10-08 15:58:39,712 BTPWorkerThread-46 (_rx_task) root DEBUG iutctl_common.py          154   read                      : Received data: {'e0 95 83 06 dc 1b 00 ac 03 1f 00 1e 09 48 46 50 20 41 47 20 44 65 6d 6f 20 30 30 3a 31 42 3a 44 43 3a 30 36 3a 38 33 3a 39 35'}, bytearray(b'\xe0\x95\x83\x06\xdc\x1b\x00\xac\x03\x1f\x00\x1e\tHFP AG Demo 00:1B:DC:06:83:95')
2026-10-08 15:58:39,712 BTPWorkerThread-46 (_rx_task) root DEBUG btp.py                    708   event_handler             : Header(svc_id=1, op=129, ctrl_index=0, data_len=42) (b'\xe0\x95\x83\x06\xdc\x1b\x00\xac\x03\x1f\x00\x1e\tHFP AG Demo 00:1B:DC:06:83:95',)
2026-10-08 15:58:39,712 BTPWorkerThread-46 (_rx_task) root DEBUG gap.py                    191   gap_device_found_ev_      : b'\xe0\x95\x83\x06\xdc\x1b\x00\xac\x03\x1f\x00\x1e\tHFP AG Demo 00:1B:DC:06:83:95'
2026-10-08 15:58:39,712 BTPWorkerThread-46 (_rx_task) root DEBUG gap.py                    205   gap_device_found_ev_      : found '001bdc068395' type 224 eir b'\x1e\tHFP AG Demo 00:1B:DC:06:83:95'
2026-10-08 15:58:39,802 LT1-thread root DEBUG gap.py                    1148  gap_stop_discovery        : 
2026-10-08 15:58:39,802 LT1-thread root DEBUG iutctl_common.py          161   send                      : 1 13 0 ''
2026-10-08 15:58:39,802 LT1-thread root DEBUG iutctl_common.py          166   send                      : sending frame '010d000000'
2026-10-08 15:58:39,802 LT1-thread root DEBUG gap.py                    1227  gap_command_rsp_succ      : 
2026-10-08 15:58:39,802 LT1-thread root DEBUG iutctl_common.py          339   read                      : 
2026-10-08 15:58:39,836 BTPWorkerThread-46 (_rx_task) root DEBUG iutctl_common.py          123   read                      : Read 5 bytes
2026-10-08 15:58:39,847 BTPWorkerThread-46 (_rx_task) root DEBUG iutctl_common.py          131   read                      : Received: hdr: Header(svc_id=0x01, op=0x0d, ctrl_index=0x00, data_len=0x00) bytearray(b'\x01\r\x00\x00\x00')
2026-10-08 15:58:39,859 BTPWorkerThread-46 (_rx_task) root DEBUG iutctl_common.py          154   read                      : Received data: {''}, bytearray(b'')
2026-10-08 15:58:39,864 LT1-thread root DEBUG gap.py                    1232  gap_command_rsp_succ      : received Header(svc_id=1, op=13, ctrl_index=0, data_len=0) (b'',)
2026-10-08 15:58:39,864 LT1-thread root DEBUG gap.py                    1508  check_discovery_results   : 224 '001bdc08e44e' True None
2026-10-08 15:58:39,864 LT1-thread root DEBUG gap.py                    1517  check_discovery_results   : matching LeAdv(addr_type=224, addr='001bdc0683cd', rssi=175, flags=3, eir=b'\x1e\tA2DP Source 00:1B:DC:06:83:CD')
2026-10-08 15:58:39,864 LT1-thread root DEBUG gap.py                    1517  check_discovery_results   : matching LeAdv(addr_type=224, addr='d494a9c0cc6c', rssi=182, flags=3, eir=b'\n\tSMW028373\x02\n\x0c\r\x03\x0c\x11\n\x11\x0e\x11\x0b\x11\x1f\x11\x1e\x11')
2026-10-08 15:58:39,864 LT1-thread root DEBUG gap.py                    1517  check_discovery_results   : matching LeAdv(addr_type=224, addr='001bdc0683cd', rssi=163, flags=3, eir=b'')
2026-10-08 15:58:39,864 LT1-thread root DEBUG gap.py                    1517  check_discovery_results   : matching LeAdv(addr_type=224, addr='d494a9c0cc6c', rssi=185, flags=3, eir=b'\n\tSMW028373\x02\n\x0c\r\x03\x0c\x11\n\x11\x0e\x11\x0b\x11\x1f\x11\x1e\x11')
2026-10-08 15:58:39,864 LT1-thread root DEBUG gap.py                    1517  check_discovery_results   : matching LeAdv(addr_type=224, addr='d494a9c0cc6c', rssi=184, flags=3, eir=b'\n\tSMW028373\x02\n\x0c\r\x03\x0c\x11\n\x11\x0e\x11\x0b\x11\x1f\x11\x1e\x11')
2026-10-08 15:58:39,864 LT1-thread root DEBUG gap.py                    1517  check_discovery_results   : matching LeAdv(addr_type=224, addr='d494a9c0cc6c', rssi=179, flags=3, eir=b'\n\tSMW028373\x02\n\x0c\r\x03\x0c\x11\n\x11\x0e\x11\x0b\x11\x1f\x11\x1e\x11')
2026-10-08 15:58:39,864 LT1-thread root DEBUG gap.py                    1517  check_discovery_results   : matching LeAdv(addr_type=224, addr='44e5174c0053', rssi=171, flags=3, eir=b'\t\tNXL66528\x02\n\x0c\r\x03\x0c\x11\n\x11\x0b\x11\x0e\x11\x1f\x11\x1e\x11')
2026-10-08 15:58:39,865 LT1-thread root DEBUG gap.py                    1517  check_discovery_results   : matching LeAdv(addr_type=224, addr='44e5174c0053', rssi=170, flags=3, eir=b'\t\tNXL66528\x02\n\x0c\r\x03\x0c\x11\n\x11\x0b\x11\x0e\x11\x1f\x11\x1e\x11')
2026-10-08 15:58:39,865 LT1-thread root DEBUG gap.py                    1517  check_discovery_results   : matching LeAdv(addr_type=224, addr='d494a9c0cc6c', rssi=186, flags=3, eir=b'\n\tSMW028373\x02\n\x0c\r\x03\x0c\x11\n\x11\x0e\x11\x0b\x11\x1f\x11\x1e\x11')
2026-10-08 15:58:39,865 LT1-thread root DEBUG gap.py                    1517  check_discovery_results   : matching LeAdv(addr_type=224, addr='d494a9c0cc6c', rssi=168, flags=3, eir=b'\n\tSMW028373\x02\n\x0c\r\x03\x0c\x11\n\x11\x0e\x11\x0b\x11\x1f\x11\x1e\x11')
2026-10-08 15:58:39,865 LT1-thread root DEBUG gap.py                    1517  check_discovery_results   : matching LeAdv(addr_type=224, addr='001bdc0683cd', rssi=177, flags=3, eir=b'\x1e\tA2DP Source 00:1B:DC:06:83:CD')
2026-10-08 15:58:39,865 LT1-thread root DEBUG gap.py                    1517  check_discovery_results   : matching LeAdv(addr_type=224, addr='44e5174c0053', rssi=168, flags=3, eir=b'\t\tNXL66528\x02\n\x0c\r\x03\x0c\x11\n\x11\x0b\x11\x0e\x11\x1f\x11\x1e\x11')
2026-10-08 15:58:39,865 LT1-thread root DEBUG gap.py                    1517  check_discovery_results   : matching LeAdv(addr_type=224, addr='001bdc0683cd', rssi=172, flags=3, eir=b'\x1e\tA2DP Source 00:1B:DC:06:83:CD')
2026-10-08 15:58:39,865 LT1-thread root DEBUG gap.py                    1517  check_discovery_results   : matching LeAdv(addr_type=224, addr='d494a9c0cc6c', rssi=183, flags=3, eir=b'\n\tSMW028373\x02\n\x0c\r\x03\x0c\x11\n\x11\x0e\x11\x0b\x11\x1f\x11\x1e\x11')
2026-10-08 15:58:39,865 LT1-thread root DEBUG gap.py                    1517  check_discovery_results   : matching LeAdv(addr_type=224, addr='44e5174c0053', rssi=172, flags=3, eir=b'\t\tNXL66528\x02\n\x0c\r\x03\x0c\x11\n\x11\x0b\x11\x0e\x11\x1f\x11\x1e\x11')
2026-10-08 15:58:39,865 LT1-thread root DEBUG gap.py                    1517  check_discovery_results   : matching LeAdv(addr_type=224, addr='d494a9c0cc6c', rssi=182, flags=3, eir=b'\n\tSMW028373\x02\n\x0c\r\x03\x0c\x11\n\x11\x0e\x11\x0b\x11\x1f\x11\x1e\x11')
2026-10-08 15:58:39,865 LT1-thread root DEBUG gap.py                    1517  check_discovery_results   : matching LeAdv(addr_type=224, addr='001bdc068395', rssi=167, flags=3, eir=b'\x1e\tHFP AG Demo 00:1B:DC:06:83:95')
2026-10-08 15:58:39,865 LT1-thread root DEBUG gap.py                    1517  check_discovery_results   : matching LeAdv(addr_type=224, addr='5cf3709b654d', rssi=163, flags=3, eir=b'\x1e\tHFP AG Demo 5C:F3:70:9B:65:4D')
2026-10-08 15:58:39,865 LT1-thread root DEBUG gap.py                    1517  check_discovery_results   : matching LeAdv(addr_type=224, addr='d494a9c0cc6c', rssi=186, flags=3, eir=b'\n\tSMW028373\x02\n\x0c\r\x03\x0c\x11\n\x11\x0e\x11\x0b\x11\x1f\x11\x1e\x11')
2026-10-08 15:58:39,865 LT1-thread root DEBUG gap.py                    1517  check_discovery_results   : matching LeAdv(addr_type=224, addr='44e5174c0053', rssi=171, flags=3, eir=b'\t\tNXL66528\x02\n\x0c\r\x03\x0c\x11\n\x11\x0b\x11\x0e\x11\x1f\x11\x1e\x11')
2026-10-08 15:58:39,865 LT1-thread root DEBUG gap.py                    1517  check_discovery_results   : matching LeAdv(addr_type=224, addr='001bdc068395', rssi=172, flags=3, eir=b'\x1e\tHFP AG Demo 00:1B:DC:06:83:95')
2026-10-08 15:58:39,865 LT1-thread root DEBUG gap.py                    1517  check_discovery_results   : matching LeAdv(addr_type=224, addr='d494a9c0cc6c', rssi=182, flags=3, eir=b'\n\tSMW028373\x02\n\x0c\r\x03\x0c\x11\n\x11\x0e\x11\x0b\x11\x1f\x11\x1e\x11')
2026-10-08 15:58:39,866 LT1-thread root DEBUG gap.py                    1517  check_discovery_results   : matching LeAdv(addr_type=224, addr='001bdc068395', rssi=168, flags=3, eir=b'\x1e\tHFP AG Demo 00:1B:DC:06:83:95')
2026-10-08 15:58:39,866 LT1-thread root DEBUG gap.py                    1517  check_discovery_results   : matching LeAdv(addr_type=224, addr='44e5174c0053', rssi=175, flags=3, eir=b'\t\tNXL66528\x02\n\x0c\r\x03\x0c\x11\n\x11\x0b\x11\x0e\x11\x1f\x11\x1e\x11')
2026-10-08 15:58:39,866 LT1-thread root DEBUG gap.py                    1517  check_discovery_results   : matching LeAdv(addr_type=224, addr='d494a9c0cc6c', rssi=184, flags=3, eir=b'\n\tSMW028373\x02\n\x0c\r\x03\x0c\x11\n\x11\x0e\x11\x0b\x11\x1f\x11\x1e\x11')
2026-10-08 15:58:39,866 LT1-thread root DEBUG gap.py                    1517  check_discovery_results   : matching LeAdv(addr_type=224, addr='44e5174c0053', rssi=170, flags=3, eir=b'\t\tNXL66528\x02\n\x0c\r\x03\x0c\x11\n\x11\x0b\x11\x0e\x11\x1f\x11\x1e\x11')
2026-10-08 15:58:39,866 LT1-thread root DEBUG gap.py                    1517  check_discovery_results   : matching LeAdv(addr_type=224, addr='001bdc068395', rssi=175, flags=3, eir=b'\x1e\tHFP AG Demo 00:1B:DC:06:83:95')
2026-10-08 15:58:39,866 LT1-thread root DEBUG gap.py                    1517  check_discovery_results   : matching LeAdv(addr_type=224, addr='44e5174c0053', rssi=174, flags=3, eir=b'')
2026-10-08 15:58:39,866 LT1-thread root DEBUG gap.py                    1517  check_discovery_results   : matching LeAdv(addr_type=224, addr='ee903d80039e', rssi=195, flags=3, eir=b'\t\tX21\x00\x00\x00\x00\x00')
2026-10-08 15:58:39,866 LT1-thread root DEBUG gap.py                    1517  check_discovery_results   : matching LeAdv(addr_type=224, addr='ee903d80039e', rssi=202, flags=3, eir=b'\t\tX21\x00\x00\x00\x00\x00')
2026-10-08 15:58:39,866 LT1-thread root DEBUG gap.py                    1517  check_discovery_results   : matching LeAdv(addr_type=224, addr='d494a9c0cc6c', rssi=184, flags=3, eir=b'\n\tSMW028373\x02\n\x0c\r\x03\x0c\x11\n\x11\x0e\x11\x0b\x11\x1f\x11\x1e\x11')
2026-10-08 15:58:39,866 LT1-thread root DEBUG gap.py                    1517  check_discovery_results   : matching LeAdv(addr_type=224, addr='001bdc0683cd', rssi=177, flags=3, eir=b'\x1e\tA2DP Source 00:1B:DC:06:83:CD')
2026-10-08 15:58:39,866 LT1-thread root DEBUG gap.py                    1517  check_discovery_results   : matching LeAdv(addr_type=224, addr='44e5174c0053', rssi=173, flags=3, eir=b'\t\tNXL66528\x02\n\x0c\r\x03\x0c\x11\n\x11\x0b\x11\x0e\x11\x1f\x11\x1e\x11')
2026-10-08 15:58:39,866 LT1-thread root DEBUG gap.py                    1517  check_discovery_results   : matching LeAdv(addr_type=224, addr='44e5174c0053', rssi=171, flags=3, eir=b'\t\tNXL66528\x02\n\x0c\r\x03\x0c\x11\n\x11\x0b\x11\x0e\x11\x1f\x11\x1e\x11')
2026-10-08 15:58:39,866 LT1-thread root DEBUG gap.py                    1517  check_discovery_results   : matching LeAdv(addr_type=224, addr='001bdc08e44e', rssi=200, flags=3, eir=b'\x10\tPTS-HID11-E44E\x00')
2026-10-08 15:58:39,866 LT1-thread root DEBUG gap.py                    760   gap_connect               : None 224
2026-10-08 15:58:39,866 LT1-thread root DEBUG iutctl_common.py          161   send                      : 1 14 0 "bytearray(b'\\xe0N\\xe4\\x08\\xdc\\x1b\\x00\\x00')"
2026-10-08 15:58:39,866 LT1-thread root DEBUG iutctl_common.py          166   send                      : sending frame '010e000800e04ee408dc1b0000'
2026-10-08 15:58:39,867 LT1-thread root DEBUG iutctl_common.py          339   read                      : 
2026-10-08 15:58:39,903 BTPWorkerThread-46 (_rx_task) root DEBUG iutctl_common.py          123   read                      : Read 5 bytes
2026-10-08 15:58:39,914 BTPWorkerThread-46 (_rx_task) root DEBUG iutctl_common.py          131   read                      : Received: hdr: Header(svc_id=0x01, op=0x0e, ctrl_index=0x00, data_len=0x00) bytearray(b'\x01\x0e\x00\x00\x00')
2026-10-08 15:58:39,920 BTPWorkerThread-46 (_rx_task) root DEBUG iutctl_common.py          154   read                      : Received data: {''}, bytearray(b'')
2026-10-08 15:58:43,057 BTPWorkerThread-46 (_rx_task) root DEBUG iutctl_common.py          123   read                      : Read 5 bytes
2026-10-08 15:58:43,057 BTPWorkerThread-46 (_rx_task) root DEBUG iutctl_common.py          131   read                      : Received: hdr: Header(svc_id=0x01, op=0x82, ctrl_index=0x00, data_len=0x0d) bytearray(b'\x01\x82\x00\r\x00')
2026-10-08 15:58:43,058 BTPWorkerThread-46 (_rx_task) root DEBUG iutctl_common.py          139   read                      : Read 13 bytes data
2026-10-08 15:58:43,058 BTPWorkerThread-46 (_rx_task) root DEBUG iutctl_common.py          154   read                      : Received data: {'e0 4e e4 08 dc 1b 00 00 00 00 00 00 00'}, bytearray(b'\xe0N\xe4\x08\xdc\x1b\x00\x00\x00\x00\x00\x00\x00')
2026-10-08 15:58:43,058 BTPWorkerThread-46 (_rx_task) root DEBUG btp.py                    708   event_handler             : Header(svc_id=1, op=130, ctrl_index=0, data_len=13) (b'\xe0N\xe4\x08\xdc\x1b\x00\x00\x00\x00\x00\x00\x00',)
2026-10-08 15:58:43,058 BTPWorkerThread-46 (_rx_task) root DEBUG gap.py                    213   gap_connected_ev_         : b'\xe0N\xe4\x08\xdc\x1b\x00\x00\x00\x00\x00\x00\x00'
2026-10-08 15:58:43,147 LT1-thread root DEBUG testcase.py               722   run_wid                   : Sending response 'OK' to wid 34 test case HID11/HOS/HCE/BV-01-C
2026-10-08 15:58:43,149 LT1-thread root DEBUG client.py                 276   get_result                : ClientCallback.get_result run_test_case
2026-10-08 15:58:43,151 LT1-callback ClientCallback.on_implicit_send INFO client.py                 223   on_implicit_send          : 
    ********************
    BEGIN OnImplicitSend:
    project_name: HID11
    wid: 3
    test_case_name: HID11/HOS/HCE/BV-01-C
    description: Establish the control channel connection from the Implementation Under Test (IUT).
    style: MMI_Style_Ok 0x11040
2026-10-08 15:58:43,151 LT1-callback ClientCallback.on_implicit_send INFO client.py                 236   on_implicit_send          : Calling test cases on_implicit_send
2026-10-08 15:58:43,151 LT1-callback ClientCallback.on_implicit_send INFO client.py                 249   on_implicit_send          : 
    on_implicit_send returned response: WAIT
    END OnImplicitSend
    ********************
2026-10-08 15:58:44,150 LT1-thread root DEBUG testcase.py               679   run_wid                   : HID11 HID11/HOS/HCE/BV-01-C on_implicit_send
2026-10-08 15:58:44,150 LT1-thread root DEBUG hid_host_wid.py           27    hid_host_wid_hdl          : hid_host_wid_hdl, 3, Establish the control channel connection from the Implementation Under Test (IUT)., HID11/HOS/HCE/BV-01-C
2026-10-08 15:58:44,150 LT1-thread root DEBUG hid_host.py               111   hid_host_connect          : hid_host_connect 224 None
2026-10-08 15:58:44,150 LT1-thread root DEBUG iutctl_common.py          161   send                      : 41 4 0 "bytearray(b'\\xe0N\\xe4\\x08\\xdc\\x1b\\x00')"
2026-10-08 15:58:44,150 LT1-thread root DEBUG iutctl_common.py          166   send                      : sending frame '2904000700e04ee408dc1b00'
2026-10-08 15:58:44,150 LT1-thread root DEBUG hid_host.py               75    hid_host_command_rsp_succ : hid_host_command_rsp_succ
2026-10-08 15:58:44,150 LT1-thread root DEBUG iutctl_common.py          339   read                      : 
2026-10-08 15:58:44,186 BTPWorkerThread-46 (_rx_task) root DEBUG iutctl_common.py          123   read                      : Read 5 bytes
2026-10-08 15:58:44,198 BTPWorkerThread-46 (_rx_task) root DEBUG iutctl_common.py          131   read                      : Received: hdr: Header(svc_id=0x29, op=0x04, ctrl_index=0x00, data_len=0x00) bytearray(b')\x04\x00\x00\x00')
2026-10-08 15:58:44,203 BTPWorkerThread-46 (_rx_task) root DEBUG iutctl_common.py          154   read                      : Received data: {''}, bytearray(b'')
2026-10-08 15:58:44,203 LT1-thread root DEBUG hid_host.py               80    hid_host_command_rsp_succ : received Header(svc_id=41, op=4, ctrl_index=0, data_len=0) (b'',)
2026-10-08 15:58:44,203 LT1-thread root DEBUG hid_host.py               50    wait_for_connection       : wait_for_connection timeout=90
2026-10-08 15:58:46,027 BTPWorkerThread-46 (_rx_task) root DEBUG iutctl_common.py          123   read                      : Read 5 bytes
2026-10-08 15:58:46,027 BTPWorkerThread-46 (_rx_task) root DEBUG iutctl_common.py          131   read                      : Received: hdr: Header(svc_id=0x01, op=0x91, ctrl_index=0x00, data_len=0x09) bytearray(b'\x01\x91\x00\t\x00')
2026-10-08 15:58:46,028 BTPWorkerThread-46 (_rx_task) root DEBUG iutctl_common.py          139   read                      : Read 9 bytes data
2026-10-08 15:58:46,028 BTPWorkerThread-46 (_rx_task) root DEBUG iutctl_common.py          154   read                      : Received data: {'e0 4e e4 08 dc 1b 00 01 10'}, bytearray(b'\xe0N\xe4\x08\xdc\x1b\x00\x01\x10')
2026-10-08 15:58:46,028 BTPWorkerThread-46 (_rx_task) root DEBUG btp.py                    708   event_handler             : Header(svc_id=1, op=145, ctrl_index=0, data_len=9) (b'\xe0N\xe4\x08\xdc\x1b\x00\x01\x10',)
2026-10-08 15:58:46,028 BTPWorkerThread-46 (_rx_task) root DEBUG gap.py                    492   gap_encryption_change_ev_ : 
2026-10-08 15:58:46,028 BTPWorkerThread-46 (_rx_task) root DEBUG gap.py                    494   gap_encryption_change_ev_ : enc change received b'\xe0N\xe4\x08\xdc\x1b\x00\x01\x10'
2026-10-08 15:58:46,028 BTPWorkerThread-46 (_rx_task) root DEBUG gap.py                    503   gap_encryption_change_ev_ : received (224, '001bdc08e44e', 1, 16)
2026-10-08 15:58:46,028 BTPWorkerThread-46 (_rx_task) root DEBUG iutctl_common.py          123   read                      : Read 5 bytes
2026-10-08 15:58:46,028 BTPWorkerThread-46 (_rx_task) root DEBUG iutctl_common.py          131   read                      : Received: hdr: Header(svc_id=0x01, op=0x89, ctrl_index=0x00, data_len=0x08) bytearray(b'\x01\x89\x00\x08\x00')
2026-10-08 15:58:46,028 BTPWorkerThread-46 (_rx_task) root DEBUG iutctl_common.py          139   read                      : Read 8 bytes data
2026-10-08 15:58:46,029 BTPWorkerThread-46 (_rx_task) root DEBUG iutctl_common.py          154   read                      : Received data: {'e0 4e e4 08 dc 1b 00 02'}, bytearray(b'\xe0N\xe4\x08\xdc\x1b\x00\x02')
2026-10-08 15:58:46,029 BTPWorkerThread-46 (_rx_task) root DEBUG btp.py                    708   event_handler             : Header(svc_id=1, op=137, ctrl_index=0, data_len=8) (b'\xe0N\xe4\x08\xdc\x1b\x00\x02',)
2026-10-08 15:58:46,029 BTPWorkerThread-46 (_rx_task) root DEBUG gap.py                    298   gap_sec_level_changed_ev_ : 
2026-10-08 15:58:46,029 BTPWorkerThread-46 (_rx_task) root DEBUG gap.py                    300   gap_sec_level_changed_ev_ : received b'\xe0N\xe4\x08\xdc\x1b\x00\x02'
2026-10-08 15:58:46,029 BTPWorkerThread-46 (_rx_task) root DEBUG gap.py                    311   gap_sec_level_changed_ev_ : received (224, '001bdc08e44e', 2)
2026-10-08 15:58:46,124 BTPWorkerThread-46 (_rx_task) root DEBUG iutctl_common.py          123   read                      : Read 5 bytes
2026-10-08 15:58:46,124 BTPWorkerThread-46 (_rx_task) root DEBUG iutctl_common.py          131   read                      : Received: hdr: Header(svc_id=0x29, op=0x80, ctrl_index=0x00, data_len=0x06) bytearray(b')\x80\x00\x06\x00')
2026-10-08 15:58:46,125 BTPWorkerThread-46 (_rx_task) root DEBUG iutctl_common.py          139   read                      : Read 6 bytes data
2026-10-08 15:58:46,125 BTPWorkerThread-46 (_rx_task) root DEBUG iutctl_common.py          154   read                      : Received data: {'4e e4 08 dc 1b 00'}, bytearray(b'N\xe4\x08\xdc\x1b\x00')
2026-10-08 15:58:46,125 BTPWorkerThread-46 (_rx_task) root DEBUG btp.py                    708   event_handler             : Header(svc_id=41, op=128, ctrl_index=0, data_len=6) (b'N\xe4\x08\xdc\x1b\x00',)
2026-10-08 15:58:46,125 BTPWorkerThread-46 (_rx_task) root DEBUG hid_host.py               351   hid_host_ev_connected     : hid_host_ev_connected b'N\xe4\x08\xdc\x1b\x00'
2026-10-08 15:58:46,125 BTPWorkerThread-46 (_rx_task) root DEBUG hid_host.py               360   hid_host_ev_connected     : HID Host Connected: addr=001BDC08E44E
2026-10-08 15:58:46,177 BTPWorkerThread-46 (_rx_task) root DEBUG iutctl_common.py          123   read                      : Read 5 bytes
2026-10-08 15:58:46,177 BTPWorkerThread-46 (_rx_task) root DEBUG iutctl_common.py          131   read                      : Received: hdr: Header(svc_id=0x29, op=0x82, ctrl_index=0x00, data_len=0x06) bytearray(b')\x82\x00\x06\x00')
2026-10-08 15:58:46,177 BTPWorkerThread-46 (_rx_task) root DEBUG iutctl_common.py          139   read                      : Read 6 bytes data
2026-10-08 15:58:46,178 BTPWorkerThread-46 (_rx_task) root DEBUG iutctl_common.py          154   read                      : Received data: {'04 00 02 00 00 00'}, bytearray(b'\x04\x00\x02\x00\x00\x00')
2026-10-08 15:58:46,178 BTPWorkerThread-46 (_rx_task) root DEBUG btp.py                    708   event_handler             : Header(svc_id=41, op=130, ctrl_index=0, data_len=6) (b'\x04\x00\x02\x00\x00\x00',)
2026-10-08 15:58:46,178 BTPWorkerThread-46 (_rx_task) root DEBUG hid_host.py               401   hid_host_ev_input_report  : hid_host_ev_input_report b'\x04\x00\x02\x00\x00\x00'
2026-10-08 15:58:46,178 BTPWorkerThread-46 (_rx_task) root DEBUG hid_host.py               411   hid_host_ev_input_report  : HID Host Input Report: len=4 data=b'\x02\x00\x00\x00'
2026-10-08 15:58:46,213 LT1-thread root DEBUG testcase.py               722   run_wid                   : Sending response 'Ok' to wid 3 test case HID11/HOS/HCE/BV-01-C
2026-10-08 15:58:46,215 LT1-thread root DEBUG client.py                 276   get_result                : ClientCallback.get_result run_test_case
2026-10-08 15:58:47,181 BTPWorkerThread-46 (_rx_task) root DEBUG iutctl_common.py          123   read                      : Read 5 bytes
2026-10-08 15:58:47,181 BTPWorkerThread-46 (_rx_task) root DEBUG iutctl_common.py          131   read                      : Received: hdr: Header(svc_id=0x29, op=0x81, ctrl_index=0x00, data_len=0x06) bytearray(b')\x81\x00\x06\x00')
2026-10-08 15:58:47,181 BTPWorkerThread-46 (_rx_task) root DEBUG iutctl_common.py          139   read                      : Read 6 bytes data
2026-10-08 15:58:47,182 BTPWorkerThread-46 (_rx_task) root DEBUG iutctl_common.py          154   read                      : Received data: {'4e e4 08 dc 1b 00'}, bytearray(b'N\xe4\x08\xdc\x1b\x00')
2026-10-08 15:58:47,182 BTPWorkerThread-46 (_rx_task) root DEBUG btp.py                    708   event_handler             : Header(svc_id=41, op=129, ctrl_index=0, data_len=6) (b'N\xe4\x08\xdc\x1b\x00',)
2026-10-08 15:58:47,182 BTPWorkerThread-46 (_rx_task) root DEBUG hid_host.py               376   hid_host_ev_disconnected  : hid_host_ev_disconnected b'N\xe4\x08\xdc\x1b\x00'
2026-10-08 15:58:47,182 BTPWorkerThread-46 (_rx_task) root DEBUG hid_host.py               385   hid_host_ev_disconnected  : HID Host Disconnected: addr=001BDC08E44E
2026-10-08 15:58:47,182 BTPWorkerThread-46 (_rx_task) root DEBUG iutctl_common.py          123   read                      : Read 5 bytes
2026-10-08 15:58:47,182 BTPWorkerThread-46 (_rx_task) root DEBUG iutctl_common.py          131   read                      : Received: hdr: Header(svc_id=0x01, op=0x83, ctrl_index=0x00, data_len=0x07) bytearray(b'\x01\x83\x00\x07\x00')
2026-10-08 15:58:47,182 BTPWorkerThread-46 (_rx_task) root DEBUG iutctl_common.py          139   read                      : Read 7 bytes data
2026-10-08 15:58:47,182 BTPWorkerThread-46 (_rx_task) root DEBUG iutctl_common.py          154   read                      : Received data: {'e0 4e e4 08 dc 1b 00'}, bytearray(b'\xe0N\xe4\x08\xdc\x1b\x00')
2026-10-08 15:58:47,183 BTPWorkerThread-46 (_rx_task) root DEBUG btp.py                    708   event_handler             : Header(svc_id=1, op=131, ctrl_index=0, data_len=7) (b'\xe0N\xe4\x08\xdc\x1b\x00',)
2026-10-08 15:58:47,183 BTPWorkerThread-46 (_rx_task) root DEBUG gap.py                    226   gap_disconnected_ev_      : b'\xe0N\xe4\x08\xdc\x1b\x00'
2026-10-08 15:58:49,940 LT1-callback ClientCallback.log INFO client.py                 200   log                       : PTS_LOGTYPE_START_TEST Start Test Case 

+140 ms
 HID11/HOS/HCE/BV-01-C HID11/HOS/HCE/BV-01-C

2026-10-08 15:58:50,227 LT1-callback ClientCallback.log INFO client.py                 200   log                       : PTS_LOGTYPE_FINAL_VERDICT Final Verdict 

+31890 ms
 HID11/HOS/HCE/BV-01-C PASS

2026-10-08 15:58:50,231 LT1-callback ClientCallback.log INFO client.py                 200   log                       : PTS_LOGTYPE_FINAL_VERDICT Encrypted Verdict 

+31890 ms
 HID11/HOS/HCE/BV-01-C A1#ZWY4MzQ5MDg3MmQwNTIxOGQzMzQ5YjY2ODA5M2MzNjQ5ZDY4NmY0Yjc2MzIzM2VkNTUyNTFhNGU4Mjg1MjI0NA==#PhTZdfeT3XiL/2paqoCrJBgCH8ghtRFhuNr2DZA4ViCBfbfjktI9k0dlyuY+cF1l

2026-10-08 15:58:50,296 LT1-callback ClientCallback.log INFO client.py                 200   log                       : PTS_LOGTYPE_END_TEST Test Case Ended 

+31890 ms
 HID11/HOS/HCE/BV-01-C HID11/HOS/HCE/BV-01-C

2026-10-08 15:58:50,408 LT1-callback root DEBUG client.py                 261   set_result                : ClientCallback, set_result, run_test_case, PASS
2026-10-08 15:58:50,408 LT1-thread root DEBUG client.py                 1186  _run_test_case            : After run_test_case error_code=0 status='PASS'
2026-10-08 15:58:50,409 LT1-thread root DEBUG testcase.py               766   post_run                  : post_run HID11 HID11/HOS/HCE/BV-01-C 0
2026-10-08 15:58:50,409 LT1-thread root DEBUG testcase.py               254   start                     : Starting test function: class=<class 'autopts.ptsprojects.testcase.TestFuncCleanUp'>, func=<bound method ZTestCase._test_case_cleanup of <autopts.ptsprojects.zephyr.ztestcase.ZTestCase object at 0x00000275EFCFB920>> start_wid=None stop_wid=None post_wid=None skip_call=None call_count=1 args=() kwds={}
2026-10-08 15:58:50,409 LT1-thread root DEBUG testcase.py               266   start                     : Test function parameters: args=(), kwds={}
2026-10-08 15:58:50,409 LT1-thread root DEBUG hid_host.py               29    __init__                  : __init__
2026-10-08 15:58:50,409 LT1-thread root DEBUG iutctl.py                 415   stop                      : <class 'autopts.ptsprojects.zephyr.iutctl.create_zephyr_ctl_class.<locals>.ZephyrCtl'>.stop
2026-10-08 15:58:50,409 LT1-thread root DEBUG __init__.py               51    reset                     : About to reset DUT: JLink -CommandFile reset.jlink -usb 1063214216 -device MIMXRT1176XXXA_M7
2026-10-08 15:58:50,722 BTPWorkerThread-46 (_rx_task) root DEBUG iutctl_common.py          123   read                      : Read 5 bytes
2026-10-08 15:58:50,722 BTPWorkerThread-46 (_rx_task) root DEBUG iutctl_common.py          131   read                      : Received: hdr: Header(svc_id=0x00, op=0x80, ctrl_index=0xff, data_len=0x00) bytearray(b'\x00\x80\xff\x00\x00')
2026-10-08 15:58:50,723 BTPWorkerThread-46 (_rx_task) root DEBUG iutctl_common.py          154   read                      : Received data: {''}, bytearray(b'')
2026-10-08 15:58:50,723 BTPWorkerThread-46 (_rx_task) root DEBUG btp.py                    708   event_handler             : Header(svc_id=0, op=128, ctrl_index=255, data_len=0) (b'',)
2026-10-08 15:58:50,723 BTPWorkerThread-46 (_rx_task) root DEBUG core.py                   23    core_iut_ready_ev         : 
2026-10-08 15:58:50,790 LT1-thread root DEBUG iutctl.py                 436   _stop_tty_mode            : IUT ready event received OK
2026-10-08 15:58:50,790 LT1-thread root DEBUG iutctl_common.py          416   close                     : Waiting for _rx_worker to finish ...
2026-10-08 15:58:51,724 BTPWorkerThread-46 (_rx_task) root DEBUG iutctl_common.py          332   _rx_task                  : BTPWorkerThread-46 (_rx_task) finishing...
2026-10-08 15:58:54,730 LT1-thread root DEBUG testcase.py               794   post_run                  : post_run, cleanup running post test case script
2026-10-08 15:58:54,730 LT1-thread root DEBUG testcase.py               802   post_run                  : post_run, run post test case script
2026-10-08 15:58:54,820 LT1-thread root DEBUG client.py                 1220  _run_test_case            : Done TestCase _run_test_case HID11 HID11/HOS/HCE/BV-01-C
