2026-10-09 08:52:31,355 LT1-thread root DEBUG client.py                 1099  _run_test_case            : Starting TestCase _run_test_case MAP MAP/MSE/GOEP/SRM/BI-05-C
2026-10-09 08:52:31,356 LT1-thread root DEBUG testcase.py               727   pre_run                   : pre_run MAP MAP/MSE/GOEP/SRM/BI-05-C
2026-10-09 08:52:31,356 LT1-thread root DEBUG testcase.py               729   pre_run                   : About to run test case MAP MAP/MSE/GOEP/SRM/BI-05-C with commands:
2026-10-09 08:52:31,356 LT1-thread root DEBUG testcase.py               731   pre_run                   : 0) class=<class 'autopts.ptsprojects.testcase.TestFunc'>, func=<bound method ZTestCase._test_case_start of <autopts.ptsprojects.zephyr.ztestcase.ZTestCase object at 0x000002C687B83FB0>> start_wid=None stop_wid=None post_wid=None skip_call=None call_count=0 args=() kwds={}
2026-10-09 08:52:31,356 LT1-thread root DEBUG testcase.py               731   pre_run                   : 1) class=<class 'autopts.ptsprojects.testcase.TestFunc'>, func=<function core_reg_svc_gap at 0x000002C684E2E160> start_wid=None stop_wid=None post_wid=None skip_call=None call_count=144 args=() kwds={}
2026-10-09 08:52:31,356 LT1-thread root DEBUG testcase.py               731   pre_run                   : 2) class=<class 'autopts.ptsprojects.testcase.TestFunc'>, func=<bound method Stack.gap_init of <autopts.ptsprojects.stack.stack.Stack object at 0x000002C6862F6F00>> start_wid=None stop_wid=None post_wid=None skip_call=None call_count=144 args=(b'Tester_08E44E',) kwds={}
2026-10-09 08:52:31,356 LT1-thread root DEBUG testcase.py               731   pre_run                   : 3) class=<class 'autopts.ptsprojects.testcase.TestFunc'>, func=<function gap_read_controller_info at 0x000002C684E6EB60> start_wid=None stop_wid=None post_wid=None skip_call=None call_count=144 args=() kwds={}
2026-10-09 08:52:31,356 LT1-thread root DEBUG testcase.py               731   pre_run                   : 4) class=<class 'autopts.ptsprojects.testcase.TestFunc'>, func=<function test_cases.<locals>.<lambda> at 0x000002C687A6FB00> start_wid=None stop_wid=None post_wid=None skip_call=None call_count=144 args=() kwds={}
2026-10-09 08:52:31,356 LT1-thread root DEBUG testcase.py               731   pre_run                   : 5) class=<class 'autopts.ptsprojects.testcase.TestFunc'>, func=<function set_pts_addr at 0x000002C684E2DD00> start_wid=None stop_wid=None post_wid=None skip_call=None call_count=144 args=('00:1B:DC:08:E4:4E', 0) kwds={}
2026-10-09 08:52:31,357 LT1-thread root DEBUG testcase.py               731   pre_run                   : 6) class=<class 'autopts.ptsprojects.testcase.TestFunc'>, func=<function core_reg_svc_map at 0x000002C684E2FD80> start_wid=None stop_wid=None post_wid=None skip_call=None call_count=144 args=() kwds={}
2026-10-09 08:52:31,357 LT1-thread root DEBUG testcase.py               731   pre_run                   : 7) class=<class 'autopts.ptsprojects.testcase.TestFunc'>, func=<bound method Stack.map_init of <autopts.ptsprojects.stack.stack.Stack object at 0x000002C6862F6F00>> start_wid=None stop_wid=None post_wid=None skip_call=None call_count=144 args=() kwds={}
2026-10-09 08:52:31,357 LT1-thread root DEBUG testcase.py               731   pre_run                   : 8) class=<class 'autopts.ptsprojects.testcase.TestFuncCleanUp'>, func=<bound method ZTestCase._test_case_cleanup of <autopts.ptsprojects.zephyr.ztestcase.ZTestCase object at 0x000002C687B83FB0>> start_wid=None stop_wid=None post_wid=None skip_call=None call_count=0 args=() kwds={}
2026-10-09 08:52:31,357 LT1-thread root DEBUG testcase.py               738   pre_run                   : pre_run, run pre test case script
2026-10-09 08:52:31,364 LT1-thread root DEBUG testcase.py               254   start                     : Starting test function: class=<class 'autopts.ptsprojects.testcase.TestFunc'>, func=<bound method ZTestCase._test_case_start of <autopts.ptsprojects.zephyr.ztestcase.ZTestCase object at 0x000002C687B83FB0>> start_wid=None stop_wid=None post_wid=None skip_call=None call_count=1 args=() kwds={}
2026-10-09 08:52:31,364 LT1-thread root DEBUG testcase.py               266   start                     : Test function parameters: args=(), kwds={}
2026-10-09 08:52:31,364 LT1-thread root DEBUG iutctl.py                 172   start                     : <class 'autopts.ptsprojects.zephyr.iutctl.create_zephyr_ctl_class.<locals>.ZephyrCtl'>.start
2026-10-09 08:52:31,364 LT1-thread root DEBUG iutctl.py                 325   flush_serial              : <class 'autopts.ptsprojects.zephyr.iutctl.create_zephyr_ctl_class.<locals>.ZephyrCtl'>.flush_serial
2026-10-09 08:52:32,547 LT1-thread root DEBUG iutctl.py                 249   _start_tty_mode           : Starting socat process: socat.exe -x -v tcp:10.17.12.9:52036,retry=100,interval=1 /dev/ttyS2,raw,b115200,
2026-10-09 08:52:32,555 LT1-thread root DEBUG iutctl_common.py          402   accept                    : 
2026-10-09 08:52:32,628 BTPWorkerThread-34796 (_rx_task) root DEBUG iutctl_common.py          299   _rx_task                  : BTPWorkerThread-34796 (_rx_task) started
2026-10-09 08:52:32,629 LT1-thread root DEBUG iutctl.py                 395   wait_iut_ready_event      : IUT ready event received OK
2026-10-09 08:52:32,629 LT1-thread root DEBUG btp.py                    51    read_supp_svcs            : 
2026-10-09 08:52:32,629 LT1-thread root DEBUG iutctl_common.py          161   send                      : 0 2 255 ''
2026-10-09 08:52:32,629 LT1-thread root DEBUG iutctl_common.py          166   send                      : sending frame '0002ff0000'
2026-10-09 08:52:32,630 LT1-thread root DEBUG iutctl_common.py          339   read                      : 
2026-10-09 08:52:32,639 BTPWorkerThread-34796 (_rx_task) root DEBUG iutctl_common.py          123   read                      : Read 3 bytes
2026-10-09 08:52:32,651 BTPWorkerThread-34796 (_rx_task) root DEBUG iutctl_common.py          123   read                      : Read 2 bytes
2026-10-09 08:52:32,656 BTPWorkerThread-34796 (_rx_task) root DEBUG iutctl_common.py          131   read                      : Received: hdr: Header(svc_id=0x00, op=0x02, ctrl_index=0xff, data_len=0x06) bytearray(b'\x00\x02\xff\x06\x00')
2026-10-09 08:52:32,661 BTPWorkerThread-34796 (_rx_task) root DEBUG iutctl_common.py          139   read                      : Read 6 bytes data
2026-10-09 08:52:32,667 BTPWorkerThread-34796 (_rx_task) root DEBUG iutctl_common.py          154   read                      : Received data: {'0f 00 00 a0 ff 03'}, bytearray(b'\x0f\x00\x00\xa0\xff\x03')
2026-10-09 08:52:32,688 LT1-thread root DEBUG btp.py                    62    read_supp_svcs            : received Header(svc_id=0, op=2, ctrl_index=255, data_len=6) (b'\x0f\x00\x00\xa0\xff\x03',)
2026-10-09 08:52:32,688 LT1-thread root DEBUG testcase.py               254   start                     : Starting test function: class=<class 'autopts.ptsprojects.testcase.TestFunc'>, func=<function core_reg_svc_gap at 0x000002C684E2E160> start_wid=None stop_wid=None post_wid=None skip_call=None call_count=145 args=() kwds={}
2026-10-09 08:52:32,688 LT1-thread root DEBUG testcase.py               266   start                     : Test function parameters: args=(), kwds={}
2026-10-09 08:52:32,688 LT1-thread root DEBUG btp.py                    117   core_reg_svc_univ         : core_reg_svc_univ: gap_reg (GAP)
2026-10-09 08:52:32,688 LT1-thread root DEBUG iutctl_common.py          161   send                      : 0 3 255 '1'
2026-10-09 08:52:32,688 LT1-thread root DEBUG iutctl_common.py          166   send                      : sending frame '0003ff010001'
2026-10-09 08:52:32,689 LT1-thread root DEBUG btp.py                    654   core_reg_svc_rsp_succ     : 
2026-10-09 08:52:32,689 LT1-thread root DEBUG iutctl_common.py          339   read                      : 
2026-10-09 08:52:36,803 BTPWorkerThread-34796 (_rx_task) root DEBUG iutctl_common.py          123   read                      : Read 5 bytes
2026-10-09 08:52:36,825 BTPWorkerThread-34796 (_rx_task) root DEBUG iutctl_common.py          131   read                      : Received: hdr: Header(svc_id=0x00, op=0x03, ctrl_index=0xff, data_len=0x00) bytearray(b'\x00\x03\xff\x00\x00')
2026-10-09 08:52:36,831 BTPWorkerThread-34796 (_rx_task) root DEBUG iutctl_common.py          154   read                      : Received data: {''}, bytearray(b'')
2026-10-09 08:52:36,831 LT1-thread root DEBUG btp.py                    665   core_reg_svc_rsp_succ     : received Header(svc_id=0, op=3, ctrl_index=255, data_len=0) (b'',)
2026-10-09 08:52:36,831 LT1-thread root DEBUG btp.py                    666   core_reg_svc_rsp_succ     : expected ((0, 3, 255, 0), (b'',))
2026-10-09 08:52:36,831 LT1-thread root DEBUG btp.py                    671   core_reg_svc_rsp_succ     : response is valid
2026-10-09 08:52:36,831 LT1-thread root DEBUG btp.py                    674   core_reg_svc_rsp_succ     : Reading supported commands for service: GAP
2026-10-09 08:52:36,832 LT1-thread root DEBUG iutctl_common.py          161   send                      : 1 1 255 ''
2026-10-09 08:52:36,832 LT1-thread root DEBUG iutctl_common.py          166   send                      : sending frame '0101ff0000'
2026-10-09 08:52:36,832 LT1-thread root DEBUG iutctl_common.py          339   read                      : 
2026-10-09 08:52:36,858 BTPWorkerThread-34796 (_rx_task) root DEBUG iutctl_common.py          123   read                      : Read 5 bytes
2026-10-09 08:52:36,869 BTPWorkerThread-34796 (_rx_task) root DEBUG iutctl_common.py          131   read                      : Received: hdr: Header(svc_id=0x01, op=0x01, ctrl_index=0xff, data_len=0x07) bytearray(b'\x01\x01\xff\x07\x00')
2026-10-09 08:52:36,875 BTPWorkerThread-34796 (_rx_task) root DEBUG iutctl_common.py          139   read                      : Read 7 bytes data
2026-10-09 08:52:36,875 BTPWorkerThread-34796 (_rx_task) root DEBUG iutctl_common.py          154   read                      : Received data: {'6e ff 7f 1f fe ff 2e'}, bytearray(b'n\xff\x7f\x1f\xfe\xff.')
2026-10-09 08:52:36,880 LT1-thread root DEBUG testcase.py               254   start                     : Starting test function: class=<class 'autopts.ptsprojects.testcase.TestFunc'>, func=<bound method Stack.gap_init of <autopts.ptsprojects.stack.stack.Stack object at 0x000002C6862F6F00>> start_wid=None stop_wid=None post_wid=None skip_call=None call_count=145 args=(b'Tester_08E44E',) kwds={}
2026-10-09 08:52:36,880 LT1-thread root DEBUG testcase.py               266   start                     : Test function parameters: args=(b'Tester_08E44E',), kwds={}
2026-10-09 08:52:36,880 LT1-thread root DEBUG testcase.py               254   start                     : Starting test function: class=<class 'autopts.ptsprojects.testcase.TestFunc'>, func=<function gap_read_controller_info at 0x000002C684E6EB60> start_wid=None stop_wid=None post_wid=None skip_call=None call_count=145 args=() kwds={}
2026-10-09 08:52:36,880 LT1-thread root DEBUG testcase.py               266   start                     : Test function parameters: args=(), kwds={}
2026-10-09 08:52:36,880 LT1-thread root DEBUG gap.py                    1163  gap_read_controller_info  : 
2026-10-09 08:52:36,880 LT1-thread root DEBUG iutctl_common.py          161   send                      : 1 3 0 ''
2026-10-09 08:52:36,881 LT1-thread root DEBUG iutctl_common.py          166   send                      : sending frame '0103000000'
2026-10-09 08:52:36,881 LT1-thread root DEBUG iutctl_common.py          339   read                      : 
2026-10-09 08:52:36,912 BTPWorkerThread-34796 (_rx_task) root DEBUG iutctl_common.py          123   read                      : Read 5 bytes
2026-10-09 08:52:36,923 BTPWorkerThread-34796 (_rx_task) root DEBUG iutctl_common.py          131   read                      : Received: hdr: Header(svc_id=0x01, op=0x03, ctrl_index=0x00, data_len=0x115) bytearray(b'\x01\x03\x00\x15\x01')
2026-10-09 08:52:36,923 BTPWorkerThread-34796 (_rx_task) root DEBUG iutctl_common.py          139   read                      : Read 227 bytes data
2026-10-09 08:52:36,943 BTPWorkerThread-34796 (_rx_task) root DEBUG iutctl_common.py          139   read                      : Read 50 bytes data
2026-10-09 08:52:36,943 BTPWorkerThread-34796 (_rx_task) root DEBUG iutctl_common.py          154   read                      : Received data: {'19 78 ee 69 17 d0 d3 06 02 00 13 02 00 00 00 00 00 62 74 70 5f 74 65 73 74 65 72 00 00 00 00 00 00 00 00 00 00 00 00 00 00 00 00 00 00 00 00 00 00 00 00 00 00 00 00 00 00 00 00 00 00 00 00 00 00 00 00 00 00 00 00 00 00 00 00 00 00 00 00 00 00 00 00 00 00 00 00 00 00 00 00 00 00 00 00 00 00 00 00 00 00 00 00 00 00 00 00 00 00 00 00 00 00 00 00 00 00 00 00 00 00 00 00 00 00 00 00 00 00 00 00 00 00 00 00 00 00 00 00 00 00 00 00 00 00 00 00 00 00 00 00 00 00 00 00 00 00 00 00 00 00 00 00 00 00 00 00 00 00 00 00 00 00 00 00 00 00 00 00 00 00 00 00 00 00 00 00 00 00 00 00 00 00 00 00 00 00 00 00 00 00 00 00 00 00 00 00 00 00 00 00 00 00 00 00 00 00 00 00 00 00 00 00 00 00 00 00 00 00 00 00 00 00 00 00 00 00 00 00 00 00 00 00 00 00 00 00 00 00 00 00 00 00 00 00 00 00 00 00 00 00 00 00 00 00 00 00 00 00 00 00 00 00 00 00 00 00'}, bytearray(b'\x19x\xeei\x17\xd0\xd3\x06\x02\x00\x13\x02\x00\x00\x00\x00\x00btp_tester\x00\x00\x00\x00\x00\x00\x00\x00\x00\x00\x00\x00\x00\x00\x00\x00\x00\x00\x00\x00\x00\x00\x00\x00\x00\x00\x00\x00\x00\x00\x00\x00\x00\x00\x00\x00\x00\x00\x00\x00\x00\x00\x00\x00\x00\x00\x00\x00\x00\x00\x00\x00\x00\x00\x00\x00\x00\x00\x00\x00\x00\x00\x00\x00\x00\x00\x00\x00\x00\x00\x00\x00\x00\x00\x00\x00\x00\x00\x00\x00\x00\x00\x00\x00\x00\x00\x00\x00\x00\x00\x00\x00\x00\x00\x00\x00\x00\x00\x00\x00\x00\x00\x00\x00\x00\x00\x00\x00\x00\x00\x00\x00\x00\x00\x00\x00\x00\x00\x00\x00\x00\x00\x00\x00\x00\x00\x00\x00\x00\x00\x00\x00\x00\x00\x00\x00\x00\x00\x00\x00\x00\x00\x00\x00\x00\x00\x00\x00\x00\x00\x00\x00\x00\x00\x00\x00\x00\x00\x00\x00\x00\x00\x00\x00\x00\x00\x00\x00\x00\x00\x00\x00\x00\x00\x00\x00\x00\x00\x00\x00\x00\x00\x00\x00\x00\x00\x00\x00\x00\x00\x00\x00\x00\x00\x00\x00\x00\x00\x00\x00\x00\x00\x00\x00\x00\x00\x00\x00\x00\x00\x00\x00\x00\x00\x00\x00\x00\x00\x00\x00\x00\x00\x00\x00\x00\x00\x00\x00\x00\x00\x00\x00\x00\x00\x00\x00\x00\x00\x00\x00\x00\x00\x00\x00\x00\x00\x00\x00\x00\x00')
2026-10-09 08:52:36,943 LT1-thread root DEBUG gap.py                    1170  gap_read_controller_info  : received Header(svc_id=1, op=3, ctrl_index=0, data_len=277) (b'\x19x\xeei\x17\xd0\xd3\x06\x02\x00\x13\x02\x00\x00\x00\x00\x00btp_tester\x00\x00\x00\x00\x00\x00\x00\x00\x00\x00\x00\x00\x00\x00\x00\x00\x00\x00\x00\x00\x00\x00\x00\x00\x00\x00\x00\x00\x00\x00\x00\x00\x00\x00\x00\x00\x00\x00\x00\x00\x00\x00\x00\x00\x00\x00\x00\x00\x00\x00\x00\x00\x00\x00\x00\x00\x00\x00\x00\x00\x00\x00\x00\x00\x00\x00\x00\x00\x00\x00\x00\x00\x00\x00\x00\x00\x00\x00\x00\x00\x00\x00\x00\x00\x00\x00\x00\x00\x00\x00\x00\x00\x00\x00\x00\x00\x00\x00\x00\x00\x00\x00\x00\x00\x00\x00\x00\x00\x00\x00\x00\x00\x00\x00\x00\x00\x00\x00\x00\x00\x00\x00\x00\x00\x00\x00\x00\x00\x00\x00\x00\x00\x00\x00\x00\x00\x00\x00\x00\x00\x00\x00\x00\x00\x00\x00\x00\x00\x00\x00\x00\x00\x00\x00\x00\x00\x00\x00\x00\x00\x00\x00\x00\x00\x00\x00\x00\x00\x00\x00\x00\x00\x00\x00\x00\x00\x00\x00\x00\x00\x00\x00\x00\x00\x00\x00\x00\x00\x00\x00\x00\x00\x00\x00\x00\x00\x00\x00\x00\x00\x00\x00\x00\x00\x00\x00\x00\x00\x00\x00\x00\x00\x00\x00\x00\x00\x00\x00\x00\x00\x00\x00\x00\x00\x00\x00\x00\x00\x00\x00\x00\x00\x00\x00\x00\x00\x00\x00\x00\x00\x00\x00\x00\x00\x00\x00\x00\x00\x00\x00',)
2026-10-09 08:52:36,943 LT1-thread root DEBUG gap.py                    1191  gap_read_controller_info  : IUT address 'd01769ee7819' 'public'
2026-10-09 08:52:36,944 LT1-thread root DEBUG gap.py                    596   __gap_current_settings_update : 531
2026-10-09 08:52:36,944 LT1-thread root DEBUG testcase.py               254   start                     : Starting test function: class=<class 'autopts.ptsprojects.testcase.TestFunc'>, func=<function test_cases.<locals>.<lambda> at 0x000002C687A6FB00> start_wid=None stop_wid=None post_wid=None skip_call=None call_count=145 args=() kwds={}
2026-10-09 08:52:36,944 LT1-thread root DEBUG testcase.py               266   start                     : Test function parameters: args=(), kwds={}
2026-10-09 08:52:36,947 LT1-thread root DEBUG testcase.py               254   start                     : Starting test function: class=<class 'autopts.ptsprojects.testcase.TestFunc'>, func=<function set_pts_addr at 0x000002C684E2DD00> start_wid=None stop_wid=None post_wid=None skip_call=None call_count=145 args=('00:1B:DC:08:E4:4E', 0) kwds={}
2026-10-09 08:52:36,947 LT1-thread root DEBUG testcase.py               266   start                     : Test function parameters: args=('00:1B:DC:08:E4:4E', 0), kwds={}
2026-10-09 08:52:36,948 LT1-thread root DEBUG testcase.py               254   start                     : Starting test function: class=<class 'autopts.ptsprojects.testcase.TestFunc'>, func=<function core_reg_svc_map at 0x000002C684E2FD80> start_wid=None stop_wid=None post_wid=None skip_call=None call_count=145 args=() kwds={}
2026-10-09 08:52:36,948 LT1-thread root DEBUG testcase.py               266   start                     : Test function parameters: args=(), kwds={}
2026-10-09 08:52:36,948 LT1-thread root DEBUG btp.py                    117   core_reg_svc_univ         : core_reg_svc_univ: map_reg (MAP)
2026-10-09 08:52:36,948 LT1-thread root DEBUG iutctl_common.py          161   send                      : 0 3 255 '41'
2026-10-09 08:52:36,948 LT1-thread root DEBUG iutctl_common.py          166   send                      : sending frame '0003ff010029'
2026-10-09 08:52:36,948 LT1-thread root DEBUG btp.py                    654   core_reg_svc_rsp_succ     : 
2026-10-09 08:52:36,948 LT1-thread root DEBUG iutctl_common.py          339   read                      : 
2026-10-09 08:52:36,989 BTPWorkerThread-34796 (_rx_task) root DEBUG iutctl_common.py          123   read                      : Read 5 bytes
2026-10-09 08:52:36,994 BTPWorkerThread-34796 (_rx_task) root DEBUG iutctl_common.py          131   read                      : Received: hdr: Header(svc_id=0x00, op=0x03, ctrl_index=0xff, data_len=0x00) bytearray(b'\x00\x03\xff\x00\x00')
2026-10-09 08:52:36,999 BTPWorkerThread-34796 (_rx_task) root DEBUG iutctl_common.py          154   read                      : Received data: {''}, bytearray(b'')
2026-10-09 08:52:36,999 LT1-thread root DEBUG btp.py                    665   core_reg_svc_rsp_succ     : received Header(svc_id=0, op=3, ctrl_index=255, data_len=0) (b'',)
2026-10-09 08:52:36,999 LT1-thread root DEBUG btp.py                    666   core_reg_svc_rsp_succ     : expected ((0, 3, 255, 0), (b'',))
2026-10-09 08:52:36,999 LT1-thread root DEBUG btp.py                    671   core_reg_svc_rsp_succ     : response is valid
2026-10-09 08:52:36,999 LT1-thread root DEBUG btp.py                    674   core_reg_svc_rsp_succ     : Reading supported commands for service: MAP
2026-10-09 08:52:36,999 LT1-thread root DEBUG iutctl_common.py          161   send                      : 41 1 255 ''
2026-10-09 08:52:36,999 LT1-thread root DEBUG iutctl_common.py          166   send                      : sending frame '2901ff0000'
2026-10-09 08:52:36,999 LT1-thread root DEBUG iutctl_common.py          339   read                      : 
2026-10-09 08:52:37,030 BTPWorkerThread-34796 (_rx_task) root DEBUG iutctl_common.py          123   read                      : Read 5 bytes
2026-10-09 08:52:37,040 BTPWorkerThread-34796 (_rx_task) root DEBUG iutctl_common.py          131   read                      : Received: hdr: Header(svc_id=0x29, op=0x01, ctrl_index=0xff, data_len=0x07) bytearray(b')\x01\xff\x07\x00')
2026-10-09 08:52:37,051 BTPWorkerThread-34796 (_rx_task) root DEBUG iutctl_common.py          139   read                      : Read 7 bytes data
2026-10-09 08:52:37,057 BTPWorkerThread-34796 (_rx_task) root DEBUG iutctl_common.py          154   read                      : Received data: {'fe ff ff ff ff ff 7f'}, bytearray(b'\xfe\xff\xff\xff\xff\xff\x7f')
2026-10-09 08:52:37,057 LT1-thread root DEBUG testcase.py               254   start                     : Starting test function: class=<class 'autopts.ptsprojects.testcase.TestFunc'>, func=<bound method Stack.map_init of <autopts.ptsprojects.stack.stack.Stack object at 0x000002C6862F6F00>> start_wid=None stop_wid=None post_wid=None skip_call=None call_count=145 args=() kwds={}
2026-10-09 08:52:37,058 LT1-thread root DEBUG testcase.py               266   start                     : Test function parameters: args=(), kwds={}
2026-10-09 08:52:37,058 LT1-thread root DEBUG map.py                    3404  start                     : MAP event handler started
2026-10-09 08:52:37,060 LT1-thread root DEBUG client.py                 276   get_result                : ClientCallback.get_result run_test_case
2026-10-09 08:52:39,861 LT1-callback ClientCallback.on_implicit_send INFO client.py                 223   on_implicit_send          : 
    ********************
    BEGIN OnImplicitSend:
    project_name: MAP
    wid: 90
    test_case_name: MAP/MSE/GOEP/SRM/BI-05-C
    description: Click OK when the IUT becomes connectable.
    style: MMI_Style_Ok_Cancel1 0x11041
2026-10-09 08:52:39,861 LT1-callback ClientCallback.on_implicit_send INFO client.py                 236   on_implicit_send          : Calling test cases on_implicit_send
2026-10-09 08:52:39,862 LT1-callback ClientCallback.on_implicit_send INFO client.py                 249   on_implicit_send          : 
    on_implicit_send returned response: WAIT
    END OnImplicitSend
    ********************
2026-10-09 08:52:40,062 LT1-thread root DEBUG testcase.py               679   run_wid                   : MAP MAP/MSE/GOEP/SRM/BI-05-C on_implicit_send
2026-10-09 08:52:40,062 LT1-thread root DEBUG map_wid.py                25    map_wid_hdl               : map_wid_hdl, 90, Click OK when the IUT becomes connectable., MAP/MSE/GOEP/SRM/BI-05-C
2026-10-09 08:52:40,062 LT1-thread root DEBUG gap.py                    984   gap_set_connectable       : 
2026-10-09 08:52:40,062 LT1-thread root DEBUG gap.py                    1035  gap_set_general_discoverable : 
2026-10-09 08:52:40,062 LT1-thread root DEBUG iutctl_common.py          161   send                      : 1 8 0 '1'
2026-10-09 08:52:40,062 LT1-thread root DEBUG iutctl_common.py          166   send                      : sending frame '010800010001'
2026-10-09 08:52:40,062 LT1-thread root DEBUG gap.py                    1229  gap_command_rsp_succ      : 
2026-10-09 08:52:40,062 LT1-thread root DEBUG iutctl_common.py          339   read                      : 
2026-10-09 08:52:40,123 BTPWorkerThread-34796 (_rx_task) root DEBUG iutctl_common.py          123   read                      : Read 5 bytes
2026-10-09 08:52:40,129 BTPWorkerThread-34796 (_rx_task) root DEBUG iutctl_common.py          131   read                      : Received: hdr: Header(svc_id=0x01, op=0x08, ctrl_index=0x00, data_len=0x04) bytearray(b'\x01\x08\x00\x04\x00')
2026-10-09 08:52:40,134 BTPWorkerThread-34796 (_rx_task) root DEBUG iutctl_common.py          139   read                      : Read 4 bytes data
2026-10-09 08:52:40,134 BTPWorkerThread-34796 (_rx_task) root DEBUG iutctl_common.py          154   read                      : Received data: {'1b 02 00 00'}, bytearray(b'\x1b\x02\x00\x00')
2026-10-09 08:52:40,140 LT1-thread root DEBUG gap.py                    1234  gap_command_rsp_succ      : received Header(svc_id=1, op=8, ctrl_index=0, data_len=4) (b'\x1b\x02\x00\x00',)
2026-10-09 08:52:40,140 LT1-thread root DEBUG gap.py                    596   __gap_current_settings_update : (b'\x1b\x02\x00\x00',)
2026-10-09 08:52:40,140 LT1-thread root DEBUG testcase.py               722   run_wid                   : Sending response 'OK' to wid 90 test case MAP/MSE/GOEP/SRM/BI-05-C
2026-10-09 08:52:40,141 LT1-thread root DEBUG client.py                 276   get_result                : ClientCallback.get_result run_test_case
2026-10-09 08:52:40,217 BTPWorkerThread-34796 (_rx_task) root DEBUG iutctl_common.py          123   read                      : Read 5 bytes
2026-10-09 08:52:40,217 BTPWorkerThread-34796 (_rx_task) root DEBUG iutctl_common.py          131   read                      : Received: hdr: Header(svc_id=0x01, op=0x82, ctrl_index=0x00, data_len=0x0d) bytearray(b'\x01\x82\x00\r\x00')
2026-10-09 08:52:40,217 BTPWorkerThread-34796 (_rx_task) root DEBUG iutctl_common.py          139   read                      : Read 13 bytes data
2026-10-09 08:52:40,218 BTPWorkerThread-34796 (_rx_task) root DEBUG iutctl_common.py          154   read                      : Received data: {'e0 4e e4 08 dc 1b 00 00 00 00 00 00 00'}, bytearray(b'\xe0N\xe4\x08\xdc\x1b\x00\x00\x00\x00\x00\x00\x00')
2026-10-09 08:52:40,218 BTPWorkerThread-34796 (_rx_task) root DEBUG btp.py                    736   event_handler             : Header(svc_id=1, op=130, ctrl_index=0, data_len=13) (b'\xe0N\xe4\x08\xdc\x1b\x00\x00\x00\x00\x00\x00\x00',)
2026-10-09 08:52:40,218 BTPWorkerThread-34796 (_rx_task) root DEBUG gap.py                    215   gap_connected_ev_         : b'\xe0N\xe4\x08\xdc\x1b\x00\x00\x00\x00\x00\x00\x00'
2026-10-09 08:52:40,218 BTPWorkerThread-34796 (_rx_task) root DEBUG iutctl_common.py          123   read                      : Read 5 bytes
2026-10-09 08:52:40,218 BTPWorkerThread-34796 (_rx_task) root DEBUG iutctl_common.py          131   read                      : Received: hdr: Header(svc_id=0x01, op=0x80, ctrl_index=0x00, data_len=0x04) bytearray(b'\x01\x80\x00\x04\x00')
2026-10-09 08:52:40,218 BTPWorkerThread-34796 (_rx_task) root DEBUG iutctl_common.py          139   read                      : Read 4 bytes data
2026-10-09 08:52:40,218 BTPWorkerThread-34796 (_rx_task) root DEBUG iutctl_common.py          154   read                      : Received data: {'1b 02 00 00'}, bytearray(b'\x1b\x02\x00\x00')
2026-10-09 08:52:40,218 BTPWorkerThread-34796 (_rx_task) root DEBUG btp.py                    736   event_handler             : Header(svc_id=1, op=128, ctrl_index=0, data_len=4) (b'\x1b\x02\x00\x00',)
2026-10-09 08:52:40,218 BTPWorkerThread-34796 (_rx_task) root DEBUG gap.py                    183   gap_new_settings_ev_      : b'\x1b\x02\x00\x00'
2026-10-09 08:52:40,219 BTPWorkerThread-34796 (_rx_task) root DEBUG gap.py                    596   __gap_current_settings_update : 539
2026-10-09 08:52:40,368 LT1-callback ClientCallback.on_implicit_send INFO client.py                 223   on_implicit_send          : 
    ********************
    BEGIN OnImplicitSend:
    project_name: MAP
    wid: 4017
    test_case_name: MAP/MSE/GOEP/SRM/BI-05-C
    description:  Please accept the l2cap channel connection for an OBEX connection.
    style: MMI_Style_Ok_Cancel1 0x11041
2026-10-09 08:52:40,368 LT1-callback ClientCallback.on_implicit_send INFO client.py                 236   on_implicit_send          : Calling test cases on_implicit_send
2026-10-09 08:52:40,368 LT1-callback ClientCallback.on_implicit_send INFO client.py                 249   on_implicit_send          : 
    on_implicit_send returned response: WAIT
    END OnImplicitSend
    ********************
2026-10-09 08:52:41,142 LT1-thread root DEBUG testcase.py               679   run_wid                   : MAP MAP/MSE/GOEP/SRM/BI-05-C on_implicit_send
2026-10-09 08:52:41,143 LT1-thread root DEBUG map_wid.py                25    map_wid_hdl               : map_wid_hdl, 4017,  Please accept the l2cap channel connection for an OBEX connection., MAP/MSE/GOEP/SRM/BI-05-C
2026-10-09 08:52:41,143 LT1-thread root DEBUG testcase.py               722   run_wid                   : Sending response 'OK' to wid 4017 test case MAP/MSE/GOEP/SRM/BI-05-C
2026-10-09 08:52:41,145 LT1-thread root DEBUG client.py                 276   get_result                : ClientCallback.get_result run_test_case
2026-10-09 08:52:41,945 BTPWorkerThread-34796 (_rx_task) root DEBUG iutctl_common.py          123   read                      : Read 5 bytes
2026-10-09 08:52:41,945 BTPWorkerThread-34796 (_rx_task) root DEBUG iutctl_common.py          131   read                      : Received: hdr: Header(svc_id=0x01, op=0x91, ctrl_index=0x00, data_len=0x09) bytearray(b'\x01\x91\x00\t\x00')
2026-10-09 08:52:41,945 BTPWorkerThread-34796 (_rx_task) root DEBUG iutctl_common.py          139   read                      : Read 9 bytes data
2026-10-09 08:52:41,946 BTPWorkerThread-34796 (_rx_task) root DEBUG iutctl_common.py          154   read                      : Received data: {'e0 4e e4 08 dc 1b 00 01 10'}, bytearray(b'\xe0N\xe4\x08\xdc\x1b\x00\x01\x10')
2026-10-09 08:52:41,946 BTPWorkerThread-34796 (_rx_task) root DEBUG btp.py                    736   event_handler             : Header(svc_id=1, op=145, ctrl_index=0, data_len=9) (b'\xe0N\xe4\x08\xdc\x1b\x00\x01\x10',)
2026-10-09 08:52:41,946 BTPWorkerThread-34796 (_rx_task) root DEBUG gap.py                    494   gap_encryption_change_ev_ : 
2026-10-09 08:52:41,946 BTPWorkerThread-34796 (_rx_task) root DEBUG gap.py                    496   gap_encryption_change_ev_ : enc change received b'\xe0N\xe4\x08\xdc\x1b\x00\x01\x10'
2026-10-09 08:52:41,946 BTPWorkerThread-34796 (_rx_task) root DEBUG gap.py                    505   gap_encryption_change_ev_ : received (224, '001bdc08e44e', 1, 16)
2026-10-09 08:52:41,946 BTPWorkerThread-34796 (_rx_task) root DEBUG iutctl_common.py          123   read                      : Read 5 bytes
2026-10-09 08:52:41,946 BTPWorkerThread-34796 (_rx_task) root DEBUG iutctl_common.py          131   read                      : Received: hdr: Header(svc_id=0x01, op=0x89, ctrl_index=0x00, data_len=0x08) bytearray(b'\x01\x89\x00\x08\x00')
2026-10-09 08:52:41,946 BTPWorkerThread-34796 (_rx_task) root DEBUG iutctl_common.py          139   read                      : Read 8 bytes data
2026-10-09 08:52:41,946 BTPWorkerThread-34796 (_rx_task) root DEBUG iutctl_common.py          154   read                      : Received data: {'e0 4e e4 08 dc 1b 00 02'}, bytearray(b'\xe0N\xe4\x08\xdc\x1b\x00\x02')
2026-10-09 08:52:41,946 BTPWorkerThread-34796 (_rx_task) root DEBUG btp.py                    736   event_handler             : Header(svc_id=1, op=137, ctrl_index=0, data_len=8) (b'\xe0N\xe4\x08\xdc\x1b\x00\x02',)
2026-10-09 08:52:41,946 BTPWorkerThread-34796 (_rx_task) root DEBUG gap.py                    300   gap_sec_level_changed_ev_ : 
2026-10-09 08:52:41,947 BTPWorkerThread-34796 (_rx_task) root DEBUG gap.py                    302   gap_sec_level_changed_ev_ : received b'\xe0N\xe4\x08\xdc\x1b\x00\x02'
2026-10-09 08:52:41,947 BTPWorkerThread-34796 (_rx_task) root DEBUG gap.py                    313   gap_sec_level_changed_ev_ : received (224, '001bdc08e44e', 2)
2026-10-09 08:52:41,957 BTPWorkerThread-34796 (_rx_task) root DEBUG iutctl_common.py          123   read                      : Read 5 bytes
2026-10-09 08:52:41,957 BTPWorkerThread-34796 (_rx_task) root DEBUG iutctl_common.py          131   read                      : Received: hdr: Header(svc_id=0x29, op=0x9e, ctrl_index=0x00, data_len=0x08) bytearray(b')\x9e\x00\x08\x00')
2026-10-09 08:52:41,957 BTPWorkerThread-34796 (_rx_task) root DEBUG iutctl_common.py          139   read                      : Read 8 bytes data
2026-10-09 08:52:41,958 BTPWorkerThread-34796 (_rx_task) root DEBUG iutctl_common.py          154   read                      : Received data: {'e0 4e e4 08 dc 1b 00 00'}, bytearray(b'\xe0N\xe4\x08\xdc\x1b\x00\x00')
2026-10-09 08:52:41,958 BTPWorkerThread-34796 (_rx_task) root DEBUG btp.py                    736   event_handler             : Header(svc_id=41, op=158, ctrl_index=0, data_len=8) (b'\xe0N\xe4\x08\xdc\x1b\x00\x00',)
2026-10-09 08:52:41,958 Thread-34804 (_process_events) root DEBUG map.py                    2371  _map_mse_mas_l2cap_connected_ev : _map_mse_mas_l2cap_connected_ev b'\xe0N\xe4\x08\xdc\x1b\x00\x00'
2026-10-09 08:52:41,958 Thread-34804 (_process_events) root DEBUG map.py                    2071  add_connection            : Created new connection: addr=001bdc08e44e, instance=0
2026-10-09 08:52:41,958 Thread-34804 (_process_events) root DEBUG map.py                    2076  add_connection            : Set transport: addr=001bdc08e44e, instance=0, type=158
2026-10-09 08:52:42,058 LT1-callback ClientCallback.on_implicit_send INFO client.py                 223   on_implicit_send          : 
    ********************
    BEGIN OnImplicitSend:
    project_name: MAP
    wid: 4004
    test_case_name: MAP/MSE/GOEP/SRM/BI-05-C
    description:  Please accept the OBEX CONNECT REQ.
    style: MMI_Style_Ok_Cancel1 0x11041
2026-10-09 08:52:42,058 LT1-callback ClientCallback.on_implicit_send INFO client.py                 236   on_implicit_send          : Calling test cases on_implicit_send
2026-10-09 08:52:42,058 LT1-callback ClientCallback.on_implicit_send INFO client.py                 249   on_implicit_send          : 
    on_implicit_send returned response: WAIT
    END OnImplicitSend
    ********************
2026-10-09 08:52:42,064 BTPWorkerThread-34796 (_rx_task) root DEBUG iutctl_common.py          123   read                      : Read 5 bytes
2026-10-09 08:52:42,064 BTPWorkerThread-34796 (_rx_task) root DEBUG iutctl_common.py          131   read                      : Received: hdr: Header(svc_id=0x29, op=0xa0, ctrl_index=0x00, data_len=0x29) bytearray(b')\xa0\x00)\x00')
2026-10-09 08:52:42,064 BTPWorkerThread-34796 (_rx_task) root DEBUG iutctl_common.py          139   read                      : Read 41 bytes data
2026-10-09 08:52:42,064 BTPWorkerThread-34796 (_rx_task) root DEBUG iutctl_common.py          154   read                      : Received data: {'e0 4e e4 08 dc 1b 00 00 10 ff 00 1c 00 46 00 13 bb 58 2b 40 42 0c 11 db b0 de 08 00 20 0c 9a 66 4c 00 09 29 04 00 7f ff ff'}, bytearray(b'\xe0N\xe4\x08\xdc\x1b\x00\x00\x10\xff\x00\x1c\x00F\x00\x13\xbbX+@B\x0c\x11\xdb\xb0\xde\x08\x00 \x0c\x9afL\x00\t)\x04\x00\x7f\xff\xff')
2026-10-09 08:52:42,064 BTPWorkerThread-34796 (_rx_task) root DEBUG btp.py                    736   event_handler             : Header(svc_id=41, op=160, ctrl_index=0, data_len=41) (b'\xe0N\xe4\x08\xdc\x1b\x00\x00\x10\xff\x00\x1c\x00F\x00\x13\xbbX+@B\x0c\x11\xdb\xb0\xde\x08\x00 \x0c\x9afL\x00\t)\x04\x00\x7f\xff\xff',)
2026-10-09 08:52:42,064 Thread-34804 (_process_events) root DEBUG map.py                    2386  _map_mse_mas_connect_ev   : _map_mse_mas_connect_ev b'\xe0N\xe4\x08\xdc\x1b\x00\x00\x10\xff\x00\x1c\x00F\x00\x13\xbbX+@B\x0c\x11\xdb\xb0\xde\x08\x00 \x0c\x9afL\x00\t)\x04\x00\x7f\xff\xff'
2026-10-09 08:52:42,065 Thread-34804 (_process_events) root DEBUG map.py                    1168  map_mse_mas_connect       : map_mse_mas_connect 0 160 None
2026-10-09 08:52:42,065 Thread-34804 (_process_events) root DEBUG iutctl_common.py          161   send                      : 41 30 0 "bytearray(b'\\xe0N\\xe4\\x08\\xdc\\x1b\\x00\\x00\\xa0')"
2026-10-09 08:52:42,065 Thread-34804 (_process_events) root DEBUG iutctl_common.py          166   send                      : sending frame '291e000900e04ee408dc1b0000a0'
2026-10-09 08:52:42,065 Thread-34804 (_process_events) root DEBUG map.py                    518   map_command_rsp_succ      : map_command_rsp_succ
2026-10-09 08:52:42,065 Thread-34804 (_process_events) root DEBUG iutctl_common.py          339   read                      : 
2026-10-09 08:52:42,091 BTPWorkerThread-34796 (_rx_task) root DEBUG iutctl_common.py          123   read                      : Read 5 bytes
2026-10-09 08:52:42,107 BTPWorkerThread-34796 (_rx_task) root DEBUG iutctl_common.py          131   read                      : Received: hdr: Header(svc_id=0x29, op=0x1e, ctrl_index=0x00, data_len=0x00) bytearray(b')\x1e\x00\x00\x00')
2026-10-09 08:52:42,119 BTPWorkerThread-34796 (_rx_task) root DEBUG iutctl_common.py          154   read                      : Received data: {''}, bytearray(b'')
2026-10-09 08:52:42,119 Thread-34804 (_process_events) root DEBUG map.py                    523   map_command_rsp_succ      : received Header(svc_id=41, op=30, ctrl_index=0, data_len=0) (b'',)
2026-10-09 08:52:42,119 Thread-34804 (_process_events) root DEBUG map.py                    498   _increment_folder_version_counter : Incremented folder version counter for telecom/msg/inbox: 00000000000000000000000000000001
2026-10-09 08:52:42,119 Thread-34804 (_process_events) root DEBUG map.py                    1457  add_message               : Added message 0000000000000001 (persistent handle)
2026-10-09 08:52:42,119 Thread-34804 (_process_events) root DEBUG map.py                    498   _increment_folder_version_counter : Incremented folder version counter for telecom/msg/inbox: 00000000000000000000000000000002
2026-10-09 08:52:42,119 Thread-34804 (_process_events) root DEBUG map.py                    1457  add_message               : Added message 0000000000000002 (persistent handle)
2026-10-09 08:52:42,119 Thread-34804 (_process_events) root DEBUG map.py                    498   _increment_folder_version_counter : Incremented folder version counter for telecom/msg/inbox: 00000000000000000000000000000003
2026-10-09 08:52:42,119 Thread-34804 (_process_events) root DEBUG map.py                    1457  add_message               : Added message 0000000000000003 (persistent handle)
2026-10-09 08:52:42,119 Thread-34804 (_process_events) root DEBUG map.py                    498   _increment_folder_version_counter : Incremented folder version counter for telecom/msg/inbox: 00000000000000000000000000000004
2026-10-09 08:52:42,119 Thread-34804 (_process_events) root DEBUG map.py                    1457  add_message               : Added message 0000000000000004 (persistent handle)
2026-10-09 08:52:42,119 Thread-34804 (_process_events) root DEBUG map.py                    518   _increment_conversation_listing_version_counter : Incremented conversation-listing version counter: 00000000000000000000000000000001
2026-10-09 08:52:42,119 Thread-34804 (_process_events) root DEBUG map.py                    1560  add_conversation          : Added conversation 0000000000000001 (persistent ID)
2026-10-09 08:52:42,120 Thread-34804 (_process_events) root INFO map.py                    999   set_owner_status          : Set owner status for conversation 0000000000000001
2026-10-09 08:52:42,120 BTPWorkerThread-34796 (_rx_task) root DEBUG iutctl_common.py          123   read                      : Read 5 bytes
2026-10-09 08:52:42,120 Thread-34804 (_process_events) root DEBUG map.py                    498   _increment_folder_version_counter : Incremented folder version counter for telecom/msg/inbox: 00000000000000000000000000000005
2026-10-09 08:52:42,120 Thread-34804 (_process_events) root DEBUG map.py                    546   _increment_conversation_version_counter : Incremented conversation version counter for 0000000000000001: 00000000000000000000000000000001
2026-10-09 08:52:42,121 Thread-34804 (_process_events) root DEBUG map.py                    1453  add_message               : Message added to conversation 0000000000000001, incremented version counter
2026-10-09 08:52:42,121 Thread-34804 (_process_events) root DEBUG map.py                    1457  add_message               : Added message 0000000000000005 (persistent handle)
2026-10-09 08:52:42,121 BTPWorkerThread-34796 (_rx_task) root DEBUG iutctl_common.py          131   read                      : Received: hdr: Header(svc_id=0x29, op=0xa4, ctrl_index=0x00, data_len=0x13) bytearray(b')\xa4\x00\x13\x00')
2026-10-09 08:52:42,121 BTPWorkerThread-34796 (_rx_task) root DEBUG iutctl_common.py          139   read                      : Read 19 bytes data
2026-10-09 08:52:42,121 Thread-34804 (_process_events) root DEBUG map.py                    498   _increment_folder_version_counter : Incremented folder version counter for telecom/msg/inbox: 00000000000000000000000000000006
2026-10-09 08:52:42,121 Thread-34804 (_process_events) root DEBUG map.py                    1457  add_message               : Added message 0000000000000006 (persistent handle)
2026-10-09 08:52:42,121 Thread-34804 (_process_events) root DEBUG map.py                    498   _increment_folder_version_counter : Incremented folder version counter for telecom/msg/inbox: 00000000000000000000000000000007
2026-10-09 08:52:42,121 Thread-34804 (_process_events) root DEBUG map.py                    1457  add_message               : Added message 0000000000000007 (persistent handle)
2026-10-09 08:52:42,122 Thread-34804 (_process_events) root DEBUG map.py                    498   _increment_folder_version_counter : Incremented folder version counter for telecom/msg/inbox: 00000000000000000000000000000008
2026-10-09 08:52:42,122 Thread-34804 (_process_events) root DEBUG map.py                    1457  add_message               : Added message 0000000000000008 (persistent handle)
2026-10-09 08:52:42,122 BTPWorkerThread-34796 (_rx_task) root DEBUG iutctl_common.py          154   read                      : Received data: {'e0 4e e4 08 dc 1b 00 00 02 08 00 01 00 03 cb 00 00 00 04'}, bytearray(b'\xe0N\xe4\x08\xdc\x1b\x00\x00\x02\x08\x00\x01\x00\x03\xcb\x00\x00\x00\x04')
2026-10-09 08:52:42,122 Thread-34804 (_process_events) root DEBUG map.py                    498   _increment_folder_version_counter : Incremented folder version counter for telecom/msg/inbox: 00000000000000000000000000000009
2026-10-09 08:52:42,122 Thread-34804 (_process_events) root DEBUG map.py                    1457  add_message               : Added message 0000000000000009 (persistent handle)
2026-10-09 08:52:42,122 Thread-34804 (_process_events) root DEBUG map.py                    518   _increment_conversation_listing_version_counter : Incremented conversation-listing version counter: 00000000000000000000000000000002
2026-10-09 08:52:42,122 Thread-34804 (_process_events) root DEBUG map.py                    1560  add_conversation          : Added conversation 0000000000000002 (persistent ID)
2026-10-09 08:52:42,122 BTPWorkerThread-34796 (_rx_task) root DEBUG btp.py                    736   event_handler             : Header(svc_id=41, op=164, ctrl_index=0, data_len=19) (b'\xe0N\xe4\x08\xdc\x1b\x00\x00\x02\x08\x00\x01\x00\x03\xcb\x00\x00\x00\x04',)
2026-10-09 08:52:42,122 Thread-34804 (_process_events) root INFO map.py                    999   set_owner_status          : Set owner status for conversation 0000000000000002
2026-10-09 08:52:42,122 Thread-34804 (_process_events) root DEBUG map.py                    498   _increment_folder_version_counter : Incremented folder version counter for telecom/msg/inbox: 0000000000000000000000000000000A
2026-10-09 08:52:42,122 Thread-34804 (_process_events) root DEBUG map.py                    546   _increment_conversation_version_counter : Incremented conversation version counter for 0000000000000002: 00000000000000000000000000000001
2026-10-09 08:52:42,122 Thread-34804 (_process_events) root DEBUG map.py                    1453  add_message               : Message added to conversation 0000000000000002, incremented version counter
2026-10-09 08:52:42,124 Thread-34804 (_process_events) root DEBUG map.py                    1457  add_message               : Added message 000000000000000A (persistent handle)
2026-10-09 08:52:42,124 Thread-34804 (_process_events) root INFO map.py                    1822  create_sample_messages    : Created 10 sample messages in inbox folder:
2026-10-09 08:52:42,124 Thread-34804 (_process_events) root INFO map.py                    1823  create_sample_messages    :   - EMAIL: 2
2026-10-09 08:52:42,124 Thread-34804 (_process_events) root INFO map.py                    1824  create_sample_messages    :   - SMS_GSM: 2
2026-10-09 08:52:42,124 Thread-34804 (_process_events) root INFO map.py                    1825  create_sample_messages    :   - SMS_CDMA: 2
2026-10-09 08:52:42,124 Thread-34804 (_process_events) root INFO map.py                    1826  create_sample_messages    :   - MMS: 2
2026-10-09 08:52:42,124 Thread-34804 (_process_events) root INFO map.py                    1827  create_sample_messages    :   - IM: 2
2026-10-09 08:52:42,124 Thread-34804 (_process_events) root INFO map.py                    1828  create_sample_messages    : Created 2 IM conversations
2026-10-09 08:52:42,124 Thread-34804 (_process_events) root DEBUG map.py                    2079  add_connection            : Set OBEX: addr=001bdc08e44e, instance=0, type=160
2026-10-09 08:52:42,124 Thread-34804 (_process_events) root DEBUG map.py                    2464  _map_mse_mas_set_folder_ev : _map_mse_mas_set_folder_ev b'\xe0N\xe4\x08\xdc\x1b\x00\x00\x02\x08\x00\x01\x00\x03\xcb\x00\x00\x00\x04'
2026-10-09 08:52:42,124 Thread-34804 (_process_events) root DEBUG map.py                    1402  set_folder                : Set folder to root
2026-10-09 08:52:42,124 Thread-34804 (_process_events) root DEBUG map.py                    1225  map_mse_mas_set_folder    : map_mse_mas_set_folder 0 160 b'' None
2026-10-09 08:52:42,124 Thread-34804 (_process_events) root DEBUG iutctl_common.py          161   send                      : 41 33 0 "bytearray(b'\\xe0N\\xe4\\x08\\xdc\\x1b\\x00\\x00\\xa0\\x00\\x00')"
2026-10-09 08:52:42,124 Thread-34804 (_process_events) root DEBUG iutctl_common.py          166   send                      : sending frame '2921000b00e04ee408dc1b0000a00000'
2026-10-09 08:52:42,125 Thread-34804 (_process_events) root DEBUG map.py                    518   map_command_rsp_succ      : map_command_rsp_succ
2026-10-09 08:52:42,125 Thread-34804 (_process_events) root DEBUG iutctl_common.py          339   read                      : 
2026-10-09 08:52:42,146 LT1-thread root DEBUG testcase.py               679   run_wid                   : MAP MAP/MSE/GOEP/SRM/BI-05-C on_implicit_send
2026-10-09 08:52:42,146 LT1-thread root DEBUG map_wid.py                25    map_wid_hdl               : map_wid_hdl, 4004,  Please accept the OBEX CONNECT REQ., MAP/MSE/GOEP/SRM/BI-05-C
2026-10-09 08:52:42,146 LT1-thread root DEBUG testcase.py               722   run_wid                   : Sending response 'OK' to wid 4004 test case MAP/MSE/GOEP/SRM/BI-05-C
2026-10-09 08:52:42,160 BTPWorkerThread-34796 (_rx_task) root DEBUG iutctl_common.py          123   read                      : Read 5 bytes
2026-10-09 08:52:42,166 BTPWorkerThread-34796 (_rx_task) root DEBUG iutctl_common.py          131   read                      : Received: hdr: Header(svc_id=0x29, op=0x21, ctrl_index=0x00, data_len=0x00) bytearray(b')!\x00\x00\x00')
2026-10-09 08:52:42,171 BTPWorkerThread-34796 (_rx_task) root DEBUG iutctl_common.py          154   read                      : Received data: {''}, bytearray(b'')
2026-10-09 08:52:42,171 Thread-34804 (_process_events) root DEBUG map.py                    523   map_command_rsp_succ      : received Header(svc_id=41, op=33, ctrl_index=0, data_len=0) (b'',)
2026-10-09 08:52:42,172 BTPWorkerThread-34796 (_rx_task) root DEBUG iutctl_common.py          123   read                      : Read 5 bytes
2026-10-09 08:52:42,172 LT1-callback ClientCallback.on_implicit_send INFO client.py                 223   on_implicit_send          : 
    ********************
    BEGIN OnImplicitSend:
    project_name: MAP
    wid: 4016
    test_case_name: MAP/MSE/GOEP/SRM/BI-05-C
    description: Please accept the SET_PATH command.
    style: MMI_Style_Ok_Cancel1 0x11041
2026-10-09 08:52:42,172 LT1-callback ClientCallback.on_implicit_send INFO client.py                 236   on_implicit_send          : Calling test cases on_implicit_send
2026-10-09 08:52:42,173 BTPWorkerThread-34796 (_rx_task) root DEBUG iutctl_common.py          131   read                      : Received: hdr: Header(svc_id=0x29, op=0xa4, ctrl_index=0x00, data_len=0x23) bytearray(b')\xa4\x00#\x00')
2026-10-09 08:52:42,173 BTPWorkerThread-34796 (_rx_task) root DEBUG iutctl_common.py          139   read                      : Read 35 bytes data
2026-10-09 08:52:42,173 LT1-callback ClientCallback.on_implicit_send INFO client.py                 249   on_implicit_send          : 
    on_implicit_send returned response: WAIT
    END OnImplicitSend
    ********************
2026-10-09 08:52:42,173 LT1-thread root DEBUG client.py                 276   get_result                : ClientCallback.get_result run_test_case
2026-10-09 08:52:42,174 BTPWorkerThread-34796 (_rx_task) root DEBUG iutctl_common.py          154   read                      : Received data: {'e0 4e e4 08 dc 1b 00 00 02 18 00 01 00 13 00 74 00 65 00 6c 00 65 00 63 00 6f 00 6d 00 00 cb 00 00 00 04'}, bytearray(b'\xe0N\xe4\x08\xdc\x1b\x00\x00\x02\x18\x00\x01\x00\x13\x00t\x00e\x00l\x00e\x00c\x00o\x00m\x00\x00\xcb\x00\x00\x00\x04')
2026-10-09 08:52:42,174 BTPWorkerThread-34796 (_rx_task) root DEBUG btp.py                    736   event_handler             : Header(svc_id=41, op=164, ctrl_index=0, data_len=35) (b'\xe0N\xe4\x08\xdc\x1b\x00\x00\x02\x18\x00\x01\x00\x13\x00t\x00e\x00l\x00e\x00c\x00o\x00m\x00\x00\xcb\x00\x00\x00\x04',)
2026-10-09 08:52:42,174 LT1-thread root DEBUG testcase.py               679   run_wid                   : MAP MAP/MSE/GOEP/SRM/BI-05-C on_implicit_send
2026-10-09 08:52:42,174 LT1-thread root DEBUG map_wid.py                25    map_wid_hdl               : map_wid_hdl, 4016, Please accept the SET_PATH command., MAP/MSE/GOEP/SRM/BI-05-C
2026-10-09 08:52:42,174 LT1-thread root DEBUG testcase.py               722   run_wid                   : Sending response 'OK' to wid 4016 test case MAP/MSE/GOEP/SRM/BI-05-C
2026-10-09 08:52:42,174 Thread-34804 (_process_events) root DEBUG map.py                    2464  _map_mse_mas_set_folder_ev : _map_mse_mas_set_folder_ev b'\xe0N\xe4\x08\xdc\x1b\x00\x00\x02\x18\x00\x01\x00\x13\x00t\x00e\x00l\x00e\x00c\x00o\x00m\x00\x00\xcb\x00\x00\x00\x04'
2026-10-09 08:52:42,175 Thread-34804 (_process_events) root DEBUG map.py                    1419  set_folder                : Set folder to: telecom
2026-10-09 08:52:42,175 Thread-34804 (_process_events) root DEBUG map.py                    1225  map_mse_mas_set_folder    : map_mse_mas_set_folder 0 160 b'' None
2026-10-09 08:52:42,175 Thread-34804 (_process_events) root DEBUG iutctl_common.py          161   send                      : 41 33 0 "bytearray(b'\\xe0N\\xe4\\x08\\xdc\\x1b\\x00\\x00\\xa0\\x00\\x00')"
2026-10-09 08:52:42,175 Thread-34804 (_process_events) root DEBUG iutctl_common.py          166   send                      : sending frame '2921000b00e04ee408dc1b0000a00000'
2026-10-09 08:52:42,175 Thread-34804 (_process_events) root DEBUG map.py                    518   map_command_rsp_succ      : map_command_rsp_succ
2026-10-09 08:52:42,176 Thread-34804 (_process_events) root DEBUG iutctl_common.py          339   read                      : 
2026-10-09 08:52:42,181 LT1-thread root DEBUG client.py                 276   get_result                : ClientCallback.get_result run_test_case
2026-10-09 08:52:42,209 BTPWorkerThread-34796 (_rx_task) root DEBUG iutctl_common.py          123   read                      : Read 5 bytes
2026-10-09 08:52:42,214 BTPWorkerThread-34796 (_rx_task) root DEBUG iutctl_common.py          131   read                      : Received: hdr: Header(svc_id=0x29, op=0x21, ctrl_index=0x00, data_len=0x00) bytearray(b')!\x00\x00\x00')
2026-10-09 08:52:42,219 BTPWorkerThread-34796 (_rx_task) root DEBUG iutctl_common.py          154   read                      : Received data: {''}, bytearray(b'')
2026-10-09 08:52:42,219 Thread-34804 (_process_events) root DEBUG map.py                    523   map_command_rsp_succ      : received Header(svc_id=41, op=33, ctrl_index=0, data_len=0) (b'',)
2026-10-09 08:52:42,220 BTPWorkerThread-34796 (_rx_task) root DEBUG iutctl_common.py          123   read                      : Read 5 bytes
2026-10-09 08:52:42,220 BTPWorkerThread-34796 (_rx_task) root DEBUG iutctl_common.py          131   read                      : Received: hdr: Header(svc_id=0x29, op=0xa4, ctrl_index=0x00, data_len=0x1b) bytearray(b')\xa4\x00\x1b\x00')
2026-10-09 08:52:42,220 BTPWorkerThread-34796 (_rx_task) root DEBUG iutctl_common.py          139   read                      : Read 27 bytes data
2026-10-09 08:52:42,220 BTPWorkerThread-34796 (_rx_task) root DEBUG iutctl_common.py          154   read                      : Received data: {'e0 4e e4 08 dc 1b 00 00 02 10 00 01 00 0b 00 6d 00 73 00 67 00 00 cb 00 00 00 04'}, bytearray(b'\xe0N\xe4\x08\xdc\x1b\x00\x00\x02\x10\x00\x01\x00\x0b\x00m\x00s\x00g\x00\x00\xcb\x00\x00\x00\x04')
2026-10-09 08:52:42,220 BTPWorkerThread-34796 (_rx_task) root DEBUG btp.py                    736   event_handler             : Header(svc_id=41, op=164, ctrl_index=0, data_len=27) (b'\xe0N\xe4\x08\xdc\x1b\x00\x00\x02\x10\x00\x01\x00\x0b\x00m\x00s\x00g\x00\x00\xcb\x00\x00\x00\x04',)
2026-10-09 08:52:42,221 Thread-34804 (_process_events) root DEBUG map.py                    2464  _map_mse_mas_set_folder_ev : _map_mse_mas_set_folder_ev b'\xe0N\xe4\x08\xdc\x1b\x00\x00\x02\x10\x00\x01\x00\x0b\x00m\x00s\x00g\x00\x00\xcb\x00\x00\x00\x04'
2026-10-09 08:52:42,221 Thread-34804 (_process_events) root DEBUG map.py                    1419  set_folder                : Set folder to: telecom/msg
2026-10-09 08:52:42,221 Thread-34804 (_process_events) root DEBUG map.py                    1225  map_mse_mas_set_folder    : map_mse_mas_set_folder 0 160 b'' None
2026-10-09 08:52:42,221 Thread-34804 (_process_events) root DEBUG iutctl_common.py          161   send                      : 41 33 0 "bytearray(b'\\xe0N\\xe4\\x08\\xdc\\x1b\\x00\\x00\\xa0\\x00\\x00')"
2026-10-09 08:52:42,221 Thread-34804 (_process_events) root DEBUG iutctl_common.py          166   send                      : sending frame '2921000b00e04ee408dc1b0000a00000'
2026-10-09 08:52:42,221 Thread-34804 (_process_events) root DEBUG map.py                    518   map_command_rsp_succ      : map_command_rsp_succ
2026-10-09 08:52:42,222 Thread-34804 (_process_events) root DEBUG iutctl_common.py          339   read                      : 
2026-10-09 08:52:42,253 BTPWorkerThread-34796 (_rx_task) root DEBUG iutctl_common.py          123   read                      : Read 5 bytes
2026-10-09 08:52:42,259 BTPWorkerThread-34796 (_rx_task) root DEBUG iutctl_common.py          131   read                      : Received: hdr: Header(svc_id=0x29, op=0x21, ctrl_index=0x00, data_len=0x00) bytearray(b')!\x00\x00\x00')
2026-10-09 08:52:42,264 BTPWorkerThread-34796 (_rx_task) root DEBUG iutctl_common.py          154   read                      : Received data: {''}, bytearray(b'')
2026-10-09 08:52:42,264 Thread-34804 (_process_events) root DEBUG map.py                    523   map_command_rsp_succ      : received Header(svc_id=41, op=33, ctrl_index=0, data_len=0) (b'',)
2026-10-09 08:52:42,264 BTPWorkerThread-34796 (_rx_task) root DEBUG iutctl_common.py          123   read                      : Read 5 bytes
2026-10-09 08:52:42,265 BTPWorkerThread-34796 (_rx_task) root DEBUG iutctl_common.py          131   read                      : Received: hdr: Header(svc_id=0x29, op=0xa6, ctrl_index=0x00, data_len=0x39) bytearray(b')\xa6\x009\x00')
2026-10-09 08:52:42,265 BTPWorkerThread-34796 (_rx_task) root DEBUG iutctl_common.py          139   read                      : Read 57 bytes data
2026-10-09 08:52:42,265 BTPWorkerThread-34796 (_rx_task) root DEBUG iutctl_common.py          154   read                      : Received data: {'e0 4e e4 08 dc 1b 00 00 01 2e 00 01 00 0f 00 69 00 6e 00 62 00 6f 00 78 00 00 42 00 18 78 2d 62 74 2f 4d 41 50 2d 6d 73 67 2d 6c 69 73 74 69 6e 67 00 97 ff cb 00 00 00 04'}, bytearray(b'\xe0N\xe4\x08\xdc\x1b\x00\x00\x01.\x00\x01\x00\x0f\x00i\x00n\x00b\x00o\x00x\x00\x00B\x00\x18x-bt/MAP-msg-listing\x00\x97\xff\xcb\x00\x00\x00\x04')
2026-10-09 08:52:42,265 BTPWorkerThread-34796 (_rx_task) root DEBUG btp.py                    736   event_handler             : Header(svc_id=41, op=166, ctrl_index=0, data_len=57) (b'\xe0N\xe4\x08\xdc\x1b\x00\x00\x01.\x00\x01\x00\x0f\x00i\x00n\x00b\x00o\x00x\x00\x00B\x00\x18x-bt/MAP-msg-listing\x00\x97\xff\xcb\x00\x00\x00\x04',)
2026-10-09 08:52:42,265 Thread-34804 (_process_events) root DEBUG map.py                    2556  _map_mse_mas_get_msg_listing_ev : _map_mse_mas_get_msg_listing_ev b'\xe0N\xe4\x08\xdc\x1b\x00\x00\x01.\x00\x01\x00\x0f\x00i\x00n\x00b\x00o\x00x\x00\x00B\x00\x18x-bt/MAP-msg-listing\x00\x97\xff\xcb\x00\x00\x00\x04'
2026-10-09 08:52:42,266 Thread-34804 (_process_events) root DEBUG map.py                    1241  build_message_listing     : Built message listing v1.1: 10 messages, 4031 bytes
2026-10-09 08:52:42,266 Thread-34804 (_process_events) root DEBUG map.py                    1300  map_mse_mas_get_msg_listing : map_mse_mas_get_msg_listing 0 144 b'L\x00 \r\x01\x01\x19\x1420261009T085242+0800\x12\x02\x00\nH\x00\xdc<?xml version="1.0" encoding="UTF-8" standalone="yes" ?>\r\n<MAP-msg-listing version="1.1">\r\n  <msg handle="000000000000000A" subject="Test IM Message 10" datetime="20130101T000000+0000" sender_name="PTS" sender_address' None
2026-10-09 08:52:42,266 Thread-34804 (_process_events) root DEBUG iutctl_common.py          161   send                      : 41 36 0 'bytearray(b\'\\xe0N\\xe4\\x08\\xdc\\x1b\\x00\\x00\\x90\\xfc\\x00L\\x00 \\r\\x01\\x01\\x19\\x1420261009T085242+0800\\x12\\x02\\x00\\nH\\x00\\xdc<?xml version="1.0" encoding="UTF-8" standalone="yes" ?>\\r\\n<MAP-msg-listing version="1.1">\\r\\n  <msg handle="000000000000000A" subject="Test IM Message 10" datetime="20130101T000000+0000" sender_name="PTS" sender_address\')'
2026-10-09 08:52:42,266 Thread-34804 (_process_events) root DEBUG iutctl_common.py          166   send                      : sending frame '2924000701e04ee408dc1b000090fc004c00200d010119143230323631303039543038353234322b303830301202000a4800dc3c3f786d6c2076657273696f6e3d22312e302220656e636f64696e673d225554462d3822207374616e64616c6f6e653d2279657322203f3e0d0a3c4d41502d6d73672d6c697374696e672076657273696f6e3d22312e31223e0d0a20203c6d73672068616e646c653d223030303030303030303030303030304122207375626a6563743d225465737420494d204d65737361676520313022206461746574696d653d223230313330313031543030303030302b30303030222073656e6465725f6e616d653d22505453222073656e6465725f61646472657373'
2026-10-09 08:52:42,266 Thread-34804 (_process_events) root DEBUG map.py                    518   map_command_rsp_succ      : map_command_rsp_succ
2026-10-09 08:52:42,267 Thread-34804 (_process_events) root DEBUG iutctl_common.py          339   read                      : 
2026-10-09 08:52:42,319 BTPWorkerThread-34796 (_rx_task) root DEBUG iutctl_common.py          123   read                      : Read 5 bytes
2026-10-09 08:52:42,342 BTPWorkerThread-34796 (_rx_task) root DEBUG iutctl_common.py          131   read                      : Received: hdr: Header(svc_id=0x29, op=0x24, ctrl_index=0x00, data_len=0x00) bytearray(b')$\x00\x00\x00')
2026-10-09 08:52:42,348 BTPWorkerThread-34796 (_rx_task) root DEBUG iutctl_common.py          154   read                      : Received data: {''}, bytearray(b'')
2026-10-09 08:52:42,348 BTPWorkerThread-34796 (_rx_task) root DEBUG iutctl_common.py          123   read                      : Read 5 bytes
2026-10-09 08:52:42,348 BTPWorkerThread-34796 (_rx_task) root DEBUG iutctl_common.py          131   read                      : Received: hdr: Header(svc_id=0x29, op=0xa6, ctrl_index=0x00, data_len=0x0b) bytearray(b')\xa6\x00\x0b\x00')
2026-10-09 08:52:42,349 Thread-34804 (_process_events) root DEBUG map.py                    523   map_command_rsp_succ      : received Header(svc_id=41, op=36, ctrl_index=0, data_len=0) (b'',)
2026-10-09 08:52:42,349 BTPWorkerThread-34796 (_rx_task) root DEBUG iutctl_common.py          139   read                      : Read 11 bytes data
2026-10-09 08:52:42,349 BTPWorkerThread-34796 (_rx_task) root DEBUG iutctl_common.py          154   read                      : Received data: {'e0 4e e4 08 dc 1b 00 00 01 00 00'}, bytearray(b'\xe0N\xe4\x08\xdc\x1b\x00\x00\x01\x00\x00')
2026-10-09 08:52:42,349 BTPWorkerThread-34796 (_rx_task) root DEBUG btp.py                    736   event_handler             : Header(svc_id=41, op=166, ctrl_index=0, data_len=11) (b'\xe0N\xe4\x08\xdc\x1b\x00\x00\x01\x00\x00',)
2026-10-09 08:52:42,349 Thread-34804 (_process_events) root DEBUG map.py                    2556  _map_mse_mas_get_msg_listing_ev : _map_mse_mas_get_msg_listing_ev b'\xe0N\xe4\x08\xdc\x1b\x00\x00\x01\x00\x00'
2026-10-09 08:52:42,350 Thread-34804 (_process_events) root DEBUG map.py                    1300  map_mse_mas_get_msg_listing : map_mse_mas_get_msg_listing 0 144 b'H\x00\xfcing="im:pts@example.com" recipient_name="IUT" recipient_addressing="im:iut@example.com" type="IM" size="62" reception_status="complete" attachment_size="0" priority="no" read="no" sent="no" protected="no" conversation_id="0000000000000002" conversat' None
2026-10-09 08:52:42,350 Thread-34804 (_process_events) root DEBUG iutctl_common.py          161   send                      : 41 36 0 'bytearray(b\'\\xe0N\\xe4\\x08\\xdc\\x1b\\x00\\x00\\x90\\xfc\\x00H\\x00\\xfcing="im:pts@example.com" recipient_name="IUT" recipient_addressing="im:iut@example.com" type="IM" size="62" reception_status="complete" attachment_size="0" priority="no" read="no" sent="no" protected="no" conversation_id="0000000000000002" conversat\')'
2026-10-09 08:52:42,350 Thread-34804 (_process_events) root DEBUG iutctl_common.py          166   send                      : sending frame '2924000701e04ee408dc1b000090fc004800fc696e673d22696d3a707473406578616d706c652e636f6d2220726563697069656e745f6e616d653d224955542220726563697069656e745f61646472657373696e673d22696d3a697574406578616d706c652e636f6d2220747970653d22494d222073697a653d2236322220726563657074696f6e5f7374617475733d22636f6d706c65746522206174746163686d656e745f73697a653d223022207072696f726974793d226e6f2220726561643d226e6f222073656e743d226e6f222070726f7465637465643d226e6f2220636f6e766572736174696f6e5f69643d22303030303030303030303030303030322220636f6e766572736174'
2026-10-09 08:52:42,350 Thread-34804 (_process_events) root DEBUG map.py                    518   map_command_rsp_succ      : map_command_rsp_succ
2026-10-09 08:52:42,350 Thread-34804 (_process_events) root DEBUG iutctl_common.py          339   read                      : 
2026-10-09 08:52:42,400 BTPWorkerThread-34796 (_rx_task) root DEBUG iutctl_common.py          123   read                      : Read 5 bytes
2026-10-09 08:52:42,411 BTPWorkerThread-34796 (_rx_task) root DEBUG iutctl_common.py          131   read                      : Received: hdr: Header(svc_id=0x29, op=0x24, ctrl_index=0x00, data_len=0x00) bytearray(b')$\x00\x00\x00')
2026-10-09 08:52:42,422 BTPWorkerThread-34796 (_rx_task) root DEBUG iutctl_common.py          154   read                      : Received data: {''}, bytearray(b'')
2026-10-09 08:52:42,422 Thread-34804 (_process_events) root DEBUG map.py                    523   map_command_rsp_succ      : received Header(svc_id=41, op=36, ctrl_index=0, data_len=0) (b'',)
2026-10-09 08:52:42,423 BTPWorkerThread-34796 (_rx_task) root DEBUG iutctl_common.py          123   read                      : Read 5 bytes
2026-10-09 08:52:42,423 BTPWorkerThread-34796 (_rx_task) root DEBUG iutctl_common.py          131   read                      : Received: hdr: Header(svc_id=0x29, op=0xa6, ctrl_index=0x00, data_len=0x0b) bytearray(b')\xa6\x00\x0b\x00')
2026-10-09 08:52:42,423 BTPWorkerThread-34796 (_rx_task) root DEBUG iutctl_common.py          139   read                      : Read 11 bytes data
2026-10-09 08:52:42,423 BTPWorkerThread-34796 (_rx_task) root DEBUG iutctl_common.py          154   read                      : Received data: {'e0 4e e4 08 dc 1b 00 00 01 00 00'}, bytearray(b'\xe0N\xe4\x08\xdc\x1b\x00\x00\x01\x00\x00')
2026-10-09 08:52:42,424 BTPWorkerThread-34796 (_rx_task) root DEBUG btp.py                    736   event_handler             : Header(svc_id=41, op=166, ctrl_index=0, data_len=11) (b'\xe0N\xe4\x08\xdc\x1b\x00\x00\x01\x00\x00',)
2026-10-09 08:52:42,424 Thread-34804 (_process_events) root DEBUG map.py                    2556  _map_mse_mas_get_msg_listing_ev : _map_mse_mas_get_msg_listing_ev b'\xe0N\xe4\x08\xdc\x1b\x00\x00\x01\x00\x00'
2026-10-09 08:52:42,424 Thread-34804 (_process_events) root DEBUG map.py                    1300  map_mse_mas_get_msg_listing : map_mse_mas_get_msg_listing 0 144 b'H\x00\xfcion_name="Chat with PTS" direction="incoming"/>\r\n  <msg handle="0000000000000009" subject="Test MMS Message 9" datetime="20120901T000000+0000" sender_name="PTS" sender_addressing="+1234567890" recipient_name="IUT" recipient_addressing="+9876543210" ' None
2026-10-09 08:52:42,424 Thread-34804 (_process_events) root DEBUG iutctl_common.py          161   send                      : 41 36 0 'bytearray(b\'\\xe0N\\xe4\\x08\\xdc\\x1b\\x00\\x00\\x90\\xfc\\x00H\\x00\\xfcion_name="Chat with PTS" direction="incoming"/>\\r\\n  <msg handle="0000000000000009" subject="Test MMS Message 9" datetime="20120901T000000+0000" sender_name="PTS" sender_addressing="+1234567890" recipient_name="IUT" recipient_addressing="+9876543210" \')'
2026-10-09 08:52:42,424 Thread-34804 (_process_events) root DEBUG iutctl_common.py          166   send                      : sending frame '2924000701e04ee408dc1b000090fc004800fc696f6e5f6e616d653d22436861742077697468205054532220646972656374696f6e3d22696e636f6d696e67222f3e0d0a20203c6d73672068616e646c653d223030303030303030303030303030303922207375626a6563743d2254657374204d4d53204d657373616765203922206461746574696d653d223230313230393031543030303030302b30303030222073656e6465725f6e616d653d22505453222073656e6465725f61646472657373696e673d222b313233343536373839302220726563697069656e745f6e616d653d224955542220726563697069656e745f61646472657373696e673d222b393837363534333231302220'
2026-10-09 08:52:42,425 Thread-34804 (_process_events) root DEBUG map.py                    518   map_command_rsp_succ      : map_command_rsp_succ
2026-10-09 08:52:42,425 Thread-34804 (_process_events) root DEBUG iutctl_common.py          339   read                      : 
2026-10-09 08:52:42,483 BTPWorkerThread-34796 (_rx_task) root DEBUG iutctl_common.py          123   read                      : Read 5 bytes
2026-10-09 08:52:42,489 BTPWorkerThread-34796 (_rx_task) root DEBUG iutctl_common.py          131   read                      : Received: hdr: Header(svc_id=0x29, op=0x24, ctrl_index=0x00, data_len=0x00) bytearray(b')$\x00\x00\x00')
2026-10-09 08:52:42,494 BTPWorkerThread-34796 (_rx_task) root DEBUG iutctl_common.py          154   read                      : Received data: {''}, bytearray(b'')
2026-10-09 08:52:42,494 BTPWorkerThread-34796 (_rx_task) root DEBUG iutctl_common.py          123   read                      : Read 5 bytes
2026-10-09 08:52:42,494 BTPWorkerThread-34796 (_rx_task) root DEBUG iutctl_common.py          131   read                      : Received: hdr: Header(svc_id=0x29, op=0xa6, ctrl_index=0x00, data_len=0x0b) bytearray(b')\xa6\x00\x0b\x00')
2026-10-09 08:52:42,495 Thread-34804 (_process_events) root DEBUG map.py                    523   map_command_rsp_succ      : received Header(svc_id=41, op=36, ctrl_index=0, data_len=0) (b'',)
2026-10-09 08:52:42,495 BTPWorkerThread-34796 (_rx_task) root DEBUG iutctl_common.py          139   read                      : Read 11 bytes data
2026-10-09 08:52:42,495 BTPWorkerThread-34796 (_rx_task) root DEBUG iutctl_common.py          154   read                      : Received data: {'e0 4e e4 08 dc 1b 00 00 01 00 00'}, bytearray(b'\xe0N\xe4\x08\xdc\x1b\x00\x00\x01\x00\x00')
2026-10-09 08:52:42,495 BTPWorkerThread-34796 (_rx_task) root DEBUG btp.py                    736   event_handler             : Header(svc_id=41, op=166, ctrl_index=0, data_len=11) (b'\xe0N\xe4\x08\xdc\x1b\x00\x00\x01\x00\x00',)
2026-10-09 08:52:42,495 Thread-34804 (_process_events) root DEBUG map.py                    2556  _map_mse_mas_get_msg_listing_ev : _map_mse_mas_get_msg_listing_ev b'\xe0N\xe4\x08\xdc\x1b\x00\x00\x01\x00\x00'
2026-10-09 08:52:42,496 Thread-34804 (_process_events) root DEBUG map.py                    1300  map_mse_mas_get_msg_listing : map_mse_mas_get_msg_listing 0 144 b'H\x00\xfctype="MMS" size="62" reception_status="complete" attachment_size="0" priority="no" read="yes" sent="no" protected="no" conversation_name="Chat with PTS" direction="incoming"/>\r\n  <msg handle="0000000000000008" subject="Test SMS_CDMA Message 8" datet' None
2026-10-09 08:52:42,496 Thread-34804 (_process_events) root DEBUG iutctl_common.py          161   send                      : 41 36 0 'bytearray(b\'\\xe0N\\xe4\\x08\\xdc\\x1b\\x00\\x00\\x90\\xfc\\x00H\\x00\\xfctype="MMS" size="62" reception_status="complete" attachment_size="0" priority="no" read="yes" sent="no" protected="no" conversation_name="Chat with PTS" direction="incoming"/>\\r\\n  <msg handle="0000000000000008" subject="Test SMS_CDMA Message 8" datet\')'
2026-10-09 08:52:42,496 Thread-34804 (_process_events) root DEBUG iutctl_common.py          166   send                      : sending frame '2924000701e04ee408dc1b000090fc004800fc747970653d224d4d53222073697a653d2236322220726563657074696f6e5f7374617475733d22636f6d706c65746522206174746163686d656e745f73697a653d223022207072696f726974793d226e6f2220726561643d22796573222073656e743d226e6f222070726f7465637465643d226e6f2220636f6e766572736174696f6e5f6e616d653d22436861742077697468205054532220646972656374696f6e3d22696e636f6d696e67222f3e0d0a20203c6d73672068616e646c653d223030303030303030303030303030303822207375626a6563743d225465737420534d535f43444d41204d657373616765203822206461746574'
2026-10-09 08:52:42,496 Thread-34804 (_process_events) root DEBUG map.py                    518   map_command_rsp_succ      : map_command_rsp_succ
2026-10-09 08:52:42,496 Thread-34804 (_process_events) root DEBUG iutctl_common.py          339   read                      : 
2026-10-09 08:52:42,556 BTPWorkerThread-34796 (_rx_task) root DEBUG iutctl_common.py          123   read                      : Read 5 bytes
2026-10-09 08:52:42,582 BTPWorkerThread-34796 (_rx_task) root DEBUG iutctl_common.py          131   read                      : Received: hdr: Header(svc_id=0x29, op=0x24, ctrl_index=0x00, data_len=0x00) bytearray(b')$\x00\x00\x00')
2026-10-09 08:52:42,583 BTPWorkerThread-34796 (_rx_task) root DEBUG iutctl_common.py          154   read                      : Received data: {''}, bytearray(b'')
2026-10-09 08:52:42,594 Thread-34804 (_process_events) root DEBUG map.py                    523   map_command_rsp_succ      : received Header(svc_id=41, op=36, ctrl_index=0, data_len=0) (b'',)
2026-10-09 08:52:42,594 BTPWorkerThread-34796 (_rx_task) root DEBUG iutctl_common.py          123   read                      : Read 5 bytes
2026-10-09 08:52:42,596 BTPWorkerThread-34796 (_rx_task) root DEBUG iutctl_common.py          131   read                      : Received: hdr: Header(svc_id=0x29, op=0xa6, ctrl_index=0x00, data_len=0x0b) bytearray(b')\xa6\x00\x0b\x00')
2026-10-09 08:52:42,596 BTPWorkerThread-34796 (_rx_task) root DEBUG iutctl_common.py          139   read                      : Read 11 bytes data
2026-10-09 08:52:42,596 BTPWorkerThread-34796 (_rx_task) root DEBUG iutctl_common.py          154   read                      : Received data: {'e0 4e e4 08 dc 1b 00 00 01 00 00'}, bytearray(b'\xe0N\xe4\x08\xdc\x1b\x00\x00\x01\x00\x00')
2026-10-09 08:52:42,596 BTPWorkerThread-34796 (_rx_task) root DEBUG btp.py                    736   event_handler             : Header(svc_id=41, op=166, ctrl_index=0, data_len=11) (b'\xe0N\xe4\x08\xdc\x1b\x00\x00\x01\x00\x00',)
2026-10-09 08:52:42,596 Thread-34804 (_process_events) root DEBUG map.py                    2556  _map_mse_mas_get_msg_listing_ev : _map_mse_mas_get_msg_listing_ev b'\xe0N\xe4\x08\xdc\x1b\x00\x00\x01\x00\x00'
2026-10-09 08:52:42,596 Thread-34804 (_process_events) root DEBUG map.py                    1300  map_mse_mas_get_msg_listing : map_mse_mas_get_msg_listing 0 144 b'H\x00\xfcime="20120501T000000+0000" sender_name="PTS" sender_addressing="+1234567890" recipient_name="IUT" recipient_addressing="+9876543210" type="SMS_CDMA" size="67" reception_status="complete" attachment_size="0" priority="no" read="no" sent="no" protecte' None
2026-10-09 08:52:42,596 Thread-34804 (_process_events) root DEBUG iutctl_common.py          161   send                      : 41 36 0 'bytearray(b\'\\xe0N\\xe4\\x08\\xdc\\x1b\\x00\\x00\\x90\\xfc\\x00H\\x00\\xfcime="20120501T000000+0000" sender_name="PTS" sender_addressing="+1234567890" recipient_name="IUT" recipient_addressing="+9876543210" type="SMS_CDMA" size="67" reception_status="complete" attachment_size="0" priority="no" read="no" sent="no" protecte\')'
2026-10-09 08:52:42,596 Thread-34804 (_process_events) root DEBUG iutctl_common.py          166   send                      : sending frame '2924000701e04ee408dc1b000090fc004800fc696d653d223230313230353031543030303030302b30303030222073656e6465725f6e616d653d22505453222073656e6465725f61646472657373696e673d222b313233343536373839302220726563697069656e745f6e616d653d224955542220726563697069656e745f61646472657373696e673d222b393837363534333231302220747970653d22534d535f43444d41222073697a653d2236372220726563657074696f6e5f7374617475733d22636f6d706c65746522206174746163686d656e745f73697a653d223022207072696f726974793d226e6f2220726561643d226e6f222073656e743d226e6f222070726f7465637465'
2026-10-09 08:52:42,596 Thread-34804 (_process_events) root DEBUG map.py                    518   map_command_rsp_succ      : map_command_rsp_succ
2026-10-09 08:52:42,597 Thread-34804 (_process_events) root DEBUG iutctl_common.py          339   read                      : 
2026-10-09 08:52:42,657 BTPWorkerThread-34796 (_rx_task) root DEBUG iutctl_common.py          123   read                      : Read 5 bytes
2026-10-09 08:52:42,667 BTPWorkerThread-34796 (_rx_task) root DEBUG iutctl_common.py          131   read                      : Received: hdr: Header(svc_id=0x29, op=0x24, ctrl_index=0x00, data_len=0x00) bytearray(b')$\x00\x00\x00')
2026-10-09 08:52:42,677 BTPWorkerThread-34796 (_rx_task) root DEBUG iutctl_common.py          154   read                      : Received data: {''}, bytearray(b'')
2026-10-09 08:52:42,682 Thread-34804 (_process_events) root DEBUG map.py                    523   map_command_rsp_succ      : received Header(svc_id=41, op=36, ctrl_index=0, data_len=0) (b'',)
2026-10-09 08:52:42,682 BTPWorkerThread-34796 (_rx_task) root DEBUG iutctl_common.py          123   read                      : Read 5 bytes
2026-10-09 08:52:42,682 BTPWorkerThread-34796 (_rx_task) root DEBUG iutctl_common.py          131   read                      : Received: hdr: Header(svc_id=0x29, op=0xa6, ctrl_index=0x00, data_len=0x0b) bytearray(b')\xa6\x00\x0b\x00')
2026-10-09 08:52:42,683 BTPWorkerThread-34796 (_rx_task) root DEBUG iutctl_common.py          139   read                      : Read 11 bytes data
2026-10-09 08:52:42,683 BTPWorkerThread-34796 (_rx_task) root DEBUG iutctl_common.py          154   read                      : Received data: {'e0 4e e4 08 dc 1b 00 00 01 00 00'}, bytearray(b'\xe0N\xe4\x08\xdc\x1b\x00\x00\x01\x00\x00')
2026-10-09 08:52:42,683 BTPWorkerThread-34796 (_rx_task) root DEBUG btp.py                    736   event_handler             : Header(svc_id=41, op=166, ctrl_index=0, data_len=11) (b'\xe0N\xe4\x08\xdc\x1b\x00\x00\x01\x00\x00',)
2026-10-09 08:52:42,683 Thread-34804 (_process_events) root DEBUG map.py                    2556  _map_mse_mas_get_msg_listing_ev : _map_mse_mas_get_msg_listing_ev b'\xe0N\xe4\x08\xdc\x1b\x00\x00\x01\x00\x00'
2026-10-09 08:52:42,683 Thread-34804 (_process_events) root DEBUG map.py                    1300  map_mse_mas_get_msg_listing : map_mse_mas_get_msg_listing 0 144 b'H\x00\xfcd="no" conversation_name="Chat with PTS" direction="incoming"/>\r\n  <msg handle="0000000000000007" subject="Test SMS_GSM Message 7" datetime="20120101T000000+0000" sender_name="PTS" sender_addressing="+1234567890" recipient_name="IUT" recipient_addre' None
2026-10-09 08:52:42,683 Thread-34804 (_process_events) root DEBUG iutctl_common.py          161   send                      : 41 36 0 'bytearray(b\'\\xe0N\\xe4\\x08\\xdc\\x1b\\x00\\x00\\x90\\xfc\\x00H\\x00\\xfcd="no" conversation_name="Chat with PTS" direction="incoming"/>\\r\\n  <msg handle="0000000000000007" subject="Test SMS_GSM Message 7" datetime="20120101T000000+0000" sender_name="PTS" sender_addressing="+1234567890" recipient_name="IUT" recipient_addre\')'
2026-10-09 08:52:42,683 Thread-34804 (_process_events) root DEBUG iutctl_common.py          166   send                      : sending frame '2924000701e04ee408dc1b000090fc004800fc643d226e6f2220636f6e766572736174696f6e5f6e616d653d22436861742077697468205054532220646972656374696f6e3d22696e636f6d696e67222f3e0d0a20203c6d73672068616e646c653d223030303030303030303030303030303722207375626a6563743d225465737420534d535f47534d204d657373616765203722206461746574696d653d223230313230313031543030303030302b30303030222073656e6465725f6e616d653d22505453222073656e6465725f61646472657373696e673d222b313233343536373839302220726563697069656e745f6e616d653d224955542220726563697069656e745f6164647265'
2026-10-09 08:52:42,684 Thread-34804 (_process_events) root DEBUG map.py                    518   map_command_rsp_succ      : map_command_rsp_succ
2026-10-09 08:52:42,684 Thread-34804 (_process_events) root DEBUG iutctl_common.py          339   read                      : 
2026-10-09 08:52:42,738 BTPWorkerThread-34796 (_rx_task) root DEBUG iutctl_common.py          123   read                      : Read 5 bytes
2026-10-09 08:52:42,749 BTPWorkerThread-34796 (_rx_task) root DEBUG iutctl_common.py          131   read                      : Received: hdr: Header(svc_id=0x29, op=0x24, ctrl_index=0x00, data_len=0x00) bytearray(b')$\x00\x00\x00')
2026-10-09 08:52:42,750 BTPWorkerThread-34796 (_rx_task) root DEBUG iutctl_common.py          154   read                      : Received data: {''}, bytearray(b'')
2026-10-09 08:52:42,759 BTPWorkerThread-34796 (_rx_task) root DEBUG iutctl_common.py          123   read                      : Read 5 bytes
2026-10-09 08:52:42,759 BTPWorkerThread-34796 (_rx_task) root DEBUG iutctl_common.py          131   read                      : Received: hdr: Header(svc_id=0x29, op=0xa6, ctrl_index=0x00, data_len=0x0b) bytearray(b')\xa6\x00\x0b\x00')
2026-10-09 08:52:42,759 Thread-34804 (_process_events) root DEBUG map.py                    523   map_command_rsp_succ      : received Header(svc_id=41, op=36, ctrl_index=0, data_len=0) (b'',)
2026-10-09 08:52:42,760 BTPWorkerThread-34796 (_rx_task) root DEBUG iutctl_common.py          139   read                      : Read 11 bytes data
2026-10-09 08:52:42,760 BTPWorkerThread-34796 (_rx_task) root DEBUG iutctl_common.py          154   read                      : Received data: {'e0 4e e4 08 dc 1b 00 00 01 00 00'}, bytearray(b'\xe0N\xe4\x08\xdc\x1b\x00\x00\x01\x00\x00')
2026-10-09 08:52:42,760 BTPWorkerThread-34796 (_rx_task) root DEBUG btp.py                    736   event_handler             : Header(svc_id=41, op=166, ctrl_index=0, data_len=11) (b'\xe0N\xe4\x08\xdc\x1b\x00\x00\x01\x00\x00',)
2026-10-09 08:52:42,760 Thread-34804 (_process_events) root DEBUG map.py                    2556  _map_mse_mas_get_msg_listing_ev : _map_mse_mas_get_msg_listing_ev b'\xe0N\xe4\x08\xdc\x1b\x00\x00\x01\x00\x00'
2026-10-09 08:52:42,760 Thread-34804 (_process_events) root DEBUG map.py                    1300  map_mse_mas_get_msg_listing : map_mse_mas_get_msg_listing 0 144 b'H\x00\xfcssing="+9876543210" type="SMS_GSM" size="66" reception_status="complete" attachment_size="0" priority="no" read="yes" sent="no" protected="no" conversation_name="Chat with PTS" direction="incoming"/>\r\n  <msg handle="0000000000000006" subject="Test E' None
2026-10-09 08:52:42,760 Thread-34804 (_process_events) root DEBUG iutctl_common.py          161   send                      : 41 36 0 'bytearray(b\'\\xe0N\\xe4\\x08\\xdc\\x1b\\x00\\x00\\x90\\xfc\\x00H\\x00\\xfcssing="+9876543210" type="SMS_GSM" size="66" reception_status="complete" attachment_size="0" priority="no" read="yes" sent="no" protected="no" conversation_name="Chat with PTS" direction="incoming"/>\\r\\n  <msg handle="0000000000000006" subject="Test E\')'
2026-10-09 08:52:42,760 Thread-34804 (_process_events) root DEBUG iutctl_common.py          166   send                      : sending frame '2924000701e04ee408dc1b000090fc004800fc7373696e673d222b393837363534333231302220747970653d22534d535f47534d222073697a653d2236362220726563657074696f6e5f7374617475733d22636f6d706c65746522206174746163686d656e745f73697a653d223022207072696f726974793d226e6f2220726561643d22796573222073656e743d226e6f222070726f7465637465643d226e6f2220636f6e766572736174696f6e5f6e616d653d22436861742077697468205054532220646972656374696f6e3d22696e636f6d696e67222f3e0d0a20203c6d73672068616e646c653d223030303030303030303030303030303622207375626a6563743d22546573742045'
2026-10-09 08:52:42,761 Thread-34804 (_process_events) root DEBUG map.py                    518   map_command_rsp_succ      : map_command_rsp_succ
2026-10-09 08:52:42,761 Thread-34804 (_process_events) root DEBUG iutctl_common.py          339   read                      : 
2026-10-09 08:52:42,812 BTPWorkerThread-34796 (_rx_task) root DEBUG iutctl_common.py          123   read                      : Read 5 bytes
2026-10-09 08:52:42,823 BTPWorkerThread-34796 (_rx_task) root DEBUG iutctl_common.py          131   read                      : Received: hdr: Header(svc_id=0x29, op=0x24, ctrl_index=0x00, data_len=0x00) bytearray(b')$\x00\x00\x00')
2026-10-09 08:52:42,828 BTPWorkerThread-34796 (_rx_task) root DEBUG iutctl_common.py          154   read                      : Received data: {''}, bytearray(b'')
2026-10-09 08:52:42,834 Thread-34804 (_process_events) root DEBUG map.py                    523   map_command_rsp_succ      : received Header(svc_id=41, op=36, ctrl_index=0, data_len=0) (b'',)
2026-10-09 08:52:42,850 BTPWorkerThread-34796 (_rx_task) root DEBUG iutctl_common.py          123   read                      : Read 5 bytes
2026-10-09 08:52:42,850 BTPWorkerThread-34796 (_rx_task) root DEBUG iutctl_common.py          131   read                      : Received: hdr: Header(svc_id=0x29, op=0xa6, ctrl_index=0x00, data_len=0x0b) bytearray(b')\xa6\x00\x0b\x00')
2026-10-09 08:52:42,850 BTPWorkerThread-34796 (_rx_task) root DEBUG iutctl_common.py          139   read                      : Read 11 bytes data
2026-10-09 08:52:42,851 BTPWorkerThread-34796 (_rx_task) root DEBUG iutctl_common.py          154   read                      : Received data: {'e0 4e e4 08 dc 1b 00 00 01 00 00'}, bytearray(b'\xe0N\xe4\x08\xdc\x1b\x00\x00\x01\x00\x00')
2026-10-09 08:52:42,851 BTPWorkerThread-34796 (_rx_task) root DEBUG btp.py                    736   event_handler             : Header(svc_id=41, op=166, ctrl_index=0, data_len=11) (b'\xe0N\xe4\x08\xdc\x1b\x00\x00\x01\x00\x00',)
2026-10-09 08:52:42,851 Thread-34804 (_process_events) root DEBUG map.py                    2556  _map_mse_mas_get_msg_listing_ev : _map_mse_mas_get_msg_listing_ev b'\xe0N\xe4\x08\xdc\x1b\x00\x00\x01\x00\x00'
2026-10-09 08:52:42,851 Thread-34804 (_process_events) root DEBUG map.py                    1300  map_mse_mas_get_msg_listing : map_mse_mas_get_msg_listing 0 144 b'H\x00\xfcMAIL Message 6" datetime="20110901T000000+0000" sender_name="PTS" sender_addressing="pts@example.com" recipient_name="IUT" recipient_addressing="iut@example.com" type="EMAIL" size="64" reception_status="complete" attachment_size="0" priority="yes" r' None
2026-10-09 08:52:42,851 Thread-34804 (_process_events) root DEBUG iutctl_common.py          161   send                      : 41 36 0 'bytearray(b\'\\xe0N\\xe4\\x08\\xdc\\x1b\\x00\\x00\\x90\\xfc\\x00H\\x00\\xfcMAIL Message 6" datetime="20110901T000000+0000" sender_name="PTS" sender_addressing="pts@example.com" recipient_name="IUT" recipient_addressing="iut@example.com" type="EMAIL" size="64" reception_status="complete" attachment_size="0" priority="yes" r\')'
2026-10-09 08:52:42,851 Thread-34804 (_process_events) root DEBUG iutctl_common.py          166   send                      : sending frame '2924000701e04ee408dc1b000090fc004800fc4d41494c204d657373616765203622206461746574696d653d223230313130393031543030303030302b30303030222073656e6465725f6e616d653d22505453222073656e6465725f61646472657373696e673d22707473406578616d706c652e636f6d2220726563697069656e745f6e616d653d224955542220726563697069656e745f61646472657373696e673d22697574406578616d706c652e636f6d2220747970653d22454d41494c222073697a653d2236342220726563657074696f6e5f7374617475733d22636f6d706c65746522206174746163686d656e745f73697a653d223022207072696f726974793d22796573222072'
2026-10-09 08:52:42,852 Thread-34804 (_process_events) root DEBUG map.py                    518   map_command_rsp_succ      : map_command_rsp_succ
2026-10-09 08:52:42,852 Thread-34804 (_process_events) root DEBUG iutctl_common.py          339   read                      : 
2026-10-09 08:52:42,910 BTPWorkerThread-34796 (_rx_task) root DEBUG iutctl_common.py          123   read                      : Read 5 bytes
2026-10-09 08:52:42,920 BTPWorkerThread-34796 (_rx_task) root DEBUG iutctl_common.py          131   read                      : Received: hdr: Header(svc_id=0x29, op=0x24, ctrl_index=0x00, data_len=0x00) bytearray(b')$\x00\x00\x00')
2026-10-09 08:52:42,920 BTPWorkerThread-34796 (_rx_task) root DEBUG iutctl_common.py          154   read                      : Received data: {''}, bytearray(b'')
2026-10-09 08:52:42,921 Thread-34804 (_process_events) root DEBUG map.py                    523   map_command_rsp_succ      : received Header(svc_id=41, op=36, ctrl_index=0, data_len=0) (b'',)
2026-10-09 08:52:42,921 BTPWorkerThread-34796 (_rx_task) root DEBUG iutctl_common.py          123   read                      : Read 5 bytes
2026-10-09 08:52:42,921 BTPWorkerThread-34796 (_rx_task) root DEBUG iutctl_common.py          131   read                      : Received: hdr: Header(svc_id=0x29, op=0xa6, ctrl_index=0x00, data_len=0x0b) bytearray(b')\xa6\x00\x0b\x00')
2026-10-09 08:52:42,921 BTPWorkerThread-34796 (_rx_task) root DEBUG iutctl_common.py          139   read                      : Read 11 bytes data
2026-10-09 08:52:42,922 BTPWorkerThread-34796 (_rx_task) root DEBUG iutctl_common.py          154   read                      : Received data: {'e0 4e e4 08 dc 1b 00 00 01 00 00'}, bytearray(b'\xe0N\xe4\x08\xdc\x1b\x00\x00\x01\x00\x00')
2026-10-09 08:52:42,922 BTPWorkerThread-34796 (_rx_task) root DEBUG btp.py                    736   event_handler             : Header(svc_id=41, op=166, ctrl_index=0, data_len=11) (b'\xe0N\xe4\x08\xdc\x1b\x00\x00\x01\x00\x00',)
2026-10-09 08:52:42,922 Thread-34804 (_process_events) root DEBUG map.py                    2556  _map_mse_mas_get_msg_listing_ev : _map_mse_mas_get_msg_listing_ev b'\xe0N\xe4\x08\xdc\x1b\x00\x00\x01\x00\x00'
2026-10-09 08:52:42,922 Thread-34804 (_process_events) root DEBUG map.py                    1300  map_mse_mas_get_msg_listing : map_mse_mas_get_msg_listing 0 144 b'H\x00\xfcead="no" sent="no" protected="no" conversation_name="Chat with PTS" direction="incoming"/>\r\n  <msg handle="0000000000000005" subject="Test IM Message 5" datetime="20110501T000000+0000" sender_name="PTS" sender_addressing="im:pts@example.com" recipie' None
2026-10-09 08:52:42,922 Thread-34804 (_process_events) root DEBUG iutctl_common.py          161   send                      : 41 36 0 'bytearray(b\'\\xe0N\\xe4\\x08\\xdc\\x1b\\x00\\x00\\x90\\xfc\\x00H\\x00\\xfcead="no" sent="no" protected="no" conversation_name="Chat with PTS" direction="incoming"/>\\r\\n  <msg handle="0000000000000005" subject="Test IM Message 5" datetime="20110501T000000+0000" sender_name="PTS" sender_addressing="im:pts@example.com" recipie\')'
2026-10-09 08:52:42,922 Thread-34804 (_process_events) root DEBUG iutctl_common.py          166   send                      : sending frame '2924000701e04ee408dc1b000090fc004800fc6561643d226e6f222073656e743d226e6f222070726f7465637465643d226e6f2220636f6e766572736174696f6e5f6e616d653d22436861742077697468205054532220646972656374696f6e3d22696e636f6d696e67222f3e0d0a20203c6d73672068616e646c653d223030303030303030303030303030303522207375626a6563743d225465737420494d204d657373616765203522206461746574696d653d223230313130353031543030303030302b30303030222073656e6465725f6e616d653d22505453222073656e6465725f61646472657373696e673d22696d3a707473406578616d706c652e636f6d222072656369706965'
2026-10-09 08:52:42,923 Thread-34804 (_process_events) root DEBUG map.py                    518   map_command_rsp_succ      : map_command_rsp_succ
2026-10-09 08:52:42,923 Thread-34804 (_process_events) root DEBUG iutctl_common.py          339   read                      : 
2026-10-09 08:52:42,971 BTPWorkerThread-34796 (_rx_task) root DEBUG iutctl_common.py          123   read                      : Read 5 bytes
2026-10-09 08:52:42,982 BTPWorkerThread-34796 (_rx_task) root DEBUG iutctl_common.py          131   read                      : Received: hdr: Header(svc_id=0x29, op=0x24, ctrl_index=0x00, data_len=0x00) bytearray(b')$\x00\x00\x00')
2026-10-09 08:52:42,987 BTPWorkerThread-34796 (_rx_task) root DEBUG iutctl_common.py          154   read                      : Received data: {''}, bytearray(b'')
2026-10-09 08:52:42,987 Thread-34804 (_process_events) root DEBUG map.py                    523   map_command_rsp_succ      : received Header(svc_id=41, op=36, ctrl_index=0, data_len=0) (b'',)
2026-10-09 08:52:42,990 BTPWorkerThread-34796 (_rx_task) root DEBUG iutctl_common.py          123   read                      : Read 5 bytes
2026-10-09 08:52:42,990 BTPWorkerThread-34796 (_rx_task) root DEBUG iutctl_common.py          131   read                      : Received: hdr: Header(svc_id=0x29, op=0xa6, ctrl_index=0x00, data_len=0x0b) bytearray(b')\xa6\x00\x0b\x00')
2026-10-09 08:52:42,991 BTPWorkerThread-34796 (_rx_task) root DEBUG iutctl_common.py          139   read                      : Read 11 bytes data
2026-10-09 08:52:42,991 BTPWorkerThread-34796 (_rx_task) root DEBUG iutctl_common.py          154   read                      : Received data: {'e0 4e e4 08 dc 1b 00 00 01 00 00'}, bytearray(b'\xe0N\xe4\x08\xdc\x1b\x00\x00\x01\x00\x00')
2026-10-09 08:52:42,991 BTPWorkerThread-34796 (_rx_task) root DEBUG btp.py                    736   event_handler             : Header(svc_id=41, op=166, ctrl_index=0, data_len=11) (b'\xe0N\xe4\x08\xdc\x1b\x00\x00\x01\x00\x00',)
2026-10-09 08:52:42,991 Thread-34804 (_process_events) root DEBUG map.py                    2556  _map_mse_mas_get_msg_listing_ev : _map_mse_mas_get_msg_listing_ev b'\xe0N\xe4\x08\xdc\x1b\x00\x00\x01\x00\x00'
2026-10-09 08:52:42,991 Thread-34804 (_process_events) root DEBUG map.py                    1300  map_mse_mas_get_msg_listing : map_mse_mas_get_msg_listing 0 144 b'H\x00\xfcnt_name="IUT" recipient_addressing="im:iut@example.com" type="IM" size="61" reception_status="complete" attachment_size="0" priority="no" read="yes" sent="no" protected="no" conversation_id="0000000000000001" conversation_name="Chat with PTS" direct' None
2026-10-09 08:52:42,991 Thread-34804 (_process_events) root DEBUG iutctl_common.py          161   send                      : 41 36 0 'bytearray(b\'\\xe0N\\xe4\\x08\\xdc\\x1b\\x00\\x00\\x90\\xfc\\x00H\\x00\\xfcnt_name="IUT" recipient_addressing="im:iut@example.com" type="IM" size="61" reception_status="complete" attachment_size="0" priority="no" read="yes" sent="no" protected="no" conversation_id="0000000000000001" conversation_name="Chat with PTS" direct\')'
2026-10-09 08:52:42,991 Thread-34804 (_process_events) root DEBUG iutctl_common.py          166   send                      : sending frame '2924000701e04ee408dc1b000090fc004800fc6e745f6e616d653d224955542220726563697069656e745f61646472657373696e673d22696d3a697574406578616d706c652e636f6d2220747970653d22494d222073697a653d2236312220726563657074696f6e5f7374617475733d22636f6d706c65746522206174746163686d656e745f73697a653d223022207072696f726974793d226e6f2220726561643d22796573222073656e743d226e6f222070726f7465637465643d226e6f2220636f6e766572736174696f6e5f69643d22303030303030303030303030303030312220636f6e766572736174696f6e5f6e616d653d22436861742077697468205054532220646972656374'
2026-10-09 08:52:42,992 Thread-34804 (_process_events) root DEBUG map.py                    518   map_command_rsp_succ      : map_command_rsp_succ
2026-10-09 08:52:42,992 Thread-34804 (_process_events) root DEBUG iutctl_common.py          339   read                      : 
2026-10-09 08:52:43,049 BTPWorkerThread-34796 (_rx_task) root DEBUG iutctl_common.py          123   read                      : Read 5 bytes
2026-10-09 08:52:43,054 BTPWorkerThread-34796 (_rx_task) root DEBUG iutctl_common.py          131   read                      : Received: hdr: Header(svc_id=0x29, op=0x24, ctrl_index=0x00, data_len=0x00) bytearray(b')$\x00\x00\x00')
2026-10-09 08:52:43,060 BTPWorkerThread-34796 (_rx_task) root DEBUG iutctl_common.py          154   read                      : Received data: {''}, bytearray(b'')
2026-10-09 08:52:43,060 BTPWorkerThread-34796 (_rx_task) root DEBUG iutctl_common.py          123   read                      : Read 5 bytes
2026-10-09 08:52:43,060 BTPWorkerThread-34796 (_rx_task) root DEBUG iutctl_common.py          131   read                      : Received: hdr: Header(svc_id=0x29, op=0xa6, ctrl_index=0x00, data_len=0x0b) bytearray(b')\xa6\x00\x0b\x00')
2026-10-09 08:52:43,060 Thread-34804 (_process_events) root DEBUG map.py                    523   map_command_rsp_succ      : received Header(svc_id=41, op=36, ctrl_index=0, data_len=0) (b'',)
2026-10-09 08:52:43,061 BTPWorkerThread-34796 (_rx_task) root DEBUG iutctl_common.py          139   read                      : Read 11 bytes data
2026-10-09 08:52:43,061 BTPWorkerThread-34796 (_rx_task) root DEBUG iutctl_common.py          154   read                      : Received data: {'e0 4e e4 08 dc 1b 00 00 01 00 00'}, bytearray(b'\xe0N\xe4\x08\xdc\x1b\x00\x00\x01\x00\x00')
2026-10-09 08:52:43,061 BTPWorkerThread-34796 (_rx_task) root DEBUG btp.py                    736   event_handler             : Header(svc_id=41, op=166, ctrl_index=0, data_len=11) (b'\xe0N\xe4\x08\xdc\x1b\x00\x00\x01\x00\x00',)
2026-10-09 08:52:43,061 Thread-34804 (_process_events) root DEBUG map.py                    2556  _map_mse_mas_get_msg_listing_ev : _map_mse_mas_get_msg_listing_ev b'\xe0N\xe4\x08\xdc\x1b\x00\x00\x01\x00\x00'
2026-10-09 08:52:43,061 Thread-34804 (_process_events) root DEBUG map.py                    1300  map_mse_mas_get_msg_listing : map_mse_mas_get_msg_listing 0 144 b'H\x00\xfcion="incoming"/>\r\n  <msg handle="0000000000000004" subject="Test MMS Message 4" datetime="20110101T000000+0000" sender_name="PTS" sender_addressing="+1234567890" recipient_name="IUT" recipient_addressing="+9876543210" type="MMS" size="62" reception_' None
2026-10-09 08:52:43,062 Thread-34804 (_process_events) root DEBUG iutctl_common.py          161   send                      : 41 36 0 'bytearray(b\'\\xe0N\\xe4\\x08\\xdc\\x1b\\x00\\x00\\x90\\xfc\\x00H\\x00\\xfcion="incoming"/>\\r\\n  <msg handle="0000000000000004" subject="Test MMS Message 4" datetime="20110101T000000+0000" sender_name="PTS" sender_addressing="+1234567890" recipient_name="IUT" recipient_addressing="+9876543210" type="MMS" size="62" reception_\')'
2026-10-09 08:52:43,062 Thread-34804 (_process_events) root DEBUG iutctl_common.py          166   send                      : sending frame '2924000701e04ee408dc1b000090fc004800fc696f6e3d22696e636f6d696e67222f3e0d0a20203c6d73672068616e646c653d223030303030303030303030303030303422207375626a6563743d2254657374204d4d53204d657373616765203422206461746574696d653d223230313130313031543030303030302b30303030222073656e6465725f6e616d653d22505453222073656e6465725f61646472657373696e673d222b313233343536373839302220726563697069656e745f6e616d653d224955542220726563697069656e745f61646472657373696e673d222b393837363534333231302220747970653d224d4d53222073697a653d2236322220726563657074696f6e5f'
2026-10-09 08:52:43,062 Thread-34804 (_process_events) root DEBUG map.py                    518   map_command_rsp_succ      : map_command_rsp_succ
2026-10-09 08:52:43,062 Thread-34804 (_process_events) root DEBUG iutctl_common.py          339   read                      : 
2026-10-09 08:52:43,102 BTPWorkerThread-34796 (_rx_task) root DEBUG iutctl_common.py          123   read                      : Read 5 bytes
2026-10-09 08:52:43,108 BTPWorkerThread-34796 (_rx_task) root DEBUG iutctl_common.py          131   read                      : Received: hdr: Header(svc_id=0x29, op=0x24, ctrl_index=0x00, data_len=0x00) bytearray(b')$\x00\x00\x00')
2026-10-09 08:52:43,108 BTPWorkerThread-34796 (_rx_task) root DEBUG iutctl_common.py          154   read                      : Received data: {''}, bytearray(b'')
2026-10-09 08:52:43,109 BTPWorkerThread-34796 (_rx_task) root DEBUG iutctl_common.py          123   read                      : Read 5 bytes
2026-10-09 08:52:43,109 Thread-34804 (_process_events) root DEBUG map.py                    523   map_command_rsp_succ      : received Header(svc_id=41, op=36, ctrl_index=0, data_len=0) (b'',)
2026-10-09 08:52:43,109 BTPWorkerThread-34796 (_rx_task) root DEBUG iutctl_common.py          131   read                      : Received: hdr: Header(svc_id=0x29, op=0xa6, ctrl_index=0x00, data_len=0x0b) bytearray(b')\xa6\x00\x0b\x00')
2026-10-09 08:52:43,109 BTPWorkerThread-34796 (_rx_task) root DEBUG iutctl_common.py          139   read                      : Read 11 bytes data
2026-10-09 08:52:43,110 BTPWorkerThread-34796 (_rx_task) root DEBUG iutctl_common.py          154   read                      : Received data: {'e0 4e e4 08 dc 1b 00 00 01 00 00'}, bytearray(b'\xe0N\xe4\x08\xdc\x1b\x00\x00\x01\x00\x00')
2026-10-09 08:52:43,110 BTPWorkerThread-34796 (_rx_task) root DEBUG btp.py                    736   event_handler             : Header(svc_id=41, op=166, ctrl_index=0, data_len=11) (b'\xe0N\xe4\x08\xdc\x1b\x00\x00\x01\x00\x00',)
2026-10-09 08:52:43,110 Thread-34804 (_process_events) root DEBUG map.py                    2556  _map_mse_mas_get_msg_listing_ev : _map_mse_mas_get_msg_listing_ev b'\xe0N\xe4\x08\xdc\x1b\x00\x00\x01\x00\x00'
2026-10-09 08:52:43,110 Thread-34804 (_process_events) root DEBUG map.py                    1300  map_mse_mas_get_msg_listing : map_mse_mas_get_msg_listing 0 144 b'H\x00\xfcstatus="complete" attachment_size="0" priority="no" read="no" sent="no" protected="no" conversation_name="Chat with PTS" direction="incoming"/>\r\n  <msg handle="0000000000000003" subject="Test SMS_CDMA Message 3" datetime="20100901T000000+0000" sende' None
2026-10-09 08:52:43,110 Thread-34804 (_process_events) root DEBUG iutctl_common.py          161   send                      : 41 36 0 'bytearray(b\'\\xe0N\\xe4\\x08\\xdc\\x1b\\x00\\x00\\x90\\xfc\\x00H\\x00\\xfcstatus="complete" attachment_size="0" priority="no" read="no" sent="no" protected="no" conversation_name="Chat with PTS" direction="incoming"/>\\r\\n  <msg handle="0000000000000003" subject="Test SMS_CDMA Message 3" datetime="20100901T000000+0000" sende\')'
2026-10-09 08:52:43,110 Thread-34804 (_process_events) root DEBUG iutctl_common.py          166   send                      : sending frame '2924000701e04ee408dc1b000090fc004800fc7374617475733d22636f6d706c65746522206174746163686d656e745f73697a653d223022207072696f726974793d226e6f2220726561643d226e6f222073656e743d226e6f222070726f7465637465643d226e6f2220636f6e766572736174696f6e5f6e616d653d22436861742077697468205054532220646972656374696f6e3d22696e636f6d696e67222f3e0d0a20203c6d73672068616e646c653d223030303030303030303030303030303322207375626a6563743d225465737420534d535f43444d41204d657373616765203322206461746574696d653d223230313030393031543030303030302b30303030222073656e6465'
2026-10-09 08:52:43,111 Thread-34804 (_process_events) root DEBUG map.py                    518   map_command_rsp_succ      : map_command_rsp_succ
2026-10-09 08:52:43,111 Thread-34804 (_process_events) root DEBUG iutctl_common.py          339   read                      : 
2026-10-09 08:52:43,160 BTPWorkerThread-34796 (_rx_task) root DEBUG iutctl_common.py          123   read                      : Read 5 bytes
2026-10-09 08:52:43,170 BTPWorkerThread-34796 (_rx_task) root DEBUG iutctl_common.py          131   read                      : Received: hdr: Header(svc_id=0x29, op=0x24, ctrl_index=0x00, data_len=0x00) bytearray(b')$\x00\x00\x00')
2026-10-09 08:52:43,170 BTPWorkerThread-34796 (_rx_task) root DEBUG iutctl_common.py          154   read                      : Received data: {''}, bytearray(b'')
2026-10-09 08:52:43,171 Thread-34804 (_process_events) root DEBUG map.py                    523   map_command_rsp_succ      : received Header(svc_id=41, op=36, ctrl_index=0, data_len=0) (b'',)
2026-10-09 08:52:43,202 BTPWorkerThread-34796 (_rx_task) root DEBUG iutctl_common.py          123   read                      : Read 5 bytes
2026-10-09 08:52:43,202 BTPWorkerThread-34796 (_rx_task) root DEBUG iutctl_common.py          131   read                      : Received: hdr: Header(svc_id=0x29, op=0xa6, ctrl_index=0x00, data_len=0x0b) bytearray(b')\xa6\x00\x0b\x00')
2026-10-09 08:52:43,202 BTPWorkerThread-34796 (_rx_task) root DEBUG iutctl_common.py          139   read                      : Read 11 bytes data
2026-10-09 08:52:43,203 BTPWorkerThread-34796 (_rx_task) root DEBUG iutctl_common.py          154   read                      : Received data: {'e0 4e e4 08 dc 1b 00 00 01 00 00'}, bytearray(b'\xe0N\xe4\x08\xdc\x1b\x00\x00\x01\x00\x00')
2026-10-09 08:52:43,203 BTPWorkerThread-34796 (_rx_task) root DEBUG btp.py                    736   event_handler             : Header(svc_id=41, op=166, ctrl_index=0, data_len=11) (b'\xe0N\xe4\x08\xdc\x1b\x00\x00\x01\x00\x00',)
2026-10-09 08:52:43,203 Thread-34804 (_process_events) root DEBUG map.py                    2556  _map_mse_mas_get_msg_listing_ev : _map_mse_mas_get_msg_listing_ev b'\xe0N\xe4\x08\xdc\x1b\x00\x00\x01\x00\x00'
2026-10-09 08:52:43,203 Thread-34804 (_process_events) root DEBUG map.py                    1300  map_mse_mas_get_msg_listing : map_mse_mas_get_msg_listing 0 144 b'H\x00\xfcr_name="PTS" sender_addressing="+1234567890" recipient_name="IUT" recipient_addressing="+9876543210" type="SMS_CDMA" size="67" reception_status="complete" attachment_size="0" priority="no" read="yes" sent="no" protected="no" conversation_name="Chat ' None
2026-10-09 08:52:43,203 Thread-34804 (_process_events) root DEBUG iutctl_common.py          161   send                      : 41 36 0 'bytearray(b\'\\xe0N\\xe4\\x08\\xdc\\x1b\\x00\\x00\\x90\\xfc\\x00H\\x00\\xfcr_name="PTS" sender_addressing="+1234567890" recipient_name="IUT" recipient_addressing="+9876543210" type="SMS_CDMA" size="67" reception_status="complete" attachment_size="0" priority="no" read="yes" sent="no" protected="no" conversation_name="Chat \')'
2026-10-09 08:52:43,203 Thread-34804 (_process_events) root DEBUG iutctl_common.py          166   send                      : sending frame '2924000701e04ee408dc1b000090fc004800fc725f6e616d653d22505453222073656e6465725f61646472657373696e673d222b313233343536373839302220726563697069656e745f6e616d653d224955542220726563697069656e745f61646472657373696e673d222b393837363534333231302220747970653d22534d535f43444d41222073697a653d2236372220726563657074696f6e5f7374617475733d22636f6d706c65746522206174746163686d656e745f73697a653d223022207072696f726974793d226e6f2220726561643d22796573222073656e743d226e6f222070726f7465637465643d226e6f2220636f6e766572736174696f6e5f6e616d653d224368617420'
2026-10-09 08:52:43,204 Thread-34804 (_process_events) root DEBUG map.py                    518   map_command_rsp_succ      : map_command_rsp_succ
2026-10-09 08:52:43,204 Thread-34804 (_process_events) root DEBUG iutctl_common.py          339   read                      : 
2026-10-09 08:52:43,258 BTPWorkerThread-34796 (_rx_task) root DEBUG iutctl_common.py          123   read                      : Read 5 bytes
2026-10-09 08:52:43,268 BTPWorkerThread-34796 (_rx_task) root DEBUG iutctl_common.py          131   read                      : Received: hdr: Header(svc_id=0x29, op=0x24, ctrl_index=0x00, data_len=0x00) bytearray(b')$\x00\x00\x00')
2026-10-09 08:52:43,274 BTPWorkerThread-34796 (_rx_task) root DEBUG iutctl_common.py          154   read                      : Received data: {''}, bytearray(b'')
2026-10-09 08:52:43,274 Thread-34804 (_process_events) root DEBUG map.py                    523   map_command_rsp_succ      : received Header(svc_id=41, op=36, ctrl_index=0, data_len=0) (b'',)
2026-10-09 08:52:43,274 BTPWorkerThread-34796 (_rx_task) root DEBUG iutctl_common.py          123   read                      : Read 5 bytes
2026-10-09 08:52:43,275 BTPWorkerThread-34796 (_rx_task) root DEBUG iutctl_common.py          131   read                      : Received: hdr: Header(svc_id=0x29, op=0xa6, ctrl_index=0x00, data_len=0x0b) bytearray(b')\xa6\x00\x0b\x00')
2026-10-09 08:52:43,275 BTPWorkerThread-34796 (_rx_task) root DEBUG iutctl_common.py          139   read                      : Read 11 bytes data
2026-10-09 08:52:43,275 BTPWorkerThread-34796 (_rx_task) root DEBUG iutctl_common.py          154   read                      : Received data: {'e0 4e e4 08 dc 1b 00 00 01 00 00'}, bytearray(b'\xe0N\xe4\x08\xdc\x1b\x00\x00\x01\x00\x00')
2026-10-09 08:52:43,275 BTPWorkerThread-34796 (_rx_task) root DEBUG btp.py                    736   event_handler             : Header(svc_id=41, op=166, ctrl_index=0, data_len=11) (b'\xe0N\xe4\x08\xdc\x1b\x00\x00\x01\x00\x00',)
2026-10-09 08:52:43,275 Thread-34804 (_process_events) root DEBUG map.py                    2556  _map_mse_mas_get_msg_listing_ev : _map_mse_mas_get_msg_listing_ev b'\xe0N\xe4\x08\xdc\x1b\x00\x00\x01\x00\x00'
2026-10-09 08:52:43,275 Thread-34804 (_process_events) root DEBUG map.py                    1300  map_mse_mas_get_msg_listing : map_mse_mas_get_msg_listing 0 144 b'H\x00\xfcwith PTS" direction="incoming"/>\r\n  <msg handle="0000000000000002" subject="Test SMS_GSM Message 2" datetime="20100501T000000+0000" sender_name="PTS" sender_addressing="+1234567890" recipient_name="IUT" recipient_addressing="+9876543210" type="SMS_G' None
2026-10-09 08:52:43,276 Thread-34804 (_process_events) root DEBUG iutctl_common.py          161   send                      : 41 36 0 'bytearray(b\'\\xe0N\\xe4\\x08\\xdc\\x1b\\x00\\x00\\x90\\xfc\\x00H\\x00\\xfcwith PTS" direction="incoming"/>\\r\\n  <msg handle="0000000000000002" subject="Test SMS_GSM Message 2" datetime="20100501T000000+0000" sender_name="PTS" sender_addressing="+1234567890" recipient_name="IUT" recipient_addressing="+9876543210" type="SMS_G\')'
2026-10-09 08:52:43,276 Thread-34804 (_process_events) root DEBUG iutctl_common.py          166   send                      : sending frame '2924000701e04ee408dc1b000090fc004800fc77697468205054532220646972656374696f6e3d22696e636f6d696e67222f3e0d0a20203c6d73672068616e646c653d223030303030303030303030303030303222207375626a6563743d225465737420534d535f47534d204d657373616765203222206461746574696d653d223230313030353031543030303030302b30303030222073656e6465725f6e616d653d22505453222073656e6465725f61646472657373696e673d222b313233343536373839302220726563697069656e745f6e616d653d224955542220726563697069656e745f61646472657373696e673d222b393837363534333231302220747970653d22534d535f47'
2026-10-09 08:52:43,276 Thread-34804 (_process_events) root DEBUG map.py                    518   map_command_rsp_succ      : map_command_rsp_succ
2026-10-09 08:52:43,276 Thread-34804 (_process_events) root DEBUG iutctl_common.py          339   read                      : 
2026-10-09 08:52:43,321 BTPWorkerThread-34796 (_rx_task) root DEBUG iutctl_common.py          123   read                      : Read 5 bytes
2026-10-09 08:52:43,321 BTPWorkerThread-34796 (_rx_task) root DEBUG iutctl_common.py          131   read                      : Received: hdr: Header(svc_id=0x29, op=0x24, ctrl_index=0x00, data_len=0x00) bytearray(b')$\x00\x00\x00')
2026-10-09 08:52:43,326 BTPWorkerThread-34796 (_rx_task) root DEBUG iutctl_common.py          154   read                      : Received data: {''}, bytearray(b'')
2026-10-09 08:52:43,326 Thread-34804 (_process_events) root DEBUG map.py                    523   map_command_rsp_succ      : received Header(svc_id=41, op=36, ctrl_index=0, data_len=0) (b'',)
2026-10-09 08:52:43,341 BTPWorkerThread-34796 (_rx_task) root DEBUG iutctl_common.py          123   read                      : Read 5 bytes
2026-10-09 08:52:43,341 BTPWorkerThread-34796 (_rx_task) root DEBUG iutctl_common.py          131   read                      : Received: hdr: Header(svc_id=0x29, op=0xa6, ctrl_index=0x00, data_len=0x0b) bytearray(b')\xa6\x00\x0b\x00')
2026-10-09 08:52:43,341 BTPWorkerThread-34796 (_rx_task) root DEBUG iutctl_common.py          139   read                      : Read 11 bytes data
2026-10-09 08:52:43,342 BTPWorkerThread-34796 (_rx_task) root DEBUG iutctl_common.py          154   read                      : Received data: {'e0 4e e4 08 dc 1b 00 00 01 00 00'}, bytearray(b'\xe0N\xe4\x08\xdc\x1b\x00\x00\x01\x00\x00')
2026-10-09 08:52:43,342 BTPWorkerThread-34796 (_rx_task) root DEBUG btp.py                    736   event_handler             : Header(svc_id=41, op=166, ctrl_index=0, data_len=11) (b'\xe0N\xe4\x08\xdc\x1b\x00\x00\x01\x00\x00',)
2026-10-09 08:52:43,342 Thread-34804 (_process_events) root DEBUG map.py                    2556  _map_mse_mas_get_msg_listing_ev : _map_mse_mas_get_msg_listing_ev b'\xe0N\xe4\x08\xdc\x1b\x00\x00\x01\x00\x00'
2026-10-09 08:52:43,342 Thread-34804 (_process_events) root DEBUG map.py                    1300  map_mse_mas_get_msg_listing : map_mse_mas_get_msg_listing 0 144 b'H\x00\xfcSM" size="66" reception_status="complete" attachment_size="0" priority="no" read="no" sent="no" protected="no" conversation_name="Chat with PTS" direction="incoming"/>\r\n  <msg handle="0000000000000001" subject="Test EMAIL Message 1" datetime="201001' None
2026-10-09 08:52:43,342 Thread-34804 (_process_events) root DEBUG iutctl_common.py          161   send                      : 41 36 0 'bytearray(b\'\\xe0N\\xe4\\x08\\xdc\\x1b\\x00\\x00\\x90\\xfc\\x00H\\x00\\xfcSM" size="66" reception_status="complete" attachment_size="0" priority="no" read="no" sent="no" protected="no" conversation_name="Chat with PTS" direction="incoming"/>\\r\\n  <msg handle="0000000000000001" subject="Test EMAIL Message 1" datetime="201001\')'
2026-10-09 08:52:43,342 Thread-34804 (_process_events) root DEBUG iutctl_common.py          166   send                      : sending frame '2924000701e04ee408dc1b000090fc004800fc534d222073697a653d2236362220726563657074696f6e5f7374617475733d22636f6d706c65746522206174746163686d656e745f73697a653d223022207072696f726974793d226e6f2220726561643d226e6f222073656e743d226e6f222070726f7465637465643d226e6f2220636f6e766572736174696f6e5f6e616d653d22436861742077697468205054532220646972656374696f6e3d22696e636f6d696e67222f3e0d0a20203c6d73672068616e646c653d223030303030303030303030303030303122207375626a6563743d225465737420454d41494c204d657373616765203122206461746574696d653d22323031303031'
2026-10-09 08:52:43,343 Thread-34804 (_process_events) root DEBUG map.py                    518   map_command_rsp_succ      : map_command_rsp_succ
2026-10-09 08:52:43,343 Thread-34804 (_process_events) root DEBUG iutctl_common.py          339   read                      : 
2026-10-09 08:52:43,406 BTPWorkerThread-34796 (_rx_task) root DEBUG iutctl_common.py          123   read                      : Read 5 bytes
2026-10-09 08:52:43,426 BTPWorkerThread-34796 (_rx_task) root DEBUG iutctl_common.py          131   read                      : Received: hdr: Header(svc_id=0x29, op=0x24, ctrl_index=0x00, data_len=0x00) bytearray(b')$\x00\x00\x00')
2026-10-09 08:52:43,437 BTPWorkerThread-34796 (_rx_task) root DEBUG iutctl_common.py          154   read                      : Received data: {''}, bytearray(b'')
2026-10-09 08:52:43,437 BTPWorkerThread-34796 (_rx_task) root DEBUG iutctl_common.py          123   read                      : Read 5 bytes
2026-10-09 08:52:43,438 Thread-34804 (_process_events) root DEBUG map.py                    523   map_command_rsp_succ      : received Header(svc_id=41, op=36, ctrl_index=0, data_len=0) (b'',)
2026-10-09 08:52:43,438 BTPWorkerThread-34796 (_rx_task) root DEBUG iutctl_common.py          131   read                      : Received: hdr: Header(svc_id=0x29, op=0xa6, ctrl_index=0x00, data_len=0x0b) bytearray(b')\xa6\x00\x0b\x00')
2026-10-09 08:52:43,438 BTPWorkerThread-34796 (_rx_task) root DEBUG iutctl_common.py          139   read                      : Read 11 bytes data
2026-10-09 08:52:43,438 BTPWorkerThread-34796 (_rx_task) root DEBUG iutctl_common.py          154   read                      : Received data: {'e0 4e e4 08 dc 1b 00 00 01 00 00'}, bytearray(b'\xe0N\xe4\x08\xdc\x1b\x00\x00\x01\x00\x00')
2026-10-09 08:52:43,438 BTPWorkerThread-34796 (_rx_task) root DEBUG btp.py                    736   event_handler             : Header(svc_id=41, op=166, ctrl_index=0, data_len=11) (b'\xe0N\xe4\x08\xdc\x1b\x00\x00\x01\x00\x00',)
2026-10-09 08:52:43,438 Thread-34804 (_process_events) root DEBUG map.py                    2556  _map_mse_mas_get_msg_listing_ev : _map_mse_mas_get_msg_listing_ev b'\xe0N\xe4\x08\xdc\x1b\x00\x00\x01\x00\x00'
2026-10-09 08:52:43,438 Thread-34804 (_process_events) root DEBUG map.py                    1300  map_mse_mas_get_msg_listing : map_mse_mas_get_msg_listing 0 144 b'H\x00\xfc01T000000+0000" sender_name="PTS" sender_addressing="pts@example.com" recipient_name="IUT" recipient_addressing="iut@example.com" type="EMAIL" size="64" reception_status="complete" attachment_size="0" priority="yes" read="yes" sent="no" protected="n' None
2026-10-09 08:52:43,438 Thread-34804 (_process_events) root DEBUG iutctl_common.py          161   send                      : 41 36 0 'bytearray(b\'\\xe0N\\xe4\\x08\\xdc\\x1b\\x00\\x00\\x90\\xfc\\x00H\\x00\\xfc01T000000+0000" sender_name="PTS" sender_addressing="pts@example.com" recipient_name="IUT" recipient_addressing="iut@example.com" type="EMAIL" size="64" reception_status="complete" attachment_size="0" priority="yes" read="yes" sent="no" protected="n\')'
2026-10-09 08:52:43,438 Thread-34804 (_process_events) root DEBUG iutctl_common.py          166   send                      : sending frame '2924000701e04ee408dc1b000090fc004800fc3031543030303030302b30303030222073656e6465725f6e616d653d22505453222073656e6465725f61646472657373696e673d22707473406578616d706c652e636f6d2220726563697069656e745f6e616d653d224955542220726563697069656e745f61646472657373696e673d22697574406578616d706c652e636f6d2220747970653d22454d41494c222073697a653d2236342220726563657074696f6e5f7374617475733d22636f6d706c65746522206174746163686d656e745f73697a653d223022207072696f726974793d227965732220726561643d22796573222073656e743d226e6f222070726f7465637465643d226e'
2026-10-09 08:52:43,440 Thread-34804 (_process_events) root DEBUG map.py                    518   map_command_rsp_succ      : map_command_rsp_succ
2026-10-09 08:52:43,440 Thread-34804 (_process_events) root DEBUG iutctl_common.py          339   read                      : 
2026-10-09 08:52:43,500 BTPWorkerThread-34796 (_rx_task) root DEBUG iutctl_common.py          123   read                      : Read 5 bytes
2026-10-09 08:52:43,505 BTPWorkerThread-34796 (_rx_task) root DEBUG iutctl_common.py          131   read                      : Received: hdr: Header(svc_id=0x29, op=0x24, ctrl_index=0x00, data_len=0x00) bytearray(b')$\x00\x00\x00')
2026-10-09 08:52:43,505 BTPWorkerThread-34796 (_rx_task) root DEBUG iutctl_common.py          154   read                      : Received data: {''}, bytearray(b'')
2026-10-09 08:52:43,505 Thread-34804 (_process_events) root DEBUG map.py                    523   map_command_rsp_succ      : received Header(svc_id=41, op=36, ctrl_index=0, data_len=0) (b'',)
2026-10-09 08:52:43,527 BTPWorkerThread-34796 (_rx_task) root DEBUG iutctl_common.py          123   read                      : Read 5 bytes
2026-10-09 08:52:43,527 BTPWorkerThread-34796 (_rx_task) root DEBUG iutctl_common.py          131   read                      : Received: hdr: Header(svc_id=0x29, op=0xa6, ctrl_index=0x00, data_len=0x0b) bytearray(b')\xa6\x00\x0b\x00')
2026-10-09 08:52:43,527 BTPWorkerThread-34796 (_rx_task) root DEBUG iutctl_common.py          139   read                      : Read 11 bytes data
2026-10-09 08:52:43,528 BTPWorkerThread-34796 (_rx_task) root DEBUG iutctl_common.py          154   read                      : Received data: {'e0 4e e4 08 dc 1b 00 00 01 00 00'}, bytearray(b'\xe0N\xe4\x08\xdc\x1b\x00\x00\x01\x00\x00')
2026-10-09 08:52:43,528 BTPWorkerThread-34796 (_rx_task) root DEBUG btp.py                    736   event_handler             : Header(svc_id=41, op=166, ctrl_index=0, data_len=11) (b'\xe0N\xe4\x08\xdc\x1b\x00\x00\x01\x00\x00',)
2026-10-09 08:52:43,528 Thread-34804 (_process_events) root DEBUG map.py                    2556  _map_mse_mas_get_msg_listing_ev : _map_mse_mas_get_msg_listing_ev b'\xe0N\xe4\x08\xdc\x1b\x00\x00\x01\x00\x00'
2026-10-09 08:52:43,528 Thread-34804 (_process_events) root DEBUG map.py                    1300  map_mse_mas_get_msg_listing : map_mse_mas_get_msg_listing 0 160 b'I\x00Ro" conversation_name="Chat with PTS" direction="incoming"/>\r\n</MAP-msg-listing>' None
2026-10-09 08:52:43,528 Thread-34804 (_process_events) root DEBUG iutctl_common.py          161   send                      : 41 36 0 'bytearray(b\'\\xe0N\\xe4\\x08\\xdc\\x1b\\x00\\x00\\xa0R\\x00I\\x00Ro" conversation_name="Chat with PTS" direction="incoming"/>\\r\\n</MAP-msg-listing>\')'
2026-10-09 08:52:43,528 Thread-34804 (_process_events) root DEBUG iutctl_common.py          166   send                      : sending frame '2924005d00e04ee408dc1b0000a052004900526f2220636f6e766572736174696f6e5f6e616d653d22436861742077697468205054532220646972656374696f6e3d22696e636f6d696e67222f3e0d0a3c2f4d41502d6d73672d6c697374696e673e'
2026-10-09 08:52:43,529 Thread-34804 (_process_events) root DEBUG map.py                    518   map_command_rsp_succ      : map_command_rsp_succ
2026-10-09 08:52:43,529 Thread-34804 (_process_events) root DEBUG iutctl_common.py          339   read                      : 
2026-10-09 08:52:43,573 BTPWorkerThread-34796 (_rx_task) root DEBUG iutctl_common.py          123   read                      : Read 5 bytes
2026-10-09 08:52:43,583 BTPWorkerThread-34796 (_rx_task) root DEBUG iutctl_common.py          131   read                      : Received: hdr: Header(svc_id=0x29, op=0x24, ctrl_index=0x00, data_len=0x00) bytearray(b')$\x00\x00\x00')
2026-10-09 08:52:43,583 BTPWorkerThread-34796 (_rx_task) root DEBUG iutctl_common.py          154   read                      : Received data: {''}, bytearray(b'')
2026-10-09 08:52:43,604 BTPWorkerThread-34796 (_rx_task) root DEBUG iutctl_common.py          123   read                      : Read 5 bytes
2026-10-09 08:52:43,604 Thread-34804 (_process_events) root DEBUG map.py                    523   map_command_rsp_succ      : received Header(svc_id=41, op=36, ctrl_index=0, data_len=0) (b'',)
2026-10-09 08:52:43,604 BTPWorkerThread-34796 (_rx_task) root DEBUG iutctl_common.py          131   read                      : Received: hdr: Header(svc_id=0x29, op=0xa1, ctrl_index=0x00, data_len=0x0f) bytearray(b')\xa1\x00\x0f\x00')
2026-10-09 08:52:43,604 BTPWorkerThread-34796 (_rx_task) root DEBUG iutctl_common.py          139   read                      : Read 15 bytes data
2026-10-09 08:52:43,605 BTPWorkerThread-34796 (_rx_task) root DEBUG iutctl_common.py          154   read                      : Received data: {'e0 4e e4 08 dc 1b 00 00 05 00 cb 00 00 00 04'}, bytearray(b'\xe0N\xe4\x08\xdc\x1b\x00\x00\x05\x00\xcb\x00\x00\x00\x04')
2026-10-09 08:52:43,605 BTPWorkerThread-34796 (_rx_task) root DEBUG btp.py                    736   event_handler             : Header(svc_id=41, op=161, ctrl_index=0, data_len=15) (b'\xe0N\xe4\x08\xdc\x1b\x00\x00\x05\x00\xcb\x00\x00\x00\x04',)
2026-10-09 08:52:43,605 Thread-34804 (_process_events) root DEBUG map.py                    2402  _map_mse_mas_disconnect_ev : _map_mse_mas_disconnect_ev b'\xe0N\xe4\x08\xdc\x1b\x00\x00\x05\x00\xcb\x00\x00\x00\x04'
2026-10-09 08:52:43,605 Thread-34804 (_process_events) root DEBUG map.py                    1187  map_mse_mas_disconnect    : map_mse_mas_disconnect 0 160 b'' None
2026-10-09 08:52:43,605 Thread-34804 (_process_events) root DEBUG iutctl_common.py          161   send                      : 41 31 0 "bytearray(b'\\xe0N\\xe4\\x08\\xdc\\x1b\\x00\\x00\\xa0')"
2026-10-09 08:52:43,605 Thread-34804 (_process_events) root DEBUG iutctl_common.py          166   send                      : sending frame '291f000900e04ee408dc1b0000a0'
2026-10-09 08:52:43,606 Thread-34804 (_process_events) root DEBUG map.py                    518   map_command_rsp_succ      : map_command_rsp_succ
2026-10-09 08:52:43,606 Thread-34804 (_process_events) root DEBUG iutctl_common.py          339   read                      : 
2026-10-09 08:52:43,638 BTPWorkerThread-34796 (_rx_task) root DEBUG iutctl_common.py          123   read                      : Read 5 bytes
2026-10-09 08:52:43,638 BTPWorkerThread-34796 (_rx_task) root DEBUG iutctl_common.py          131   read                      : Received: hdr: Header(svc_id=0x29, op=0x1f, ctrl_index=0x00, data_len=0x00) bytearray(b')\x1f\x00\x00\x00')
2026-10-09 08:52:43,644 BTPWorkerThread-34796 (_rx_task) root DEBUG iutctl_common.py          154   read                      : Received data: {''}, bytearray(b'')
2026-10-09 08:52:43,644 Thread-34804 (_process_events) root DEBUG map.py                    523   map_command_rsp_succ      : received Header(svc_id=41, op=31, ctrl_index=0, data_len=0) (b'',)
2026-10-09 08:52:43,645 Thread-34804 (_process_events) root DEBUG map.py                    2105  remove_connection         : Cleared OBEX: addr=001bdc08e44e, instance=0, type=160
2026-10-09 08:52:43,647 BTPWorkerThread-34796 (_rx_task) root DEBUG iutctl_common.py          123   read                      : Read 5 bytes
2026-10-09 08:52:43,647 BTPWorkerThread-34796 (_rx_task) root DEBUG iutctl_common.py          131   read                      : Received: hdr: Header(svc_id=0x29, op=0x9f, ctrl_index=0x00, data_len=0x08) bytearray(b')\x9f\x00\x08\x00')
2026-10-09 08:52:43,648 BTPWorkerThread-34796 (_rx_task) root DEBUG iutctl_common.py          139   read                      : Read 8 bytes data
2026-10-09 08:52:43,648 BTPWorkerThread-34796 (_rx_task) root DEBUG iutctl_common.py          154   read                      : Received data: {'e0 4e e4 08 dc 1b 00 00'}, bytearray(b'\xe0N\xe4\x08\xdc\x1b\x00\x00')
2026-10-09 08:52:43,648 BTPWorkerThread-34796 (_rx_task) root DEBUG btp.py                    736   event_handler             : Header(svc_id=41, op=159, ctrl_index=0, data_len=8) (b'\xe0N\xe4\x08\xdc\x1b\x00\x00',)
2026-10-09 08:52:43,648 BTPWorkerThread-34796 (_rx_task) root DEBUG iutctl_common.py          123   read                      : Read 5 bytes
2026-10-09 08:52:43,648 BTPWorkerThread-34796 (_rx_task) root DEBUG iutctl_common.py          131   read                      : Received: hdr: Header(svc_id=0x01, op=0x83, ctrl_index=0x00, data_len=0x07) bytearray(b'\x01\x83\x00\x07\x00')
2026-10-09 08:52:43,649 BTPWorkerThread-34796 (_rx_task) root DEBUG iutctl_common.py          139   read                      : Read 7 bytes data
2026-10-09 08:52:43,649 Thread-34804 (_process_events) root DEBUG map.py                    2378  _map_mse_mas_l2cap_disconnected_ev : _map_mse_mas_l2cap_disconnected_ev b'\xe0N\xe4\x08\xdc\x1b\x00\x00'
2026-10-09 08:52:43,649 Thread-34804 (_process_events) root DEBUG map.py                    2105  remove_connection         : Cleared OBEX: addr=001bdc08e44e, instance=0, type=160
2026-10-09 08:52:43,649 Thread-34804 (_process_events) root DEBUG map.py                    2102  remove_connection         : Cleared transport: addr=001bdc08e44e, instance=0, type=158
2026-10-09 08:52:43,649 Thread-34804 (_process_events) root DEBUG map.py                    2110  remove_connection         : Removed connection: addr=001bdc08e44e, instance=0
2026-10-09 08:52:43,649 Thread-34804 (_process_events) root DEBUG map.py                    2115  remove_connection         : Removed address entry: addr=001bdc08e44e
2026-10-09 08:52:43,649 BTPWorkerThread-34796 (_rx_task) root DEBUG iutctl_common.py          154   read                      : Received data: {'e0 4e e4 08 dc 1b 00'}, bytearray(b'\xe0N\xe4\x08\xdc\x1b\x00')
2026-10-09 08:52:43,649 BTPWorkerThread-34796 (_rx_task) root DEBUG btp.py                    736   event_handler             : Header(svc_id=1, op=131, ctrl_index=0, data_len=7) (b'\xe0N\xe4\x08\xdc\x1b\x00',)
2026-10-09 08:52:43,649 BTPWorkerThread-34796 (_rx_task) root DEBUG gap.py                    228   gap_disconnected_ev_      : b'\xe0N\xe4\x08\xdc\x1b\x00'
2026-10-09 08:52:46,355 LT1-callback ClientCallback.log INFO client.py                 200   log                       : PTS_LOGTYPE_START_TEST Start Test Case 

+1265 ms
 MAP/MSE/GOEP/SRM/BI-05-C MAP/MSE/GOEP/SRM/BI-05-C

2026-10-09 08:52:46,828 LT1-callback ClientCallback.log INFO client.py                 200   log                       : PTS_LOGTYPE_FINAL_VERDICT Final Verdict 

+8968 ms
 MAP/MSE/GOEP/SRM/BI-05-C PASS

2026-10-09 08:52:46,832 LT1-callback ClientCallback.log INFO client.py                 200   log                       : PTS_LOGTYPE_FINAL_VERDICT Encrypted Verdict 

+8968 ms
 MAP/MSE/GOEP/SRM/BI-05-C A1#ZWY4MzQ5MDg3MmQwNTIxOGQzMzQ5YjY2ODA5M2MzNjQ5ZDY4NmY0Yjc2MzIzM2VkNTUyNTFhNGU4Mjg1MjI0NA==#ZZs3SSJ0XDkwV/xXpAJpkwoHlxRx311slUQhkuUhdzCGiNY2r0+EUSzmdluiOxz7

2026-10-09 08:52:46,836 LT1-callback ClientCallback.log INFO client.py                 200   log                       : PTS_LOGTYPE_END_TEST Test Case Ended 

+8968 ms
 MAP/MSE/GOEP/SRM/BI-05-C MAP/MSE/GOEP/SRM/BI-05-C

2026-10-09 08:52:46,951 LT1-callback root DEBUG client.py                 261   set_result                : ClientCallback, set_result, run_test_case, PASS
2026-10-09 08:52:46,951 LT1-thread root DEBUG client.py                 1186  _run_test_case            : After run_test_case error_code=0 status='PASS'
2026-10-09 08:52:46,952 LT1-thread root DEBUG testcase.py               766   post_run                  : post_run MAP MAP/MSE/GOEP/SRM/BI-05-C 0
2026-10-09 08:52:46,952 LT1-thread root DEBUG testcase.py               254   start                     : Starting test function: class=<class 'autopts.ptsprojects.testcase.TestFuncCleanUp'>, func=<bound method ZTestCase._test_case_cleanup of <autopts.ptsprojects.zephyr.ztestcase.ZTestCase object at 0x000002C687B83FB0>> start_wid=None stop_wid=None post_wid=None skip_call=None call_count=1 args=() kwds={}
2026-10-09 08:52:46,952 LT1-thread root DEBUG testcase.py               266   start                     : Test function parameters: args=(), kwds={}
2026-10-09 08:52:46,952 LT1-thread root DEBUG map.py                    3404  start                     : MAP event handler started
2026-10-09 08:52:46,952 LT1-thread root DEBUG iutctl.py                 415   stop                      : <class 'autopts.ptsprojects.zephyr.iutctl.create_zephyr_ctl_class.<locals>.ZephyrCtl'>.stop
2026-10-09 08:52:46,953 LT1-thread root DEBUG __init__.py               51    reset                     : About to reset DUT: JLink -CommandFile reset.jlink -usb 1063214216 -device MIMXRT1176XXXA_M7
2026-10-09 08:52:47,249 BTPWorkerThread-34796 (_rx_task) root DEBUG iutctl_common.py          123   read                      : Read 5 bytes
2026-10-09 08:52:47,249 BTPWorkerThread-34796 (_rx_task) root DEBUG iutctl_common.py          131   read                      : Received: hdr: Header(svc_id=0x00, op=0x80, ctrl_index=0xff, data_len=0x00) bytearray(b'\x00\x80\xff\x00\x00')
2026-10-09 08:52:47,249 BTPWorkerThread-34796 (_rx_task) root DEBUG iutctl_common.py          154   read                      : Received data: {''}, bytearray(b'')
2026-10-09 08:52:47,250 BTPWorkerThread-34796 (_rx_task) root DEBUG btp.py                    736   event_handler             : Header(svc_id=0, op=128, ctrl_index=255, data_len=0) (b'',)
2026-10-09 08:52:47,250 BTPWorkerThread-34796 (_rx_task) root DEBUG core.py                   23    core_iut_ready_ev         : 
2026-10-09 08:52:47,328 LT1-thread root DEBUG iutctl.py                 436   _stop_tty_mode            : IUT ready event received OK
2026-10-09 08:52:47,328 LT1-thread root DEBUG iutctl_common.py          416   close                     : Waiting for _rx_worker to finish ...
2026-10-09 08:52:48,251 BTPWorkerThread-34796 (_rx_task) root DEBUG iutctl_common.py          332   _rx_task                  : BTPWorkerThread-34796 (_rx_task) finishing...
2026-10-09 08:52:51,258 LT1-thread root DEBUG testcase.py               794   post_run                  : post_run, cleanup running post test case script
2026-10-09 08:52:51,258 LT1-thread root DEBUG testcase.py               802   post_run                  : post_run, run post test case script
2026-10-09 08:52:51,335 LT1-thread root DEBUG client.py                 1220  _run_test_case            : Done TestCase _run_test_case MAP MAP/MSE/GOEP/SRM/BI-05-C
