2026-10-08 21:16:03,924 LT1-thread root DEBUG client.py                 1099  _run_test_case            : Starting TestCase _run_test_case AVRCP AVRCP/CT/PTT/BV-04-C
2026-10-08 21:16:03,925 LT1-thread root DEBUG testcase.py               727   pre_run                   : pre_run AVRCP AVRCP/CT/PTT/BV-04-C
2026-10-08 21:16:03,925 LT1-thread root DEBUG testcase.py               729   pre_run                   : About to run test case AVRCP AVRCP/CT/PTT/BV-04-C with commands:
2026-10-08 21:16:03,925 LT1-thread root DEBUG testcase.py               731   pre_run                   : 0) class=<class 'autopts.ptsprojects.testcase.TestFunc'>, func=<bound method ZTestCase._test_case_start of <autopts.ptsprojects.zephyr.ztestcase.ZTestCase object at 0x000002C687D626C0>> start_wid=None stop_wid=None post_wid=None skip_call=None call_count=0 args=() kwds={}
2026-10-08 21:16:03,925 LT1-thread root DEBUG testcase.py               731   pre_run                   : 1) class=<class 'autopts.ptsprojects.testcase.TestFunc'>, func=<function core_reg_svc_gap at 0x000002C684E2E160> start_wid=None stop_wid=None post_wid=None skip_call=None call_count=85 args=() kwds={}
2026-10-08 21:16:03,925 LT1-thread root DEBUG testcase.py               731   pre_run                   : 2) class=<class 'autopts.ptsprojects.testcase.TestFunc'>, func=<bound method Stack.gap_init of <autopts.ptsprojects.stack.stack.Stack object at 0x000002C6862F6F00>> start_wid=None stop_wid=None post_wid=None skip_call=None call_count=85 args=(b'Tester_08E44E',) kwds={}
2026-10-08 21:16:03,926 LT1-thread root DEBUG testcase.py               731   pre_run                   : 3) class=<class 'autopts.ptsprojects.testcase.TestFunc'>, func=<function gap_read_controller_info at 0x000002C684E6EB60> start_wid=None stop_wid=None post_wid=None skip_call=None call_count=85 args=() kwds={}
2026-10-08 21:16:03,926 LT1-thread root DEBUG testcase.py               731   pre_run                   : 4) class=<class 'autopts.ptsprojects.testcase.TestFunc'>, func=<function test_cases.<locals>.<lambda> at 0x000002C687D4D440> start_wid=None stop_wid=None post_wid=None skip_call=None call_count=85 args=() kwds={}
2026-10-08 21:16:03,926 LT1-thread root DEBUG testcase.py               731   pre_run                   : 5) class=<class 'autopts.ptsprojects.testcase.TestFunc'>, func=<function set_pts_addr at 0x000002C684E2DD00> start_wid=None stop_wid=None post_wid=None skip_call=None call_count=85 args=('00:1B:DC:08:E4:4E', 0) kwds={}
2026-10-08 21:16:03,926 LT1-thread root DEBUG testcase.py               731   pre_run                   : 6) class=<class 'autopts.ptsprojects.testcase.TestFunc'>, func=<function core_reg_svc_avrcp at 0x000002C684E2FB00> start_wid=None stop_wid=None post_wid=None skip_call=None call_count=85 args=() kwds={}
2026-10-08 21:16:03,926 LT1-thread root DEBUG testcase.py               731   pre_run                   : 7) class=<class 'autopts.ptsprojects.testcase.TestFunc'>, func=<bound method Stack.avrcp_init of <autopts.ptsprojects.stack.stack.Stack object at 0x000002C6862F6F00>> start_wid=None stop_wid=None post_wid=None skip_call=None call_count=85 args=() kwds={}
2026-10-08 21:16:03,926 LT1-thread root DEBUG testcase.py               731   pre_run                   : 8) class=<class 'autopts.ptsprojects.testcase.TestFuncCleanUp'>, func=<bound method ZTestCase._test_case_cleanup of <autopts.ptsprojects.zephyr.ztestcase.ZTestCase object at 0x000002C687D626C0>> start_wid=None stop_wid=None post_wid=None skip_call=None call_count=0 args=() kwds={}
2026-10-08 21:16:03,926 LT1-thread root DEBUG testcase.py               738   pre_run                   : pre_run, run pre test case script
2026-10-08 21:16:03,933 LT1-thread root DEBUG testcase.py               254   start                     : Starting test function: class=<class 'autopts.ptsprojects.testcase.TestFunc'>, func=<bound method ZTestCase._test_case_start of <autopts.ptsprojects.zephyr.ztestcase.ZTestCase object at 0x000002C687D626C0>> start_wid=None stop_wid=None post_wid=None skip_call=None call_count=1 args=() kwds={}
2026-10-08 21:16:03,933 LT1-thread root DEBUG testcase.py               266   start                     : Test function parameters: args=(), kwds={}
2026-10-08 21:16:03,933 LT1-thread root DEBUG iutctl.py                 172   start                     : <class 'autopts.ptsprojects.zephyr.iutctl.create_zephyr_ctl_class.<locals>.ZephyrCtl'>.start
2026-10-08 21:16:03,933 LT1-thread root DEBUG iutctl.py                 325   flush_serial              : <class 'autopts.ptsprojects.zephyr.iutctl.create_zephyr_ctl_class.<locals>.ZephyrCtl'>.flush_serial
2026-10-08 21:16:05,119 LT1-thread root DEBUG iutctl.py                 249   _start_tty_mode           : Starting socat process: socat.exe -x -v tcp:10.17.12.9:62705,retry=100,interval=1 /dev/ttyS2,raw,b115200,
2026-10-08 21:16:05,127 LT1-thread root DEBUG iutctl_common.py          402   accept                    : 
2026-10-08 21:16:06,032 BTPWorkerThread-5574 (_rx_task) root DEBUG iutctl_common.py          299   _rx_task                  : BTPWorkerThread-5574 (_rx_task) started
2026-10-08 21:16:06,032 LT1-thread root DEBUG iutctl.py                 395   wait_iut_ready_event      : IUT ready event received OK
2026-10-08 21:16:06,033 LT1-thread root DEBUG btp.py                    51    read_supp_svcs            : 
2026-10-08 21:16:06,033 LT1-thread root DEBUG iutctl_common.py          161   send                      : 0 2 255 ''
2026-10-08 21:16:06,033 LT1-thread root DEBUG iutctl_common.py          166   send                      : sending frame '0002ff0000'
2026-10-08 21:16:06,033 LT1-thread root DEBUG iutctl_common.py          339   read                      : 
2026-10-08 21:16:06,050 BTPWorkerThread-5574 (_rx_task) root DEBUG iutctl_common.py          123   read                      : Read 5 bytes
2026-10-08 21:16:06,061 BTPWorkerThread-5574 (_rx_task) root DEBUG iutctl_common.py          131   read                      : Received: hdr: Header(svc_id=0x00, op=0x02, ctrl_index=0xff, data_len=0x06) bytearray(b'\x00\x02\xff\x06\x00')
2026-10-08 21:16:06,066 BTPWorkerThread-5574 (_rx_task) root DEBUG iutctl_common.py          139   read                      : Read 6 bytes data
2026-10-08 21:16:06,071 BTPWorkerThread-5574 (_rx_task) root DEBUG iutctl_common.py          154   read                      : Received data: {'0f 00 00 a0 ff 03'}, bytearray(b'\x0f\x00\x00\xa0\xff\x03')
2026-10-08 21:16:06,077 LT1-thread root DEBUG btp.py                    62    read_supp_svcs            : received Header(svc_id=0, op=2, ctrl_index=255, data_len=6) (b'\x0f\x00\x00\xa0\xff\x03',)
2026-10-08 21:16:06,077 LT1-thread root DEBUG testcase.py               254   start                     : Starting test function: class=<class 'autopts.ptsprojects.testcase.TestFunc'>, func=<function core_reg_svc_gap at 0x000002C684E2E160> start_wid=None stop_wid=None post_wid=None skip_call=None call_count=86 args=() kwds={}
2026-10-08 21:16:06,077 LT1-thread root DEBUG testcase.py               266   start                     : Test function parameters: args=(), kwds={}
2026-10-08 21:16:06,077 LT1-thread root DEBUG btp.py                    117   core_reg_svc_univ         : core_reg_svc_univ: gap_reg (GAP)
2026-10-08 21:16:06,077 LT1-thread root DEBUG iutctl_common.py          161   send                      : 0 3 255 '1'
2026-10-08 21:16:06,077 LT1-thread root DEBUG iutctl_common.py          166   send                      : sending frame '0003ff010001'
2026-10-08 21:16:06,077 LT1-thread root DEBUG btp.py                    654   core_reg_svc_rsp_succ     : 
2026-10-08 21:16:06,078 LT1-thread root DEBUG iutctl_common.py          339   read                      : 
2026-10-08 21:16:10,185 BTPWorkerThread-5574 (_rx_task) root DEBUG iutctl_common.py          123   read                      : Read 5 bytes
2026-10-08 21:16:10,185 BTPWorkerThread-5574 (_rx_task) root DEBUG iutctl_common.py          131   read                      : Received: hdr: Header(svc_id=0x00, op=0x03, ctrl_index=0xff, data_len=0x00) bytearray(b'\x00\x03\xff\x00\x00')
2026-10-08 21:16:10,190 BTPWorkerThread-5574 (_rx_task) root DEBUG iutctl_common.py          154   read                      : Received data: {''}, bytearray(b'')
2026-10-08 21:16:10,200 LT1-thread root DEBUG btp.py                    665   core_reg_svc_rsp_succ     : received Header(svc_id=0, op=3, ctrl_index=255, data_len=0) (b'',)
2026-10-08 21:16:10,200 LT1-thread root DEBUG btp.py                    666   core_reg_svc_rsp_succ     : expected ((0, 3, 255, 0), (b'',))
2026-10-08 21:16:10,200 LT1-thread root DEBUG btp.py                    671   core_reg_svc_rsp_succ     : response is valid
2026-10-08 21:16:10,200 LT1-thread root DEBUG btp.py                    674   core_reg_svc_rsp_succ     : Reading supported commands for service: GAP
2026-10-08 21:16:10,200 LT1-thread root DEBUG iutctl_common.py          161   send                      : 1 1 255 ''
2026-10-08 21:16:10,200 LT1-thread root DEBUG iutctl_common.py          166   send                      : sending frame '0101ff0000'
2026-10-08 21:16:10,200 LT1-thread root DEBUG iutctl_common.py          339   read                      : 
2026-10-08 21:16:10,235 BTPWorkerThread-5574 (_rx_task) root DEBUG iutctl_common.py          123   read                      : Read 5 bytes
2026-10-08 21:16:10,240 BTPWorkerThread-5574 (_rx_task) root DEBUG iutctl_common.py          131   read                      : Received: hdr: Header(svc_id=0x01, op=0x01, ctrl_index=0xff, data_len=0x07) bytearray(b'\x01\x01\xff\x07\x00')
2026-10-08 21:16:10,240 BTPWorkerThread-5574 (_rx_task) root DEBUG iutctl_common.py          139   read                      : Read 7 bytes data
2026-10-08 21:16:10,240 BTPWorkerThread-5574 (_rx_task) root DEBUG iutctl_common.py          154   read                      : Received data: {'6e ff 7f 1f fe ff 2e'}, bytearray(b'n\xff\x7f\x1f\xfe\xff.')
2026-10-08 21:16:10,240 LT1-thread root DEBUG testcase.py               254   start                     : Starting test function: class=<class 'autopts.ptsprojects.testcase.TestFunc'>, func=<bound method Stack.gap_init of <autopts.ptsprojects.stack.stack.Stack object at 0x000002C6862F6F00>> start_wid=None stop_wid=None post_wid=None skip_call=None call_count=86 args=(b'Tester_08E44E',) kwds={}
2026-10-08 21:16:10,240 LT1-thread root DEBUG testcase.py               266   start                     : Test function parameters: args=(b'Tester_08E44E',), kwds={}
2026-10-08 21:16:10,241 LT1-thread root DEBUG testcase.py               254   start                     : Starting test function: class=<class 'autopts.ptsprojects.testcase.TestFunc'>, func=<function gap_read_controller_info at 0x000002C684E6EB60> start_wid=None stop_wid=None post_wid=None skip_call=None call_count=86 args=() kwds={}
2026-10-08 21:16:10,241 LT1-thread root DEBUG testcase.py               266   start                     : Test function parameters: args=(), kwds={}
2026-10-08 21:16:10,241 LT1-thread root DEBUG gap.py                    1163  gap_read_controller_info  : 
2026-10-08 21:16:10,241 LT1-thread root DEBUG iutctl_common.py          161   send                      : 1 3 0 ''
2026-10-08 21:16:10,241 LT1-thread root DEBUG iutctl_common.py          166   send                      : sending frame '0103000000'
2026-10-08 21:16:10,241 LT1-thread root DEBUG iutctl_common.py          339   read                      : 
2026-10-08 21:16:10,290 BTPWorkerThread-5574 (_rx_task) root DEBUG iutctl_common.py          123   read                      : Read 5 bytes
2026-10-08 21:16:10,295 BTPWorkerThread-5574 (_rx_task) root DEBUG iutctl_common.py          131   read                      : Received: hdr: Header(svc_id=0x01, op=0x03, ctrl_index=0x00, data_len=0x115) bytearray(b'\x01\x03\x00\x15\x01')
2026-10-08 21:16:10,301 BTPWorkerThread-5574 (_rx_task) root DEBUG iutctl_common.py          139   read                      : Read 240 bytes data
2026-10-08 21:16:10,312 BTPWorkerThread-5574 (_rx_task) root DEBUG iutctl_common.py          139   read                      : Read 37 bytes data
2026-10-08 21:16:10,317 BTPWorkerThread-5574 (_rx_task) root DEBUG iutctl_common.py          154   read                      : Received data: {'19 78 ee 69 17 d0 d3 06 02 00 13 02 00 00 00 00 00 62 74 70 5f 74 65 73 74 65 72 00 00 00 00 00 00 00 00 00 00 00 00 00 00 00 00 00 00 00 00 00 00 00 00 00 00 00 00 00 00 00 00 00 00 00 00 00 00 00 00 00 00 00 00 00 00 00 00 00 00 00 00 00 00 00 00 00 00 00 00 00 00 00 00 00 00 00 00 00 00 00 00 00 00 00 00 00 00 00 00 00 00 00 00 00 00 00 00 00 00 00 00 00 00 00 00 00 00 00 00 00 00 00 00 00 00 00 00 00 00 00 00 00 00 00 00 00 00 00 00 00 00 00 00 00 00 00 00 00 00 00 00 00 00 00 00 00 00 00 00 00 00 00 00 00 00 00 00 00 00 00 00 00 00 00 00 00 00 00 00 00 00 00 00 00 00 00 00 00 00 00 00 00 00 00 00 00 00 00 00 00 00 00 00 00 00 00 00 00 00 00 00 00 00 00 00 00 00 00 00 00 00 00 00 00 00 00 00 00 00 00 00 00 00 00 00 00 00 00 00 00 00 00 00 00 00 00 00 00 00 00 00 00 00 00 00 00 00 00 00 00 00 00 00 00 00 00 00 00 00'}, bytearray(b'\x19x\xeei\x17\xd0\xd3\x06\x02\x00\x13\x02\x00\x00\x00\x00\x00btp_tester\x00\x00\x00\x00\x00\x00\x00\x00\x00\x00\x00\x00\x00\x00\x00\x00\x00\x00\x00\x00\x00\x00\x00\x00\x00\x00\x00\x00\x00\x00\x00\x00\x00\x00\x00\x00\x00\x00\x00\x00\x00\x00\x00\x00\x00\x00\x00\x00\x00\x00\x00\x00\x00\x00\x00\x00\x00\x00\x00\x00\x00\x00\x00\x00\x00\x00\x00\x00\x00\x00\x00\x00\x00\x00\x00\x00\x00\x00\x00\x00\x00\x00\x00\x00\x00\x00\x00\x00\x00\x00\x00\x00\x00\x00\x00\x00\x00\x00\x00\x00\x00\x00\x00\x00\x00\x00\x00\x00\x00\x00\x00\x00\x00\x00\x00\x00\x00\x00\x00\x00\x00\x00\x00\x00\x00\x00\x00\x00\x00\x00\x00\x00\x00\x00\x00\x00\x00\x00\x00\x00\x00\x00\x00\x00\x00\x00\x00\x00\x00\x00\x00\x00\x00\x00\x00\x00\x00\x00\x00\x00\x00\x00\x00\x00\x00\x00\x00\x00\x00\x00\x00\x00\x00\x00\x00\x00\x00\x00\x00\x00\x00\x00\x00\x00\x00\x00\x00\x00\x00\x00\x00\x00\x00\x00\x00\x00\x00\x00\x00\x00\x00\x00\x00\x00\x00\x00\x00\x00\x00\x00\x00\x00\x00\x00\x00\x00\x00\x00\x00\x00\x00\x00\x00\x00\x00\x00\x00\x00\x00\x00\x00\x00\x00\x00\x00\x00\x00\x00\x00\x00\x00\x00\x00\x00\x00\x00\x00\x00\x00\x00')
2026-10-08 21:16:10,329 LT1-thread root DEBUG gap.py                    1170  gap_read_controller_info  : received Header(svc_id=1, op=3, ctrl_index=0, data_len=277) (b'\x19x\xeei\x17\xd0\xd3\x06\x02\x00\x13\x02\x00\x00\x00\x00\x00btp_tester\x00\x00\x00\x00\x00\x00\x00\x00\x00\x00\x00\x00\x00\x00\x00\x00\x00\x00\x00\x00\x00\x00\x00\x00\x00\x00\x00\x00\x00\x00\x00\x00\x00\x00\x00\x00\x00\x00\x00\x00\x00\x00\x00\x00\x00\x00\x00\x00\x00\x00\x00\x00\x00\x00\x00\x00\x00\x00\x00\x00\x00\x00\x00\x00\x00\x00\x00\x00\x00\x00\x00\x00\x00\x00\x00\x00\x00\x00\x00\x00\x00\x00\x00\x00\x00\x00\x00\x00\x00\x00\x00\x00\x00\x00\x00\x00\x00\x00\x00\x00\x00\x00\x00\x00\x00\x00\x00\x00\x00\x00\x00\x00\x00\x00\x00\x00\x00\x00\x00\x00\x00\x00\x00\x00\x00\x00\x00\x00\x00\x00\x00\x00\x00\x00\x00\x00\x00\x00\x00\x00\x00\x00\x00\x00\x00\x00\x00\x00\x00\x00\x00\x00\x00\x00\x00\x00\x00\x00\x00\x00\x00\x00\x00\x00\x00\x00\x00\x00\x00\x00\x00\x00\x00\x00\x00\x00\x00\x00\x00\x00\x00\x00\x00\x00\x00\x00\x00\x00\x00\x00\x00\x00\x00\x00\x00\x00\x00\x00\x00\x00\x00\x00\x00\x00\x00\x00\x00\x00\x00\x00\x00\x00\x00\x00\x00\x00\x00\x00\x00\x00\x00\x00\x00\x00\x00\x00\x00\x00\x00\x00\x00\x00\x00\x00\x00\x00\x00\x00\x00\x00\x00\x00\x00\x00\x00\x00\x00\x00\x00\x00',)
2026-10-08 21:16:10,329 LT1-thread root DEBUG gap.py                    1191  gap_read_controller_info  : IUT address 'd01769ee7819' 'public'
2026-10-08 21:16:10,329 LT1-thread root DEBUG gap.py                    596   __gap_current_settings_update : 531
2026-10-08 21:16:10,329 LT1-thread root DEBUG testcase.py               254   start                     : Starting test function: class=<class 'autopts.ptsprojects.testcase.TestFunc'>, func=<function test_cases.<locals>.<lambda> at 0x000002C687D4D440> start_wid=None stop_wid=None post_wid=None skip_call=None call_count=86 args=() kwds={}
2026-10-08 21:16:10,329 LT1-thread root DEBUG testcase.py               266   start                     : Test function parameters: args=(), kwds={}
2026-10-08 21:16:10,333 LT1-thread root DEBUG testcase.py               254   start                     : Starting test function: class=<class 'autopts.ptsprojects.testcase.TestFunc'>, func=<function set_pts_addr at 0x000002C684E2DD00> start_wid=None stop_wid=None post_wid=None skip_call=None call_count=86 args=('00:1B:DC:08:E4:4E', 0) kwds={}
2026-10-08 21:16:10,333 LT1-thread root DEBUG testcase.py               266   start                     : Test function parameters: args=('00:1B:DC:08:E4:4E', 0), kwds={}
2026-10-08 21:16:10,334 LT1-thread root DEBUG testcase.py               254   start                     : Starting test function: class=<class 'autopts.ptsprojects.testcase.TestFunc'>, func=<function core_reg_svc_avrcp at 0x000002C684E2FB00> start_wid=None stop_wid=None post_wid=None skip_call=None call_count=86 args=() kwds={}
2026-10-08 21:16:10,334 LT1-thread root DEBUG testcase.py               266   start                     : Test function parameters: args=(), kwds={}
2026-10-08 21:16:10,334 LT1-thread root DEBUG btp.py                    117   core_reg_svc_univ         : core_reg_svc_univ: avrcp_reg (AVRCP)
2026-10-08 21:16:10,334 LT1-thread root DEBUG iutctl_common.py          161   send                      : 0 3 255 '37'
2026-10-08 21:16:10,334 LT1-thread root DEBUG iutctl_common.py          166   send                      : sending frame '0003ff010025'
2026-10-08 21:16:10,334 LT1-thread root DEBUG btp.py                    654   core_reg_svc_rsp_succ     : 
2026-10-08 21:16:10,334 LT1-thread root DEBUG iutctl_common.py          339   read                      : 
2026-10-08 21:16:10,378 BTPWorkerThread-5574 (_rx_task) root DEBUG iutctl_common.py          123   read                      : Read 5 bytes
2026-10-08 21:16:10,378 BTPWorkerThread-5574 (_rx_task) root DEBUG iutctl_common.py          131   read                      : Received: hdr: Header(svc_id=0x00, op=0x03, ctrl_index=0xff, data_len=0x00) bytearray(b'\x00\x03\xff\x00\x00')
2026-10-08 21:16:10,378 BTPWorkerThread-5574 (_rx_task) root DEBUG iutctl_common.py          154   read                      : Received data: {''}, bytearray(b'')
2026-10-08 21:16:10,378 LT1-thread root DEBUG btp.py                    665   core_reg_svc_rsp_succ     : received Header(svc_id=0, op=3, ctrl_index=255, data_len=0) (b'',)
2026-10-08 21:16:10,379 LT1-thread root DEBUG btp.py                    666   core_reg_svc_rsp_succ     : expected ((0, 3, 255, 0), (b'',))
2026-10-08 21:16:10,379 LT1-thread root DEBUG btp.py                    671   core_reg_svc_rsp_succ     : response is valid
2026-10-08 21:16:10,379 LT1-thread root DEBUG btp.py                    674   core_reg_svc_rsp_succ     : Reading supported commands for service: AVRCP
2026-10-08 21:16:10,379 LT1-thread root DEBUG iutctl_common.py          161   send                      : 37 1 255 ''
2026-10-08 21:16:10,379 LT1-thread root DEBUG iutctl_common.py          166   send                      : sending frame '2501ff0000'
2026-10-08 21:16:10,379 LT1-thread root DEBUG iutctl_common.py          339   read                      : 
2026-10-08 21:16:10,432 BTPWorkerThread-5574 (_rx_task) root DEBUG iutctl_common.py          123   read                      : Read 5 bytes
2026-10-08 21:16:10,442 BTPWorkerThread-5574 (_rx_task) root DEBUG iutctl_common.py          131   read                      : Received: hdr: Header(svc_id=0x25, op=0x01, ctrl_index=0xff, data_len=0x05) bytearray(b'%\x01\xff\x05\x00')
2026-10-08 21:16:10,454 BTPWorkerThread-5574 (_rx_task) root DEBUG iutctl_common.py          139   read                      : Read 5 bytes data
2026-10-08 21:16:10,459 BTPWorkerThread-5574 (_rx_task) root DEBUG iutctl_common.py          154   read                      : Received data: {'fe ff ff ff 1f'}, bytearray(b'\xfe\xff\xff\xff\x1f')
2026-10-08 21:16:10,465 LT1-thread root DEBUG testcase.py               254   start                     : Starting test function: class=<class 'autopts.ptsprojects.testcase.TestFunc'>, func=<bound method Stack.avrcp_init of <autopts.ptsprojects.stack.stack.Stack object at 0x000002C6862F6F00>> start_wid=None stop_wid=None post_wid=None skip_call=None call_count=86 args=() kwds={}
2026-10-08 21:16:10,465 LT1-thread root DEBUG testcase.py               266   start                     : Test function parameters: args=(), kwds={}
2026-10-08 21:16:10,467 LT1-thread root DEBUG client.py                 276   get_result                : ClientCallback.get_result run_test_case
2026-10-08 21:16:12,268 LT1-callback ClientCallback.on_implicit_send INFO client.py                 223   on_implicit_send          : 
    ********************
    BEGIN OnImplicitSend:
    project_name: AVRCP
    wid: 84
    test_case_name: AVRCP/CT/PTT/BV-04-C
    description: Action: Place the IUT in connectable mode.

Description : PTS requires that the IUT be in connectable mode.The PTS will attempt to establish an ACL connection.
    style: MMI_Style_Ok_Cancel1 0x11041
2026-10-08 21:16:12,268 LT1-callback ClientCallback.on_implicit_send INFO client.py                 236   on_implicit_send          : Calling test cases on_implicit_send
2026-10-08 21:16:12,268 LT1-callback ClientCallback.on_implicit_send INFO client.py                 249   on_implicit_send          : 
    on_implicit_send returned response: WAIT
    END OnImplicitSend
    ********************
2026-10-08 21:16:12,468 LT1-thread root DEBUG testcase.py               679   run_wid                   : AVRCP AVRCP/CT/PTT/BV-04-C on_implicit_send
2026-10-08 21:16:12,468 LT1-thread root DEBUG avrcp_wid.py              25    avrcp_wid_hdl             : avrcp_wid_hdl, 84, Action: Place the IUT in connectable mode.

Description : PTS requires that the IUT be in connectable mode.The PTS will attempt to establish an ACL connection., AVRCP/CT/PTT/BV-04-C
2026-10-08 21:16:12,468 LT1-thread root DEBUG gap.py                    984   gap_set_connectable       : 
2026-10-08 21:16:12,468 LT1-thread root DEBUG gap.py                    1035  gap_set_general_discoverable : 
2026-10-08 21:16:12,468 LT1-thread root DEBUG iutctl_common.py          161   send                      : 1 8 0 '1'
2026-10-08 21:16:12,468 LT1-thread root DEBUG iutctl_common.py          166   send                      : sending frame '010800010001'
2026-10-08 21:16:12,469 LT1-thread root DEBUG gap.py                    1229  gap_command_rsp_succ      : 
2026-10-08 21:16:12,469 LT1-thread root DEBUG iutctl_common.py          339   read                      : 
2026-10-08 21:16:12,526 BTPWorkerThread-5574 (_rx_task) root DEBUG iutctl_common.py          123   read                      : Read 5 bytes
2026-10-08 21:16:12,537 BTPWorkerThread-5574 (_rx_task) root DEBUG iutctl_common.py          131   read                      : Received: hdr: Header(svc_id=0x01, op=0x08, ctrl_index=0x00, data_len=0x04) bytearray(b'\x01\x08\x00\x04\x00')
2026-10-08 21:16:12,543 BTPWorkerThread-5574 (_rx_task) root DEBUG iutctl_common.py          139   read                      : Read 4 bytes data
2026-10-08 21:16:12,554 BTPWorkerThread-5574 (_rx_task) root DEBUG iutctl_common.py          154   read                      : Received data: {'1b 02 00 00'}, bytearray(b'\x1b\x02\x00\x00')
2026-10-08 21:16:12,565 LT1-thread root DEBUG gap.py                    1234  gap_command_rsp_succ      : received Header(svc_id=1, op=8, ctrl_index=0, data_len=4) (b'\x1b\x02\x00\x00',)
2026-10-08 21:16:12,565 LT1-thread root DEBUG gap.py                    596   __gap_current_settings_update : (b'\x1b\x02\x00\x00',)
2026-10-08 21:16:12,565 LT1-thread root DEBUG gap.py                    650   gap_start_advertising     : {9: b'Tester_08E44E'} None
2026-10-08 21:16:12,565 LT1-thread root DEBUG iutctl_common.py          161   send                      : 1 10 0 "bytearray(b'\\x0f\\x00\\t\\rTester_08E44E\\xff\\xff\\xff\\xff\\x00')"
2026-10-08 21:16:12,565 LT1-thread root DEBUG iutctl_common.py          166   send                      : sending frame '010a0016000f00090d5465737465725f303845343445ffffffff00'
2026-10-08 21:16:12,566 LT1-thread root DEBUG gap.py                    1229  gap_command_rsp_succ      : 
2026-10-08 21:16:12,566 LT1-thread root DEBUG iutctl_common.py          339   read                      : 
2026-10-08 21:16:12,608 BTPWorkerThread-5574 (_rx_task) root DEBUG iutctl_common.py          123   read                      : Read 5 bytes
2026-10-08 21:16:12,619 BTPWorkerThread-5574 (_rx_task) root DEBUG iutctl_common.py          131   read                      : Received: hdr: Header(svc_id=0x01, op=0x0a, ctrl_index=0x00, data_len=0x04) bytearray(b'\x01\n\x00\x04\x00')
2026-10-08 21:16:12,624 BTPWorkerThread-5574 (_rx_task) root DEBUG iutctl_common.py          139   read                      : Read 4 bytes data
2026-10-08 21:16:12,630 BTPWorkerThread-5574 (_rx_task) root DEBUG iutctl_common.py          154   read                      : Received data: {'1b 06 00 00'}, bytearray(b'\x1b\x06\x00\x00')
2026-10-08 21:16:12,635 LT1-thread root DEBUG gap.py                    1234  gap_command_rsp_succ      : received Header(svc_id=1, op=10, ctrl_index=0, data_len=4) (b'\x1b\x06\x00\x00',)
2026-10-08 21:16:12,635 LT1-thread root DEBUG gap.py                    596   __gap_current_settings_update : (b'\x1b\x06\x00\x00',)
2026-10-08 21:16:12,635 LT1-thread root DEBUG testcase.py               722   run_wid                   : Sending response 'OK' to wid 84 test case AVRCP/CT/PTT/BV-04-C
2026-10-08 21:16:12,637 LT1-thread root DEBUG client.py                 276   get_result                : ClientCallback.get_result run_test_case
2026-10-08 21:16:17,756 BTPWorkerThread-5574 (_rx_task) root DEBUG iutctl_common.py          123   read                      : Read 5 bytes
2026-10-08 21:16:17,756 BTPWorkerThread-5574 (_rx_task) root DEBUG iutctl_common.py          131   read                      : Received: hdr: Header(svc_id=0x01, op=0x82, ctrl_index=0x00, data_len=0x0d) bytearray(b'\x01\x82\x00\r\x00')
2026-10-08 21:16:17,756 BTPWorkerThread-5574 (_rx_task) root DEBUG iutctl_common.py          139   read                      : Read 13 bytes data
2026-10-08 21:16:17,756 BTPWorkerThread-5574 (_rx_task) root DEBUG iutctl_common.py          154   read                      : Received data: {'e0 4e e4 08 dc 1b 00 00 00 00 00 00 00'}, bytearray(b'\xe0N\xe4\x08\xdc\x1b\x00\x00\x00\x00\x00\x00\x00')
2026-10-08 21:16:17,757 BTPWorkerThread-5574 (_rx_task) root DEBUG btp.py                    736   event_handler             : Header(svc_id=1, op=130, ctrl_index=0, data_len=13) (b'\xe0N\xe4\x08\xdc\x1b\x00\x00\x00\x00\x00\x00\x00',)
2026-10-08 21:16:17,757 BTPWorkerThread-5574 (_rx_task) root DEBUG gap.py                    215   gap_connected_ev_         : b'\xe0N\xe4\x08\xdc\x1b\x00\x00\x00\x00\x00\x00\x00'
2026-10-08 21:16:17,757 BTPWorkerThread-5574 (_rx_task) root DEBUG iutctl_common.py          123   read                      : Read 5 bytes
2026-10-08 21:16:17,757 BTPWorkerThread-5574 (_rx_task) root DEBUG iutctl_common.py          131   read                      : Received: hdr: Header(svc_id=0x01, op=0x80, ctrl_index=0x00, data_len=0x04) bytearray(b'\x01\x80\x00\x04\x00')
2026-10-08 21:16:17,757 BTPWorkerThread-5574 (_rx_task) root DEBUG iutctl_common.py          139   read                      : Read 4 bytes data
2026-10-08 21:16:17,757 BTPWorkerThread-5574 (_rx_task) root DEBUG iutctl_common.py          154   read                      : Received data: {'1b 02 00 00'}, bytearray(b'\x1b\x02\x00\x00')
2026-10-08 21:16:17,757 BTPWorkerThread-5574 (_rx_task) root DEBUG btp.py                    736   event_handler             : Header(svc_id=1, op=128, ctrl_index=0, data_len=4) (b'\x1b\x02\x00\x00',)
2026-10-08 21:16:17,757 BTPWorkerThread-5574 (_rx_task) root DEBUG gap.py                    183   gap_new_settings_ev_      : b'\x1b\x02\x00\x00'
2026-10-08 21:16:17,757 BTPWorkerThread-5574 (_rx_task) root DEBUG gap.py                    596   __gap_current_settings_update : 539
2026-10-08 21:16:17,903 LT1-callback ClientCallback.on_implicit_send INFO client.py                 223   on_implicit_send          : 
    ********************
    BEGIN OnImplicitSend:
    project_name: AVRCP
    wid: 2002
    test_case_name: AVRCP/CT/PTT/BV-04-C
    description: Please wait while PTS creates an AVCTP control channel connection.

Action: Make sure the IUT is in a connectable state.
    style: MMI_Style_Ok_Cancel2 0x11141
2026-10-08 21:16:17,903 LT1-callback ClientCallback.on_implicit_send INFO client.py                 236   on_implicit_send          : Calling test cases on_implicit_send
2026-10-08 21:16:17,903 LT1-callback ClientCallback.on_implicit_send INFO client.py                 249   on_implicit_send          : 
    on_implicit_send returned response: WAIT
    END OnImplicitSend
    ********************
2026-10-08 21:16:18,641 LT1-thread root DEBUG testcase.py               679   run_wid                   : AVRCP AVRCP/CT/PTT/BV-04-C on_implicit_send
2026-10-08 21:16:18,641 LT1-thread root DEBUG avrcp_wid.py              25    avrcp_wid_hdl             : avrcp_wid_hdl, 2002, Please wait while PTS creates an AVCTP control channel connection.

Action: Make sure the IUT is in a connectable state., AVRCP/CT/PTT/BV-04-C
2026-10-08 21:16:19,445 BTPWorkerThread-5574 (_rx_task) root DEBUG iutctl_common.py          123   read                      : Read 5 bytes
2026-10-08 21:16:19,445 BTPWorkerThread-5574 (_rx_task) root DEBUG iutctl_common.py          131   read                      : Received: hdr: Header(svc_id=0x01, op=0x91, ctrl_index=0x00, data_len=0x09) bytearray(b'\x01\x91\x00\t\x00')
2026-10-08 21:16:19,445 BTPWorkerThread-5574 (_rx_task) root DEBUG iutctl_common.py          139   read                      : Read 9 bytes data
2026-10-08 21:16:19,445 BTPWorkerThread-5574 (_rx_task) root DEBUG iutctl_common.py          154   read                      : Received data: {'e0 4e e4 08 dc 1b 00 01 10'}, bytearray(b'\xe0N\xe4\x08\xdc\x1b\x00\x01\x10')
2026-10-08 21:16:19,445 BTPWorkerThread-5574 (_rx_task) root DEBUG btp.py                    736   event_handler             : Header(svc_id=1, op=145, ctrl_index=0, data_len=9) (b'\xe0N\xe4\x08\xdc\x1b\x00\x01\x10',)
2026-10-08 21:16:19,445 BTPWorkerThread-5574 (_rx_task) root DEBUG gap.py                    494   gap_encryption_change_ev_ : 
2026-10-08 21:16:19,445 BTPWorkerThread-5574 (_rx_task) root DEBUG gap.py                    496   gap_encryption_change_ev_ : enc change received b'\xe0N\xe4\x08\xdc\x1b\x00\x01\x10'
2026-10-08 21:16:19,445 BTPWorkerThread-5574 (_rx_task) root DEBUG gap.py                    505   gap_encryption_change_ev_ : received (224, '001bdc08e44e', 1, 16)
2026-10-08 21:16:19,445 BTPWorkerThread-5574 (_rx_task) root DEBUG iutctl_common.py          123   read                      : Read 5 bytes
2026-10-08 21:16:19,446 BTPWorkerThread-5574 (_rx_task) root DEBUG iutctl_common.py          131   read                      : Received: hdr: Header(svc_id=0x01, op=0x89, ctrl_index=0x00, data_len=0x08) bytearray(b'\x01\x89\x00\x08\x00')
2026-10-08 21:16:19,446 BTPWorkerThread-5574 (_rx_task) root DEBUG iutctl_common.py          139   read                      : Read 8 bytes data
2026-10-08 21:16:19,446 BTPWorkerThread-5574 (_rx_task) root DEBUG iutctl_common.py          154   read                      : Received data: {'e0 4e e4 08 dc 1b 00 02'}, bytearray(b'\xe0N\xe4\x08\xdc\x1b\x00\x02')
2026-10-08 21:16:19,446 BTPWorkerThread-5574 (_rx_task) root DEBUG btp.py                    736   event_handler             : Header(svc_id=1, op=137, ctrl_index=0, data_len=8) (b'\xe0N\xe4\x08\xdc\x1b\x00\x02',)
2026-10-08 21:16:19,446 BTPWorkerThread-5574 (_rx_task) root DEBUG gap.py                    300   gap_sec_level_changed_ev_ : 
2026-10-08 21:16:19,446 BTPWorkerThread-5574 (_rx_task) root DEBUG gap.py                    302   gap_sec_level_changed_ev_ : received b'\xe0N\xe4\x08\xdc\x1b\x00\x02'
2026-10-08 21:16:19,446 BTPWorkerThread-5574 (_rx_task) root DEBUG gap.py                    313   gap_sec_level_changed_ev_ : received (224, '001bdc08e44e', 2)
2026-10-08 21:16:19,466 BTPWorkerThread-5574 (_rx_task) root DEBUG iutctl_common.py          123   read                      : Read 5 bytes
2026-10-08 21:16:19,466 BTPWorkerThread-5574 (_rx_task) root DEBUG iutctl_common.py          131   read                      : Received: hdr: Header(svc_id=0x25, op=0x80, ctrl_index=0x00, data_len=0x07) bytearray(b'%\x80\x00\x07\x00')
2026-10-08 21:16:19,466 BTPWorkerThread-5574 (_rx_task) root DEBUG iutctl_common.py          139   read                      : Read 7 bytes data
2026-10-08 21:16:19,467 BTPWorkerThread-5574 (_rx_task) root DEBUG iutctl_common.py          154   read                      : Received data: {'e0 4e e4 08 dc 1b 00'}, bytearray(b'\xe0N\xe4\x08\xdc\x1b\x00')
2026-10-08 21:16:19,467 BTPWorkerThread-5574 (_rx_task) root DEBUG btp.py                    736   event_handler             : Header(svc_id=37, op=128, ctrl_index=0, data_len=7) (b'\xe0N\xe4\x08\xdc\x1b\x00',)
2026-10-08 21:16:19,467 BTPWorkerThread-5574 (_rx_task) root DEBUG avrcp.py                  994   avrcp_ev_control_connected : avrcp_ev_control_connected b'\xe0N\xe4\x08\xdc\x1b\x00'
2026-10-08 21:16:19,467 BTPWorkerThread-5574 (_rx_task) root DEBUG iutctl_common.py          123   read                      : Read 5 bytes
2026-10-08 21:16:19,467 BTPWorkerThread-5574 (_rx_task) root DEBUG iutctl_common.py          131   read                      : Received: hdr: Header(svc_id=0x25, op=0x80, ctrl_index=0x00, data_len=0x07) bytearray(b'%\x80\x00\x07\x00')
2026-10-08 21:16:19,467 BTPWorkerThread-5574 (_rx_task) root DEBUG iutctl_common.py          139   read                      : Read 7 bytes data
2026-10-08 21:16:19,468 BTPWorkerThread-5574 (_rx_task) root DEBUG iutctl_common.py          154   read                      : Received data: {'e0 4e e4 08 dc 1b 00'}, bytearray(b'\xe0N\xe4\x08\xdc\x1b\x00')
2026-10-08 21:16:19,468 BTPWorkerThread-5574 (_rx_task) root DEBUG btp.py                    736   event_handler             : Header(svc_id=37, op=128, ctrl_index=0, data_len=7) (b'\xe0N\xe4\x08\xdc\x1b\x00',)
2026-10-08 21:16:19,468 BTPWorkerThread-5574 (_rx_task) root DEBUG avrcp.py                  994   avrcp_ev_control_connected : avrcp_ev_control_connected b'\xe0N\xe4\x08\xdc\x1b\x00'
2026-10-08 21:16:19,545 LT1-thread root DEBUG testcase.py               722   run_wid                   : Sending response 'OK' to wid 2002 test case AVRCP/CT/PTT/BV-04-C
2026-10-08 21:16:19,547 LT1-thread root DEBUG client.py                 276   get_result                : ClientCallback.get_result run_test_case
2026-10-08 21:16:19,549 LT1-callback ClientCallback.on_implicit_send INFO client.py                 223   on_implicit_send          : 
    ********************
    BEGIN OnImplicitSend:
    project_name: AVRCP
    wid: 800
    test_case_name: AVRCP/CT/PTT/BV-04-C
    description: Send a [SELECT] passthrough press and release to PTS.

Action: Press the corresponding button on the IUT.

Description: Verify that the Implementation Under Test (IUT) is capable of sending a passthrough press, followed by a passthrough release.
    style: MMI_Style_Ok_Cancel1 0x11041
2026-10-08 21:16:19,549 LT1-callback ClientCallback.on_implicit_send INFO client.py                 236   on_implicit_send          : Calling test cases on_implicit_send
2026-10-08 21:16:19,549 LT1-callback ClientCallback.on_implicit_send INFO client.py                 249   on_implicit_send          : 
    on_implicit_send returned response: WAIT
    END OnImplicitSend
    ********************
2026-10-08 21:16:20,548 LT1-thread root DEBUG testcase.py               679   run_wid                   : AVRCP AVRCP/CT/PTT/BV-04-C on_implicit_send
2026-10-08 21:16:20,548 LT1-thread root DEBUG avrcp_wid.py              25    avrcp_wid_hdl             : avrcp_wid_hdl, 800, Send a [SELECT] passthrough press and release to PTS.

Action: Press the corresponding button on the IUT.

Description: Verify that the Implementation Under Test (IUT) is capable of sending a passthrough press, followed by a passthrough release., AVRCP/CT/PTT/BV-04-C
2026-10-08 21:16:20,548 LT1-thread root DEBUG avrcp.py                  459   avrcp_pass_through        : avrcp_pass_through None 0 0 None
2026-10-08 21:16:20,548 LT1-thread root DEBUG iutctl_common.py          161   send                      : 37 8 0 "bytearray(b'\\xe0N\\xe4\\x08\\xdc\\x1b\\x00\\x00\\x00\\x00')"
2026-10-08 21:16:20,548 LT1-thread root DEBUG iutctl_common.py          166   send                      : sending frame '2508000a00e04ee408dc1b00000000'
2026-10-08 21:16:20,549 LT1-thread root DEBUG avrcp.py                  145   avrcp_command_rsp_succ    : avrcp_command_rsp_succ
2026-10-08 21:16:20,549 LT1-thread root DEBUG iutctl_common.py          339   read                      : 
2026-10-08 21:16:20,577 BTPWorkerThread-5574 (_rx_task) root DEBUG iutctl_common.py          123   read                      : Read 5 bytes
2026-10-08 21:16:20,577 BTPWorkerThread-5574 (_rx_task) root DEBUG iutctl_common.py          131   read                      : Received: hdr: Header(svc_id=0x25, op=0x08, ctrl_index=0x00, data_len=0x00) bytearray(b'%\x08\x00\x00\x00')
2026-10-08 21:16:20,582 BTPWorkerThread-5574 (_rx_task) root DEBUG iutctl_common.py          154   read                      : Received data: {''}, bytearray(b'')
2026-10-08 21:16:20,582 LT1-thread root DEBUG avrcp.py                  150   avrcp_command_rsp_succ    : received Header(svc_id=37, op=8, ctrl_index=0, data_len=0) (b'',)
2026-10-08 21:16:20,690 BTPWorkerThread-5574 (_rx_task) root DEBUG iutctl_common.py          123   read                      : Read 5 bytes
2026-10-08 21:16:20,690 BTPWorkerThread-5574 (_rx_task) root DEBUG iutctl_common.py          131   read                      : Received: hdr: Header(svc_id=0x25, op=0x86, ctrl_index=0x00, data_len=0x0a) bytearray(b'%\x86\x00\n\x00')
2026-10-08 21:16:20,690 BTPWorkerThread-5574 (_rx_task) root DEBUG iutctl_common.py          139   read                      : Read 10 bytes data
2026-10-08 21:16:20,691 BTPWorkerThread-5574 (_rx_task) root DEBUG iutctl_common.py          154   read                      : Received data: {'e0 4e e4 08 dc 1b 00 09 00 00'}, bytearray(b'\xe0N\xe4\x08\xdc\x1b\x00\t\x00\x00')
2026-10-08 21:16:20,691 BTPWorkerThread-5574 (_rx_task) root DEBUG btp.py                    736   event_handler             : Header(svc_id=37, op=134, ctrl_index=0, data_len=10) (b'\xe0N\xe4\x08\xdc\x1b\x00\t\x00\x00',)
2026-10-08 21:16:20,691 BTPWorkerThread-5574 (_rx_task) root DEBUG avrcp.py                  1033  avrcp_ev_pass_through_rsp : avrcp_ev_pass_through_rsp b'\xe0N\xe4\x08\xdc\x1b\x00\t\x00\x00'
2026-10-08 21:16:21,784 LT1-thread root DEBUG avrcp.py                  459   avrcp_pass_through        : avrcp_pass_through None 0 1 None
2026-10-08 21:16:21,784 LT1-thread root DEBUG iutctl_common.py          161   send                      : 37 8 0 "bytearray(b'\\xe0N\\xe4\\x08\\xdc\\x1b\\x00\\x00\\x01\\x00')"
2026-10-08 21:16:21,784 LT1-thread root DEBUG iutctl_common.py          166   send                      : sending frame '2508000a00e04ee408dc1b00000100'
2026-10-08 21:16:21,785 LT1-thread root DEBUG avrcp.py                  145   avrcp_command_rsp_succ    : avrcp_command_rsp_succ
2026-10-08 21:16:21,785 LT1-thread root DEBUG iutctl_common.py          339   read                      : 
2026-10-08 21:16:21,820 BTPWorkerThread-5574 (_rx_task) root DEBUG iutctl_common.py          123   read                      : Read 5 bytes
2026-10-08 21:16:21,820 BTPWorkerThread-5574 (_rx_task) root DEBUG iutctl_common.py          131   read                      : Received: hdr: Header(svc_id=0x25, op=0x08, ctrl_index=0x00, data_len=0x00) bytearray(b'%\x08\x00\x00\x00')
2026-10-08 21:16:21,831 BTPWorkerThread-5574 (_rx_task) root DEBUG iutctl_common.py          154   read                      : Received data: {''}, bytearray(b'')
2026-10-08 21:16:21,831 LT1-thread root DEBUG avrcp.py                  150   avrcp_command_rsp_succ    : received Header(svc_id=37, op=8, ctrl_index=0, data_len=0) (b'',)
2026-10-08 21:16:21,931 BTPWorkerThread-5574 (_rx_task) root DEBUG iutctl_common.py          123   read                      : Read 5 bytes
2026-10-08 21:16:21,931 BTPWorkerThread-5574 (_rx_task) root DEBUG iutctl_common.py          131   read                      : Received: hdr: Header(svc_id=0x25, op=0x86, ctrl_index=0x00, data_len=0x0a) bytearray(b'%\x86\x00\n\x00')
2026-10-08 21:16:21,931 BTPWorkerThread-5574 (_rx_task) root DEBUG iutctl_common.py          139   read                      : Read 3 bytes data
2026-10-08 21:16:21,941 BTPWorkerThread-5574 (_rx_task) root DEBUG iutctl_common.py          139   read                      : Read 7 bytes data
2026-10-08 21:16:21,942 BTPWorkerThread-5574 (_rx_task) root DEBUG iutctl_common.py          154   read                      : Received data: {'e0 4e e4 08 dc 1b 00 09 80 00'}, bytearray(b'\xe0N\xe4\x08\xdc\x1b\x00\t\x80\x00')
2026-10-08 21:16:21,942 BTPWorkerThread-5574 (_rx_task) root DEBUG btp.py                    736   event_handler             : Header(svc_id=37, op=134, ctrl_index=0, data_len=10) (b'\xe0N\xe4\x08\xdc\x1b\x00\t\x80\x00',)
2026-10-08 21:16:21,942 BTPWorkerThread-5574 (_rx_task) root DEBUG avrcp.py                  1033  avrcp_ev_pass_through_rsp : avrcp_ev_pass_through_rsp b'\xe0N\xe4\x08\xdc\x1b\x00\t\x80\x00'
2026-10-08 21:16:22,033 LT1-thread root DEBUG testcase.py               722   run_wid                   : Sending response 'OK' to wid 800 test case AVRCP/CT/PTT/BV-04-C
2026-10-08 21:16:22,035 LT1-thread root DEBUG client.py                 276   get_result                : ClientCallback.get_result run_test_case
2026-10-08 21:16:22,037 LT1-callback ClientCallback.on_implicit_send INFO client.py                 223   on_implicit_send          : 
    ********************
    BEGIN OnImplicitSend:
    project_name: AVRCP
    wid: 801
    test_case_name: AVRCP/CT/PTT/BV-04-C
    description: Send a [UP] passthrough press and release to PTS.

Action: Press the corresponding button on the IUT.

Description: Verify that the Implementation Under Test (IUT) is capable of sending a passthrough press, followed by a passthrough release.
    style: MMI_Style_Ok_Cancel1 0x11041
2026-10-08 21:16:22,037 LT1-callback ClientCallback.on_implicit_send INFO client.py                 236   on_implicit_send          : Calling test cases on_implicit_send
2026-10-08 21:16:22,037 LT1-callback ClientCallback.on_implicit_send INFO client.py                 249   on_implicit_send          : 
    on_implicit_send returned response: WAIT
    END OnImplicitSend
    ********************
2026-10-08 21:16:23,036 LT1-thread root DEBUG testcase.py               679   run_wid                   : AVRCP AVRCP/CT/PTT/BV-04-C on_implicit_send
2026-10-08 21:16:23,036 LT1-thread root DEBUG avrcp_wid.py              25    avrcp_wid_hdl             : avrcp_wid_hdl, 801, Send a [UP] passthrough press and release to PTS.

Action: Press the corresponding button on the IUT.

Description: Verify that the Implementation Under Test (IUT) is capable of sending a passthrough press, followed by a passthrough release., AVRCP/CT/PTT/BV-04-C
2026-10-08 21:16:23,036 LT1-thread root DEBUG avrcp.py                  459   avrcp_pass_through        : avrcp_pass_through None 1 0 None
2026-10-08 21:16:23,036 LT1-thread root DEBUG iutctl_common.py          161   send                      : 37 8 0 "bytearray(b'\\xe0N\\xe4\\x08\\xdc\\x1b\\x00\\x01\\x00\\x00')"
2026-10-08 21:16:23,036 LT1-thread root DEBUG iutctl_common.py          166   send                      : sending frame '2508000a00e04ee408dc1b00010000'
2026-10-08 21:16:23,037 LT1-thread root DEBUG avrcp.py                  145   avrcp_command_rsp_succ    : avrcp_command_rsp_succ
2026-10-08 21:16:23,037 LT1-thread root DEBUG iutctl_common.py          339   read                      : 
2026-10-08 21:16:23,078 BTPWorkerThread-5574 (_rx_task) root DEBUG iutctl_common.py          123   read                      : Read 5 bytes
2026-10-08 21:16:23,078 BTPWorkerThread-5574 (_rx_task) root DEBUG iutctl_common.py          131   read                      : Received: hdr: Header(svc_id=0x25, op=0x08, ctrl_index=0x00, data_len=0x00) bytearray(b'%\x08\x00\x00\x00')
2026-10-08 21:16:23,078 BTPWorkerThread-5574 (_rx_task) root DEBUG iutctl_common.py          154   read                      : Received data: {''}, bytearray(b'')
2026-10-08 21:16:23,078 LT1-thread root DEBUG avrcp.py                  150   avrcp_command_rsp_succ    : received Header(svc_id=37, op=8, ctrl_index=0, data_len=0) (b'',)
2026-10-08 21:16:23,175 BTPWorkerThread-5574 (_rx_task) root DEBUG iutctl_common.py          123   read                      : Read 5 bytes
2026-10-08 21:16:23,175 BTPWorkerThread-5574 (_rx_task) root DEBUG iutctl_common.py          131   read                      : Received: hdr: Header(svc_id=0x25, op=0x86, ctrl_index=0x00, data_len=0x0a) bytearray(b'%\x86\x00\n\x00')
2026-10-08 21:16:23,175 BTPWorkerThread-5574 (_rx_task) root DEBUG iutctl_common.py          139   read                      : Read 10 bytes data
2026-10-08 21:16:23,176 BTPWorkerThread-5574 (_rx_task) root DEBUG iutctl_common.py          154   read                      : Received data: {'e0 4e e4 08 dc 1b 00 09 01 00'}, bytearray(b'\xe0N\xe4\x08\xdc\x1b\x00\t\x01\x00')
2026-10-08 21:16:23,176 BTPWorkerThread-5574 (_rx_task) root DEBUG btp.py                    736   event_handler             : Header(svc_id=37, op=134, ctrl_index=0, data_len=10) (b'\xe0N\xe4\x08\xdc\x1b\x00\t\x01\x00',)
2026-10-08 21:16:23,176 BTPWorkerThread-5574 (_rx_task) root DEBUG avrcp.py                  1033  avrcp_ev_pass_through_rsp : avrcp_ev_pass_through_rsp b'\xe0N\xe4\x08\xdc\x1b\x00\t\x01\x00'
2026-10-08 21:16:24,180 LT1-thread root DEBUG avrcp.py                  459   avrcp_pass_through        : avrcp_pass_through None 1 1 None
2026-10-08 21:16:24,180 LT1-thread root DEBUG iutctl_common.py          161   send                      : 37 8 0 "bytearray(b'\\xe0N\\xe4\\x08\\xdc\\x1b\\x00\\x01\\x01\\x00')"
2026-10-08 21:16:24,180 LT1-thread root DEBUG iutctl_common.py          166   send                      : sending frame '2508000a00e04ee408dc1b00010100'
2026-10-08 21:16:24,180 LT1-thread root DEBUG avrcp.py                  145   avrcp_command_rsp_succ    : avrcp_command_rsp_succ
2026-10-08 21:16:24,180 LT1-thread root DEBUG iutctl_common.py          339   read                      : 
2026-10-08 21:16:24,214 BTPWorkerThread-5574 (_rx_task) root DEBUG iutctl_common.py          123   read                      : Read 5 bytes
2026-10-08 21:16:24,225 BTPWorkerThread-5574 (_rx_task) root DEBUG iutctl_common.py          131   read                      : Received: hdr: Header(svc_id=0x25, op=0x08, ctrl_index=0x00, data_len=0x00) bytearray(b'%\x08\x00\x00\x00')
2026-10-08 21:16:24,225 BTPWorkerThread-5574 (_rx_task) root DEBUG iutctl_common.py          154   read                      : Received data: {''}, bytearray(b'')
2026-10-08 21:16:24,225 LT1-thread root DEBUG avrcp.py                  150   avrcp_command_rsp_succ    : received Header(svc_id=37, op=8, ctrl_index=0, data_len=0) (b'',)
2026-10-08 21:16:24,337 BTPWorkerThread-5574 (_rx_task) root DEBUG iutctl_common.py          123   read                      : Read 5 bytes
2026-10-08 21:16:24,337 BTPWorkerThread-5574 (_rx_task) root DEBUG iutctl_common.py          131   read                      : Received: hdr: Header(svc_id=0x25, op=0x86, ctrl_index=0x00, data_len=0x0a) bytearray(b'%\x86\x00\n\x00')
2026-10-08 21:16:24,337 BTPWorkerThread-5574 (_rx_task) root DEBUG iutctl_common.py          139   read                      : Read 10 bytes data
2026-10-08 21:16:24,338 BTPWorkerThread-5574 (_rx_task) root DEBUG iutctl_common.py          154   read                      : Received data: {'e0 4e e4 08 dc 1b 00 09 81 00'}, bytearray(b'\xe0N\xe4\x08\xdc\x1b\x00\t\x81\x00')
2026-10-08 21:16:24,338 BTPWorkerThread-5574 (_rx_task) root DEBUG btp.py                    736   event_handler             : Header(svc_id=37, op=134, ctrl_index=0, data_len=10) (b'\xe0N\xe4\x08\xdc\x1b\x00\t\x81\x00',)
2026-10-08 21:16:24,338 BTPWorkerThread-5574 (_rx_task) root DEBUG avrcp.py                  1033  avrcp_ev_pass_through_rsp : avrcp_ev_pass_through_rsp b'\xe0N\xe4\x08\xdc\x1b\x00\t\x81\x00'
2026-10-08 21:16:24,428 LT1-thread root DEBUG testcase.py               722   run_wid                   : Sending response 'OK' to wid 801 test case AVRCP/CT/PTT/BV-04-C
2026-10-08 21:16:24,430 LT1-thread root DEBUG client.py                 276   get_result                : ClientCallback.get_result run_test_case
2026-10-08 21:16:24,433 LT1-callback ClientCallback.on_implicit_send INFO client.py                 223   on_implicit_send          : 
    ********************
    BEGIN OnImplicitSend:
    project_name: AVRCP
    wid: 802
    test_case_name: AVRCP/CT/PTT/BV-04-C
    description: Send a [DOWN] passthrough press and release to PTS.

Action: Press the corresponding button on the IUT.

Description: Verify that the Implementation Under Test (IUT) is capable of sending a passthrough press, followed by a passthrough release.
    style: MMI_Style_Ok_Cancel1 0x11041
2026-10-08 21:16:24,433 LT1-callback ClientCallback.on_implicit_send INFO client.py                 236   on_implicit_send          : Calling test cases on_implicit_send
2026-10-08 21:16:24,433 LT1-callback ClientCallback.on_implicit_send INFO client.py                 249   on_implicit_send          : 
    on_implicit_send returned response: WAIT
    END OnImplicitSend
    ********************
2026-10-08 21:16:25,430 LT1-thread root DEBUG testcase.py               679   run_wid                   : AVRCP AVRCP/CT/PTT/BV-04-C on_implicit_send
2026-10-08 21:16:25,430 LT1-thread root DEBUG avrcp_wid.py              25    avrcp_wid_hdl             : avrcp_wid_hdl, 802, Send a [DOWN] passthrough press and release to PTS.

Action: Press the corresponding button on the IUT.

Description: Verify that the Implementation Under Test (IUT) is capable of sending a passthrough press, followed by a passthrough release., AVRCP/CT/PTT/BV-04-C
2026-10-08 21:16:25,430 LT1-thread root DEBUG avrcp.py                  459   avrcp_pass_through        : avrcp_pass_through None 2 0 None
2026-10-08 21:16:25,430 LT1-thread root DEBUG iutctl_common.py          161   send                      : 37 8 0 "bytearray(b'\\xe0N\\xe4\\x08\\xdc\\x1b\\x00\\x02\\x00\\x00')"
2026-10-08 21:16:25,430 LT1-thread root DEBUG iutctl_common.py          166   send                      : sending frame '2508000a00e04ee408dc1b00020000'
2026-10-08 21:16:25,431 LT1-thread root DEBUG avrcp.py                  145   avrcp_command_rsp_succ    : avrcp_command_rsp_succ
2026-10-08 21:16:25,431 LT1-thread root DEBUG iutctl_common.py          339   read                      : 
2026-10-08 21:16:25,469 BTPWorkerThread-5574 (_rx_task) root DEBUG iutctl_common.py          123   read                      : Read 5 bytes
2026-10-08 21:16:25,474 BTPWorkerThread-5574 (_rx_task) root DEBUG iutctl_common.py          131   read                      : Received: hdr: Header(svc_id=0x25, op=0x08, ctrl_index=0x00, data_len=0x00) bytearray(b'%\x08\x00\x00\x00')
2026-10-08 21:16:25,480 BTPWorkerThread-5574 (_rx_task) root DEBUG iutctl_common.py          154   read                      : Received data: {''}, bytearray(b'')
2026-10-08 21:16:25,485 LT1-thread root DEBUG avrcp.py                  150   avrcp_command_rsp_succ    : received Header(svc_id=37, op=8, ctrl_index=0, data_len=0) (b'',)
2026-10-08 21:16:25,594 BTPWorkerThread-5574 (_rx_task) root DEBUG iutctl_common.py          123   read                      : Read 5 bytes
2026-10-08 21:16:25,594 BTPWorkerThread-5574 (_rx_task) root DEBUG iutctl_common.py          131   read                      : Received: hdr: Header(svc_id=0x25, op=0x86, ctrl_index=0x00, data_len=0x0a) bytearray(b'%\x86\x00\n\x00')
2026-10-08 21:16:25,595 BTPWorkerThread-5574 (_rx_task) root DEBUG iutctl_common.py          139   read                      : Read 10 bytes data
2026-10-08 21:16:25,595 BTPWorkerThread-5574 (_rx_task) root DEBUG iutctl_common.py          154   read                      : Received data: {'e0 4e e4 08 dc 1b 00 09 02 00'}, bytearray(b'\xe0N\xe4\x08\xdc\x1b\x00\t\x02\x00')
2026-10-08 21:16:25,595 BTPWorkerThread-5574 (_rx_task) root DEBUG btp.py                    736   event_handler             : Header(svc_id=37, op=134, ctrl_index=0, data_len=10) (b'\xe0N\xe4\x08\xdc\x1b\x00\t\x02\x00',)
2026-10-08 21:16:25,595 BTPWorkerThread-5574 (_rx_task) root DEBUG avrcp.py                  1033  avrcp_ev_pass_through_rsp : avrcp_ev_pass_through_rsp b'\xe0N\xe4\x08\xdc\x1b\x00\t\x02\x00'
2026-10-08 21:16:26,688 LT1-thread root DEBUG avrcp.py                  459   avrcp_pass_through        : avrcp_pass_through None 2 1 None
2026-10-08 21:16:26,688 LT1-thread root DEBUG iutctl_common.py          161   send                      : 37 8 0 "bytearray(b'\\xe0N\\xe4\\x08\\xdc\\x1b\\x00\\x02\\x01\\x00')"
2026-10-08 21:16:26,688 LT1-thread root DEBUG iutctl_common.py          166   send                      : sending frame '2508000a00e04ee408dc1b00020100'
2026-10-08 21:16:26,688 LT1-thread root DEBUG avrcp.py                  145   avrcp_command_rsp_succ    : avrcp_command_rsp_succ
2026-10-08 21:16:26,688 LT1-thread root DEBUG iutctl_common.py          339   read                      : 
2026-10-08 21:16:26,724 BTPWorkerThread-5574 (_rx_task) root DEBUG iutctl_common.py          123   read                      : Read 5 bytes
2026-10-08 21:16:26,724 BTPWorkerThread-5574 (_rx_task) root DEBUG iutctl_common.py          131   read                      : Received: hdr: Header(svc_id=0x25, op=0x08, ctrl_index=0x00, data_len=0x00) bytearray(b'%\x08\x00\x00\x00')
2026-10-08 21:16:26,724 BTPWorkerThread-5574 (_rx_task) root DEBUG iutctl_common.py          154   read                      : Received data: {''}, bytearray(b'')
2026-10-08 21:16:26,724 LT1-thread root DEBUG avrcp.py                  150   avrcp_command_rsp_succ    : received Header(svc_id=37, op=8, ctrl_index=0, data_len=0) (b'',)
2026-10-08 21:16:26,870 BTPWorkerThread-5574 (_rx_task) root DEBUG iutctl_common.py          123   read                      : Read 5 bytes
2026-10-08 21:16:26,870 BTPWorkerThread-5574 (_rx_task) root DEBUG iutctl_common.py          131   read                      : Received: hdr: Header(svc_id=0x25, op=0x86, ctrl_index=0x00, data_len=0x0a) bytearray(b'%\x86\x00\n\x00')
2026-10-08 21:16:26,870 BTPWorkerThread-5574 (_rx_task) root DEBUG iutctl_common.py          139   read                      : Read 10 bytes data
2026-10-08 21:16:26,871 BTPWorkerThread-5574 (_rx_task) root DEBUG iutctl_common.py          154   read                      : Received data: {'e0 4e e4 08 dc 1b 00 09 82 00'}, bytearray(b'\xe0N\xe4\x08\xdc\x1b\x00\t\x82\x00')
2026-10-08 21:16:26,871 BTPWorkerThread-5574 (_rx_task) root DEBUG btp.py                    736   event_handler             : Header(svc_id=37, op=134, ctrl_index=0, data_len=10) (b'\xe0N\xe4\x08\xdc\x1b\x00\t\x82\x00',)
2026-10-08 21:16:26,871 BTPWorkerThread-5574 (_rx_task) root DEBUG avrcp.py                  1033  avrcp_ev_pass_through_rsp : avrcp_ev_pass_through_rsp b'\xe0N\xe4\x08\xdc\x1b\x00\t\x82\x00'
2026-10-08 21:16:26,927 LT1-thread root DEBUG testcase.py               722   run_wid                   : Sending response 'OK' to wid 802 test case AVRCP/CT/PTT/BV-04-C
2026-10-08 21:16:26,929 LT1-thread root DEBUG client.py                 276   get_result                : ClientCallback.get_result run_test_case
2026-10-08 21:16:26,931 LT1-callback ClientCallback.on_implicit_send INFO client.py                 223   on_implicit_send          : 
    ********************
    BEGIN OnImplicitSend:
    project_name: AVRCP
    wid: 803
    test_case_name: AVRCP/CT/PTT/BV-04-C
    description: Send a [LEFT] passthrough press and release to PTS.

Action: Press the corresponding button on the IUT.

Description: Verify that the Implementation Under Test (IUT) is capable of sending a passthrough press, followed by a passthrough release.
    style: MMI_Style_Ok_Cancel1 0x11041
2026-10-08 21:16:26,931 LT1-callback ClientCallback.on_implicit_send INFO client.py                 236   on_implicit_send          : Calling test cases on_implicit_send
2026-10-08 21:16:26,931 LT1-callback ClientCallback.on_implicit_send INFO client.py                 249   on_implicit_send          : 
    on_implicit_send returned response: WAIT
    END OnImplicitSend
    ********************
2026-10-08 21:16:27,929 LT1-thread root DEBUG testcase.py               679   run_wid                   : AVRCP AVRCP/CT/PTT/BV-04-C on_implicit_send
2026-10-08 21:16:27,929 LT1-thread root DEBUG avrcp_wid.py              25    avrcp_wid_hdl             : avrcp_wid_hdl, 803, Send a [LEFT] passthrough press and release to PTS.

Action: Press the corresponding button on the IUT.

Description: Verify that the Implementation Under Test (IUT) is capable of sending a passthrough press, followed by a passthrough release., AVRCP/CT/PTT/BV-04-C
2026-10-08 21:16:27,930 LT1-thread root DEBUG avrcp.py                  459   avrcp_pass_through        : avrcp_pass_through None 3 0 None
2026-10-08 21:16:27,930 LT1-thread root DEBUG iutctl_common.py          161   send                      : 37 8 0 "bytearray(b'\\xe0N\\xe4\\x08\\xdc\\x1b\\x00\\x03\\x00\\x00')"
2026-10-08 21:16:27,930 LT1-thread root DEBUG iutctl_common.py          166   send                      : sending frame '2508000a00e04ee408dc1b00030000'
2026-10-08 21:16:27,931 LT1-thread root DEBUG avrcp.py                  145   avrcp_command_rsp_succ    : avrcp_command_rsp_succ
2026-10-08 21:16:27,931 LT1-thread root DEBUG iutctl_common.py          339   read                      : 
2026-10-08 21:16:27,961 BTPWorkerThread-5574 (_rx_task) root DEBUG iutctl_common.py          123   read                      : Read 5 bytes
2026-10-08 21:16:27,972 BTPWorkerThread-5574 (_rx_task) root DEBUG iutctl_common.py          131   read                      : Received: hdr: Header(svc_id=0x25, op=0x08, ctrl_index=0x00, data_len=0x00) bytearray(b'%\x08\x00\x00\x00')
2026-10-08 21:16:27,977 BTPWorkerThread-5574 (_rx_task) root DEBUG iutctl_common.py          154   read                      : Received data: {''}, bytearray(b'')
2026-10-08 21:16:27,988 LT1-thread root DEBUG avrcp.py                  150   avrcp_command_rsp_succ    : received Header(svc_id=37, op=8, ctrl_index=0, data_len=0) (b'',)
2026-10-08 21:16:28,074 BTPWorkerThread-5574 (_rx_task) root DEBUG iutctl_common.py          123   read                      : Read 5 bytes
2026-10-08 21:16:28,074 BTPWorkerThread-5574 (_rx_task) root DEBUG iutctl_common.py          131   read                      : Received: hdr: Header(svc_id=0x25, op=0x86, ctrl_index=0x00, data_len=0x0a) bytearray(b'%\x86\x00\n\x00')
2026-10-08 21:16:28,074 BTPWorkerThread-5574 (_rx_task) root DEBUG iutctl_common.py          139   read                      : Read 10 bytes data
2026-10-08 21:16:28,075 BTPWorkerThread-5574 (_rx_task) root DEBUG iutctl_common.py          154   read                      : Received data: {'e0 4e e4 08 dc 1b 00 09 03 00'}, bytearray(b'\xe0N\xe4\x08\xdc\x1b\x00\t\x03\x00')
2026-10-08 21:16:28,075 BTPWorkerThread-5574 (_rx_task) root DEBUG btp.py                    736   event_handler             : Header(svc_id=37, op=134, ctrl_index=0, data_len=10) (b'\xe0N\xe4\x08\xdc\x1b\x00\t\x03\x00',)
2026-10-08 21:16:28,075 BTPWorkerThread-5574 (_rx_task) root DEBUG avrcp.py                  1033  avrcp_ev_pass_through_rsp : avrcp_ev_pass_through_rsp b'\xe0N\xe4\x08\xdc\x1b\x00\t\x03\x00'
2026-10-08 21:16:29,090 LT1-thread root DEBUG avrcp.py                  459   avrcp_pass_through        : avrcp_pass_through None 3 1 None
2026-10-08 21:16:29,090 LT1-thread root DEBUG iutctl_common.py          161   send                      : 37 8 0 "bytearray(b'\\xe0N\\xe4\\x08\\xdc\\x1b\\x00\\x03\\x01\\x00')"
2026-10-08 21:16:29,090 LT1-thread root DEBUG iutctl_common.py          166   send                      : sending frame '2508000a00e04ee408dc1b00030100'
2026-10-08 21:16:29,090 LT1-thread root DEBUG avrcp.py                  145   avrcp_command_rsp_succ    : avrcp_command_rsp_succ
2026-10-08 21:16:29,090 LT1-thread root DEBUG iutctl_common.py          339   read                      : 
2026-10-08 21:16:29,123 BTPWorkerThread-5574 (_rx_task) root DEBUG iutctl_common.py          123   read                      : Read 5 bytes
2026-10-08 21:16:29,123 BTPWorkerThread-5574 (_rx_task) root DEBUG iutctl_common.py          131   read                      : Received: hdr: Header(svc_id=0x25, op=0x08, ctrl_index=0x00, data_len=0x00) bytearray(b'%\x08\x00\x00\x00')
2026-10-08 21:16:29,129 BTPWorkerThread-5574 (_rx_task) root DEBUG iutctl_common.py          154   read                      : Received data: {''}, bytearray(b'')
2026-10-08 21:16:29,129 LT1-thread root DEBUG avrcp.py                  150   avrcp_command_rsp_succ    : received Header(svc_id=37, op=8, ctrl_index=0, data_len=0) (b'',)
2026-10-08 21:16:29,233 BTPWorkerThread-5574 (_rx_task) root DEBUG iutctl_common.py          123   read                      : Read 5 bytes
2026-10-08 21:16:29,233 BTPWorkerThread-5574 (_rx_task) root DEBUG iutctl_common.py          131   read                      : Received: hdr: Header(svc_id=0x25, op=0x86, ctrl_index=0x00, data_len=0x0a) bytearray(b'%\x86\x00\n\x00')
2026-10-08 21:16:29,233 BTPWorkerThread-5574 (_rx_task) root DEBUG iutctl_common.py          139   read                      : Read 10 bytes data
2026-10-08 21:16:29,234 BTPWorkerThread-5574 (_rx_task) root DEBUG iutctl_common.py          154   read                      : Received data: {'e0 4e e4 08 dc 1b 00 09 83 00'}, bytearray(b'\xe0N\xe4\x08\xdc\x1b\x00\t\x83\x00')
2026-10-08 21:16:29,234 BTPWorkerThread-5574 (_rx_task) root DEBUG btp.py                    736   event_handler             : Header(svc_id=37, op=134, ctrl_index=0, data_len=10) (b'\xe0N\xe4\x08\xdc\x1b\x00\t\x83\x00',)
2026-10-08 21:16:29,234 BTPWorkerThread-5574 (_rx_task) root DEBUG avrcp.py                  1033  avrcp_ev_pass_through_rsp : avrcp_ev_pass_through_rsp b'\xe0N\xe4\x08\xdc\x1b\x00\t\x83\x00'
2026-10-08 21:16:29,331 LT1-thread root DEBUG testcase.py               722   run_wid                   : Sending response 'OK' to wid 803 test case AVRCP/CT/PTT/BV-04-C
2026-10-08 21:16:29,333 LT1-thread root DEBUG client.py                 276   get_result                : ClientCallback.get_result run_test_case
2026-10-08 21:16:29,335 LT1-callback ClientCallback.on_implicit_send INFO client.py                 223   on_implicit_send          : 
    ********************
    BEGIN OnImplicitSend:
    project_name: AVRCP
    wid: 804
    test_case_name: AVRCP/CT/PTT/BV-04-C
    description: Send a [RIGHT] passthrough press and release to PTS.

Action: Press the corresponding button on the IUT.

Description: Verify that the Implementation Under Test (IUT) is capable of sending a passthrough press, followed by a passthrough release.
    style: MMI_Style_Ok_Cancel1 0x11041
2026-10-08 21:16:29,335 LT1-callback ClientCallback.on_implicit_send INFO client.py                 236   on_implicit_send          : Calling test cases on_implicit_send
2026-10-08 21:16:29,336 LT1-callback ClientCallback.on_implicit_send INFO client.py                 249   on_implicit_send          : 
    on_implicit_send returned response: WAIT
    END OnImplicitSend
    ********************
2026-10-08 21:16:30,333 LT1-thread root DEBUG testcase.py               679   run_wid                   : AVRCP AVRCP/CT/PTT/BV-04-C on_implicit_send
2026-10-08 21:16:30,333 LT1-thread root DEBUG avrcp_wid.py              25    avrcp_wid_hdl             : avrcp_wid_hdl, 804, Send a [RIGHT] passthrough press and release to PTS.

Action: Press the corresponding button on the IUT.

Description: Verify that the Implementation Under Test (IUT) is capable of sending a passthrough press, followed by a passthrough release., AVRCP/CT/PTT/BV-04-C
2026-10-08 21:16:30,333 LT1-thread root DEBUG avrcp.py                  459   avrcp_pass_through        : avrcp_pass_through None 4 0 None
2026-10-08 21:16:30,333 LT1-thread root DEBUG iutctl_common.py          161   send                      : 37 8 0 "bytearray(b'\\xe0N\\xe4\\x08\\xdc\\x1b\\x00\\x04\\x00\\x00')"
2026-10-08 21:16:30,333 LT1-thread root DEBUG iutctl_common.py          166   send                      : sending frame '2508000a00e04ee408dc1b00040000'
2026-10-08 21:16:30,334 LT1-thread root DEBUG avrcp.py                  145   avrcp_command_rsp_succ    : avrcp_command_rsp_succ
2026-10-08 21:16:30,334 LT1-thread root DEBUG iutctl_common.py          339   read                      : 
2026-10-08 21:16:30,370 BTPWorkerThread-5574 (_rx_task) root DEBUG iutctl_common.py          123   read                      : Read 5 bytes
2026-10-08 21:16:30,370 BTPWorkerThread-5574 (_rx_task) root DEBUG iutctl_common.py          131   read                      : Received: hdr: Header(svc_id=0x25, op=0x08, ctrl_index=0x00, data_len=0x00) bytearray(b'%\x08\x00\x00\x00')
2026-10-08 21:16:30,375 BTPWorkerThread-5574 (_rx_task) root DEBUG iutctl_common.py          154   read                      : Received data: {''}, bytearray(b'')
2026-10-08 21:16:30,375 LT1-thread root DEBUG avrcp.py                  150   avrcp_command_rsp_succ    : received Header(svc_id=37, op=8, ctrl_index=0, data_len=0) (b'',)
2026-10-08 21:16:30,488 BTPWorkerThread-5574 (_rx_task) root DEBUG iutctl_common.py          123   read                      : Read 5 bytes
2026-10-08 21:16:30,488 BTPWorkerThread-5574 (_rx_task) root DEBUG iutctl_common.py          131   read                      : Received: hdr: Header(svc_id=0x25, op=0x86, ctrl_index=0x00, data_len=0x0a) bytearray(b'%\x86\x00\n\x00')
2026-10-08 21:16:30,488 BTPWorkerThread-5574 (_rx_task) root DEBUG iutctl_common.py          139   read                      : Read 10 bytes data
2026-10-08 21:16:30,489 BTPWorkerThread-5574 (_rx_task) root DEBUG iutctl_common.py          154   read                      : Received data: {'e0 4e e4 08 dc 1b 00 09 04 00'}, bytearray(b'\xe0N\xe4\x08\xdc\x1b\x00\t\x04\x00')
2026-10-08 21:16:30,489 BTPWorkerThread-5574 (_rx_task) root DEBUG btp.py                    736   event_handler             : Header(svc_id=37, op=134, ctrl_index=0, data_len=10) (b'\xe0N\xe4\x08\xdc\x1b\x00\t\x04\x00',)
2026-10-08 21:16:30,489 BTPWorkerThread-5574 (_rx_task) root DEBUG avrcp.py                  1033  avrcp_ev_pass_through_rsp : avrcp_ev_pass_through_rsp b'\xe0N\xe4\x08\xdc\x1b\x00\t\x04\x00'
2026-10-08 21:16:31,578 LT1-thread root DEBUG avrcp.py                  459   avrcp_pass_through        : avrcp_pass_through None 4 1 None
2026-10-08 21:16:31,578 LT1-thread root DEBUG iutctl_common.py          161   send                      : 37 8 0 "bytearray(b'\\xe0N\\xe4\\x08\\xdc\\x1b\\x00\\x04\\x01\\x00')"
2026-10-08 21:16:31,578 LT1-thread root DEBUG iutctl_common.py          166   send                      : sending frame '2508000a00e04ee408dc1b00040100'
2026-10-08 21:16:31,578 LT1-thread root DEBUG avrcp.py                  145   avrcp_command_rsp_succ    : avrcp_command_rsp_succ
2026-10-08 21:16:31,578 LT1-thread root DEBUG iutctl_common.py          339   read                      : 
2026-10-08 21:16:31,619 BTPWorkerThread-5574 (_rx_task) root DEBUG iutctl_common.py          123   read                      : Read 5 bytes
2026-10-08 21:16:31,619 BTPWorkerThread-5574 (_rx_task) root DEBUG iutctl_common.py          131   read                      : Received: hdr: Header(svc_id=0x25, op=0x08, ctrl_index=0x00, data_len=0x00) bytearray(b'%\x08\x00\x00\x00')
2026-10-08 21:16:31,624 BTPWorkerThread-5574 (_rx_task) root DEBUG iutctl_common.py          154   read                      : Received data: {''}, bytearray(b'')
2026-10-08 21:16:31,636 LT1-thread root DEBUG avrcp.py                  150   avrcp_command_rsp_succ    : received Header(svc_id=37, op=8, ctrl_index=0, data_len=0) (b'',)
2026-10-08 21:16:31,731 BTPWorkerThread-5574 (_rx_task) root DEBUG iutctl_common.py          123   read                      : Read 1 bytes
2026-10-08 21:16:31,731 BTPWorkerThread-5574 (_rx_task) root DEBUG iutctl_common.py          123   read                      : Read 4 bytes
2026-10-08 21:16:31,732 BTPWorkerThread-5574 (_rx_task) root DEBUG iutctl_common.py          131   read                      : Received: hdr: Header(svc_id=0x25, op=0x86, ctrl_index=0x00, data_len=0x0a) bytearray(b'%\x86\x00\n\x00')
2026-10-08 21:16:31,732 BTPWorkerThread-5574 (_rx_task) root DEBUG iutctl_common.py          139   read                      : Read 2 bytes data
2026-10-08 21:16:31,743 BTPWorkerThread-5574 (_rx_task) root DEBUG iutctl_common.py          139   read                      : Read 8 bytes data
2026-10-08 21:16:31,744 BTPWorkerThread-5574 (_rx_task) root DEBUG iutctl_common.py          154   read                      : Received data: {'e0 4e e4 08 dc 1b 00 09 84 00'}, bytearray(b'\xe0N\xe4\x08\xdc\x1b\x00\t\x84\x00')
2026-10-08 21:16:31,744 BTPWorkerThread-5574 (_rx_task) root DEBUG btp.py                    736   event_handler             : Header(svc_id=37, op=134, ctrl_index=0, data_len=10) (b'\xe0N\xe4\x08\xdc\x1b\x00\t\x84\x00',)
2026-10-08 21:16:31,744 BTPWorkerThread-5574 (_rx_task) root DEBUG avrcp.py                  1033  avrcp_ev_pass_through_rsp : avrcp_ev_pass_through_rsp b'\xe0N\xe4\x08\xdc\x1b\x00\t\x84\x00'
2026-10-08 21:16:31,837 LT1-thread root DEBUG testcase.py               722   run_wid                   : Sending response 'OK' to wid 804 test case AVRCP/CT/PTT/BV-04-C
2026-10-08 21:16:31,839 LT1-thread root DEBUG client.py                 276   get_result                : ClientCallback.get_result run_test_case
2026-10-08 21:16:31,842 LT1-callback ClientCallback.on_implicit_send INFO client.py                 223   on_implicit_send          : 
    ********************
    BEGIN OnImplicitSend:
    project_name: AVRCP
    wid: 805
    test_case_name: AVRCP/CT/PTT/BV-04-C
    description: Send a [RIGHT UP] passthrough press and release to PTS.

Action: Press the corresponding button on the IUT.

Description: Verify that the Implementation Under Test (IUT) is capable of sending a passthrough press, followed by a passthrough release.
    style: MMI_Style_Ok_Cancel1 0x11041
2026-10-08 21:16:31,842 LT1-callback ClientCallback.on_implicit_send INFO client.py                 236   on_implicit_send          : Calling test cases on_implicit_send
2026-10-08 21:16:31,842 LT1-callback ClientCallback.on_implicit_send INFO client.py                 249   on_implicit_send          : 
    on_implicit_send returned response: WAIT
    END OnImplicitSend
    ********************
2026-10-08 21:16:32,839 LT1-thread root DEBUG testcase.py               679   run_wid                   : AVRCP AVRCP/CT/PTT/BV-04-C on_implicit_send
2026-10-08 21:16:32,840 LT1-thread root DEBUG avrcp_wid.py              25    avrcp_wid_hdl             : avrcp_wid_hdl, 805, Send a [RIGHT UP] passthrough press and release to PTS.

Action: Press the corresponding button on the IUT.

Description: Verify that the Implementation Under Test (IUT) is capable of sending a passthrough press, followed by a passthrough release., AVRCP/CT/PTT/BV-04-C
2026-10-08 21:16:32,840 LT1-thread root DEBUG avrcp.py                  459   avrcp_pass_through        : avrcp_pass_through None 5 0 None
2026-10-08 21:16:32,840 LT1-thread root DEBUG iutctl_common.py          161   send                      : 37 8 0 "bytearray(b'\\xe0N\\xe4\\x08\\xdc\\x1b\\x00\\x05\\x00\\x00')"
2026-10-08 21:16:32,840 LT1-thread root DEBUG iutctl_common.py          166   send                      : sending frame '2508000a00e04ee408dc1b00050000'
2026-10-08 21:16:32,840 LT1-thread root DEBUG avrcp.py                  145   avrcp_command_rsp_succ    : avrcp_command_rsp_succ
2026-10-08 21:16:32,840 LT1-thread root DEBUG iutctl_common.py          339   read                      : 
2026-10-08 21:16:32,870 BTPWorkerThread-5574 (_rx_task) root DEBUG iutctl_common.py          123   read                      : Read 5 bytes
2026-10-08 21:16:32,870 BTPWorkerThread-5574 (_rx_task) root DEBUG iutctl_common.py          131   read                      : Received: hdr: Header(svc_id=0x25, op=0x08, ctrl_index=0x00, data_len=0x00) bytearray(b'%\x08\x00\x00\x00')
2026-10-08 21:16:32,875 BTPWorkerThread-5574 (_rx_task) root DEBUG iutctl_common.py          154   read                      : Received data: {''}, bytearray(b'')
2026-10-08 21:16:32,875 LT1-thread root DEBUG avrcp.py                  150   avrcp_command_rsp_succ    : received Header(svc_id=37, op=8, ctrl_index=0, data_len=0) (b'',)
2026-10-08 21:16:32,980 BTPWorkerThread-5574 (_rx_task) root DEBUG iutctl_common.py          123   read                      : Read 5 bytes
2026-10-08 21:16:32,980 BTPWorkerThread-5574 (_rx_task) root DEBUG iutctl_common.py          131   read                      : Received: hdr: Header(svc_id=0x25, op=0x86, ctrl_index=0x00, data_len=0x0a) bytearray(b'%\x86\x00\n\x00')
2026-10-08 21:16:32,980 BTPWorkerThread-5574 (_rx_task) root DEBUG iutctl_common.py          139   read                      : Read 10 bytes data
2026-10-08 21:16:32,981 BTPWorkerThread-5574 (_rx_task) root DEBUG iutctl_common.py          154   read                      : Received data: {'e0 4e e4 08 dc 1b 00 09 05 00'}, bytearray(b'\xe0N\xe4\x08\xdc\x1b\x00\t\x05\x00')
2026-10-08 21:16:32,981 BTPWorkerThread-5574 (_rx_task) root DEBUG btp.py                    736   event_handler             : Header(svc_id=37, op=134, ctrl_index=0, data_len=10) (b'\xe0N\xe4\x08\xdc\x1b\x00\t\x05\x00',)
2026-10-08 21:16:32,981 BTPWorkerThread-5574 (_rx_task) root DEBUG avrcp.py                  1033  avrcp_ev_pass_through_rsp : avrcp_ev_pass_through_rsp b'\xe0N\xe4\x08\xdc\x1b\x00\t\x05\x00'
2026-10-08 21:16:34,077 LT1-thread root DEBUG avrcp.py                  459   avrcp_pass_through        : avrcp_pass_through None 5 1 None
2026-10-08 21:16:34,077 LT1-thread root DEBUG iutctl_common.py          161   send                      : 37 8 0 "bytearray(b'\\xe0N\\xe4\\x08\\xdc\\x1b\\x00\\x05\\x01\\x00')"
2026-10-08 21:16:34,077 LT1-thread root DEBUG iutctl_common.py          166   send                      : sending frame '2508000a00e04ee408dc1b00050100'
2026-10-08 21:16:34,078 LT1-thread root DEBUG avrcp.py                  145   avrcp_command_rsp_succ    : avrcp_command_rsp_succ
2026-10-08 21:16:34,078 LT1-thread root DEBUG iutctl_common.py          339   read                      : 
2026-10-08 21:16:34,111 BTPWorkerThread-5574 (_rx_task) root DEBUG iutctl_common.py          123   read                      : Read 5 bytes
2026-10-08 21:16:34,111 BTPWorkerThread-5574 (_rx_task) root DEBUG iutctl_common.py          131   read                      : Received: hdr: Header(svc_id=0x25, op=0x08, ctrl_index=0x00, data_len=0x00) bytearray(b'%\x08\x00\x00\x00')
2026-10-08 21:16:34,116 BTPWorkerThread-5574 (_rx_task) root DEBUG iutctl_common.py          154   read                      : Received data: {''}, bytearray(b'')
2026-10-08 21:16:34,116 LT1-thread root DEBUG avrcp.py                  150   avrcp_command_rsp_succ    : received Header(svc_id=37, op=8, ctrl_index=0, data_len=0) (b'',)
2026-10-08 21:16:34,225 BTPWorkerThread-5574 (_rx_task) root DEBUG iutctl_common.py          123   read                      : Read 5 bytes
2026-10-08 21:16:34,225 BTPWorkerThread-5574 (_rx_task) root DEBUG iutctl_common.py          131   read                      : Received: hdr: Header(svc_id=0x25, op=0x86, ctrl_index=0x00, data_len=0x0a) bytearray(b'%\x86\x00\n\x00')
2026-10-08 21:16:34,225 BTPWorkerThread-5574 (_rx_task) root DEBUG iutctl_common.py          139   read                      : Read 10 bytes data
2026-10-08 21:16:34,226 BTPWorkerThread-5574 (_rx_task) root DEBUG iutctl_common.py          154   read                      : Received data: {'e0 4e e4 08 dc 1b 00 09 85 00'}, bytearray(b'\xe0N\xe4\x08\xdc\x1b\x00\t\x85\x00')
2026-10-08 21:16:34,226 BTPWorkerThread-5574 (_rx_task) root DEBUG btp.py                    736   event_handler             : Header(svc_id=37, op=134, ctrl_index=0, data_len=10) (b'\xe0N\xe4\x08\xdc\x1b\x00\t\x85\x00',)
2026-10-08 21:16:34,226 BTPWorkerThread-5574 (_rx_task) root DEBUG avrcp.py                  1033  avrcp_ev_pass_through_rsp : avrcp_ev_pass_through_rsp b'\xe0N\xe4\x08\xdc\x1b\x00\t\x85\x00'
2026-10-08 21:16:34,318 LT1-thread root DEBUG testcase.py               722   run_wid                   : Sending response 'OK' to wid 805 test case AVRCP/CT/PTT/BV-04-C
2026-10-08 21:16:34,320 LT1-thread root DEBUG client.py                 276   get_result                : ClientCallback.get_result run_test_case
2026-10-08 21:16:34,322 LT1-callback ClientCallback.on_implicit_send INFO client.py                 223   on_implicit_send          : 
    ********************
    BEGIN OnImplicitSend:
    project_name: AVRCP
    wid: 806
    test_case_name: AVRCP/CT/PTT/BV-04-C
    description: Send a [RIGHT DOWN] passthrough press and release to PTS.

Action: Press the corresponding button on the IUT.

Description: Verify that the Implementation Under Test (IUT) is capable of sending a passthrough press, followed by a passthrough release.
    style: MMI_Style_Ok_Cancel1 0x11041
2026-10-08 21:16:34,322 LT1-callback ClientCallback.on_implicit_send INFO client.py                 236   on_implicit_send          : Calling test cases on_implicit_send
2026-10-08 21:16:34,322 LT1-callback ClientCallback.on_implicit_send INFO client.py                 249   on_implicit_send          : 
    on_implicit_send returned response: WAIT
    END OnImplicitSend
    ********************
2026-10-08 21:16:35,321 LT1-thread root DEBUG testcase.py               679   run_wid                   : AVRCP AVRCP/CT/PTT/BV-04-C on_implicit_send
2026-10-08 21:16:35,321 LT1-thread root DEBUG avrcp_wid.py              25    avrcp_wid_hdl             : avrcp_wid_hdl, 806, Send a [RIGHT DOWN] passthrough press and release to PTS.

Action: Press the corresponding button on the IUT.

Description: Verify that the Implementation Under Test (IUT) is capable of sending a passthrough press, followed by a passthrough release., AVRCP/CT/PTT/BV-04-C
2026-10-08 21:16:35,321 LT1-thread root DEBUG avrcp.py                  459   avrcp_pass_through        : avrcp_pass_through None 6 0 None
2026-10-08 21:16:35,322 LT1-thread root DEBUG iutctl_common.py          161   send                      : 37 8 0 "bytearray(b'\\xe0N\\xe4\\x08\\xdc\\x1b\\x00\\x06\\x00\\x00')"
2026-10-08 21:16:35,322 LT1-thread root DEBUG iutctl_common.py          166   send                      : sending frame '2508000a00e04ee408dc1b00060000'
2026-10-08 21:16:35,322 LT1-thread root DEBUG avrcp.py                  145   avrcp_command_rsp_succ    : avrcp_command_rsp_succ
2026-10-08 21:16:35,322 LT1-thread root DEBUG iutctl_common.py          339   read                      : 
2026-10-08 21:16:35,363 BTPWorkerThread-5574 (_rx_task) root DEBUG iutctl_common.py          123   read                      : Read 5 bytes
2026-10-08 21:16:35,363 BTPWorkerThread-5574 (_rx_task) root DEBUG iutctl_common.py          131   read                      : Received: hdr: Header(svc_id=0x25, op=0x08, ctrl_index=0x00, data_len=0x00) bytearray(b'%\x08\x00\x00\x00')
2026-10-08 21:16:35,363 BTPWorkerThread-5574 (_rx_task) root DEBUG iutctl_common.py          154   read                      : Received data: {''}, bytearray(b'')
2026-10-08 21:16:35,364 LT1-thread root DEBUG avrcp.py                  150   avrcp_command_rsp_succ    : received Header(svc_id=37, op=8, ctrl_index=0, data_len=0) (b'',)
2026-10-08 21:16:35,470 BTPWorkerThread-5574 (_rx_task) root DEBUG iutctl_common.py          123   read                      : Read 5 bytes
2026-10-08 21:16:35,470 BTPWorkerThread-5574 (_rx_task) root DEBUG iutctl_common.py          131   read                      : Received: hdr: Header(svc_id=0x25, op=0x86, ctrl_index=0x00, data_len=0x0a) bytearray(b'%\x86\x00\n\x00')
2026-10-08 21:16:35,470 BTPWorkerThread-5574 (_rx_task) root DEBUG iutctl_common.py          139   read                      : Read 10 bytes data
2026-10-08 21:16:35,471 BTPWorkerThread-5574 (_rx_task) root DEBUG iutctl_common.py          154   read                      : Received data: {'e0 4e e4 08 dc 1b 00 09 06 00'}, bytearray(b'\xe0N\xe4\x08\xdc\x1b\x00\t\x06\x00')
2026-10-08 21:16:35,471 BTPWorkerThread-5574 (_rx_task) root DEBUG btp.py                    736   event_handler             : Header(svc_id=37, op=134, ctrl_index=0, data_len=10) (b'\xe0N\xe4\x08\xdc\x1b\x00\t\x06\x00',)
2026-10-08 21:16:35,471 BTPWorkerThread-5574 (_rx_task) root DEBUG avrcp.py                  1033  avrcp_ev_pass_through_rsp : avrcp_ev_pass_through_rsp b'\xe0N\xe4\x08\xdc\x1b\x00\t\x06\x00'
2026-10-08 21:16:36,565 LT1-thread root DEBUG avrcp.py                  459   avrcp_pass_through        : avrcp_pass_through None 6 1 None
2026-10-08 21:16:36,565 LT1-thread root DEBUG iutctl_common.py          161   send                      : 37 8 0 "bytearray(b'\\xe0N\\xe4\\x08\\xdc\\x1b\\x00\\x06\\x01\\x00')"
2026-10-08 21:16:36,565 LT1-thread root DEBUG iutctl_common.py          166   send                      : sending frame '2508000a00e04ee408dc1b00060100'
2026-10-08 21:16:36,565 LT1-thread root DEBUG avrcp.py                  145   avrcp_command_rsp_succ    : avrcp_command_rsp_succ
2026-10-08 21:16:36,565 LT1-thread root DEBUG iutctl_common.py          339   read                      : 
2026-10-08 21:16:36,593 BTPWorkerThread-5574 (_rx_task) root DEBUG iutctl_common.py          123   read                      : Read 5 bytes
2026-10-08 21:16:36,599 BTPWorkerThread-5574 (_rx_task) root DEBUG iutctl_common.py          131   read                      : Received: hdr: Header(svc_id=0x25, op=0x08, ctrl_index=0x00, data_len=0x00) bytearray(b'%\x08\x00\x00\x00')
2026-10-08 21:16:36,599 BTPWorkerThread-5574 (_rx_task) root DEBUG iutctl_common.py          154   read                      : Received data: {''}, bytearray(b'')
2026-10-08 21:16:36,599 LT1-thread root DEBUG avrcp.py                  150   avrcp_command_rsp_succ    : received Header(svc_id=37, op=8, ctrl_index=0, data_len=0) (b'',)
2026-10-08 21:16:36,716 BTPWorkerThread-5574 (_rx_task) root DEBUG iutctl_common.py          123   read                      : Read 5 bytes
2026-10-08 21:16:36,716 BTPWorkerThread-5574 (_rx_task) root DEBUG iutctl_common.py          131   read                      : Received: hdr: Header(svc_id=0x25, op=0x86, ctrl_index=0x00, data_len=0x0a) bytearray(b'%\x86\x00\n\x00')
2026-10-08 21:16:36,716 BTPWorkerThread-5574 (_rx_task) root DEBUG iutctl_common.py          139   read                      : Read 10 bytes data
2026-10-08 21:16:36,717 BTPWorkerThread-5574 (_rx_task) root DEBUG iutctl_common.py          154   read                      : Received data: {'e0 4e e4 08 dc 1b 00 09 86 00'}, bytearray(b'\xe0N\xe4\x08\xdc\x1b\x00\t\x86\x00')
2026-10-08 21:16:36,717 BTPWorkerThread-5574 (_rx_task) root DEBUG btp.py                    736   event_handler             : Header(svc_id=37, op=134, ctrl_index=0, data_len=10) (b'\xe0N\xe4\x08\xdc\x1b\x00\t\x86\x00',)
2026-10-08 21:16:36,717 BTPWorkerThread-5574 (_rx_task) root DEBUG avrcp.py                  1033  avrcp_ev_pass_through_rsp : avrcp_ev_pass_through_rsp b'\xe0N\xe4\x08\xdc\x1b\x00\t\x86\x00'
2026-10-08 21:16:36,801 LT1-thread root DEBUG testcase.py               722   run_wid                   : Sending response 'OK' to wid 806 test case AVRCP/CT/PTT/BV-04-C
2026-10-08 21:16:36,803 LT1-thread root DEBUG client.py                 276   get_result                : ClientCallback.get_result run_test_case
2026-10-08 21:16:36,806 LT1-callback ClientCallback.on_implicit_send INFO client.py                 223   on_implicit_send          : 
    ********************
    BEGIN OnImplicitSend:
    project_name: AVRCP
    wid: 807
    test_case_name: AVRCP/CT/PTT/BV-04-C
    description: Send a [LEFT UP] passthrough press and release to PTS.

Action: Press the corresponding button on the IUT.

Description: Verify that the Implementation Under Test (IUT) is capable of sending a passthrough press, followed by a passthrough release.
    style: MMI_Style_Ok_Cancel1 0x11041
2026-10-08 21:16:36,806 LT1-callback ClientCallback.on_implicit_send INFO client.py                 236   on_implicit_send          : Calling test cases on_implicit_send
2026-10-08 21:16:36,806 LT1-callback ClientCallback.on_implicit_send INFO client.py                 249   on_implicit_send          : 
    on_implicit_send returned response: WAIT
    END OnImplicitSend
    ********************
2026-10-08 21:16:37,804 LT1-thread root DEBUG testcase.py               679   run_wid                   : AVRCP AVRCP/CT/PTT/BV-04-C on_implicit_send
2026-10-08 21:16:37,804 LT1-thread root DEBUG avrcp_wid.py              25    avrcp_wid_hdl             : avrcp_wid_hdl, 807, Send a [LEFT UP] passthrough press and release to PTS.

Action: Press the corresponding button on the IUT.

Description: Verify that the Implementation Under Test (IUT) is capable of sending a passthrough press, followed by a passthrough release., AVRCP/CT/PTT/BV-04-C
2026-10-08 21:16:37,804 LT1-thread root DEBUG avrcp.py                  459   avrcp_pass_through        : avrcp_pass_through None 7 0 None
2026-10-08 21:16:37,804 LT1-thread root DEBUG iutctl_common.py          161   send                      : 37 8 0 "bytearray(b'\\xe0N\\xe4\\x08\\xdc\\x1b\\x00\\x07\\x00\\x00')"
2026-10-08 21:16:37,804 LT1-thread root DEBUG iutctl_common.py          166   send                      : sending frame '2508000a00e04ee408dc1b00070000'
2026-10-08 21:16:37,805 LT1-thread root DEBUG avrcp.py                  145   avrcp_command_rsp_succ    : avrcp_command_rsp_succ
2026-10-08 21:16:37,805 LT1-thread root DEBUG iutctl_common.py          339   read                      : 
2026-10-08 21:16:37,836 BTPWorkerThread-5574 (_rx_task) root DEBUG iutctl_common.py          123   read                      : Read 5 bytes
2026-10-08 21:16:37,836 BTPWorkerThread-5574 (_rx_task) root DEBUG iutctl_common.py          131   read                      : Received: hdr: Header(svc_id=0x25, op=0x08, ctrl_index=0x00, data_len=0x00) bytearray(b'%\x08\x00\x00\x00')
2026-10-08 21:16:37,841 BTPWorkerThread-5574 (_rx_task) root DEBUG iutctl_common.py          154   read                      : Received data: {''}, bytearray(b'')
2026-10-08 21:16:37,841 LT1-thread root DEBUG avrcp.py                  150   avrcp_command_rsp_succ    : received Header(svc_id=37, op=8, ctrl_index=0, data_len=0) (b'',)
2026-10-08 21:16:37,948 BTPWorkerThread-5574 (_rx_task) root DEBUG iutctl_common.py          123   read                      : Read 5 bytes
2026-10-08 21:16:37,948 BTPWorkerThread-5574 (_rx_task) root DEBUG iutctl_common.py          131   read                      : Received: hdr: Header(svc_id=0x25, op=0x86, ctrl_index=0x00, data_len=0x0a) bytearray(b'%\x86\x00\n\x00')
2026-10-08 21:16:37,948 BTPWorkerThread-5574 (_rx_task) root DEBUG iutctl_common.py          139   read                      : Read 10 bytes data
2026-10-08 21:16:37,949 BTPWorkerThread-5574 (_rx_task) root DEBUG iutctl_common.py          154   read                      : Received data: {'e0 4e e4 08 dc 1b 00 09 07 00'}, bytearray(b'\xe0N\xe4\x08\xdc\x1b\x00\t\x07\x00')
2026-10-08 21:16:37,949 BTPWorkerThread-5574 (_rx_task) root DEBUG btp.py                    736   event_handler             : Header(svc_id=37, op=134, ctrl_index=0, data_len=10) (b'\xe0N\xe4\x08\xdc\x1b\x00\t\x07\x00',)
2026-10-08 21:16:37,949 BTPWorkerThread-5574 (_rx_task) root DEBUG avrcp.py                  1033  avrcp_ev_pass_through_rsp : avrcp_ev_pass_through_rsp b'\xe0N\xe4\x08\xdc\x1b\x00\t\x07\x00'
2026-10-08 21:16:39,044 LT1-thread root DEBUG avrcp.py                  459   avrcp_pass_through        : avrcp_pass_through None 7 1 None
2026-10-08 21:16:39,044 LT1-thread root DEBUG iutctl_common.py          161   send                      : 37 8 0 "bytearray(b'\\xe0N\\xe4\\x08\\xdc\\x1b\\x00\\x07\\x01\\x00')"
2026-10-08 21:16:39,044 LT1-thread root DEBUG iutctl_common.py          166   send                      : sending frame '2508000a00e04ee408dc1b00070100'
2026-10-08 21:16:39,044 LT1-thread root DEBUG avrcp.py                  145   avrcp_command_rsp_succ    : avrcp_command_rsp_succ
2026-10-08 21:16:39,044 LT1-thread root DEBUG iutctl_common.py          339   read                      : 
2026-10-08 21:16:39,084 BTPWorkerThread-5574 (_rx_task) root DEBUG iutctl_common.py          123   read                      : Read 5 bytes
2026-10-08 21:16:39,090 BTPWorkerThread-5574 (_rx_task) root DEBUG iutctl_common.py          131   read                      : Received: hdr: Header(svc_id=0x25, op=0x08, ctrl_index=0x00, data_len=0x00) bytearray(b'%\x08\x00\x00\x00')
2026-10-08 21:16:39,095 BTPWorkerThread-5574 (_rx_task) root DEBUG iutctl_common.py          154   read                      : Received data: {''}, bytearray(b'')
2026-10-08 21:16:39,095 LT1-thread root DEBUG avrcp.py                  150   avrcp_command_rsp_succ    : received Header(svc_id=37, op=8, ctrl_index=0, data_len=0) (b'',)
2026-10-08 21:16:39,192 BTPWorkerThread-5574 (_rx_task) root DEBUG iutctl_common.py          123   read                      : Read 5 bytes
2026-10-08 21:16:39,192 BTPWorkerThread-5574 (_rx_task) root DEBUG iutctl_common.py          131   read                      : Received: hdr: Header(svc_id=0x25, op=0x86, ctrl_index=0x00, data_len=0x0a) bytearray(b'%\x86\x00\n\x00')
2026-10-08 21:16:39,192 BTPWorkerThread-5574 (_rx_task) root DEBUG iutctl_common.py          139   read                      : Read 10 bytes data
2026-10-08 21:16:39,193 BTPWorkerThread-5574 (_rx_task) root DEBUG iutctl_common.py          154   read                      : Received data: {'e0 4e e4 08 dc 1b 00 09 87 00'}, bytearray(b'\xe0N\xe4\x08\xdc\x1b\x00\t\x87\x00')
2026-10-08 21:16:39,193 BTPWorkerThread-5574 (_rx_task) root DEBUG btp.py                    736   event_handler             : Header(svc_id=37, op=134, ctrl_index=0, data_len=10) (b'\xe0N\xe4\x08\xdc\x1b\x00\t\x87\x00',)
2026-10-08 21:16:39,193 BTPWorkerThread-5574 (_rx_task) root DEBUG avrcp.py                  1033  avrcp_ev_pass_through_rsp : avrcp_ev_pass_through_rsp b'\xe0N\xe4\x08\xdc\x1b\x00\t\x87\x00'
2026-10-08 21:16:39,197 LT1-thread root DEBUG testcase.py               722   run_wid                   : Sending response 'OK' to wid 807 test case AVRCP/CT/PTT/BV-04-C
2026-10-08 21:16:39,199 LT1-thread root DEBUG client.py                 276   get_result                : ClientCallback.get_result run_test_case
2026-10-08 21:16:39,202 LT1-callback ClientCallback.on_implicit_send INFO client.py                 223   on_implicit_send          : 
    ********************
    BEGIN OnImplicitSend:
    project_name: AVRCP
    wid: 808
    test_case_name: AVRCP/CT/PTT/BV-04-C
    description: Send a [LEFT DOWN] passthrough press and release to PTS.

Action: Press the corresponding button on the IUT.

Description: Verify that the Implementation Under Test (IUT) is capable of sending a passthrough press, followed by a passthrough release.
    style: MMI_Style_Ok_Cancel1 0x11041
2026-10-08 21:16:39,202 LT1-callback ClientCallback.on_implicit_send INFO client.py                 236   on_implicit_send          : Calling test cases on_implicit_send
2026-10-08 21:16:39,202 LT1-callback ClientCallback.on_implicit_send INFO client.py                 249   on_implicit_send          : 
    on_implicit_send returned response: WAIT
    END OnImplicitSend
    ********************
2026-10-08 21:16:40,200 LT1-thread root DEBUG testcase.py               679   run_wid                   : AVRCP AVRCP/CT/PTT/BV-04-C on_implicit_send
2026-10-08 21:16:40,200 LT1-thread root DEBUG avrcp_wid.py              25    avrcp_wid_hdl             : avrcp_wid_hdl, 808, Send a [LEFT DOWN] passthrough press and release to PTS.

Action: Press the corresponding button on the IUT.

Description: Verify that the Implementation Under Test (IUT) is capable of sending a passthrough press, followed by a passthrough release., AVRCP/CT/PTT/BV-04-C
2026-10-08 21:16:40,200 LT1-thread root DEBUG avrcp.py                  459   avrcp_pass_through        : avrcp_pass_through None 8 0 None
2026-10-08 21:16:40,200 LT1-thread root DEBUG iutctl_common.py          161   send                      : 37 8 0 "bytearray(b'\\xe0N\\xe4\\x08\\xdc\\x1b\\x00\\x08\\x00\\x00')"
2026-10-08 21:16:40,200 LT1-thread root DEBUG iutctl_common.py          166   send                      : sending frame '2508000a00e04ee408dc1b00080000'
2026-10-08 21:16:40,201 LT1-thread root DEBUG avrcp.py                  145   avrcp_command_rsp_succ    : avrcp_command_rsp_succ
2026-10-08 21:16:40,201 LT1-thread root DEBUG iutctl_common.py          339   read                      : 
2026-10-08 21:16:40,234 BTPWorkerThread-5574 (_rx_task) root DEBUG iutctl_common.py          123   read                      : Read 5 bytes
2026-10-08 21:16:40,234 BTPWorkerThread-5574 (_rx_task) root DEBUG iutctl_common.py          131   read                      : Received: hdr: Header(svc_id=0x25, op=0x08, ctrl_index=0x00, data_len=0x00) bytearray(b'%\x08\x00\x00\x00')
2026-10-08 21:16:40,245 BTPWorkerThread-5574 (_rx_task) root DEBUG iutctl_common.py          154   read                      : Received data: {''}, bytearray(b'')
2026-10-08 21:16:40,245 LT1-thread root DEBUG avrcp.py                  150   avrcp_command_rsp_succ    : received Header(svc_id=37, op=8, ctrl_index=0, data_len=0) (b'',)
2026-10-08 21:16:40,341 BTPWorkerThread-5574 (_rx_task) root DEBUG iutctl_common.py          123   read                      : Read 5 bytes
2026-10-08 21:16:40,341 BTPWorkerThread-5574 (_rx_task) root DEBUG iutctl_common.py          131   read                      : Received: hdr: Header(svc_id=0x25, op=0x86, ctrl_index=0x00, data_len=0x0a) bytearray(b'%\x86\x00\n\x00')
2026-10-08 21:16:40,341 BTPWorkerThread-5574 (_rx_task) root DEBUG iutctl_common.py          139   read                      : Read 10 bytes data
2026-10-08 21:16:40,342 BTPWorkerThread-5574 (_rx_task) root DEBUG iutctl_common.py          154   read                      : Received data: {'e0 4e e4 08 dc 1b 00 09 08 00'}, bytearray(b'\xe0N\xe4\x08\xdc\x1b\x00\t\x08\x00')
2026-10-08 21:16:40,342 BTPWorkerThread-5574 (_rx_task) root DEBUG btp.py                    736   event_handler             : Header(svc_id=37, op=134, ctrl_index=0, data_len=10) (b'\xe0N\xe4\x08\xdc\x1b\x00\t\x08\x00',)
2026-10-08 21:16:40,342 BTPWorkerThread-5574 (_rx_task) root DEBUG avrcp.py                  1033  avrcp_ev_pass_through_rsp : avrcp_ev_pass_through_rsp b'\xe0N\xe4\x08\xdc\x1b\x00\t\x08\x00'
2026-10-08 21:16:41,347 LT1-thread root DEBUG avrcp.py                  459   avrcp_pass_through        : avrcp_pass_through None 8 1 None
2026-10-08 21:16:41,347 LT1-thread root DEBUG iutctl_common.py          161   send                      : 37 8 0 "bytearray(b'\\xe0N\\xe4\\x08\\xdc\\x1b\\x00\\x08\\x01\\x00')"
2026-10-08 21:16:41,347 LT1-thread root DEBUG iutctl_common.py          166   send                      : sending frame '2508000a00e04ee408dc1b00080100'
2026-10-08 21:16:41,347 LT1-thread root DEBUG avrcp.py                  145   avrcp_command_rsp_succ    : avrcp_command_rsp_succ
2026-10-08 21:16:41,348 LT1-thread root DEBUG iutctl_common.py          339   read                      : 
2026-10-08 21:16:41,386 BTPWorkerThread-5574 (_rx_task) root DEBUG iutctl_common.py          123   read                      : Read 5 bytes
2026-10-08 21:16:41,386 BTPWorkerThread-5574 (_rx_task) root DEBUG iutctl_common.py          131   read                      : Received: hdr: Header(svc_id=0x25, op=0x08, ctrl_index=0x00, data_len=0x00) bytearray(b'%\x08\x00\x00\x00')
2026-10-08 21:16:41,386 BTPWorkerThread-5574 (_rx_task) root DEBUG iutctl_common.py          154   read                      : Received data: {''}, bytearray(b'')
2026-10-08 21:16:41,387 LT1-thread root DEBUG avrcp.py                  150   avrcp_command_rsp_succ    : received Header(svc_id=37, op=8, ctrl_index=0, data_len=0) (b'',)
2026-10-08 21:16:41,495 BTPWorkerThread-5574 (_rx_task) root DEBUG iutctl_common.py          123   read                      : Read 5 bytes
2026-10-08 21:16:41,495 BTPWorkerThread-5574 (_rx_task) root DEBUG iutctl_common.py          131   read                      : Received: hdr: Header(svc_id=0x25, op=0x86, ctrl_index=0x00, data_len=0x0a) bytearray(b'%\x86\x00\n\x00')
2026-10-08 21:16:41,495 BTPWorkerThread-5574 (_rx_task) root DEBUG iutctl_common.py          139   read                      : Read 10 bytes data
2026-10-08 21:16:41,496 BTPWorkerThread-5574 (_rx_task) root DEBUG iutctl_common.py          154   read                      : Received data: {'e0 4e e4 08 dc 1b 00 09 88 00'}, bytearray(b'\xe0N\xe4\x08\xdc\x1b\x00\t\x88\x00')
2026-10-08 21:16:41,496 BTPWorkerThread-5574 (_rx_task) root DEBUG btp.py                    736   event_handler             : Header(svc_id=37, op=134, ctrl_index=0, data_len=10) (b'\xe0N\xe4\x08\xdc\x1b\x00\t\x88\x00',)
2026-10-08 21:16:41,496 BTPWorkerThread-5574 (_rx_task) root DEBUG avrcp.py                  1033  avrcp_ev_pass_through_rsp : avrcp_ev_pass_through_rsp b'\xe0N\xe4\x08\xdc\x1b\x00\t\x88\x00'
2026-10-08 21:16:41,589 LT1-thread root DEBUG testcase.py               722   run_wid                   : Sending response 'OK' to wid 808 test case AVRCP/CT/PTT/BV-04-C
2026-10-08 21:16:41,591 LT1-thread root DEBUG client.py                 276   get_result                : ClientCallback.get_result run_test_case
2026-10-08 21:16:41,593 LT1-callback ClientCallback.on_implicit_send INFO client.py                 223   on_implicit_send          : 
    ********************
    BEGIN OnImplicitSend:
    project_name: AVRCP
    wid: 809
    test_case_name: AVRCP/CT/PTT/BV-04-C
    description: Send a [ROOT MENU] passthrough press and release to PTS.

Action: Press the corresponding button on the IUT.

Description: Verify that the Implementation Under Test (IUT) is capable of sending a passthrough press, followed by a passthrough release.
    style: MMI_Style_Ok_Cancel1 0x11041
2026-10-08 21:16:41,593 LT1-callback ClientCallback.on_implicit_send INFO client.py                 236   on_implicit_send          : Calling test cases on_implicit_send
2026-10-08 21:16:41,593 LT1-callback ClientCallback.on_implicit_send INFO client.py                 249   on_implicit_send          : 
    on_implicit_send returned response: WAIT
    END OnImplicitSend
    ********************
2026-10-08 21:16:42,592 LT1-thread root DEBUG testcase.py               679   run_wid                   : AVRCP AVRCP/CT/PTT/BV-04-C on_implicit_send
2026-10-08 21:16:42,592 LT1-thread root DEBUG avrcp_wid.py              25    avrcp_wid_hdl             : avrcp_wid_hdl, 809, Send a [ROOT MENU] passthrough press and release to PTS.

Action: Press the corresponding button on the IUT.

Description: Verify that the Implementation Under Test (IUT) is capable of sending a passthrough press, followed by a passthrough release., AVRCP/CT/PTT/BV-04-C
2026-10-08 21:16:42,592 LT1-thread root DEBUG avrcp.py                  459   avrcp_pass_through        : avrcp_pass_through None 9 0 None
2026-10-08 21:16:42,592 LT1-thread root DEBUG iutctl_common.py          161   send                      : 37 8 0 "bytearray(b'\\xe0N\\xe4\\x08\\xdc\\x1b\\x00\\t\\x00\\x00')"
2026-10-08 21:16:42,592 LT1-thread root DEBUG iutctl_common.py          166   send                      : sending frame '2508000a00e04ee408dc1b00090000'
2026-10-08 21:16:42,593 LT1-thread root DEBUG avrcp.py                  145   avrcp_command_rsp_succ    : avrcp_command_rsp_succ
2026-10-08 21:16:42,593 LT1-thread root DEBUG iutctl_common.py          339   read                      : 
2026-10-08 21:16:42,629 BTPWorkerThread-5574 (_rx_task) root DEBUG iutctl_common.py          123   read                      : Read 5 bytes
2026-10-08 21:16:42,634 BTPWorkerThread-5574 (_rx_task) root DEBUG iutctl_common.py          131   read                      : Received: hdr: Header(svc_id=0x25, op=0x08, ctrl_index=0x00, data_len=0x00) bytearray(b'%\x08\x00\x00\x00')
2026-10-08 21:16:42,634 BTPWorkerThread-5574 (_rx_task) root DEBUG iutctl_common.py          154   read                      : Received data: {''}, bytearray(b'')
2026-10-08 21:16:42,634 LT1-thread root DEBUG avrcp.py                  150   avrcp_command_rsp_succ    : received Header(svc_id=37, op=8, ctrl_index=0, data_len=0) (b'',)
2026-10-08 21:16:42,741 BTPWorkerThread-5574 (_rx_task) root DEBUG iutctl_common.py          123   read                      : Read 5 bytes
2026-10-08 21:16:42,741 BTPWorkerThread-5574 (_rx_task) root DEBUG iutctl_common.py          131   read                      : Received: hdr: Header(svc_id=0x25, op=0x86, ctrl_index=0x00, data_len=0x0a) bytearray(b'%\x86\x00\n\x00')
2026-10-08 21:16:42,741 BTPWorkerThread-5574 (_rx_task) root DEBUG iutctl_common.py          139   read                      : Read 10 bytes data
2026-10-08 21:16:42,742 BTPWorkerThread-5574 (_rx_task) root DEBUG iutctl_common.py          154   read                      : Received data: {'e0 4e e4 08 dc 1b 00 09 09 00'}, bytearray(b'\xe0N\xe4\x08\xdc\x1b\x00\t\t\x00')
2026-10-08 21:16:42,742 BTPWorkerThread-5574 (_rx_task) root DEBUG btp.py                    736   event_handler             : Header(svc_id=37, op=134, ctrl_index=0, data_len=10) (b'\xe0N\xe4\x08\xdc\x1b\x00\t\t\x00',)
2026-10-08 21:16:42,742 BTPWorkerThread-5574 (_rx_task) root DEBUG avrcp.py                  1033  avrcp_ev_pass_through_rsp : avrcp_ev_pass_through_rsp b'\xe0N\xe4\x08\xdc\x1b\x00\t\t\x00'
2026-10-08 21:16:43,836 LT1-thread root DEBUG avrcp.py                  459   avrcp_pass_through        : avrcp_pass_through None 9 1 None
2026-10-08 21:16:43,836 LT1-thread root DEBUG iutctl_common.py          161   send                      : 37 8 0 "bytearray(b'\\xe0N\\xe4\\x08\\xdc\\x1b\\x00\\t\\x01\\x00')"
2026-10-08 21:16:43,836 LT1-thread root DEBUG iutctl_common.py          166   send                      : sending frame '2508000a00e04ee408dc1b00090100'
2026-10-08 21:16:43,836 LT1-thread root DEBUG avrcp.py                  145   avrcp_command_rsp_succ    : avrcp_command_rsp_succ
2026-10-08 21:16:43,837 LT1-thread root DEBUG iutctl_common.py          339   read                      : 
2026-10-08 21:16:43,879 BTPWorkerThread-5574 (_rx_task) root DEBUG iutctl_common.py          123   read                      : Read 5 bytes
2026-10-08 21:16:43,885 BTPWorkerThread-5574 (_rx_task) root DEBUG iutctl_common.py          131   read                      : Received: hdr: Header(svc_id=0x25, op=0x08, ctrl_index=0x00, data_len=0x00) bytearray(b'%\x08\x00\x00\x00')
2026-10-08 21:16:43,885 BTPWorkerThread-5574 (_rx_task) root DEBUG iutctl_common.py          154   read                      : Received data: {''}, bytearray(b'')
2026-10-08 21:16:43,885 LT1-thread root DEBUG avrcp.py                  150   avrcp_command_rsp_succ    : received Header(svc_id=37, op=8, ctrl_index=0, data_len=0) (b'',)
2026-10-08 21:16:43,987 BTPWorkerThread-5574 (_rx_task) root DEBUG iutctl_common.py          123   read                      : Read 5 bytes
2026-10-08 21:16:43,987 BTPWorkerThread-5574 (_rx_task) root DEBUG iutctl_common.py          131   read                      : Received: hdr: Header(svc_id=0x25, op=0x86, ctrl_index=0x00, data_len=0x0a) bytearray(b'%\x86\x00\n\x00')
2026-10-08 21:16:43,987 BTPWorkerThread-5574 (_rx_task) root DEBUG iutctl_common.py          139   read                      : Read 10 bytes data
2026-10-08 21:16:43,988 BTPWorkerThread-5574 (_rx_task) root DEBUG iutctl_common.py          154   read                      : Received data: {'e0 4e e4 08 dc 1b 00 09 89 00'}, bytearray(b'\xe0N\xe4\x08\xdc\x1b\x00\t\x89\x00')
2026-10-08 21:16:43,988 BTPWorkerThread-5574 (_rx_task) root DEBUG btp.py                    736   event_handler             : Header(svc_id=37, op=134, ctrl_index=0, data_len=10) (b'\xe0N\xe4\x08\xdc\x1b\x00\t\x89\x00',)
2026-10-08 21:16:43,988 BTPWorkerThread-5574 (_rx_task) root DEBUG avrcp.py                  1033  avrcp_ev_pass_through_rsp : avrcp_ev_pass_through_rsp b'\xe0N\xe4\x08\xdc\x1b\x00\t\x89\x00'
2026-10-08 21:16:44,088 LT1-thread root DEBUG testcase.py               722   run_wid                   : Sending response 'OK' to wid 809 test case AVRCP/CT/PTT/BV-04-C
2026-10-08 21:16:44,090 LT1-thread root DEBUG client.py                 276   get_result                : ClientCallback.get_result run_test_case
2026-10-08 21:16:44,092 LT1-callback ClientCallback.on_implicit_send INFO client.py                 223   on_implicit_send          : 
    ********************
    BEGIN OnImplicitSend:
    project_name: AVRCP
    wid: 810
    test_case_name: AVRCP/CT/PTT/BV-04-C
    description: Send a [SETUP MENU] passthrough press and release to PTS.

Action: Press the corresponding button on the IUT.

Description: Verify that the Implementation Under Test (IUT) is capable of sending a passthrough press, followed by a passthrough release.
    style: MMI_Style_Ok_Cancel1 0x11041
2026-10-08 21:16:44,092 LT1-callback ClientCallback.on_implicit_send INFO client.py                 236   on_implicit_send          : Calling test cases on_implicit_send
2026-10-08 21:16:44,092 LT1-callback ClientCallback.on_implicit_send INFO client.py                 249   on_implicit_send          : 
    on_implicit_send returned response: WAIT
    END OnImplicitSend
    ********************
2026-10-08 21:16:45,090 LT1-thread root DEBUG testcase.py               679   run_wid                   : AVRCP AVRCP/CT/PTT/BV-04-C on_implicit_send
2026-10-08 21:16:45,090 LT1-thread root DEBUG avrcp_wid.py              25    avrcp_wid_hdl             : avrcp_wid_hdl, 810, Send a [SETUP MENU] passthrough press and release to PTS.

Action: Press the corresponding button on the IUT.

Description: Verify that the Implementation Under Test (IUT) is capable of sending a passthrough press, followed by a passthrough release., AVRCP/CT/PTT/BV-04-C
2026-10-08 21:16:45,090 LT1-thread root DEBUG avrcp.py                  459   avrcp_pass_through        : avrcp_pass_through None 10 0 None
2026-10-08 21:16:45,090 LT1-thread root DEBUG iutctl_common.py          161   send                      : 37 8 0 "bytearray(b'\\xe0N\\xe4\\x08\\xdc\\x1b\\x00\\n\\x00\\x00')"
2026-10-08 21:16:45,090 LT1-thread root DEBUG iutctl_common.py          166   send                      : sending frame '2508000a00e04ee408dc1b000a0000'
2026-10-08 21:16:45,091 LT1-thread root DEBUG avrcp.py                  145   avrcp_command_rsp_succ    : avrcp_command_rsp_succ
2026-10-08 21:16:45,091 LT1-thread root DEBUG iutctl_common.py          339   read                      : 
2026-10-08 21:16:45,122 BTPWorkerThread-5574 (_rx_task) root DEBUG iutctl_common.py          123   read                      : Read 5 bytes
2026-10-08 21:16:45,132 BTPWorkerThread-5574 (_rx_task) root DEBUG iutctl_common.py          131   read                      : Received: hdr: Header(svc_id=0x25, op=0x08, ctrl_index=0x00, data_len=0x00) bytearray(b'%\x08\x00\x00\x00')
2026-10-08 21:16:45,138 BTPWorkerThread-5574 (_rx_task) root DEBUG iutctl_common.py          154   read                      : Received data: {''}, bytearray(b'')
2026-10-08 21:16:45,138 LT1-thread root DEBUG avrcp.py                  150   avrcp_command_rsp_succ    : received Header(svc_id=37, op=8, ctrl_index=0, data_len=0) (b'',)
2026-10-08 21:16:45,225 BTPWorkerThread-5574 (_rx_task) root DEBUG iutctl_common.py          123   read                      : Read 5 bytes
2026-10-08 21:16:45,225 BTPWorkerThread-5574 (_rx_task) root DEBUG iutctl_common.py          131   read                      : Received: hdr: Header(svc_id=0x25, op=0x86, ctrl_index=0x00, data_len=0x0a) bytearray(b'%\x86\x00\n\x00')
2026-10-08 21:16:45,225 BTPWorkerThread-5574 (_rx_task) root DEBUG iutctl_common.py          139   read                      : Read 10 bytes data
2026-10-08 21:16:45,226 BTPWorkerThread-5574 (_rx_task) root DEBUG iutctl_common.py          154   read                      : Received data: {'e0 4e e4 08 dc 1b 00 09 0a 00'}, bytearray(b'\xe0N\xe4\x08\xdc\x1b\x00\t\n\x00')
2026-10-08 21:16:45,226 BTPWorkerThread-5574 (_rx_task) root DEBUG btp.py                    736   event_handler             : Header(svc_id=37, op=134, ctrl_index=0, data_len=10) (b'\xe0N\xe4\x08\xdc\x1b\x00\t\n\x00',)
2026-10-08 21:16:45,226 BTPWorkerThread-5574 (_rx_task) root DEBUG avrcp.py                  1033  avrcp_ev_pass_through_rsp : avrcp_ev_pass_through_rsp b'\xe0N\xe4\x08\xdc\x1b\x00\t\n\x00'
2026-10-08 21:16:46,241 LT1-thread root DEBUG avrcp.py                  459   avrcp_pass_through        : avrcp_pass_through None 10 1 None
2026-10-08 21:16:46,241 LT1-thread root DEBUG iutctl_common.py          161   send                      : 37 8 0 "bytearray(b'\\xe0N\\xe4\\x08\\xdc\\x1b\\x00\\n\\x01\\x00')"
2026-10-08 21:16:46,241 LT1-thread root DEBUG iutctl_common.py          166   send                      : sending frame '2508000a00e04ee408dc1b000a0100'
2026-10-08 21:16:46,242 LT1-thread root DEBUG avrcp.py                  145   avrcp_command_rsp_succ    : avrcp_command_rsp_succ
2026-10-08 21:16:46,242 LT1-thread root DEBUG iutctl_common.py          339   read                      : 
2026-10-08 21:16:46,283 BTPWorkerThread-5574 (_rx_task) root DEBUG iutctl_common.py          123   read                      : Read 5 bytes
2026-10-08 21:16:46,293 BTPWorkerThread-5574 (_rx_task) root DEBUG iutctl_common.py          131   read                      : Received: hdr: Header(svc_id=0x25, op=0x08, ctrl_index=0x00, data_len=0x00) bytearray(b'%\x08\x00\x00\x00')
2026-10-08 21:16:46,299 BTPWorkerThread-5574 (_rx_task) root DEBUG iutctl_common.py          154   read                      : Received data: {''}, bytearray(b'')
2026-10-08 21:16:46,299 LT1-thread root DEBUG avrcp.py                  150   avrcp_command_rsp_succ    : received Header(svc_id=37, op=8, ctrl_index=0, data_len=0) (b'',)
2026-10-08 21:16:46,388 BTPWorkerThread-5574 (_rx_task) root DEBUG iutctl_common.py          123   read                      : Read 5 bytes
2026-10-08 21:16:46,388 BTPWorkerThread-5574 (_rx_task) root DEBUG iutctl_common.py          131   read                      : Received: hdr: Header(svc_id=0x25, op=0x86, ctrl_index=0x00, data_len=0x0a) bytearray(b'%\x86\x00\n\x00')
2026-10-08 21:16:46,388 BTPWorkerThread-5574 (_rx_task) root DEBUG iutctl_common.py          139   read                      : Read 10 bytes data
2026-10-08 21:16:46,389 BTPWorkerThread-5574 (_rx_task) root DEBUG iutctl_common.py          154   read                      : Received data: {'e0 4e e4 08 dc 1b 00 09 8a 00'}, bytearray(b'\xe0N\xe4\x08\xdc\x1b\x00\t\x8a\x00')
2026-10-08 21:16:46,389 BTPWorkerThread-5574 (_rx_task) root DEBUG btp.py                    736   event_handler             : Header(svc_id=37, op=134, ctrl_index=0, data_len=10) (b'\xe0N\xe4\x08\xdc\x1b\x00\t\x8a\x00',)
2026-10-08 21:16:46,389 BTPWorkerThread-5574 (_rx_task) root DEBUG avrcp.py                  1033  avrcp_ev_pass_through_rsp : avrcp_ev_pass_through_rsp b'\xe0N\xe4\x08\xdc\x1b\x00\t\x8a\x00'
2026-10-08 21:16:46,400 LT1-thread root DEBUG testcase.py               722   run_wid                   : Sending response 'OK' to wid 810 test case AVRCP/CT/PTT/BV-04-C
2026-10-08 21:16:46,402 LT1-thread root DEBUG client.py                 276   get_result                : ClientCallback.get_result run_test_case
2026-10-08 21:16:46,404 LT1-callback ClientCallback.on_implicit_send INFO client.py                 223   on_implicit_send          : 
    ********************
    BEGIN OnImplicitSend:
    project_name: AVRCP
    wid: 811
    test_case_name: AVRCP/CT/PTT/BV-04-C
    description: Send a [CONTENTS MENU] passthrough press and release to PTS.

Action: Press the corresponding button on the IUT.

Description: Verify that the Implementation Under Test (IUT) is capable of sending a passthrough press, followed by a passthrough release.
    style: MMI_Style_Ok_Cancel1 0x11041
2026-10-08 21:16:46,405 LT1-callback ClientCallback.on_implicit_send INFO client.py                 236   on_implicit_send          : Calling test cases on_implicit_send
2026-10-08 21:16:46,405 LT1-callback ClientCallback.on_implicit_send INFO client.py                 249   on_implicit_send          : 
    on_implicit_send returned response: WAIT
    END OnImplicitSend
    ********************
2026-10-08 21:16:47,403 LT1-thread root DEBUG testcase.py               679   run_wid                   : AVRCP AVRCP/CT/PTT/BV-04-C on_implicit_send
2026-10-08 21:16:47,403 LT1-thread root DEBUG avrcp_wid.py              25    avrcp_wid_hdl             : avrcp_wid_hdl, 811, Send a [CONTENTS MENU] passthrough press and release to PTS.

Action: Press the corresponding button on the IUT.

Description: Verify that the Implementation Under Test (IUT) is capable of sending a passthrough press, followed by a passthrough release., AVRCP/CT/PTT/BV-04-C
2026-10-08 21:16:47,403 LT1-thread root DEBUG avrcp.py                  459   avrcp_pass_through        : avrcp_pass_through None 11 0 None
2026-10-08 21:16:47,403 LT1-thread root DEBUG iutctl_common.py          161   send                      : 37 8 0 "bytearray(b'\\xe0N\\xe4\\x08\\xdc\\x1b\\x00\\x0b\\x00\\x00')"
2026-10-08 21:16:47,403 LT1-thread root DEBUG iutctl_common.py          166   send                      : sending frame '2508000a00e04ee408dc1b000b0000'
2026-10-08 21:16:47,404 LT1-thread root DEBUG avrcp.py                  145   avrcp_command_rsp_succ    : avrcp_command_rsp_succ
2026-10-08 21:16:47,404 LT1-thread root DEBUG iutctl_common.py          339   read                      : 
2026-10-08 21:16:47,434 BTPWorkerThread-5574 (_rx_task) root DEBUG iutctl_common.py          123   read                      : Read 5 bytes
2026-10-08 21:16:47,434 BTPWorkerThread-5574 (_rx_task) root DEBUG iutctl_common.py          131   read                      : Received: hdr: Header(svc_id=0x25, op=0x08, ctrl_index=0x00, data_len=0x00) bytearray(b'%\x08\x00\x00\x00')
2026-10-08 21:16:47,434 BTPWorkerThread-5574 (_rx_task) root DEBUG iutctl_common.py          154   read                      : Received data: {''}, bytearray(b'')
2026-10-08 21:16:47,434 LT1-thread root DEBUG avrcp.py                  150   avrcp_command_rsp_succ    : received Header(svc_id=37, op=8, ctrl_index=0, data_len=0) (b'',)
2026-10-08 21:16:47,556 BTPWorkerThread-5574 (_rx_task) root DEBUG iutctl_common.py          123   read                      : Read 5 bytes
2026-10-08 21:16:47,556 BTPWorkerThread-5574 (_rx_task) root DEBUG iutctl_common.py          131   read                      : Received: hdr: Header(svc_id=0x25, op=0x86, ctrl_index=0x00, data_len=0x0a) bytearray(b'%\x86\x00\n\x00')
2026-10-08 21:16:47,556 BTPWorkerThread-5574 (_rx_task) root DEBUG iutctl_common.py          139   read                      : Read 10 bytes data
2026-10-08 21:16:47,557 BTPWorkerThread-5574 (_rx_task) root DEBUG iutctl_common.py          154   read                      : Received data: {'e0 4e e4 08 dc 1b 00 09 0b 00'}, bytearray(b'\xe0N\xe4\x08\xdc\x1b\x00\t\x0b\x00')
2026-10-08 21:16:47,557 BTPWorkerThread-5574 (_rx_task) root DEBUG btp.py                    736   event_handler             : Header(svc_id=37, op=134, ctrl_index=0, data_len=10) (b'\xe0N\xe4\x08\xdc\x1b\x00\t\x0b\x00',)
2026-10-08 21:16:47,557 BTPWorkerThread-5574 (_rx_task) root DEBUG avrcp.py                  1033  avrcp_ev_pass_through_rsp : avrcp_ev_pass_through_rsp b'\xe0N\xe4\x08\xdc\x1b\x00\t\x0b\x00'
2026-10-08 21:16:48,637 LT1-thread root DEBUG avrcp.py                  459   avrcp_pass_through        : avrcp_pass_through None 11 1 None
2026-10-08 21:16:48,637 LT1-thread root DEBUG iutctl_common.py          161   send                      : 37 8 0 "bytearray(b'\\xe0N\\xe4\\x08\\xdc\\x1b\\x00\\x0b\\x01\\x00')"
2026-10-08 21:16:48,637 LT1-thread root DEBUG iutctl_common.py          166   send                      : sending frame '2508000a00e04ee408dc1b000b0100'
2026-10-08 21:16:48,637 LT1-thread root DEBUG avrcp.py                  145   avrcp_command_rsp_succ    : avrcp_command_rsp_succ
2026-10-08 21:16:48,638 LT1-thread root DEBUG iutctl_common.py          339   read                      : 
2026-10-08 21:16:48,665 BTPWorkerThread-5574 (_rx_task) root DEBUG iutctl_common.py          123   read                      : Read 5 bytes
2026-10-08 21:16:48,676 BTPWorkerThread-5574 (_rx_task) root DEBUG iutctl_common.py          131   read                      : Received: hdr: Header(svc_id=0x25, op=0x08, ctrl_index=0x00, data_len=0x00) bytearray(b'%\x08\x00\x00\x00')
2026-10-08 21:16:48,682 BTPWorkerThread-5574 (_rx_task) root DEBUG iutctl_common.py          154   read                      : Received data: {''}, bytearray(b'')
2026-10-08 21:16:48,682 LT1-thread root DEBUG avrcp.py                  150   avrcp_command_rsp_succ    : received Header(svc_id=37, op=8, ctrl_index=0, data_len=0) (b'',)
2026-10-08 21:16:48,787 BTPWorkerThread-5574 (_rx_task) root DEBUG iutctl_common.py          123   read                      : Read 5 bytes
2026-10-08 21:16:48,787 BTPWorkerThread-5574 (_rx_task) root DEBUG iutctl_common.py          131   read                      : Received: hdr: Header(svc_id=0x25, op=0x86, ctrl_index=0x00, data_len=0x0a) bytearray(b'%\x86\x00\n\x00')
2026-10-08 21:16:48,787 BTPWorkerThread-5574 (_rx_task) root DEBUG iutctl_common.py          139   read                      : Read 10 bytes data
2026-10-08 21:16:48,788 BTPWorkerThread-5574 (_rx_task) root DEBUG iutctl_common.py          154   read                      : Received data: {'e0 4e e4 08 dc 1b 00 09 8b 00'}, bytearray(b'\xe0N\xe4\x08\xdc\x1b\x00\t\x8b\x00')
2026-10-08 21:16:48,788 BTPWorkerThread-5574 (_rx_task) root DEBUG btp.py                    736   event_handler             : Header(svc_id=37, op=134, ctrl_index=0, data_len=10) (b'\xe0N\xe4\x08\xdc\x1b\x00\t\x8b\x00',)
2026-10-08 21:16:48,788 BTPWorkerThread-5574 (_rx_task) root DEBUG avrcp.py                  1033  avrcp_ev_pass_through_rsp : avrcp_ev_pass_through_rsp b'\xe0N\xe4\x08\xdc\x1b\x00\t\x8b\x00'
2026-10-08 21:16:48,884 LT1-thread root DEBUG testcase.py               722   run_wid                   : Sending response 'OK' to wid 811 test case AVRCP/CT/PTT/BV-04-C
2026-10-08 21:16:48,886 LT1-thread root DEBUG client.py                 276   get_result                : ClientCallback.get_result run_test_case
2026-10-08 21:16:48,888 LT1-callback ClientCallback.on_implicit_send INFO client.py                 223   on_implicit_send          : 
    ********************
    BEGIN OnImplicitSend:
    project_name: AVRCP
    wid: 812
    test_case_name: AVRCP/CT/PTT/BV-04-C
    description: Send a [FAVORITE MENU] passthrough press and release to PTS.

Action: Press the corresponding button on the IUT.

Description: Verify that the Implementation Under Test (IUT) is capable of sending a passthrough press, followed by a passthrough release.
    style: MMI_Style_Ok_Cancel1 0x11041
2026-10-08 21:16:48,888 LT1-callback ClientCallback.on_implicit_send INFO client.py                 236   on_implicit_send          : Calling test cases on_implicit_send
2026-10-08 21:16:48,888 LT1-callback ClientCallback.on_implicit_send INFO client.py                 249   on_implicit_send          : 
    on_implicit_send returned response: WAIT
    END OnImplicitSend
    ********************
2026-10-08 21:16:49,887 LT1-thread root DEBUG testcase.py               679   run_wid                   : AVRCP AVRCP/CT/PTT/BV-04-C on_implicit_send
2026-10-08 21:16:49,887 LT1-thread root DEBUG avrcp_wid.py              25    avrcp_wid_hdl             : avrcp_wid_hdl, 812, Send a [FAVORITE MENU] passthrough press and release to PTS.

Action: Press the corresponding button on the IUT.

Description: Verify that the Implementation Under Test (IUT) is capable of sending a passthrough press, followed by a passthrough release., AVRCP/CT/PTT/BV-04-C
2026-10-08 21:16:49,887 LT1-thread root DEBUG avrcp.py                  459   avrcp_pass_through        : avrcp_pass_through None 12 0 None
2026-10-08 21:16:49,887 LT1-thread root DEBUG iutctl_common.py          161   send                      : 37 8 0 "bytearray(b'\\xe0N\\xe4\\x08\\xdc\\x1b\\x00\\x0c\\x00\\x00')"
2026-10-08 21:16:49,887 LT1-thread root DEBUG iutctl_common.py          166   send                      : sending frame '2508000a00e04ee408dc1b000c0000'
2026-10-08 21:16:49,888 LT1-thread root DEBUG avrcp.py                  145   avrcp_command_rsp_succ    : avrcp_command_rsp_succ
2026-10-08 21:16:49,888 LT1-thread root DEBUG iutctl_common.py          339   read                      : 
2026-10-08 21:16:49,926 BTPWorkerThread-5574 (_rx_task) root DEBUG iutctl_common.py          123   read                      : Read 5 bytes
2026-10-08 21:16:49,931 BTPWorkerThread-5574 (_rx_task) root DEBUG iutctl_common.py          131   read                      : Received: hdr: Header(svc_id=0x25, op=0x08, ctrl_index=0x00, data_len=0x00) bytearray(b'%\x08\x00\x00\x00')
2026-10-08 21:16:49,936 BTPWorkerThread-5574 (_rx_task) root DEBUG iutctl_common.py          154   read                      : Received data: {''}, bytearray(b'')
2026-10-08 21:16:49,936 LT1-thread root DEBUG avrcp.py                  150   avrcp_command_rsp_succ    : received Header(svc_id=37, op=8, ctrl_index=0, data_len=0) (b'',)
2026-10-08 21:16:50,065 BTPWorkerThread-5574 (_rx_task) root DEBUG iutctl_common.py          123   read                      : Read 5 bytes
2026-10-08 21:16:50,065 BTPWorkerThread-5574 (_rx_task) root DEBUG iutctl_common.py          131   read                      : Received: hdr: Header(svc_id=0x25, op=0x86, ctrl_index=0x00, data_len=0x0a) bytearray(b'%\x86\x00\n\x00')
2026-10-08 21:16:50,065 BTPWorkerThread-5574 (_rx_task) root DEBUG iutctl_common.py          139   read                      : Read 10 bytes data
2026-10-08 21:16:50,066 BTPWorkerThread-5574 (_rx_task) root DEBUG iutctl_common.py          154   read                      : Received data: {'e0 4e e4 08 dc 1b 00 09 0c 00'}, bytearray(b'\xe0N\xe4\x08\xdc\x1b\x00\t\x0c\x00')
2026-10-08 21:16:50,066 BTPWorkerThread-5574 (_rx_task) root DEBUG btp.py                    736   event_handler             : Header(svc_id=37, op=134, ctrl_index=0, data_len=10) (b'\xe0N\xe4\x08\xdc\x1b\x00\t\x0c\x00',)
2026-10-08 21:16:50,066 BTPWorkerThread-5574 (_rx_task) root DEBUG avrcp.py                  1033  avrcp_ev_pass_through_rsp : avrcp_ev_pass_through_rsp b'\xe0N\xe4\x08\xdc\x1b\x00\t\x0c\x00'
2026-10-08 21:16:51,138 LT1-thread root DEBUG avrcp.py                  459   avrcp_pass_through        : avrcp_pass_through None 12 1 None
2026-10-08 21:16:51,138 LT1-thread root DEBUG iutctl_common.py          161   send                      : 37 8 0 "bytearray(b'\\xe0N\\xe4\\x08\\xdc\\x1b\\x00\\x0c\\x01\\x00')"
2026-10-08 21:16:51,138 LT1-thread root DEBUG iutctl_common.py          166   send                      : sending frame '2508000a00e04ee408dc1b000c0100'
2026-10-08 21:16:51,139 LT1-thread root DEBUG avrcp.py                  145   avrcp_command_rsp_succ    : avrcp_command_rsp_succ
2026-10-08 21:16:51,139 LT1-thread root DEBUG iutctl_common.py          339   read                      : 
2026-10-08 21:16:51,180 BTPWorkerThread-5574 (_rx_task) root DEBUG iutctl_common.py          123   read                      : Read 5 bytes
2026-10-08 21:16:51,180 BTPWorkerThread-5574 (_rx_task) root DEBUG iutctl_common.py          131   read                      : Received: hdr: Header(svc_id=0x25, op=0x08, ctrl_index=0x00, data_len=0x00) bytearray(b'%\x08\x00\x00\x00')
2026-10-08 21:16:51,181 BTPWorkerThread-5574 (_rx_task) root DEBUG iutctl_common.py          154   read                      : Received data: {''}, bytearray(b'')
2026-10-08 21:16:51,191 LT1-thread root DEBUG avrcp.py                  150   avrcp_command_rsp_succ    : received Header(svc_id=37, op=8, ctrl_index=0, data_len=0) (b'',)
2026-10-08 21:16:51,295 BTPWorkerThread-5574 (_rx_task) root DEBUG iutctl_common.py          123   read                      : Read 5 bytes
2026-10-08 21:16:51,295 BTPWorkerThread-5574 (_rx_task) root DEBUG iutctl_common.py          131   read                      : Received: hdr: Header(svc_id=0x25, op=0x86, ctrl_index=0x00, data_len=0x0a) bytearray(b'%\x86\x00\n\x00')
2026-10-08 21:16:51,295 BTPWorkerThread-5574 (_rx_task) root DEBUG iutctl_common.py          139   read                      : Read 10 bytes data
2026-10-08 21:16:51,296 BTPWorkerThread-5574 (_rx_task) root DEBUG iutctl_common.py          154   read                      : Received data: {'e0 4e e4 08 dc 1b 00 09 8c 00'}, bytearray(b'\xe0N\xe4\x08\xdc\x1b\x00\t\x8c\x00')
2026-10-08 21:16:51,296 BTPWorkerThread-5574 (_rx_task) root DEBUG btp.py                    736   event_handler             : Header(svc_id=37, op=134, ctrl_index=0, data_len=10) (b'\xe0N\xe4\x08\xdc\x1b\x00\t\x8c\x00',)
2026-10-08 21:16:51,296 BTPWorkerThread-5574 (_rx_task) root DEBUG avrcp.py                  1033  avrcp_ev_pass_through_rsp : avrcp_ev_pass_through_rsp b'\xe0N\xe4\x08\xdc\x1b\x00\t\x8c\x00'
2026-10-08 21:16:51,392 LT1-thread root DEBUG testcase.py               722   run_wid                   : Sending response 'OK' to wid 812 test case AVRCP/CT/PTT/BV-04-C
2026-10-08 21:16:51,394 LT1-thread root DEBUG client.py                 276   get_result                : ClientCallback.get_result run_test_case
2026-10-08 21:16:51,396 LT1-callback ClientCallback.on_implicit_send INFO client.py                 223   on_implicit_send          : 
    ********************
    BEGIN OnImplicitSend:
    project_name: AVRCP
    wid: 813
    test_case_name: AVRCP/CT/PTT/BV-04-C
    description: Send a [EXIT] passthrough press and release to PTS.

Action: Press the corresponding button on the IUT.

Description: Verify that the Implementation Under Test (IUT) is capable of sending a passthrough press, followed by a passthrough release.
    style: MMI_Style_Ok_Cancel1 0x11041
2026-10-08 21:16:51,396 LT1-callback ClientCallback.on_implicit_send INFO client.py                 236   on_implicit_send          : Calling test cases on_implicit_send
2026-10-08 21:16:51,396 LT1-callback ClientCallback.on_implicit_send INFO client.py                 249   on_implicit_send          : 
    on_implicit_send returned response: WAIT
    END OnImplicitSend
    ********************
2026-10-08 21:16:52,395 LT1-thread root DEBUG testcase.py               679   run_wid                   : AVRCP AVRCP/CT/PTT/BV-04-C on_implicit_send
2026-10-08 21:16:52,395 LT1-thread root DEBUG avrcp_wid.py              25    avrcp_wid_hdl             : avrcp_wid_hdl, 813, Send a [EXIT] passthrough press and release to PTS.

Action: Press the corresponding button on the IUT.

Description: Verify that the Implementation Under Test (IUT) is capable of sending a passthrough press, followed by a passthrough release., AVRCP/CT/PTT/BV-04-C
2026-10-08 21:16:52,395 LT1-thread root DEBUG avrcp.py                  459   avrcp_pass_through        : avrcp_pass_through None 13 0 None
2026-10-08 21:16:52,395 LT1-thread root DEBUG iutctl_common.py          161   send                      : 37 8 0 "bytearray(b'\\xe0N\\xe4\\x08\\xdc\\x1b\\x00\\r\\x00\\x00')"
2026-10-08 21:16:52,395 LT1-thread root DEBUG iutctl_common.py          166   send                      : sending frame '2508000a00e04ee408dc1b000d0000'
2026-10-08 21:16:52,396 LT1-thread root DEBUG avrcp.py                  145   avrcp_command_rsp_succ    : avrcp_command_rsp_succ
2026-10-08 21:16:52,396 LT1-thread root DEBUG iutctl_common.py          339   read                      : 
2026-10-08 21:16:52,424 BTPWorkerThread-5574 (_rx_task) root DEBUG iutctl_common.py          123   read                      : Read 5 bytes
2026-10-08 21:16:52,436 BTPWorkerThread-5574 (_rx_task) root DEBUG iutctl_common.py          131   read                      : Received: hdr: Header(svc_id=0x25, op=0x08, ctrl_index=0x00, data_len=0x00) bytearray(b'%\x08\x00\x00\x00')
2026-10-08 21:16:52,441 BTPWorkerThread-5574 (_rx_task) root DEBUG iutctl_common.py          154   read                      : Received data: {''}, bytearray(b'')
2026-10-08 21:16:52,441 LT1-thread root DEBUG avrcp.py                  150   avrcp_command_rsp_succ    : received Header(svc_id=37, op=8, ctrl_index=0, data_len=0) (b'',)
2026-10-08 21:16:52,548 BTPWorkerThread-5574 (_rx_task) root DEBUG iutctl_common.py          123   read                      : Read 5 bytes
2026-10-08 21:16:52,548 BTPWorkerThread-5574 (_rx_task) root DEBUG iutctl_common.py          131   read                      : Received: hdr: Header(svc_id=0x25, op=0x86, ctrl_index=0x00, data_len=0x0a) bytearray(b'%\x86\x00\n\x00')
2026-10-08 21:16:52,549 BTPWorkerThread-5574 (_rx_task) root DEBUG iutctl_common.py          139   read                      : Read 10 bytes data
2026-10-08 21:16:52,549 BTPWorkerThread-5574 (_rx_task) root DEBUG iutctl_common.py          154   read                      : Received data: {'e0 4e e4 08 dc 1b 00 09 0d 00'}, bytearray(b'\xe0N\xe4\x08\xdc\x1b\x00\t\r\x00')
2026-10-08 21:16:52,549 BTPWorkerThread-5574 (_rx_task) root DEBUG btp.py                    736   event_handler             : Header(svc_id=37, op=134, ctrl_index=0, data_len=10) (b'\xe0N\xe4\x08\xdc\x1b\x00\t\r\x00',)
2026-10-08 21:16:52,549 BTPWorkerThread-5574 (_rx_task) root DEBUG avrcp.py                  1033  avrcp_ev_pass_through_rsp : avrcp_ev_pass_through_rsp b'\xe0N\xe4\x08\xdc\x1b\x00\t\r\x00'
2026-10-08 21:16:53,644 LT1-thread root DEBUG avrcp.py                  459   avrcp_pass_through        : avrcp_pass_through None 13 1 None
2026-10-08 21:16:53,644 LT1-thread root DEBUG iutctl_common.py          161   send                      : 37 8 0 "bytearray(b'\\xe0N\\xe4\\x08\\xdc\\x1b\\x00\\r\\x01\\x00')"
2026-10-08 21:16:53,644 LT1-thread root DEBUG iutctl_common.py          166   send                      : sending frame '2508000a00e04ee408dc1b000d0100'
2026-10-08 21:16:53,645 LT1-thread root DEBUG avrcp.py                  145   avrcp_command_rsp_succ    : avrcp_command_rsp_succ
2026-10-08 21:16:53,645 LT1-thread root DEBUG iutctl_common.py          339   read                      : 
2026-10-08 21:16:53,680 BTPWorkerThread-5574 (_rx_task) root DEBUG iutctl_common.py          123   read                      : Read 5 bytes
2026-10-08 21:16:53,691 BTPWorkerThread-5574 (_rx_task) root DEBUG iutctl_common.py          131   read                      : Received: hdr: Header(svc_id=0x25, op=0x08, ctrl_index=0x00, data_len=0x00) bytearray(b'%\x08\x00\x00\x00')
2026-10-08 21:16:53,697 BTPWorkerThread-5574 (_rx_task) root DEBUG iutctl_common.py          154   read                      : Received data: {''}, bytearray(b'')
2026-10-08 21:16:53,697 LT1-thread root DEBUG avrcp.py                  150   avrcp_command_rsp_succ    : received Header(svc_id=37, op=8, ctrl_index=0, data_len=0) (b'',)
2026-10-08 21:16:53,790 BTPWorkerThread-5574 (_rx_task) root DEBUG iutctl_common.py          123   read                      : Read 5 bytes
2026-10-08 21:16:53,790 BTPWorkerThread-5574 (_rx_task) root DEBUG iutctl_common.py          131   read                      : Received: hdr: Header(svc_id=0x25, op=0x86, ctrl_index=0x00, data_len=0x0a) bytearray(b'%\x86\x00\n\x00')
2026-10-08 21:16:53,790 BTPWorkerThread-5574 (_rx_task) root DEBUG iutctl_common.py          139   read                      : Read 10 bytes data
2026-10-08 21:16:53,791 BTPWorkerThread-5574 (_rx_task) root DEBUG iutctl_common.py          154   read                      : Received data: {'e0 4e e4 08 dc 1b 00 09 8d 00'}, bytearray(b'\xe0N\xe4\x08\xdc\x1b\x00\t\x8d\x00')
2026-10-08 21:16:53,791 BTPWorkerThread-5574 (_rx_task) root DEBUG btp.py                    736   event_handler             : Header(svc_id=37, op=134, ctrl_index=0, data_len=10) (b'\xe0N\xe4\x08\xdc\x1b\x00\t\x8d\x00',)
2026-10-08 21:16:53,791 BTPWorkerThread-5574 (_rx_task) root DEBUG avrcp.py                  1033  avrcp_ev_pass_through_rsp : avrcp_ev_pass_through_rsp b'\xe0N\xe4\x08\xdc\x1b\x00\t\x8d\x00'
2026-10-08 21:16:53,798 LT1-thread root DEBUG testcase.py               722   run_wid                   : Sending response 'OK' to wid 813 test case AVRCP/CT/PTT/BV-04-C
2026-10-08 21:16:53,800 LT1-thread root DEBUG client.py                 276   get_result                : ClientCallback.get_result run_test_case
2026-10-08 21:16:53,803 LT1-callback ClientCallback.on_implicit_send INFO client.py                 223   on_implicit_send          : 
    ********************
    BEGIN OnImplicitSend:
    project_name: AVRCP
    wid: 814
    test_case_name: AVRCP/CT/PTT/BV-04-C
    description: Send a [0] passthrough press and release to PTS.

Action: Press the corresponding button on the IUT.

Description: Verify that the Implementation Under Test (IUT) is capable of sending a passthrough press, followed by a passthrough release.
    style: MMI_Style_Ok_Cancel1 0x11041
2026-10-08 21:16:53,803 LT1-callback ClientCallback.on_implicit_send INFO client.py                 236   on_implicit_send          : Calling test cases on_implicit_send
2026-10-08 21:16:53,803 LT1-callback ClientCallback.on_implicit_send INFO client.py                 249   on_implicit_send          : 
    on_implicit_send returned response: WAIT
    END OnImplicitSend
    ********************
2026-10-08 21:16:54,801 LT1-thread root DEBUG testcase.py               679   run_wid                   : AVRCP AVRCP/CT/PTT/BV-04-C on_implicit_send
2026-10-08 21:16:54,801 LT1-thread root DEBUG avrcp_wid.py              25    avrcp_wid_hdl             : avrcp_wid_hdl, 814, Send a [0] passthrough press and release to PTS.

Action: Press the corresponding button on the IUT.

Description: Verify that the Implementation Under Test (IUT) is capable of sending a passthrough press, followed by a passthrough release., AVRCP/CT/PTT/BV-04-C
2026-10-08 21:16:54,801 LT1-thread root DEBUG avrcp.py                  459   avrcp_pass_through        : avrcp_pass_through None 32 0 None
2026-10-08 21:16:54,801 LT1-thread root DEBUG iutctl_common.py          161   send                      : 37 8 0 "bytearray(b'\\xe0N\\xe4\\x08\\xdc\\x1b\\x00 \\x00\\x00')"
2026-10-08 21:16:54,801 LT1-thread root DEBUG iutctl_common.py          166   send                      : sending frame '2508000a00e04ee408dc1b00200000'
2026-10-08 21:16:54,802 LT1-thread root DEBUG avrcp.py                  145   avrcp_command_rsp_succ    : avrcp_command_rsp_succ
2026-10-08 21:16:54,802 LT1-thread root DEBUG iutctl_common.py          339   read                      : 
2026-10-08 21:16:54,835 BTPWorkerThread-5574 (_rx_task) root DEBUG iutctl_common.py          123   read                      : Read 5 bytes
2026-10-08 21:16:54,840 BTPWorkerThread-5574 (_rx_task) root DEBUG iutctl_common.py          131   read                      : Received: hdr: Header(svc_id=0x25, op=0x08, ctrl_index=0x00, data_len=0x00) bytearray(b'%\x08\x00\x00\x00')
2026-10-08 21:16:54,845 BTPWorkerThread-5574 (_rx_task) root DEBUG iutctl_common.py          154   read                      : Received data: {''}, bytearray(b'')
2026-10-08 21:16:54,845 LT1-thread root DEBUG avrcp.py                  150   avrcp_command_rsp_succ    : received Header(svc_id=37, op=8, ctrl_index=0, data_len=0) (b'',)
2026-10-08 21:16:54,936 BTPWorkerThread-5574 (_rx_task) root DEBUG iutctl_common.py          123   read                      : Read 5 bytes
2026-10-08 21:16:54,936 BTPWorkerThread-5574 (_rx_task) root DEBUG iutctl_common.py          131   read                      : Received: hdr: Header(svc_id=0x25, op=0x86, ctrl_index=0x00, data_len=0x0a) bytearray(b'%\x86\x00\n\x00')
2026-10-08 21:16:54,936 BTPWorkerThread-5574 (_rx_task) root DEBUG iutctl_common.py          139   read                      : Read 10 bytes data
2026-10-08 21:16:54,937 BTPWorkerThread-5574 (_rx_task) root DEBUG iutctl_common.py          154   read                      : Received data: {'e0 4e e4 08 dc 1b 00 09 20 00'}, bytearray(b'\xe0N\xe4\x08\xdc\x1b\x00\t \x00')
2026-10-08 21:16:54,937 BTPWorkerThread-5574 (_rx_task) root DEBUG btp.py                    736   event_handler             : Header(svc_id=37, op=134, ctrl_index=0, data_len=10) (b'\xe0N\xe4\x08\xdc\x1b\x00\t \x00',)
2026-10-08 21:16:54,937 BTPWorkerThread-5574 (_rx_task) root DEBUG avrcp.py                  1033  avrcp_ev_pass_through_rsp : avrcp_ev_pass_through_rsp b'\xe0N\xe4\x08\xdc\x1b\x00\t \x00'
2026-10-08 21:16:55,947 LT1-thread root DEBUG avrcp.py                  459   avrcp_pass_through        : avrcp_pass_through None 32 1 None
2026-10-08 21:16:55,947 LT1-thread root DEBUG iutctl_common.py          161   send                      : 37 8 0 "bytearray(b'\\xe0N\\xe4\\x08\\xdc\\x1b\\x00 \\x01\\x00')"
2026-10-08 21:16:55,947 LT1-thread root DEBUG iutctl_common.py          166   send                      : sending frame '2508000a00e04ee408dc1b00200100'
2026-10-08 21:16:55,947 LT1-thread root DEBUG avrcp.py                  145   avrcp_command_rsp_succ    : avrcp_command_rsp_succ
2026-10-08 21:16:55,947 LT1-thread root DEBUG iutctl_common.py          339   read                      : 
2026-10-08 21:16:55,994 BTPWorkerThread-5574 (_rx_task) root DEBUG iutctl_common.py          123   read                      : Read 5 bytes
2026-10-08 21:16:56,005 BTPWorkerThread-5574 (_rx_task) root DEBUG iutctl_common.py          131   read                      : Received: hdr: Header(svc_id=0x25, op=0x08, ctrl_index=0x00, data_len=0x00) bytearray(b'%\x08\x00\x00\x00')
2026-10-08 21:16:56,011 BTPWorkerThread-5574 (_rx_task) root DEBUG iutctl_common.py          154   read                      : Received data: {''}, bytearray(b'')
2026-10-08 21:16:56,011 LT1-thread root DEBUG avrcp.py                  150   avrcp_command_rsp_succ    : received Header(svc_id=37, op=8, ctrl_index=0, data_len=0) (b'',)
2026-10-08 21:16:56,082 BTPWorkerThread-5574 (_rx_task) root DEBUG iutctl_common.py          123   read                      : Read 5 bytes
2026-10-08 21:16:56,082 BTPWorkerThread-5574 (_rx_task) root DEBUG iutctl_common.py          131   read                      : Received: hdr: Header(svc_id=0x25, op=0x86, ctrl_index=0x00, data_len=0x0a) bytearray(b'%\x86\x00\n\x00')
2026-10-08 21:16:56,082 BTPWorkerThread-5574 (_rx_task) root DEBUG iutctl_common.py          139   read                      : Read 10 bytes data
2026-10-08 21:16:56,083 BTPWorkerThread-5574 (_rx_task) root DEBUG iutctl_common.py          154   read                      : Received data: {'e0 4e e4 08 dc 1b 00 09 a0 00'}, bytearray(b'\xe0N\xe4\x08\xdc\x1b\x00\t\xa0\x00')
2026-10-08 21:16:56,083 BTPWorkerThread-5574 (_rx_task) root DEBUG btp.py                    736   event_handler             : Header(svc_id=37, op=134, ctrl_index=0, data_len=10) (b'\xe0N\xe4\x08\xdc\x1b\x00\t\xa0\x00',)
2026-10-08 21:16:56,083 BTPWorkerThread-5574 (_rx_task) root DEBUG avrcp.py                  1033  avrcp_ev_pass_through_rsp : avrcp_ev_pass_through_rsp b'\xe0N\xe4\x08\xdc\x1b\x00\t\xa0\x00'
2026-10-08 21:16:56,113 LT1-thread root DEBUG testcase.py               722   run_wid                   : Sending response 'OK' to wid 814 test case AVRCP/CT/PTT/BV-04-C
2026-10-08 21:16:56,115 LT1-thread root DEBUG client.py                 276   get_result                : ClientCallback.get_result run_test_case
2026-10-08 21:16:56,117 LT1-callback ClientCallback.on_implicit_send INFO client.py                 223   on_implicit_send          : 
    ********************
    BEGIN OnImplicitSend:
    project_name: AVRCP
    wid: 815
    test_case_name: AVRCP/CT/PTT/BV-04-C
    description: Send a [1] passthrough press and release to PTS.

Action: Press the corresponding button on the IUT.

Description: Verify that the Implementation Under Test (IUT) is capable of sending a passthrough press, followed by a passthrough release.
    style: MMI_Style_Ok_Cancel1 0x11041
2026-10-08 21:16:56,117 LT1-callback ClientCallback.on_implicit_send INFO client.py                 236   on_implicit_send          : Calling test cases on_implicit_send
2026-10-08 21:16:56,117 LT1-callback ClientCallback.on_implicit_send INFO client.py                 249   on_implicit_send          : 
    on_implicit_send returned response: WAIT
    END OnImplicitSend
    ********************
2026-10-08 21:16:57,116 LT1-thread root DEBUG testcase.py               679   run_wid                   : AVRCP AVRCP/CT/PTT/BV-04-C on_implicit_send
2026-10-08 21:16:57,116 LT1-thread root DEBUG avrcp_wid.py              25    avrcp_wid_hdl             : avrcp_wid_hdl, 815, Send a [1] passthrough press and release to PTS.

Action: Press the corresponding button on the IUT.

Description: Verify that the Implementation Under Test (IUT) is capable of sending a passthrough press, followed by a passthrough release., AVRCP/CT/PTT/BV-04-C
2026-10-08 21:16:57,116 LT1-thread root DEBUG avrcp.py                  459   avrcp_pass_through        : avrcp_pass_through None 33 0 None
2026-10-08 21:16:57,116 LT1-thread root DEBUG iutctl_common.py          161   send                      : 37 8 0 "bytearray(b'\\xe0N\\xe4\\x08\\xdc\\x1b\\x00!\\x00\\x00')"
2026-10-08 21:16:57,116 LT1-thread root DEBUG iutctl_common.py          166   send                      : sending frame '2508000a00e04ee408dc1b00210000'
2026-10-08 21:16:57,117 LT1-thread root DEBUG avrcp.py                  145   avrcp_command_rsp_succ    : avrcp_command_rsp_succ
2026-10-08 21:16:57,117 LT1-thread root DEBUG iutctl_common.py          339   read                      : 
2026-10-08 21:16:57,148 BTPWorkerThread-5574 (_rx_task) root DEBUG iutctl_common.py          123   read                      : Read 5 bytes
2026-10-08 21:16:57,153 BTPWorkerThread-5574 (_rx_task) root DEBUG iutctl_common.py          131   read                      : Received: hdr: Header(svc_id=0x25, op=0x08, ctrl_index=0x00, data_len=0x00) bytearray(b'%\x08\x00\x00\x00')
2026-10-08 21:16:57,165 BTPWorkerThread-5574 (_rx_task) root DEBUG iutctl_common.py          154   read                      : Received data: {''}, bytearray(b'')
2026-10-08 21:16:57,170 LT1-thread root DEBUG avrcp.py                  150   avrcp_command_rsp_succ    : received Header(svc_id=37, op=8, ctrl_index=0, data_len=0) (b'',)
2026-10-08 21:16:57,261 BTPWorkerThread-5574 (_rx_task) root DEBUG iutctl_common.py          123   read                      : Read 5 bytes
2026-10-08 21:16:57,261 BTPWorkerThread-5574 (_rx_task) root DEBUG iutctl_common.py          131   read                      : Received: hdr: Header(svc_id=0x25, op=0x86, ctrl_index=0x00, data_len=0x0a) bytearray(b'%\x86\x00\n\x00')
2026-10-08 21:16:57,261 BTPWorkerThread-5574 (_rx_task) root DEBUG iutctl_common.py          139   read                      : Read 10 bytes data
2026-10-08 21:16:57,262 BTPWorkerThread-5574 (_rx_task) root DEBUG iutctl_common.py          154   read                      : Received data: {'e0 4e e4 08 dc 1b 00 09 21 00'}, bytearray(b'\xe0N\xe4\x08\xdc\x1b\x00\t!\x00')
2026-10-08 21:16:57,262 BTPWorkerThread-5574 (_rx_task) root DEBUG btp.py                    736   event_handler             : Header(svc_id=37, op=134, ctrl_index=0, data_len=10) (b'\xe0N\xe4\x08\xdc\x1b\x00\t!\x00',)
2026-10-08 21:16:57,262 BTPWorkerThread-5574 (_rx_task) root DEBUG avrcp.py                  1033  avrcp_ev_pass_through_rsp : avrcp_ev_pass_through_rsp b'\xe0N\xe4\x08\xdc\x1b\x00\t!\x00'
2026-10-08 21:16:58,271 LT1-thread root DEBUG avrcp.py                  459   avrcp_pass_through        : avrcp_pass_through None 33 1 None
2026-10-08 21:16:58,271 LT1-thread root DEBUG iutctl_common.py          161   send                      : 37 8 0 "bytearray(b'\\xe0N\\xe4\\x08\\xdc\\x1b\\x00!\\x01\\x00')"
2026-10-08 21:16:58,271 LT1-thread root DEBUG iutctl_common.py          166   send                      : sending frame '2508000a00e04ee408dc1b00210100'
2026-10-08 21:16:58,272 LT1-thread root DEBUG avrcp.py                  145   avrcp_command_rsp_succ    : avrcp_command_rsp_succ
2026-10-08 21:16:58,272 LT1-thread root DEBUG iutctl_common.py          339   read                      : 
2026-10-08 21:16:58,312 BTPWorkerThread-5574 (_rx_task) root DEBUG iutctl_common.py          123   read                      : Read 5 bytes
2026-10-08 21:16:58,317 BTPWorkerThread-5574 (_rx_task) root DEBUG iutctl_common.py          131   read                      : Received: hdr: Header(svc_id=0x25, op=0x08, ctrl_index=0x00, data_len=0x00) bytearray(b'%\x08\x00\x00\x00')
2026-10-08 21:16:58,322 BTPWorkerThread-5574 (_rx_task) root DEBUG iutctl_common.py          154   read                      : Received data: {''}, bytearray(b'')
2026-10-08 21:16:58,322 LT1-thread root DEBUG avrcp.py                  150   avrcp_command_rsp_succ    : received Header(svc_id=37, op=8, ctrl_index=0, data_len=0) (b'',)
2026-10-08 21:16:58,427 BTPWorkerThread-5574 (_rx_task) root DEBUG iutctl_common.py          123   read                      : Read 5 bytes
2026-10-08 21:16:58,427 BTPWorkerThread-5574 (_rx_task) root DEBUG iutctl_common.py          131   read                      : Received: hdr: Header(svc_id=0x25, op=0x86, ctrl_index=0x00, data_len=0x0a) bytearray(b'%\x86\x00\n\x00')
2026-10-08 21:16:58,427 BTPWorkerThread-5574 (_rx_task) root DEBUG iutctl_common.py          139   read                      : Read 10 bytes data
2026-10-08 21:16:58,428 BTPWorkerThread-5574 (_rx_task) root DEBUG iutctl_common.py          154   read                      : Received data: {'e0 4e e4 08 dc 1b 00 09 a1 00'}, bytearray(b'\xe0N\xe4\x08\xdc\x1b\x00\t\xa1\x00')
2026-10-08 21:16:58,428 BTPWorkerThread-5574 (_rx_task) root DEBUG btp.py                    736   event_handler             : Header(svc_id=37, op=134, ctrl_index=0, data_len=10) (b'\xe0N\xe4\x08\xdc\x1b\x00\t\xa1\x00',)
2026-10-08 21:16:58,428 BTPWorkerThread-5574 (_rx_task) root DEBUG avrcp.py                  1033  avrcp_ev_pass_through_rsp : avrcp_ev_pass_through_rsp b'\xe0N\xe4\x08\xdc\x1b\x00\t\xa1\x00'
2026-10-08 21:16:58,524 LT1-thread root DEBUG testcase.py               722   run_wid                   : Sending response 'OK' to wid 815 test case AVRCP/CT/PTT/BV-04-C
2026-10-08 21:16:58,525 LT1-thread root DEBUG client.py                 276   get_result                : ClientCallback.get_result run_test_case
2026-10-08 21:16:58,527 LT1-callback ClientCallback.on_implicit_send INFO client.py                 223   on_implicit_send          : 
    ********************
    BEGIN OnImplicitSend:
    project_name: AVRCP
    wid: 816
    test_case_name: AVRCP/CT/PTT/BV-04-C
    description: Send a [2] passthrough press and release to PTS.

Action: Press the corresponding button on the IUT.

Description: Verify that the Implementation Under Test (IUT) is capable of sending a passthrough press, followed by a passthrough release.
    style: MMI_Style_Ok_Cancel1 0x11041
2026-10-08 21:16:58,528 LT1-callback ClientCallback.on_implicit_send INFO client.py                 236   on_implicit_send          : Calling test cases on_implicit_send
2026-10-08 21:16:58,528 LT1-callback ClientCallback.on_implicit_send INFO client.py                 249   on_implicit_send          : 
    on_implicit_send returned response: WAIT
    END OnImplicitSend
    ********************
2026-10-08 21:16:59,526 LT1-thread root DEBUG testcase.py               679   run_wid                   : AVRCP AVRCP/CT/PTT/BV-04-C on_implicit_send
2026-10-08 21:16:59,527 LT1-thread root DEBUG avrcp_wid.py              25    avrcp_wid_hdl             : avrcp_wid_hdl, 816, Send a [2] passthrough press and release to PTS.

Action: Press the corresponding button on the IUT.

Description: Verify that the Implementation Under Test (IUT) is capable of sending a passthrough press, followed by a passthrough release., AVRCP/CT/PTT/BV-04-C
2026-10-08 21:16:59,527 LT1-thread root DEBUG avrcp.py                  459   avrcp_pass_through        : avrcp_pass_through None 34 0 None
2026-10-08 21:16:59,527 LT1-thread root DEBUG iutctl_common.py          161   send                      : 37 8 0 'bytearray(b\'\\xe0N\\xe4\\x08\\xdc\\x1b\\x00"\\x00\\x00\')'
2026-10-08 21:16:59,527 LT1-thread root DEBUG iutctl_common.py          166   send                      : sending frame '2508000a00e04ee408dc1b00220000'
2026-10-08 21:16:59,527 LT1-thread root DEBUG avrcp.py                  145   avrcp_command_rsp_succ    : avrcp_command_rsp_succ
2026-10-08 21:16:59,527 LT1-thread root DEBUG iutctl_common.py          339   read                      : 
2026-10-08 21:16:59,561 BTPWorkerThread-5574 (_rx_task) root DEBUG iutctl_common.py          123   read                      : Read 5 bytes
2026-10-08 21:16:59,567 BTPWorkerThread-5574 (_rx_task) root DEBUG iutctl_common.py          131   read                      : Received: hdr: Header(svc_id=0x25, op=0x08, ctrl_index=0x00, data_len=0x00) bytearray(b'%\x08\x00\x00\x00')
2026-10-08 21:16:59,572 BTPWorkerThread-5574 (_rx_task) root DEBUG iutctl_common.py          154   read                      : Received data: {''}, bytearray(b'')
2026-10-08 21:16:59,572 LT1-thread root DEBUG avrcp.py                  150   avrcp_command_rsp_succ    : received Header(svc_id=37, op=8, ctrl_index=0, data_len=0) (b'',)
2026-10-08 21:16:59,684 BTPWorkerThread-5574 (_rx_task) root DEBUG iutctl_common.py          123   read                      : Read 5 bytes
2026-10-08 21:16:59,684 BTPWorkerThread-5574 (_rx_task) root DEBUG iutctl_common.py          131   read                      : Received: hdr: Header(svc_id=0x25, op=0x86, ctrl_index=0x00, data_len=0x0a) bytearray(b'%\x86\x00\n\x00')
2026-10-08 21:16:59,684 BTPWorkerThread-5574 (_rx_task) root DEBUG iutctl_common.py          139   read                      : Read 10 bytes data
2026-10-08 21:16:59,685 BTPWorkerThread-5574 (_rx_task) root DEBUG iutctl_common.py          154   read                      : Received data: {'e0 4e e4 08 dc 1b 00 09 22 00'}, bytearray(b'\xe0N\xe4\x08\xdc\x1b\x00\t"\x00')
2026-10-08 21:16:59,685 BTPWorkerThread-5574 (_rx_task) root DEBUG btp.py                    736   event_handler             : Header(svc_id=37, op=134, ctrl_index=0, data_len=10) (b'\xe0N\xe4\x08\xdc\x1b\x00\t"\x00',)
2026-10-08 21:16:59,685 BTPWorkerThread-5574 (_rx_task) root DEBUG avrcp.py                  1033  avrcp_ev_pass_through_rsp : avrcp_ev_pass_through_rsp b'\xe0N\xe4\x08\xdc\x1b\x00\t"\x00'
2026-10-08 21:17:00,774 LT1-thread root DEBUG avrcp.py                  459   avrcp_pass_through        : avrcp_pass_through None 34 1 None
2026-10-08 21:17:00,774 LT1-thread root DEBUG iutctl_common.py          161   send                      : 37 8 0 'bytearray(b\'\\xe0N\\xe4\\x08\\xdc\\x1b\\x00"\\x01\\x00\')'
2026-10-08 21:17:00,774 LT1-thread root DEBUG iutctl_common.py          166   send                      : sending frame '2508000a00e04ee408dc1b00220100'
2026-10-08 21:17:00,776 LT1-thread root DEBUG avrcp.py                  145   avrcp_command_rsp_succ    : avrcp_command_rsp_succ
2026-10-08 21:17:00,776 LT1-thread root DEBUG iutctl_common.py          339   read                      : 
2026-10-08 21:17:00,811 BTPWorkerThread-5574 (_rx_task) root DEBUG iutctl_common.py          123   read                      : Read 5 bytes
2026-10-08 21:17:00,821 BTPWorkerThread-5574 (_rx_task) root DEBUG iutctl_common.py          131   read                      : Received: hdr: Header(svc_id=0x25, op=0x08, ctrl_index=0x00, data_len=0x00) bytearray(b'%\x08\x00\x00\x00')
2026-10-08 21:17:00,821 BTPWorkerThread-5574 (_rx_task) root DEBUG iutctl_common.py          154   read                      : Received data: {''}, bytearray(b'')
2026-10-08 21:17:00,822 LT1-thread root DEBUG avrcp.py                  150   avrcp_command_rsp_succ    : received Header(svc_id=37, op=8, ctrl_index=0, data_len=0) (b'',)
2026-10-08 21:17:00,918 BTPWorkerThread-5574 (_rx_task) root DEBUG iutctl_common.py          123   read                      : Read 5 bytes
2026-10-08 21:17:00,918 BTPWorkerThread-5574 (_rx_task) root DEBUG iutctl_common.py          131   read                      : Received: hdr: Header(svc_id=0x25, op=0x86, ctrl_index=0x00, data_len=0x0a) bytearray(b'%\x86\x00\n\x00')
2026-10-08 21:17:00,918 BTPWorkerThread-5574 (_rx_task) root DEBUG iutctl_common.py          139   read                      : Read 10 bytes data
2026-10-08 21:17:00,919 BTPWorkerThread-5574 (_rx_task) root DEBUG iutctl_common.py          154   read                      : Received data: {'e0 4e e4 08 dc 1b 00 09 a2 00'}, bytearray(b'\xe0N\xe4\x08\xdc\x1b\x00\t\xa2\x00')
2026-10-08 21:17:00,919 BTPWorkerThread-5574 (_rx_task) root DEBUG btp.py                    736   event_handler             : Header(svc_id=37, op=134, ctrl_index=0, data_len=10) (b'\xe0N\xe4\x08\xdc\x1b\x00\t\xa2\x00',)
2026-10-08 21:17:00,919 BTPWorkerThread-5574 (_rx_task) root DEBUG avrcp.py                  1033  avrcp_ev_pass_through_rsp : avrcp_ev_pass_through_rsp b'\xe0N\xe4\x08\xdc\x1b\x00\t\xa2\x00'
2026-10-08 21:17:00,923 LT1-thread root DEBUG testcase.py               722   run_wid                   : Sending response 'OK' to wid 816 test case AVRCP/CT/PTT/BV-04-C
2026-10-08 21:17:00,925 LT1-thread root DEBUG client.py                 276   get_result                : ClientCallback.get_result run_test_case
2026-10-08 21:17:00,927 LT1-callback ClientCallback.on_implicit_send INFO client.py                 223   on_implicit_send          : 
    ********************
    BEGIN OnImplicitSend:
    project_name: AVRCP
    wid: 817
    test_case_name: AVRCP/CT/PTT/BV-04-C
    description: Send a [3] passthrough press and release to PTS.

Action: Press the corresponding button on the IUT.

Description: Verify that the Implementation Under Test (IUT) is capable of sending a passthrough press, followed by a passthrough release.
    style: MMI_Style_Ok_Cancel1 0x11041
2026-10-08 21:17:00,928 LT1-callback ClientCallback.on_implicit_send INFO client.py                 236   on_implicit_send          : Calling test cases on_implicit_send
2026-10-08 21:17:00,928 LT1-callback ClientCallback.on_implicit_send INFO client.py                 249   on_implicit_send          : 
    on_implicit_send returned response: WAIT
    END OnImplicitSend
    ********************
2026-10-08 21:17:01,925 LT1-thread root DEBUG testcase.py               679   run_wid                   : AVRCP AVRCP/CT/PTT/BV-04-C on_implicit_send
2026-10-08 21:17:01,925 LT1-thread root DEBUG avrcp_wid.py              25    avrcp_wid_hdl             : avrcp_wid_hdl, 817, Send a [3] passthrough press and release to PTS.

Action: Press the corresponding button on the IUT.

Description: Verify that the Implementation Under Test (IUT) is capable of sending a passthrough press, followed by a passthrough release., AVRCP/CT/PTT/BV-04-C
2026-10-08 21:17:01,925 LT1-thread root DEBUG avrcp.py                  459   avrcp_pass_through        : avrcp_pass_through None 35 0 None
2026-10-08 21:17:01,925 LT1-thread root DEBUG iutctl_common.py          161   send                      : 37 8 0 "bytearray(b'\\xe0N\\xe4\\x08\\xdc\\x1b\\x00#\\x00\\x00')"
2026-10-08 21:17:01,925 LT1-thread root DEBUG iutctl_common.py          166   send                      : sending frame '2508000a00e04ee408dc1b00230000'
2026-10-08 21:17:01,926 LT1-thread root DEBUG avrcp.py                  145   avrcp_command_rsp_succ    : avrcp_command_rsp_succ
2026-10-08 21:17:01,926 LT1-thread root DEBUG iutctl_common.py          339   read                      : 
2026-10-08 21:17:01,962 BTPWorkerThread-5574 (_rx_task) root DEBUG iutctl_common.py          123   read                      : Read 5 bytes
2026-10-08 21:17:01,967 BTPWorkerThread-5574 (_rx_task) root DEBUG iutctl_common.py          131   read                      : Received: hdr: Header(svc_id=0x25, op=0x08, ctrl_index=0x00, data_len=0x00) bytearray(b'%\x08\x00\x00\x00')
2026-10-08 21:17:01,967 BTPWorkerThread-5574 (_rx_task) root DEBUG iutctl_common.py          154   read                      : Received data: {''}, bytearray(b'')
2026-10-08 21:17:01,967 LT1-thread root DEBUG avrcp.py                  150   avrcp_command_rsp_succ    : received Header(svc_id=37, op=8, ctrl_index=0, data_len=0) (b'',)
2026-10-08 21:17:02,071 BTPWorkerThread-5574 (_rx_task) root DEBUG iutctl_common.py          123   read                      : Read 5 bytes
2026-10-08 21:17:02,071 BTPWorkerThread-5574 (_rx_task) root DEBUG iutctl_common.py          131   read                      : Received: hdr: Header(svc_id=0x25, op=0x86, ctrl_index=0x00, data_len=0x0a) bytearray(b'%\x86\x00\n\x00')
2026-10-08 21:17:02,071 BTPWorkerThread-5574 (_rx_task) root DEBUG iutctl_common.py          139   read                      : Read 10 bytes data
2026-10-08 21:17:02,071 BTPWorkerThread-5574 (_rx_task) root DEBUG iutctl_common.py          154   read                      : Received data: {'e0 4e e4 08 dc 1b 00 09 23 00'}, bytearray(b'\xe0N\xe4\x08\xdc\x1b\x00\t#\x00')
2026-10-08 21:17:02,071 BTPWorkerThread-5574 (_rx_task) root DEBUG btp.py                    736   event_handler             : Header(svc_id=37, op=134, ctrl_index=0, data_len=10) (b'\xe0N\xe4\x08\xdc\x1b\x00\t#\x00',)
2026-10-08 21:17:02,071 BTPWorkerThread-5574 (_rx_task) root DEBUG avrcp.py                  1033  avrcp_ev_pass_through_rsp : avrcp_ev_pass_through_rsp b'\xe0N\xe4\x08\xdc\x1b\x00\t#\x00'
2026-10-08 21:17:03,170 LT1-thread root DEBUG avrcp.py                  459   avrcp_pass_through        : avrcp_pass_through None 35 1 None
2026-10-08 21:17:03,170 LT1-thread root DEBUG iutctl_common.py          161   send                      : 37 8 0 "bytearray(b'\\xe0N\\xe4\\x08\\xdc\\x1b\\x00#\\x01\\x00')"
2026-10-08 21:17:03,170 LT1-thread root DEBUG iutctl_common.py          166   send                      : sending frame '2508000a00e04ee408dc1b00230100'
2026-10-08 21:17:03,171 LT1-thread root DEBUG avrcp.py                  145   avrcp_command_rsp_succ    : avrcp_command_rsp_succ
2026-10-08 21:17:03,171 LT1-thread root DEBUG iutctl_common.py          339   read                      : 
2026-10-08 21:17:03,206 BTPWorkerThread-5574 (_rx_task) root DEBUG iutctl_common.py          123   read                      : Read 5 bytes
2026-10-08 21:17:03,212 BTPWorkerThread-5574 (_rx_task) root DEBUG iutctl_common.py          131   read                      : Received: hdr: Header(svc_id=0x25, op=0x08, ctrl_index=0x00, data_len=0x00) bytearray(b'%\x08\x00\x00\x00')
2026-10-08 21:17:03,217 BTPWorkerThread-5574 (_rx_task) root DEBUG iutctl_common.py          154   read                      : Received data: {''}, bytearray(b'')
2026-10-08 21:17:03,217 LT1-thread root DEBUG avrcp.py                  150   avrcp_command_rsp_succ    : received Header(svc_id=37, op=8, ctrl_index=0, data_len=0) (b'',)
2026-10-08 21:17:03,303 BTPWorkerThread-5574 (_rx_task) root DEBUG iutctl_common.py          123   read                      : Read 5 bytes
2026-10-08 21:17:03,303 BTPWorkerThread-5574 (_rx_task) root DEBUG iutctl_common.py          131   read                      : Received: hdr: Header(svc_id=0x25, op=0x86, ctrl_index=0x00, data_len=0x0a) bytearray(b'%\x86\x00\n\x00')
2026-10-08 21:17:03,303 BTPWorkerThread-5574 (_rx_task) root DEBUG iutctl_common.py          139   read                      : Read 8 bytes data
2026-10-08 21:17:03,314 BTPWorkerThread-5574 (_rx_task) root DEBUG iutctl_common.py          139   read                      : Read 2 bytes data
2026-10-08 21:17:03,315 BTPWorkerThread-5574 (_rx_task) root DEBUG iutctl_common.py          154   read                      : Received data: {'e0 4e e4 08 dc 1b 00 09 a3 00'}, bytearray(b'\xe0N\xe4\x08\xdc\x1b\x00\t\xa3\x00')
2026-10-08 21:17:03,315 BTPWorkerThread-5574 (_rx_task) root DEBUG btp.py                    736   event_handler             : Header(svc_id=37, op=134, ctrl_index=0, data_len=10) (b'\xe0N\xe4\x08\xdc\x1b\x00\t\xa3\x00',)
2026-10-08 21:17:03,315 BTPWorkerThread-5574 (_rx_task) root DEBUG avrcp.py                  1033  avrcp_ev_pass_through_rsp : avrcp_ev_pass_through_rsp b'\xe0N\xe4\x08\xdc\x1b\x00\t\xa3\x00'
2026-10-08 21:17:03,318 LT1-thread root DEBUG testcase.py               722   run_wid                   : Sending response 'OK' to wid 817 test case AVRCP/CT/PTT/BV-04-C
2026-10-08 21:17:03,321 LT1-thread root DEBUG client.py                 276   get_result                : ClientCallback.get_result run_test_case
2026-10-08 21:17:03,322 LT1-callback ClientCallback.on_implicit_send INFO client.py                 223   on_implicit_send          : 
    ********************
    BEGIN OnImplicitSend:
    project_name: AVRCP
    wid: 818
    test_case_name: AVRCP/CT/PTT/BV-04-C
    description: Send a [4] passthrough press and release to PTS.

Action: Press the corresponding button on the IUT.

Description: Verify that the Implementation Under Test (IUT) is capable of sending a passthrough press, followed by a passthrough release.
    style: MMI_Style_Ok_Cancel1 0x11041
2026-10-08 21:17:03,322 LT1-callback ClientCallback.on_implicit_send INFO client.py                 236   on_implicit_send          : Calling test cases on_implicit_send
2026-10-08 21:17:03,322 LT1-callback ClientCallback.on_implicit_send INFO client.py                 249   on_implicit_send          : 
    on_implicit_send returned response: WAIT
    END OnImplicitSend
    ********************
2026-10-08 21:17:04,321 LT1-thread root DEBUG testcase.py               679   run_wid                   : AVRCP AVRCP/CT/PTT/BV-04-C on_implicit_send
2026-10-08 21:17:04,321 LT1-thread root DEBUG avrcp_wid.py              25    avrcp_wid_hdl             : avrcp_wid_hdl, 818, Send a [4] passthrough press and release to PTS.

Action: Press the corresponding button on the IUT.

Description: Verify that the Implementation Under Test (IUT) is capable of sending a passthrough press, followed by a passthrough release., AVRCP/CT/PTT/BV-04-C
2026-10-08 21:17:04,321 LT1-thread root DEBUG avrcp.py                  459   avrcp_pass_through        : avrcp_pass_through None 36 0 None
2026-10-08 21:17:04,321 LT1-thread root DEBUG iutctl_common.py          161   send                      : 37 8 0 "bytearray(b'\\xe0N\\xe4\\x08\\xdc\\x1b\\x00$\\x00\\x00')"
2026-10-08 21:17:04,321 LT1-thread root DEBUG iutctl_common.py          166   send                      : sending frame '2508000a00e04ee408dc1b00240000'
2026-10-08 21:17:04,322 LT1-thread root DEBUG avrcp.py                  145   avrcp_command_rsp_succ    : avrcp_command_rsp_succ
2026-10-08 21:17:04,322 LT1-thread root DEBUG iutctl_common.py          339   read                      : 
2026-10-08 21:17:04,356 BTPWorkerThread-5574 (_rx_task) root DEBUG iutctl_common.py          123   read                      : Read 5 bytes
2026-10-08 21:17:04,366 BTPWorkerThread-5574 (_rx_task) root DEBUG iutctl_common.py          131   read                      : Received: hdr: Header(svc_id=0x25, op=0x08, ctrl_index=0x00, data_len=0x00) bytearray(b'%\x08\x00\x00\x00')
2026-10-08 21:17:04,372 BTPWorkerThread-5574 (_rx_task) root DEBUG iutctl_common.py          154   read                      : Received data: {''}, bytearray(b'')
2026-10-08 21:17:04,372 LT1-thread root DEBUG avrcp.py                  150   avrcp_command_rsp_succ    : received Header(svc_id=37, op=8, ctrl_index=0, data_len=0) (b'',)
2026-10-08 21:17:04,468 BTPWorkerThread-5574 (_rx_task) root DEBUG iutctl_common.py          123   read                      : Read 5 bytes
2026-10-08 21:17:04,468 BTPWorkerThread-5574 (_rx_task) root DEBUG iutctl_common.py          131   read                      : Received: hdr: Header(svc_id=0x25, op=0x86, ctrl_index=0x00, data_len=0x0a) bytearray(b'%\x86\x00\n\x00')
2026-10-08 21:17:04,468 BTPWorkerThread-5574 (_rx_task) root DEBUG iutctl_common.py          139   read                      : Read 10 bytes data
2026-10-08 21:17:04,469 BTPWorkerThread-5574 (_rx_task) root DEBUG iutctl_common.py          154   read                      : Received data: {'e0 4e e4 08 dc 1b 00 09 24 00'}, bytearray(b'\xe0N\xe4\x08\xdc\x1b\x00\t$\x00')
2026-10-08 21:17:04,469 BTPWorkerThread-5574 (_rx_task) root DEBUG btp.py                    736   event_handler             : Header(svc_id=37, op=134, ctrl_index=0, data_len=10) (b'\xe0N\xe4\x08\xdc\x1b\x00\t$\x00',)
2026-10-08 21:17:04,469 BTPWorkerThread-5574 (_rx_task) root DEBUG avrcp.py                  1033  avrcp_ev_pass_through_rsp : avrcp_ev_pass_through_rsp b'\xe0N\xe4\x08\xdc\x1b\x00\t$\x00'
2026-10-08 21:17:05,474 LT1-thread root DEBUG avrcp.py                  459   avrcp_pass_through        : avrcp_pass_through None 36 1 None
2026-10-08 21:17:05,474 LT1-thread root DEBUG iutctl_common.py          161   send                      : 37 8 0 "bytearray(b'\\xe0N\\xe4\\x08\\xdc\\x1b\\x00$\\x01\\x00')"
2026-10-08 21:17:05,474 LT1-thread root DEBUG iutctl_common.py          166   send                      : sending frame '2508000a00e04ee408dc1b00240100'
2026-10-08 21:17:05,475 LT1-thread root DEBUG avrcp.py                  145   avrcp_command_rsp_succ    : avrcp_command_rsp_succ
2026-10-08 21:17:05,475 LT1-thread root DEBUG iutctl_common.py          339   read                      : 
2026-10-08 21:17:05,511 BTPWorkerThread-5574 (_rx_task) root DEBUG iutctl_common.py          123   read                      : Read 5 bytes
2026-10-08 21:17:05,516 BTPWorkerThread-5574 (_rx_task) root DEBUG iutctl_common.py          131   read                      : Received: hdr: Header(svc_id=0x25, op=0x08, ctrl_index=0x00, data_len=0x00) bytearray(b'%\x08\x00\x00\x00')
2026-10-08 21:17:05,527 BTPWorkerThread-5574 (_rx_task) root DEBUG iutctl_common.py          154   read                      : Received data: {''}, bytearray(b'')
2026-10-08 21:17:05,527 LT1-thread root DEBUG avrcp.py                  150   avrcp_command_rsp_succ    : received Header(svc_id=37, op=8, ctrl_index=0, data_len=0) (b'',)
2026-10-08 21:17:05,624 BTPWorkerThread-5574 (_rx_task) root DEBUG iutctl_common.py          123   read                      : Read 5 bytes
2026-10-08 21:17:05,624 BTPWorkerThread-5574 (_rx_task) root DEBUG iutctl_common.py          131   read                      : Received: hdr: Header(svc_id=0x25, op=0x86, ctrl_index=0x00, data_len=0x0a) bytearray(b'%\x86\x00\n\x00')
2026-10-08 21:17:05,624 BTPWorkerThread-5574 (_rx_task) root DEBUG iutctl_common.py          139   read                      : Read 10 bytes data
2026-10-08 21:17:05,625 BTPWorkerThread-5574 (_rx_task) root DEBUG iutctl_common.py          154   read                      : Received data: {'e0 4e e4 08 dc 1b 00 09 a4 00'}, bytearray(b'\xe0N\xe4\x08\xdc\x1b\x00\t\xa4\x00')
2026-10-08 21:17:05,625 BTPWorkerThread-5574 (_rx_task) root DEBUG btp.py                    736   event_handler             : Header(svc_id=37, op=134, ctrl_index=0, data_len=10) (b'\xe0N\xe4\x08\xdc\x1b\x00\t\xa4\x00',)
2026-10-08 21:17:05,625 BTPWorkerThread-5574 (_rx_task) root DEBUG avrcp.py                  1033  avrcp_ev_pass_through_rsp : avrcp_ev_pass_through_rsp b'\xe0N\xe4\x08\xdc\x1b\x00\t\xa4\x00'
2026-10-08 21:17:05,628 LT1-thread root DEBUG testcase.py               722   run_wid                   : Sending response 'OK' to wid 818 test case AVRCP/CT/PTT/BV-04-C
2026-10-08 21:17:05,629 LT1-thread root DEBUG client.py                 276   get_result                : ClientCallback.get_result run_test_case
2026-10-08 21:17:05,631 LT1-callback ClientCallback.on_implicit_send INFO client.py                 223   on_implicit_send          : 
    ********************
    BEGIN OnImplicitSend:
    project_name: AVRCP
    wid: 819
    test_case_name: AVRCP/CT/PTT/BV-04-C
    description: Send a [5] passthrough press and release to PTS.

Action: Press the corresponding button on the IUT.

Description: Verify that the Implementation Under Test (IUT) is capable of sending a passthrough press, followed by a passthrough release.
    style: MMI_Style_Ok_Cancel1 0x11041
2026-10-08 21:17:05,631 LT1-callback ClientCallback.on_implicit_send INFO client.py                 236   on_implicit_send          : Calling test cases on_implicit_send
2026-10-08 21:17:05,631 LT1-callback ClientCallback.on_implicit_send INFO client.py                 249   on_implicit_send          : 
    on_implicit_send returned response: WAIT
    END OnImplicitSend
    ********************
2026-10-08 21:17:06,630 LT1-thread root DEBUG testcase.py               679   run_wid                   : AVRCP AVRCP/CT/PTT/BV-04-C on_implicit_send
2026-10-08 21:17:06,631 LT1-thread root DEBUG avrcp_wid.py              25    avrcp_wid_hdl             : avrcp_wid_hdl, 819, Send a [5] passthrough press and release to PTS.

Action: Press the corresponding button on the IUT.

Description: Verify that the Implementation Under Test (IUT) is capable of sending a passthrough press, followed by a passthrough release., AVRCP/CT/PTT/BV-04-C
2026-10-08 21:17:06,631 LT1-thread root DEBUG avrcp.py                  459   avrcp_pass_through        : avrcp_pass_through None 37 0 None
2026-10-08 21:17:06,631 LT1-thread root DEBUG iutctl_common.py          161   send                      : 37 8 0 "bytearray(b'\\xe0N\\xe4\\x08\\xdc\\x1b\\x00%\\x00\\x00')"
2026-10-08 21:17:06,631 LT1-thread root DEBUG iutctl_common.py          166   send                      : sending frame '2508000a00e04ee408dc1b00250000'
2026-10-08 21:17:06,631 LT1-thread root DEBUG avrcp.py                  145   avrcp_command_rsp_succ    : avrcp_command_rsp_succ
2026-10-08 21:17:06,631 LT1-thread root DEBUG iutctl_common.py          339   read                      : 
2026-10-08 21:17:06,659 BTPWorkerThread-5574 (_rx_task) root DEBUG iutctl_common.py          123   read                      : Read 5 bytes
2026-10-08 21:17:06,659 BTPWorkerThread-5574 (_rx_task) root DEBUG iutctl_common.py          131   read                      : Received: hdr: Header(svc_id=0x25, op=0x08, ctrl_index=0x00, data_len=0x00) bytearray(b'%\x08\x00\x00\x00')
2026-10-08 21:17:06,659 BTPWorkerThread-5574 (_rx_task) root DEBUG iutctl_common.py          154   read                      : Received data: {''}, bytearray(b'')
2026-10-08 21:17:06,659 LT1-thread root DEBUG avrcp.py                  150   avrcp_command_rsp_succ    : received Header(svc_id=37, op=8, ctrl_index=0, data_len=0) (b'',)
2026-10-08 21:17:06,792 BTPWorkerThread-5574 (_rx_task) root DEBUG iutctl_common.py          123   read                      : Read 5 bytes
2026-10-08 21:17:06,792 BTPWorkerThread-5574 (_rx_task) root DEBUG iutctl_common.py          131   read                      : Received: hdr: Header(svc_id=0x25, op=0x86, ctrl_index=0x00, data_len=0x0a) bytearray(b'%\x86\x00\n\x00')
2026-10-08 21:17:06,792 BTPWorkerThread-5574 (_rx_task) root DEBUG iutctl_common.py          139   read                      : Read 10 bytes data
2026-10-08 21:17:06,793 BTPWorkerThread-5574 (_rx_task) root DEBUG iutctl_common.py          154   read                      : Received data: {'e0 4e e4 08 dc 1b 00 09 25 00'}, bytearray(b'\xe0N\xe4\x08\xdc\x1b\x00\t%\x00')
2026-10-08 21:17:06,793 BTPWorkerThread-5574 (_rx_task) root DEBUG btp.py                    736   event_handler             : Header(svc_id=37, op=134, ctrl_index=0, data_len=10) (b'\xe0N\xe4\x08\xdc\x1b\x00\t%\x00',)
2026-10-08 21:17:06,793 BTPWorkerThread-5574 (_rx_task) root DEBUG avrcp.py                  1033  avrcp_ev_pass_through_rsp : avrcp_ev_pass_through_rsp b'\xe0N\xe4\x08\xdc\x1b\x00\t%\x00'
2026-10-08 21:17:07,862 LT1-thread root DEBUG avrcp.py                  459   avrcp_pass_through        : avrcp_pass_through None 37 1 None
2026-10-08 21:17:07,862 LT1-thread root DEBUG iutctl_common.py          161   send                      : 37 8 0 "bytearray(b'\\xe0N\\xe4\\x08\\xdc\\x1b\\x00%\\x01\\x00')"
2026-10-08 21:17:07,862 LT1-thread root DEBUG iutctl_common.py          166   send                      : sending frame '2508000a00e04ee408dc1b00250100'
2026-10-08 21:17:07,862 LT1-thread root DEBUG avrcp.py                  145   avrcp_command_rsp_succ    : avrcp_command_rsp_succ
2026-10-08 21:17:07,862 LT1-thread root DEBUG iutctl_common.py          339   read                      : 
2026-10-08 21:17:07,900 BTPWorkerThread-5574 (_rx_task) root DEBUG iutctl_common.py          123   read                      : Read 5 bytes
2026-10-08 21:17:07,906 BTPWorkerThread-5574 (_rx_task) root DEBUG iutctl_common.py          131   read                      : Received: hdr: Header(svc_id=0x25, op=0x08, ctrl_index=0x00, data_len=0x00) bytearray(b'%\x08\x00\x00\x00')
2026-10-08 21:17:07,911 BTPWorkerThread-5574 (_rx_task) root DEBUG iutctl_common.py          154   read                      : Received data: {''}, bytearray(b'')
2026-10-08 21:17:07,911 LT1-thread root DEBUG avrcp.py                  150   avrcp_command_rsp_succ    : received Header(svc_id=37, op=8, ctrl_index=0, data_len=0) (b'',)
2026-10-08 21:17:08,007 BTPWorkerThread-5574 (_rx_task) root DEBUG iutctl_common.py          123   read                      : Read 5 bytes
2026-10-08 21:17:08,007 BTPWorkerThread-5574 (_rx_task) root DEBUG iutctl_common.py          131   read                      : Received: hdr: Header(svc_id=0x25, op=0x86, ctrl_index=0x00, data_len=0x0a) bytearray(b'%\x86\x00\n\x00')
2026-10-08 21:17:08,007 BTPWorkerThread-5574 (_rx_task) root DEBUG iutctl_common.py          139   read                      : Read 10 bytes data
2026-10-08 21:17:08,008 BTPWorkerThread-5574 (_rx_task) root DEBUG iutctl_common.py          154   read                      : Received data: {'e0 4e e4 08 dc 1b 00 09 a5 00'}, bytearray(b'\xe0N\xe4\x08\xdc\x1b\x00\t\xa5\x00')
2026-10-08 21:17:08,008 BTPWorkerThread-5574 (_rx_task) root DEBUG btp.py                    736   event_handler             : Header(svc_id=37, op=134, ctrl_index=0, data_len=10) (b'\xe0N\xe4\x08\xdc\x1b\x00\t\xa5\x00',)
2026-10-08 21:17:08,008 BTPWorkerThread-5574 (_rx_task) root DEBUG avrcp.py                  1033  avrcp_ev_pass_through_rsp : avrcp_ev_pass_through_rsp b'\xe0N\xe4\x08\xdc\x1b\x00\t\xa5\x00'
2026-10-08 21:17:08,012 LT1-thread root DEBUG testcase.py               722   run_wid                   : Sending response 'OK' to wid 819 test case AVRCP/CT/PTT/BV-04-C
2026-10-08 21:17:08,014 LT1-thread root DEBUG client.py                 276   get_result                : ClientCallback.get_result run_test_case
2026-10-08 21:17:08,016 LT1-callback ClientCallback.on_implicit_send INFO client.py                 223   on_implicit_send          : 
    ********************
    BEGIN OnImplicitSend:
    project_name: AVRCP
    wid: 820
    test_case_name: AVRCP/CT/PTT/BV-04-C
    description: Send a [6] passthrough press and release to PTS.

Action: Press the corresponding button on the IUT.

Description: Verify that the Implementation Under Test (IUT) is capable of sending a passthrough press, followed by a passthrough release.
    style: MMI_Style_Ok_Cancel1 0x11041
2026-10-08 21:17:08,016 LT1-callback ClientCallback.on_implicit_send INFO client.py                 236   on_implicit_send          : Calling test cases on_implicit_send
2026-10-08 21:17:08,016 LT1-callback ClientCallback.on_implicit_send INFO client.py                 249   on_implicit_send          : 
    on_implicit_send returned response: WAIT
    END OnImplicitSend
    ********************
2026-10-08 21:17:09,015 LT1-thread root DEBUG testcase.py               679   run_wid                   : AVRCP AVRCP/CT/PTT/BV-04-C on_implicit_send
2026-10-08 21:17:09,015 LT1-thread root DEBUG avrcp_wid.py              25    avrcp_wid_hdl             : avrcp_wid_hdl, 820, Send a [6] passthrough press and release to PTS.

Action: Press the corresponding button on the IUT.

Description: Verify that the Implementation Under Test (IUT) is capable of sending a passthrough press, followed by a passthrough release., AVRCP/CT/PTT/BV-04-C
2026-10-08 21:17:09,015 LT1-thread root DEBUG avrcp.py                  459   avrcp_pass_through        : avrcp_pass_through None 38 0 None
2026-10-08 21:17:09,015 LT1-thread root DEBUG iutctl_common.py          161   send                      : 37 8 0 "bytearray(b'\\xe0N\\xe4\\x08\\xdc\\x1b\\x00&\\x00\\x00')"
2026-10-08 21:17:09,015 LT1-thread root DEBUG iutctl_common.py          166   send                      : sending frame '2508000a00e04ee408dc1b00260000'
2026-10-08 21:17:09,016 LT1-thread root DEBUG avrcp.py                  145   avrcp_command_rsp_succ    : avrcp_command_rsp_succ
2026-10-08 21:17:09,016 LT1-thread root DEBUG iutctl_common.py          339   read                      : 
2026-10-08 21:17:09,058 BTPWorkerThread-5574 (_rx_task) root DEBUG iutctl_common.py          123   read                      : Read 5 bytes
2026-10-08 21:17:09,063 BTPWorkerThread-5574 (_rx_task) root DEBUG iutctl_common.py          131   read                      : Received: hdr: Header(svc_id=0x25, op=0x08, ctrl_index=0x00, data_len=0x00) bytearray(b'%\x08\x00\x00\x00')
2026-10-08 21:17:09,068 BTPWorkerThread-5574 (_rx_task) root DEBUG iutctl_common.py          154   read                      : Received data: {''}, bytearray(b'')
2026-10-08 21:17:09,068 LT1-thread root DEBUG avrcp.py                  150   avrcp_command_rsp_succ    : received Header(svc_id=37, op=8, ctrl_index=0, data_len=0) (b'',)
2026-10-08 21:17:09,177 BTPWorkerThread-5574 (_rx_task) root DEBUG iutctl_common.py          123   read                      : Read 5 bytes
2026-10-08 21:17:09,177 BTPWorkerThread-5574 (_rx_task) root DEBUG iutctl_common.py          131   read                      : Received: hdr: Header(svc_id=0x25, op=0x86, ctrl_index=0x00, data_len=0x0a) bytearray(b'%\x86\x00\n\x00')
2026-10-08 21:17:09,177 BTPWorkerThread-5574 (_rx_task) root DEBUG iutctl_common.py          139   read                      : Read 10 bytes data
2026-10-08 21:17:09,178 BTPWorkerThread-5574 (_rx_task) root DEBUG iutctl_common.py          154   read                      : Received data: {'e0 4e e4 08 dc 1b 00 09 26 00'}, bytearray(b'\xe0N\xe4\x08\xdc\x1b\x00\t&\x00')
2026-10-08 21:17:09,178 BTPWorkerThread-5574 (_rx_task) root DEBUG btp.py                    736   event_handler             : Header(svc_id=37, op=134, ctrl_index=0, data_len=10) (b'\xe0N\xe4\x08\xdc\x1b\x00\t&\x00',)
2026-10-08 21:17:09,178 BTPWorkerThread-5574 (_rx_task) root DEBUG avrcp.py                  1033  avrcp_ev_pass_through_rsp : avrcp_ev_pass_through_rsp b'\xe0N\xe4\x08\xdc\x1b\x00\t&\x00'
2026-10-08 21:17:10,271 LT1-thread root DEBUG avrcp.py                  459   avrcp_pass_through        : avrcp_pass_through None 38 1 None
2026-10-08 21:17:10,271 LT1-thread root DEBUG iutctl_common.py          161   send                      : 37 8 0 "bytearray(b'\\xe0N\\xe4\\x08\\xdc\\x1b\\x00&\\x01\\x00')"
2026-10-08 21:17:10,271 LT1-thread root DEBUG iutctl_common.py          166   send                      : sending frame '2508000a00e04ee408dc1b00260100'
2026-10-08 21:17:10,271 LT1-thread root DEBUG avrcp.py                  145   avrcp_command_rsp_succ    : avrcp_command_rsp_succ
2026-10-08 21:17:10,272 LT1-thread root DEBUG iutctl_common.py          339   read                      : 
2026-10-08 21:17:10,314 BTPWorkerThread-5574 (_rx_task) root DEBUG iutctl_common.py          123   read                      : Read 5 bytes
2026-10-08 21:17:10,320 BTPWorkerThread-5574 (_rx_task) root DEBUG iutctl_common.py          131   read                      : Received: hdr: Header(svc_id=0x25, op=0x08, ctrl_index=0x00, data_len=0x00) bytearray(b'%\x08\x00\x00\x00')
2026-10-08 21:17:10,325 BTPWorkerThread-5574 (_rx_task) root DEBUG iutctl_common.py          154   read                      : Received data: {''}, bytearray(b'')
2026-10-08 21:17:10,325 LT1-thread root DEBUG avrcp.py                  150   avrcp_command_rsp_succ    : received Header(svc_id=37, op=8, ctrl_index=0, data_len=0) (b'',)
2026-10-08 21:17:10,421 BTPWorkerThread-5574 (_rx_task) root DEBUG iutctl_common.py          123   read                      : Read 5 bytes
2026-10-08 21:17:10,421 BTPWorkerThread-5574 (_rx_task) root DEBUG iutctl_common.py          131   read                      : Received: hdr: Header(svc_id=0x25, op=0x86, ctrl_index=0x00, data_len=0x0a) bytearray(b'%\x86\x00\n\x00')
2026-10-08 21:17:10,421 BTPWorkerThread-5574 (_rx_task) root DEBUG iutctl_common.py          139   read                      : Read 10 bytes data
2026-10-08 21:17:10,422 BTPWorkerThread-5574 (_rx_task) root DEBUG iutctl_common.py          154   read                      : Received data: {'e0 4e e4 08 dc 1b 00 09 a6 00'}, bytearray(b'\xe0N\xe4\x08\xdc\x1b\x00\t\xa6\x00')
2026-10-08 21:17:10,422 BTPWorkerThread-5574 (_rx_task) root DEBUG btp.py                    736   event_handler             : Header(svc_id=37, op=134, ctrl_index=0, data_len=10) (b'\xe0N\xe4\x08\xdc\x1b\x00\t\xa6\x00',)
2026-10-08 21:17:10,422 BTPWorkerThread-5574 (_rx_task) root DEBUG avrcp.py                  1033  avrcp_ev_pass_through_rsp : avrcp_ev_pass_through_rsp b'\xe0N\xe4\x08\xdc\x1b\x00\t\xa6\x00'
2026-10-08 21:17:10,427 LT1-thread root DEBUG testcase.py               722   run_wid                   : Sending response 'OK' to wid 820 test case AVRCP/CT/PTT/BV-04-C
2026-10-08 21:17:10,429 LT1-thread root DEBUG client.py                 276   get_result                : ClientCallback.get_result run_test_case
2026-10-08 21:17:10,432 LT1-callback ClientCallback.on_implicit_send INFO client.py                 223   on_implicit_send          : 
    ********************
    BEGIN OnImplicitSend:
    project_name: AVRCP
    wid: 821
    test_case_name: AVRCP/CT/PTT/BV-04-C
    description: Send a [7] passthrough press and release to PTS.

Action: Press the corresponding button on the IUT.

Description: Verify that the Implementation Under Test (IUT) is capable of sending a passthrough press, followed by a passthrough release.
    style: MMI_Style_Ok_Cancel1 0x11041
2026-10-08 21:17:10,432 LT1-callback ClientCallback.on_implicit_send INFO client.py                 236   on_implicit_send          : Calling test cases on_implicit_send
2026-10-08 21:17:10,432 LT1-callback ClientCallback.on_implicit_send INFO client.py                 249   on_implicit_send          : 
    on_implicit_send returned response: WAIT
    END OnImplicitSend
    ********************
2026-10-08 21:17:11,430 LT1-thread root DEBUG testcase.py               679   run_wid                   : AVRCP AVRCP/CT/PTT/BV-04-C on_implicit_send
2026-10-08 21:17:11,430 LT1-thread root DEBUG avrcp_wid.py              25    avrcp_wid_hdl             : avrcp_wid_hdl, 821, Send a [7] passthrough press and release to PTS.

Action: Press the corresponding button on the IUT.

Description: Verify that the Implementation Under Test (IUT) is capable of sending a passthrough press, followed by a passthrough release., AVRCP/CT/PTT/BV-04-C
2026-10-08 21:17:11,430 LT1-thread root DEBUG avrcp.py                  459   avrcp_pass_through        : avrcp_pass_through None 39 0 None
2026-10-08 21:17:11,430 LT1-thread root DEBUG iutctl_common.py          161   send                      : 37 8 0 'bytearray(b"\\xe0N\\xe4\\x08\\xdc\\x1b\\x00\\\'\\x00\\x00")'
2026-10-08 21:17:11,430 LT1-thread root DEBUG iutctl_common.py          166   send                      : sending frame '2508000a00e04ee408dc1b00270000'
2026-10-08 21:17:11,431 LT1-thread root DEBUG avrcp.py                  145   avrcp_command_rsp_succ    : avrcp_command_rsp_succ
2026-10-08 21:17:11,431 LT1-thread root DEBUG iutctl_common.py          339   read                      : 
2026-10-08 21:17:11,465 BTPWorkerThread-5574 (_rx_task) root DEBUG iutctl_common.py          123   read                      : Read 5 bytes
2026-10-08 21:17:11,470 BTPWorkerThread-5574 (_rx_task) root DEBUG iutctl_common.py          131   read                      : Received: hdr: Header(svc_id=0x25, op=0x08, ctrl_index=0x00, data_len=0x00) bytearray(b'%\x08\x00\x00\x00')
2026-10-08 21:17:11,470 BTPWorkerThread-5574 (_rx_task) root DEBUG iutctl_common.py          154   read                      : Received data: {''}, bytearray(b'')
2026-10-08 21:17:11,470 LT1-thread root DEBUG avrcp.py                  150   avrcp_command_rsp_succ    : received Header(svc_id=37, op=8, ctrl_index=0, data_len=0) (b'',)
2026-10-08 21:17:11,565 BTPWorkerThread-5574 (_rx_task) root DEBUG iutctl_common.py          123   read                      : Read 5 bytes
2026-10-08 21:17:11,565 BTPWorkerThread-5574 (_rx_task) root DEBUG iutctl_common.py          131   read                      : Received: hdr: Header(svc_id=0x25, op=0x86, ctrl_index=0x00, data_len=0x0a) bytearray(b'%\x86\x00\n\x00')
2026-10-08 21:17:11,565 BTPWorkerThread-5574 (_rx_task) root DEBUG iutctl_common.py          139   read                      : Read 10 bytes data
2026-10-08 21:17:11,566 BTPWorkerThread-5574 (_rx_task) root DEBUG iutctl_common.py          154   read                      : Received data: {'e0 4e e4 08 dc 1b 00 09 27 00'}, bytearray(b"\xe0N\xe4\x08\xdc\x1b\x00\t\'\x00")
2026-10-08 21:17:11,566 BTPWorkerThread-5574 (_rx_task) root DEBUG btp.py                    736   event_handler             : Header(svc_id=37, op=134, ctrl_index=0, data_len=10) (b"\xe0N\xe4\x08\xdc\x1b\x00\t'\x00",)
2026-10-08 21:17:11,566 BTPWorkerThread-5574 (_rx_task) root DEBUG avrcp.py                  1033  avrcp_ev_pass_through_rsp : avrcp_ev_pass_through_rsp b"\xe0N\xe4\x08\xdc\x1b\x00\t'\x00"
2026-10-08 21:17:12,572 LT1-thread root DEBUG avrcp.py                  459   avrcp_pass_through        : avrcp_pass_through None 39 1 None
2026-10-08 21:17:12,572 LT1-thread root DEBUG iutctl_common.py          161   send                      : 37 8 0 'bytearray(b"\\xe0N\\xe4\\x08\\xdc\\x1b\\x00\\\'\\x01\\x00")'
2026-10-08 21:17:12,572 LT1-thread root DEBUG iutctl_common.py          166   send                      : sending frame '2508000a00e04ee408dc1b00270100'
2026-10-08 21:17:12,572 LT1-thread root DEBUG avrcp.py                  145   avrcp_command_rsp_succ    : avrcp_command_rsp_succ
2026-10-08 21:17:12,572 LT1-thread root DEBUG iutctl_common.py          339   read                      : 
2026-10-08 21:17:12,614 BTPWorkerThread-5574 (_rx_task) root DEBUG iutctl_common.py          123   read                      : Read 5 bytes
2026-10-08 21:17:12,619 BTPWorkerThread-5574 (_rx_task) root DEBUG iutctl_common.py          131   read                      : Received: hdr: Header(svc_id=0x25, op=0x08, ctrl_index=0x00, data_len=0x00) bytearray(b'%\x08\x00\x00\x00')
2026-10-08 21:17:12,624 BTPWorkerThread-5574 (_rx_task) root DEBUG iutctl_common.py          154   read                      : Received data: {''}, bytearray(b'')
2026-10-08 21:17:12,624 LT1-thread root DEBUG avrcp.py                  150   avrcp_command_rsp_succ    : received Header(svc_id=37, op=8, ctrl_index=0, data_len=0) (b'',)
2026-10-08 21:17:12,723 BTPWorkerThread-5574 (_rx_task) root DEBUG iutctl_common.py          123   read                      : Read 5 bytes
2026-10-08 21:17:12,723 BTPWorkerThread-5574 (_rx_task) root DEBUG iutctl_common.py          131   read                      : Received: hdr: Header(svc_id=0x25, op=0x86, ctrl_index=0x00, data_len=0x0a) bytearray(b'%\x86\x00\n\x00')
2026-10-08 21:17:12,723 BTPWorkerThread-5574 (_rx_task) root DEBUG iutctl_common.py          139   read                      : Read 10 bytes data
2026-10-08 21:17:12,724 BTPWorkerThread-5574 (_rx_task) root DEBUG iutctl_common.py          154   read                      : Received data: {'e0 4e e4 08 dc 1b 00 09 a7 00'}, bytearray(b'\xe0N\xe4\x08\xdc\x1b\x00\t\xa7\x00')
2026-10-08 21:17:12,724 BTPWorkerThread-5574 (_rx_task) root DEBUG btp.py                    736   event_handler             : Header(svc_id=37, op=134, ctrl_index=0, data_len=10) (b'\xe0N\xe4\x08\xdc\x1b\x00\t\xa7\x00',)
2026-10-08 21:17:12,724 BTPWorkerThread-5574 (_rx_task) root DEBUG avrcp.py                  1033  avrcp_ev_pass_through_rsp : avrcp_ev_pass_through_rsp b'\xe0N\xe4\x08\xdc\x1b\x00\t\xa7\x00'
2026-10-08 21:17:12,726 LT1-thread root DEBUG testcase.py               722   run_wid                   : Sending response 'OK' to wid 821 test case AVRCP/CT/PTT/BV-04-C
2026-10-08 21:17:12,728 LT1-thread root DEBUG client.py                 276   get_result                : ClientCallback.get_result run_test_case
2026-10-08 21:17:12,730 LT1-callback ClientCallback.on_implicit_send INFO client.py                 223   on_implicit_send          : 
    ********************
    BEGIN OnImplicitSend:
    project_name: AVRCP
    wid: 822
    test_case_name: AVRCP/CT/PTT/BV-04-C
    description: Send a [8] passthrough press and release to PTS.

Action: Press the corresponding button on the IUT.

Description: Verify that the Implementation Under Test (IUT) is capable of sending a passthrough press, followed by a passthrough release.
    style: MMI_Style_Ok_Cancel1 0x11041
2026-10-08 21:17:12,730 LT1-callback ClientCallback.on_implicit_send INFO client.py                 236   on_implicit_send          : Calling test cases on_implicit_send
2026-10-08 21:17:12,730 LT1-callback ClientCallback.on_implicit_send INFO client.py                 249   on_implicit_send          : 
    on_implicit_send returned response: WAIT
    END OnImplicitSend
    ********************
2026-10-08 21:17:13,729 LT1-thread root DEBUG testcase.py               679   run_wid                   : AVRCP AVRCP/CT/PTT/BV-04-C on_implicit_send
2026-10-08 21:17:13,729 LT1-thread root DEBUG avrcp_wid.py              25    avrcp_wid_hdl             : avrcp_wid_hdl, 822, Send a [8] passthrough press and release to PTS.

Action: Press the corresponding button on the IUT.

Description: Verify that the Implementation Under Test (IUT) is capable of sending a passthrough press, followed by a passthrough release., AVRCP/CT/PTT/BV-04-C
2026-10-08 21:17:13,729 LT1-thread root DEBUG avrcp.py                  459   avrcp_pass_through        : avrcp_pass_through None 40 0 None
2026-10-08 21:17:13,729 LT1-thread root DEBUG iutctl_common.py          161   send                      : 37 8 0 "bytearray(b'\\xe0N\\xe4\\x08\\xdc\\x1b\\x00(\\x00\\x00')"
2026-10-08 21:17:13,729 LT1-thread root DEBUG iutctl_common.py          166   send                      : sending frame '2508000a00e04ee408dc1b00280000'
2026-10-08 21:17:13,730 LT1-thread root DEBUG avrcp.py                  145   avrcp_command_rsp_succ    : avrcp_command_rsp_succ
2026-10-08 21:17:13,730 LT1-thread root DEBUG iutctl_common.py          339   read                      : 
2026-10-08 21:17:13,762 BTPWorkerThread-5574 (_rx_task) root DEBUG iutctl_common.py          123   read                      : Read 5 bytes
2026-10-08 21:17:13,773 BTPWorkerThread-5574 (_rx_task) root DEBUG iutctl_common.py          131   read                      : Received: hdr: Header(svc_id=0x25, op=0x08, ctrl_index=0x00, data_len=0x00) bytearray(b'%\x08\x00\x00\x00')
2026-10-08 21:17:13,779 BTPWorkerThread-5574 (_rx_task) root DEBUG iutctl_common.py          154   read                      : Received data: {''}, bytearray(b'')
2026-10-08 21:17:13,779 LT1-thread root DEBUG avrcp.py                  150   avrcp_command_rsp_succ    : received Header(svc_id=37, op=8, ctrl_index=0, data_len=0) (b'',)
2026-10-08 21:17:13,885 BTPWorkerThread-5574 (_rx_task) root DEBUG iutctl_common.py          123   read                      : Read 5 bytes
2026-10-08 21:17:13,885 BTPWorkerThread-5574 (_rx_task) root DEBUG iutctl_common.py          131   read                      : Received: hdr: Header(svc_id=0x25, op=0x86, ctrl_index=0x00, data_len=0x0a) bytearray(b'%\x86\x00\n\x00')
2026-10-08 21:17:13,886 BTPWorkerThread-5574 (_rx_task) root DEBUG iutctl_common.py          139   read                      : Read 10 bytes data
2026-10-08 21:17:13,886 BTPWorkerThread-5574 (_rx_task) root DEBUG iutctl_common.py          154   read                      : Received data: {'e0 4e e4 08 dc 1b 00 09 28 00'}, bytearray(b'\xe0N\xe4\x08\xdc\x1b\x00\t(\x00')
2026-10-08 21:17:13,886 BTPWorkerThread-5574 (_rx_task) root DEBUG btp.py                    736   event_handler             : Header(svc_id=37, op=134, ctrl_index=0, data_len=10) (b'\xe0N\xe4\x08\xdc\x1b\x00\t(\x00',)
2026-10-08 21:17:13,886 BTPWorkerThread-5574 (_rx_task) root DEBUG avrcp.py                  1033  avrcp_ev_pass_through_rsp : avrcp_ev_pass_through_rsp b'\xe0N\xe4\x08\xdc\x1b\x00\t(\x00'
2026-10-08 21:17:14,982 LT1-thread root DEBUG avrcp.py                  459   avrcp_pass_through        : avrcp_pass_through None 40 1 None
2026-10-08 21:17:14,982 LT1-thread root DEBUG iutctl_common.py          161   send                      : 37 8 0 "bytearray(b'\\xe0N\\xe4\\x08\\xdc\\x1b\\x00(\\x01\\x00')"
2026-10-08 21:17:14,982 LT1-thread root DEBUG iutctl_common.py          166   send                      : sending frame '2508000a00e04ee408dc1b00280100'
2026-10-08 21:17:14,982 LT1-thread root DEBUG avrcp.py                  145   avrcp_command_rsp_succ    : avrcp_command_rsp_succ
2026-10-08 21:17:14,983 LT1-thread root DEBUG iutctl_common.py          339   read                      : 
2026-10-08 21:17:15,016 BTPWorkerThread-5574 (_rx_task) root DEBUG iutctl_common.py          123   read                      : Read 5 bytes
2026-10-08 21:17:15,027 BTPWorkerThread-5574 (_rx_task) root DEBUG iutctl_common.py          131   read                      : Received: hdr: Header(svc_id=0x25, op=0x08, ctrl_index=0x00, data_len=0x00) bytearray(b'%\x08\x00\x00\x00')
2026-10-08 21:17:15,033 BTPWorkerThread-5574 (_rx_task) root DEBUG iutctl_common.py          154   read                      : Received data: {''}, bytearray(b'')
2026-10-08 21:17:15,033 LT1-thread root DEBUG avrcp.py                  150   avrcp_command_rsp_succ    : received Header(svc_id=37, op=8, ctrl_index=0, data_len=0) (b'',)
2026-10-08 21:17:15,140 BTPWorkerThread-5574 (_rx_task) root DEBUG iutctl_common.py          123   read                      : Read 5 bytes
2026-10-08 21:17:15,140 BTPWorkerThread-5574 (_rx_task) root DEBUG iutctl_common.py          131   read                      : Received: hdr: Header(svc_id=0x25, op=0x86, ctrl_index=0x00, data_len=0x0a) bytearray(b'%\x86\x00\n\x00')
2026-10-08 21:17:15,140 BTPWorkerThread-5574 (_rx_task) root DEBUG iutctl_common.py          139   read                      : Read 10 bytes data
2026-10-08 21:17:15,141 BTPWorkerThread-5574 (_rx_task) root DEBUG iutctl_common.py          154   read                      : Received data: {'e0 4e e4 08 dc 1b 00 09 a8 00'}, bytearray(b'\xe0N\xe4\x08\xdc\x1b\x00\t\xa8\x00')
2026-10-08 21:17:15,141 BTPWorkerThread-5574 (_rx_task) root DEBUG btp.py                    736   event_handler             : Header(svc_id=37, op=134, ctrl_index=0, data_len=10) (b'\xe0N\xe4\x08\xdc\x1b\x00\t\xa8\x00',)
2026-10-08 21:17:15,141 BTPWorkerThread-5574 (_rx_task) root DEBUG avrcp.py                  1033  avrcp_ev_pass_through_rsp : avrcp_ev_pass_through_rsp b'\xe0N\xe4\x08\xdc\x1b\x00\t\xa8\x00'
2026-10-08 21:17:15,235 LT1-thread root DEBUG testcase.py               722   run_wid                   : Sending response 'OK' to wid 822 test case AVRCP/CT/PTT/BV-04-C
2026-10-08 21:17:15,237 LT1-thread root DEBUG client.py                 276   get_result                : ClientCallback.get_result run_test_case
2026-10-08 21:17:15,239 LT1-callback ClientCallback.on_implicit_send INFO client.py                 223   on_implicit_send          : 
    ********************
    BEGIN OnImplicitSend:
    project_name: AVRCP
    wid: 823
    test_case_name: AVRCP/CT/PTT/BV-04-C
    description: Send a [9] passthrough press and release to PTS.

Action: Press the corresponding button on the IUT.

Description: Verify that the Implementation Under Test (IUT) is capable of sending a passthrough press, followed by a passthrough release.
    style: MMI_Style_Ok_Cancel1 0x11041
2026-10-08 21:17:15,239 LT1-callback ClientCallback.on_implicit_send INFO client.py                 236   on_implicit_send          : Calling test cases on_implicit_send
2026-10-08 21:17:15,240 LT1-callback ClientCallback.on_implicit_send INFO client.py                 249   on_implicit_send          : 
    on_implicit_send returned response: WAIT
    END OnImplicitSend
    ********************
2026-10-08 21:17:16,238 LT1-thread root DEBUG testcase.py               679   run_wid                   : AVRCP AVRCP/CT/PTT/BV-04-C on_implicit_send
2026-10-08 21:17:16,238 LT1-thread root DEBUG avrcp_wid.py              25    avrcp_wid_hdl             : avrcp_wid_hdl, 823, Send a [9] passthrough press and release to PTS.

Action: Press the corresponding button on the IUT.

Description: Verify that the Implementation Under Test (IUT) is capable of sending a passthrough press, followed by a passthrough release., AVRCP/CT/PTT/BV-04-C
2026-10-08 21:17:16,238 LT1-thread root DEBUG avrcp.py                  459   avrcp_pass_through        : avrcp_pass_through None 41 0 None
2026-10-08 21:17:16,238 LT1-thread root DEBUG iutctl_common.py          161   send                      : 37 8 0 "bytearray(b'\\xe0N\\xe4\\x08\\xdc\\x1b\\x00)\\x00\\x00')"
2026-10-08 21:17:16,238 LT1-thread root DEBUG iutctl_common.py          166   send                      : sending frame '2508000a00e04ee408dc1b00290000'
2026-10-08 21:17:16,239 LT1-thread root DEBUG avrcp.py                  145   avrcp_command_rsp_succ    : avrcp_command_rsp_succ
2026-10-08 21:17:16,239 LT1-thread root DEBUG iutctl_common.py          339   read                      : 
2026-10-08 21:17:16,276 BTPWorkerThread-5574 (_rx_task) root DEBUG iutctl_common.py          123   read                      : Read 5 bytes
2026-10-08 21:17:16,276 BTPWorkerThread-5574 (_rx_task) root DEBUG iutctl_common.py          131   read                      : Received: hdr: Header(svc_id=0x25, op=0x08, ctrl_index=0x00, data_len=0x00) bytearray(b'%\x08\x00\x00\x00')
2026-10-08 21:17:16,281 BTPWorkerThread-5574 (_rx_task) root DEBUG iutctl_common.py          154   read                      : Received data: {''}, bytearray(b'')
2026-10-08 21:17:16,281 LT1-thread root DEBUG avrcp.py                  150   avrcp_command_rsp_succ    : received Header(svc_id=37, op=8, ctrl_index=0, data_len=0) (b'',)
2026-10-08 21:17:16,382 BTPWorkerThread-5574 (_rx_task) root DEBUG iutctl_common.py          123   read                      : Read 5 bytes
2026-10-08 21:17:16,382 BTPWorkerThread-5574 (_rx_task) root DEBUG iutctl_common.py          131   read                      : Received: hdr: Header(svc_id=0x25, op=0x86, ctrl_index=0x00, data_len=0x0a) bytearray(b'%\x86\x00\n\x00')
2026-10-08 21:17:16,382 BTPWorkerThread-5574 (_rx_task) root DEBUG iutctl_common.py          139   read                      : Read 10 bytes data
2026-10-08 21:17:16,382 BTPWorkerThread-5574 (_rx_task) root DEBUG iutctl_common.py          154   read                      : Received data: {'e0 4e e4 08 dc 1b 00 09 29 00'}, bytearray(b'\xe0N\xe4\x08\xdc\x1b\x00\t)\x00')
2026-10-08 21:17:16,382 BTPWorkerThread-5574 (_rx_task) root DEBUG btp.py                    736   event_handler             : Header(svc_id=37, op=134, ctrl_index=0, data_len=10) (b'\xe0N\xe4\x08\xdc\x1b\x00\t)\x00',)
2026-10-08 21:17:16,382 BTPWorkerThread-5574 (_rx_task) root DEBUG avrcp.py                  1033  avrcp_ev_pass_through_rsp : avrcp_ev_pass_through_rsp b'\xe0N\xe4\x08\xdc\x1b\x00\t)\x00'
2026-10-08 21:17:17,383 LT1-thread root DEBUG avrcp.py                  459   avrcp_pass_through        : avrcp_pass_through None 41 1 None
2026-10-08 21:17:17,383 LT1-thread root DEBUG iutctl_common.py          161   send                      : 37 8 0 "bytearray(b'\\xe0N\\xe4\\x08\\xdc\\x1b\\x00)\\x01\\x00')"
2026-10-08 21:17:17,383 LT1-thread root DEBUG iutctl_common.py          166   send                      : sending frame '2508000a00e04ee408dc1b00290100'
2026-10-08 21:17:17,384 LT1-thread root DEBUG avrcp.py                  145   avrcp_command_rsp_succ    : avrcp_command_rsp_succ
2026-10-08 21:17:17,384 LT1-thread root DEBUG iutctl_common.py          339   read                      : 
2026-10-08 21:17:17,419 BTPWorkerThread-5574 (_rx_task) root DEBUG iutctl_common.py          123   read                      : Read 5 bytes
2026-10-08 21:17:17,425 BTPWorkerThread-5574 (_rx_task) root DEBUG iutctl_common.py          131   read                      : Received: hdr: Header(svc_id=0x25, op=0x08, ctrl_index=0x00, data_len=0x00) bytearray(b'%\x08\x00\x00\x00')
2026-10-08 21:17:17,425 BTPWorkerThread-5574 (_rx_task) root DEBUG iutctl_common.py          154   read                      : Received data: {''}, bytearray(b'')
2026-10-08 21:17:17,425 LT1-thread root DEBUG avrcp.py                  150   avrcp_command_rsp_succ    : received Header(svc_id=37, op=8, ctrl_index=0, data_len=0) (b'',)
2026-10-08 21:17:17,557 BTPWorkerThread-5574 (_rx_task) root DEBUG iutctl_common.py          123   read                      : Read 5 bytes
2026-10-08 21:17:17,557 BTPWorkerThread-5574 (_rx_task) root DEBUG iutctl_common.py          131   read                      : Received: hdr: Header(svc_id=0x25, op=0x86, ctrl_index=0x00, data_len=0x0a) bytearray(b'%\x86\x00\n\x00')
2026-10-08 21:17:17,557 BTPWorkerThread-5574 (_rx_task) root DEBUG iutctl_common.py          139   read                      : Read 10 bytes data
2026-10-08 21:17:17,558 BTPWorkerThread-5574 (_rx_task) root DEBUG iutctl_common.py          154   read                      : Received data: {'e0 4e e4 08 dc 1b 00 09 a9 00'}, bytearray(b'\xe0N\xe4\x08\xdc\x1b\x00\t\xa9\x00')
2026-10-08 21:17:17,558 BTPWorkerThread-5574 (_rx_task) root DEBUG btp.py                    736   event_handler             : Header(svc_id=37, op=134, ctrl_index=0, data_len=10) (b'\xe0N\xe4\x08\xdc\x1b\x00\t\xa9\x00',)
2026-10-08 21:17:17,558 BTPWorkerThread-5574 (_rx_task) root DEBUG avrcp.py                  1033  avrcp_ev_pass_through_rsp : avrcp_ev_pass_through_rsp b'\xe0N\xe4\x08\xdc\x1b\x00\t\xa9\x00'
2026-10-08 21:17:17,627 LT1-thread root DEBUG testcase.py               722   run_wid                   : Sending response 'OK' to wid 823 test case AVRCP/CT/PTT/BV-04-C
2026-10-08 21:17:17,629 LT1-thread root DEBUG client.py                 276   get_result                : ClientCallback.get_result run_test_case
2026-10-08 21:17:17,631 LT1-callback ClientCallback.on_implicit_send INFO client.py                 223   on_implicit_send          : 
    ********************
    BEGIN OnImplicitSend:
    project_name: AVRCP
    wid: 824
    test_case_name: AVRCP/CT/PTT/BV-04-C
    description: Send a [Dot] passthrough press and release to PTS.

Action: Press the corresponding button on the IUT.

Description: Verify that the Implementation Under Test (IUT) is capable of sending a passthrough press, followed by a passthrough release.
    style: MMI_Style_Ok_Cancel1 0x11041
2026-10-08 21:17:17,631 LT1-callback ClientCallback.on_implicit_send INFO client.py                 236   on_implicit_send          : Calling test cases on_implicit_send
2026-10-08 21:17:17,631 LT1-callback ClientCallback.on_implicit_send INFO client.py                 249   on_implicit_send          : 
    on_implicit_send returned response: WAIT
    END OnImplicitSend
    ********************
2026-10-08 21:17:18,630 LT1-thread root DEBUG testcase.py               679   run_wid                   : AVRCP AVRCP/CT/PTT/BV-04-C on_implicit_send
2026-10-08 21:17:18,630 LT1-thread root DEBUG avrcp_wid.py              25    avrcp_wid_hdl             : avrcp_wid_hdl, 824, Send a [Dot] passthrough press and release to PTS.

Action: Press the corresponding button on the IUT.

Description: Verify that the Implementation Under Test (IUT) is capable of sending a passthrough press, followed by a passthrough release., AVRCP/CT/PTT/BV-04-C
2026-10-08 21:17:18,630 LT1-thread root DEBUG avrcp.py                  459   avrcp_pass_through        : avrcp_pass_through None 42 0 None
2026-10-08 21:17:18,630 LT1-thread root DEBUG iutctl_common.py          161   send                      : 37 8 0 "bytearray(b'\\xe0N\\xe4\\x08\\xdc\\x1b\\x00*\\x00\\x00')"
2026-10-08 21:17:18,630 LT1-thread root DEBUG iutctl_common.py          166   send                      : sending frame '2508000a00e04ee408dc1b002a0000'
2026-10-08 21:17:18,630 LT1-thread root DEBUG avrcp.py                  145   avrcp_command_rsp_succ    : avrcp_command_rsp_succ
2026-10-08 21:17:18,630 LT1-thread root DEBUG iutctl_common.py          339   read                      : 
2026-10-08 21:17:18,666 BTPWorkerThread-5574 (_rx_task) root DEBUG iutctl_common.py          123   read                      : Read 5 bytes
2026-10-08 21:17:18,677 BTPWorkerThread-5574 (_rx_task) root DEBUG iutctl_common.py          131   read                      : Received: hdr: Header(svc_id=0x25, op=0x08, ctrl_index=0x00, data_len=0x00) bytearray(b'%\x08\x00\x00\x00')
2026-10-08 21:17:18,682 BTPWorkerThread-5574 (_rx_task) root DEBUG iutctl_common.py          154   read                      : Received data: {''}, bytearray(b'')
2026-10-08 21:17:18,682 LT1-thread root DEBUG avrcp.py                  150   avrcp_command_rsp_succ    : received Header(svc_id=37, op=8, ctrl_index=0, data_len=0) (b'',)
2026-10-08 21:17:18,773 BTPWorkerThread-5574 (_rx_task) root DEBUG iutctl_common.py          123   read                      : Read 5 bytes
2026-10-08 21:17:18,773 BTPWorkerThread-5574 (_rx_task) root DEBUG iutctl_common.py          131   read                      : Received: hdr: Header(svc_id=0x25, op=0x86, ctrl_index=0x00, data_len=0x0a) bytearray(b'%\x86\x00\n\x00')
2026-10-08 21:17:18,774 BTPWorkerThread-5574 (_rx_task) root DEBUG iutctl_common.py          139   read                      : Read 10 bytes data
2026-10-08 21:17:18,774 BTPWorkerThread-5574 (_rx_task) root DEBUG iutctl_common.py          154   read                      : Received data: {'e0 4e e4 08 dc 1b 00 09 2a 00'}, bytearray(b'\xe0N\xe4\x08\xdc\x1b\x00\t*\x00')
2026-10-08 21:17:18,774 BTPWorkerThread-5574 (_rx_task) root DEBUG btp.py                    736   event_handler             : Header(svc_id=37, op=134, ctrl_index=0, data_len=10) (b'\xe0N\xe4\x08\xdc\x1b\x00\t*\x00',)
2026-10-08 21:17:18,774 BTPWorkerThread-5574 (_rx_task) root DEBUG avrcp.py                  1033  avrcp_ev_pass_through_rsp : avrcp_ev_pass_through_rsp b'\xe0N\xe4\x08\xdc\x1b\x00\t*\x00'
2026-10-08 21:17:19,783 LT1-thread root DEBUG avrcp.py                  459   avrcp_pass_through        : avrcp_pass_through None 42 1 None
2026-10-08 21:17:19,783 LT1-thread root DEBUG iutctl_common.py          161   send                      : 37 8 0 "bytearray(b'\\xe0N\\xe4\\x08\\xdc\\x1b\\x00*\\x01\\x00')"
2026-10-08 21:17:19,784 LT1-thread root DEBUG iutctl_common.py          166   send                      : sending frame '2508000a00e04ee408dc1b002a0100'
2026-10-08 21:17:19,784 LT1-thread root DEBUG avrcp.py                  145   avrcp_command_rsp_succ    : avrcp_command_rsp_succ
2026-10-08 21:17:19,784 LT1-thread root DEBUG iutctl_common.py          339   read                      : 
2026-10-08 21:17:19,821 BTPWorkerThread-5574 (_rx_task) root DEBUG iutctl_common.py          123   read                      : Read 5 bytes
2026-10-08 21:17:19,832 BTPWorkerThread-5574 (_rx_task) root DEBUG iutctl_common.py          131   read                      : Received: hdr: Header(svc_id=0x25, op=0x08, ctrl_index=0x00, data_len=0x00) bytearray(b'%\x08\x00\x00\x00')
2026-10-08 21:17:19,837 BTPWorkerThread-5574 (_rx_task) root DEBUG iutctl_common.py          154   read                      : Received data: {''}, bytearray(b'')
2026-10-08 21:17:19,837 LT1-thread root DEBUG avrcp.py                  150   avrcp_command_rsp_succ    : received Header(svc_id=37, op=8, ctrl_index=0, data_len=0) (b'',)
2026-10-08 21:17:19,944 BTPWorkerThread-5574 (_rx_task) root DEBUG iutctl_common.py          123   read                      : Read 5 bytes
2026-10-08 21:17:19,944 BTPWorkerThread-5574 (_rx_task) root DEBUG iutctl_common.py          131   read                      : Received: hdr: Header(svc_id=0x25, op=0x86, ctrl_index=0x00, data_len=0x0a) bytearray(b'%\x86\x00\n\x00')
2026-10-08 21:17:19,945 BTPWorkerThread-5574 (_rx_task) root DEBUG iutctl_common.py          139   read                      : Read 10 bytes data
2026-10-08 21:17:19,945 BTPWorkerThread-5574 (_rx_task) root DEBUG iutctl_common.py          154   read                      : Received data: {'e0 4e e4 08 dc 1b 00 09 aa 00'}, bytearray(b'\xe0N\xe4\x08\xdc\x1b\x00\t\xaa\x00')
2026-10-08 21:17:19,945 BTPWorkerThread-5574 (_rx_task) root DEBUG btp.py                    736   event_handler             : Header(svc_id=37, op=134, ctrl_index=0, data_len=10) (b'\xe0N\xe4\x08\xdc\x1b\x00\t\xaa\x00',)
2026-10-08 21:17:19,945 BTPWorkerThread-5574 (_rx_task) root DEBUG avrcp.py                  1033  avrcp_ev_pass_through_rsp : avrcp_ev_pass_through_rsp b'\xe0N\xe4\x08\xdc\x1b\x00\t\xaa\x00'
2026-10-08 21:17:20,039 LT1-thread root DEBUG testcase.py               722   run_wid                   : Sending response 'OK' to wid 824 test case AVRCP/CT/PTT/BV-04-C
2026-10-08 21:17:20,040 LT1-thread root DEBUG client.py                 276   get_result                : ClientCallback.get_result run_test_case
2026-10-08 21:17:20,043 LT1-callback ClientCallback.on_implicit_send INFO client.py                 223   on_implicit_send          : 
    ********************
    BEGIN OnImplicitSend:
    project_name: AVRCP
    wid: 825
    test_case_name: AVRCP/CT/PTT/BV-04-C
    description: Send a [Enter] passthrough press and release to PTS.

Action: Press the corresponding button on the IUT.

Description: Verify that the Implementation Under Test (IUT) is capable of sending a passthrough press, followed by a passthrough release.
    style: MMI_Style_Ok_Cancel1 0x11041
2026-10-08 21:17:20,043 LT1-callback ClientCallback.on_implicit_send INFO client.py                 236   on_implicit_send          : Calling test cases on_implicit_send
2026-10-08 21:17:20,043 LT1-callback ClientCallback.on_implicit_send INFO client.py                 249   on_implicit_send          : 
    on_implicit_send returned response: WAIT
    END OnImplicitSend
    ********************
2026-10-08 21:17:21,041 LT1-thread root DEBUG testcase.py               679   run_wid                   : AVRCP AVRCP/CT/PTT/BV-04-C on_implicit_send
2026-10-08 21:17:21,041 LT1-thread root DEBUG avrcp_wid.py              25    avrcp_wid_hdl             : avrcp_wid_hdl, 825, Send a [Enter] passthrough press and release to PTS.

Action: Press the corresponding button on the IUT.

Description: Verify that the Implementation Under Test (IUT) is capable of sending a passthrough press, followed by a passthrough release., AVRCP/CT/PTT/BV-04-C
2026-10-08 21:17:21,041 LT1-thread root DEBUG avrcp.py                  459   avrcp_pass_through        : avrcp_pass_through None 43 0 None
2026-10-08 21:17:21,041 LT1-thread root DEBUG iutctl_common.py          161   send                      : 37 8 0 "bytearray(b'\\xe0N\\xe4\\x08\\xdc\\x1b\\x00+\\x00\\x00')"
2026-10-08 21:17:21,041 LT1-thread root DEBUG iutctl_common.py          166   send                      : sending frame '2508000a00e04ee408dc1b002b0000'
2026-10-08 21:17:21,042 LT1-thread root DEBUG avrcp.py                  145   avrcp_command_rsp_succ    : avrcp_command_rsp_succ
2026-10-08 21:17:21,042 LT1-thread root DEBUG iutctl_common.py          339   read                      : 
2026-10-08 21:17:21,080 BTPWorkerThread-5574 (_rx_task) root DEBUG iutctl_common.py          123   read                      : Read 5 bytes
2026-10-08 21:17:21,085 BTPWorkerThread-5574 (_rx_task) root DEBUG iutctl_common.py          131   read                      : Received: hdr: Header(svc_id=0x25, op=0x08, ctrl_index=0x00, data_len=0x00) bytearray(b'%\x08\x00\x00\x00')
2026-10-08 21:17:21,085 BTPWorkerThread-5574 (_rx_task) root DEBUG iutctl_common.py          154   read                      : Received data: {''}, bytearray(b'')
2026-10-08 21:17:21,090 LT1-thread root DEBUG avrcp.py                  150   avrcp_command_rsp_succ    : received Header(svc_id=37, op=8, ctrl_index=0, data_len=0) (b'',)
2026-10-08 21:17:21,193 BTPWorkerThread-5574 (_rx_task) root DEBUG iutctl_common.py          123   read                      : Read 5 bytes
2026-10-08 21:17:21,193 BTPWorkerThread-5574 (_rx_task) root DEBUG iutctl_common.py          131   read                      : Received: hdr: Header(svc_id=0x25, op=0x86, ctrl_index=0x00, data_len=0x0a) bytearray(b'%\x86\x00\n\x00')
2026-10-08 21:17:21,193 BTPWorkerThread-5574 (_rx_task) root DEBUG iutctl_common.py          139   read                      : Read 10 bytes data
2026-10-08 21:17:21,193 BTPWorkerThread-5574 (_rx_task) root DEBUG iutctl_common.py          154   read                      : Received data: {'e0 4e e4 08 dc 1b 00 09 2b 00'}, bytearray(b'\xe0N\xe4\x08\xdc\x1b\x00\t+\x00')
2026-10-08 21:17:21,193 BTPWorkerThread-5574 (_rx_task) root DEBUG btp.py                    736   event_handler             : Header(svc_id=37, op=134, ctrl_index=0, data_len=10) (b'\xe0N\xe4\x08\xdc\x1b\x00\t+\x00',)
2026-10-08 21:17:21,193 BTPWorkerThread-5574 (_rx_task) root DEBUG avrcp.py                  1033  avrcp_ev_pass_through_rsp : avrcp_ev_pass_through_rsp b'\xe0N\xe4\x08\xdc\x1b\x00\t+\x00'
2026-10-08 21:17:22,293 LT1-thread root DEBUG avrcp.py                  459   avrcp_pass_through        : avrcp_pass_through None 43 1 None
2026-10-08 21:17:22,293 LT1-thread root DEBUG iutctl_common.py          161   send                      : 37 8 0 "bytearray(b'\\xe0N\\xe4\\x08\\xdc\\x1b\\x00+\\x01\\x00')"
2026-10-08 21:17:22,293 LT1-thread root DEBUG iutctl_common.py          166   send                      : sending frame '2508000a00e04ee408dc1b002b0100'
2026-10-08 21:17:22,293 LT1-thread root DEBUG avrcp.py                  145   avrcp_command_rsp_succ    : avrcp_command_rsp_succ
2026-10-08 21:17:22,293 LT1-thread root DEBUG iutctl_common.py          339   read                      : 
2026-10-08 21:17:22,336 BTPWorkerThread-5574 (_rx_task) root DEBUG iutctl_common.py          123   read                      : Read 5 bytes
2026-10-08 21:17:22,347 BTPWorkerThread-5574 (_rx_task) root DEBUG iutctl_common.py          131   read                      : Received: hdr: Header(svc_id=0x25, op=0x08, ctrl_index=0x00, data_len=0x00) bytearray(b'%\x08\x00\x00\x00')
2026-10-08 21:17:22,353 BTPWorkerThread-5574 (_rx_task) root DEBUG iutctl_common.py          154   read                      : Received data: {''}, bytearray(b'')
2026-10-08 21:17:22,353 LT1-thread root DEBUG avrcp.py                  150   avrcp_command_rsp_succ    : received Header(svc_id=37, op=8, ctrl_index=0, data_len=0) (b'',)
2026-10-08 21:17:22,432 BTPWorkerThread-5574 (_rx_task) root DEBUG iutctl_common.py          123   read                      : Read 3 bytes
2026-10-08 21:17:22,432 BTPWorkerThread-5574 (_rx_task) root DEBUG iutctl_common.py          123   read                      : Read 2 bytes
2026-10-08 21:17:22,432 BTPWorkerThread-5574 (_rx_task) root DEBUG iutctl_common.py          131   read                      : Received: hdr: Header(svc_id=0x25, op=0x86, ctrl_index=0x00, data_len=0x0a) bytearray(b'%\x86\x00\n\x00')
2026-10-08 21:17:22,443 BTPWorkerThread-5574 (_rx_task) root DEBUG iutctl_common.py          139   read                      : Read 10 bytes data
2026-10-08 21:17:22,444 BTPWorkerThread-5574 (_rx_task) root DEBUG iutctl_common.py          154   read                      : Received data: {'e0 4e e4 08 dc 1b 00 09 ab 00'}, bytearray(b'\xe0N\xe4\x08\xdc\x1b\x00\t\xab\x00')
2026-10-08 21:17:22,444 BTPWorkerThread-5574 (_rx_task) root DEBUG btp.py                    736   event_handler             : Header(svc_id=37, op=134, ctrl_index=0, data_len=10) (b'\xe0N\xe4\x08\xdc\x1b\x00\t\xab\x00',)
2026-10-08 21:17:22,444 BTPWorkerThread-5574 (_rx_task) root DEBUG avrcp.py                  1033  avrcp_ev_pass_through_rsp : avrcp_ev_pass_through_rsp b'\xe0N\xe4\x08\xdc\x1b\x00\t\xab\x00'
2026-10-08 21:17:22,455 LT1-thread root DEBUG testcase.py               722   run_wid                   : Sending response 'OK' to wid 825 test case AVRCP/CT/PTT/BV-04-C
2026-10-08 21:17:22,457 LT1-thread root DEBUG client.py                 276   get_result                : ClientCallback.get_result run_test_case
2026-10-08 21:17:22,459 LT1-callback ClientCallback.on_implicit_send INFO client.py                 223   on_implicit_send          : 
    ********************
    BEGIN OnImplicitSend:
    project_name: AVRCP
    wid: 826
    test_case_name: AVRCP/CT/PTT/BV-04-C
    description: Send a [Clear] passthrough press and release to PTS.

Action: Press the corresponding button on the IUT.

Description: Verify that the Implementation Under Test (IUT) is capable of sending a passthrough press, followed by a passthrough release.
    style: MMI_Style_Ok_Cancel1 0x11041
2026-10-08 21:17:22,459 LT1-callback ClientCallback.on_implicit_send INFO client.py                 236   on_implicit_send          : Calling test cases on_implicit_send
2026-10-08 21:17:22,459 LT1-callback ClientCallback.on_implicit_send INFO client.py                 249   on_implicit_send          : 
    on_implicit_send returned response: WAIT
    END OnImplicitSend
    ********************
2026-10-08 21:17:23,457 LT1-thread root DEBUG testcase.py               679   run_wid                   : AVRCP AVRCP/CT/PTT/BV-04-C on_implicit_send
2026-10-08 21:17:23,457 LT1-thread root DEBUG avrcp_wid.py              25    avrcp_wid_hdl             : avrcp_wid_hdl, 826, Send a [Clear] passthrough press and release to PTS.

Action: Press the corresponding button on the IUT.

Description: Verify that the Implementation Under Test (IUT) is capable of sending a passthrough press, followed by a passthrough release., AVRCP/CT/PTT/BV-04-C
2026-10-08 21:17:23,457 LT1-thread root DEBUG avrcp.py                  459   avrcp_pass_through        : avrcp_pass_through None 44 0 None
2026-10-08 21:17:23,457 LT1-thread root DEBUG iutctl_common.py          161   send                      : 37 8 0 "bytearray(b'\\xe0N\\xe4\\x08\\xdc\\x1b\\x00,\\x00\\x00')"
2026-10-08 21:17:23,457 LT1-thread root DEBUG iutctl_common.py          166   send                      : sending frame '2508000a00e04ee408dc1b002c0000'
2026-10-08 21:17:23,458 LT1-thread root DEBUG avrcp.py                  145   avrcp_command_rsp_succ    : avrcp_command_rsp_succ
2026-10-08 21:17:23,458 LT1-thread root DEBUG iutctl_common.py          339   read                      : 
2026-10-08 21:17:23,492 BTPWorkerThread-5574 (_rx_task) root DEBUG iutctl_common.py          123   read                      : Read 5 bytes
2026-10-08 21:17:23,503 BTPWorkerThread-5574 (_rx_task) root DEBUG iutctl_common.py          131   read                      : Received: hdr: Header(svc_id=0x25, op=0x08, ctrl_index=0x00, data_len=0x00) bytearray(b'%\x08\x00\x00\x00')
2026-10-08 21:17:23,508 BTPWorkerThread-5574 (_rx_task) root DEBUG iutctl_common.py          154   read                      : Received data: {''}, bytearray(b'')
2026-10-08 21:17:23,508 LT1-thread root DEBUG avrcp.py                  150   avrcp_command_rsp_succ    : received Header(svc_id=37, op=8, ctrl_index=0, data_len=0) (b'',)
2026-10-08 21:17:23,589 BTPWorkerThread-5574 (_rx_task) root DEBUG iutctl_common.py          123   read                      : Read 5 bytes
2026-10-08 21:17:23,589 BTPWorkerThread-5574 (_rx_task) root DEBUG iutctl_common.py          131   read                      : Received: hdr: Header(svc_id=0x25, op=0x86, ctrl_index=0x00, data_len=0x0a) bytearray(b'%\x86\x00\n\x00')
2026-10-08 21:17:23,589 BTPWorkerThread-5574 (_rx_task) root DEBUG iutctl_common.py          139   read                      : Read 10 bytes data
2026-10-08 21:17:23,590 BTPWorkerThread-5574 (_rx_task) root DEBUG iutctl_common.py          154   read                      : Received data: {'e0 4e e4 08 dc 1b 00 09 2c 00'}, bytearray(b'\xe0N\xe4\x08\xdc\x1b\x00\t,\x00')
2026-10-08 21:17:23,590 BTPWorkerThread-5574 (_rx_task) root DEBUG btp.py                    736   event_handler             : Header(svc_id=37, op=134, ctrl_index=0, data_len=10) (b'\xe0N\xe4\x08\xdc\x1b\x00\t,\x00',)
2026-10-08 21:17:23,590 BTPWorkerThread-5574 (_rx_task) root DEBUG avrcp.py                  1033  avrcp_ev_pass_through_rsp : avrcp_ev_pass_through_rsp b'\xe0N\xe4\x08\xdc\x1b\x00\t,\x00'
2026-10-08 21:17:24,611 LT1-thread root DEBUG avrcp.py                  459   avrcp_pass_through        : avrcp_pass_through None 44 1 None
2026-10-08 21:17:24,611 LT1-thread root DEBUG iutctl_common.py          161   send                      : 37 8 0 "bytearray(b'\\xe0N\\xe4\\x08\\xdc\\x1b\\x00,\\x01\\x00')"
2026-10-08 21:17:24,611 LT1-thread root DEBUG iutctl_common.py          166   send                      : sending frame '2508000a00e04ee408dc1b002c0100'
2026-10-08 21:17:24,611 LT1-thread root DEBUG avrcp.py                  145   avrcp_command_rsp_succ    : avrcp_command_rsp_succ
2026-10-08 21:17:24,611 LT1-thread root DEBUG iutctl_common.py          339   read                      : 
2026-10-08 21:17:24,646 BTPWorkerThread-5574 (_rx_task) root DEBUG iutctl_common.py          123   read                      : Read 5 bytes
2026-10-08 21:17:24,657 BTPWorkerThread-5574 (_rx_task) root DEBUG iutctl_common.py          131   read                      : Received: hdr: Header(svc_id=0x25, op=0x08, ctrl_index=0x00, data_len=0x00) bytearray(b'%\x08\x00\x00\x00')
2026-10-08 21:17:24,662 BTPWorkerThread-5574 (_rx_task) root DEBUG iutctl_common.py          154   read                      : Received data: {''}, bytearray(b'')
2026-10-08 21:17:24,662 LT1-thread root DEBUG avrcp.py                  150   avrcp_command_rsp_succ    : received Header(svc_id=37, op=8, ctrl_index=0, data_len=0) (b'',)
2026-10-08 21:17:24,762 BTPWorkerThread-5574 (_rx_task) root DEBUG iutctl_common.py          123   read                      : Read 5 bytes
2026-10-08 21:17:24,762 BTPWorkerThread-5574 (_rx_task) root DEBUG iutctl_common.py          131   read                      : Received: hdr: Header(svc_id=0x25, op=0x86, ctrl_index=0x00, data_len=0x0a) bytearray(b'%\x86\x00\n\x00')
2026-10-08 21:17:24,762 BTPWorkerThread-5574 (_rx_task) root DEBUG iutctl_common.py          139   read                      : Read 10 bytes data
2026-10-08 21:17:24,762 BTPWorkerThread-5574 (_rx_task) root DEBUG iutctl_common.py          154   read                      : Received data: {'e0 4e e4 08 dc 1b 00 09 ac 00'}, bytearray(b'\xe0N\xe4\x08\xdc\x1b\x00\t\xac\x00')
2026-10-08 21:17:24,762 BTPWorkerThread-5574 (_rx_task) root DEBUG btp.py                    736   event_handler             : Header(svc_id=37, op=134, ctrl_index=0, data_len=10) (b'\xe0N\xe4\x08\xdc\x1b\x00\t\xac\x00',)
2026-10-08 21:17:24,762 BTPWorkerThread-5574 (_rx_task) root DEBUG avrcp.py                  1033  avrcp_ev_pass_through_rsp : avrcp_ev_pass_through_rsp b'\xe0N\xe4\x08\xdc\x1b\x00\t\xac\x00'
2026-10-08 21:17:24,763 LT1-thread root DEBUG testcase.py               722   run_wid                   : Sending response 'OK' to wid 826 test case AVRCP/CT/PTT/BV-04-C
2026-10-08 21:17:24,764 LT1-thread root DEBUG client.py                 276   get_result                : ClientCallback.get_result run_test_case
2026-10-08 21:17:24,767 LT1-callback ClientCallback.on_implicit_send INFO client.py                 223   on_implicit_send          : 
    ********************
    BEGIN OnImplicitSend:
    project_name: AVRCP
    wid: 832
    test_case_name: AVRCP/CT/PTT/BV-04-C
    description: Send a [DISPLAY INFO] passthrough press and release to PTS.

Action: Press the corresponding button on the IUT.

Description: Verify that the Implementation Under Test (IUT) is capable of sending a passthrough press, followed by a passthrough release.
    style: MMI_Style_Ok_Cancel1 0x11041
2026-10-08 21:17:24,767 LT1-callback ClientCallback.on_implicit_send INFO client.py                 236   on_implicit_send          : Calling test cases on_implicit_send
2026-10-08 21:17:24,767 LT1-callback ClientCallback.on_implicit_send INFO client.py                 249   on_implicit_send          : 
    on_implicit_send returned response: WAIT
    END OnImplicitSend
    ********************
2026-10-08 21:17:25,766 LT1-thread root DEBUG testcase.py               679   run_wid                   : AVRCP AVRCP/CT/PTT/BV-04-C on_implicit_send
2026-10-08 21:17:25,766 LT1-thread root DEBUG avrcp_wid.py              25    avrcp_wid_hdl             : avrcp_wid_hdl, 832, Send a [DISPLAY INFO] passthrough press and release to PTS.

Action: Press the corresponding button on the IUT.

Description: Verify that the Implementation Under Test (IUT) is capable of sending a passthrough press, followed by a passthrough release., AVRCP/CT/PTT/BV-04-C
2026-10-08 21:17:25,766 LT1-thread root DEBUG avrcp.py                  459   avrcp_pass_through        : avrcp_pass_through None 53 0 None
2026-10-08 21:17:25,766 LT1-thread root DEBUG iutctl_common.py          161   send                      : 37 8 0 "bytearray(b'\\xe0N\\xe4\\x08\\xdc\\x1b\\x005\\x00\\x00')"
2026-10-08 21:17:25,766 LT1-thread root DEBUG iutctl_common.py          166   send                      : sending frame '2508000a00e04ee408dc1b00350000'
2026-10-08 21:17:25,767 LT1-thread root DEBUG avrcp.py                  145   avrcp_command_rsp_succ    : avrcp_command_rsp_succ
2026-10-08 21:17:25,767 LT1-thread root DEBUG iutctl_common.py          339   read                      : 
2026-10-08 21:17:25,798 BTPWorkerThread-5574 (_rx_task) root DEBUG iutctl_common.py          123   read                      : Read 5 bytes
2026-10-08 21:17:25,809 BTPWorkerThread-5574 (_rx_task) root DEBUG iutctl_common.py          131   read                      : Received: hdr: Header(svc_id=0x25, op=0x08, ctrl_index=0x00, data_len=0x00) bytearray(b'%\x08\x00\x00\x00')
2026-10-08 21:17:25,815 BTPWorkerThread-5574 (_rx_task) root DEBUG iutctl_common.py          154   read                      : Received data: {''}, bytearray(b'')
2026-10-08 21:17:25,815 LT1-thread root DEBUG avrcp.py                  150   avrcp_command_rsp_succ    : received Header(svc_id=37, op=8, ctrl_index=0, data_len=0) (b'',)
2026-10-08 21:17:25,910 BTPWorkerThread-5574 (_rx_task) root DEBUG iutctl_common.py          123   read                      : Read 5 bytes
2026-10-08 21:17:25,910 BTPWorkerThread-5574 (_rx_task) root DEBUG iutctl_common.py          131   read                      : Received: hdr: Header(svc_id=0x25, op=0x86, ctrl_index=0x00, data_len=0x0a) bytearray(b'%\x86\x00\n\x00')
2026-10-08 21:17:25,910 BTPWorkerThread-5574 (_rx_task) root DEBUG iutctl_common.py          139   read                      : Read 6 bytes data
2026-10-08 21:17:25,921 BTPWorkerThread-5574 (_rx_task) root DEBUG iutctl_common.py          139   read                      : Read 4 bytes data
2026-10-08 21:17:25,922 BTPWorkerThread-5574 (_rx_task) root DEBUG iutctl_common.py          154   read                      : Received data: {'e0 4e e4 08 dc 1b 00 09 35 00'}, bytearray(b'\xe0N\xe4\x08\xdc\x1b\x00\t5\x00')
2026-10-08 21:17:25,922 BTPWorkerThread-5574 (_rx_task) root DEBUG btp.py                    736   event_handler             : Header(svc_id=37, op=134, ctrl_index=0, data_len=10) (b'\xe0N\xe4\x08\xdc\x1b\x00\t5\x00',)
2026-10-08 21:17:25,922 BTPWorkerThread-5574 (_rx_task) root DEBUG avrcp.py                  1033  avrcp_ev_pass_through_rsp : avrcp_ev_pass_through_rsp b'\xe0N\xe4\x08\xdc\x1b\x00\t5\x00'
2026-10-08 21:17:27,017 LT1-thread root DEBUG avrcp.py                  459   avrcp_pass_through        : avrcp_pass_through None 53 1 None
2026-10-08 21:17:27,017 LT1-thread root DEBUG iutctl_common.py          161   send                      : 37 8 0 "bytearray(b'\\xe0N\\xe4\\x08\\xdc\\x1b\\x005\\x01\\x00')"
2026-10-08 21:17:27,017 LT1-thread root DEBUG iutctl_common.py          166   send                      : sending frame '2508000a00e04ee408dc1b00350100'
2026-10-08 21:17:27,018 LT1-thread root DEBUG avrcp.py                  145   avrcp_command_rsp_succ    : avrcp_command_rsp_succ
2026-10-08 21:17:27,018 LT1-thread root DEBUG iutctl_common.py          339   read                      : 
2026-10-08 21:17:27,057 BTPWorkerThread-5574 (_rx_task) root DEBUG iutctl_common.py          123   read                      : Read 5 bytes
2026-10-08 21:17:27,063 BTPWorkerThread-5574 (_rx_task) root DEBUG iutctl_common.py          131   read                      : Received: hdr: Header(svc_id=0x25, op=0x08, ctrl_index=0x00, data_len=0x00) bytearray(b'%\x08\x00\x00\x00')
2026-10-08 21:17:27,063 BTPWorkerThread-5574 (_rx_task) root DEBUG iutctl_common.py          154   read                      : Received data: {''}, bytearray(b'')
2026-10-08 21:17:27,063 LT1-thread root DEBUG avrcp.py                  150   avrcp_command_rsp_succ    : received Header(svc_id=37, op=8, ctrl_index=0, data_len=0) (b'',)
2026-10-08 21:17:27,178 BTPWorkerThread-5574 (_rx_task) root DEBUG iutctl_common.py          123   read                      : Read 5 bytes
2026-10-08 21:17:27,178 BTPWorkerThread-5574 (_rx_task) root DEBUG iutctl_common.py          131   read                      : Received: hdr: Header(svc_id=0x25, op=0x86, ctrl_index=0x00, data_len=0x0a) bytearray(b'%\x86\x00\n\x00')
2026-10-08 21:17:27,178 BTPWorkerThread-5574 (_rx_task) root DEBUG iutctl_common.py          139   read                      : Read 10 bytes data
2026-10-08 21:17:27,179 BTPWorkerThread-5574 (_rx_task) root DEBUG iutctl_common.py          154   read                      : Received data: {'e0 4e e4 08 dc 1b 00 09 b5 00'}, bytearray(b'\xe0N\xe4\x08\xdc\x1b\x00\t\xb5\x00')
2026-10-08 21:17:27,179 BTPWorkerThread-5574 (_rx_task) root DEBUG btp.py                    736   event_handler             : Header(svc_id=37, op=134, ctrl_index=0, data_len=10) (b'\xe0N\xe4\x08\xdc\x1b\x00\t\xb5\x00',)
2026-10-08 21:17:27,179 BTPWorkerThread-5574 (_rx_task) root DEBUG avrcp.py                  1033  avrcp_ev_pass_through_rsp : avrcp_ev_pass_through_rsp b'\xe0N\xe4\x08\xdc\x1b\x00\t\xb5\x00'
2026-10-08 21:17:27,266 LT1-thread root DEBUG testcase.py               722   run_wid                   : Sending response 'OK' to wid 832 test case AVRCP/CT/PTT/BV-04-C
2026-10-08 21:17:27,267 LT1-thread root DEBUG client.py                 276   get_result                : ClientCallback.get_result run_test_case
2026-10-08 21:17:27,269 LT1-callback ClientCallback.on_implicit_send INFO client.py                 223   on_implicit_send          : 
    ********************
    BEGIN OnImplicitSend:
    project_name: AVRCP
    wid: 833
    test_case_name: AVRCP/CT/PTT/BV-04-C
    description: Send a [HELP] passthrough press and release to PTS.

Action: Press the corresponding button on the IUT.

Description: Verify that the Implementation Under Test (IUT) is capable of sending a passthrough press, followed by a passthrough release.
    style: MMI_Style_Ok_Cancel1 0x11041
2026-10-08 21:17:27,269 LT1-callback ClientCallback.on_implicit_send INFO client.py                 236   on_implicit_send          : Calling test cases on_implicit_send
2026-10-08 21:17:27,270 LT1-callback ClientCallback.on_implicit_send INFO client.py                 249   on_implicit_send          : 
    on_implicit_send returned response: WAIT
    END OnImplicitSend
    ********************
2026-10-08 21:17:28,268 LT1-thread root DEBUG testcase.py               679   run_wid                   : AVRCP AVRCP/CT/PTT/BV-04-C on_implicit_send
2026-10-08 21:17:28,268 LT1-thread root DEBUG avrcp_wid.py              25    avrcp_wid_hdl             : avrcp_wid_hdl, 833, Send a [HELP] passthrough press and release to PTS.

Action: Press the corresponding button on the IUT.

Description: Verify that the Implementation Under Test (IUT) is capable of sending a passthrough press, followed by a passthrough release., AVRCP/CT/PTT/BV-04-C
2026-10-08 21:17:28,268 LT1-thread root DEBUG avrcp.py                  459   avrcp_pass_through        : avrcp_pass_through None 54 0 None
2026-10-08 21:17:28,268 LT1-thread root DEBUG iutctl_common.py          161   send                      : 37 8 0 "bytearray(b'\\xe0N\\xe4\\x08\\xdc\\x1b\\x006\\x00\\x00')"
2026-10-08 21:17:28,269 LT1-thread root DEBUG iutctl_common.py          166   send                      : sending frame '2508000a00e04ee408dc1b00360000'
2026-10-08 21:17:28,269 LT1-thread root DEBUG avrcp.py                  145   avrcp_command_rsp_succ    : avrcp_command_rsp_succ
2026-10-08 21:17:28,269 LT1-thread root DEBUG iutctl_common.py          339   read                      : 
2026-10-08 21:17:28,300 BTPWorkerThread-5574 (_rx_task) root DEBUG iutctl_common.py          123   read                      : Read 5 bytes
2026-10-08 21:17:28,311 BTPWorkerThread-5574 (_rx_task) root DEBUG iutctl_common.py          131   read                      : Received: hdr: Header(svc_id=0x25, op=0x08, ctrl_index=0x00, data_len=0x00) bytearray(b'%\x08\x00\x00\x00')
2026-10-08 21:17:28,317 BTPWorkerThread-5574 (_rx_task) root DEBUG iutctl_common.py          154   read                      : Received data: {''}, bytearray(b'')
2026-10-08 21:17:28,317 LT1-thread root DEBUG avrcp.py                  150   avrcp_command_rsp_succ    : received Header(svc_id=37, op=8, ctrl_index=0, data_len=0) (b'',)
2026-10-08 21:17:28,411 BTPWorkerThread-5574 (_rx_task) root DEBUG iutctl_common.py          123   read                      : Read 5 bytes
2026-10-08 21:17:28,411 BTPWorkerThread-5574 (_rx_task) root DEBUG iutctl_common.py          131   read                      : Received: hdr: Header(svc_id=0x25, op=0x86, ctrl_index=0x00, data_len=0x0a) bytearray(b'%\x86\x00\n\x00')
2026-10-08 21:17:28,411 BTPWorkerThread-5574 (_rx_task) root DEBUG iutctl_common.py          139   read                      : Read 10 bytes data
2026-10-08 21:17:28,412 BTPWorkerThread-5574 (_rx_task) root DEBUG iutctl_common.py          154   read                      : Received data: {'e0 4e e4 08 dc 1b 00 09 36 00'}, bytearray(b'\xe0N\xe4\x08\xdc\x1b\x00\t6\x00')
2026-10-08 21:17:28,412 BTPWorkerThread-5574 (_rx_task) root DEBUG btp.py                    736   event_handler             : Header(svc_id=37, op=134, ctrl_index=0, data_len=10) (b'\xe0N\xe4\x08\xdc\x1b\x00\t6\x00',)
2026-10-08 21:17:28,412 BTPWorkerThread-5574 (_rx_task) root DEBUG avrcp.py                  1033  avrcp_ev_pass_through_rsp : avrcp_ev_pass_through_rsp b'\xe0N\xe4\x08\xdc\x1b\x00\t6\x00'
2026-10-08 21:17:29,419 LT1-thread root DEBUG avrcp.py                  459   avrcp_pass_through        : avrcp_pass_through None 54 1 None
2026-10-08 21:17:29,419 LT1-thread root DEBUG iutctl_common.py          161   send                      : 37 8 0 "bytearray(b'\\xe0N\\xe4\\x08\\xdc\\x1b\\x006\\x01\\x00')"
2026-10-08 21:17:29,419 LT1-thread root DEBUG iutctl_common.py          166   send                      : sending frame '2508000a00e04ee408dc1b00360100'
2026-10-08 21:17:29,419 LT1-thread root DEBUG avrcp.py                  145   avrcp_command_rsp_succ    : avrcp_command_rsp_succ
2026-10-08 21:17:29,419 LT1-thread root DEBUG iutctl_common.py          339   read                      : 
2026-10-08 21:17:29,452 BTPWorkerThread-5574 (_rx_task) root DEBUG iutctl_common.py          123   read                      : Read 5 bytes
2026-10-08 21:17:29,452 BTPWorkerThread-5574 (_rx_task) root DEBUG iutctl_common.py          131   read                      : Received: hdr: Header(svc_id=0x25, op=0x08, ctrl_index=0x00, data_len=0x00) bytearray(b'%\x08\x00\x00\x00')
2026-10-08 21:17:29,458 BTPWorkerThread-5574 (_rx_task) root DEBUG iutctl_common.py          154   read                      : Received data: {''}, bytearray(b'')
2026-10-08 21:17:29,470 LT1-thread root DEBUG avrcp.py                  150   avrcp_command_rsp_succ    : received Header(svc_id=37, op=8, ctrl_index=0, data_len=0) (b'',)
2026-10-08 21:17:29,564 BTPWorkerThread-5574 (_rx_task) root DEBUG iutctl_common.py          123   read                      : Read 5 bytes
2026-10-08 21:17:29,564 BTPWorkerThread-5574 (_rx_task) root DEBUG iutctl_common.py          131   read                      : Received: hdr: Header(svc_id=0x25, op=0x86, ctrl_index=0x00, data_len=0x0a) bytearray(b'%\x86\x00\n\x00')
2026-10-08 21:17:29,564 BTPWorkerThread-5574 (_rx_task) root DEBUG iutctl_common.py          139   read                      : Read 10 bytes data
2026-10-08 21:17:29,565 BTPWorkerThread-5574 (_rx_task) root DEBUG iutctl_common.py          154   read                      : Received data: {'e0 4e e4 08 dc 1b 00 09 b6 00'}, bytearray(b'\xe0N\xe4\x08\xdc\x1b\x00\t\xb6\x00')
2026-10-08 21:17:29,565 BTPWorkerThread-5574 (_rx_task) root DEBUG btp.py                    736   event_handler             : Header(svc_id=37, op=134, ctrl_index=0, data_len=10) (b'\xe0N\xe4\x08\xdc\x1b\x00\t\xb6\x00',)
2026-10-08 21:17:29,565 BTPWorkerThread-5574 (_rx_task) root DEBUG avrcp.py                  1033  avrcp_ev_pass_through_rsp : avrcp_ev_pass_through_rsp b'\xe0N\xe4\x08\xdc\x1b\x00\t\xb6\x00'
2026-10-08 21:17:29,571 LT1-thread root DEBUG testcase.py               722   run_wid                   : Sending response 'OK' to wid 833 test case AVRCP/CT/PTT/BV-04-C
2026-10-08 21:17:29,573 LT1-thread root DEBUG client.py                 276   get_result                : ClientCallback.get_result run_test_case
2026-10-08 21:17:29,575 LT1-callback ClientCallback.on_implicit_send INFO client.py                 223   on_implicit_send          : 
    ********************
    BEGIN OnImplicitSend:
    project_name: AVRCP
    wid: 834
    test_case_name: AVRCP/CT/PTT/BV-04-C
    description: Send a [PAGE UP] passthrough press and release to PTS.

Action: Press the corresponding button on the IUT.

Description: Verify that the Implementation Under Test (IUT) is capable of sending a passthrough press, followed by a passthrough release.
    style: MMI_Style_Ok_Cancel1 0x11041
2026-10-08 21:17:29,575 LT1-callback ClientCallback.on_implicit_send INFO client.py                 236   on_implicit_send          : Calling test cases on_implicit_send
2026-10-08 21:17:29,575 LT1-callback ClientCallback.on_implicit_send INFO client.py                 249   on_implicit_send          : 
    on_implicit_send returned response: WAIT
    END OnImplicitSend
    ********************
2026-10-08 21:17:30,573 LT1-thread root DEBUG testcase.py               679   run_wid                   : AVRCP AVRCP/CT/PTT/BV-04-C on_implicit_send
2026-10-08 21:17:30,574 LT1-thread root DEBUG avrcp_wid.py              25    avrcp_wid_hdl             : avrcp_wid_hdl, 834, Send a [PAGE UP] passthrough press and release to PTS.

Action: Press the corresponding button on the IUT.

Description: Verify that the Implementation Under Test (IUT) is capable of sending a passthrough press, followed by a passthrough release., AVRCP/CT/PTT/BV-04-C
2026-10-08 21:17:30,574 LT1-thread root DEBUG avrcp.py                  459   avrcp_pass_through        : avrcp_pass_through None 55 0 None
2026-10-08 21:17:30,574 LT1-thread root DEBUG iutctl_common.py          161   send                      : 37 8 0 "bytearray(b'\\xe0N\\xe4\\x08\\xdc\\x1b\\x007\\x00\\x00')"
2026-10-08 21:17:30,574 LT1-thread root DEBUG iutctl_common.py          166   send                      : sending frame '2508000a00e04ee408dc1b00370000'
2026-10-08 21:17:30,575 LT1-thread root DEBUG avrcp.py                  145   avrcp_command_rsp_succ    : avrcp_command_rsp_succ
2026-10-08 21:17:30,575 LT1-thread root DEBUG iutctl_common.py          339   read                      : 
2026-10-08 21:17:30,609 BTPWorkerThread-5574 (_rx_task) root DEBUG iutctl_common.py          123   read                      : Read 5 bytes
2026-10-08 21:17:30,614 BTPWorkerThread-5574 (_rx_task) root DEBUG iutctl_common.py          131   read                      : Received: hdr: Header(svc_id=0x25, op=0x08, ctrl_index=0x00, data_len=0x00) bytearray(b'%\x08\x00\x00\x00')
2026-10-08 21:17:30,619 BTPWorkerThread-5574 (_rx_task) root DEBUG iutctl_common.py          154   read                      : Received data: {''}, bytearray(b'')
2026-10-08 21:17:30,619 LT1-thread root DEBUG avrcp.py                  150   avrcp_command_rsp_succ    : received Header(svc_id=37, op=8, ctrl_index=0, data_len=0) (b'',)
2026-10-08 21:17:30,719 BTPWorkerThread-5574 (_rx_task) root DEBUG iutctl_common.py          123   read                      : Read 5 bytes
2026-10-08 21:17:30,719 BTPWorkerThread-5574 (_rx_task) root DEBUG iutctl_common.py          131   read                      : Received: hdr: Header(svc_id=0x25, op=0x86, ctrl_index=0x00, data_len=0x0a) bytearray(b'%\x86\x00\n\x00')
2026-10-08 21:17:30,719 BTPWorkerThread-5574 (_rx_task) root DEBUG iutctl_common.py          139   read                      : Read 10 bytes data
2026-10-08 21:17:30,719 BTPWorkerThread-5574 (_rx_task) root DEBUG iutctl_common.py          154   read                      : Received data: {'e0 4e e4 08 dc 1b 00 09 37 00'}, bytearray(b'\xe0N\xe4\x08\xdc\x1b\x00\t7\x00')
2026-10-08 21:17:30,719 BTPWorkerThread-5574 (_rx_task) root DEBUG btp.py                    736   event_handler             : Header(svc_id=37, op=134, ctrl_index=0, data_len=10) (b'\xe0N\xe4\x08\xdc\x1b\x00\t7\x00',)
2026-10-08 21:17:30,719 BTPWorkerThread-5574 (_rx_task) root DEBUG avrcp.py                  1033  avrcp_ev_pass_through_rsp : avrcp_ev_pass_through_rsp b'\xe0N\xe4\x08\xdc\x1b\x00\t7\x00'
2026-10-08 21:17:31,721 LT1-thread root DEBUG avrcp.py                  459   avrcp_pass_through        : avrcp_pass_through None 55 1 None
2026-10-08 21:17:31,721 LT1-thread root DEBUG iutctl_common.py          161   send                      : 37 8 0 "bytearray(b'\\xe0N\\xe4\\x08\\xdc\\x1b\\x007\\x01\\x00')"
2026-10-08 21:17:31,721 LT1-thread root DEBUG iutctl_common.py          166   send                      : sending frame '2508000a00e04ee408dc1b00370100'
2026-10-08 21:17:31,721 LT1-thread root DEBUG avrcp.py                  145   avrcp_command_rsp_succ    : avrcp_command_rsp_succ
2026-10-08 21:17:31,721 LT1-thread root DEBUG iutctl_common.py          339   read                      : 
2026-10-08 21:17:31,755 BTPWorkerThread-5574 (_rx_task) root DEBUG iutctl_common.py          123   read                      : Read 5 bytes
2026-10-08 21:17:31,765 BTPWorkerThread-5574 (_rx_task) root DEBUG iutctl_common.py          131   read                      : Received: hdr: Header(svc_id=0x25, op=0x08, ctrl_index=0x00, data_len=0x00) bytearray(b'%\x08\x00\x00\x00')
2026-10-08 21:17:31,771 BTPWorkerThread-5574 (_rx_task) root DEBUG iutctl_common.py          154   read                      : Received data: {''}, bytearray(b'')
2026-10-08 21:17:31,771 LT1-thread root DEBUG avrcp.py                  150   avrcp_command_rsp_succ    : received Header(svc_id=37, op=8, ctrl_index=0, data_len=0) (b'',)
2026-10-08 21:17:31,879 BTPWorkerThread-5574 (_rx_task) root DEBUG iutctl_common.py          123   read                      : Read 5 bytes
2026-10-08 21:17:31,879 BTPWorkerThread-5574 (_rx_task) root DEBUG iutctl_common.py          131   read                      : Received: hdr: Header(svc_id=0x25, op=0x86, ctrl_index=0x00, data_len=0x0a) bytearray(b'%\x86\x00\n\x00')
2026-10-08 21:17:31,879 BTPWorkerThread-5574 (_rx_task) root DEBUG iutctl_common.py          139   read                      : Read 10 bytes data
2026-10-08 21:17:31,880 BTPWorkerThread-5574 (_rx_task) root DEBUG iutctl_common.py          154   read                      : Received data: {'e0 4e e4 08 dc 1b 00 09 b7 00'}, bytearray(b'\xe0N\xe4\x08\xdc\x1b\x00\t\xb7\x00')
2026-10-08 21:17:31,880 BTPWorkerThread-5574 (_rx_task) root DEBUG btp.py                    736   event_handler             : Header(svc_id=37, op=134, ctrl_index=0, data_len=10) (b'\xe0N\xe4\x08\xdc\x1b\x00\t\xb7\x00',)
2026-10-08 21:17:31,880 BTPWorkerThread-5574 (_rx_task) root DEBUG avrcp.py                  1033  avrcp_ev_pass_through_rsp : avrcp_ev_pass_through_rsp b'\xe0N\xe4\x08\xdc\x1b\x00\t\xb7\x00'
2026-10-08 21:17:31,972 LT1-thread root DEBUG testcase.py               722   run_wid                   : Sending response 'OK' to wid 834 test case AVRCP/CT/PTT/BV-04-C
2026-10-08 21:17:31,974 LT1-thread root DEBUG client.py                 276   get_result                : ClientCallback.get_result run_test_case
2026-10-08 21:17:31,976 LT1-callback ClientCallback.on_implicit_send INFO client.py                 223   on_implicit_send          : 
    ********************
    BEGIN OnImplicitSend:
    project_name: AVRCP
    wid: 835
    test_case_name: AVRCP/CT/PTT/BV-04-C
    description: Send a [PAGE DOWN] passthrough press and release to PTS.

Action: Press the corresponding button on the IUT.

Description: Verify that the Implementation Under Test (IUT) is capable of sending a passthrough press, followed by a passthrough release.
    style: MMI_Style_Ok_Cancel1 0x11041
2026-10-08 21:17:31,976 LT1-callback ClientCallback.on_implicit_send INFO client.py                 236   on_implicit_send          : Calling test cases on_implicit_send
2026-10-08 21:17:31,976 LT1-callback ClientCallback.on_implicit_send INFO client.py                 249   on_implicit_send          : 
    on_implicit_send returned response: WAIT
    END OnImplicitSend
    ********************
2026-10-08 21:17:32,975 LT1-thread root DEBUG testcase.py               679   run_wid                   : AVRCP AVRCP/CT/PTT/BV-04-C on_implicit_send
2026-10-08 21:17:32,975 LT1-thread root DEBUG avrcp_wid.py              25    avrcp_wid_hdl             : avrcp_wid_hdl, 835, Send a [PAGE DOWN] passthrough press and release to PTS.

Action: Press the corresponding button on the IUT.

Description: Verify that the Implementation Under Test (IUT) is capable of sending a passthrough press, followed by a passthrough release., AVRCP/CT/PTT/BV-04-C
2026-10-08 21:17:32,975 LT1-thread root DEBUG avrcp.py                  459   avrcp_pass_through        : avrcp_pass_through None 56 0 None
2026-10-08 21:17:32,975 LT1-thread root DEBUG iutctl_common.py          161   send                      : 37 8 0 "bytearray(b'\\xe0N\\xe4\\x08\\xdc\\x1b\\x008\\x00\\x00')"
2026-10-08 21:17:32,975 LT1-thread root DEBUG iutctl_common.py          166   send                      : sending frame '2508000a00e04ee408dc1b00380000'
2026-10-08 21:17:32,976 LT1-thread root DEBUG avrcp.py                  145   avrcp_command_rsp_succ    : avrcp_command_rsp_succ
2026-10-08 21:17:32,976 LT1-thread root DEBUG iutctl_common.py          339   read                      : 
2026-10-08 21:17:33,012 BTPWorkerThread-5574 (_rx_task) root DEBUG iutctl_common.py          123   read                      : Read 5 bytes
2026-10-08 21:17:33,028 BTPWorkerThread-5574 (_rx_task) root DEBUG iutctl_common.py          131   read                      : Received: hdr: Header(svc_id=0x25, op=0x08, ctrl_index=0x00, data_len=0x00) bytearray(b'%\x08\x00\x00\x00')
2026-10-08 21:17:33,028 BTPWorkerThread-5574 (_rx_task) root DEBUG iutctl_common.py          154   read                      : Received data: {''}, bytearray(b'')
2026-10-08 21:17:33,028 LT1-thread root DEBUG avrcp.py                  150   avrcp_command_rsp_succ    : received Header(svc_id=37, op=8, ctrl_index=0, data_len=0) (b'',)
2026-10-08 21:17:33,136 BTPWorkerThread-5574 (_rx_task) root DEBUG iutctl_common.py          123   read                      : Read 5 bytes
2026-10-08 21:17:33,136 BTPWorkerThread-5574 (_rx_task) root DEBUG iutctl_common.py          131   read                      : Received: hdr: Header(svc_id=0x25, op=0x86, ctrl_index=0x00, data_len=0x0a) bytearray(b'%\x86\x00\n\x00')
2026-10-08 21:17:33,136 BTPWorkerThread-5574 (_rx_task) root DEBUG iutctl_common.py          139   read                      : Read 10 bytes data
2026-10-08 21:17:33,137 BTPWorkerThread-5574 (_rx_task) root DEBUG iutctl_common.py          154   read                      : Received data: {'e0 4e e4 08 dc 1b 00 09 38 00'}, bytearray(b'\xe0N\xe4\x08\xdc\x1b\x00\t8\x00')
2026-10-08 21:17:33,137 BTPWorkerThread-5574 (_rx_task) root DEBUG btp.py                    736   event_handler             : Header(svc_id=37, op=134, ctrl_index=0, data_len=10) (b'\xe0N\xe4\x08\xdc\x1b\x00\t8\x00',)
2026-10-08 21:17:33,137 BTPWorkerThread-5574 (_rx_task) root DEBUG avrcp.py                  1033  avrcp_ev_pass_through_rsp : avrcp_ev_pass_through_rsp b'\xe0N\xe4\x08\xdc\x1b\x00\t8\x00'
2026-10-08 21:17:34,231 LT1-thread root DEBUG avrcp.py                  459   avrcp_pass_through        : avrcp_pass_through None 56 1 None
2026-10-08 21:17:34,231 LT1-thread root DEBUG iutctl_common.py          161   send                      : 37 8 0 "bytearray(b'\\xe0N\\xe4\\x08\\xdc\\x1b\\x008\\x01\\x00')"
2026-10-08 21:17:34,231 LT1-thread root DEBUG iutctl_common.py          166   send                      : sending frame '2508000a00e04ee408dc1b00380100'
2026-10-08 21:17:34,232 LT1-thread root DEBUG avrcp.py                  145   avrcp_command_rsp_succ    : avrcp_command_rsp_succ
2026-10-08 21:17:34,232 LT1-thread root DEBUG iutctl_common.py          339   read                      : 
2026-10-08 21:17:34,265 BTPWorkerThread-5574 (_rx_task) root DEBUG iutctl_common.py          123   read                      : Read 5 bytes
2026-10-08 21:17:34,271 BTPWorkerThread-5574 (_rx_task) root DEBUG iutctl_common.py          131   read                      : Received: hdr: Header(svc_id=0x25, op=0x08, ctrl_index=0x00, data_len=0x00) bytearray(b'%\x08\x00\x00\x00')
2026-10-08 21:17:34,277 BTPWorkerThread-5574 (_rx_task) root DEBUG iutctl_common.py          154   read                      : Received data: {''}, bytearray(b'')
2026-10-08 21:17:34,277 LT1-thread root DEBUG avrcp.py                  150   avrcp_command_rsp_succ    : received Header(svc_id=37, op=8, ctrl_index=0, data_len=0) (b'',)
2026-10-08 21:17:34,387 BTPWorkerThread-5574 (_rx_task) root DEBUG iutctl_common.py          123   read                      : Read 5 bytes
2026-10-08 21:17:34,387 BTPWorkerThread-5574 (_rx_task) root DEBUG iutctl_common.py          131   read                      : Received: hdr: Header(svc_id=0x25, op=0x86, ctrl_index=0x00, data_len=0x0a) bytearray(b'%\x86\x00\n\x00')
2026-10-08 21:17:34,388 BTPWorkerThread-5574 (_rx_task) root DEBUG iutctl_common.py          139   read                      : Read 10 bytes data
2026-10-08 21:17:34,388 BTPWorkerThread-5574 (_rx_task) root DEBUG iutctl_common.py          154   read                      : Received data: {'e0 4e e4 08 dc 1b 00 09 b8 00'}, bytearray(b'\xe0N\xe4\x08\xdc\x1b\x00\t\xb8\x00')
2026-10-08 21:17:34,388 BTPWorkerThread-5574 (_rx_task) root DEBUG btp.py                    736   event_handler             : Header(svc_id=37, op=134, ctrl_index=0, data_len=10) (b'\xe0N\xe4\x08\xdc\x1b\x00\t\xb8\x00',)
2026-10-08 21:17:34,388 BTPWorkerThread-5574 (_rx_task) root DEBUG avrcp.py                  1033  avrcp_ev_pass_through_rsp : avrcp_ev_pass_through_rsp b'\xe0N\xe4\x08\xdc\x1b\x00\t\xb8\x00'
2026-10-08 21:17:34,479 LT1-thread root DEBUG testcase.py               722   run_wid                   : Sending response 'OK' to wid 835 test case AVRCP/CT/PTT/BV-04-C
2026-10-08 21:17:34,481 LT1-thread root DEBUG client.py                 276   get_result                : ClientCallback.get_result run_test_case
2026-10-08 21:17:34,483 LT1-callback ClientCallback.on_implicit_send INFO client.py                 223   on_implicit_send          : 
    ********************
    BEGIN OnImplicitSend:
    project_name: AVRCP
    wid: 836
    test_case_name: AVRCP/CT/PTT/BV-04-C
    description: Send a [POWER] passthrough press and release to PTS.

Action: Press the corresponding button on the IUT.

Description: Verify that the Implementation Under Test (IUT) is capable of sending a passthrough press, followed by a passthrough release.
    style: MMI_Style_Ok_Cancel1 0x11041
2026-10-08 21:17:34,483 LT1-callback ClientCallback.on_implicit_send INFO client.py                 236   on_implicit_send          : Calling test cases on_implicit_send
2026-10-08 21:17:34,483 LT1-callback ClientCallback.on_implicit_send INFO client.py                 249   on_implicit_send          : 
    on_implicit_send returned response: WAIT
    END OnImplicitSend
    ********************
2026-10-08 21:17:35,482 LT1-thread root DEBUG testcase.py               679   run_wid                   : AVRCP AVRCP/CT/PTT/BV-04-C on_implicit_send
2026-10-08 21:17:35,482 LT1-thread root DEBUG avrcp_wid.py              25    avrcp_wid_hdl             : avrcp_wid_hdl, 836, Send a [POWER] passthrough press and release to PTS.

Action: Press the corresponding button on the IUT.

Description: Verify that the Implementation Under Test (IUT) is capable of sending a passthrough press, followed by a passthrough release., AVRCP/CT/PTT/BV-04-C
2026-10-08 21:17:35,482 LT1-thread root DEBUG avrcp.py                  459   avrcp_pass_through        : avrcp_pass_through None 64 0 None
2026-10-08 21:17:35,482 LT1-thread root DEBUG iutctl_common.py          161   send                      : 37 8 0 "bytearray(b'\\xe0N\\xe4\\x08\\xdc\\x1b\\x00@\\x00\\x00')"
2026-10-08 21:17:35,482 LT1-thread root DEBUG iutctl_common.py          166   send                      : sending frame '2508000a00e04ee408dc1b00400000'
2026-10-08 21:17:35,483 LT1-thread root DEBUG avrcp.py                  145   avrcp_command_rsp_succ    : avrcp_command_rsp_succ
2026-10-08 21:17:35,483 LT1-thread root DEBUG iutctl_common.py          339   read                      : 
2026-10-08 21:17:35,518 BTPWorkerThread-5574 (_rx_task) root DEBUG iutctl_common.py          123   read                      : Read 5 bytes
2026-10-08 21:17:35,523 BTPWorkerThread-5574 (_rx_task) root DEBUG iutctl_common.py          131   read                      : Received: hdr: Header(svc_id=0x25, op=0x08, ctrl_index=0x00, data_len=0x00) bytearray(b'%\x08\x00\x00\x00')
2026-10-08 21:17:35,528 BTPWorkerThread-5574 (_rx_task) root DEBUG iutctl_common.py          154   read                      : Received data: {''}, bytearray(b'')
2026-10-08 21:17:35,528 LT1-thread root DEBUG avrcp.py                  150   avrcp_command_rsp_succ    : received Header(svc_id=37, op=8, ctrl_index=0, data_len=0) (b'',)
2026-10-08 21:17:35,636 BTPWorkerThread-5574 (_rx_task) root DEBUG iutctl_common.py          123   read                      : Read 5 bytes
2026-10-08 21:17:35,636 BTPWorkerThread-5574 (_rx_task) root DEBUG iutctl_common.py          131   read                      : Received: hdr: Header(svc_id=0x25, op=0x86, ctrl_index=0x00, data_len=0x0a) bytearray(b'%\x86\x00\n\x00')
2026-10-08 21:17:35,636 BTPWorkerThread-5574 (_rx_task) root DEBUG iutctl_common.py          139   read                      : Read 10 bytes data
2026-10-08 21:17:35,637 BTPWorkerThread-5574 (_rx_task) root DEBUG iutctl_common.py          154   read                      : Received data: {'e0 4e e4 08 dc 1b 00 09 40 00'}, bytearray(b'\xe0N\xe4\x08\xdc\x1b\x00\t@\x00')
2026-10-08 21:17:35,637 BTPWorkerThread-5574 (_rx_task) root DEBUG btp.py                    736   event_handler             : Header(svc_id=37, op=134, ctrl_index=0, data_len=10) (b'\xe0N\xe4\x08\xdc\x1b\x00\t@\x00',)
2026-10-08 21:17:35,637 BTPWorkerThread-5574 (_rx_task) root DEBUG avrcp.py                  1033  avrcp_ev_pass_through_rsp : avrcp_ev_pass_through_rsp b'\xe0N\xe4\x08\xdc\x1b\x00\t@\x00'
2026-10-08 21:17:36,730 LT1-thread root DEBUG avrcp.py                  459   avrcp_pass_through        : avrcp_pass_through None 64 1 None
2026-10-08 21:17:36,730 LT1-thread root DEBUG iutctl_common.py          161   send                      : 37 8 0 "bytearray(b'\\xe0N\\xe4\\x08\\xdc\\x1b\\x00@\\x01\\x00')"
2026-10-08 21:17:36,730 LT1-thread root DEBUG iutctl_common.py          166   send                      : sending frame '2508000a00e04ee408dc1b00400100'
2026-10-08 21:17:36,730 LT1-thread root DEBUG avrcp.py                  145   avrcp_command_rsp_succ    : avrcp_command_rsp_succ
2026-10-08 21:17:36,730 LT1-thread root DEBUG iutctl_common.py          339   read                      : 
2026-10-08 21:17:36,768 BTPWorkerThread-5574 (_rx_task) root DEBUG iutctl_common.py          123   read                      : Read 5 bytes
2026-10-08 21:17:36,774 BTPWorkerThread-5574 (_rx_task) root DEBUG iutctl_common.py          131   read                      : Received: hdr: Header(svc_id=0x25, op=0x08, ctrl_index=0x00, data_len=0x00) bytearray(b'%\x08\x00\x00\x00')
2026-10-08 21:17:36,780 BTPWorkerThread-5574 (_rx_task) root DEBUG iutctl_common.py          154   read                      : Received data: {''}, bytearray(b'')
2026-10-08 21:17:36,790 LT1-thread root DEBUG avrcp.py                  150   avrcp_command_rsp_succ    : received Header(svc_id=37, op=8, ctrl_index=0, data_len=0) (b'',)
2026-10-08 21:17:36,878 BTPWorkerThread-5574 (_rx_task) root DEBUG iutctl_common.py          123   read                      : Read 5 bytes
2026-10-08 21:17:36,878 BTPWorkerThread-5574 (_rx_task) root DEBUG iutctl_common.py          131   read                      : Received: hdr: Header(svc_id=0x25, op=0x86, ctrl_index=0x00, data_len=0x0a) bytearray(b'%\x86\x00\n\x00')
2026-10-08 21:17:36,878 BTPWorkerThread-5574 (_rx_task) root DEBUG iutctl_common.py          139   read                      : Read 10 bytes data
2026-10-08 21:17:36,879 BTPWorkerThread-5574 (_rx_task) root DEBUG iutctl_common.py          154   read                      : Received data: {'e0 4e e4 08 dc 1b 00 09 c0 00'}, bytearray(b'\xe0N\xe4\x08\xdc\x1b\x00\t\xc0\x00')
2026-10-08 21:17:36,879 BTPWorkerThread-5574 (_rx_task) root DEBUG btp.py                    736   event_handler             : Header(svc_id=37, op=134, ctrl_index=0, data_len=10) (b'\xe0N\xe4\x08\xdc\x1b\x00\t\xc0\x00',)
2026-10-08 21:17:36,879 BTPWorkerThread-5574 (_rx_task) root DEBUG avrcp.py                  1033  avrcp_ev_pass_through_rsp : avrcp_ev_pass_through_rsp b'\xe0N\xe4\x08\xdc\x1b\x00\t\xc0\x00'
2026-10-08 21:17:36,891 LT1-thread root DEBUG testcase.py               722   run_wid                   : Sending response 'OK' to wid 836 test case AVRCP/CT/PTT/BV-04-C
2026-10-08 21:17:36,893 LT1-thread root DEBUG client.py                 276   get_result                : ClientCallback.get_result run_test_case
2026-10-08 21:17:36,895 LT1-callback ClientCallback.on_implicit_send INFO client.py                 223   on_implicit_send          : 
    ********************
    BEGIN OnImplicitSend:
    project_name: AVRCP
    wid: 851
    test_case_name: AVRCP/CT/PTT/BV-04-C
    description: Send a [F1] passthrough press and release to PTS.

Action: Press the corresponding button on the IUT.

Description: Verify that the Implementation Under Test (IUT) is capable of sending a passthrough press, followed by a passthrough release.
    style: MMI_Style_Ok_Cancel1 0x11041
2026-10-08 21:17:36,895 LT1-callback ClientCallback.on_implicit_send INFO client.py                 236   on_implicit_send          : Calling test cases on_implicit_send
2026-10-08 21:17:36,895 LT1-callback ClientCallback.on_implicit_send INFO client.py                 249   on_implicit_send          : 
    on_implicit_send returned response: WAIT
    END OnImplicitSend
    ********************
2026-10-08 21:17:37,894 LT1-thread root DEBUG testcase.py               679   run_wid                   : AVRCP AVRCP/CT/PTT/BV-04-C on_implicit_send
2026-10-08 21:17:37,894 LT1-thread root DEBUG avrcp_wid.py              25    avrcp_wid_hdl             : avrcp_wid_hdl, 851, Send a [F1] passthrough press and release to PTS.

Action: Press the corresponding button on the IUT.

Description: Verify that the Implementation Under Test (IUT) is capable of sending a passthrough press, followed by a passthrough release., AVRCP/CT/PTT/BV-04-C
2026-10-08 21:17:37,894 LT1-thread root DEBUG avrcp.py                  459   avrcp_pass_through        : avrcp_pass_through None 113 0 None
2026-10-08 21:17:37,894 LT1-thread root DEBUG iutctl_common.py          161   send                      : 37 8 0 "bytearray(b'\\xe0N\\xe4\\x08\\xdc\\x1b\\x00q\\x00\\x00')"
2026-10-08 21:17:37,894 LT1-thread root DEBUG iutctl_common.py          166   send                      : sending frame '2508000a00e04ee408dc1b00710000'
2026-10-08 21:17:37,895 LT1-thread root DEBUG avrcp.py                  145   avrcp_command_rsp_succ    : avrcp_command_rsp_succ
2026-10-08 21:17:37,895 LT1-thread root DEBUG iutctl_common.py          339   read                      : 
2026-10-08 21:17:37,933 BTPWorkerThread-5574 (_rx_task) root DEBUG iutctl_common.py          123   read                      : Read 5 bytes
2026-10-08 21:17:37,938 BTPWorkerThread-5574 (_rx_task) root DEBUG iutctl_common.py          131   read                      : Received: hdr: Header(svc_id=0x25, op=0x08, ctrl_index=0x00, data_len=0x00) bytearray(b'%\x08\x00\x00\x00')
2026-10-08 21:17:37,943 BTPWorkerThread-5574 (_rx_task) root DEBUG iutctl_common.py          154   read                      : Received data: {''}, bytearray(b'')
2026-10-08 21:17:37,943 LT1-thread root DEBUG avrcp.py                  150   avrcp_command_rsp_succ    : received Header(svc_id=37, op=8, ctrl_index=0, data_len=0) (b'',)
2026-10-08 21:17:38,054 BTPWorkerThread-5574 (_rx_task) root DEBUG iutctl_common.py          123   read                      : Read 5 bytes
2026-10-08 21:17:38,054 BTPWorkerThread-5574 (_rx_task) root DEBUG iutctl_common.py          131   read                      : Received: hdr: Header(svc_id=0x25, op=0x86, ctrl_index=0x00, data_len=0x0a) bytearray(b'%\x86\x00\n\x00')
2026-10-08 21:17:38,055 BTPWorkerThread-5574 (_rx_task) root DEBUG iutctl_common.py          139   read                      : Read 10 bytes data
2026-10-08 21:17:38,055 BTPWorkerThread-5574 (_rx_task) root DEBUG iutctl_common.py          154   read                      : Received data: {'e0 4e e4 08 dc 1b 00 09 71 00'}, bytearray(b'\xe0N\xe4\x08\xdc\x1b\x00\tq\x00')
2026-10-08 21:17:38,055 BTPWorkerThread-5574 (_rx_task) root DEBUG btp.py                    736   event_handler             : Header(svc_id=37, op=134, ctrl_index=0, data_len=10) (b'\xe0N\xe4\x08\xdc\x1b\x00\tq\x00',)
2026-10-08 21:17:38,055 BTPWorkerThread-5574 (_rx_task) root DEBUG avrcp.py                  1033  avrcp_ev_pass_through_rsp : avrcp_ev_pass_through_rsp b'\xe0N\xe4\x08\xdc\x1b\x00\tq\x00'
2026-10-08 21:17:39,145 LT1-thread root DEBUG avrcp.py                  459   avrcp_pass_through        : avrcp_pass_through None 113 1 None
2026-10-08 21:17:39,145 LT1-thread root DEBUG iutctl_common.py          161   send                      : 37 8 0 "bytearray(b'\\xe0N\\xe4\\x08\\xdc\\x1b\\x00q\\x01\\x00')"
2026-10-08 21:17:39,145 LT1-thread root DEBUG iutctl_common.py          166   send                      : sending frame '2508000a00e04ee408dc1b00710100'
2026-10-08 21:17:39,145 LT1-thread root DEBUG avrcp.py                  145   avrcp_command_rsp_succ    : avrcp_command_rsp_succ
2026-10-08 21:17:39,146 LT1-thread root DEBUG iutctl_common.py          339   read                      : 
2026-10-08 21:17:39,174 BTPWorkerThread-5574 (_rx_task) root DEBUG iutctl_common.py          123   read                      : Read 5 bytes
2026-10-08 21:17:39,179 BTPWorkerThread-5574 (_rx_task) root DEBUG iutctl_common.py          131   read                      : Received: hdr: Header(svc_id=0x25, op=0x08, ctrl_index=0x00, data_len=0x00) bytearray(b'%\x08\x00\x00\x00')
2026-10-08 21:17:39,184 BTPWorkerThread-5574 (_rx_task) root DEBUG iutctl_common.py          154   read                      : Received data: {''}, bytearray(b'')
2026-10-08 21:17:39,190 LT1-thread root DEBUG avrcp.py                  150   avrcp_command_rsp_succ    : received Header(svc_id=37, op=8, ctrl_index=0, data_len=0) (b'',)
2026-10-08 21:17:39,296 BTPWorkerThread-5574 (_rx_task) root DEBUG iutctl_common.py          123   read                      : Read 5 bytes
2026-10-08 21:17:39,296 BTPWorkerThread-5574 (_rx_task) root DEBUG iutctl_common.py          131   read                      : Received: hdr: Header(svc_id=0x25, op=0x86, ctrl_index=0x00, data_len=0x0a) bytearray(b'%\x86\x00\n\x00')
2026-10-08 21:17:39,296 BTPWorkerThread-5574 (_rx_task) root DEBUG iutctl_common.py          139   read                      : Read 10 bytes data
2026-10-08 21:17:39,297 BTPWorkerThread-5574 (_rx_task) root DEBUG iutctl_common.py          154   read                      : Received data: {'e0 4e e4 08 dc 1b 00 09 f1 00'}, bytearray(b'\xe0N\xe4\x08\xdc\x1b\x00\t\xf1\x00')
2026-10-08 21:17:39,297 BTPWorkerThread-5574 (_rx_task) root DEBUG btp.py                    736   event_handler             : Header(svc_id=37, op=134, ctrl_index=0, data_len=10) (b'\xe0N\xe4\x08\xdc\x1b\x00\t\xf1\x00',)
2026-10-08 21:17:39,297 BTPWorkerThread-5574 (_rx_task) root DEBUG avrcp.py                  1033  avrcp_ev_pass_through_rsp : avrcp_ev_pass_through_rsp b'\xe0N\xe4\x08\xdc\x1b\x00\t\xf1\x00'
2026-10-08 21:17:39,391 LT1-thread root DEBUG testcase.py               722   run_wid                   : Sending response 'OK' to wid 851 test case AVRCP/CT/PTT/BV-04-C
2026-10-08 21:17:39,393 LT1-thread root DEBUG client.py                 276   get_result                : ClientCallback.get_result run_test_case
2026-10-08 21:17:39,395 LT1-callback ClientCallback.on_implicit_send INFO client.py                 223   on_implicit_send          : 
    ********************
    BEGIN OnImplicitSend:
    project_name: AVRCP
    wid: 852
    test_case_name: AVRCP/CT/PTT/BV-04-C
    description: Send a [F2] passthrough press and release to PTS.

Action: Press the corresponding button on the IUT.

Description: Verify that the Implementation Under Test (IUT) is capable of sending a passthrough press, followed by a passthrough release.
    style: MMI_Style_Ok_Cancel1 0x11041
2026-10-08 21:17:39,395 LT1-callback ClientCallback.on_implicit_send INFO client.py                 236   on_implicit_send          : Calling test cases on_implicit_send
2026-10-08 21:17:39,395 LT1-callback ClientCallback.on_implicit_send INFO client.py                 249   on_implicit_send          : 
    on_implicit_send returned response: WAIT
    END OnImplicitSend
    ********************
2026-10-08 21:17:40,394 LT1-thread root DEBUG testcase.py               679   run_wid                   : AVRCP AVRCP/CT/PTT/BV-04-C on_implicit_send
2026-10-08 21:17:40,394 LT1-thread root DEBUG avrcp_wid.py              25    avrcp_wid_hdl             : avrcp_wid_hdl, 852, Send a [F2] passthrough press and release to PTS.

Action: Press the corresponding button on the IUT.

Description: Verify that the Implementation Under Test (IUT) is capable of sending a passthrough press, followed by a passthrough release., AVRCP/CT/PTT/BV-04-C
2026-10-08 21:17:40,394 LT1-thread root DEBUG avrcp.py                  459   avrcp_pass_through        : avrcp_pass_through None 114 0 None
2026-10-08 21:17:40,394 LT1-thread root DEBUG iutctl_common.py          161   send                      : 37 8 0 "bytearray(b'\\xe0N\\xe4\\x08\\xdc\\x1b\\x00r\\x00\\x00')"
2026-10-08 21:17:40,394 LT1-thread root DEBUG iutctl_common.py          166   send                      : sending frame '2508000a00e04ee408dc1b00720000'
2026-10-08 21:17:40,394 LT1-thread root DEBUG avrcp.py                  145   avrcp_command_rsp_succ    : avrcp_command_rsp_succ
2026-10-08 21:17:40,394 LT1-thread root DEBUG iutctl_common.py          339   read                      : 
2026-10-08 21:17:40,434 BTPWorkerThread-5574 (_rx_task) root DEBUG iutctl_common.py          123   read                      : Read 5 bytes
2026-10-08 21:17:40,434 BTPWorkerThread-5574 (_rx_task) root DEBUG iutctl_common.py          131   read                      : Received: hdr: Header(svc_id=0x25, op=0x08, ctrl_index=0x00, data_len=0x00) bytearray(b'%\x08\x00\x00\x00')
2026-10-08 21:17:40,444 BTPWorkerThread-5574 (_rx_task) root DEBUG iutctl_common.py          154   read                      : Received data: {''}, bytearray(b'')
2026-10-08 21:17:40,444 LT1-thread root DEBUG avrcp.py                  150   avrcp_command_rsp_succ    : received Header(svc_id=37, op=8, ctrl_index=0, data_len=0) (b'',)
2026-10-08 21:17:40,551 BTPWorkerThread-5574 (_rx_task) root DEBUG iutctl_common.py          123   read                      : Read 5 bytes
2026-10-08 21:17:40,551 BTPWorkerThread-5574 (_rx_task) root DEBUG iutctl_common.py          131   read                      : Received: hdr: Header(svc_id=0x25, op=0x86, ctrl_index=0x00, data_len=0x0a) bytearray(b'%\x86\x00\n\x00')
2026-10-08 21:17:40,551 BTPWorkerThread-5574 (_rx_task) root DEBUG iutctl_common.py          139   read                      : Read 10 bytes data
2026-10-08 21:17:40,552 BTPWorkerThread-5574 (_rx_task) root DEBUG iutctl_common.py          154   read                      : Received data: {'e0 4e e4 08 dc 1b 00 09 72 00'}, bytearray(b'\xe0N\xe4\x08\xdc\x1b\x00\tr\x00')
2026-10-08 21:17:40,552 BTPWorkerThread-5574 (_rx_task) root DEBUG btp.py                    736   event_handler             : Header(svc_id=37, op=134, ctrl_index=0, data_len=10) (b'\xe0N\xe4\x08\xdc\x1b\x00\tr\x00',)
2026-10-08 21:17:40,552 BTPWorkerThread-5574 (_rx_task) root DEBUG avrcp.py                  1033  avrcp_ev_pass_through_rsp : avrcp_ev_pass_through_rsp b'\xe0N\xe4\x08\xdc\x1b\x00\tr\x00'
2026-10-08 21:17:41,647 LT1-thread root DEBUG avrcp.py                  459   avrcp_pass_through        : avrcp_pass_through None 114 1 None
2026-10-08 21:17:41,647 LT1-thread root DEBUG iutctl_common.py          161   send                      : 37 8 0 "bytearray(b'\\xe0N\\xe4\\x08\\xdc\\x1b\\x00r\\x01\\x00')"
2026-10-08 21:17:41,647 LT1-thread root DEBUG iutctl_common.py          166   send                      : sending frame '2508000a00e04ee408dc1b00720100'
2026-10-08 21:17:41,648 LT1-thread root DEBUG avrcp.py                  145   avrcp_command_rsp_succ    : avrcp_command_rsp_succ
2026-10-08 21:17:41,648 LT1-thread root DEBUG iutctl_common.py          339   read                      : 
2026-10-08 21:17:41,681 BTPWorkerThread-5574 (_rx_task) root DEBUG iutctl_common.py          123   read                      : Read 5 bytes
2026-10-08 21:17:41,686 BTPWorkerThread-5574 (_rx_task) root DEBUG iutctl_common.py          131   read                      : Received: hdr: Header(svc_id=0x25, op=0x08, ctrl_index=0x00, data_len=0x00) bytearray(b'%\x08\x00\x00\x00')
2026-10-08 21:17:41,686 BTPWorkerThread-5574 (_rx_task) root DEBUG iutctl_common.py          154   read                      : Received data: {''}, bytearray(b'')
2026-10-08 21:17:41,686 LT1-thread root DEBUG avrcp.py                  150   avrcp_command_rsp_succ    : received Header(svc_id=37, op=8, ctrl_index=0, data_len=0) (b'',)
2026-10-08 21:17:41,783 BTPWorkerThread-5574 (_rx_task) root DEBUG iutctl_common.py          123   read                      : Read 5 bytes
2026-10-08 21:17:41,783 BTPWorkerThread-5574 (_rx_task) root DEBUG iutctl_common.py          131   read                      : Received: hdr: Header(svc_id=0x25, op=0x86, ctrl_index=0x00, data_len=0x0a) bytearray(b'%\x86\x00\n\x00')
2026-10-08 21:17:41,783 BTPWorkerThread-5574 (_rx_task) root DEBUG iutctl_common.py          139   read                      : Read 10 bytes data
2026-10-08 21:17:41,783 BTPWorkerThread-5574 (_rx_task) root DEBUG iutctl_common.py          154   read                      : Received data: {'e0 4e e4 08 dc 1b 00 09 f2 00'}, bytearray(b'\xe0N\xe4\x08\xdc\x1b\x00\t\xf2\x00')
2026-10-08 21:17:41,783 BTPWorkerThread-5574 (_rx_task) root DEBUG btp.py                    736   event_handler             : Header(svc_id=37, op=134, ctrl_index=0, data_len=10) (b'\xe0N\xe4\x08\xdc\x1b\x00\t\xf2\x00',)
2026-10-08 21:17:41,783 BTPWorkerThread-5574 (_rx_task) root DEBUG avrcp.py                  1033  avrcp_ev_pass_through_rsp : avrcp_ev_pass_through_rsp b'\xe0N\xe4\x08\xdc\x1b\x00\t\xf2\x00'
2026-10-08 21:17:41,788 LT1-thread root DEBUG testcase.py               722   run_wid                   : Sending response 'OK' to wid 852 test case AVRCP/CT/PTT/BV-04-C
2026-10-08 21:17:41,789 LT1-thread root DEBUG client.py                 276   get_result                : ClientCallback.get_result run_test_case
2026-10-08 21:17:41,791 LT1-callback ClientCallback.on_implicit_send INFO client.py                 223   on_implicit_send          : 
    ********************
    BEGIN OnImplicitSend:
    project_name: AVRCP
    wid: 853
    test_case_name: AVRCP/CT/PTT/BV-04-C
    description: Send a [F3] passthrough press and release to PTS.

Action: Press the corresponding button on the IUT.

Description: Verify that the Implementation Under Test (IUT) is capable of sending a passthrough press, followed by a passthrough release.
    style: MMI_Style_Ok_Cancel1 0x11041
2026-10-08 21:17:41,791 LT1-callback ClientCallback.on_implicit_send INFO client.py                 236   on_implicit_send          : Calling test cases on_implicit_send
2026-10-08 21:17:41,791 LT1-callback ClientCallback.on_implicit_send INFO client.py                 249   on_implicit_send          : 
    on_implicit_send returned response: WAIT
    END OnImplicitSend
    ********************
2026-10-08 21:17:42,791 LT1-thread root DEBUG testcase.py               679   run_wid                   : AVRCP AVRCP/CT/PTT/BV-04-C on_implicit_send
2026-10-08 21:17:42,791 LT1-thread root DEBUG avrcp_wid.py              25    avrcp_wid_hdl             : avrcp_wid_hdl, 853, Send a [F3] passthrough press and release to PTS.

Action: Press the corresponding button on the IUT.

Description: Verify that the Implementation Under Test (IUT) is capable of sending a passthrough press, followed by a passthrough release., AVRCP/CT/PTT/BV-04-C
2026-10-08 21:17:42,791 LT1-thread root DEBUG avrcp.py                  459   avrcp_pass_through        : avrcp_pass_through None 115 0 None
2026-10-08 21:17:42,791 LT1-thread root DEBUG iutctl_common.py          161   send                      : 37 8 0 "bytearray(b'\\xe0N\\xe4\\x08\\xdc\\x1b\\x00s\\x00\\x00')"
2026-10-08 21:17:42,791 LT1-thread root DEBUG iutctl_common.py          166   send                      : sending frame '2508000a00e04ee408dc1b00730000'
2026-10-08 21:17:42,791 LT1-thread root DEBUG avrcp.py                  145   avrcp_command_rsp_succ    : avrcp_command_rsp_succ
2026-10-08 21:17:42,792 LT1-thread root DEBUG iutctl_common.py          339   read                      : 
2026-10-08 21:17:42,820 BTPWorkerThread-5574 (_rx_task) root DEBUG iutctl_common.py          123   read                      : Read 5 bytes
2026-10-08 21:17:42,820 BTPWorkerThread-5574 (_rx_task) root DEBUG iutctl_common.py          131   read                      : Received: hdr: Header(svc_id=0x25, op=0x08, ctrl_index=0x00, data_len=0x00) bytearray(b'%\x08\x00\x00\x00')
2026-10-08 21:17:42,825 BTPWorkerThread-5574 (_rx_task) root DEBUG iutctl_common.py          154   read                      : Received data: {''}, bytearray(b'')
2026-10-08 21:17:42,825 LT1-thread root DEBUG avrcp.py                  150   avrcp_command_rsp_succ    : received Header(svc_id=37, op=8, ctrl_index=0, data_len=0) (b'',)
2026-10-08 21:17:42,930 BTPWorkerThread-5574 (_rx_task) root DEBUG iutctl_common.py          123   read                      : Read 5 bytes
2026-10-08 21:17:42,930 BTPWorkerThread-5574 (_rx_task) root DEBUG iutctl_common.py          131   read                      : Received: hdr: Header(svc_id=0x25, op=0x86, ctrl_index=0x00, data_len=0x0a) bytearray(b'%\x86\x00\n\x00')
2026-10-08 21:17:42,930 BTPWorkerThread-5574 (_rx_task) root DEBUG iutctl_common.py          139   read                      : Read 10 bytes data
2026-10-08 21:17:42,930 BTPWorkerThread-5574 (_rx_task) root DEBUG iutctl_common.py          154   read                      : Received data: {'e0 4e e4 08 dc 1b 00 09 73 00'}, bytearray(b'\xe0N\xe4\x08\xdc\x1b\x00\ts\x00')
2026-10-08 21:17:42,930 BTPWorkerThread-5574 (_rx_task) root DEBUG btp.py                    736   event_handler             : Header(svc_id=37, op=134, ctrl_index=0, data_len=10) (b'\xe0N\xe4\x08\xdc\x1b\x00\ts\x00',)
2026-10-08 21:17:42,930 BTPWorkerThread-5574 (_rx_task) root DEBUG avrcp.py                  1033  avrcp_ev_pass_through_rsp : avrcp_ev_pass_through_rsp b'\xe0N\xe4\x08\xdc\x1b\x00\ts\x00'
2026-10-08 21:17:44,027 LT1-thread root DEBUG avrcp.py                  459   avrcp_pass_through        : avrcp_pass_through None 115 1 None
2026-10-08 21:17:44,027 LT1-thread root DEBUG iutctl_common.py          161   send                      : 37 8 0 "bytearray(b'\\xe0N\\xe4\\x08\\xdc\\x1b\\x00s\\x01\\x00')"
2026-10-08 21:17:44,027 LT1-thread root DEBUG iutctl_common.py          166   send                      : sending frame '2508000a00e04ee408dc1b00730100'
2026-10-08 21:17:44,028 LT1-thread root DEBUG avrcp.py                  145   avrcp_command_rsp_succ    : avrcp_command_rsp_succ
2026-10-08 21:17:44,028 LT1-thread root DEBUG iutctl_common.py          339   read                      : 
2026-10-08 21:17:44,069 BTPWorkerThread-5574 (_rx_task) root DEBUG iutctl_common.py          123   read                      : Read 5 bytes
2026-10-08 21:17:44,075 BTPWorkerThread-5574 (_rx_task) root DEBUG iutctl_common.py          131   read                      : Received: hdr: Header(svc_id=0x25, op=0x08, ctrl_index=0x00, data_len=0x00) bytearray(b'%\x08\x00\x00\x00')
2026-10-08 21:17:44,081 BTPWorkerThread-5574 (_rx_task) root DEBUG iutctl_common.py          154   read                      : Received data: {''}, bytearray(b'')
2026-10-08 21:17:44,081 LT1-thread root DEBUG avrcp.py                  150   avrcp_command_rsp_succ    : received Header(svc_id=37, op=8, ctrl_index=0, data_len=0) (b'',)
2026-10-08 21:17:44,167 BTPWorkerThread-5574 (_rx_task) root DEBUG iutctl_common.py          123   read                      : Read 5 bytes
2026-10-08 21:17:44,167 BTPWorkerThread-5574 (_rx_task) root DEBUG iutctl_common.py          131   read                      : Received: hdr: Header(svc_id=0x25, op=0x86, ctrl_index=0x00, data_len=0x0a) bytearray(b'%\x86\x00\n\x00')
2026-10-08 21:17:44,167 BTPWorkerThread-5574 (_rx_task) root DEBUG iutctl_common.py          139   read                      : Read 10 bytes data
2026-10-08 21:17:44,168 BTPWorkerThread-5574 (_rx_task) root DEBUG iutctl_common.py          154   read                      : Received data: {'e0 4e e4 08 dc 1b 00 09 f3 00'}, bytearray(b'\xe0N\xe4\x08\xdc\x1b\x00\t\xf3\x00')
2026-10-08 21:17:44,168 BTPWorkerThread-5574 (_rx_task) root DEBUG btp.py                    736   event_handler             : Header(svc_id=37, op=134, ctrl_index=0, data_len=10) (b'\xe0N\xe4\x08\xdc\x1b\x00\t\xf3\x00',)
2026-10-08 21:17:44,168 BTPWorkerThread-5574 (_rx_task) root DEBUG avrcp.py                  1033  avrcp_ev_pass_through_rsp : avrcp_ev_pass_through_rsp b'\xe0N\xe4\x08\xdc\x1b\x00\t\xf3\x00'
2026-10-08 21:17:44,182 LT1-thread root DEBUG testcase.py               722   run_wid                   : Sending response 'OK' to wid 853 test case AVRCP/CT/PTT/BV-04-C
2026-10-08 21:17:44,184 LT1-thread root DEBUG client.py                 276   get_result                : ClientCallback.get_result run_test_case
2026-10-08 21:17:44,186 LT1-callback ClientCallback.on_implicit_send INFO client.py                 223   on_implicit_send          : 
    ********************
    BEGIN OnImplicitSend:
    project_name: AVRCP
    wid: 854
    test_case_name: AVRCP/CT/PTT/BV-04-C
    description: Send a [F4] passthrough press and release to PTS.

Action: Press the corresponding button on the IUT.

Description: Verify that the Implementation Under Test (IUT) is capable of sending a passthrough press, followed by a passthrough release.
    style: MMI_Style_Ok_Cancel1 0x11041
2026-10-08 21:17:44,186 LT1-callback ClientCallback.on_implicit_send INFO client.py                 236   on_implicit_send          : Calling test cases on_implicit_send
2026-10-08 21:17:44,186 LT1-callback ClientCallback.on_implicit_send INFO client.py                 249   on_implicit_send          : 
    on_implicit_send returned response: WAIT
    END OnImplicitSend
    ********************
2026-10-08 21:17:45,185 LT1-thread root DEBUG testcase.py               679   run_wid                   : AVRCP AVRCP/CT/PTT/BV-04-C on_implicit_send
2026-10-08 21:17:45,185 LT1-thread root DEBUG avrcp_wid.py              25    avrcp_wid_hdl             : avrcp_wid_hdl, 854, Send a [F4] passthrough press and release to PTS.

Action: Press the corresponding button on the IUT.

Description: Verify that the Implementation Under Test (IUT) is capable of sending a passthrough press, followed by a passthrough release., AVRCP/CT/PTT/BV-04-C
2026-10-08 21:17:45,185 LT1-thread root DEBUG avrcp.py                  459   avrcp_pass_through        : avrcp_pass_through None 116 0 None
2026-10-08 21:17:45,185 LT1-thread root DEBUG iutctl_common.py          161   send                      : 37 8 0 "bytearray(b'\\xe0N\\xe4\\x08\\xdc\\x1b\\x00t\\x00\\x00')"
2026-10-08 21:17:45,185 LT1-thread root DEBUG iutctl_common.py          166   send                      : sending frame '2508000a00e04ee408dc1b00740000'
2026-10-08 21:17:45,186 LT1-thread root DEBUG avrcp.py                  145   avrcp_command_rsp_succ    : avrcp_command_rsp_succ
2026-10-08 21:17:45,186 LT1-thread root DEBUG iutctl_common.py          339   read                      : 
2026-10-08 21:17:45,216 BTPWorkerThread-5574 (_rx_task) root DEBUG iutctl_common.py          123   read                      : Read 5 bytes
2026-10-08 21:17:45,227 BTPWorkerThread-5574 (_rx_task) root DEBUG iutctl_common.py          131   read                      : Received: hdr: Header(svc_id=0x25, op=0x08, ctrl_index=0x00, data_len=0x00) bytearray(b'%\x08\x00\x00\x00')
2026-10-08 21:17:45,238 BTPWorkerThread-5574 (_rx_task) root DEBUG iutctl_common.py          154   read                      : Received data: {''}, bytearray(b'')
2026-10-08 21:17:45,249 LT1-thread root DEBUG avrcp.py                  150   avrcp_command_rsp_succ    : received Header(svc_id=37, op=8, ctrl_index=0, data_len=0) (b'',)
2026-10-08 21:17:45,328 BTPWorkerThread-5574 (_rx_task) root DEBUG iutctl_common.py          123   read                      : Read 5 bytes
2026-10-08 21:17:45,328 BTPWorkerThread-5574 (_rx_task) root DEBUG iutctl_common.py          131   read                      : Received: hdr: Header(svc_id=0x25, op=0x86, ctrl_index=0x00, data_len=0x0a) bytearray(b'%\x86\x00\n\x00')
2026-10-08 21:17:45,328 BTPWorkerThread-5574 (_rx_task) root DEBUG iutctl_common.py          139   read                      : Read 10 bytes data
2026-10-08 21:17:45,329 BTPWorkerThread-5574 (_rx_task) root DEBUG iutctl_common.py          154   read                      : Received data: {'e0 4e e4 08 dc 1b 00 09 74 00'}, bytearray(b'\xe0N\xe4\x08\xdc\x1b\x00\tt\x00')
2026-10-08 21:17:45,329 BTPWorkerThread-5574 (_rx_task) root DEBUG btp.py                    736   event_handler             : Header(svc_id=37, op=134, ctrl_index=0, data_len=10) (b'\xe0N\xe4\x08\xdc\x1b\x00\tt\x00',)
2026-10-08 21:17:45,329 BTPWorkerThread-5574 (_rx_task) root DEBUG avrcp.py                  1033  avrcp_ev_pass_through_rsp : avrcp_ev_pass_through_rsp b'\xe0N\xe4\x08\xdc\x1b\x00\tt\x00'
2026-10-08 21:17:46,351 LT1-thread root DEBUG avrcp.py                  459   avrcp_pass_through        : avrcp_pass_through None 116 1 None
2026-10-08 21:17:46,351 LT1-thread root DEBUG iutctl_common.py          161   send                      : 37 8 0 "bytearray(b'\\xe0N\\xe4\\x08\\xdc\\x1b\\x00t\\x01\\x00')"
2026-10-08 21:17:46,351 LT1-thread root DEBUG iutctl_common.py          166   send                      : sending frame '2508000a00e04ee408dc1b00740100'
2026-10-08 21:17:46,351 LT1-thread root DEBUG avrcp.py                  145   avrcp_command_rsp_succ    : avrcp_command_rsp_succ
2026-10-08 21:17:46,352 LT1-thread root DEBUG iutctl_common.py          339   read                      : 
2026-10-08 21:17:46,387 BTPWorkerThread-5574 (_rx_task) root DEBUG iutctl_common.py          123   read                      : Read 5 bytes
2026-10-08 21:17:46,397 BTPWorkerThread-5574 (_rx_task) root DEBUG iutctl_common.py          131   read                      : Received: hdr: Header(svc_id=0x25, op=0x08, ctrl_index=0x00, data_len=0x00) bytearray(b'%\x08\x00\x00\x00')
2026-10-08 21:17:46,403 BTPWorkerThread-5574 (_rx_task) root DEBUG iutctl_common.py          154   read                      : Received data: {''}, bytearray(b'')
2026-10-08 21:17:46,403 LT1-thread root DEBUG avrcp.py                  150   avrcp_command_rsp_succ    : received Header(svc_id=37, op=8, ctrl_index=0, data_len=0) (b'',)
2026-10-08 21:17:46,483 BTPWorkerThread-5574 (_rx_task) root DEBUG iutctl_common.py          123   read                      : Read 5 bytes
2026-10-08 21:17:46,483 BTPWorkerThread-5574 (_rx_task) root DEBUG iutctl_common.py          131   read                      : Received: hdr: Header(svc_id=0x25, op=0x86, ctrl_index=0x00, data_len=0x0a) bytearray(b'%\x86\x00\n\x00')
2026-10-08 21:17:46,483 BTPWorkerThread-5574 (_rx_task) root DEBUG iutctl_common.py          139   read                      : Read 10 bytes data
2026-10-08 21:17:46,484 BTPWorkerThread-5574 (_rx_task) root DEBUG iutctl_common.py          154   read                      : Received data: {'e0 4e e4 08 dc 1b 00 09 f4 00'}, bytearray(b'\xe0N\xe4\x08\xdc\x1b\x00\t\xf4\x00')
2026-10-08 21:17:46,484 BTPWorkerThread-5574 (_rx_task) root DEBUG btp.py                    736   event_handler             : Header(svc_id=37, op=134, ctrl_index=0, data_len=10) (b'\xe0N\xe4\x08\xdc\x1b\x00\t\xf4\x00',)
2026-10-08 21:17:46,484 BTPWorkerThread-5574 (_rx_task) root DEBUG avrcp.py                  1033  avrcp_ev_pass_through_rsp : avrcp_ev_pass_through_rsp b'\xe0N\xe4\x08\xdc\x1b\x00\t\xf4\x00'
2026-10-08 21:17:46,505 LT1-thread root DEBUG testcase.py               722   run_wid                   : Sending response 'OK' to wid 854 test case AVRCP/CT/PTT/BV-04-C
2026-10-08 21:17:46,506 LT1-thread root DEBUG client.py                 276   get_result                : ClientCallback.get_result run_test_case
2026-10-08 21:17:46,509 LT1-callback ClientCallback.on_implicit_send INFO client.py                 223   on_implicit_send          : 
    ********************
    BEGIN OnImplicitSend:
    project_name: AVRCP
    wid: 855
    test_case_name: AVRCP/CT/PTT/BV-04-C
    description: Send a [F5] passthrough press and release to PTS.

Action: Press the corresponding button on the IUT.

Description: Verify that the Implementation Under Test (IUT) is capable of sending a passthrough press, followed by a passthrough release.
    style: MMI_Style_Ok_Cancel1 0x11041
2026-10-08 21:17:46,509 LT1-callback ClientCallback.on_implicit_send INFO client.py                 236   on_implicit_send          : Calling test cases on_implicit_send
2026-10-08 21:17:46,509 LT1-callback ClientCallback.on_implicit_send INFO client.py                 249   on_implicit_send          : 
    on_implicit_send returned response: WAIT
    END OnImplicitSend
    ********************
2026-10-08 21:17:47,507 LT1-thread root DEBUG testcase.py               679   run_wid                   : AVRCP AVRCP/CT/PTT/BV-04-C on_implicit_send
2026-10-08 21:17:47,507 LT1-thread root DEBUG avrcp_wid.py              25    avrcp_wid_hdl             : avrcp_wid_hdl, 855, Send a [F5] passthrough press and release to PTS.

Action: Press the corresponding button on the IUT.

Description: Verify that the Implementation Under Test (IUT) is capable of sending a passthrough press, followed by a passthrough release., AVRCP/CT/PTT/BV-04-C
2026-10-08 21:17:47,507 LT1-thread root DEBUG avrcp.py                  459   avrcp_pass_through        : avrcp_pass_through None 117 0 None
2026-10-08 21:17:47,507 LT1-thread root DEBUG iutctl_common.py          161   send                      : 37 8 0 "bytearray(b'\\xe0N\\xe4\\x08\\xdc\\x1b\\x00u\\x00\\x00')"
2026-10-08 21:17:47,507 LT1-thread root DEBUG iutctl_common.py          166   send                      : sending frame '2508000a00e04ee408dc1b00750000'
2026-10-08 21:17:47,508 LT1-thread root DEBUG avrcp.py                  145   avrcp_command_rsp_succ    : avrcp_command_rsp_succ
2026-10-08 21:17:47,508 LT1-thread root DEBUG iutctl_common.py          339   read                      : 
2026-10-08 21:17:47,544 BTPWorkerThread-5574 (_rx_task) root DEBUG iutctl_common.py          123   read                      : Read 5 bytes
2026-10-08 21:17:47,556 BTPWorkerThread-5574 (_rx_task) root DEBUG iutctl_common.py          131   read                      : Received: hdr: Header(svc_id=0x25, op=0x08, ctrl_index=0x00, data_len=0x00) bytearray(b'%\x08\x00\x00\x00')
2026-10-08 21:17:47,562 BTPWorkerThread-5574 (_rx_task) root DEBUG iutctl_common.py          154   read                      : Received data: {''}, bytearray(b'')
2026-10-08 21:17:47,562 LT1-thread root DEBUG avrcp.py                  150   avrcp_command_rsp_succ    : received Header(svc_id=37, op=8, ctrl_index=0, data_len=0) (b'',)
2026-10-08 21:17:47,665 BTPWorkerThread-5574 (_rx_task) root DEBUG iutctl_common.py          123   read                      : Read 5 bytes
2026-10-08 21:17:47,665 BTPWorkerThread-5574 (_rx_task) root DEBUG iutctl_common.py          131   read                      : Received: hdr: Header(svc_id=0x25, op=0x86, ctrl_index=0x00, data_len=0x0a) bytearray(b'%\x86\x00\n\x00')
2026-10-08 21:17:47,665 BTPWorkerThread-5574 (_rx_task) root DEBUG iutctl_common.py          139   read                      : Read 10 bytes data
2026-10-08 21:17:47,666 BTPWorkerThread-5574 (_rx_task) root DEBUG iutctl_common.py          154   read                      : Received data: {'e0 4e e4 08 dc 1b 00 09 75 00'}, bytearray(b'\xe0N\xe4\x08\xdc\x1b\x00\tu\x00')
2026-10-08 21:17:47,666 BTPWorkerThread-5574 (_rx_task) root DEBUG btp.py                    736   event_handler             : Header(svc_id=37, op=134, ctrl_index=0, data_len=10) (b'\xe0N\xe4\x08\xdc\x1b\x00\tu\x00',)
2026-10-08 21:17:47,666 BTPWorkerThread-5574 (_rx_task) root DEBUG avrcp.py                  1033  avrcp_ev_pass_through_rsp : avrcp_ev_pass_through_rsp b'\xe0N\xe4\x08\xdc\x1b\x00\tu\x00'
2026-10-08 21:17:48,765 LT1-thread root DEBUG avrcp.py                  459   avrcp_pass_through        : avrcp_pass_through None 117 1 None
2026-10-08 21:17:48,765 LT1-thread root DEBUG iutctl_common.py          161   send                      : 37 8 0 "bytearray(b'\\xe0N\\xe4\\x08\\xdc\\x1b\\x00u\\x01\\x00')"
2026-10-08 21:17:48,765 LT1-thread root DEBUG iutctl_common.py          166   send                      : sending frame '2508000a00e04ee408dc1b00750100'
2026-10-08 21:17:48,765 LT1-thread root DEBUG avrcp.py                  145   avrcp_command_rsp_succ    : avrcp_command_rsp_succ
2026-10-08 21:17:48,765 LT1-thread root DEBUG iutctl_common.py          339   read                      : 
2026-10-08 21:17:48,801 BTPWorkerThread-5574 (_rx_task) root DEBUG iutctl_common.py          123   read                      : Read 5 bytes
2026-10-08 21:17:48,806 BTPWorkerThread-5574 (_rx_task) root DEBUG iutctl_common.py          131   read                      : Received: hdr: Header(svc_id=0x25, op=0x08, ctrl_index=0x00, data_len=0x00) bytearray(b'%\x08\x00\x00\x00')
2026-10-08 21:17:48,806 BTPWorkerThread-5574 (_rx_task) root DEBUG iutctl_common.py          154   read                      : Received data: {''}, bytearray(b'')
2026-10-08 21:17:48,806 LT1-thread root DEBUG avrcp.py                  150   avrcp_command_rsp_succ    : received Header(svc_id=37, op=8, ctrl_index=0, data_len=0) (b'',)
2026-10-08 21:17:48,902 BTPWorkerThread-5574 (_rx_task) root DEBUG iutctl_common.py          123   read                      : Read 5 bytes
2026-10-08 21:17:48,902 BTPWorkerThread-5574 (_rx_task) root DEBUG iutctl_common.py          131   read                      : Received: hdr: Header(svc_id=0x25, op=0x86, ctrl_index=0x00, data_len=0x0a) bytearray(b'%\x86\x00\n\x00')
2026-10-08 21:17:48,903 BTPWorkerThread-5574 (_rx_task) root DEBUG iutctl_common.py          139   read                      : Read 10 bytes data
2026-10-08 21:17:48,903 BTPWorkerThread-5574 (_rx_task) root DEBUG iutctl_common.py          154   read                      : Received data: {'e0 4e e4 08 dc 1b 00 09 f5 00'}, bytearray(b'\xe0N\xe4\x08\xdc\x1b\x00\t\xf5\x00')
2026-10-08 21:17:48,903 BTPWorkerThread-5574 (_rx_task) root DEBUG btp.py                    736   event_handler             : Header(svc_id=37, op=134, ctrl_index=0, data_len=10) (b'\xe0N\xe4\x08\xdc\x1b\x00\t\xf5\x00',)
2026-10-08 21:17:48,903 BTPWorkerThread-5574 (_rx_task) root DEBUG avrcp.py                  1033  avrcp_ev_pass_through_rsp : avrcp_ev_pass_through_rsp b'\xe0N\xe4\x08\xdc\x1b\x00\t\xf5\x00'
2026-10-08 21:17:48,908 LT1-thread root DEBUG testcase.py               722   run_wid                   : Sending response 'OK' to wid 855 test case AVRCP/CT/PTT/BV-04-C
2026-10-08 21:17:48,910 LT1-thread root DEBUG client.py                 276   get_result                : ClientCallback.get_result run_test_case
2026-10-08 21:17:48,912 LT1-callback ClientCallback.on_implicit_send INFO client.py                 223   on_implicit_send          : 
    ********************
    BEGIN OnImplicitSend:
    project_name: AVRCP
    wid: 856
    test_case_name: AVRCP/CT/PTT/BV-04-C
    description: Send a [VEMDPR UNIQUE] passthrough press and release to PTS.

Action: Press the corresponding button on the IUT.

Description: Verify that the Implementation Under Test (IUT) is capable of sending a passthrough press, followed by a passthrough release.
    style: MMI_Style_Ok_Cancel1 0x11041
2026-10-08 21:17:48,912 LT1-callback ClientCallback.on_implicit_send INFO client.py                 236   on_implicit_send          : Calling test cases on_implicit_send
2026-10-08 21:17:48,912 LT1-callback ClientCallback.on_implicit_send INFO client.py                 249   on_implicit_send          : 
    on_implicit_send returned response: WAIT
    END OnImplicitSend
    ********************
2026-10-08 21:17:49,910 LT1-thread root DEBUG testcase.py               679   run_wid                   : AVRCP AVRCP/CT/PTT/BV-04-C on_implicit_send
2026-10-08 21:17:49,910 LT1-thread root DEBUG avrcp_wid.py              25    avrcp_wid_hdl             : avrcp_wid_hdl, 856, Send a [VEMDPR UNIQUE] passthrough press and release to PTS.

Action: Press the corresponding button on the IUT.

Description: Verify that the Implementation Under Test (IUT) is capable of sending a passthrough press, followed by a passthrough release., AVRCP/CT/PTT/BV-04-C
2026-10-08 21:17:49,910 LT1-thread root DEBUG avrcp.py                  459   avrcp_pass_through        : avrcp_pass_through None 126 0 bytearray(b'\x00\x19X\x00\x00')
2026-10-08 21:17:49,910 LT1-thread root DEBUG iutctl_common.py          161   send                      : 37 8 0 "bytearray(b'\\xe0N\\xe4\\x08\\xdc\\x1b\\x00~\\x00\\x05\\x00\\x19X\\x00\\x00')"
2026-10-08 21:17:49,910 LT1-thread root DEBUG iutctl_common.py          166   send                      : sending frame '2508000f00e04ee408dc1b007e00050019580000'
2026-10-08 21:17:49,911 LT1-thread root DEBUG avrcp.py                  145   avrcp_command_rsp_succ    : avrcp_command_rsp_succ
2026-10-08 21:17:49,911 LT1-thread root DEBUG iutctl_common.py          339   read                      : 
2026-10-08 21:17:49,947 BTPWorkerThread-5574 (_rx_task) root DEBUG iutctl_common.py          123   read                      : Read 5 bytes
2026-10-08 21:17:49,953 BTPWorkerThread-5574 (_rx_task) root DEBUG iutctl_common.py          131   read                      : Received: hdr: Header(svc_id=0x25, op=0x08, ctrl_index=0x00, data_len=0x00) bytearray(b'%\x08\x00\x00\x00')
2026-10-08 21:17:49,959 BTPWorkerThread-5574 (_rx_task) root DEBUG iutctl_common.py          154   read                      : Received data: {''}, bytearray(b'')
2026-10-08 21:17:49,965 LT1-thread root DEBUG avrcp.py                  150   avrcp_command_rsp_succ    : received Header(svc_id=37, op=8, ctrl_index=0, data_len=0) (b'',)
2026-10-08 21:17:50,069 BTPWorkerThread-5574 (_rx_task) root DEBUG iutctl_common.py          123   read                      : Read 5 bytes
2026-10-08 21:17:50,069 BTPWorkerThread-5574 (_rx_task) root DEBUG iutctl_common.py          131   read                      : Received: hdr: Header(svc_id=0x25, op=0x86, ctrl_index=0x00, data_len=0x0f) bytearray(b'%\x86\x00\x0f\x00')
2026-10-08 21:17:50,069 BTPWorkerThread-5574 (_rx_task) root DEBUG iutctl_common.py          139   read                      : Read 15 bytes data
2026-10-08 21:17:50,070 BTPWorkerThread-5574 (_rx_task) root DEBUG iutctl_common.py          154   read                      : Received data: {'e0 4e e4 08 dc 1b 00 09 7e 05 00 19 58 00 00'}, bytearray(b'\xe0N\xe4\x08\xdc\x1b\x00\t~\x05\x00\x19X\x00\x00')
2026-10-08 21:17:50,070 BTPWorkerThread-5574 (_rx_task) root DEBUG btp.py                    736   event_handler             : Header(svc_id=37, op=134, ctrl_index=0, data_len=15) (b'\xe0N\xe4\x08\xdc\x1b\x00\t~\x05\x00\x19X\x00\x00',)
2026-10-08 21:17:50,070 BTPWorkerThread-5574 (_rx_task) root DEBUG avrcp.py                  1033  avrcp_ev_pass_through_rsp : avrcp_ev_pass_through_rsp b'\xe0N\xe4\x08\xdc\x1b\x00\t~\x05\x00\x19X\x00\x00'
2026-10-08 21:17:51,167 LT1-thread root DEBUG avrcp.py                  459   avrcp_pass_through        : avrcp_pass_through None 126 1 bytearray(b'\x00\x19X\x00\x00')
2026-10-08 21:17:51,167 LT1-thread root DEBUG iutctl_common.py          161   send                      : 37 8 0 "bytearray(b'\\xe0N\\xe4\\x08\\xdc\\x1b\\x00~\\x01\\x05\\x00\\x19X\\x00\\x00')"
2026-10-08 21:17:51,167 LT1-thread root DEBUG iutctl_common.py          166   send                      : sending frame '2508000f00e04ee408dc1b007e01050019580000'
2026-10-08 21:17:51,167 LT1-thread root DEBUG avrcp.py                  145   avrcp_command_rsp_succ    : avrcp_command_rsp_succ
2026-10-08 21:17:51,167 LT1-thread root DEBUG iutctl_common.py          339   read                      : 
2026-10-08 21:17:51,196 BTPWorkerThread-5574 (_rx_task) root DEBUG iutctl_common.py          123   read                      : Read 5 bytes
2026-10-08 21:17:51,201 BTPWorkerThread-5574 (_rx_task) root DEBUG iutctl_common.py          131   read                      : Received: hdr: Header(svc_id=0x25, op=0x08, ctrl_index=0x00, data_len=0x00) bytearray(b'%\x08\x00\x00\x00')
2026-10-08 21:17:51,206 BTPWorkerThread-5574 (_rx_task) root DEBUG iutctl_common.py          154   read                      : Received data: {''}, bytearray(b'')
2026-10-08 21:17:51,206 LT1-thread root DEBUG avrcp.py                  150   avrcp_command_rsp_succ    : received Header(svc_id=37, op=8, ctrl_index=0, data_len=0) (b'',)
2026-10-08 21:17:51,309 BTPWorkerThread-5574 (_rx_task) root DEBUG iutctl_common.py          123   read                      : Read 5 bytes
2026-10-08 21:17:51,309 BTPWorkerThread-5574 (_rx_task) root DEBUG iutctl_common.py          131   read                      : Received: hdr: Header(svc_id=0x25, op=0x86, ctrl_index=0x00, data_len=0x0f) bytearray(b'%\x86\x00\x0f\x00')
2026-10-08 21:17:51,309 BTPWorkerThread-5574 (_rx_task) root DEBUG iutctl_common.py          139   read                      : Read 15 bytes data
2026-10-08 21:17:51,310 BTPWorkerThread-5574 (_rx_task) root DEBUG iutctl_common.py          154   read                      : Received data: {'e0 4e e4 08 dc 1b 00 09 fe 05 00 19 58 00 00'}, bytearray(b'\xe0N\xe4\x08\xdc\x1b\x00\t\xfe\x05\x00\x19X\x00\x00')
2026-10-08 21:17:51,310 BTPWorkerThread-5574 (_rx_task) root DEBUG btp.py                    736   event_handler             : Header(svc_id=37, op=134, ctrl_index=0, data_len=15) (b'\xe0N\xe4\x08\xdc\x1b\x00\t\xfe\x05\x00\x19X\x00\x00',)
2026-10-08 21:17:51,310 BTPWorkerThread-5574 (_rx_task) root DEBUG avrcp.py                  1033  avrcp_ev_pass_through_rsp : avrcp_ev_pass_through_rsp b'\xe0N\xe4\x08\xdc\x1b\x00\t\xfe\x05\x00\x19X\x00\x00'
2026-10-08 21:17:51,409 LT1-thread root DEBUG testcase.py               722   run_wid                   : Sending response 'OK' to wid 856 test case AVRCP/CT/PTT/BV-04-C
2026-10-08 21:17:51,410 LT1-thread root DEBUG client.py                 276   get_result                : ClientCallback.get_result run_test_case
2026-10-08 21:17:52,307 BTPWorkerThread-5574 (_rx_task) root DEBUG iutctl_common.py          123   read                      : Read 5 bytes
2026-10-08 21:17:52,307 BTPWorkerThread-5574 (_rx_task) root DEBUG iutctl_common.py          131   read                      : Received: hdr: Header(svc_id=0x25, op=0x81, ctrl_index=0x00, data_len=0x07) bytearray(b'%\x81\x00\x07\x00')
2026-10-08 21:17:52,307 BTPWorkerThread-5574 (_rx_task) root DEBUG iutctl_common.py          139   read                      : Read 7 bytes data
2026-10-08 21:17:52,308 BTPWorkerThread-5574 (_rx_task) root DEBUG iutctl_common.py          154   read                      : Received data: {'e0 4e e4 08 dc 1b 00'}, bytearray(b'\xe0N\xe4\x08\xdc\x1b\x00')
2026-10-08 21:17:52,308 BTPWorkerThread-5574 (_rx_task) root DEBUG btp.py                    736   event_handler             : Header(svc_id=37, op=129, ctrl_index=0, data_len=7) (b'\xe0N\xe4\x08\xdc\x1b\x00',)
2026-10-08 21:17:52,308 BTPWorkerThread-5574 (_rx_task) root DEBUG avrcp.py                  1000  avrcp_ev_control_disconnected : avrcp_ev_control_disconnected b'\xe0N\xe4\x08\xdc\x1b\x00'
2026-10-08 21:17:52,308 BTPWorkerThread-5574 (_rx_task) root DEBUG iutctl_common.py          123   read                      : Read 5 bytes
2026-10-08 21:17:52,308 BTPWorkerThread-5574 (_rx_task) root DEBUG iutctl_common.py          131   read                      : Received: hdr: Header(svc_id=0x25, op=0x81, ctrl_index=0x00, data_len=0x07) bytearray(b'%\x81\x00\x07\x00')
2026-10-08 21:17:52,308 BTPWorkerThread-5574 (_rx_task) root DEBUG iutctl_common.py          139   read                      : Read 7 bytes data
2026-10-08 21:17:52,309 BTPWorkerThread-5574 (_rx_task) root DEBUG iutctl_common.py          154   read                      : Received data: {'e0 12 d8 1b 60 a1 76'}, bytearray(b'\xe0\x12\xd8\x1b`\xa1v')
2026-10-08 21:17:52,309 BTPWorkerThread-5574 (_rx_task) root DEBUG btp.py                    736   event_handler             : Header(svc_id=37, op=129, ctrl_index=0, data_len=7) (b'\xe0\x12\xd8\x1b`\xa1v',)
2026-10-08 21:17:52,309 BTPWorkerThread-5574 (_rx_task) root DEBUG avrcp.py                  1000  avrcp_ev_control_disconnected : avrcp_ev_control_disconnected b'\xe0\x12\xd8\x1b`\xa1v'
2026-10-08 21:17:52,309 BTPWorkerThread-5574 (_rx_task) root ERROR avrcp.py                  84    remove_connection         : unknown AVRCP connection
2026-10-08 21:17:55,016 LT1-callback ClientCallback.log INFO client.py                 200   log                       : PTS_LOGTYPE_START_TEST Start Test Case 

+141 ms
 AVRCP/CT/PTT/BV-04-C AVRCP/CT/PTT/BV-04-C

2026-10-08 21:17:56,447 LT1-callback ClientCallback.log INFO client.py                 200   log                       : PTS_LOGTYPE_FINAL_VERDICT Final Verdict 

+104094 ms
 AVRCP/CT/PTT/BV-04-C PASS

2026-10-08 21:17:56,451 LT1-callback ClientCallback.log INFO client.py                 200   log                       : PTS_LOGTYPE_FINAL_VERDICT Encrypted Verdict 

+104094 ms
 AVRCP/CT/PTT/BV-04-C A1#ZWY4MzQ5MDg3MmQwNTIxOGQzMzQ5YjY2ODA5M2MzNjQ5ZDY4NmY0Yjc2MzIzM2VkNTUyNTFhNGU4Mjg1MjI0NA==#PhTZdfeT3XiqItViGKiJ6p5VAYH5zNHfHuDjNurEt2N70hlgMNiqbEdlyuY+cF1l

2026-10-08 21:17:56,455 LT1-callback ClientCallback.log INFO client.py                 200   log                       : PTS_LOGTYPE_END_TEST Test Case Ended 

+104094 ms
 AVRCP/CT/PTT/BV-04-C AVRCP/CT/PTT/BV-04-C

2026-10-08 21:17:56,588 LT1-callback root DEBUG client.py                 261   set_result                : ClientCallback, set_result, run_test_case, PASS
2026-10-08 21:17:56,588 LT1-thread root DEBUG client.py                 1186  _run_test_case            : After run_test_case error_code=0 status='PASS'
2026-10-08 21:17:56,589 LT1-thread root DEBUG testcase.py               766   post_run                  : post_run AVRCP AVRCP/CT/PTT/BV-04-C 0
2026-10-08 21:17:56,589 LT1-thread root DEBUG testcase.py               254   start                     : Starting test function: class=<class 'autopts.ptsprojects.testcase.TestFuncCleanUp'>, func=<bound method ZTestCase._test_case_cleanup of <autopts.ptsprojects.zephyr.ztestcase.ZTestCase object at 0x000002C687D626C0>> start_wid=None stop_wid=None post_wid=None skip_call=None call_count=1 args=() kwds={}
2026-10-08 21:17:56,589 LT1-thread root DEBUG testcase.py               266   start                     : Test function parameters: args=(), kwds={}
2026-10-08 21:17:56,589 LT1-thread root DEBUG iutctl.py                 415   stop                      : <class 'autopts.ptsprojects.zephyr.iutctl.create_zephyr_ctl_class.<locals>.ZephyrCtl'>.stop
2026-10-08 21:17:56,589 LT1-thread root DEBUG __init__.py               51    reset                     : About to reset DUT: JLink -CommandFile reset.jlink -usb 1063214216 -device MIMXRT1176XXXA_M7
2026-10-08 21:17:56,887 BTPWorkerThread-5574 (_rx_task) root DEBUG iutctl_common.py          123   read                      : Read 5 bytes
2026-10-08 21:17:56,887 BTPWorkerThread-5574 (_rx_task) root DEBUG iutctl_common.py          131   read                      : Received: hdr: Header(svc_id=0x00, op=0x80, ctrl_index=0xff, data_len=0x00) bytearray(b'\x00\x80\xff\x00\x00')
2026-10-08 21:17:56,887 BTPWorkerThread-5574 (_rx_task) root DEBUG iutctl_common.py          154   read                      : Received data: {''}, bytearray(b'')
2026-10-08 21:17:56,888 BTPWorkerThread-5574 (_rx_task) root DEBUG btp.py                    736   event_handler             : Header(svc_id=0, op=128, ctrl_index=255, data_len=0) (b'',)
2026-10-08 21:17:56,888 BTPWorkerThread-5574 (_rx_task) root DEBUG core.py                   23    core_iut_ready_ev         : 
2026-10-08 21:17:56,947 LT1-thread root DEBUG iutctl.py                 436   _stop_tty_mode            : IUT ready event received OK
2026-10-08 21:17:56,947 LT1-thread root DEBUG iutctl_common.py          416   close                     : Waiting for _rx_worker to finish ...
2026-10-08 21:17:57,889 BTPWorkerThread-5574 (_rx_task) root DEBUG iutctl_common.py          332   _rx_task                  : BTPWorkerThread-5574 (_rx_task) finishing...
2026-10-08 21:18:00,895 LT1-thread root DEBUG testcase.py               794   post_run                  : post_run, cleanup running post test case script
2026-10-08 21:18:00,895 LT1-thread root DEBUG testcase.py               802   post_run                  : post_run, run post test case script
2026-10-08 21:18:00,977 LT1-thread root DEBUG client.py                 1220  _run_test_case            : Done TestCase _run_test_case AVRCP AVRCP/CT/PTT/BV-04-C
